"#","ML #","PID","Status","Address Line","Zip","County/City","Type","Sales Date","List Price","Sales Price","Days On Market","New/Resale","Year Built","Subdivision","SqFtTotal","Acres","# Bedrooms","Total Baths","Water","Sewer","Sold Terms","Owned By"
"1","2116697","738-749-3022","CLOSD","1802 Timbermead Road, Henrico VA 23238","23238","Henrico","Single Family Residence","07/30/2021","$479,000","$479,000","26","Resale (occupied at least once)","1983","Oak Ridge","2,898","0.40","4","2.1","Public Water","Sewer - Public","Conventional","Individuals"
"1","2102104","810-731-0396","CLOSD","3821 Purple Haze Court, Henrico VA 23223","23223","Henrico","Single Family Residence","07/30/2021","$367,700","$367,700","0","New (never occupied)","2021","Harvie Point","2,325","","3","3.0","Public Water","Sewer - Public","Conventional","Corporate"
"1","2028791","825-66-20-10-800-000","CLOSD","2030 James Overlook Drive, Chesterfield VA 23836","23836","Chesterfield","Single Family Residence","07/30/2021","$442,950","$523,518","0","New (never occupied)","2021","Meadowville Landing","2,865","","4","3.0","Public Water","Sewer - Public","Conventional","Corporate"
"1","2117458","N0180504022","CLOSD","808 Rex Avenue, Richmond City VA 23222","23222","Richmond City","Single Family Residence","07/30/2021","$179,950","$175,000","22","Resale (occupied at least once)","1964","Oak Park","910","","3","1.0","Public Water","Sewer - Public","Cash","Individuals"
"1","2112622","117523","CLOSD","7370 Fougere Place, New Kent VA 23124","23124","New Kent","Single Family Residence","07/30/2021","$385,990","$385,990","3","New (never occupied)","2020","Arbors","2,527","","3","2.1","Public Water","Sewer - Public","FHA New","Corporate"
"1","2110665","7758-19-3896","CLOSD","13520 Greenwood Road, Hanover VA 23059","23059","Hanover","Single Family Residence","07/30/2021","$589,950","$570,000","15","Resale (occupied at least once)","1974","None","5,331","5.34","5","4.1","Well","Septic - Conventional","VA New","Individuals"
"1","2113320","722-65-58-18-400-000","CLOSD","11931 Longtown Drive, Chesterfield VA 23112","23112","Chesterfield","Single Family Residence","07/30/2021","$393,145","$423,595","2","New (never occupied)","2021","Willow Creek","2,788","0.45","4","2.1","Public Water","Sewer - Public","FHA New","Corporate"
"1","2119123","746-756-3922","CLOSD","10912 Foxmoore Avenue, Henrico VA 23233","23233","Henrico","Single Family Residence","07/30/2021","$385,000","$382,000","12","Resale (occupied at least once)","1981","Cross Keys","2,320","0.27","4","2.1","Public Water","Sewer - Public","Conventional","Individuals"
"1","2106623","018B-1B-2","CLOSD","2631 Glenalmond Court, Powhatan VA 23139","23139","Powhatan","Single Family Residence","07/30/2021","$1,295,000","$1,150,000","29","Resale (occupied at least once)","2003","Greywalls","6,786","2.53","4","4.3","Well","Septic - Conventional","VA New","Estate"
"1","2118986","7796-66-5874","CLOSD","9028 Airwell Court, Hanover VA 23116","23116","Hanover","Single Family Residence","07/30/2021","$499,990","$499,990","0","New (never occupied)","2021","Giles Farm","2,792","","4","3.1","Public Water","Sewer - Public","Conventional","Corporate"
"1","2116606","727-66-97-18-000-000","CLOSD","7306 Buck Rub Lane, Chesterfield VA 23112","23112","Chesterfield","Single Family Residence","07/30/2021","$250,000","$250,000","14","Resale (occupied at least once)","1989","Deer Run","1,312","0.74","3","2.0","Public Water","Sewer - Public","FHA New","Individuals"
"1","2116426","015-18B","CLOSD","4352 Three Bridge Road, Powhatan VA 23139","23139","Powhatan","Single Family Residence","07/30/2021","$379,850","$388,850","21","Resale (occupied at least once)","1973","None","2,272","4.00","5","3.0","Well","Septic - Conventional","Conventional","Corporate"
"1","2027052","798-64-78-40-000-000","CLOSD","14012 Laketree Drive, Chesterfield VA 23831","23831","Chesterfield","Single Family Residence","07/30/2021","$344,333","$344,333","8","New (never occupied)","2020","Forest Lake","2,636","0.47","4","2.1","Public Water","Sewer - Public","VA New","Corporate"
"1","2117399","790-757-1794","CLOSD","8409 Franconia Road, Henrico VA 23227","23227","Henrico","Single Family Residence","07/30/2021","$298,000","$300,000","8","Resale (occupied at least once)","1958","Wildwood","1,842","0.28","3","2.0","Public Water","Sewer - Public","VA New","Individuals"
"1","2113028","740-69-15-30-800-000","CLOSD","2406 Brookforest Road, Chesterfield VA 23112","23112","Chesterfield","Single Family Residence","07/30/2021","$229,900","$250,000","12","Resale (occupied at least once)","1994","Clarendon","1,596","0.86","3","2.1","Public Water","Sewer - Public","FHA New","Individuals"
"1","2107582","812-729-2485","CLOSD","3905 Korth Lane, Henrico VA 23223","23223","Henrico","Single Family Residence","07/30/2021","$259,950","$240,000","22","Resale (occupied at least once)","1990","Mitcheltree","1,782","0.33","4","2.1","Public Water","Sewer - Public","FHA New","Individuals"
"1","2115827","737-70-90-40-700-000","CLOSD","1010 Warminster Drive, Chesterfield VA 23113","23113","Chesterfield","Single Family Residence","07/30/2021","$269,950","$260,000","21","Resale (occupied at least once)","1975","Old Coach Hills","1,728","0.34","4","1.1","Public Water","Sewer - Public","Conventional","Individuals"
"1","2113621","8714-93-8323","CLOSD","7193 Civil Road, Hanover VA 23111","23111","Hanover","Single Family Residence","07/30/2021","$212,000","$210,000","29","Resale (occupied at least once)","1961","None","912","0.50","3","1.0","Well","Septic - Conventional","Conventional","Individuals"
"1","2118581","762-62-49-09-400-000","CLOSD","9011 Hickory Road, Chesterfield VA 23803","23803","Chesterfield","Single Family Residence","07/30/2021","$205,000","$196,550","7","Resale (occupied at least once)","1976","None","1,824","1.02","3","2.0","Well","Septic - Conventional","FHA New","Individuals"
"1","2116660","S004-2906-011","CLOSD","212 Larne, Richmond City VA 23224","23224","Richmond City","Single Family Residence","07/30/2021","$240,000","$235,000","23","Resale (occupied at least once)","1950","Swansboro","1,351","","4","2.0","Public Water","Sewer - Public","VHDA ","Individuals"
"1","2116033","755-70-84-88-400-000","CLOSD","650 North Pinetta Drive, Chesterfield VA 23235","23235","Chesterfield","Single Family Residence","07/30/2021","$280,000","$280,000","8","Resale (occupied at least once)","1960","Brighton Green","1,952","0.51","3","1.1","Public Water","Septic - Conventional","Conventional","Individuals"
"1","2113203","776-748-3939","CLOSD","6900 Galaxie Road, Henrico VA 23228","23228","Henrico","Single Family Residence","07/30/2021","$259,000","$259,000","32","Resale (occupied at least once)","1962","None","1,634","0.20","3","1.1","Public Water","Sewer - Public","Conventional","Individuals"
"1","2034795","C-005-0351-004","CLOSD","6512 Kinns Road, Richmond City VA 23225","23225","Richmond City","Single Family Residence","07/30/2021","$377,295","$377,295","33","New (never occupied)","2020","Westlake","2,281","","4","3.1","Public Water","Sewer - Public","Conventional","Corporate"
"1","2119808","748-69-24-75-300-000","CLOSD","10312 Greglynn Road, Chesterfield VA 23236","23236","Chesterfield","Single Family Residence","07/30/2021","$250,000","$240,000","5","Resale (occupied at least once)","1973","Chestnut Hills","1,425","0.38","3","1.1","Public Water","Sewer - Public","Conventional","Individuals, Other"
"1","2118531","8715-86-7838","CLOSD","8365 Wetherden Drive, Hanover VA 23111","23111","Hanover","Single Family Residence","07/30/2021","$349,000","$365,000","6","Resale (occupied at least once)","1998","Brooks Hollow","2,302","0.54","4","2.1","Public Water","Sewer - Public","Conventional","Individuals"
"1","2117286","000-00001","CLOSD","8357 Scott Place, Henrico VA 23227","23227","Henrico","Townhouse","07/30/2021","$296,645","$296,645","5","New (never occupied)","2021","Glens at Scott Place","1,480","","3","2.1","Public Water","Sewer - Public","VA New","Corporate"
"1","2117033","787-60-95-19-300-000","CLOSD","21400 Warren Avenue, Chesterfield VA 23803","23803","Chesterfield","Single Family Residence","07/30/2021","$174,900","$187,500","3","Resale (occupied at least once)","1955","Robertson Place","1,062","0.32","3","1.0","Public Water","Sewer - Public","VA New","Individuals"
"1","2116331","785-757-6429","CLOSD","8347 Scott Place, Henrico VA 23227","23227","Henrico","Townhouse","07/30/2021","$334,990","$334,990","12","New (never occupied)","2019","Glens at Scott Place","1,834","0.08","3","2.1","Public Water","Sewer - Public","Conventional","Corporate"
"1","2116017","030-3-10A","CLOSD","2445 Gobbler Ridge Road, Powhatan VA 23139","23139","Powhatan","Single Family Residence","07/30/2021","$869,000","$800,000","20","Resale (occupied at least once)","2005","Herbes Trace","3,825","10.00","5","3.1","Well","Septic - Conventional","Conventional","Individuals"
"1","2115286","731-758-2669","CLOSD","3613 Rolridge Road, Henrico VA 23233","23233","Henrico","Single Family Residence","07/30/2021","$565,900","$565,000","23","Resale (occupied at least once)","1995","Northbrooke","3,427","0.37","4","2.1","Public Water","Sewer - Public","Conventional","Individuals"
"1","2114821","E000-1234-010","CLOSD","1625 Mechanicsville Turnpike, Richmond City VA 23223","23223","Richmond City","Single Family Residence","07/30/2021","$179,500","$179,500","31","Resale (occupied at least once)","1925","Chelsea Place","1,040","0.11","3","1.0","Public Water","Sewer - Public","Conventional","Individuals"
"1","2104276","to be determined","CLOSD","15915 Hallowell Ridge #Unit441-4, Chesterfield VA 23120","23120","Chesterfield","Condominium","07/30/2021","$384,982","$384,981","0","New (never occupied)","2021","Greenwich Walk At Foxcreek","1,962","","3","3.0","Public Water","Sewer - Public","Cash","Corporate"
"1","2102486","712-67-91-11-800-000","CLOSD","15813 Scarlet Coat Drive, Chesterfield VA 23120","23120","Chesterfield","Single Family Residence","07/30/2021","$542,950","$547,550","18","New (never occupied)","2021","Foxfield","3,840","0.39","6","4.0","Public Water","Sewer - Public","Conventional","Corporate"
"1","2018675","E000-0559-010","CLOSD","2317 Fairmount Avenue, Richmond City VA 23223","23223","Richmond City","Single Family Residence","07/30/2021","$315,000","$322,330","216","New (never occupied)","2020","Fairmount Park","1,560","0.05","3","2.1","Public Water","Sewer - Public","Conventional","Corporate"
"1","2118676","752-764-0458","CLOSD","4600 Snowmass Road, Henrico VA 23060","23060","Henrico","Single Family Residence","07/30/2021","$399,950","$395,000","13","Resale (occupied at least once)","1988","The Village @ Innsbrook","2,331","0.29","3","2.1","Public Water","Sewer - Public","Conventional","Individuals"
"1","2116653","733-70-49-70-600-000","CLOSD","12806 Old Country Lane, Chesterfield VA 23114","23114","Chesterfield","Single Family Residence","07/30/2021","$399,900","$399,900","4","Resale (occupied at least once)","1983","Walton Park","2,600","0.47","4","2.1","Public Water","Sewer - Public","Conventional","Individuals"
"1","2118995","789-64-26-98-000-000","CLOSD","13901 Cobble Glen Court, Chesterfield VA 23831","23831","Chesterfield","Single Family Residence","07/30/2021","$368,000","$368,000","5","Resale (occupied at least once)","2005","Cobble Glen","3,059","0.37","5","3.1","Public Water","Sewer - Public","VA New","Individuals"
"1","2117674","766-774-0521","CLOSD","3480 Manor Grove Circle, Henrico VA 23059","23059","Henrico","Townhouse","07/30/2021","$515,000","$521,125","10","Resale (occupied at least once)","2004","The Manor At Hunton Park","3,349","0.20","3","2.2","Public Water","Sewer - Public","Cash","Individuals"
"1","2118537","C00000249006","CLOSD","1737 Hopkins Road, Richmond City VA 23224","23224","Richmond City","Single Family Residence","07/30/2021","$220,000","$223,000","8","Resale (occupied at least once)","1954","Mcguire Village","1,075","0.22","3","2.0","Public Water","Sewer - Public","VHDA/FHA","Individuals"
"1","2116643","026-1-6A","CLOSD","4212 Three Bridge Road, Powhatan VA 23139","23139","Powhatan","Single Family Residence","07/30/2021","$449,500","$453,000","14","New (never occupied)","2021","None","2,150","3.71","4","3.0","Well","Septic - Conventional","Conventional","Corporate"
"1","2110863","W000-2025-014","CLOSD","4516 Patterson Avenue, Richmond City VA 23221","23221","Richmond City","Single Family Residence","07/30/2021","$399,000","$395,000","77","Resale (occupied at least once)","2012","None","1,750","0.07","3","2.1","Public Water","Sewer - Public","Conventional","Individuals"
"1","2116521","S000-1226-005","CLOSD","2910 Midlothian Turnpike, Richmond City VA 23224","23224","Richmond City","Single Family Residence","07/30/2021","$230,000","$230,000","14","Resale (occupied at least once)","2006","None","1,336","0.11","3","2.1","Public Water","Sewer - Public","VA New","Individuals"
"1","2116305","8724-34-8704","CLOSD","6301 Kennedy Court, Hanover VA 23111","23111","Hanover","Single Family Residence","07/30/2021","$349,950","$350,000","13","Resale (occupied at least once)","1987","Lincoln Hills","2,304","0.34","4","2.1","Public Water","Sewer - Public","VA New","Individuals"
"1","2100455","767-64-02-78-300-000","CLOSD","8101 Clancy Court, Chesterfield VA 23838","23838","Chesterfield","Single Family Residence","07/30/2021","$519,300","$511,600","161","New (never occupied)","2020","Lake Margaret","2,623","1.01","3","2.1","Public Water","Septic - Alternative","Conventional","Corporate"
"1","2119049","742-69-75-75-800-000","CLOSD","1119 Westcreek Drive, Chesterfield VA 23236","23236","Chesterfield","Single Family Residence","07/30/2021","$310,000","$315,000","3","Resale (occupied at least once)","1986","Monacan Hills","1,936","0.28","4","2.1","Public Water","Sewer - Public","FHA New","Individuals"
"1","2100187","21-12-8","CLOSD","8510 Crestwicke Lane, New Kent VA 23141","23141","New Kent","Single Family Residence","07/30/2021","$241,950","$241,950","30","New (never occupied)","2021","None","1,440","","3","2.1","Well","Septic - Conventional","VHDA/FHA","Corporate"
"1","2119075","760-71-23-83-800-000","CLOSD","1238 Woodcroft Road, Chesterfield VA 23235","23235","Chesterfield","Single Family Residence","07/30/2021","$225,000","$240,100","6","Resale (occupied at least once)","1959","Woodcroft","1,190","0.24","3","1.1","Public Water","Sewer - Public","Conventional","Individuals"
"1","2116376","728-70-10-09-700-000","CLOSD","913 Krim Point Lane, Chesterfield VA 23114","23114","Chesterfield","Single Family Residence","07/30/2021","$307,000","$325,000","4","Resale (occupied at least once)","2002","Krim Point","1,632","0.17","3","2.0","Public Water","Sewer - Public","Conventional","Individuals"
"1","2115943","50-2-11","CLOSD","10811 Harrison Lake Drive, Charles City County VA 23030","23030","Charles City County","Single Family Residence","07/30/2021","$212,000","$224,000","2","Resale (occupied at least once)","2009","None","1,300","1.38","3","2.0","Well","Septic - Conventional","FHA New","Individuals"
"1","2120952","to be determined","CLOSD","7306 Hancock Towns Lane #UnitA3, Chesterfield VA 23832","23832","Chesterfield","Condominium","07/30/2021","$298,159","$298,159","20","New (never occupied)","2021","Hancock Village","1,502","","2","2.1","Public Water","Sewer - Public","Cash","Corporate"
"1","2115560","769-69-59-07-600-000","CLOSD","6311 Commander Road, Chesterfield VA 23224","23224","Chesterfield","Single Family Residence","07/30/2021","$230,000","$242,000","2","Resale (occupied at least once)","1969","Marlboro","2,239","0.71","3","2.1","Public Water","Sewer - Public","Conventional","Individuals"
"1","2119377","763-68-77-00-900-000","CLOSD","7505 Ashby Lane, Chesterfield VA 23832","23832","Chesterfield","Single Family Residence","07/30/2021","$389,950","$395,000","4","Resale (occupied at least once)","1994","Creekwood","2,632","0.47","4","2.1","Public Water","Sewer - Public","Conventional","Individuals"
"1","2114508","64-22-C-2-0","CLOSD","13245 Piney Grove Court, Goochland VA 23238","23238","Goochland","Single Family Residence","07/30/2021","$1,450,000","$1,450,000","17","Resale (occupied at least once)","2002","Rivergate","6,278","2.44","5","5.2","Public Water","Sewer - Public","Conventional","Individuals"
"1","2114295","W000-0607-042","CLOSD","23 North Lombardy Street, Richmond City VA 23220","23220","Richmond City","Single Family Residence","07/30/2021","$625,000","$640,000","5","Resale (occupied at least once)","1900","None","2,078","0.05","3","2.1","Public Water","Sewer - Public","Conventional","Individuals"
"1","2113698","743-776-5160","CLOSD","11620 Olde Covington Way, Henrico VA 23059","23059","Henrico","Single Family Residence","07/30/2021","$854,000","$875,000","5","Resale (occupied at least once)","2005","Covington","5,003","0.41","5","5.1","Public Water","Sewer - Public","Conventional","Individuals"
"1","2115627","760-771-4238","CLOSD","5853 Dorton Lane, Henrico VA 23060","23060","Henrico","Single Family Residence","07/30/2021","$599,000","$599,000","8","Resale (occupied at least once)","2006","Carrington","3,700","0.33","6","4.1","Public Water","Sewer - Public","Conventional","Individuals"
"1","2121718","N000-0707-008","CLOSD","2710 Clifton Avenue, Richmond City VA 23222","23222","Richmond City","Single Family Residence","07/30/2021","$190,000","$190,000","0","Resale (occupied at least once)","1941","Brookland Park","1,796","0.28","4","1.1","Public Water","Sewer - Public","Cash","Individuals"
"1","2121516","63-41-0-6-B","CLOSD","523 Creekmore #UnitB, Goochland VA 23238","23238","Goochland","Condominium","07/30/2021","$459,950","$440,000","4","New (never occupied)","2021","Creekmore Park","2,318","","3","3.1","Public Water","Sewer - Public","Cash","Individuals"
"1","2120803","735-749-2227","CLOSD","2013 Airy Circle, Henrico VA 23238","23238","Henrico","Townhouse","07/30/2021","$198,000","$198,000","2","Resale (occupied at least once)","1986","Knollingwood","1,340","","2","2.1","Public Water","Sewer - Public","Conventional","Individuals"
"1","2120580","758-765-2574","CLOSD","5123 Fairlake Lane, Henrico VA 23060","23060","Henrico","Single Family Residence","07/30/2021","$299,000","$320,000","2","Resale (occupied at least once)","1987","Reids Pointe","1,426","0.18","3","2.1","Public Water","Sewer - Public","Cash","Individuals"
"1","2120526","W000-0730-030","CLOSD","1724 Floyd Avenue, Richmond City VA 23220","23220","Richmond City","Single Family Residence","07/30/2021","$429,950","$515,000","3","Resale (occupied at least once)","1912","None","1,344","0.04","3","2.1","Public Water","Sewer - Public","Cash","Individuals"
"1","2120510","722-67-29-08-200-000","CLOSD","6112 Lookout Point Circle, Chesterfield VA 23112","23112","Chesterfield","Townhouse","07/30/2021","$295,000","$305,000","2","Resale (occupied at least once)","1997","Lakepointe","1,667","0.08","3","2.1","Public Water","Sewer - Public","Conventional","Individuals"
"1","2120204","786-68-93-10-600-026","CLOSD","5204 Castlewood Road #UnitB, Chesterfield VA 23234","23234","Chesterfield","Condominium","07/30/2021","$72,500","$72,500","0","Resale (occupied at least once)","1968","Tree Top","859","7.09","2","1.0","Public Water","Sewer - Public","Conventional","Individuals"
"1","2119984","747-67-71-16-500-000","CLOSD","10500 Sarata Lane, Chesterfield VA 23832","23832","Chesterfield","Single Family Residence","07/30/2021","$232,000","$246,000","5","Resale (occupied at least once)","1986","Sunnybrook","1,088","0.25","3","2.0","Public Water","Sewer - Public","Conventional","Individuals"
"1","2119754","781-65-31-94-300-078","CLOSD","12138 Magnolia Bluff Court, Chesterfield VA 23831","23831","Chesterfield","Condominium","07/30/2021","$325,000","$335,000","0","Resale (occupied at least once)","2016","Villas At Magnolia Lakes","1,550","26.28","2","2.0","Public Water","Sewer - Public","Conventional","Individuals"
"1","2119735","783-763-5693","CLOSD","1216 Cole Boulevard, Henrico VA 23060","23060","Henrico","Single Family Residence","07/30/2021","$299,950","$320,000","3","Resale (occupied at least once)","2007","Cole Run","1,884","0.14","3","2.1","Public Water","Sewer - Public","Cash","Individuals"
"1","2119719","745-70-55-08-700-000","CLOSD","421 Comstock Drive, Chesterfield VA 23236","23236","Chesterfield","Single Family Residence","07/30/2021","$295,000","$310,000","10","Resale (occupied at least once)","1979","Hylton Park","1,858","0.47","3","2.1","Public Water","Sewer - Public","Conventional","Individuals"
"1","2119624","779-66-14-74-800-000","CLOSD","10406 Oakshire Terrace, Chesterfield VA 23237","23237","Chesterfield","Single Family Residence","07/30/2021","$320,000","$320,000","5","Resale (occupied at least once)","1996","North Oaks","1,970","0.43","4","2.1","Public Water","Sewer - Public","Conventional","Individuals"
"1","2119550","759-69-88-95-800-000","CLOSD","8120 Marwood Drive, Chesterfield VA 23235","23235","Chesterfield","Single Family Residence","07/30/2021","$290,000","$310,000","7","Resale (occupied at least once)","1972","Surreywood","2,789","0.35","4","3.0","Public Water","Sewer - Public","Cash","Individuals"
"1","2119514","14-6-A2","CLOSD","6280 Barnetts Road, Charles City County VA 23030","23030","Charles City County","Single Family Residence","07/30/2021","$235,500","$240,000","2","Resale (occupied at least once)","2013","None","1,208","1.92","3","2.0","Well","Septic - Alternative","Conventional","Individuals"
"1","2119462","727-72-16-71-500-000","CLOSD","3121 Mount Hill Drive, Chesterfield VA 23113","23113","Chesterfield","Single Family Residence","07/30/2021","$469,000","$516,000","5","Resale (occupied at least once)","1979","Salisbury","3,001","1.10","4","2.1","Public Water","Septic - Conventional","Conventional","Individuals"
"1","2119423","710-66-60-80-700-000","CLOSD","12607 Hampton Crossing Drive, Chesterfield VA 23832","23832","Chesterfield","Single Family Residence","07/30/2021","$485,000","$485,000","4","Resale (occupied at least once)","2004","Hampton Park","3,561","0.31","5","4.1","Public Water","Sewer - Public","Conventional","Individuals"
"1","2119413","E011-0124-033","CLOSD","1806 Newman Road, Richmond City VA 23231","23231","Richmond City","Single Family Residence","07/30/2021","$215,000","$232,500","4","Resale (occupied at least once)","1959","Montrose Heights","912","0.16","3","1.0","Public Water","Sewer - Public","VHDA ","Individuals"
"1","2119378","C006-0659-014","CLOSD","511 Cavalier Circle, Richmond City VA 23224","23224","Richmond City","Single Family Residence","07/30/2021","$225,000","$235,000","3","Resale (occupied at least once)","1948","Cavalier Court","1,156","0.35","3","2.0","Public Water","Sewer - Public","Conventional","Corporate"
"1","2119321","8725-95-7603","CLOSD","6010 Saber Court, Hanover VA 23111","23111","Hanover","Single Family Residence","07/30/2021","$269,950","$290,000","5","Resale (occupied at least once)","1993","Battlefield Green","1,546","0.28","4","2.0","Public Water","Sewer - Public","Conventional","Individuals"
"1","2119320","788-766-2031.118","CLOSD","831 Brassie Lane #UnitK, Henrico VA 23059","23059","Henrico","Condominium","07/30/2021","$139,950","$140,000","4","Resale (occupied at least once)","1998","Links Condominiums","890","15.20","1","1.0","Public Water","Sewer - Public","Cash","Individuals"
"1","2119302","8715-71-8934","CLOSD","7110 Foxlair Drive, Hanover VA 23111","23111","Hanover","Single Family Residence","07/30/2021","$255,000","$270,000","5","Resale (occupied at least once)","1988","Foxlair","1,440","0.19","4","2.0","Public Water","Sewer - Public","Conventional","Individuals"
"1","2119289","773-741-5661","CLOSD","5003 Dollard Drive, Henrico VA 23230","23230","Henrico","Single Family Residence","07/30/2021","$250,000","$258,000","6","Resale (occupied at least once)","1954","Kildare Annex","1,485","0.26","4","2.0","Public Water","Sewer - Public","Conventional","Individuals"
"1","2119256","778-67-03-61-300-000","CLOSD","8606 Peach Grove Road, Chesterfield VA 23237","23237","Chesterfield","Single Family Residence","07/30/2021","$225,000","$235,500","6","Resale (occupied at least once)","1986","Ashton Woods North","1,280","0.39","4","2.0","Public Water","Sewer - Public","FHA New","Individuals"
"1","2119189","749-70-56-02-400-000","CLOSD","209 Aldersmead Road, Chesterfield VA 23236","23236","Chesterfield","Single Family Residence","07/30/2021","$325,000","$350,000","4","Resale (occupied at least once)","1975","Shenandoah","2,670","0.35","5","3.1","Public Water","Sewer - Public","Conventional","Individuals"
"1","2119137","7797-53-9481","CLOSD","9198 Clearstream Terrace, Hanover VA 23116","23116","Hanover","Single Family Residence","07/30/2021","$399,950","$410,000","6","Resale (occupied at least once)","1994","Ivy Banks","2,752","0.24","5","2.1","Public Water","Sewer - Public","Conventional","Individuals"
"1","2119122","762-67-98-14-200-000","CLOSD","7921 Southford Terrace, Chesterfield VA 23832","23832","Chesterfield","Single Family Residence","07/30/2021","$279,999","$305,000","6","Resale (occupied at least once)","1999","Five Forks Village","1,716","0.57","4","2.1","Public Water","Sewer - Public","FHA New","Individuals"
"1","2119092","822-689-3769","CLOSD","7704 King Eider Drive, Henrico VA 23231","23231","Henrico","Single Family Residence","07/30/2021","$294,900","$310,000","4","Resale (occupied at least once)","2006","Four Mile Run","2,176","0.46","4","2.1","Public Water","Sewer - Public","Conventional","Individuals"
"1","2119051","739-776-8972","CLOSD","6509 Glenshaw Drive #Unit6509, Henrico VA 23059","23059","Henrico","Townhouse","07/30/2021","$320,000","$351,000","5","Resale (occupied at least once)","2000","Courtland @ Wyndham","1,636","0.09","3","2.0","Public Water","Sewer - Public","Conventional","Individuals"
"1","2119047","19G12A19 74","CLOSD","7723 Battlefield Commons #Unit74, New Kent VA 23141","23141","New Kent","Condominium","07/30/2021","$225,000","$225,000","11","Resale (occupied at least once)","2010","Patriots Landing","1,755","0.36","3","2.1","Public Water","Sewer - Public","FHA New","Individuals"
"1","2119019","778-69-08-01-300-000","CLOSD","4530 Vauxhall Road, Chesterfield VA 23234","23234","Chesterfield","Single Family Residence","07/30/2021","$295,000","$295,000","4","Resale (occupied at least once)","1980","Garland Heights","1,914","0.46","4","2.1","Public Water","Sewer - Public","Conventional","Individuals"
"1","2119014","800-730-4311","CLOSD","231 Bay Coat Drive, Henrico VA 23223","23223","Henrico","Townhouse","07/30/2021","$205,000","$200,000","0","Resale (occupied at least once)","2012","Saint Claire Ridge","1,440","0.04","3","2.1","Public Water","Sewer - Public","VHDA ","Individuals"
"1","2119010","719-68-09-91-500-000","CLOSD","5103 Highberry Woods Road, Chesterfield VA 23112","23112","Chesterfield","Single Family Residence","07/30/2021","$350,000","$402,150","4","Resale (occupied at least once)","1995","Woodlake","2,188","0.17","4","2.1","Public Water","Sewer - Public","Cash","Individuals"
"1","2118992","827-715-2447","CLOSD","9 Casey Street, Henrico VA 23150","23150","Henrico","Single Family Residence","07/30/2021","$209,950","$238,000","5","Resale (occupied at least once)","1918","Sandston","1,321","0.33","3","2.0","Public Water","Sewer - Public","Cash","Corporate"
"1","2118981","797-63-77-94-100-000","CLOSD","15520 Silvertree Lane, Chesterfield VA 23834","23834","Chesterfield","Single Family Residence","07/30/2021","$235,000","$250,000","2","Resale (occupied at least once)","1980","Tinsberry Trace","1,588","0.88","4","2.0","Public Water","Sewer - Public","FHA New","Individuals"
"1","2118973","S006-0443-006","CLOSD","802 Forest View Drive, Richmond City VA 23225","23225","Richmond City","Single Family Residence","07/30/2021","$220,000","$240,000","5","Resale (occupied at least once)","1947","Forest View Heights","936","0.13","2","1.0","Public Water","Sewer - Public","Conventional","Individuals"
"1","2118948","808-64-39-09-900-000","CLOSD","14207 Pleasant Creek Place, Chesterfield VA 23834","23834","Chesterfield","Single Family Residence","07/30/2021","$419,000","$406,000","5","Resale (occupied at least once)","2004","Southcreek","3,497","0.43","5","3.1","Public Water","Sewer - Public","Conventional","Individuals"
"1","2118943","7798-62-8099","CLOSD","11112 Bugle Lane, Hanover VA 23116","23116","Hanover","Single Family Residence","07/30/2021","$369,950","$380,000","2","Resale (occupied at least once)","2002","Fox Head","2,216","1.60","4","2.1","Public Water","Sewer - Public","VA New","Individuals"
"1","2118935","728-67-11-88-500-000","CLOSD","13811 Deer Run Court, Chesterfield VA 23112","23112","Chesterfield","Single Family Residence","07/30/2021","$280,000","$295,000","5","Resale (occupied at least once)","1988","Deer Run","1,200","0.35","3","2.0","Public Water","Sewer - Public","VA New","Individuals"
"1","2118871","781-756-5960.293","CLOSD","1545 Harpers Ferry Court, Henrico VA 23228","23228","Henrico","Condominium","07/30/2021","$137,000","$138,000","6","Resale (occupied at least once)","1980","Stonewall Manor Condominiums","815","","2","1.0","Public Water","Sewer - Public","Conventional","Individuals"
"1","2118870","W019-0185-029","CLOSD","4709 West Franklin Street, Richmond City VA 23226","23226","Richmond City","Single Family Residence","07/30/2021","$380,000","$380,000","3","Resale (occupied at least once)","1948","Colonial Place","1,350","0.15","3","1.1","Public Water","Sewer - Public","Other","Individuals"
"1","2118830","760-69-66-70-800-000","CLOSD","7825 Lakeforest Drive, Chesterfield VA 23235","23235","Chesterfield","Single Family Residence","07/30/2021","$499,900","$560,000","5","Resale (occupied at least once)","1946","Surreywood","3,790","1.29","5","3.2","Public Water","Sewer - Public","Cash","Individuals"
"1","2118828","26-1-0-15-B","CLOSD","2485 Davis Mill Road, Goochland VA 23063","23063","Goochland","Single Family Residence","07/30/2021","$169,850","$169,850","7","Resale (occupied at least once)","1989","None","988","2.97","3","1.1","Well","Septic - Conventional","Cash","Individuals"
"1","2118825","709-68-33-43-200-000","CLOSD","4730 Summer Lake Circle, Chesterfield VA 23120","23120","Chesterfield","Single Family Residence","07/30/2021","$485,000","$530,000","7","Resale (occupied at least once)","2004","Summer Lake","4,056","0.40","5","3.1","Public Water","Sewer - Public","Conventional","Individuals"
"1","2118823","E000-0573-043","CLOSD","617 North 29th Street, Richmond City VA 23223","23223","Richmond City","Single Family Residence","07/30/2021","$294,950","$316,012","7","Resale (occupied at least once)","1860","None","1,280","0.08","2","2.1","Public Water","Sewer - Public","Conventional","Individuals"
"1","2118817","805-715-6218","CLOSD","2311 Farrand Drive, Henrico VA 23231","23231","Henrico","Single Family Residence","07/30/2021","$199,000","$247,000","5","Resale (occupied at least once)","1941","Montrose Terrace","1,447","0.29","4","1.0","Public Water","Sewer - Public","Conventional","Individuals"
"1","2118757","8754-50-9950","CLOSD","7059 Winding Wood Road, Hanover VA 23111","23111","Hanover","Single Family Residence","07/30/2021","$539,950","$575,000","2","Resale (occupied at least once)","1988","Mechanicsville","3,196","10.00","4","2.1","Well","Septic - Alternative","VA New","Individuals"
"1","2118731","8716-50-6274","CLOSD","9018 Tow Hook Place, Hanover VA 23116","23116","Hanover","Townhouse","07/30/2021","$232,000","$236,000","4","Resale (occupied at least once)","2010","None","1,424","0.05","3","2.1","Public Water","Sewer - Public","FHA New","Individuals"
"1","2118715","766-768-4842","CLOSD","10633 Courtney Road, Henrico VA 23060","23060","Henrico","Single Family Residence","07/30/2021","$483,950","$483,950","11","Resale (occupied at least once)","2007","None","3,288","0.50","5","4.1","Public Water","Sewer - Public","Conventional","Individuals"
"1","2118656","749-750-5129","CLOSD","9531 Oldhouse Drive, Henrico VA 23238","23238","Henrico","Single Family Residence","07/30/2021","$374,950","$417,000","5","Resale (occupied at least once)","1981","Oldhouse Run","2,164","0.26","4","2.1","Public Water","Sewer - Public","Conventional","Individuals"
"1","2118632","825-717-7215","CLOSD","200 Carter Avenue, Henrico VA 23150","23150","Henrico","Single Family Residence","07/30/2021","$209,890","$237,501","5","Resale (occupied at least once)","2006","Sandston","1,150","0.40","3","2.0","Public Water","Sewer - Public","Conventional","Individuals"
"1","2118624","761-70-04-62-800-000","CLOSD","1406 Dulles Court, Chesterfield VA 23235","23235","Chesterfield","Single Family Residence","07/30/2021","$297,500","$305,000","4","Resale (occupied at least once)","1976","Surreywood","2,586","0.47","5","2.1","Public Water","Sewer - Public","Other","Individuals"
"1","2118474","W000-0996-038","CLOSD","11 Strawberry Street, Richmond City VA 23220","23220","Richmond City","Single Family Residence","07/30/2021","$369,950","$416,501","5","Resale (occupied at least once)","1915","None","1,280","0.03","3","1.1","Public Water","Sewer - Public","Conventional","Individuals"
"1","2118436","8725-05-5939","CLOSD","6967 Cory Lee Court, Hanover VA 23111","23111","Hanover","Single Family Residence","07/30/2021","$289,950","$284,000","15","Resale (occupied at least once)","2001","Laurel Meadows","1,884","0.23","3","2.1","Public Water","Sewer - Public","VA New","Individuals"
"1","2118420","W000-1166-064","CLOSD","2611 Kensington Avenue, Richmond City VA 23220","23220","Richmond City","Single Family Residence","07/30/2021","$900,000","$900,000","2","Resale (occupied at least once)","2017","None","2,763","0.08","4","3.0","Public Water","Sewer - Public","Cash","Individuals"
"1","2118408","769-69-36-38-900-000","CLOSD","6409 Sexton Drive, Chesterfield VA 23224","23224","Chesterfield","Townhouse","07/30/2021","$189,000","$195,000","18","Resale (occupied at least once)","2006","Ashley Village","1,292","0.04","3","2.1","Public Water","Sewer - Public","Conventional","Individuals"
"1","2118299","746-747-4548","CLOSD","1641 Congressional Court, Henrico VA 23238","23238","Henrico","Townhouse","07/30/2021","$200,000","$216,200","3","Resale (occupied at least once)","1980","Heritage Hill Raintree","1,280","0.04","3","1.1","Public Water","Sewer - Public","FHA New","Individuals"
"1","2118270","850-713-0484","CLOSD","204 Woodview Drive, Henrico VA 23150","23150","Henrico","Single Family Residence","07/30/2021","$255,000","$280,000","6","Resale (occupied at least once)","1967","Bradley Acres","2,304","1.11","4","2.1","Well","Septic - Conventional","Conventional","Individuals"
"1","2118265","W021-0175-033","CLOSD","6728 Hanover Avenue, Richmond City VA 23226","23226","Richmond City","Single Family Residence","07/30/2021","$474,500","$505,000","6","Resale (occupied at least once)","1950","College View","1,798","0.17","4","3.0","Public Water","Sewer - Public","Conventional","Individuals"
"1","2118234","760-71-25-93-000-000","CLOSD","1239 Woodcroft Road, Chesterfield VA 23235","23235","Chesterfield","Single Family Residence","07/30/2021","$239,950","$245,000","6","Resale (occupied at least once)","1959","Woodcroft","1,190","0.31","3","1.1","Public Water","Sewer - Public","Conventional","Other"
"1","2118228","734-757-6615","CLOSD","12004 Warrington Court, Henrico VA 23233","23233","Henrico","Townhouse","07/30/2021","$310,000","$315,000","3","Resale (occupied at least once)","1988","Worthington Hills","1,576","0.06","2","2.1","Public Water","Sewer - Public","Conventional","Individuals"
"1","2118175","C001-0880-066","CLOSD","3501 Bittersweet Road, Richmond City VA 23235","23235","Richmond City","Single Family Residence","07/30/2021","$369,950","$369,950","9","Resale (occupied at least once)","1964","Fernleigh","2,296","0.67","3","2.1","Public Water","Sewer - Public","Conventional","Individuals"
"1","2118107","55-1-0-1-H","CLOSD","1990 Strawberry Run, Goochland VA 23039","23039","Goochland","Single Family Residence","07/30/2021","$445,000","$501,000","6","Resale (occupied at least once)","1976","None","2,180","3.50","3","2.0","Well","Septic - Conventional","Conventional","Individuals"
"1","2117973","760-763-1837","CLOSD","4811 Candlelight Place, Henrico VA 23060","23060","Henrico","Single Family Residence","07/30/2021","$285,000","$315,250","8","Resale (occupied at least once)","1983","Dunncroft","1,414","0.26","3","1.1","Public Water","Sewer - Public","Conventional","Individuals"
"1","2117844","790-64-60-69-300-000","CLOSD","13210 Hollis Road, Chesterfield VA 23831","23831","Chesterfield","Single Family Residence","07/30/2021","$250,000","$263,500","3","Resale (occupied at least once)","1965","None","1,670","0.57","3","2.0","Public Water","Septic - Conventional","Conventional","Individuals"
"1","2117787","N000-1356-020","CLOSD","3307 North Avenue, Richmond City VA 23222","23222","Richmond City","Single Family Residence","07/30/2021","$149,900","$165,000","5","Resale (occupied at least once)","1925","North Richmond Terrace","1,856","0.15","4","1.0","Public Water","Sewer - Public","Other","Individuals"
"1","2117768","053C-6-29","CLOSD","2239 Westwood Pine Drive, Powhatan VA 23120","23120","Powhatan","Single Family Residence","07/30/2021","$599,950","$638,000","4","Resale (occupied at least once)","1998","Genito West","3,184","4.30","4","3.1","Well","Septic - Conventional","Conventional","Individuals"
"1","2117763","762-763-8999","CLOSD","3510 Gwynns Place, Henrico VA 23060","23060","Henrico","Townhouse","07/30/2021","$449,999","$420,000","6","Resale (occupied at least once)","2005","Townes At Crossridge","2,168","0.13","3","2.1","Public Water","Sewer - Public","Other","Individuals"
"1","2117661","730-67-03-35-900-000","CLOSD","13624 Buck Rub Drive, Chesterfield VA 23112","23112","Chesterfield","Single Family Residence","07/30/2021","$279,000","$285,000","5","Resale (occupied at least once)","1991","Deer Run","1,968","0.52","4","2.0","Public Water","Sewer - Public","FHA New","Individuals"
"1","2117625","760-69-95-46-700-000","CLOSD","1303 Traway Drive, Chesterfield VA 23235","23235","Chesterfield","Single Family Residence","07/30/2021","$189,950","$203,000","4","Resale (occupied at least once)","1970","Parkwood","960","0.48","3","1.0","Public Water","Sewer - Public","Conventional","Individuals"
"1","2117584","8765-72-7005","CLOSD","2047 Philbunny Court, Hanover VA 23111","23111","Hanover","Single Family Residence","07/30/2021","$429,500","$425,000","8","Resale (occupied at least once)","2015","Christian Ridge","2,794","0.80","5","3.0","Well","Septic - Conventional","Cash","Individuals"
"1","2117563","796-64-65-98-400-000","CLOSD","13506 Oxley Court, Chesterfield VA 23831","23831","Chesterfield","Single Family Residence","07/30/2021","$325,000","$330,000","11","Resale (occupied at least once)","2004","None","2,392","0.32","5","2.1","Public Water","Sewer - Public","Conventional","Individuals"
"1","2117558","734-760-0302","CLOSD","13221 Autumn Chase Place, Henrico VA 23233","23233","Henrico","Single Family Residence","07/30/2021","$450,000","$443,150","7","Resale (occupied at least once)","1991","Autumn Chase@Wellesley","2,286","0.24","3","2.1","Public Water","Sewer - Public","Conventional","Individuals"
"1","2117533","814-734-6713","CLOSD","4333 Mylan Road, Henrico VA 23223","23223","Henrico","Single Family Residence","07/30/2021","$340,000","$340,500","9","Resale (occupied at least once)","2001","Clarendon Farms","2,869","0.29","4","2.1","Public Water","Sewer - Public","VA New","Individuals"
"1","2117524","822-64-58-11-200-000","CLOSD","14505 Tranor Avenue, Chesterfield VA 23836","23836","Chesterfield","Single Family Residence","07/30/2021","$227,500","$247,500","5","Resale (occupied at least once)","1971","Forest Glenn","2,141","0.34","4","2.1","Public Water","Sewer - Public","FHA New","Estate"
"1","2117491","44-1-0-25-0","CLOSD","1928 Sheppard Town Road, Goochland VA 23039","23039","Goochland","Single Family Residence","07/30/2021","$192,000","$192,000","3","Resale (occupied at least once)","1948","None","1,092","3.35","2","1.0","Well","Septic - Conventional","Cash","Individuals"
"1","2117473","727-72-79-71-600-000","CLOSD","14106 Riverdowns North Terrace, Chesterfield VA 23113","23113","Chesterfield","Single Family Residence","07/30/2021","$615,000","$654,452","5","Resale (occupied at least once)","2005","Lenox Forest","3,529","0.57","5","4.1","Public Water","Sewer - Public","Conventional","Individuals"
"1","2117472","7880-12-8548","CLOSD","903 Kitty Hamilton Circle, Hanover VA 23005","23005","Hanover","Townhouse","07/30/2021","$209,900","$215,500","6","Resale (occupied at least once)","2009","Cottage Green Townes","1,440","0.02","3","2.1","Public Water","Sewer - Public","FHA New","Individuals"
"1","2117467","753-737-8084","CLOSD","8421 Valley Wood Road, Henrico VA 23229","23229","Henrico","Single Family Residence","07/30/2021","$485,000","$485,000","14","Resale (occupied at least once)","1987","Whitehall","2,116","0.37","4","2.1","Public Water","Sewer - Public","Conventional","Individuals"
"1","2117464","813-701-5039","CLOSD","3322 New Heritage Loop, Henrico VA 23231","23231","Henrico","Townhouse","07/30/2021","$249,999","$265,000","6","Resale (occupied at least once)","2019","New Market Village","1,624","0.08","3","2.1","Public Water","Sewer - Public","Conventional","Individuals"
"1","2117388","8716-60-0225","CLOSD","9017 Brevet Lane, Hanover VA 23116","23116","Hanover","Single Family Residence","07/30/2021","$359,000","$382,000","6","Resale (occupied at least once)","2009","The Bluffs At Bell Creek","2,196","0.20","3","2.1","Public Water","Sewer - Public","Conventional","Individuals"
"1","2117337","739-68-35-93-500-000","CLOSD","3709 Stamford Circle, Chesterfield VA 23112","23112","Chesterfield","Single Family Residence","07/30/2021","$335,000","$345,000","3","Resale (occupied at least once)","1997","St Regents Lake","2,148","0.46","4","2.1","Public Water","Sewer - Public","VA New","Individuals"
"1","2117315","E000-0517-025","CLOSD","1121 North 23rd Street, Richmond City VA 23223","23223","Richmond City","Single Family Residence","07/30/2021","$299,900","$290,000","5","Resale (occupied at least once)","1951","Fairmount Park","1,198","0.17","2","2.0","Public Water","Sewer - Public","Conventional","Individuals"
"1","2117254","704-67-18-36-300-000","CLOSD","7230 Stafford Park Drive, Chesterfield VA 23120","23120","Chesterfield","Single Family Residence","07/30/2021","$470,000","$470,000","3","Resale (occupied at least once)","2019","Magnolia Green","2,868","0.15","4","2.1","Public Water","Sewer - Public","Conventional","Individuals"
"1","2117188","705-67-12-87-800-000","CLOSD","7278 Stafford Park Drive, Chesterfield VA 23120","23120","Chesterfield","Single Family Residence","07/30/2021","$498,000","$505,000","7","Resale (occupied at least once)","2018","Magnolia Green","3,150","","4","3.1","Public Water","Sewer - Public","Conventional","Individuals"
"1","2117146","730-65-09-17-000-000","CLOSD","13403 Carters Creek Place, Chesterfield VA 23838","23838","Chesterfield","Single Family Residence","07/30/2021","$390,000","$410,000","5","Resale (occupied at least once)","1992","Carters Mill","2,815","1.39","4","2.1","Public Water","Septic - Conventional","Conventional","Individuals"
"1","2117141","717-66-54-06-000-000","CLOSD","8319 Amington Lane, Chesterfield VA 23832","23832","Chesterfield","Single Family Residence","07/30/2021","$445,000","$437,500","7","Resale (occupied at least once)","2019","Harpers Mill","2,584","0.39","4","3.1","Public Water","Sewer - Public","Cash","Individuals"
"1","2117093","7796-97-4355","CLOSD","8964 Ringview Drive, Hanover VA 23116","23116","Hanover","Townhouse","07/30/2021","$298,000","$310,000","2","Resale (occupied at least once)","2017","Cool Spring West","1,564","0.05","3","2.1","Public Water","Sewer - Public","Conventional","Individuals"
"1","2117091","041-2-3A","CLOSD","1506 Dorset Road, Powhatan VA 23139","23139","Powhatan","Single Family Residence","07/30/2021","$249,950","$257,000","4","Resale (occupied at least once)","1987","None","1,144","2.00","3","1.1","Well","Septic - Conventional","Conventional","Individuals"
"1","2117021","730-66-78-76-400-000","CLOSD","7707 Bold Forbes Lane, Chesterfield VA 23112","23112","Chesterfield","Single Family Residence","07/30/2021","$274,000","$300,000","5","Resale (occupied at least once)","1993","Deer Run","1,820","0.45","3","2.1","Public Water","Sewer - Public","Conventional","Individuals"
"1","2116977","C004-0209-038","CLOSD","7622 Granite Hall Avenue, Richmond City VA 23225","23225","Richmond City","Single Family Residence","07/30/2021","$349,950","$356,900","3","Resale (occupied at least once)","1959","Cherokee Estates","1,660","0.37","3","2.0","Public Water","Sewer - Public","Cash","Individuals"
"1","2116972","834-722-3045","CLOSD","1912 Evanrude Court, Henrico VA 23150","23150","Henrico","Single Family Residence","07/30/2021","$225,000","$235,000","5","Resale (occupied at least once)","1988","Oak Hill Estates","1,275","0.65","3","2.0","Public Water","Septic - Conventional","VHDA ","Individuals"
"1","2116833","771-741-9920","CLOSD","5614 Indigo Road, Henrico VA 23230","23230","Henrico","Single Family Residence","07/30/2021","$155,000","$180,000","6","Resale (occupied at least once)","1956","Westbourne","1,248","0.19","4","2.0","Public Water","Sewer - Public","Cash","Individuals"
"1","2116816","757-749-5984","CLOSD","2217 Fordson Road, Henrico VA 23229","23229","Henrico","Single Family Residence","07/30/2021","$280,000","$284,000","5","Resale (occupied at least once)","1987","Walnut Knoll","1,202","0.27","3","2.0","Public Water","Sewer - Public","Conventional","Individuals"
"1","2116797","837-724-9480","CLOSD","2451 Old Hanover Road, Henrico VA 23150","23150","Henrico","Single Family Residence","07/30/2021","$325,000","$325,000","16","Resale (occupied at least once)","2009","None","1,526","5.00","3","2.0","Well","Septic - Conventional","Conventional","Individuals"
"1","2116747","C009-0526-004","CLOSD","2407 Wendell Lane, Richmond City VA 23234","23234","Richmond City","Single Family Residence","07/30/2021","$150,000","$175,000","6","Resale (occupied at least once)","1965","Vaughan Heights","1,558","0.21","3","2.0","Public Water","Sewer - Public","Cash","Individuals"
"1","2116616","835-691-5991","CLOSD","3 Kambis Drive, Henrico VA 23231","23231","Henrico","Single Family Residence","07/30/2021","$394,950","$400,000","7","Resale (occupied at least once)","1980","Yahley Mill Estates","3,784","1.10","4","3.1","Well","Septic - Conventional","Other","Individuals"
"1","2116603","759-742-6786","CLOSD","1409 Severn Road, Henrico VA 23229","23229","Henrico","Single Family Residence","07/30/2021","$364,900","$354,000","5","Resale (occupied at least once)","1948","None","1,344","0.29","3","2.0","Public Water","Sewer - Public","Conventional","Individuals"
"1","2116600","726-66-43-93-600-000","CLOSD","8925 Sawgrass Place, Chesterfield VA 23832","23832","Chesterfield","Single Family Residence","07/30/2021","$350,000","$387,500","7","Resale (occupied at least once)","2005","Birkdale","2,108","0.17","4","3.0","Public Water","Sewer - Public","Conventional","Individuals"
"1","2116539","758-742-9771","CLOSD","1400 Forest Avenue, Henrico VA 23229","23229","Henrico","Single Family Residence","07/30/2021","$254,950","$277,000","7","Resale (occupied at least once)","1951","West Forest Heights","1,148","0.25","3","1.0","Public Water","Sewer - Public","Cash","Individuals"
"1","2116469","742-760-6240","CLOSD","2316 Liesfeld Parkway, Henrico VA 23060","23060","Henrico","Townhouse","07/30/2021","$660,000","$670,000","4","Resale (occupied at least once)","2014","West Broad Village","2,828","0.03","4","4.1","Public Water","Sewer - Public","VA New","Individuals"
"1","2116448","W000-2031-012","CLOSD","4530 West Grace Street, Richmond City VA 23230","23230","Richmond City","Single Family Residence","07/30/2021","$689,000","$762,000","6","Resale (occupied at least once)","1952","Monument Avenue Park","2,823","0.17","4","4.0","Public Water","Sewer - Public","Conventional","Individuals"
"1","2116389","8725-61-7048","CLOSD","8074 Lake Haven Drive, Hanover VA 23111","23111","Hanover","Single Family Residence","07/30/2021","$435,000","$466,000","8","Resale (occupied at least once)","2003","Stonegate At Pebble Creek","3,674","0.36","5","3.1","Public Water","Sewer - Public","Conventional","Individuals"
"1","2116378","816-656-25-59-00000","CLOSD","12421 Hogans Pl, Chesterfield VA 23836","23836","Chesterfield","Single Family Residence","07/30/2021","$529,900","$546,125","10","Resale (occupied at least once)","2003","Rivers Bend","5,002","","6","3.2","Public Water","Sewer - Public","Conventional","Individuals"
"1","2116285","7749-55-7759","CLOSD","14480 Mountain Road, Hanover VA 23059","23059","Hanover","Single Family Residence","07/30/2021","$225,000","$242,000","7","Resale (occupied at least once)","1947","None","1,030","0.64","2","2.0","Well","Septic - Conventional","Conventional","Individuals"
"1","2116265","735-67-36-35-900-000","CLOSD","12754 Summerhouse Lane, Chesterfield VA 23112","23112","Chesterfield","Single Family Residence","07/30/2021","$290,000","$320,000","7","Resale (occupied at least once)","2008","Cameron Bay","1,744","0.22","3","2.1","Public Water","Sewer - Public","VA New","Individuals"
"1","2116238","780-61-57-05-100-000","CLOSD","20106 Glenlivet Court, Chesterfield VA 23803","23803","Chesterfield","Single Family Residence","07/30/2021","$210,000","$216,800","15","Resale (occupied at least once)","1980","Oak Forest Estates","1,296","0.32","4","2.0","Public Water","Sewer - Public","VHDA ","Individuals"
"1","2116180","763-773-3279","CLOSD","3405 Hunton Ridge Drive, Henrico VA 23059","23059","Henrico","Single Family Residence","07/30/2021","$579,900","$565,000","11","Resale (occupied at least once)","2011","The Ridge At Hunton Park","4,574","0.47","5","4.1","Public Water","Sewer - Public","Conventional","Individuals"
"1","2116134","8723-09-8127","CLOSD","6464 Lakevista Court, Hanover VA 23111","23111","Hanover","Single Family Residence","07/30/2021","$294,950","$285,000","11","Resale (occupied at least once)","1989","High Point Farms","1,296","0.38","4","2.0","Public Water","Sewer - Public","FHA New","Individuals"
"1","2116078","728-70-01-32-900-000","CLOSD","1400 Goswick Ridge Road, Chesterfield VA 23114","23114","Chesterfield","Single Family Residence","07/30/2021","$478,500","$452,500","17","Resale (occupied at least once)","2001","The Grove","3,620","0.32","5","3.1","Public Water","Sewer - Public","Other","Individuals"
"1","2116041","763-68-53-88-200-000","CLOSD","7513 Valencia Road, Chesterfield VA 23832","23832","Chesterfield","Single Family Residence","07/30/2021","$230,000","$255,000","5","Resale (occupied at least once)","1991","Pennwood","1,710","0.25","3","2.0","Public Water","Sewer - Public","VA New","Individuals"
"1","2116015","7797-62-5333","CLOSD","10124 Ashley Manor Lane, Hanover VA 23116","23116","Hanover","Single Family Residence","07/30/2021","$399,000","$445,000","6","Resale (occupied at least once)","1995","Ivy Banks","2,854","0.28","4","2.1","Public Water","Sewer - Public","Conventional","Individuals"
"1","2115818","742-69-75-01-100-000","CLOSD","11408 Mansfield Crossing Lane, Chesterfield VA 23236","23236","Chesterfield","Single Family Residence","07/30/2021","$255,000","$271,550","6","Resale (occupied at least once)","1985","Mansfield Crossing","1,539","0.20","3","2.0","Public Water","Sewer - Public","Conventional","Individuals"
"1","2115742","008-9-9","CLOSD","3612 Bolling road, Powhatan VA 23139","23139","Powhatan","Single Family Residence","07/30/2021","$299,900","$299,900","22","New (never occupied)","2021","None","1,372","2.00","3","2.0","Well","Septic - Conventional","Conventional","Corporate"
"1","2115645","787-62-72-06-700-000","CLOSD","17425 Thornwood Lane, Chesterfield VA 23803","23803","Chesterfield","Single Family Residence","07/30/2021","$330,000","$350,000","5","Resale (occupied at least once)","1999","Elko Farms","2,143","1.24","3","2.1","Well","Septic - Conventional","FHA New","Individuals"
"1","2115556","748-70-47-27-700-000","CLOSD","140 Arkwright Road, Chesterfield VA 23236","23236","Chesterfield","Single Family Residence","07/30/2021","$285,000","$319,000","1","Resale (occupied at least once)","1986","Shenandoah","1,979","0.47","4","2.1","Public Water","Sewer - Public","Conventional","Individuals"
"1","2115443","780-744-7542","CLOSD","2302 Essex Road, Henrico VA 23228","23228","Henrico","Single Family Residence","07/30/2021","$289,950","$289,950","4","Resale (occupied at least once)","1945","Bryan Parkway","1,564","0.17","3","2.0","Public Water","Sewer - Public","Conventional","Individuals"
"1","2115365","739-779-8146.037","CLOSD","5901 Old Greenway Drive, Henrico VA 23059","23059","Henrico","Condominium","07/30/2021","$489,950","$487,000","6","Resale (occupied at least once)","2001","Greens At Wyndham","2,451","0.20","3","3.1","Public Water","Sewer - Public","Cash","Individuals"
"1","2115258","8716-98-9495","CLOSD","6995 Hartford Oaks Court, Hanover VA 23116","23116","Hanover","Single Family Residence","07/30/2021","$474,950","$450,000","9","Resale (occupied at least once)","1989","Hartford Oaks","2,603","1.03","5","3.1","Community Well","Septic - Conventional","Conventional","Individuals"
"1","2115160","758-68-48-65-200-000","CLOSD","4707 Shepherds Mill Drive, Chesterfield VA 23832","23832","Chesterfield","Single Family Residence","07/30/2021","$289,900","$311,000","9","Resale (occupied at least once)","2005","Shepherds Watch","2,170","0.39","5","2.1","Public Water","Sewer - Public","Conventional","Individuals"
"1","2115125","736-759-5329.014","CLOSD","3009 Anglican Place, Henrico VA 23233","23233","Henrico","Condominium","07/30/2021","$360,000","$360,000","8","Resale (occupied at least once)","1991","English Oaks At Wellesley","2,200","5.43","3","2.1","Public Water","Sewer - Public","Conventional","Individuals"
"1","2115124","723-68-83-08-500-000","CLOSD","14320 Spring Gate Court, Chesterfield VA 23112","23112","Chesterfield","Single Family Residence","07/30/2021","$385,000","$385,000","5","Resale (occupied at least once)","1983","Spring Gate","2,398","0.32","4","2.1","Public Water","Sewer - Public","Conventional","Individuals"
"1","2115094","763-740-5854","CLOSD","7108 Three Chopt, Henrico VA 23226","23226","Henrico","Single Family Residence","07/30/2021","$469,000","$455,000","15","Resale (occupied at least once)","1947","Duntreath","2,188","0.29","4","3.1","Public Water","Sewer - Public","Conventional","Individuals"
"1","2115093","732-71-63-18-800-000","CLOSD","2420 Chartstone Drive, Chesterfield VA 23113","23113","Chesterfield","Single Family Residence","07/30/2021","$595,000","$666,500","5","Resale (occupied at least once)","1993","Roxshire","3,880","0.91","5","3.1","Public Water","Sewer - Public","Conventional","Individuals"
"1","2114913","788-766-2031.195","CLOSD","701 Masters Row #UnitC, Henrico VA 23059","23059","Henrico","Condominium","07/30/2021","$189,000","$188,000","15","Resale (occupied at least once)","1998","Links Condominiums","1,150","15.20","2","2.0","Public Water","Sewer - Public","Conventional","Individuals"
"1","2114739","741-760-6568","CLOSD","3945 Redbud Road, Henrico VA 23060","23060","Henrico","Townhouse","07/30/2021","$450,000","$450,000","10","Resale (occupied at least once)","2013","West Broad Village","2,002","0.03","3","3.1","Public Water","Sewer - Public","Conventional","Individuals"
"1","2114566","8725-95-7656","CLOSD","6008 Saber Court, Hanover VA 23111","23111","Hanover","Single Family Residence","07/30/2021","$239,950","$250,000","8","Resale (occupied at least once)","1993","Battlefield Green","1,202","0.27","3","2.0","Public Water","Sewer - Public","Conventional","Individuals"
"1","2114410","769-64-63-48-500-000","CLOSD","8430 Macandrew Terrace, Chesterfield VA 23838","23838","Chesterfield","Single Family Residence","07/30/2021","$530,000","$530,000","33","Resale (occupied at least once)","2004","The Highlands","4,516","1.94","5","3.1","Public Water","Septic - Conventional","Conventional","Individuals"
"1","2114309","8704-59-8122","CLOSD","7454 Lake Terrell Drive, Hanover VA 23111","23111","Hanover","Single Family Residence","07/30/2021","$297,000","$330,000","4","Resale (occupied at least once)","1992","Meadowbridge","1,799","0.35","3","2.1","Public Water","Sewer - Public","Conventional","Individuals"
"1","2114308","778-61-00-85-600-000","CLOSD","21206 Franklin Avenue, Chesterfield VA 23803","23803","Chesterfield","Single Family Residence","07/30/2021","$249,999","$250,000","16","Resale (occupied at least once)","2003","None","1,715","0.43","3","2.0","Public Water","Sewer - Public","VA New","Individuals"
"1","2114067","750-71-49-20-700-000","CLOSD","1816 Hollingsworth Drive, Chesterfield VA 23235","23235","Chesterfield","Single Family Residence","07/30/2021","$338,800","$350,000","6","Resale (occupied at least once)","1969","Edgehill","2,316","0.30","4","2.1","Public Water","Sewer - Public","Conventional","Individuals"
"1","2114036","W022-0220-020","CLOSD","205 South Lock Lane, Richmond City VA 23226","23226","Richmond City","Single Family Residence","07/30/2021","$1,420,000","$1,420,000","29","Resale (occupied at least once)","1935","Windsor Farms","3,843","0.55","5","4.1","Public Water","Sewer - Public","Cash","Individuals"
"1","2114023","769-69-32-32-500-000","CLOSD","6513 South Stevens Hollow Drive, Chesterfield VA 23832","23832","Chesterfield","Single Family Residence","07/30/2021","$233,900","$238,000","7","Resale (occupied at least once)","1983","Stevens Hollow","1,524","0.74","4","2.0","Public Water","Sewer - Public","FHA New","Individuals"
"1","2113935","759-65-72-45-700-000","CLOSD","9000 Waterfowl Flyway, Chesterfield VA 23838","23838","Chesterfield","Single Family Residence","07/30/2021","$439,950","$481,501","7","Resale (occupied at least once)","1986","Woodland Pond","2,781","1.56","4","2.1","Public Water","Septic - Conventional","Conventional","Individuals"
"1","2113876","740-747-9512","CLOSD","10610 North Dover Pointe Road, Henrico VA 23238","23238","Henrico","Single Family Residence","07/30/2021","$415,000","$481,500","5","Resale (occupied at least once)","1985","Sancrest","2,689","0.36","4","2.1","Public Water","Sewer - Public","Conventional","Individuals"
"1","2113668","738-770-2897","CLOSD","5213 Aldenbrook Way, Henrico VA 23059","23059","Henrico","Single Family Residence","07/30/2021","$639,950","$640,000","49","Resale (occupied at least once)","2015","Reserve At Pouncey Tract","3,802","0.22","4","3.1","Public Water","Sewer - Public","Conventional","Individuals"
"1","2113123","766-775-9881","CLOSD","11463 Chickahominy Branch Drive, Henrico VA 23059","23059","Henrico","Single Family Residence","07/30/2021","$525,000","$540,000","6","Resale (occupied at least once)","1989","Chickahominy Branch","2,802","1.02","5","2.1","Public Water","Septic - Conventional","Conventional","Individuals"
"1","2112804","C008-0379-002","CLOSD","5243 Germain Road, Richmond City VA 23224","23224","Richmond City","Single Family Residence","07/30/2021","$179,990","$200,000","10","Resale (occupied at least once)","1958","Hollandale","1,144","0.33","3","1.0","Public Water","Sewer - Public","Conventional","Individuals"
"1","2112643","768-762-3660","CLOSD","9908 Heritage Lane, Henrico VA 23060","23060","Henrico","Single Family Residence","07/30/2021","$330,000","$350,000","8","Resale (occupied at least once)","1988","Tall Timbers","1,999","0.30","4","2.1","Public Water","Sewer - Public","Conventional","Individuals"
"1","2112050","771-736-2305.108","CLOSD","251 Finial Avenue #Unit22, Henrico VA 23226","23226","Henrico","Townhouse","07/30/2021","$799,500","$825,000","9","Resale (occupied at least once)","2016","Monument Square Condo","3,016","0.08","4","3.1","Public Water","Sewer - Public","Cash","Individuals"
"1","2112010","8800-91-8089","CLOSD","13197 Depot Road, Hanover VA 23069","23069","Hanover","Single Family Residence","07/30/2021","$260,000","$170,000","69","Resale (occupied at least once)","1920","None","2,644","1.00","5","2.0","Well","Septic - Conventional","Cash","Individuals"
"1","2111938","792-63-55-11-600-000","CLOSD","15531 Parkgate Drive, Chesterfield VA 23831","23831","Chesterfield","Single Family Residence","07/30/2021","$319,950","$330,000","6","Resale (occupied at least once)","2014","Harrowgate Meadows","1,927","0.40","4","2.0","Public Water","Sewer - Public","VA New","Other"
"1","2111338","117541","CLOSD","7451 Sedge Drive, New Kent VA 23124","23124","New Kent","Single Family Residence","07/30/2021","$494,990","$492,500","68","New (never occupied)","2020","Arbors","3,059","","4","3.1","Public Water","Sewer - Public","FHA New","Corporate"
"1","2111320","W019-0228-017","CLOSD","4712 Kensington Avenue, Richmond City VA 23226","23226","Richmond City","Single Family Residence","07/30/2021","$899,900","$960,000","7","Resale (occupied at least once)","1910","Colonial Place Annex","3,040","0.26","5","2.2","Public Water","Sewer - Public","Conventional","Individuals"
"1","2111307","796-62-01-10-100-000","CLOSD","19111 Temple Avenue, Chesterfield VA 23834","23834","Chesterfield","Single Family Residence","07/30/2021","$210,000","$215,000","26","Resale (occupied at least once)","1990","Colonial Pine Estates","1,248","0.28","3","2.1","Public Water","Sewer - Public","VHDA/FHA","Corporate"
"1","2111296","772-735-5697.097","CLOSD","5100 Monument Avenue #Unit714, Henrico VA 23230","23230","Henrico","Condominium","07/30/2021","$285,000","$280,000","46","Resale (occupied at least once)","1961","5100 Monument","1,295","0.03","2","2.0","Public Water","Sewer - Public","Conventional","Individuals"
"1","2110846","17-1-0-74-0","CLOSD","2726 Hadensville Fife Road, Goochland VA 23063","23063","Goochland","Single Family Residence","07/30/2021","$269,000","$270,000","6","New (never occupied)","2021","None","1,518","2.36","3","2.0","Well","Septic - Conventional","Conventional","Individuals"
"1","2108367","767-69-03-72-800-000","CLOSD","6912 Laughton Drive, Chesterfield VA 23832","23832","Chesterfield","Single Family Residence","07/30/2021","$299,000","$330,000","6","Resale (occupied at least once)","1983","Belmont Hills","1,983","0.27","4","2.1","Public Water","Sewer - Public","FHA New","Individuals"
"1","2105918","761-61-50-11-000-000","CLOSD","9324 River Road, Chesterfield VA 23803","23803","Chesterfield","Single Family Residence","07/30/2021","$449,000","$410,000","43","Resale (occupied at least once)","1970","None","672","63.00","2","1.0","Well","Septic - Conventional","Cash","Individuals"
"1","2102922","TBD","CLOSD","12491 Donahue Road, Henrico VA 23059","23059","Henrico","Single Family Residence","07/30/2021","$661,420","$670,791","52","New (never occupied)","2021","Dominion Park At Wyndham","2,750","","4","3.1","Public Water","Sewer - Public","Conventional","Corporate"
"1","2101890","104493","CLOSD","4511 Gelding Road, New Kent VA 23011","23011","New Kent","Single Family Residence","07/30/2021","$589,900","$589,900","4","New (never occupied)","2021","None","2,596","6.07","4","3.0","Well","Septic - Conventional","VA New","Corporate"
"1","2100916","716666521000000","CLOSD","15513 Wolfboro Road, Chesterfield VA 23832","23832","Chesterfield","Single Family Residence","07/30/2021","$424,940","$430,625","14","New (never occupied)","2020","Harpers Mill","2,749","","5","4.0","Public Water","Sewer - Public","Conventional","Corporate"
"1","2036921","831-725-6455","CLOSD","1927 North Washington Street, Henrico VA 23075","23075","Henrico","Single Family Residence","07/30/2021","$180,000","$200,000","28","Resale (occupied at least once)","1951","Highland Springs","812","0.47","2","1.0","Well","Septic - Alternative","FHA New","Individuals"
"1","2036657","C009-0423-002","CLOSD","4143 Mckay Avenue, Richmond City VA 23224","23224","Richmond City","Single Family Residence","07/30/2021","$135,000","$115,000","70","Resale (occupied at least once)","1948","Rolando","1,280","0.51","4","1.0","Public Water","Sewer - Public","Conventional","Estate"
"1","2036481","M11-2016-0949","CLOSD","6290 Bushnell Drive, New Kent VA 23124","23124","New Kent","Single Family Residence","07/30/2021","$345,250","$345,250","0","New (never occupied)","2020","Rochambeau Estates","2,373","0.50","4","2.1","Public Water","Septic - Alternative","FHA New","Corporate"
"1","2034847","714661423300000","CLOSD","9112 Sharpe Court, Chesterfield VA 23832","23832","Chesterfield","Single Family Residence","07/30/2021","$438,644","$559,441","91","New (never occupied)","2020","Harpers Mill","2,053","","3","2.1","Public Water","Sewer - Public","Cash","Corporate"
"1","2034741","M11-1951-0628","CLOSD","6299 Bushnell Drive, New Kent VA 23124","23124","New Kent","Single Family Residence","07/30/2021","$502,485","$497,082","0","New (never occupied)","2020","Rochambeau Estates","3,351","","5","3.1","Public Water","Septic - Conventional","Conventional","Corporate"
"1","2028766","701-67-19-86-100-000","CLOSD","7237 Bonallack Bend, Chesterfield VA 23120","23120","Chesterfield","Single Family Residence","07/30/2021","$672,788","$713,108","2","New (never occupied)","2020","Magnolia Green","3,252","0.27","4","4.0","Public Water","Sewer - Public","Conventional","Corporate"
"1","2028409","772-740-9369","CLOSD","5609 Coopers Walk Lane #UnitU-4, Henrico VA 23230","23230","Henrico","Townhouse","07/30/2021","$335,450","$348,924","410","New (never occupied)","2020","Libbie Mill Townhomes","1,511","0.00","3","3.1","Public Water","Sewer - Public","Conventional","Other"
"1","2025782","58-54-4-25-0","CLOSD","12049 Talavera Terrace, Goochland VA 23238","23238","Goochland","Townhouse","07/30/2021","$414,225","$508,870","1","New (never occupied)","2020","Mosaic at West Creek","2,239","","3","3.0","Public Water","Sewer - Public","Conventional","Corporate"
"1","1934964","64-28-F-32-0","CLOSD","188 Woodfern, Goochland VA 23238","23238","Goochland","Single Family Residence","07/30/2021","$769,900","$957,307","26","New (never occupied)","2019","West Oak","4,262","0.33","5","4.0","Public Water","Sewer - Public","Cash","Corporate"
"1","REIN10385154","14-6-A2","CLOSD","6280 Barnetts Road, Charles City County VA 23030","23030","Charles City County","Single Family Residence","07/30/2021","$235,500","$240,000","1","Resale (occupied at least once)","2013","ALL OTHERS AREA 142","1,208","1.92","3","2.0","Well","Septic","",""
"1","REIN10373729","7370 Fougere Place","CLOSD","7370 Fougere Place, New Kent VA 23124","23124","New Kent","Single Family Residence","07/30/2021","$385,990","$385,990","10","New (never occupied)","2021","NEW KENT","2,527","","3","3.0","Public Water","Public Sewer On Site","",""
"1","REIN10372508","117541","CLOSD","7451 Sedge Drive, New Kent VA 23124","23124","New Kent","Single Family Residence","07/30/2021","$494,990","$492,500","65","New (never occupied)","2020","NEW KENT","3,059","","4","4.0","Public Water","Public Sewer On Site","",""
"1","2118778","E000-0258-024","CLOSD","307 North 22nd Street, Richmond City VA 23223","23223","Richmond City","Single Family Residence","08/02/2021","$197,000","$225,000","11","Resale (occupied at least once)","1910","None","1,778","0.03","3","1.1","Public Water","Sewer - Public","Cash","Estate"
"1","2118777","E000-0258-023","CLOSD","305 North 22nd Street, Richmond City VA 23223","23223","Richmond City","Single Family Residence","08/02/2021","$197,000","$225,000","11","Resale (occupied at least once)","1910","None","1,778","0.03","3","2.0","Public Water","Sewer - Public","Cash","Estate"
"1","2110319","736-766-5383","CLOSD","12315 Liesfeld Farm Drive, Henrico VA 23059","23059","Henrico","Single Family Residence","08/02/2021","$949,990","$949,990","0","New (never occupied)","2018","Hawksgate at Bacova Section 1","4,356","0.41","6","5.1","Public Water","Sewer - Public","Conventional","Corporate"
"1","2113984","N000-0307-032","CLOSD","724 West Clay Street, Richmond City VA 23220","23220","Richmond City","Single Family Residence","08/02/2021","$325,000","$335,000","38","Resale (occupied at least once)","1844","None","1,479","0.05","3","2.0","Public Water","Sewer - Public","Conventional","Individuals"
"1","2101751","722-65-68-76-300-000","CLOSD","15101 Stone Church Drive, Chesterfield VA 23832","23832","Chesterfield","Single Family Residence","08/02/2021","$385,450","$389,450","2","New (never occupied)","2021","Willow Creek","2,500","1.32","4","2.1","Public Water","Sewer - Public","FHA New","Corporate"
"1","2116962","767-68-94-85-500-000","CLOSD","3807 Summers Trace Drive, Chesterfield VA 23832","23832","Chesterfield","Single Family Residence","08/02/2021","$285,000","$295,000","0","Resale (occupied at least once)","2005","Summers Trace","2,098","0.31","4","2.1","Public Water","Sewer - Public","FHA New","Individuals"
"1","2112805","W019-0078-023","CLOSD","4812 Cutshaw Avenue, Richmond City VA 23230","23230","Richmond City","Single Family Residence","08/02/2021","$379,950","$385,000","26","Resale (occupied at least once)","1953","Monument Avenue Park","1,450","0.13","3","1.1","Public Water","Sewer - Public","Conventional","Corporate"
"1","2023479","785-757-7892","CLOSD","8349 Scott Place, Henrico VA 23227","23227","Henrico","Townhouse","08/02/2021","$279,990","$279,990","127","New (never occupied)","2020","Glens at Scott Place","1,480","","3","2.1","Public Water","Sewer - Public","FHA New","Corporate"
"1","2119710","750-62-72-64-800-000","CLOSD","15519 Saddlebrook Road, Chesterfield VA 23838","23838","Chesterfield","Single Family Residence","08/02/2021","$239,500","$230,500","11","Resale (occupied at least once)","1974","Bright Oaks Estates","1,056","0.42","3","2.0","Public Water","Septic - Conventional","Cash","Corporate"
"1","2101152","812649080900000","CLOSD","13918 Marsham Road, Chesterfield VA 23836","23836","Chesterfield","Single Family Residence","08/02/2021","$395,490","$395,490","0","New (never occupied)","2021","Ramblewood Estates","2,767","","4","2.1","Public Water","Sewer - Public","FHA New","Corporate"
"1","2119613","N000-1897-002","CLOSD","3812 Brook Road, Richmond City VA 23227","23227","Richmond City","Single Family Residence","08/02/2021","$330,000","$327,000","7","Resale (occupied at least once)","1948","Brookdale","1,060","0.16","2","2.0","Public Water","Sewer - Public","Conventional","Individuals"
"1","2118370","817-711-7354","CLOSD","5406 Coxson Road, Henrico VA 23231","23231","Henrico","Single Family Residence","08/02/2021","$225,000","$217,000","14","Resale (occupied at least once)","1957","Robinwood","1,488","0.42","4","1.0","Public Water","Sewer - Public","FHA New","Individuals"
"1","2116461","744-743-7099","CLOSD","1502 Ednam Forest Drive, Henrico VA 23238","23238","Henrico","Single Family Residence","08/02/2021","$449,950","$445,000","33","Resale (occupied at least once)","1972","Ednam Forest","2,744","0.54","5","3.0","Public Water","Sewer - Public","Conventional","Individuals"
"1","2118945","C001-1089-022","CLOSD","10300 Epsilon Road, Richmond City VA 23235","23235","Richmond City","Single Family Residence","08/02/2021","$379,900","$375,000","12","Resale (occupied at least once)","1967","Staffordshire","2,827","0.35","5","2.1","Public Water","Sewer - Public","Conventional","Individuals"
"1","2121273","S000-0761-004","CLOSD","1810 Halifax Avenue, Richmond City VA 23224","23224","Richmond City","Single Family Residence","08/02/2021","$79,000","$91,000","5","Resale (occupied at least once)","1939","Mason Park","672","0.13","2","1.0","Public Water","Sewer - Public","Cash","Individuals"
"1","2120492","S006-0216-021","CLOSD","5117 Sylvan Road, Richmond City VA 23225","23225","Richmond City","Single Family Residence","08/02/2021","$415,000","$463,500","5","Resale (occupied at least once)","1949","Westover Hills","1,862","0.15","3","2.0","Public Water","Sewer - Public","Cash","Individuals"
"1","2120080","823-65-05-53-000-000","CLOSD","1511 Bermuda Hundred Road, Chesterfield VA 23836","23836","Chesterfield","Single Family Residence","08/02/2021","$399,900","$392,000","7","Resale (occupied at least once)","1988","Rivermont Hills","2,112","3.00","3","2.0","Public Water","Septic - Conventional","Conventional","Individuals"
"1","2120018","N000-0341-010","CLOSD","1104 Althea Parkway, Richmond City VA 23222","23222","Richmond City","Single Family Residence","08/02/2021","$199,950","$215,000","6","Resale (occupied at least once)","1953","Alvista Heights","912","0.15","2","1.0","Public Water","Sewer - Public","Conventional","Individuals"
"1","2119967","788-769-1288","CLOSD","2009 Southwinds Court, Henrico VA 23059","23059","Henrico","Townhouse","08/02/2021","$379,950","$387,000","7","Resale (occupied at least once)","2007","Villages At The Crossings","2,612","0.14","3","2.1","Public Water","Sewer - Public","Conventional","Individuals"
"1","2119825","8725-74-5192","CLOSD","6167 Rolling Forest Circle, Hanover VA 23111","23111","Hanover","Townhouse","08/02/2021","$224,900","$224,900","3","Resale (occupied at least once)","1987","Battlefield Farms","1,694","0.10","3","2.0","Public Water","Sewer - Public","Conventional","Individuals"
"1","2119706","860-706-2439","CLOSD","5221 Windsor Road, Henrico VA 23150","23150","Henrico","Single Family Residence","08/02/2021","$370,000","$385,000","5","Resale (occupied at least once)","2007","Ancient Shores","2,634","1.03","4","2.1","Well","Septic - Alternative","Conventional","Individuals"
"1","2119688","824-718-6309","CLOSD","211 Meroyn Drive, Henrico VA 23150","23150","Henrico","Single Family Residence","08/02/2021","$199,950","$205,000","3","Resale (occupied at least once)","1959","Sandston","1,144","0.31","3","1.0","Public Water","Sewer - Public","VHDA ","Individuals"
"1","2119653","725-65-73-36-600-000","CLOSD","10825 Wycombe Road, Chesterfield VA 23112","23112","Chesterfield","Single Family Residence","08/02/2021","$420,000","$420,000","2","Resale (occupied at least once)","2010","Collington","2,968","0.30","5","2.1","Public Water","Sewer - Public","Conventional","Individuals"
"1","2119463","7778-62-5026","CLOSD","11493 Chiltern Hills Court, Hanover VA 23059","23059","Hanover","Single Family Residence","08/02/2021","$345,000","$351,000","4","Resale (occupied at least once)","2001","Cedarlea Park","2,203","0.48","4","2.1","Public Water","Sewer - Public","Conventional","Individuals"
"1","2119451","742-764-1375","CLOSD","5016 Coachmans Carriage Terrace, Henrico VA 23059","23059","Henrico","Single Family Residence","08/02/2021","$549,950","$555,000","7","Resale (occupied at least once)","2004","Parsons Walk @ Twin Hickory","3,582","0.19","4","3.1","Public Water","Sewer - Public","Conventional","Individuals"
"1","2119396","N000-0706-016","CLOSD","2710 Woodrow Avenue, Richmond City VA 23222","23222","Richmond City","Single Family Residence","08/02/2021","$199,950","$225,000","4","Resale (occupied at least once)","1978","None","1,064","0.11","3","1.1","Public Water","Sewer - Public","Conventional","Individuals"
"1","2119395","728-70-17-11-500-000","CLOSD","13606 Gravity Hill Lane, Chesterfield VA 23114","23114","Chesterfield","Single Family Residence","08/02/2021","$460,000","$480,000","6","Resale (occupied at least once)","2000","The Grove","3,291","0.28","4","2.1","Public Water","Sewer - Public","Conventional","Individuals"
"1","2119362","7798-62-9117","CLOSD","11116 Bugle Lane, Hanover VA 23116","23116","Hanover","Single Family Residence","08/02/2021","$374,950","$411,000","9","Resale (occupied at least once)","1999","Foxhead","2,500","1.45","4","2.1","Public Water","Sewer - Public","Conventional","Individuals"
"1","2119352","W000-0440-073","CLOSD","1252 Parkwood Avenue, Richmond City VA 23220","23220","Richmond City","Single Family Residence","08/02/2021","$350,000","$355,000","3","Resale (occupied at least once)","1900","Randolph West","1,454","0.05","4","2.1","Public Water","Sewer - Public","Conventional","Individuals"
"1","2119336","702-66-93-42-600-000","CLOSD","7205 Desert Candle Drive, Chesterfield VA 23120","23120","Chesterfield","Townhouse","08/02/2021","$375,000","$385,000","4","Resale (occupied at least once)","2020","None","1,829","","3","2.1","Public Water","Sewer - Public","VA New","Individuals"
"1","2119318","715-69-40-66-800-000","CLOSD","15430 Sultree Drive, Chesterfield VA 23112","23112","Chesterfield","Single Family Residence","08/02/2021","$649,900","$725,000","2","Resale (occupied at least once)","2017","Newmarket","4,164","0.46","5","3.1","Public Water","Sewer - Public","Conventional","Individuals"
"1","2119310","735-62-53-31-900-000","CLOSD","15536 Chesdin Landing Court, Chesterfield VA 23838","23838","Chesterfield","Single Family Residence","08/02/2021","$775,000","$715,000","2","Resale (occupied at least once)","2000","Chesdin Landing","4,731","4.25","4","4.1","Public Water","Septic - Conventional","VA New","Individuals"
"1","2119297","782-764-0979","CLOSD","10159 Berrymeade Place, Henrico VA 23060","23060","Henrico","Single Family Residence","08/02/2021","$250,000","$250,000","6","Resale (occupied at least once)","1988","Berrymeade","1,128","0.25","3","2.0","Public Water","Sewer - Public","FHA New","Individuals"
"1","2119221","725-71-61-28-400-000","CLOSD","13901 Ladybank Court, Chesterfield VA 23113","23113","Chesterfield","Townhouse","08/02/2021","$599,000","$648,000","8","Resale (occupied at least once)","1990","Salisbury Village Townhouses","3,606","0.17","4","3.1","Public Water","Sewer - Public","Cash","Individuals"
"1","2119209","796643902100000","CLOSD","14519 Sonnenburg Drive, Chesterfield VA 23831","23831","Chesterfield","Single Family Residence","08/02/2021","$245,000","$275,000","4","Resale (occupied at least once)","1986","Mistwood Forest","1,804","0.29","3","2.0","Public Water","Sewer - Public","Cash","Individuals"
"1","2119186","759-67-88-68-100-000","CLOSD","5707 Springmount Road, Chesterfield VA 23832","23832","Chesterfield","Single Family Residence","08/02/2021","$369,950","$380,000","3","Resale (occupied at least once)","2005","Five Forks Village","2,963","0.26","5","3.1","Public Water","Sewer - Public","FHA New","Individuals"
"1","2119177","N000-1238-011","CLOSD","3202 Noble Avenue, Richmond City VA 23222","23222","Richmond City","Single Family Residence","08/02/2021","$750,000","$780,000","4","Resale (occupied at least once)","1949","Ginter Park","3,100","0.43","3","2.2","Public Water","Sewer - Public","Conventional","Individuals"
"1","2118915","721-64-46-53-800-000","CLOSD","12412 Trumpington Court, Chesterfield VA 23838","23838","Chesterfield","Single Family Residence","08/02/2021","$389,900","$429,880","5","Resale (occupied at least once)","2001","Windsor Park","2,497","1.01","5","3.0","Public Water","Septic - Conventional","Conventional","Individuals"
"1","2118851","777-764-1311","CLOSD","2259 Thomas Kenney Drive, Henrico VA 23060","23060","Henrico","Single Family Residence","08/02/2021","$369,950","$391,000","4","Resale (occupied at least once)","2009","Spring Lake","2,640","0.30","4","2.1","Public Water","Sewer - Public","Conventional","Individuals"
"1","2118839","W000-1522-008","CLOSD","3321 West Grace Street, Richmond City VA 23221","23221","Richmond City","Single Family Residence","08/02/2021","$525,000","$546,000","5","Resale (occupied at least once)","1926","Sheppard Estates","1,594","0.06","3","2.1","Public Water","Sewer - Public","Conventional","Individuals"
"1","2118762","756-733-2482","CLOSD","109 Ralston Road, Henrico VA 23229","23229","Henrico","Single Family Residence","08/02/2021","$699,000","$784,050","5","Resale (occupied at least once)","1963","River Road Hills","2,658","0.58","4","3.1","Public Water","Sewer - Public","Conventional","Individuals"
"1","2118719","745-69-05-22-600-000","CLOSD","10806 Corryville Road, Chesterfield VA 23236","23236","Chesterfield","Single Family Residence","08/02/2021","$339,950","$352,000","10","Resale (occupied at least once)","1993","Brandon","2,139","0.32","4","2.1","Public Water","Sewer - Public","Conventional","Individuals"
"1","2118716","8706-07-9443","CLOSD","9405 Nolandwood Drive, Hanover VA 23116","23116","Hanover","Single Family Residence","08/02/2021","$484,950","$490,000","2","Resale (occupied at least once)","2015","Cool Spring Forest","2,679","0.28","4","3.0","Public Water","Sewer - Public","Conventional","Individuals"
"1","2118599","725-69-93-45-800-000","CLOSD","1060 Alcorn Terrace, Chesterfield VA 23114","23114","Chesterfield","Single Family Residence","08/02/2021","$350,000","$350,000","2","Resale (occupied at least once)","2005","Leland Village At Charter Colony","1,988","0.15","3","2.1","Public Water","Sewer - Public","Conventional","Estate"
"1","2118563","710-67-64-75-500-000","CLOSD","6440 Bilberry Alley, Chesterfield VA 23120","23120","Chesterfield","Townhouse","08/02/2021","$309,950","$317,000","6","Resale (occupied at least once)","2019","Wynwood at Foxcreek","1,576","0.10","3","2.1","Public Water","Sewer - Public","Conventional","Individuals"
"1","2118425","8706-73-8518","CLOSD","9178 Ruth Wood Court, Hanover VA 23116","23116","Hanover","Single Family Residence","08/02/2021","$375,000","$400,100","4","Resale (occupied at least once)","2001","Berkeley Forest","2,256","0.44","3","2.1","Public Water","Sewer - Public","Private","Individuals"
"1","2118410","734-70-81-83-500-000","CLOSD","12607 Mill Lock Terrace, Chesterfield VA 23113","23113","Chesterfield","Single Family Residence","08/02/2021","$285,000","$305,000","0","Resale (occupied at least once)","1988","Millstone Creek","1,511","0.21","3","2.0","Public Water","Sewer - Public","Conventional","Individuals"
"1","2118319","N000-1037-012","CLOSD","3222 Hanes Avenue, Richmond City VA 23222","23222","Richmond City","Single Family Residence","08/02/2021","$385,000","$410,000","7","Resale (occupied at least once)","1923","None","1,824","0.14","3","2.1","Public Water","Sewer - Public","Conventional","Individuals"
"1","2118271","708-68-49-47-800-000","CLOSD","4518 Lake Summer Mews, Chesterfield VA 23120","23120","Chesterfield","Single Family Residence","08/02/2021","$499,950","$521,000","5","Resale (occupied at least once)","2007","Summer Lake","3,696","0.31","6","3.1","Public Water","Sewer - Public","VA New","Individuals"
"1","2118249","789-756-1534","CLOSD","8302 St Charles Road, Henrico VA 23227","23227","Henrico","Single Family Residence","08/02/2021","$255,000","$265,000","6","Resale (occupied at least once)","1964","Wildwood","1,308","0.28","3","2.0","Public Water","Sewer - Public","VA New","Individuals"
"1","2118103","724-70-50-76-700-000","CLOSD","14206 Charters Bluff Place, Chesterfield VA 23114","23114","Chesterfield","Single Family Residence","08/02/2021","$519,000","$535,000","2","Resale (occupied at least once)","2007","Berkley Village","3,837","0.37","5","4.0","Public Water","Sewer - Public","Conventional","Individuals"
"1","2118069","W000-0882-020","CLOSD","1308 South Meadow Street, Richmond City VA 23220","23220","Richmond City","Single Family Residence","08/02/2021","$299,900","$325,000","5","Resale (occupied at least once)","1941","Maymont Gardens","1,079","0.14","2","1.0","Public Water","Sewer - Public","Conventional","Corporate"
"1","2118021","798-736-8777","CLOSD","1410 Pensacola Avenue, Henrico VA 23222","23222","Henrico","Single Family Residence","08/02/2021","$240,000","$250,000","4","Resale (occupied at least once)","2016","East Highland Park","1,440","0.51","3","2.1","Public Water","Sewer - Public","FHA New","Individuals"
"1","2117908","714-66-88-12-800-000","CLOSD","7825 Hampton Forest Lane, Chesterfield VA 23832","23832","Chesterfield","Single Family Residence","08/02/2021","$400,000","$432,150","4","Resale (occupied at least once)","2000","Hampton Park","2,528","0.26","4","2.1","Public Water","Sewer - Public","Conventional","Individuals"
"1","2117862","741-68-90-73-900-000","CLOSD","3026 Chislet Drive, Chesterfield VA 23112","23112","Chesterfield","Single Family Residence","08/02/2021","$375,000","$412,500","3","Resale (occupied at least once)","2007","Walnut Grove","2,340","0.40","4","2.1","Public Water","Sewer - Public","Conventional","Individuals"
"1","2117819","S000-2923-060","CLOSD","4030 Forest Hill Avenue #UnitU16, Richmond City VA 23225","23225","Richmond City","Condominium","08/02/2021","$110,000","$110,000","7","Resale (occupied at least once)","1961","Forest Oaks Condominiums","753","0.02","2","1.0","Public Water","Sewer - Public","Conventional","Other"
"1","2117706","721-70-75-63-100-000","CLOSD","14521 Aldengate Road, Chesterfield VA 23114","23114","Chesterfield","Single Family Residence","08/02/2021","$424,000","$439,000","5","Resale (occupied at least once)","1984","Otterdale","2,651","1.30","5","3.0","Public Water","Septic - Conventional","Conventional","Individuals"
"1","2117515","730-69-73-79-100-000","CLOSD","13508 Paigewood Road, Chesterfield VA 23114","23114","Chesterfield","Single Family Residence","08/02/2021","$379,900","$379,900","12","Resale (occupied at least once)","1984","Queensmill","2,332","0.72","4","2.1","Public Water","Sewer - Public","Conventional","Individuals"
"1","2117446","732-70-91-65-500-000","CLOSD","12807 Oldbury Court, Chesterfield VA 23113","23113","Chesterfield","Single Family Residence","08/02/2021","$250,000","$281,500","6","Resale (occupied at least once)","1992","Buckingham","1,435","1.47","4","2.0","Public Water","Sewer - Public","Conventional","Individuals"
"1","2117424","755-69-14-82-500-000","CLOSD","2801 Wicklow Lane, Chesterfield VA 23236","23236","Chesterfield","Single Family Residence","08/02/2021","$495,000","$675,000","4","Resale (occupied at least once)","1983","Bexley East","3,835","1.02","3","2.1","Public Water","Sewer - Public","Conventional","Individuals"
"1","2117413","734-754-9211","CLOSD","11108 Bothwell Street, Henrico VA 23233","23233","Henrico","Single Family Residence","08/02/2021","$494,950","$500,000","5","Resale (occupied at least once)","1987","Pine Run","3,062","0.41","5","2.1","Public Water","Sewer - Public","Conventional","Individuals"
"1","2117225","N000-1960-004","CLOSD","3910 Fauquier Avenue, Richmond City VA 23227","23227","Richmond City","Single Family Residence","08/02/2021","$459,000","$552,250","4","Resale (occupied at least once)","1927","Bellevue","1,955","0.14","3","2.0","Public Water","Sewer - Public","Cash","Individuals"
"1","2117161","19G12A 4  14","CLOSD","2399 Prince Andrew Court #Unit14, New Kent VA 23141","23141","New Kent","Condominium","08/02/2021","$234,900","$234,900","7","Resale (occupied at least once)","2008","Cumberland","1,709","0.07","3","2.1","Public Water","Sewer - Public","Conventional","Individuals"
"1","2117097","723-69-95-09-200-000","CLOSD","1448 Lundy Terrace, Chesterfield VA 23114","23114","Chesterfield","Single Family Residence","08/02/2021","$545,000","$581,000","9","Resale (occupied at least once)","2005","Mallory Village @ Charter Colony","3,921","0.31","6","3.1","Public Water","Sewer - Public","Conventional","Individuals"
"1","2116896","756-69-71-85-600-000","CLOSD","1618 Treewood Lane, Chesterfield VA 23235","23235","Chesterfield","Single Family Residence","08/02/2021","$243,000","$244,001","27","Resale (occupied at least once)","1979","Providence Pines","1,443","0.22","3","2.0","Public Water","Sewer - Public","VHDA/FHA","Individuals"
"1","2116820","764-741-7047","CLOSD","6914 Monument Avenue, Henrico VA 23226","23226","Henrico","Single Family Residence","08/02/2021","$438,000","$456,000","5","Resale (occupied at least once)","1953","Duntreath","1,683","0.24","3","2.0","Public Water","Sewer - Public","Conventional","Individuals"
"1","2116710","713-66-53-72-600-000","CLOSD","15937 Longlands Road, Chesterfield VA 23832","23832","Chesterfield","Single Family Residence","08/02/2021","$435,000","$451,000","2","Resale (occupied at least once)","2013","Harpers Mill","2,379","0.30","4","2.1","Public Water","Sewer - Public","Conventional","Individuals"
"1","2116637","19C 1AA 3","CLOSD","8001 Woodbrook Road, New Kent VA 23141","23141","New Kent","Single Family Residence","08/02/2021","$259,950","$259,950","14","Resale (occupied at least once)","1973","Brookwood Manor","1,440","0.81","3","2.0","Public Water","Septic - Conventional","VA New","Individuals"
"1","2116609","W000-0861-039","CLOSD","1810 Park Avenue, Richmond City VA 23220","23220","Richmond City","Single Family Residence","08/02/2021","$1,299,950","$1,200,000","19","Resale (occupied at least once)","1915","None","3,620","0.09","4","2.1","Public Water","Sewer - Public","Conventional","Individuals"
"1","2116598","19G  1 1  52","CLOSD","7662 Patriots Landing Place, New Kent VA 23141","23141","New Kent","Single Family Residence","08/02/2021","$551,500","$556,500","5","Resale (occupied at least once)","2007","Patriots Landing","4,432","0.31","4","3.1","Public Water","Sewer - Public","Conventional","Individuals"
"1","2116406","826-685-9324","CLOSD","8325 Turner Forest Road, Henrico VA 23231","23231","Henrico","Single Family Residence","08/02/2021","$470,000","$464,000","4","Resale (occupied at least once)","2008","Turner Forest","3,519","1.17","5","3.1","Well","Septic - Alternative","VA New","Individuals"
"1","2116370","816-728-9098","CLOSD","214 North Virginia Avenue, Henrico VA 23223","23223","Henrico","Single Family Residence","08/02/2021","$229,900","$235,000","6","Resale (occupied at least once)","2007","Bungalow City","1,216","0.21","3","2.0","Public Water","Sewer - Public","Conventional","Individuals"
"1","2116203","789682598700000","CLOSD","5800 Heathers Crossing Drive, Chesterfield VA 23832","23832","Chesterfield","Single Family Residence","08/02/2021","$312,000","$305,000","7","Resale (occupied at least once)","2017","Kings Grove","1,566","","3","2.0","Public Water","Sewer - Public","FHA New","Individuals"
"1","2115892","19G1 5 3  11","CLOSD","7730 North Franklins Way, New Kent VA 23141","23141","New Kent","Single Family Residence","08/02/2021","$319,950","$320,000","8","Resale (occupied at least once)","2013","Patriots Landing","2,072","0.17","3","2.0","Public Water","Sewer - Public","FHA New Assumption","Individuals"
"1","2115634","730-66-98-03-900-000","CLOSD","13637 Swale Lane, Chesterfield VA 23112","23112","Chesterfield","Single Family Residence","08/02/2021","$259,950","$275,000","5","Resale (occupied at least once)","1991","Deer Run","1,554","0.37","3","2.1","Public Water","Sewer - Public","Conventional","Individuals"
"1","2115551","C006-0231-020","CLOSD","1272 Broad Rock Boulevard, Richmond City VA 23224","23224","Richmond City","Single Family Residence","08/02/2021","$224,900","$241,000","4","Resale (occupied at least once)","1949","Broad Rock Homes","2,231","0.52","4","2.1","Public Water","Sewer - Public","FHA New","Individuals"
"1","2115372","W021-0162-015","CLOSD","5904 Kensington Avenue, Richmond City VA 23226","23226","Richmond City","Single Family Residence","08/02/2021","$525,000","$527,000","7","Resale (occupied at least once)","1948","Westview","2,416","0.13","4","3.0","Public Water","Sewer - Public","Cash","Individuals"
"1","2115350","779-66-27-17-600-000","CLOSD","10130 Post Horn Drive, Chesterfield VA 23237","23237","Chesterfield","Single Family Residence","08/02/2021","$229,900","$247,000","25","Resale (occupied at least once)","1979","Salem Woods","1,700","0.26","3","2.1","Public Water","Sewer - Public","Conventional","Estate"
"1","2115131","58-48-8-34-0","CLOSD","850 Elmslie Lane, Goochland VA 23103","23103","Goochland","Single Family Residence","08/02/2021","$1,150,000","$1,075,000","5","Resale (occupied at least once)","2015","Kinloch","4,927","0.39","5","4.1","Public Water","Sewer - Public","Conventional","Individuals"
"1","2114239","737-754-0156","CLOSD","2543 Brookstone Lane, Henrico VA 23233","23233","Henrico","Single Family Residence","08/02/2021","$435,000","$435,000","13","Resale (occupied at least once)","1988","Kingcrest","2,422","0.25","5","3.1","Public Water","Sewer - Public","Conventional","Individuals"
"1","2114055","7796-64-4301","CLOSD","9128 Hunters Crest Lane, Hanover VA 23116","23116","Hanover","Single Family Residence","08/02/2021","$595,000","$600,000","17","Resale (occupied at least once)","2019","Giles Farm","3,016","0.40","5","3.0","Public Water","Sewer - Public","Conventional","Individuals"
"1","2113988","719-67-82-25-400-000","CLOSD","14906 Sandstone Ridge Court, Chesterfield VA 23112","23112","Chesterfield","Single Family Residence","08/02/2021","$499,950","$531,200","4","Resale (occupied at least once)","1990","Woodlake","4,284","0.30","5","3.1","Public Water","Sewer - Public","Conventional","Individuals"
"1","2113888","776-67-01-81-300-000","CLOSD","8525 Rainwater Road, Chesterfield VA 23237","23237","Chesterfield","Single Family Residence","08/02/2021","$170,000","$185,000","5","Resale (occupied at least once)","1978","Huntingcreek Hills","1,056","0.17","3","1.0","Public Water","Sewer - Public","FHA New","Individuals"
"1","2113780","811-64-51-09-100-000","CLOSD","612 Quail Crossing, Chesterfield VA 23834","23834","Chesterfield","Single Family Residence","08/02/2021","$335,000","$350,000","3","Resale (occupied at least once)","1985","Walthallmill","2,358","0.59","3","2.1","Public Water","Septic - Conventional","Conventional","Individuals"
"1","2113759","N000-0716-002","CLOSD","2610 3rd Avenue, Richmond City VA 23222","23222","Richmond City","Single Family Residence","08/02/2021","$299,000","$302,500","11","Resale (occupied at least once)","1926","The Plateau","1,807","0.18","4","2.0","Public Water","Sewer - Public","Conventional","Individuals"
"1","2113682","7796-97-7256","CLOSD","8988 Ringview Drive, Hanover VA 23116","23116","Hanover","Townhouse","08/02/2021","$300,000","$300,000","5","Resale (occupied at least once)","2018","Cool Spring West","1,562","0.05","3","2.1","Public Water","Sewer - Public","Conventional","Individuals"
"1","2113620","734-762-7716","CLOSD","12004 Valleybrook Drive, Henrico VA 23233","23233","Henrico","Single Family Residence","08/02/2021","$659,950","$670,000","17","Resale (occupied at least once)","1984","Springrock At Wellesley","3,788","0.32","5","3.1","Public Water","Sewer - Public","Conventional","Individuals"
"1","2113339","754-69-59-81-400-000","CLOSD","2230 Cardiff Way, Chesterfield VA 23236","23236","Chesterfield","Single Family Residence","08/02/2021","$475,000","$475,000","6","Resale (occupied at least once)","1987","Bexley","4,146","0.66","5","3.1","Public Water","Sewer - Public","Conventional","Individuals"
"1","2112545","C004-0544-017","CLOSD","2956 Hathaway Road #UnitU205, Richmond City VA 23225","23225","Richmond City","Condominium","08/02/2021","$334,950","$320,000","65","Resale (occupied at least once)","1972","Hathaway Tower Condominiums","1,729","0.04","3","2.0","Public Water","Sewer - Public","Cash","Individuals"
"1","2111765","S000-0120-010","CLOSD","1303 Bainbridge Street, Richmond City VA 23224","23224","Richmond City","Single Family Residence","08/02/2021","$369,000","$355,000","56","Resale (occupied at least once)","1895","None","2,822","0.07","4","2.1","Public Water","Sewer - Public","Conventional","Other"
"1","2111699","760-739-4746","CLOSD","904 Westham, Henrico VA 23229","23229","Henrico","Single Family Residence","08/02/2021","$549,500","$688,000","6","Resale (occupied at least once)","1951","Westham","2,033","0.34","3","2.1","Public Water","Sewer - Public","Cash","Individuals"
"1","2110265","738-64-86-44-200-000","CLOSD","12020 Trailbrook Drive, Chesterfield VA 23838","23838","Chesterfield","Single Family Residence","08/02/2021","$354,000","$352,000","72","Resale (occupied at least once)","1986","Deerwood","2,584","0.92","5","2.1","Well","Septic - Conventional","VA New","Individuals"
"1","2109497","W020-0107-009","CLOSD","326 Oak Lane, Richmond City VA 23226","23226","Richmond City","Single Family Residence","08/02/2021","$1,175,000","$1,460,000","13","Resale (occupied at least once)","1956","Hampton Gardens","4,327","0.43","5","3.1","Public Water","Sewer - Public","Cash","Relocation"
"1","2107777","721-68-54-88-100-000","CLOSD","3201 Sailview Drive, Chesterfield VA 23112","23112","Chesterfield","Single Family Residence","08/02/2021","$715,000","$700,000","100","Resale (occupied at least once)","2004","Waterviews At The Reservoir","3,154","1.24","5","3.1","Public Water","Sewer - Public","Conventional","Individuals"
"1","2104186","8267245669","CLOSD","607 East Washington Street, Henrico VA 23075","23075","Henrico","Single Family Residence","08/02/2021","$189,500","$190,000","4","Resale (occupied at least once)","1937","Highland Springs","1,585","1.00","3","2.1","Public Water","Sewer - Public","FHA New","Individuals"
"1","2100585","W000-0327-037","CLOSD","511 South Harrison Street #UnitUD, Richmond City VA 23220","23220","Richmond City","Condominium","08/02/2021","$165,950","$159,950","70","Resale (occupied at least once)","1963","None","620","0.01","2","1.0","Public Water","Sewer - Public","Conventional","Individuals"
"1","2036232","30A 10 1066","CLOSD","6624 Lakeshore Drive, New Kent VA 23141","23141","New Kent","Single Family Residence","08/02/2021","$259,950","$259,950","32","New (never occupied)","2020","Woodhaven Shores","1,408","","3","2.0","Community Well","Septic - Alternative","Conventional","Partnership"
"1","2022161","to be determined","CLOSD","7405 Hancock Towns Court #UnitC3, Chesterfield VA 23832","23832","Chesterfield","Condominium","08/02/2021","$239,990","$239,990","0","New (never occupied)","2020","Hancock Village","1,502","","3","2.1","Public Water","Sewer - Public","Cash","Corporate"
"1","2012817","E000-0725-038","CLOSD","3120 N Street, Richmond City VA 23223","23223","Richmond City","Single Family Residence","08/02/2021","$499,500","$499,000","413","New (never occupied)","2020","None","3,174","0.04","4","3.1","Public Water","Sewer - Public","Conventional","Partnership"
"1","REIN10386939","N000-1897-002","CLOSD","3812 Brook Road, Richmond City VA 23227","23227","Richmond City","Single Family Residence","08/02/2021","$330,000","$327,000","6","Resale (occupied at least once)","1948","ALL OTHERS AREA 151","1,060","","2","2.0","Public Water","Public Sewer On Site","",""
"1","REIN10384736","19G  1 1  52","CLOSD","7662 Patriots Landing Place, New Kent VA 23141","23141","New Kent","Single Family Residence","08/02/2021","$551,500","$556,500","4","Resale (occupied at least once)","2007","PATRIOTS LANDING","4,432","0.31","4","4.0","Public Water","Public Sewer On Site","",""
"1","2117554","E000-0328-016","CLOSD","708 North 21st Street, Richmond City VA 23223","23223","Richmond City","Single Family Residence","08/03/2021","$299,000","$320,000","6","Resale (occupied at least once)","1900","None","1,400","0.07","2","2.1","Public Water","Sewer - Public","Conventional","Individuals"
"1","2107892","853-709-8444","CLOSD","4605 Stockholm Drive, Henrico VA 23150","23150","Henrico","Single Family Residence","08/03/2021","$199,950","$215,000","6","Resale (occupied at least once)","1986","Windsor","1,344","0.59","4","2.0","Well","Septic - Conventional","FHA New","Individuals"
"1","2111283","8706-58-4856","CLOSD","9349 Kellogg Lane, Hanover VA 23116","23116","Hanover","Single Family Residence","08/03/2021","$484,000","$484,000","69","New (never occupied)","2021","Rutland","2,418","","5","3.0","Public Water","Sewer - Public","FHA New","Corporate"
"1","2114630","736-72-35-32-200-000","CLOSD","3513 Salles Ridge Court, Chesterfield VA 23113","23113","Chesterfield","Single Family Residence","08/03/2021","$729,000","$710,000","5","Resale (occupied at least once)","1998","Clarkes Forge","4,839","1.59","5","4.1","Public Water","Sewer - Public","Conventional","Individuals"
"1","2112155","741-66-64-87-800-000","CLOSD","9401 Springhouse Drive, Chesterfield VA 23832","23832","Chesterfield","Single Family Residence","08/03/2021","$399,900","$392,000","26","Resale (occupied at least once)","1989","Reedy Mill","3,380","0.85","3","2.2","Well","Septic - Conventional","Conventional","Individuals"
"1","2101073","824660929600000","CLOSD","12019 Rolling Tide Court, Chesterfield VA 23836","23836","Chesterfield","Single Family Residence","08/03/2021","$450,050","$470,830","8","New (never occupied)","2020","Meadowville Landing","3,076","","4","3.0","Public Water","Sewer - Public","Conventional","Corporate"
"1","2118232","798-736-0390","CLOSD","3808 Benton Avenue, Henrico VA 23222","23222","Henrico","Single Family Residence","08/03/2021","$219,900","$226,000","7","Resale (occupied at least once)","1937","East Highland Park","1,232","0.23","3","1.0","Public Water","Sewer - Public","VHDA/FHA","Individuals"
"1","2118247","778-69-16-12-500-000","CLOSD","4613 Melody Road, Chesterfield VA 23234","23234","Chesterfield","Single Family Residence","08/03/2021","$349,000","$349,000","15","Resale (occupied at least once)","1961","Garland Heights","2,100","1.37","4","2.1","Other, Well","Sewer - Public","Conventional","Individuals"
"1","2115433","S000-2921-030","CLOSD","4016 Sharon Court, Richmond City VA 23225","23225","Richmond City","Single Family Residence","08/03/2021","$375,000","$385,000","31","Resale (occupied at least once)","1961","Forest Hill Terrace","2,736","0.19","5","3.0","Public Water","Sewer - Public","Conventional","Individuals"
"1","2115310","C006-0429-014","CLOSD","1009 Dixon Drive, Richmond City VA 23224","23224","Richmond City","Single Family Residence","08/03/2021","$199,950","$220,000","6","Resale (occupied at least once)","1952","Woodstock","2,154","0.46","4","2.0","Public Water","Sewer - Public","Conventional","Individuals"
"1","2116799","780-69-07-39-700-000","CLOSD","4661 Melody Court, Chesterfield VA 23234","23234","Chesterfield","Single Family Residence","08/03/2021","$315,000","$322,700","9","Resale (occupied at least once)","1971","Meadowbrook West","2,695","0.58","4","2.2","Public Water","Sewer - Public","Conventional","Individuals"
"1","2116112","768-739-5853","CLOSD","6003 Morningside Drive, Henrico VA 23226","23226","Henrico","Single Family Residence","08/03/2021","$309,950","$340,000","4","Resale (occupied at least once)","1955","Westwood Terrace","1,368","0.24","3","2.0","Public Water","Sewer - Public","Conventional","Other"
"1","2117272","E000-0431-003","CLOSD","922 North 27th Street, Richmond City VA 23223","23223","Richmond City","Single Family Residence","08/03/2021","$289,950","$285,000","26","Resale (occupied at least once)","1900","None","1,626","0.05","2","2.1","Public Water","Sewer - Public","Conventional","Individuals"
"1","2119240","777-66-96-46-000-000","CLOSD","5500 Gunshop Lane, Chesterfield VA 23237","23237","Chesterfield","Single Family Residence","08/03/2021","$234,900","$230,000","16","Resale (occupied at least once)","1977","Huntingcreek Hills","1,056","0.21","3","2.0","Public Water","Sewer - Public","Conventional","Corporate"
"1","2119350","782-764-8383","CLOSD","10217 Berrymeade Court, Henrico VA 23060","23060","Henrico","Single Family Residence","08/03/2021","$260,000","$260,000","6","Resale (occupied at least once)","1990","Berrymeade","1,552","0.18","4","2.0","Public Water","Sewer - Public","Conventional","Individuals"
"1","2037538","780-772-5576","CLOSD","3045 Farmstead Mill Drive, Henrico VA 23059","23059","Henrico","Townhouse","08/03/2021","$339,885","$351,495","29","New (never occupied)","2020","River Mill","1,755","","3","2.1","Public Water","Sewer - Public","Conventional","Corporate"
"1","2115473","W021-0261-038","CLOSD","5811 Maple Green Circle, Richmond City VA 23226","23226","Richmond City","Single Family Residence","08/03/2021","$900,000","$875,000","9","Resale (occupied at least once)","2011","Maple Green","2,590","0.10","4","2.1","Public Water","Sewer - Public","Conventional","Individuals"
"1","2121927","N000-0308-035","CLOSD","722 Catherine Street, Richmond City VA 23220","23220","Richmond City","Single Family Residence","08/03/2021","$325,000","$320,000","6","Resale (occupied at least once)","2003","Carver","1,440","0.10","3","2.1","Public Water","Sewer - Public","Conventional","Individuals"
"1","2121517","783-68-76-91-200-000","CLOSD","3650 Applewood Road, Chesterfield VA 23234","23234","Chesterfield","Single Family Residence","08/03/2021","$225,000","$215,000","1","Resale (occupied at least once)","1973","Meadowbrook Manor","2,102","0.37","4","2.0","Public Water","Sewer - Public","Conventional","Individuals"
"1","2121252","777-753-5125","CLOSD","2413 Swartwout Avenue, Henrico VA 23228","23228","Henrico","Single Family Residence","08/03/2021","$182,900","$180,000","2","Resale (occupied at least once)","1948","Woodland Hills","975","0.20","3","1.0","Public Water","Sewer - Public","Cash","Individuals"
"1","2121034","770-740-3576","CLOSD","6002 Mann Avenue, Henrico VA 23226","23226","Henrico","Single Family Residence","08/03/2021","$264,950","$270,000","5","Resale (occupied at least once)","1952","Westview Manor","1,632","0.19","4","1.1","Public Water","Sewer - Public","Cash","Other"
"1","2121018","754-742-6294","CLOSD","8519 Holly Hill Road, Henrico VA 23229","23229","Henrico","Single Family Residence","08/03/2021","$309,995","$330,110","6","Resale (occupied at least once)","1954","Beverly Hills","1,298","0.24","3","2.0","Public Water","Sewer - Public","Conventional","Individuals"
"1","2120679","743-754-5026","CLOSD","10203 Persimmon Court, Henrico VA 23233","23233","Henrico","Single Family Residence","08/03/2021","$519,000","$550,000","7","Resale (occupied at least once)","1984","Lake Loreine","2,776","0.84","4","2.1","Public Water","Sewer - Public","Conventional","Individuals"
"1","2120371","733-71-65-27-300-000","CLOSD","2430 Olde Stone Road, Chesterfield VA 23113","23113","Chesterfield","Single Family Residence","08/03/2021","$330,000","$330,000","3","Resale (occupied at least once)","1986","Roxshire","2,700","0.58","4","2.1","Public Water","Sewer - Public","Cash","Individuals"
"1","2120344","747-71-27-63-000-000","CLOSD","1513 Knollwood Drive, Chesterfield VA 23235","23235","Chesterfield","Single Family Residence","08/03/2021","$240,000","$240,000","10","Resale (occupied at least once)","1973","Bon Air Terrace","1,425","0.38","3","2.0","Public Water","Septic - Conventional","Cash","Individuals"
"1","2120165","744-774-3104","CLOSD","5911 Chapel Lawn Terrace, Henrico VA 23059","23059","Henrico","Townhouse","08/03/2021","$364,950","$390,000","5","Resale (occupied at least once)","2003","Townes At Shady Grove","1,757","0.08","3","2.1","Public Water","Sewer - Public","Conventional","Individuals"
"1","2120102","758-759-4264","CLOSD","4009 Crystalwood Lane, Henrico VA 23294","23294","Henrico","Single Family Residence","08/03/2021","$259,950","$270,000","2","Resale (occupied at least once)","1966","West End Manor","1,156","0.37","3","1.0","Public Water","Sewer - Public","Conventional","Corporate"
"1","2120029","798-65-00-21-300-000","CLOSD","2820 EXECUTIVE Drive, Chesterfield VA 23831","23831","Chesterfield","Single Family Residence","08/03/2021","$299,500","$295,950","5","Resale (occupied at least once)","1991","Halfway House Heights","2,000","","4","2.1","Public Water","Sewer - Public","FHA New","Individuals"
"1","2120003","750-767-0001","CLOSD","4404 Cedar Forest Road, Henrico VA 23060","23060","Henrico","Single Family Residence","08/03/2021","$449,950","$487,500","5","Resale (occupied at least once)","1992","Saddle Brooke","2,520","0.34","5","2.1","Public Water","Sewer - Public","Conventional","Individuals"
"1","2119832","N000-0572-033","CLOSD","1322 West Clay Street, Richmond City VA 23220","23220","Richmond City","Single Family Residence","08/03/2021","$349,950","$349,950","6","Resale (occupied at least once)","1910","Carver","2,312","0.06","4","3.0","Public Water","Sewer - Public","Cash","Individuals"
"1","2119777","757-767-4344","CLOSD","5200 LINSEY LAKES Drive, Henrico VA 23060","23060","Henrico","Single Family Residence","08/03/2021","$324,900","$325,000","6","Resale (occupied at least once)","1995","Linsey Lakes","1,422","0.19","3","2.1","Public Water","Sewer - Public","Conventional","Individuals"
"1","2119615","E012-0252-014","CLOSD","1806 Maddox Street, Richmond City VA 23223","23223","Richmond City","Single Family Residence","08/03/2021","$90,000","$77,000","5","Resale (occupied at least once)","1926","Glen Lea Heights","984","0.17","3","1.0","Public Water","Sewer - Public","Conventional","Individuals"
"1","2119429","764-68-40-95-600-000","CLOSD","4913 Brickhaven Drive, Chesterfield VA 23832","23832","Chesterfield","Single Family Residence","08/03/2021","$229,000","$245,000","5","Resale (occupied at least once)","1986","Pennwood","1,232","0.29","3","2.0","Public Water","Sewer - Public","Conventional","Individuals"
"1","2119236","43-36-0-1-0","CLOSD","2267 Parkers Hill Drive, Goochland VA 23102","23102","Goochland","Single Family Residence","08/03/2021","$669,950","$669,950","3","Resale (occupied at least once)","2021","None","3,573","5.97","4","3.1","Well","Septic - Conventional","Conventional","Individuals"
"1","2119094","8715-00-5037","CLOSD","7468 Nuck Trace, Hanover VA 23111","23111","Hanover","Single Family Residence","08/03/2021","$269,950","$283,500","5","Resale (occupied at least once)","1984","Olde Grove","1,400","0.32","4","2.0","Public Water","Sewer - Public","Conventional","Individuals"
"1","2119084","33B7 8 4  70","CLOSD","10842 White Dogwood Drive, New Kent VA 23140","23140","New Kent","Single Family Residence","08/03/2021","$315,000","$320,000","9","Resale (occupied at least once)","2011","Oakmont Villas","2,304","0.12","4","2.1","Public Water","Sewer - Public","VA New","Individuals"
"1","2118767","769-762-6282","CLOSD","9904 Mistyview Court, Henrico VA 23060","23060","Henrico","Single Family Residence","08/03/2021","$489,950","$489,950","5","Resale (occupied at least once)","1996","Tall Oaks","2,460","0.37","4","2.1","Public Water","Sewer - Public","Conventional","Individuals"
"1","2118663","742-69-57-58-500-000","CLOSD","1318 Sweet Willow Drive, Chesterfield VA 23114","23114","Chesterfield","Single Family Residence","08/03/2021","$309,000","$324,000","9","Resale (occupied at least once)","1992","Poplar Creek","1,867","0.31","4","2.1","Public Water","Sewer - Public","FHA New","Individuals"
"1","2118629","8706-40-2843","CLOSD","9042 Fayemont Drive, Hanover VA 23116","23116","Hanover","Single Family Residence","08/03/2021","$269,900","$280,000","5","Resale (occupied at least once)","1996","Hanover Heights South","1,196","0.70","3","2.0","Public Water","Sewer - Public","Conventional","Individuals"
"1","2118429","810-717-1462","CLOSD","4303 Whistling Arrow Court, Henrico VA 23231","23231","Henrico","Single Family Residence","08/03/2021","$249,950","$270,200","4","Resale (occupied at least once)","1981","Edenwood","1,938","0.30","5","2.0","Public Water","Sewer - Public","Conventional","Individuals"
"1","2118079","800-704-9075","CLOSD","6315 Osborne Turnpike, Henrico VA 23231","23231","Henrico","Single Family Residence","08/03/2021","$269,900","$280,000","5","Resale (occupied at least once)","2005","Nelson Estates","1,786","0.32","3","2.1","Public Water","Sewer - Public","VHDA ","Individuals"
"1","2118039","N016-0156-002","CLOSD","3313 Edgewood Avenue, Richmond City VA 23222","23222","Richmond City","Single Family Residence","08/03/2021","$250,000","$276,000","6","Resale (occupied at least once)","1945","Edgewood","2,075","0.17","3","2.0","Public Water","Sewer - Public","Cash","Individuals"
"1","2117904","18-10-0-4-0","CLOSD","3001 Davis Mill Road, Goochland VA 23063","23063","Goochland","Single Family Residence","08/03/2021","$249,995","$249,995","15","Resale (occupied at least once)","1998","None","1,438","3.00","3","2.0","Well","Septic - Conventional","Conventional","Individuals"
"1","2117901","33B13 32M  16","CLOSD","11600 Kings Pond Drive, New Kent VA 23140","23140","New Kent","Single Family Residence","08/03/2021","$399,000","$400,000","7","Resale (occupied at least once)","2004","Brickshire","2,796","0.47","4","2.1","Public Water","Sewer - Public","Conventional","Individuals"
"1","2117820","731-66-16-45-000-000","CLOSD","13331 Hensley Road, Chesterfield VA 23112","23112","Chesterfield","Single Family Residence","08/03/2021","$370,000","$385,000","11","Resale (occupied at least once)","1984","None","2,750","2.05","5","2.1","Well","Septic - Conventional","Conventional","Individuals"
"1","2117133","S000-0920-014","CLOSD","701 West 28th Street, Richmond City VA 23225","23225","Richmond City","Single Family Residence","08/03/2021","$569,950","$560,000","0","Resale (occupied at least once)","2021","Woodland Heights","2,146","0.18","3","2.1","Public Water","Sewer - Public","VA New","Individuals"
"1","2117030","800-737-0243","CLOSD","3915 Fenwick Street, Henrico VA 23222","23222","Henrico","Single Family Residence","08/03/2021","$230,000","$215,000","5","Resale (occupied at least once)","1957","Lynn Grove","1,182","0.39","3","1.0","Public Water","Sewer - Public","FHA New","Individuals"
"1","2116739","729-72-38-18-300-000","CLOSD","13542 Riverton Drive, Chesterfield VA 23113","23113","Chesterfield","Single Family Residence","08/03/2021","$485,000","$542,000","5","Resale (occupied at least once)","1995","Riverton","2,950","0.45","5","2.1","Public Water","Sewer - Public","Conventional","Individuals"
"1","2116542","724-67-22-55-500-000","CLOSD","14019 St Cecelia Court, Chesterfield VA 23112","23112","Chesterfield","Single Family Residence","08/03/2021","$359,950","$366,500","16","Resale (occupied at least once)","2001","St Clair","2,330","0.21","4","3.0","Public Water","Sewer - Public","Conventional","Individuals"
"1","2115985","742-746-6912","CLOSD","1719 Windingridge Drive, Henrico VA 23238","23238","Henrico","Single Family Residence","08/03/2021","$460,000","$500,000","5","Resale (occupied at least once)","1974","Gayton Forest","2,806","0.37","4","2.1","Public Water","Sewer - Public","Conventional","Individuals"
"1","2115905","735-66-99-76-100-000","CLOSD","12906 Buffalo Springs Place, Chesterfield VA 23112","23112","Chesterfield","Single Family Residence","08/03/2021","$420,000","$445,000","5","Resale (occupied at least once)","2019","Bayhill Pointe","2,492","0.39","4","2.1","Public Water","Sewer - Public","Conventional","Individuals"
"1","2115782","N000-1034-034","CLOSD","3007 Montrose Avenue, Richmond City VA 23222","23222","Richmond City","Single Family Residence","08/03/2021","$365,000","$385,000","5","Resale (occupied at least once)","1924","Ginter Park Terrace","1,654","0.16","3","2.1","Public Water","Sewer - Public","Conventional","Individuals"
"1","2115377","41A1 4AA   6","CLOSD","9254 Minitree Glen Lane, New Kent VA 23140","23140","New Kent","Single Family Residence","08/03/2021","$259,950","$262,000","5","Resale (occupied at least once)","2000","Minitree Glen","1,510","0.63","3","2.0","Well","Septic - Conventional","Conventional","Individuals"
"1","2115126","7797-76-7230","CLOSD","9118 Pantego Lane, Hanover VA 23116","23116","Hanover","Single Family Residence","08/03/2021","$395,950","$426,000","4","Resale (occupied at least once)","1998","Ash Creek","2,425","0.36","4","2.1","Public Water","Sewer - Public","Conventional","Individuals"
"1","2114430","W000-0645-038","CLOSD","1734 Winder Street, Richmond City VA 23220","23220","Richmond City","Single Family Residence","08/03/2021","$165,000","$165,000","0","Resale (occupied at least once)","1956","None","904","0.14","2","1.0","Public Water","Sewer - Public","Cash","Individuals"
"1","2114370","726-66-24-96-200-000","CLOSD","14536 Forest Row Trail, Chesterfield VA 23112","23112","Chesterfield","Single Family Residence","08/03/2021","$429,950","$425,000","12","Resale (occupied at least once)","2014","Collington","3,030","0.17","4","3.1","Public Water","Sewer - Public","VA New","Individuals"
"1","2112040","735-71-50-06-400-000","CLOSD","2301 Corner Rock Road, Chesterfield VA 23113","23113","Chesterfield","Single Family Residence","08/03/2021","$430,000","$475,000","5","Resale (occupied at least once)","1983","Roxshire","2,424","0.47","4","2.1","Public Water","Sewer - Public","Conventional","Individuals"
"1","2111730","744-751-9068","CLOSD","2200 Rocky Point, Henrico VA 23238","23238","Henrico","Townhouse","08/03/2021","$229,950","$220,000","20","Resale (occupied at least once)","1981","Stony Run","1,397","0.12","3","2.0","Public Water","Sewer - Public","Cash","Individuals, Other"
"1","2108411","773-61-17-57-700-000","CLOSD","20601 Tangier Circle, Chesterfield VA 23803","23803","Chesterfield","Single Family Residence","08/03/2021","$250,000","$262,000","6","Resale (occupied at least once)","1973","Sandy Ridge","1,704","0.33","4","2.1","Public Water","Septic - Alternative","Conventional","Individuals"
"1","2108050","016B-2G-8","CLOSD","3719 Whitechurch Court, Powhatan VA 23139","23139","Powhatan","Single Family Residence","08/03/2021","$620,000","$622,000","98","Resale (occupied at least once)","2016","Tilmans Farm","3,461","3.19","4","3.1","Community Well","Septic - Conventional","Conventional","REO"
"1","2037221","58-48-8-31-A","CLOSD","840 Lachlan Road, Goochland VA 23103","23103","Goochland","Single Family Residence","08/03/2021","$985,795","$1,190,338","0","New (never occupied)","2020","Kinloch","4,086","0.29","3","3.1","Public Water","Sewer - Public","Conventional","Corporate"
"1","2036956","736-766-3184","CLOSD","12322 Hawksgate Landing Court, Henrico VA 23059","23059","Henrico","Single Family Residence","08/03/2021","$807,240","$826,921","35","New (never occupied)","2020","Hawksgate at Bacova Section 1","4,275","0.30","6","5.1","Public Water","Sewer - Public","Conventional","Corporate"
"1","REIN10385379","33B7 8 4  70","CLOSD","10842 White Dogwood Drive, New Kent VA 23140","23140","New Kent","Single Family Residence","08/03/2021","$315,000","$320,000","32","Resale (occupied at least once)","2011","ALL OTHERS AREA 140","2,304","","4","3.0","Public Water","Public Sewer On Site","",""
"1","2101432","TBD","CLOSD","3916 Rosemallow Place, Henrico VA 23223","23223","Henrico","Single Family Residence","08/04/2021","$372,335","$372,335","0","New (never occupied)","2021","Harvie Point","2,462","","3","2.1","Public Water","Sewer - Public","Conventional","Corporate"
"1","2118404","740-70-46-48-000-000","CLOSD","11530 Edenberry Drive, Chesterfield VA 23236","23236","Chesterfield","Single Family Residence","08/04/2021","$379,000","$395,000","5","Resale (occupied at least once)","1973","Stonehenge","2,592","1.01","4","2.1","Public Water","Septic - Conventional","Conventional","Individuals"
"1","2023365","735667454800000","CLOSD","9272 Beech Hill Court, Chesterfield VA 23112","23112","Chesterfield","Single Family Residence","08/04/2021","$442,756","$448,451","70","New (never occupied)","2020","Bayhill Pointe","3,625","","4","4.0","Public Water","Sewer - Public","Conventional","Corporate"
"1","2112084","19 55A","CLOSD","8411 N. Henpeck Rd, New Kent VA 23141","23141","New Kent","Single Family Residence","08/04/2021","$299,995","$305,000","68","Resale (occupied at least once)","1982","None","2,034","0.95","3","2.0","Well","Septic - Conventional","VA New","Individuals"
"1","2114806","8714-15-5655","CLOSD","7420 Ewell Road, Hanover VA 23111","23111","Hanover","Single Family Residence","08/04/2021","$295,000","$290,000","14","Resale (occupied at least once)","1958","Battlefield Farms","2,907","1.11","4","1.1","Public Water","Sewer - Public","Conventional","Individuals"
"1","2120181","768-68-56-38-200-000","CLOSD","5225 Hallmark Drive, Chesterfield VA 23234","23234","Chesterfield","Single Family Residence","08/04/2021","$199,900","$238,000","9","Resale (occupied at least once)","1984","Lake Crystal Farms","1,452","0.30","3","1.1","Public Water","Community - Sewer/Septic","Conventional","Individuals"
"1","2116139","052-13E","CLOSD","3032 Genito Road, Powhatan VA 23139","23139","Powhatan","Single Family Residence","08/04/2021","$650,000","$650,000","16","Resale (occupied at least once)","1820","None","3,428","10.00","3","3.0","Well","Septic - Conventional","Conventional","Individuals"
"1","2103682","802-65-06-37-100-000","CLOSD","13309 Bermuda Place Drive, Chesterfield VA 23836","23836","Chesterfield","Single Family Residence","08/04/2021","$230,000","$240,000","16","Resale (occupied at least once)","1975","Bermuda Place","2,588","","5","2.1","Public Water","Sewer - Public","Conventional","Individuals"
"1","2035519","770675987600000","CLOSD","6436 Faulkner Drive, Chesterfield VA 23234","23234","Chesterfield","Single Family Residence","08/04/2021","$388,990","$390,000","14","New (never occupied)","2020","Watermark","2,511","","5","3.0","Public Water","Sewer - Public","FHA New","Corporate"
"1","2106839","852-714-4399","CLOSD","4305 Redbank Road, Henrico VA 23150","23150","Henrico","Single Family Residence","08/04/2021","$230,000","$180,000","6","Resale (occupied at least once)","1974","Bradley Acres","1,456","0.48","3","2.0","Public Water","Septic - Conventional","VA New","Individuals"
"1","2032926","7796-67-8108","CLOSD","9109 Fenshaw Court, Hanover VA 23116","23116","Hanover","Single Family Residence","08/04/2021","$484,600","$497,325","70","New (never occupied)","2020","Giles Farm","3,225","","4","3.1","Public Water","Sewer - Public","Conventional","Corporate"
"1","2117886","750-71-25-88-400-000","CLOSD","10011 Cutter Drive, Chesterfield VA 23235","23235","Chesterfield","Single Family Residence","08/04/2021","$299,950","$315,000","13","Resale (occupied at least once)","1980","Cutter Court","1,776","0.19","4","2.1","Public Water","Sewer - Public","Conventional","Individuals"
"1","2102935","767-751-2958","CLOSD","4619 Wistar Creek Drive #UnitB, Henrico VA 23228","23228","Henrico","Condominium","08/04/2021","$310,665","$316,368","15","New (never occupied)","2021","Wistar Glen","2,452","","3","2.1","Public Water","Sewer - Public","Conventional","Corporate"
"1","2100736","748682196700000","CLOSD","4437 Braden Woods Drive #UnitEE-D, Chesterfield VA 23832","23832","Chesterfield","Townhouse","08/04/2021","$311,425","$312,130","91","New (never occupied)","2021","Braden Townes","1,576","","3","2.1","Public Water","Sewer - Public","FHA New","Corporate"
"1","2119225","748-748-1314","CLOSD","1606 Mara Drive, Henrico VA 23238","23238","Henrico","Single Family Residence","08/04/2021","$325,000","$345,000","5","Resale (occupied at least once)","1977","Rainbrook","2,237","0.30","4","2.1","Public Water","Sewer - Public","Conventional","Individuals"
"1","2119619","760-753-8081.002","CLOSD","3109 North Parham Road #Unit2, Henrico VA 23294","23294","Henrico","Townhouse","08/04/2021","$135,000","$135,000","2","Resale (occupied at least once)","1964","Westshire On Parham Condos","863","0.02","2","1.0","Public Water","Sewer - Public","VHDA ","Individuals"
"1","2107571","808-721-8521","CLOSD","301 Masonic Lane, Henrico VA 23223","23223","Henrico","Single Family Residence","08/04/2021","$199,795","$199,795","15","Resale (occupied at least once)","1937","Windsor Place","1,075","0.27","3","2.0","Public Water","Sewer - Public","FHA New","Individuals"
"1","2118953","747-70-81-56-100-000","CLOSD","750 South Hyannis Drive, Chesterfield VA 23236","23236","Chesterfield","Townhouse","08/04/2021","$189,950","$215,000","6","Resale (occupied at least once)","1976","Sturbridge Village","1,460","0.04","3","2.1","Public Water","Sewer - Public","Conventional","Individuals"
"1","2034636","710-66-15-18-400-000","CLOSD","16807 Chalet Court, Chesterfield VA 23832","23832","Chesterfield","Single Family Residence","08/04/2021","$468,635","$484,365","0","New (never occupied)","2020","Harpers Mill","3,009","","5","4.0","Public Water","Sewer - Public","Conventional","Corporate"
"1","2115727","19G1 4 2   7","CLOSD","7544 South Franklins Way, New Kent VA 23141","23141","New Kent","Single Family Residence","08/04/2021","$337,000","$335,000","17","Resale (occupied at least once)","2013","None","2,112","0.32","3","2.1","Public Water","Sewer - Public","Cash","Individuals"
"1","2120715","753-748-6638","CLOSD","1805 Windsordale Drive, Henrico VA 23229","23229","Henrico","Single Family Residence","08/04/2021","$329,950","$340,000","3","Resale (occupied at least once)","1962","Windsordale","1,501","0.41","3","2.0","Public Water","Sewer - Public","Cash","Individuals"
"1","2120498","755-761-3656","CLOSD","4512 Spring Moss Circle, Henrico VA 23060","23060","Henrico","Townhouse","08/04/2021","$324,900","$315,000","5","Resale (occupied at least once)","2004","The Townes At Meredith Creek","1,966","0.06","3","2.1","Public Water","Sewer - Public","Cash","Individuals"
"1","2120107","746-70-35-77-100-000","CLOSD","18 Natural Bridge Court, Chesterfield VA 23236","23236","Chesterfield","Single Family Residence","08/04/2021","$219,999","$245,000","2","Resale (occupied at least once)","1981","Shenandoah Hills","1,185","0.40","3","1.1","Public Water","Sewer - Public","Conventional","Individuals"
"1","2119942","766-773-0886","CLOSD","3392 Manor Grove Circle, Henrico VA 23059","23059","Henrico","Townhouse","08/04/2021","$475,000","$475,000","0","Resale (occupied at least once)","2005","The Manor At Hunton Park","2,731","0.18","3","2.2","Public Water","Sewer - Public","Conventional","Individuals"
"1","2119816","778-67-69-91-500-000","CLOSD","4800 Black Oak Road, Chesterfield VA 23237","23237","Chesterfield","Single Family Residence","08/04/2021","$284,970","$300,000","6","Resale (occupied at least once)","1979","Brentwood","2,124","0.37","4","2.1","Public Water","Sewer - Public","VA New","Individuals"
"1","2119807","716-66-44-15-200-000","CLOSD","8413 Hartridge Drive, Chesterfield VA 23832","23832","Chesterfield","Single Family Residence","08/04/2021","$480,000","$525,875","2","Resale (occupied at least once)","2017","Harpers Mill","2,830","0.32","4","2.1","Public Water","Sewer - Public","Cash","Individuals"
"1","2119712","728-66-36-88-000-000","CLOSD","14001 Camouflage Court, Chesterfield VA 23112","23112","Chesterfield","Single Family Residence","08/04/2021","$275,000","$295,000","4","Resale (occupied at least once)","1995","Fawn Creek","1,400","0.29","3","2.1","Public Water","Sewer - Public","FHA New","Individuals"
"1","2119670","722-70-36-28-100-000","CLOSD","1124 Ashton Village Lane, Chesterfield VA 23114","23114","Chesterfield","Single Family Residence","08/04/2021","$409,900","$415,000","2","Resale (occupied at least once)","2013","Ashton","2,418","0.12","4","2.1","Public Water","Sewer - Public","Conventional","Individuals"
"1","2119457","752-766-1246.628","CLOSD","4141 San Marco Drive, Henrico VA 23060","23060","Henrico","Condominium","08/04/2021","$259,900","$268,000","5","Resale (occupied at least once)","2006","Villas At Innsbrook","1,427","0.03","2","2.0","Public Water","Sewer - Public","Cash","Individuals"
"1","2119376","748-71-34-57-600-000","CLOSD","10430 Crumpets Lane, Chesterfield VA 23235","23235","Chesterfield","Single Family Residence","08/04/2021","$279,000","$288,000","6","Resale (occupied at least once)","1979","Settlers Landing","2,288","0.21","3","2.1","Public Water","Sewer - Public","Conventional","Estate"
"1","2119308","746-71-66-82-600-000","CLOSD","2300 Dolfield Drive, Chesterfield VA 23235","23235","Chesterfield","Single Family Residence","08/04/2021","$307,500","$350,000","7","Resale (occupied at least once)","1963","Woodmont","1,575","0.42","3","2.0","Public Water","Sewer - Public","Cash","Individuals"
"1","2119001","C004-0634-009","CLOSD","6325 Glyndon Lane, Richmond City VA 23225","23225","Richmond City","Single Family Residence","08/04/2021","$250,000","$271,200","4","Resale (occupied at least once)","1955","Granite Hills","1,166","0.35","3","1.1","Public Water","Sewer - Public","Conventional","Individuals"
"1","2118903","053D-1-1","CLOSD","2600 Loch Gate Lane, Powhatan VA 23139","23139","Powhatan","Single Family Residence","08/04/2021","$359,900","$365,000","11","Resale (occupied at least once)","2000","Woodgate","1,990","2.00","4","2.1","Well","Septic - Conventional","VA New","Individuals"
"1","2118634","732-64-77-01-400-000","CLOSD","13219 Devette Drive, Chesterfield VA 23838","23838","Chesterfield","Single Family Residence","08/04/2021","$349,999","$360,000","4","Resale (occupied at least once)","2000","Second Branch","2,214","1.10","4","2.1","Public Water","Septic - Conventional","Conventional","Individuals"
"1","2118413","752-761-7586","CLOSD","4305 Joseph Drive, Henrico VA 23060","23060","Henrico","Single Family Residence","08/04/2021","$439,000","$483,000","4","Resale (occupied at least once)","2004","Woodberry","2,772","0.35","4","2.1","Public Water","Sewer - Public","Conventional","Individuals"
"1","2118397","802-731-7574","CLOSD","2516 Johnson Place, Henrico VA 23223","23223","Henrico","Single Family Residence","08/04/2021","$215,950","$216,000","7","Resale (occupied at least once)","2005","Oak Hill","1,202","0.28","3","2.0","Public Water","Sewer - Public","FHA New","Estate"
"1","2118256","772-67-97-50-600-000","CLOSD","6732 Wilmoth Drive, Chesterfield VA 23234","23234","Chesterfield","Single Family Residence","08/04/2021","$200,000","$210,000","13","Resale (occupied at least once)","1930","Ampthill Gardens","1,220","1.81","3","1.0","Public Water","Septic - Conventional","Conventional","Individuals"
"1","2118070","W000-0735-066","CLOSD","1630 West Monument Avenue #UnitU10, Richmond City VA 23220","23220","Richmond City","Condominium","08/04/2021","$239,950","$255,000","7","Resale (occupied at least once)","1925","None","921","0.02","2","2.0","Public Water","Sewer - Public","Conventional","Individuals"
"1","2118032","832-717-4216","CLOSD","2104 Pine Glen Court, Henrico VA 23150","23150","Henrico","Single Family Residence","08/04/2021","$269,000","$274,000","10","Resale (occupied at least once)","2004","Pine Creek","1,712","0.43","3","2.1","Public Water","Sewer - Public","VHDA ","Individuals"
"1","2117890","8716-15-0100","CLOSD","9257 Royal Grant Drive, Hanover VA 23116","23116","Hanover","Single Family Residence","08/04/2021","$599,000","$605,500","6","Resale (occupied at least once)","1991","Kings Grant","4,236","1.00","4","3.1","Public Water","Septic - Alternative","Cash","Individuals"
"1","2117857","7778-73-5886","CLOSD","11409 Haltonshire Way, Hanover VA 23059","23059","Hanover","Single Family Residence","08/04/2021","$464,950","$457,500","18","Resale (occupied at least once)","2008","Cedarlea Park","2,984","0.31","4","2.2","Public Water","Sewer - Public","Conventional","Individuals"
"1","2117716","754-766-8081","CLOSD","5113 Mantle Court, Henrico VA 23060","23060","Henrico","Single Family Residence","08/04/2021","$349,900","$360,000","5","Resale (occupied at least once)","1989","Hearthside Ridge","1,748","0.33","4","2.1","Public Water","Sewer - Public","Conventional","Individuals"
"1","2117238","734-64-60-87-900-000","CLOSD","12307 Devette Court, Chesterfield VA 23838","23838","Chesterfield","Single Family Residence","08/04/2021","$375,000","$385,000","6","Resale (occupied at least once)","1997","Second Branch Sec 1","2,500","1.00","4","3.1","Public Water","Septic - Conventional","Conventional","Individuals"
"1","2116917","W000-2024-007","CLOSD","4517 Patterson Avenue, Richmond City VA 23221","23221","Richmond City","Single Family Residence","08/04/2021","$230,000","$235,000","25","Resale (occupied at least once)","1932","Colonial Place","768","0.16","1","1.0","Public Water","Sewer - Public","Cash","Individuals"
"1","2116916","754-754-4491","CLOSD","2871 Queensland Drive, Henrico VA 23294","23294","Henrico","Townhouse","08/04/2021","$274,950","$291,000","7","Resale (occupied at least once)","1997","Pemberton Oaks Townhouses","2,017","0.06","4","3.1","Public Water","Sewer - Public","Conventional","Individuals"
"1","2116399","773-66-26-60-500-000","CLOSD","9820 Nott Lane, Chesterfield VA 23832","23832","Chesterfield","Single Family Residence","08/04/2021","$229,950","$240,000","9","Resale (occupied at least once)","1985","Courthouse Woods","1,296","0.23","3","1.1","Public Water","Sewer - Public","VA New","Individuals"
"1","2116336","717-67-81-34-600-000","CLOSD","5601 Powell Grove Drive, Chesterfield VA 23112","23112","Chesterfield","Single Family Residence","08/04/2021","$375,000","$375,000","0","Resale (occupied at least once)","1991","Powell Grove","2,546","0.29","4","2.1","Public Water","Sewer - Public","FHA New","Individuals"
"1","2114261","781-772-2278","CLOSD","10830 Porter Park Lane, Henrico VA 23059","23059","Henrico","Single Family Residence","08/04/2021","$749,950","$749,950","2","New (never occupied)","2019","River Mill","3,607","","4","3.1","Public Water","Sewer - Public","Conventional","Corporate"
"1","2111777","765-760-6014","CLOSD","9537 Hungary Ridge Drive, Henrico VA 23060","23060","Henrico","Single Family Residence","08/04/2021","$275,000","$310,000","9","Resale (occupied at least once)","1996","Hungary Ridge","1,605","0.35","3","2.1","Public Water","Sewer - Public","Conventional","Individuals"
"1","2111755","730-751-2680","CLOSD","12313 Ridgefield, Henrico VA 23233","23233","Henrico","Single Family Residence","08/04/2021","$265,000","$224,679","44","Resale (occupied at least once)","1978","Tuckahoe Village West","1,622","0.38","4","2.1","Public Water","Sewer - Public","Cash","Individuals"
"1","2111044","740-755-3511.010","CLOSD","2481 Gold Leaf Circle, Henrico VA 23233","23233","Henrico","Single Family Residence","08/04/2021","$575,000","$555,000","28","Resale (occupied at least once)","2019","John Rolfe Square","2,665","","4","2.1","Public Water","Sewer - Public","Conventional","Individuals"
"1","2110136","33B8 1B1  93","CLOSD","11450 Brickshire Park, New Kent VA 23140","23140","New Kent","Single Family Residence","08/04/2021","$699,000","$685,000","50","Resale (occupied at least once)","2008","Brickshire","5,000","1.17","4","2.2","Public Water","Sewer - Public","Cash","Individuals"
"1","2109644","C009-0326-008","CLOSD","3405 Chalfont Drive, Richmond City VA 23224","23224","Richmond City","Townhouse","08/04/2021","$125,000","$112,737","3","Resale (occupied at least once)","1971","Chalfont Square","1,372","0.04","3","1.1","Public Water","Sewer - Public","Other","Other"
"1","2109523","C009-0326-014","CLOSD","3411 Chalfont Drive, Richmond City VA 23224","23224","Richmond City","Townhouse","08/04/2021","$125,000","$125,000","3","Resale (occupied at least once)","1971","Chalfont Square","1,372","0.04","3","1.1","Public Water","Sewer - Public","Other","Other"
"1","2109460","C009-0326-012","CLOSD","3409 Chalfont Drive, Richmond City VA 23224","23224","Richmond City","Townhouse","08/04/2021","$125,000","$125,000","3","Resale (occupied at least once)","1971","Chalfont Square","1,372","0.04","3","1.1","Public Water","Sewer - Public","Other","Other"
"1","2109447","C009-0326-010","CLOSD","3407 Chalfont Drive #Unit3407, Richmond City VA 23224","23224","Richmond City","Townhouse","08/04/2021","$125,000","$125,000","3","Resale (occupied at least once)","1971","Chalfont Square","1,372","0.04","3","1.1","Public Water","Sewer - Public","Other","Other"
"1","2109444","C009-0326-006","CLOSD","3403 Chalfont Drive, Richmond City VA 23224","23224","Richmond City","Townhouse","08/04/2021","$125,000","$125,000","3","Resale (occupied at least once)","1971","Chalfont Square","1,372","0.04","3","1.1","Public Water","Sewer - Public","Other","Other"
"1","2109418","C009-0326-004","CLOSD","3401 Chalfont Drive #Unit3401, Richmond City VA 23224","23224","Richmond City","Townhouse","08/04/2021","$125,000","$125,000","3","Resale (occupied at least once)","1971","Chalfont Square","1,372","0.04","3","1.1","Public Water","Sewer - Public","Other","Other"
"1","2108955","737-780-3454","CLOSD","12513 Chadsworth Place, Henrico VA 23059","23059","Henrico","Single Family Residence","08/04/2021","$589,900","$620,000","2","Resale (occupied at least once)","1994","Chadsworth At Wyndham","3,386","","7","3.1","Public Water","Sewer - Public","Conventional","Individuals"
"1","2101762","797-711-6266.009","CLOSD","5323 Old Main Street #UnitA, Henrico VA 23231","23231","Henrico","Townhouse","08/04/2021","$345,000","$346,000","39","Resale (occupied at least once)","2018","Village Of Rocketts Landing","1,507","","2","2.1","Public Water","Sewer - Public","Conventional","Individuals"
"1","2029864","Not Yet Assigned","CLOSD","12030 Talavera Terrace, Goochland VA 23238","23238","Goochland","Townhouse","08/04/2021","$442,210","$468,165","0","New (never occupied)","2020","Mosaic at West Creek","2,239","","3","3.0","Public Water","Sewer - Public","Conventional","Corporate"
"1","2018022","052F-1-3","CLOSD","3003 Appomattox Trace Lane, Powhatan VA 23139","23139","Powhatan","Single Family Residence","08/04/2021","$434,950","$434,950","154","New (never occupied)","2020","Appomattox Trace","2,270","3.22","4","2.0","Well","Septic - Conventional","Conventional","Corporate"
"1","REIN10383501","33B6 3 2 51","CLOSD","5858 Pilmour Drive, New Kent VA 23140","23140","New Kent","Single Family Residence","08/04/2021","$315,000","$310,000","12","Resale (occupied at least once)","2016","ALL OTHERS AREA 140","1,728","","3","2.0","Public Water","Public Sewer On Site","",""
"1","REIN10371655","33B8 1B1  93","CLOSD","11450 Brickshire Park, New Kent VA 23140","23140","New Kent","Single Family Residence","08/04/2021","$699,000","$685,000","49","Resale (occupied at least once)","2008","BRICKSHIRE","5,000","1.12","4","4.0","Public Water","Public Sewer On Site","",""
"1","2119316","C008-0757-038","CLOSD","3718 Carrie Ridge Court, Richmond City VA 23234","23234","Richmond City","Single Family Residence","08/05/2021","$248,500","$258,000","3","Resale (occupied at least once)","2006","Walmsley Woods","1,765","0.23","3","2.1","Public Water","Sewer - Public","FHA New","Individuals"
"1","2022700","811-732-7207","CLOSD","3816 Quinn Abbey Lane, Henrico VA 23223","23223","Henrico","Single Family Residence","08/05/2021","$356,655","$356,655","0","New (never occupied)","2021","Kensington Meadows","2,718","","4","3.0","Public Water","Sewer - Public","FHA New","Corporate"
"1","2115601","025-61A","CLOSD","4488 Anderson Highway, Powhatan VA 23139","23139","Powhatan","Single Family Residence","08/05/2021","$214,900","$215,000","30","Resale (occupied at least once)","1973","Powhatan","1,656","1.00","3","2.1","Well","Septic - Conventional","VHDA/FHA","Individuals"
"1","2120709","E000-0435-002","CLOSD","2603 East Leigh Street, Richmond City VA 23223","23223","Richmond City","Single Family Residence","08/05/2021","$369,900","$375,000","6","Resale (occupied at least once)","1910","None","1,786","0.04","3","2.0","Public Water","Sewer - Public","Cash","Individuals"
"1","2115015","50-4-0-A-0","CLOSD","1192 West View Road, Goochland VA 23063","23063","Goochland","Single Family Residence","08/05/2021","$219,900","$220,000","16","Resale (occupied at least once)","1946","None","1,809","1.40","3","2.0","Well","Septic - Conventional","Conventional","Estate"
"1","2111517","748682196300000","CLOSD","4445 Braden Woods Drive #UnitEE-B, Chesterfield VA 23832","23832","Chesterfield","Townhouse","08/05/2021","$311,490","$310,719","11","New (never occupied)","2021","Braden Townes","1,576","","3","2.1","Public Water","Sewer - Public","Conventional","Corporate"
"1","2115411","758-763-0673","CLOSD","9304 Dolmen Road, Henrico VA 23060","23060","Henrico","Single Family Residence","08/05/2021","$260,000","$266,000","21","Resale (occupied at least once)","1980","Broad Meadows","1,368","0.20","3","1.0","Public Water","Sewer - Public","FHA New","Individuals"
"1","2116409","726-67-06-76-000-000","CLOSD","7108 Branched Antler Court, Chesterfield VA 23112","23112","Chesterfield","Single Family Residence","08/05/2021","$259,995","$266,000","7","Resale (occupied at least once)","1989","Deer Run","1,296","0.29","4","2.0","Public Water","Sewer - Public","Conventional","Individuals"
"1","2025467","016C-8-10R1","CLOSD","3685 Aston Trail, Powhatan VA 23139","23139","Powhatan","Single Family Residence","08/05/2021","$442,950","$563,563","0","New (never occupied)","2021","Aston","2,835","","4","3.0","Well","Septic - Conventional","Conventional","Corporate"
"1","2119931","777-68-15-31-800-000","CLOSD","5307 Steven Hill Drive, Chesterfield VA 23234","23234","Chesterfield","Single Family Residence","08/05/2021","$249,000","$277,000","2","Resale (occupied at least once)","2001","Savannah Trace","1,702","0.32","3","2.1","Public Water","Sewer - Public","Conventional","Individuals"
"1","2029502","779682491000000","CLOSD","6418 Little Creek Way, Chesterfield VA 23234","23234","Chesterfield","Single Family Residence","08/05/2021","$345,445","$345,445","0","New (never occupied)","2021","Little Creek","2,464","","4","2.1","Public Water","Sewer - Public","FHA New","Corporate"
"1","2105903","748682196900000","CLOSD","4433 Braden Woods Drive #UnitEE-E, Chesterfield VA 23832","23832","Chesterfield","Townhouse","08/05/2021","$309,125","$309,595","47","New (never occupied)","2021","Braden Townes","1,576","","3","2.1","Public Water","Sewer - Public","Conventional","Corporate"
"1","2113629","822-723-2375","CLOSD","102 South Ivy Avenue, Henrico VA 23075","23075","Henrico","Single Family Residence","08/05/2021","$115,000","$117,000","2","Resale (occupied at least once)","1951","Highland Springs","884","0.13","3","1.0","Public Water","Sewer - Public","Cash","Individuals"
"1","2119271","7477362193","CLOSD","207 Grande Drive, Henrico VA 23229","23229","Henrico","Single Family Residence","08/05/2021","$875,000","$880,000","5","Resale (occupied at least once)","1986","Deer Lodge","4,509","0.40","5","3.1","Public Water","Sewer - Public","Conventional","Other"
"1","2037795","7870362007","CLOSD","113 Evington Lane, Hanover VA 23005","23005","Hanover","Single Family Residence","08/05/2021","$419,400","$469,816","0","New (never occupied)","2021","Lauradell","2,444","","3","2.1","Public Water","Sewer - Public","Conventional","Corporate"
"1","2118861","794-64-74-84-300-000","CLOSD","13336 Rossington Place, Chesterfield VA 23831","23831","Chesterfield","Single Family Residence","08/05/2021","$315,000","$330,000","13","Resale (occupied at least once)","2008","Rossington","2,593","0.60","5","2.1","Public Water","Sewer - Public","FHA New","Individuals"
"1","2119411","724-67-81-26-100-000","CLOSD","5510 Fiddlers Ridge Court, Chesterfield VA 23112","23112","Chesterfield","Single Family Residence","08/05/2021","$335,000","$365,000","3","Resale (occupied at least once)","1986","Woodlake","2,200","0.21","5","2.1","Public Water","Sewer - Public","Conventional","Individuals"
"1","2119132","764-740-1261","CLOSD","6907 Park Avenue, Henrico VA 23226","23226","Henrico","Single Family Residence","08/05/2021","$345,000","$320,000","7","Resale (occupied at least once)","1946","Duntreath","1,580","0.23","3","2.0","Public Water","Sewer - Public","Conventional","Individuals"
"1","2037541","780-772-5678","CLOSD","3047 Farmstead Mill Drive, Henrico VA 23059","23059","Henrico","Townhouse","08/05/2021","$339,885","$348,580","18","New (never occupied)","2020","River Mill","1,783","","3","2.1","Public Water","Sewer - Public","Conventional","Corporate"
"1","2119248","28B  3   101","CLOSD","8223 Brown Avenue, New Kent VA 23181","23181","New Kent","Single Family Residence","08/05/2021","$279,900","$279,900","5","Resale (occupied at least once)","2009","None","1,999","0.46","3","2.0","Well","Septic - Alternative","VA New","Individuals"
"1","2118393","744-71-43-48-700-000","CLOSD","2037 Deauville Road, Chesterfield VA 23235","23235","Chesterfield","Single Family Residence","08/05/2021","$275,000","$290,000","4","Resale (occupied at least once)","1976","Greenfield","1,532","0.21","3","1.1","Public Water","Sewer - Public","Conventional","Individuals"
"1","2031938","8724-14-8177","CLOSD","6415 Wilpat Road, Hanover VA 23111","23111","Hanover","Single Family Residence","08/05/2021","$364,950","$403,430","0","New (never occupied)","2021","Harbor Ridge","2,820","","4","2.1","Public Water","Sewer - Public","Conventional","Corporate"
"1","2117691","707-68-48-84-200-000","CLOSD","4612 Bootsy Court, Chesterfield VA 23120","23120","Chesterfield","Single Family Residence","08/05/2021","$838,750","$820,000","11","Resale (occupied at least once)","2018","Summer Lake","4,146","0.31","6","4.0","Public Water","Sewer - Public","Conventional","Individuals"
"1","2120783","785-68-65-08-600-000","CLOSD","3324 Meadow Oaks Boulevard, Chesterfield VA 23234","23234","Chesterfield","Single Family Residence","08/05/2021","$309,950","$320,000","4","Resale (occupied at least once)","2007","Meadow Oaks","1,975","0.42","4","2.0","Public Water","Sewer - Public","VA New","Individuals"
"1","2120218","N000-0870-20","CLOSD","2917 Hawthorne Avenue, Richmond City VA 23222","23222","Richmond City","Single Family Residence","08/05/2021","$260,000","$270,000","5","Resale (occupied at least once)","1922","Roland Park","1,748","0.18","4","2.1","Public Water","Sewer - Public","Cash","Individuals"
"1","2119853","8725-03-2810","CLOSD","8210 Horsham Drive, Hanover VA 23111","23111","Hanover","Single Family Residence","08/05/2021","$349,000","$365,000","7","Resale (occupied at least once)","2003","Davis Place","2,296","0.65","5","3.1","Public Water","Sewer - Public","Cash","Individuals"
"1","2119813","8724-20-5989","CLOSD","7052 Tammy Court, Hanover VA 23111","23111","Hanover","Single Family Residence","08/05/2021","$299,950","$326,549","5","Resale (occupied at least once)","1977","High Point Farms","1,799","0.55","4","2.0","Public Water","Septic - Conventional","VA New","Individuals"
"1","2119749","764-756-2095.216","CLOSD","8420 Obannon Court #Unit12, Henrico VA 23228","23228","Henrico","Condominium","08/05/2021","$160,000","$161,500","5","Resale (occupied at least once)","1985","Shannon Green Condo","912","0.02","2","2.0","Public Water","Sewer - Public","Conventional","Individuals"
"1","2119717","741-67-44-84-600-000","CLOSD","5242 Misty Spring Drive, Chesterfield VA 23112","23112","Chesterfield","Single Family Residence","08/05/2021","$325,000","$325,000","13","Resale (occupied at least once)","2006","Swift Creek Crossing","2,370","0.83","4","2.1","Public Water","Sewer - Public","Conventional","Individuals"
"1","2119662","8704-97-6781","CLOSD","7386 Roosevelt Avenue, Hanover VA 23111","23111","Hanover","Single Family Residence","08/05/2021","$208,000","$208,000","5","Resale (occupied at least once)","1959","None","1,054","0.26","3","1.0","Public Water","Sewer - Public","Conventional","Individuals"
"1","2119648","N000-1599-033","CLOSD","1701 Summit Avenue #Unit2, Richmond City VA 23230","23230","Richmond City","Condominium","08/05/2021","$334,950","$340,000","9","Resale (occupied at least once)","1920","Summit Lofts Condo","1,104","","2","2.0","Public Water","Sewer - Public","Conventional","Individuals"
"1","2119368","S000-2288-018","CLOSD","101 East 34th Street, Richmond City VA 23224","23224","Richmond City","Single Family Residence","08/05/2021","$325,000","$335,500","12","Resale (occupied at least once)","1923","Centre Heights","1,584","0.19","3","2.1","Public Water","Sewer - Public","Conventional","Corporate"
"1","2119313","N000-1146-013","CLOSD","404 East Gladstone Avenue, Richmond City VA 23222","23222","Richmond City","Single Family Residence","08/05/2021","$259,950","$280,000","5","Resale (occupied at least once)","1948","Highland Park","1,335","0.16","3","2.0","Public Water","Sewer - Public","Conventional","Partnership"
"1","2119072","754-70-84-39-100-000","CLOSD","532 Williamsdale Drive, Chesterfield VA 23235","23235","Chesterfield","Single Family Residence","08/05/2021","$294,900","$315,000","5","Resale (occupied at least once)","1966","Brighton Green","2,013","0.42","3","2.0","Public Water","Septic - Conventional","Conventional","Individuals"
"1","2119068","707-67-43-41-700-000","CLOSD","11513 Weeping Cherry Lane, Chesterfield VA 23120","23120","Chesterfield","Single Family Residence","08/05/2021","$454,900","$486,000","2","Resale (occupied at least once)","2011","Magnolia Green","3,413","0.30","5","3.1","Public Water","Sewer - Public","FHA New","Individuals"
"1","2119055","737-66-45-75-900-000","CLOSD","12611 Escada Drive, Chesterfield VA 23832","23832","Chesterfield","Single Family Residence","08/05/2021","$399,900","$425,000","6","Resale (occupied at least once)","1987","Sleepy Hollow","3,091","0.90","3","2.1","Well","Septic - Conventional","Conventional","Individuals"
"1","2119030","8704-74-3882","CLOSD","7275 Edgeworth Road, Hanover VA 23111","23111","Hanover","Single Family Residence","08/05/2021","$239,000","$262,000","3","Resale (occupied at least once)","2006","Signal Hill","1,120","0.46","3","2.0","Public Water","Sewer - Public","FHA New","Individuals"
"1","2118849","745-766-9406","CLOSD","4712 Greenbrooke Drive, Henrico VA 23060","23060","Henrico","Single Family Residence","08/05/2021","$529,950","$555,000","12","Resale (occupied at least once)","2004","Sadler Grove","3,413","0.29","5","4.1","Public Water","Sewer - Public","Conventional","Individuals"
"1","2118680","743-776-0784","CLOSD","11712 Olde Covington Way, Henrico VA 23059","23059","Henrico","Single Family Residence","08/05/2021","$810,000","$889,000","6","Resale (occupied at least once)","2006","Covington","4,636","0.41","5","4.1","Public Water","Sewer - Public","Conventional","Individuals"
"1","2118551","798-65-03-25-700-000","CLOSD","2835 Pine Meadows Circle, Chesterfield VA 23831","23831","Chesterfield","Single Family Residence","08/05/2021","$230,000","$240,000","5","Resale (occupied at least once)","1986","Craddock Point","1,324","0.23","3","2.0","Public Water","Sewer - Public","FHA New","Individuals"
"1","2118547","746-764-8589","CLOSD","4501 Hayloft Court, Henrico VA 23060","23060","Henrico","Townhouse","08/05/2021","$499,950","$515,100","9","Resale (occupied at least once)","2018","Sadler Crossing","2,756","0.08","3","3.1","Public Water","Sewer - Public","Conventional","Individuals"
"1","2118235","7796-92-1630","CLOSD","9061 Craney Island Road, Hanover VA 23116","23116","Hanover","Single Family Residence","08/05/2021","$265,000","$266,750","14","Resale (occupied at least once)","1946","Craney Island Estates","1,947","0.91","6","2.0","Public Water","Sewer - Public","Cash","Individuals"
"1","2118046","771-736-2305.043","CLOSD","5233 Monument Avenue #Unit1B, Henrico VA 23226","23226","Henrico","Condominium","08/05/2021","$415,000","$405,000","8","Resale (occupied at least once)","2008","Monument Square Condo","1,218","0.03","1","1.1","Public Water","Sewer - Public","Cash","Individuals"
"1","2117960","736-760-1637.024","CLOSD","11212 Wellesley Terrace Court, Henrico VA 23233","23233","Henrico","Condominium","08/05/2021","$399,950","$435,000","5","Resale (occupied at least once)","1994","Park Terrace At Wellesley","2,280","","4","3.1","Public Water","Sewer - Public","Conventional","Individuals"
"1","2117731","E0000001027","CLOSD","1101 Haxall Point #Unit302, Richmond City VA 23219","23219","Richmond City","Condominium","08/05/2021","$329,000","$310,000","22","Resale (occupied at least once)","2005","Riverside On The James","1,173","","2","2.0","Public Water","Sewer - Public","Conventional","Individuals"
"1","2117679","19G12A19  75","CLOSD","7711 Battlefield #Unit75, New Kent VA 23141","23141","New Kent","Condominium","08/05/2021","$224,999","$235,575","13","Resale (occupied at least once)","2008","Cumberland","1,802","0.00","3","2.1","Public Water","Sewer - Public","VHDA/FHA","Individuals"
"1","2117642","748-775-7996","CLOSD","4900 Stable Ridge Court, Henrico VA 23059","23059","Henrico","Single Family Residence","08/05/2021","$789,950","$810,000","12","Resale (occupied at least once)","2015","Stable Hill","4,732","0.37","5","4.0","Public Water","Sewer - Public","Conventional","Individuals"
"1","2117208","8725-26-6209","CLOSD","6859 Turnage Lane, Hanover VA 23111","23111","Hanover","Single Family Residence","08/05/2021","$410,500","$425,000","9","Resale (occupied at least once)","2002","Sherrington","2,910","0.24","5","3.1","Public Water","Sewer - Public","Conventional","Individuals"
"1","2117200","7797-36-2300","CLOSD","10330 Rapidan Way, Hanover VA 23005","23005","Hanover","Single Family Residence","08/05/2021","$324,950","$325,000","21","Resale (occupied at least once)","1987","Rapidan Woods","2,462","0.51","3","2.1","Public Water","Sewer - Public","Conventional","Individuals"
"1","2117173","780-769-7768","CLOSD","1812 Magnolia Ridge Drive, Henrico VA 23059","23059","Henrico","Single Family Residence","08/05/2021","$427,000","$436,000","9","Resale (occupied at least once)","1999","Magnolia Ridge","2,892","0.25","5","2.1","Public Water","Sewer - Public","Conventional","Individuals"
"1","2116971","776-745-3275","CLOSD","3015 Irisdale Avenue, Henrico VA 23228","23228","Henrico","Single Family Residence","08/05/2021","$297,900","$340,000","5","Resale (occupied at least once)","2004","Lakeside","1,802","0.34","3","2.1","Public Water","Sewer - Public","Conventional","Individuals"
"1","2116804","79A-1-2","CLOSD","22501 John Tyler Memorial Highway, Charles City County VA 23185","23185","Charles City County","Single Family Residence","08/05/2021","$450,000","$490,000","7","Resale (occupied at least once)","1983","None","1,850","2.44","3","2.1","Well","Septic - Conventional","VA New","Individuals"
"1","2116433","796625737200000","CLOSD","15700 Gary Avenue, Chesterfield VA 23831","23831","Chesterfield","Single Family Residence","08/05/2021","$335,000","$294,000","5","New (never occupied)","2021","Ivey Tract","1,462","","3","2.0","Public Water","Sewer - Public","Conventional","Individuals"
"501","2116009","775-748-5494","CLOSD","2920 HILLARD Road, Henrico VA 23228","23228","Henrico","Single Family Residence","08/05/2021","$232,500","$210,000","10","Resale (occupied at least once)","1960","Putney Place","1,280","0.34","3","1.0","Public Water","Sewer - Public","Conventional","Individuals"
"501","2110653","815-65-63-46-500-000","CLOSD","12603 Hogans Alley, Chesterfield VA 23836","23836","Chesterfield","Single Family Residence","08/05/2021","$430,000","$440,000","6","Resale (occupied at least once)","1994","Rivers Bend","2,793","0.67","4","3.1","Public Water","Sewer - Public","Conventional","Individuals"
"501","2104899","W000-0861-001","CLOSD","1839 Monument Avenue, Richmond City VA 23220","23220","Richmond City","Single Family Residence","08/05/2021","$2,250,000","$2,125,000","55","Resale (occupied at least once)","1908","None","7,544","0.22","7","5.1","Public Water","Sewer - Public","Conventional","Individuals"
"501","2032935","707-66-65-34-800-000","CLOSD","8101 Baldwin Creek Road, Chesterfield VA 23832","23832","Chesterfield","Single Family Residence","08/05/2021","$1,200,000","$1,125,000","194","Resale (occupied at least once)","1964","None","1,399","22.27","2","1.0","Well","Septic - Conventional","Cash","Individuals"
"501","2021680","741-771-5281","CLOSD","11540 Grey Oaks Estates Run, Henrico VA 23059","23059","Henrico","Single Family Residence","08/05/2021","$950,000","$950,000","29","New (never occupied)","2020","Estates at Grey Oaks South Section 2","5,256","0.35","6","5.0","Public Water","Sewer - Public","Conventional","Corporate"
"501","REIN10385323","28B  3   101","CLOSD","8223 Brown Avenue, New Kent VA 23181","23181","New Kent","Single Family Residence","08/05/2021","$279,900","$279,900","4","Resale (occupied at least once)","2009","BROWNS","1,999","0.46","3","2.0","Well","Septic","",""
"501","REIN10382048","79A-1-2","CLOSD","22501 John Tyler Memorial Highway, Charles City County VA 23185","23185","Charles City County","Single Family Residence","08/05/2021","$450,000","$490,000","6","Resale (occupied at least once)","1983","ALL OTHERS AREA 142","1,851","2.44","3","3.0","Well","Septic","",""
"501","2118887","S007-1032-002","CLOSD","1832 Keswick Avenue, Richmond City VA 23224","23224","Richmond City","Single Family Residence","08/06/2021","$160,000","$155,000","20","Resale (occupied at least once)","1946","Richmond Summit","1,024","0.11","3","1.1","Public Water","Sewer - Public","FHA New","Individuals"
"501","2118106","E000-0573-026","CLOSD","602 North 30th Street, Richmond City VA 23223","23223","Richmond City","Single Family Residence","08/06/2021","$330,000","$350,000","14","Resale (occupied at least once)","2008","None","2,014","0.06","3","2.1","Public Water","Sewer - Public","FHA New","Individuals"
"501","2112632","11755","CLOSD","7970 Uplands Drive, New Kent VA 23124","23124","New Kent","Single Family Residence","08/06/2021","$354,990","$354,990","2","New (never occupied)","2021","Arbors","1,906","","4","2.1","Public Water","Sewer - Public","FHA New","Corporate"
"501","2118033","806-711-4963","CLOSD","5601 Randall Avenue, Henrico VA 23231","23231","Henrico","Single Family Residence","08/06/2021","$199,000","$195,000","24","Resale (occupied at least once)","1947","Richland Heights","1,275","0.35","3","1.0","Public Water","Sewer - Public","FHA New","Individuals"
"501","2100269","38   4     4","CLOSD","25000 Rivers Way, New Kent VA 23011","23011","New Kent","Single Family Residence","08/06/2021","$899,500","$885,000","154","Resale (occupied at least once)","2018","None","2,364","37.22","3","2.1","Well","Septic - Conventional","Conventional","Individuals"
"501","2119721","746-62-69-78-700-000","CLOSD","11518 Corte Castle Road, Chesterfield VA 23838","23838","Chesterfield","Single Family Residence","08/06/2021","$314,900","$335,000","2","Resale (occupied at least once)","1999","Pypers Pointe","2,054","1.53","4","2.1","Well","Septic - Conventional","Conventional","Individuals"
"501","2100485","20B 1-1","CLOSD","3636 Kingsfield Road, New Kent VA 23141","23141","New Kent","Single Family Residence","08/06/2021","$306,306","$306,306","0","New (never occupied)","2021","Kingsfield","2,247","","4","2.1","Well","Septic - Conventional","Conventional","Corporate"
"501","2113307","754-69-00-81-700-000","CLOSD","3036 Newquay Lane, Chesterfield VA 23236","23236","Chesterfield","Single Family Residence","08/06/2021","$600,000","$575,000","42","Resale (occupied at least once)","1988","Bexley","4,821","0.56","5","3.1","Public Water","Sewer - Public","FHA New","Individuals"
"501","2118043","807-64-29-37-500-000","CLOSD","1524 Creek Knoll Court, Chesterfield VA 23834","23834","Chesterfield","Single Family Residence","08/06/2021","$299,900","$310,000","10","Resale (occupied at least once)","1999","Southcreek","2,176","0.41","4","2.1","Public Water","Sewer - Public","VA New","Individuals"
"501","2117947","S009-0104-012","CLOSD","2512 Dana Street, Richmond City VA 23234","23234","Richmond City","Single Family Residence","08/06/2021","$158,950","$165,000","9","Resale (occupied at least once)","1967","Villa Heights","936","0.19","3","1.0","Public Water","Sewer - Public","FHA New","Individuals"
"501","2116371","779-66-54-67-900-000","CLOSD","9402 Hyth Place, Chesterfield VA 23237","23237","Chesterfield","Single Family Residence","08/06/2021","$239,900","$260,000","6","Resale (occupied at least once)","1984","Salem Woods","1,463","0.40","4","2.0","Public Water","Sewer - Public","FHA New","Individuals"
"501","2113994","C009-1057-045","CLOSD","3140 Walmsley Boulevard, Richmond City VA 23234","23234","Richmond City","Single Family Residence","08/06/2021","$249,950","$260,000","23","Resale (occupied at least once)","2008","Ampthill Heights","1,600","0.17","4","2.1","Public Water","Sewer - Public","VA New","Corporate"
"501","2113962","797-61-63-54-600-000","CLOSD","3002 Plumtree Street, Chesterfield VA 23834","23834","Chesterfield","Single Family Residence","08/06/2021","$234,950","$234,950","46","New (never occupied)","2021","West Chesterfield Heights","1,175","0.32","3","2.0","Public Water","Community - Sewer/Septic","VA New","Corporate"
"501","2033127","731-66-33-05-000-000","CLOSD","13425 Fitzwilliam Court, Chesterfield VA 23112","23112","Chesterfield","Single Family Residence","08/06/2021","$419,950","$491,531","0","New (never occupied)","2021","Collington East","2,687","","3","3.0","Public Water","Sewer - Public","Conventional","Corporate"
"501","2023058","l03-2487-1775","CLOSD","8450 Sparks Terrace, New Kent VA 23141","23141","New Kent","Single Family Residence","08/06/2021","$382,051","$386,966","9","New (never occupied)","2021","Dispatch Station Section 1","2,604","","5","3.1","Public Water","Septic - Alternative","Conventional","Corporate"
"501","2117851","765-67-70-99-400-000","CLOSD","7648 Robinwood Drive, Chesterfield VA 23832","23832","Chesterfield","Single Family Residence","08/06/2021","$199,950","$214,000","2","Resale (occupied at least once)","1984","Robinwood","1,372","0.43","3","2.0","Public Water","Sewer - Public","FHA New","Individuals"
"501","2118414","742-69-38-04-800-000","CLOSD","11201 Providence Creek Place, Chesterfield VA 23236","23236","Chesterfield","Single Family Residence","08/06/2021","$290,000","$290,000","16","Resale (occupied at least once)","1991","Providence Creek","1,768","0.22","4","2.1","Public Water","Sewer - Public","FHA New","Individuals"
"501","2119946","747-745-1849","CLOSD","9605 Asbury Court, Henrico VA 23229","23229","Henrico","Single Family Residence","08/06/2021","$315,000","$315,000","7","Resale (occupied at least once)","1963","Farmington","2,068","0.30","4","3.0","Public Water","Sewer - Public","Conventional","Individuals"
"501","2118681","772-759-6965","CLOSD","9703 Stockbridge Drive, Henrico VA 23228","23228","Henrico","Single Family Residence","08/06/2021","$229,950","$225,000","8","Resale (occupied at least once)","1957","Laurel Park","1,580","0.26","3","2.0","Public Water","Sewer - Public","Conventional","Individuals"
"501","2116095","S008-0526-039","CLOSD","2209 Terminal Avenue, Richmond City VA 23234","23234","Richmond City","Single Family Residence","08/06/2021","$169,000","$170,000","19","Resale (occupied at least once)","1950","Cullenwood","840","0.29","3","1.0","Public Water","Sewer - Public","VHDA/FHA","Individuals"
"501","2119643","791-66-73-36-700-000","CLOSD","3012 Woodworth Road, Chesterfield VA 23237","23237","Chesterfield","Single Family Residence","08/06/2021","$180,000","$191,000","9","Resale (occupied at least once)","1968","Quail Oaks","975","0.25","3","1.0","Public Water","Sewer - Public","VHDA ","Individuals"
"501","2119022","781-65-54-31-300-000","CLOSD","10649 Lunswood Road, Chesterfield VA 23831","23831","Chesterfield","Single Family Residence","08/06/2021","$250,000","$240,000","13","Resale (occupied at least once)","1971","Buxton","1,900","0.43","3","2.0","Public Water","Septic - Conventional","Conventional","Estate"
"501","2119104","781-62-46-08-300-000","CLOSD","6031 Woodpecker Road, Chesterfield VA 23838","23838","Chesterfield","Single Family Residence","08/06/2021","$415,000","$407,500","8","Resale (occupied at least once)","1978","None","2,109","6.24","3","2.1","Well","Septic - Conventional","Conventional","Individuals"
"501","2113716","703-67-22-96-600-000","CLOSD","17912 Boston Creek Trail, Chesterfield VA 23120","23120","Chesterfield","Single Family Residence","08/06/2021","$560,000","$565,000","54","Resale (occupied at least once)","2017","Magnolia Green","4,390","0.43","5","3.1","Public Water","Sewer - Public","Conventional","Individuals"
"501","2118631","8708-20-5722","CLOSD","8556 Anderson Court, Hanover VA 23116","23116","Hanover","Single Family Residence","08/06/2021","$349,950","$330,000","5","Resale (occupied at least once)","1957","Hanover Hills Small Farms","2,050","1.03","4","2.0","Well","Septic - Conventional","Cash","Individuals"
"501","2118008","730-70-46-40-500-000","CLOSD","526 Lawford Lane, Chesterfield VA 23114","23114","Chesterfield","Townhouse","08/06/2021","$285,000","$309,950","5","Resale (occupied at least once)","2004","None","1,633","0.07","3","2.1","Public Water","Sewer - Public","Cash","Individuals"
"501","2122558","739-70-00-95-100-000","CLOSD","11642 Smoketree Drive, Chesterfield VA 23236","23236","Chesterfield","Single Family Residence","08/06/2021","$346,500","$375,000","6","Resale (occupied at least once)","1979","Smoketree","2,203","0.37","4","2.1","Public Water","Sewer - Public","Cash","Individuals"
"501","2122343","W000-1198-006","CLOSD","2701 Grayland Avenue, Richmond City VA 23220","23220","Richmond City","Single Family Residence","08/06/2021","$279,995","$265,000","3","Resale (occupied at least once)","1920","None","1,360","0.06","3","1.0","Public Water","Sewer - Public","Cash","Individuals"
"501","2122236","744-752-6586.124","CLOSD","2111 Turtle Creek Drive #Unit4, Henrico VA 23233","23233","Henrico","Condominium","08/06/2021","$179,000","$185,000","2","Resale (occupied at least once)","1987","Turtle Creek West Condominiums","980","0.02","2","2.0","Public Water","Sewer - Public","Cash","Individuals"
"501","2122121","C007-0200-050","CLOSD","1066 Barlen Drive, Richmond City VA 23225","23225","Richmond City","Single Family Residence","08/06/2021","$199,950","$204,000","3","Resale (occupied at least once)","1959","Barleth Heights","1,061","0.22","3","1.0","Public Water","Sewer - Public","Cash","Individuals"
"501","2121864","039E-3-12","CLOSD","1982 Lone Draw Drive, Powhatan VA 23139","23139","Powhatan","Single Family Residence","08/06/2021","$349,950","$360,000","2","Resale (occupied at least once)","2001","Seven Ridges Of Plainview","1,862","2.19","3","2.1","Well","Septic - Conventional","VHDA/FHA","Individuals"
"501","2121774","757-69-57-26-600-000","CLOSD","8406 Den Bark Drive, Chesterfield VA 23235","23235","Chesterfield","Single Family Residence","08/06/2021","$229,950","$260,000","6","Resale (occupied at least once)","1984","Foxberry","1,296","0.35","4","2.0","Public Water","Sewer - Public","FHA New","Individuals"
"501","2121729","E000-0256-031","CLOSD","510 North 23rd Street, Richmond City VA 23223","23223","Richmond City","Single Family Residence","08/06/2021","$329,900","$344,000","5","Resale (occupied at least once)","1890","None","1,620","0.04","3","2.0","Public Water","Sewer - Public","Cash","Individuals"
"501","2121683","765-69-15-13-900-000","CLOSD","7051 Manning Road, Chesterfield VA 23832","23832","Chesterfield","Single Family Residence","08/06/2021","$179,900","$205,000","6","Resale (occupied at least once)","1982","Belmont Hills West","1,606","0.30","3","1.1","Public Water","Sewer - Public","Cash","Individuals"
"501","2121605","W000-0161-027","CLOSD","718 Holly Street, Richmond City VA 23220","23220","Richmond City","Single Family Residence","08/06/2021","$327,950","$336,000","3","Resale (occupied at least once)","1910","None","1,608","0.07","3","2.1","Public Water","Sewer - Public","Conventional","Individuals"
"501","2120859","745-71-47-94-400-000","CLOSD","10810 Savoy Road, Chesterfield VA 23235","23235","Chesterfield","Single Family Residence","08/06/2021","$239,995","$230,000","5","Resale (occupied at least once)","1966","Greenfield","1,724","0.27","3","1.2","Public Water","Sewer - Public","Conventional","Other"
"501","2120804","728-69-02-22-200-000","CLOSD","13700 Carriage Creek Place, Chesterfield VA 23112","23112","Chesterfield","Single Family Residence","08/06/2021","$219,900","$225,000","6","Resale (occupied at least once)","1984","Carriage Creek","1,256","0.15","3","1.0","Public Water","Sewer - Public","Cash","Individuals"
"501","2120623","7851-95-7229","CLOSD","13016 Fairway Lane, Hanover VA 23005","23005","Hanover","Single Family Residence","08/06/2021","$399,950","$400,000","0","Resale (occupied at least once)","1980","Country Club Hills","2,680","0.53","4","2.1","Public Water","Sewer - Public","Conventional","Individuals"
"501","2120600","769-760-6002.029","CLOSD","10218 Wolfe Manor Court #Unit305, Henrico VA 23060","23060","Henrico","Condominium","08/06/2021","$165,000","$175,250","6","Resale (occupied at least once)","1992","Landings At Laurel","956","0.02","2","2.0","Public Water","Sewer - Public","Conventional","Individuals"
"501","2120554","791-66-28-04-400-000","CLOSD","10913 Stilton Drive, Chesterfield VA 23831","23831","Chesterfield","Single Family Residence","08/06/2021","$199,900","$225,000","3","Resale (occupied at least once)","1988","Mineola","1,288","0.28","3","1.1","Public Water","Sewer - Public","Conventional","Individuals"
"501","2120444","N000-1038-001","CLOSD","3118 Garland Avenue, Richmond City VA 23222","23222","Richmond City","Single Family Residence","08/06/2021","$185,000","$230,000","5","Resale (occupied at least once)","1940","Brightwood","1,656","0.32","4","1.1","Public Water","Sewer - Public","Cash","Estate"
"501","2120437","N000-0973-002","CLOSD","3026 Garland Avenue, Richmond City VA 23222","23222","Richmond City","Single Family Residence","08/06/2021","$337,950","$335,000","5","Resale (occupied at least once)","1924","Brookland Park","1,440","0.09","3","2.1","Public Water","Sewer - Public","Conventional","Individuals"
"501","2120284","785-69-20-71-600-000","CLOSD","3136 Grahamwood Drive, Chesterfield VA 23234","23234","Chesterfield","Single Family Residence","08/06/2021","$215,000","$232,000","6","Resale (occupied at least once)","1965","Falling Creek Court","1,275","0.25","3","1.1","Public Water","Sewer - Public","FHA New","Individuals"
"501","2120174","727-70-31-93-500-150","CLOSD","614 Bristol Village Drive #UnitB03, Chesterfield VA 23114","23114","Chesterfield","Condominium","08/06/2021","$173,000","$173,000","3","Resale (occupied at least once)","2005","Bristol Village @ Charter Colony","1,087","21.97","2","2.0","Public Water","Sewer - Public","Other","Corporate"
"501","2120154","788-65-65-75-500-000","CLOSD","4200 Chester Village Circle, Chesterfield VA 23831","23831","Chesterfield","Single Family Residence","08/06/2021","$369,000","$369,000","2","Resale (occupied at least once)","2005","Chester Village Green","2,700","0.19","4","3.0","Public Water","Sewer - Public","Cash","Individuals"
"501","2120116","790-744-0340","CLOSD","604 Stukeley Lane, Henrico VA 23227","23227","Henrico","Single Family Residence","08/06/2021","$165,000","$165,000","16","Resale (occupied at least once)","1959","Stukeley Hall Farms","1,120","0.24","3","1.1","Public Water","Sewer - Public","Cash","Individuals"
"501","2120089","C006-0460-007","CLOSD","636 Dixon Drive, Richmond City VA 23224","23224","Richmond City","Single Family Residence","08/06/2021","$229,000","$220,000","7","Resale (occupied at least once)","1950","Woodstock","1,525","0.43","4","2.0","Public Water","Sewer - Public","Cash","Individuals"
"501","2120067","778-66-96-06-500-000","CLOSD","8706 Peach Grove Road, Chesterfield VA 23237","23237","Chesterfield","Single Family Residence","08/06/2021","$249,950","$250,000","5","Resale (occupied at least once)","1986","Ashton Woods North","1,524","0.25","4","2.0","Public Water","Sewer - Public","VA New","Individuals"
"501","2120036","821-720-4586","CLOSD","514 Dale Street, Henrico VA 23075","23075","Henrico","Single Family Residence","08/06/2021","$174,950","$200,950","13","Resale (occupied at least once)","1957","York Manor","1,073","0.27","3","1.1","Public Water","Sewer - Public","Conventional","Individuals"
"501","2119910","748-71-75-79-600-000","CLOSD","2619 Traymore Road, Chesterfield VA 23235","23235","Chesterfield","Single Family Residence","08/06/2021","$274,900","$315,000","7","Resale (occupied at least once)","1958","Woodmont","1,492","0.43","3","2.0","Public Water","Sewer - Public","Conventional","Individuals"
"501","2119897","038D-3-6","CLOSD","4040 Foxrest Terrace, Powhatan VA 23139","23139","Powhatan","Single Family Residence","08/06/2021","$315,000","$315,000","3","Resale (occupied at least once)","2004","Foxrest","1,794","3.23","2","2.0","Well","Septic - Conventional","FHA New","Estate"
"501","2119845","741-67-58-05-000-000","CLOSD","11919 Misty Spring Place, Chesterfield VA 23112","23112","Chesterfield","Single Family Residence","08/06/2021","$314,900","$345,000","7","Resale (occupied at least once)","2002","Swift Creek Crossing","2,034","0.37","4","2.1","Public Water","Sewer - Public","Conventional","Individuals"
"501","2119745","797-64-57-35-600-000","CLOSD","14012 Kentwood Forest Drive, Chesterfield VA 23831","23831","Chesterfield","Single Family Residence","08/06/2021","$284,900","$315,000","4","Resale (occupied at least once)","1998","Kentwood Forest","2,216","0.39","4","2.1","Public Water","Sewer - Public","Conventional","Individuals"
"501","2119724","7870-42-3258","CLOSD","408 Thompson Street, Hanover VA 23005","23005","Hanover","Single Family Residence","08/06/2021","$389,900","$389,900","1","Resale (occupied at least once)","2004","Old Towne","2,057","0.35","3","2.0","Public Water","Sewer - Public","Cash","Individuals"
"501","2119703","758-69-43-56-400-000","CLOSD","2601 Cropper Circle, Chesterfield VA 23235","23235","Chesterfield","Single Family Residence","08/06/2021","$235,000","$260,000","6","Resale (occupied at least once)","1985","Foxberry","1,296","0.30","4","2.0","Public Water","Sewer - Public","FHA New","Individuals"
"501","2119682","8724-61-2094","CLOSD","7053 Haynes Drive, Hanover VA 23111","23111","Hanover","Single Family Residence","08/06/2021","$265,000","$280,000","6","Resale (occupied at least once)","1963","Haynes Sub","2,200","0.42","3","2.0","Public Water","Septic - Conventional","Cash","Individuals"
"501","2119622","747-69-87-09-900-000","CLOSD","10209 Francill Court, Chesterfield VA 23236","23236","Chesterfield","Single Family Residence","08/06/2021","$229,950","$226,450","11","Resale (occupied at least once)","1985","Forest Acres","1,214","0.44","3","2.0","Public Water","Sewer - Public","Cash","Individuals"
"501","2119620","726-70-02-26-500-000","CLOSD","904 Nailor Way, Chesterfield VA 23114","23114","Chesterfield","Single Family Residence","08/06/2021","$379,950","$392,000","5","Resale (occupied at least once)","2008","Hawthorne Village","2,615","0.16","4","2.1","Public Water","Sewer - Public","Conventional","Individuals"
"501","2119470","23   4 2  16","CLOSD","9435 Marie Road, New Kent VA 23124","23124","New Kent","Single Family Residence","08/06/2021","$430,000","$435,000","4","Resale (occupied at least once)","2007","Chestnut Hill","2,470","5.10","4","3.1","Well","Septic - Conventional","Conventional","Individuals"
"501","2119461","817-723-7152","CLOSD","422 Hickorywood Circle, Henrico VA 23223","23223","Henrico","Townhouse","08/06/2021","$127,500","$127,500","3","Resale (occupied at least once)","1982","Ironwood","1,178","0.03","3","1.1","Public Water","Sewer - Public","Other","Individuals"
"501","2119427","752-68-68-17-400-000","CLOSD","4032 Randolph Road, Chesterfield VA 23236","23236","Chesterfield","Single Family Residence","08/06/2021","$365,000","$385,000","5","Resale (occupied at least once)","1960","Falling Creek Farms","3,638","1.02","4","3.0","Public Water","Septic - Conventional","VA New","Individuals"
"501","2119379","736-774-2654","CLOSD","8305 Charing Lane, Henrico VA 23059","23059","Henrico","Single Family Residence","08/06/2021","$600,000","$630,000","8","Resale (occupied at least once)","2002","Cambridge","3,389","0.61","4","3.1","Public Water","Sewer - Public","Cash","Individuals"
"501","2119306","722-64-64-46-200-000","CLOSD","14421 Sylvan Ridge Road, Chesterfield VA 23838","23838","Chesterfield","Single Family Residence","08/06/2021","$425,000","$450,000","4","Resale (occupied at least once)","1995","Windsor Park","3,367","1.23","5","3.1","Public Water","Septic - Conventional","Conventional","Individuals"
"501","2119217","769-69-43-75-500-000","CLOSD","3134 Kim Drive, Chesterfield VA 23224","23224","Chesterfield","Townhouse","08/06/2021","$182,000","$191,000","4","Resale (occupied at least once)","2005","Ashley Village","1,292","0.04","2","2.1","Public Water","Sewer - Public","Conventional","Individuals"
"501","2119144","777-64-58-67-100-000","CLOSD","13520 Bradley Bridge Road, Chesterfield VA 23831","23831","Chesterfield","Single Family Residence","08/06/2021","$324,990","$330,000","13","Resale (occupied at least once)","1979","None","1,922","1.25","4","2.0","Public Water","Septic - Conventional","Conventional","Individuals"
"501","2119090","745-67-97-64-300-000","CLOSD","10806 Ridgerun Road, Chesterfield VA 23832","23832","Chesterfield","Single Family Residence","08/06/2021","$275,000","$300,000","3","Resale (occupied at least once)","1988","Great Oaks","1,666","0.33","3","2.1","Public Water","Sewer - Public","FHA New","Individuals"
"501","2119074","713-68-86-80-200-000","CLOSD","3713 Knighton Circle, Chesterfield VA 23112","23112","Chesterfield","Single Family Residence","08/06/2021","$579,000","$579,000","12","Resale (occupied at least once)","2020","Cambria Cove","4,781","0.35","6","4.1","Public Water","Sewer - Public","VA New","Individuals"
"501","2119011","8706-09-9379","CLOSD","9584 Thornecrest Drive, Hanover VA 23116","23116","Hanover","Single Family Residence","08/06/2021","$499,950","$535,000","4","Resale (occupied at least once)","2016","Cool Spring West","3,276","0.31","4","2.1","Public Water","Sewer - Public","Conventional","Individuals"
"501","2118946","N000-0062-045","CLOSD","515 North 1st Street, Richmond City VA 23219","23219","Richmond City","Single Family Residence","08/06/2021","$350,000","$362,000","8","Resale (occupied at least once)","1900","None","2,032","0.06","3","2.1","Public Water","Sewer - Public","Cash","Individuals"
"501","2118593","764-773-8587","CLOSD","2920 Ridgegate Place, Henrico VA 23059","23059","Henrico","Single Family Residence","08/06/2021","$645,000","$640,000","3","Resale (occupied at least once)","2007","The Ridge At Hunton Park","4,173","0.37","5","3.1","Public Water","Sewer - Public","Conventional","Individuals"
"501","2118529","787-64-19-32-000-000","CLOSD","14407 Tooley Court, Chesterfield VA 23831","23831","Chesterfield","Single Family Residence","08/06/2021","$439,000","$451,000","3","Resale (occupied at least once)","2006","Stoney Glen South","3,349","0.45","5","2.1","Public Water","Sewer - Public","FHA New","Individuals"
"501","2118465","N000-1428-011","CLOSD","1602 Palmyra Avenue, Richmond City VA 23227","23227","Richmond City","Single Family Residence","08/06/2021","$699,950","$690,000","5","Resale (occupied at least once)","1923","Laburnum Park","2,859","0.42","5","3.1","Public Water","Sewer - Public","Conventional","Individuals"
"501","2118453","752-62-33-11-300-000","CLOSD","10921 Trents Bridge Road, Chesterfield VA 23838","23838","Chesterfield","Single Family Residence","08/06/2021","$310,000","$340,000","6","Resale (occupied at least once)","2017","None","1,276","3.27","3","2.0","Well","Septic - Conventional","Conventional","Individuals"
"501","2118412","718-66-51-37-800-000","CLOSD","8301 Badestowe Court, Chesterfield VA 23832","23832","Chesterfield","Single Family Residence","08/06/2021","$415,000","$435,000","4","Resale (occupied at least once)","2015","Harpers Mill","2,463","0.32","4","3.0","Public Water","Sewer - Public","FHA New","Individuals"
"501","2118334","751-761-3034","CLOSD","10824 Hinton Court, Henrico VA 23060","23060","Henrico","Single Family Residence","08/06/2021","$364,950","$395,000","5","Resale (occupied at least once)","1999","Lexington","2,006","0.27","4","2.1","Public Water","Sewer - Public","Conventional","Individuals"
"501","2118283","777-753-3637","CLOSD","2412 Swartwout Avenue, Henrico VA 23228","23228","Henrico","Single Family Residence","08/06/2021","$199,500","$217,000","6","Resale (occupied at least once)","1949","Woodland Hills","975","0.22","3","1.0","Public Water","Sewer - Public","FHA New","Individuals"
"501","2118173","W022-0162-038","CLOSD","5621 Cary Street Road #UnitU104, Richmond City VA 23226","23226","Richmond City","Condominium","08/06/2021","$169,000","$159,500","8","Resale (occupied at least once)","1927","Tuckahoe Condominiums","496","1.71","1","1.0","Public Water","Sewer - Public","Cash","Individuals"
"501","2117946","N017-0134-011","CLOSD","4821 East Seminary Avenue, Richmond City VA 23227","23227","Richmond City","Single Family Residence","08/06/2021","$474,500","$525,000","3","Resale (occupied at least once)","1929","North Ginter Park","2,192","0.17","3","2.1","Public Water","Sewer - Public","Conventional","Individuals"
"501","2117932","7880-84-9108","CLOSD","10317 Spencer Trail Place, Hanover VA 23005","23005","Hanover","Single Family Residence","08/06/2021","$369,950","$380,000","5","Resale (occupied at least once)","2014","Providence","2,112","0.34","4","2.1","Public Water","Sewer - Public","Conventional","Individuals"
"501","2117832","728-68-78-72-300-000","CLOSD","3108 Quail Hunt Court, Chesterfield VA 23112","23112","Chesterfield","Single Family Residence","08/06/2021","$230,000","$205,000","10","Resale (occupied at least once)","1978","Huntsbridge","1,650","0.15","3","2.1","Public Water","Sewer - Public","Cash","Individuals"
"501","2117678","742-67-57-30-500-000","CLOSD","11718 Parrish Creek Lane, Chesterfield VA 23832","23832","Chesterfield","Single Family Residence","08/06/2021","$369,950","$375,000","4","Resale (occupied at least once)","2011","Colony Pointe","2,658","0.43","4","2.1","Public Water","Sewer - Public","Conventional","Individuals"
"501","2117634","817-64-98-06-800-000","CLOSD","612 Orchard Harvest Drive, Chesterfield VA 23836","23836","Chesterfield","Single Family Residence","08/06/2021","$319,000","$341,000","4","Resale (occupied at least once)","1996","Bermuda Orchard","2,595","0.26","5","2.1","Public Water","Sewer - Public","VA New","Individuals"
"501","2117521","804-695-5234","CLOSD","7220 Woodside Street, Henrico VA 23231","23231","Henrico","Single Family Residence","08/06/2021","$274,950","$310,000","5","Resale (occupied at least once)","2003","Village At Olde Colony","1,932","0.31","3","2.1","Public Water","Sewer - Public","Conventional","Individuals"
"501","2117505","788-768-9443","CLOSD","3818 Village Views Place #Unit3838, Henrico VA 23059","23059","Henrico","Townhouse","08/06/2021","$357,500","$375,000","4","Resale (occupied at least once)","2007","Villages At The Crossings","2,356","0.09","3","2.1","Public Water","Sewer - Public","Conventional","Individuals"
"501","2117503","764-756-2095.099","CLOSD","8402 Muldoon Court #Unit203, Henrico VA 23228","23228","Henrico","Condominium","08/06/2021","$150,000","$151,100","3","Resale (occupied at least once)","1983","Shannon Green Condo","848","0.01","2","2.0","Public Water","Sewer - Public","FHA New","Individuals"
"501","2117361","54-4-0-9-0","CLOSD","2068 Strawberry Run, Goochland VA 23039","23039","Goochland","Single Family Residence","08/06/2021","$439,995","$430,000","14","Resale (occupied at least once)","1979","Strawberry Run","1,867","8.69","3","2.0","Well","Septic - Conventional","Conventional","Individuals"
"501","2117303","C003-0146-013","CLOSD","2835 Bicknell Road, Richmond City VA 23235","23235","Richmond City","Single Family Residence","08/06/2021","$419,600","$412,100","10","Resale (occupied at least once)","1963","Oxford","2,589","0.63","4","3.1","Public Water","Sewer - Public","VA New","Individuals"
"501","2117089","8724-06-7828","CLOSD","6471 Lark Way, Hanover VA 23111","23111","Hanover","Single Family Residence","08/06/2021","$325,000","$326,500","11","Resale (occupied at least once)","1966","Brandy Creek Estates","2,695","0.40","5","3.1","Public Water","Sewer - Public","Conventional","Individuals"
"501","2116932","779-765-3310","CLOSD","2024 Knotty Drive, Henrico VA 23060","23060","Henrico","Single Family Residence","08/06/2021","$294,500","$319,000","3","Resale (occupied at least once)","1991","Summerfield","1,712","0.25","4","2.0","Public Water","Sewer - Public","VA New","Individuals"
"501","2116752","821-64-58-43-600-000","CLOSD","14304 Central Avenue, Chesterfield VA 23836","23836","Chesterfield","Single Family Residence","08/06/2021","$239,950","$230,000","15","Resale (occupied at least once)","1955","Morrisdale","1,824","0.28","4","2.1","Public Water","Sewer - Public","USDA","Individuals"
"501","2116676","W021-0407-023","CLOSD","5504 Cary Street Road, Richmond City VA 23226","23226","Richmond City","Single Family Residence","08/06/2021","$749,000","$785,000","15","Resale (occupied at least once)","1955","Dahlia Farms","2,821","0.45","4","3.0","Public Water","Sewer - Public","Conventional","Individuals"
"501","2116650","738-744-7304","CLOSD","1319 Stoneycreek Drive, Henrico VA 23238","23238","Henrico","Single Family Residence","08/06/2021","$380,000","$380,000","11","Resale (occupied at least once)","1965","Tuckahoe Village","2,586","0.83","4","3.1","Public Water","Sewer - Public","Conventional","Individuals"
"501","2116617","8716-12-4667","CLOSD","7432 Strawhorn Drive, Hanover VA 23116","23116","Hanover","Single Family Residence","08/06/2021","$375,000","$374,750","8","Resale (occupied at least once)","1974","Robin Ridge","2,416","1.02","4","2.1","Public Water","Septic - Conventional","Conventional","Individuals"
"501","2116499","755-761-1952","CLOSD","4502 Spring Moss Circle, Henrico VA 23060","23060","Henrico","Townhouse","08/06/2021","$329,000","$361,000","6","Resale (occupied at least once)","2004","The Townes At Meredith Creek","1,966","0.06","3","2.1","Public Water","Sewer - Public","VA New","Individuals"
"501","2116226","794-753-0018","CLOSD","8013 Arbor Glen Place, Henrico VA 23227","23227","Henrico","Single Family Residence","08/06/2021","$355,000","$376,000","9","Resale (occupied at least once)","2001","Sterling Forest","2,577","0.47","4","2.1","Public Water","Sewer - Public","FHA New","Individuals"
"501","2116215","S000-0796-016","CLOSD","2605 Bainbridge Street, Richmond City VA 23225","23225","Richmond City","Single Family Residence","08/06/2021","$249,950","$215,000","11","Resale (occupied at least once)","1941","Hollands Addition","910","0.11","2","1.1","Public Water","Sewer - Public","FHA New","Individuals"
"501","2115949","742-69-09-67-900-000","CLOSD","2437 Providence Creek Road, Chesterfield VA 23236","23236","Chesterfield","Single Family Residence","08/06/2021","$255,000","$300,000","13","Resale (occupied at least once)","1991","Providence Creek","1,746","0.37","3","2.1","Public Water","Sewer - Public","Conventional","Individuals"
"501","2115875","764-766-2892","CLOSD","3416 Katy Brooke Court, Henrico VA 23060","23060","Henrico","Single Family Residence","08/06/2021","$579,000","$570,000","26","Resale (occupied at least once)","2005","Meadow Farms","3,875","0.58","4","2.1","Public Water","Sewer - Public","Conventional","Individuals"
"501","2115502","791-752-8480","CLOSD","7802 Antionette Drive, Henrico VA 23227","23227","Henrico","Single Family Residence","08/06/2021","$349,900","$350,500","31","Resale (occupied at least once)","1974","Three Fountains North","3,639","0.33","5","2.2","Public Water","Sewer - Public","Conventional","Corporate"
"501","2115309","052-21B","CLOSD","3035 Pineview Drive, Powhatan VA 23139","23139","Powhatan","Single Family Residence","08/06/2021","$350,000","$360,000","6","Resale (occupied at least once)","2019","None","1,679","2.00","3","2.1","Well","Septic - Conventional","Cash","Individuals"
"501","2115278","737-67-09-53-500-000","CLOSD","8613 Bay Knolls Court, Chesterfield VA 23112","23112","Chesterfield","Single Family Residence","08/06/2021","$330,000","$365,000","4","Resale (occupied at least once)","1996","Bayhill Pointe","2,202","0.45","4","2.1","Public Water","Sewer - Public","Conventional","Individuals"
"501","2114874","813-726-2880","CLOSD","108 Post Cedar Court, Henrico VA 23223","23223","Henrico","Single Family Residence","08/06/2021","$205,000","$245,000","9","Resale (occupied at least once)","1997","Cedar Fork Estates","1,284","0.20","3","2.0","Public Water","Sewer - Public","Cash","Individuals"
"501","2114788","8715-81-2572","CLOSD","7093 Foxbernie Drive, Hanover VA 23111","23111","Hanover","Single Family Residence","08/06/2021","$259,950","$259,950","18","Resale (occupied at least once)","1991","Foxlair","1,636","0.55","3","2.1","Public Water","Sewer - Public","Conventional","Individuals"
"501","2114550","741-745-8053","CLOSD","1603 Pump Road, Henrico VA 23238","23238","Henrico","Single Family Residence","08/06/2021","$439,000","$439,000","26","Resale (occupied at least once)","1966","Canterbury","2,823","0.66","4","3.0","Public Water","Sewer - Public","Conventional","Individuals"
"501","2114158","C009-0148-028","CLOSD","1301 HOPKINS Road, Richmond City VA 23224","23224","Richmond City","Single Family Residence","08/06/2021","$97,500","$80,000","40","Resale (occupied at least once)","1943","H G Bangle","1,148","0.36","3","1.0","Public Water","Sewer - Public","Cash","Individuals"
"501","2112858","738-776-2985","CLOSD","5631 Country Hills Lane, Henrico VA 23059","23059","Henrico","Single Family Residence","08/06/2021","$1,279,000","$1,200,000","10","Resale (occupied at least once)","1993","Cross Creek","4,740","1.00","5","4.1","Public Water","Sewer - Public","Conventional","Individuals"
"501","2112058","8716-13-9902","CLOSD","7559 Studley Road, Hanover VA 23116","23116","Hanover","Single Family Residence","08/06/2021","$375,000","$375,000","19","Resale (occupied at least once)","1982","Robin Ridge","2,768","0.93","4","2.1","Public Water","Septic - Conventional","VA New","Individuals"
"501","2110789","745 62 54 23 900 000","CLOSD","15661 Corte Castle Terrace, Chesterfield VA 23838","23838","Chesterfield","Single Family Residence","08/06/2021","$339,900","$339,900","45","New (never occupied)","2021","Rivers Trace","1,783","1.40","3","2.0","Public Water","Septic - Conventional","Conventional","Corporate"
"501","2110270","055-3","CLOSD","18103 West County Line Road, Powhatan VA 23112","23112","Powhatan","Single Family Residence","08/06/2021","$235,000","$220,000","32","Resale (occupied at least once)","1978","None","3,640","0.87","4","3.0","Well","Septic - Conventional","Conventional","REO"
"501","2109451","796-66-44-44-600-000","CLOSD","10500 Ramona Avenue, Chesterfield VA 23237","23237","Chesterfield","Single Family Residence","08/06/2021","$246,600","$252,000","7","New (never occupied)","2021","Belmeade","1,400","","3","2.1","Well","Sewer - Public","FHA New","Corporate"
"501","2103211","E012-0331-016","CLOSD","2301 Redwood Avenue, Richmond City VA 23223","23223","Richmond City","Single Family Residence","08/06/2021","$125,000","$135,000","27","Resale (occupied at least once)","1954","Eastview","1,007","0.22","3","1.0","Public Water","Sewer - Public","FHA New","Partnership"
"501","2101156","780-66-45-11-000-000","CLOSD","9924 Agincourt Lane, Chesterfield VA 23237","23237","Chesterfield","Single Family Residence","08/06/2021","$195,000","$195,000","25","Resale (occupied at least once)","1980","Woodbine","1,104","0.27","3","1.1","Public Water","Sewer - Public","Conventional","Estate"
"501","2035425","747-70-63-55-400-000","CLOSD","10501 KEITHWOOD, Chesterfield VA 23236","23236","Chesterfield","Single Family Residence","08/06/2021","$274,900","$260,000","62","Resale (occupied at least once)","2021","Keithwood","1,296","0.60","4","2.0","Public Water","Sewer - Public","Conventional","Individuals, Partnership"
"501","2034145","717-68-98-99-600-000","CLOSD","3518 Alvecote Terrace, Chesterfield VA 23112","23112","Chesterfield","Single Family Residence","08/06/2021","$739,900","$760,000","202","New (never occupied)","2020","Rountrey","3,959","0.22","5","5.0","Public Water","Sewer - Public","Conventional","Corporate"
"501","2032285","33B18 13R  37","CLOSD","3444 Red Tail Court, New Kent VA 23140","23140","New Kent","Single Family Residence","08/06/2021","$479,950","$479,950","49","New (never occupied)","2021","Brickshire","2,971","0.93","5","2.1","Public Water","Sewer - Public","VHDA/FHA","Corporate"
"501","2030226","Not Yet Assigned","CLOSD","12032 Talavera Terrace, Goochland VA 23238","23238","Goochland","Townhouse","08/06/2021","$417,600","$439,905","0","New (never occupied)","2020","Mosaic at West Creek","2,149","","3","3.0","Public Water","Sewer - Public","Cash","Corporate"
"501","2028425","772-740-9469","CLOSD","5607 Coopers Walk Lane #UnitU-5, Henrico VA 23230","23230","Henrico","Townhouse","08/06/2021","$318,900","$342,819","365","New (never occupied)","2020","Libbie Mill Townhomes","1,342","0.00","2","2.1","Public Water","Sewer - Public","Conventional","Other"
"501","2006028","751-764-6517","CLOSD","4521 THORNCROFT, Henrico VA 23061","23061","Henrico","Single Family Residence","08/06/2021","$708,500","$744,037","158","New (never occupied)","2020","Oakland Hills","2,548","","3","2.1","Public Water","Sewer - Public","Cash","Corporate"
"501","2104365","825-722-9589","CLOSD","125 North Spruce Avenue, Henrico VA 23075","23075","Henrico","Single Family Residence","08/09/2021","$251,600","$265,000","2","New (never occupied)","2021","Highland Springs","1,640","0.19","4","2.1","Public Water","Sewer - Public","FHA New","Corporate"
"501","2109735","054-3-E","CLOSD","1410 Andean Lane, Powhatan VA 23139","23139","Powhatan","Single Family Residence","08/09/2021","$899,900","$830,000","67","Resale (occupied at least once)","1999","Tamrick Estates","4,842","10.00","4","5.1","Well","Septic - Conventional","Conventional","Individuals"
"501","2120012","C004-0537-036","CLOSD","7129 Cherokee Road, Richmond City VA 23225","23225","Richmond City","Single Family Residence","08/09/2021","$325,000","$350,000","2","Resale (occupied at least once)","1941","Stratford Hills","1,912","0.50","3","2.0","Public Water","Sewer - Public","Conventional","Individuals"
"501","2117096","773-758-4142","CLOSD","2410 Agra Drive, Henrico VA 23228","23228","Henrico","Single Family Residence","08/09/2021","$210,000","$219,000","4","Resale (occupied at least once)","1947","Laurel Dell","750","0.25","2","1.0","Public Water","Sewer - Public","VHDA/FHA","Individuals"
"501","2111678","8715-54-2832","CLOSD","7234 Lone Cedar Drive, Hanover VA 23111","23111","Hanover","Single Family Residence","08/09/2021","$325,000","$310,000","44","Resale (occupied at least once)","1990","Hanover Grove","2,486","0.86","4","2.1","Public Water","Sewer - Public","Conventional","Individuals"
"501","2117422","8714-56-8617","CLOSD","7334 Hunterbrook Drive, Hanover VA 23111","23111","Hanover","Single Family Residence","08/09/2021","$240,000","$235,000","13","Resale (occupied at least once)","1967","Spring Meadows","2,400","0.42","3","3.0","Public Water","Sewer - Public","Conventional","Individuals"
"501","2114180","722-71-63-16-400-000","CLOSD","14321 Helmsley Road, Chesterfield VA 23113","23113","Chesterfield","Single Family Residence","08/09/2021","$600,000","$620,000","4","Resale (occupied at least once)","1988","Salisbury","3,864","0.88","5","3.2","Public Water","Sewer - Public","Conventional","Individuals"
"501","2120906","721-67-93-66-700-000","CLOSD","5412 Standing Oak Road, Chesterfield VA 23112","23112","Chesterfield","Single Family Residence","08/09/2021","$310,000","$320,000","8","Resale (occupied at least once)","1988","Standing Oak","1,837","0.21","4","2.1","Public Water","Sewer - Public","FHA New","Corporate"
"501","2101352","7796-74-5400","CLOSD","9244 Janeway Drive, Hanover VA 23116","23116","Hanover","Single Family Residence","08/09/2021","$501,500","$501,500","35","New (never occupied)","2021","Giles Farm","2,718","","4","3.0","Public Water","Sewer - Public","Conventional","Corporate"
"501","2035364","731-66-31-15-200-000","CLOSD","13418 Fitzwilliam Court, Chesterfield VA 23112","23112","Chesterfield","Single Family Residence","08/09/2021","$417,950","$503,450","0","New (never occupied)","2021","Collington East","3,150","","4","3.1","Public Water","Sewer - Public","Conventional","Corporate"
"501","2026308","707-68-38-75-600-000","CLOSD","17000 Old Westridge Drive, Chesterfield VA 23120","23120","Chesterfield","Single Family Residence","08/09/2021","$450,950","$592,518","0","New (never occupied)","2021","Westerleigh","4,517","","5","4.0","Public Water","Sewer - Public","Conventional","Corporate"
"501","2119920","769-69-19-96-200-000","CLOSD","4104 Walderbrook Court, Chesterfield VA 23234","23234","Chesterfield","Single Family Residence","08/09/2021","$215,000","$221,500","5","Resale (occupied at least once)","1976","Belfair Village","1,144","0.21","3","1.1","Public Water","Sewer - Public","Conventional","Individuals"
"501","2035164","804-736-3089","CLOSD","2812 Mary Alice Lane #UnitR-E, Henrico VA 23223","23223","Henrico","Townhouse","08/09/2021","$269,235","$269,235","0","New (never occupied)","2021","Grove Point","1,577","","3","2.1","Public Water","Sewer - Public","VA New","Corporate"
"501","2118645","749-69-31-02-300-000","CLOSD","2070 Maginoak Court, Chesterfield VA 23236","23236","Chesterfield","Single Family Residence","08/09/2021","$340,000","$346,000","8","Resale (occupied at least once)","1976","None","3,462","2.88","4","2.1","Well","Sewer - Public","FHA New","Corporate"
"501","2105076","811648714600000","CLOSD","13961 Marsham Road, Chesterfield VA 23836","23836","Chesterfield","Single Family Residence","08/09/2021","$390,450","$390,450","25","New (never occupied)","2021","Ramblewood Estates","2,718","","3","2.1","Public Water","Sewer - Public","FHA New","Corporate"
"501","2118503","718-68-09-21-200-000","CLOSD","5305 Highberry Woods Road, Chesterfield VA 23112","23112","Chesterfield","Single Family Residence","08/09/2021","$299,000","$315,000","6","Resale (occupied at least once)","1991","Highberry Woods I","1,969","0.21","4","2.1","Public Water","Sewer - Public","Conventional","Individuals"
"501","2115540","46        10","CLOSD","17701 Stage Road, New Kent VA 23011","23011","New Kent","Single Family Residence","08/09/2021","$474,900","$477,500","4","Resale (occupied at least once)","1983","None","2,447","7.57","4","2.0","Well","Septic - Conventional","Conventional","Individuals"
"501","2118691","8725-65-5833","CLOSD","8296 Southern Watch Place, Hanover VA 23111","23111","Hanover","Single Family Residence","08/09/2021","$300,000","$320,000","2","Resale (occupied at least once)","2000","Pole Green Station","1,991","0.28","4","2.1","Public Water","Sewer - Public","Conventional","Individuals"
"501","2106898","713-67-15-97-900-000","CLOSD","6900 Dunton Road, Chesterfield VA 23832","23832","Chesterfield","Townhouse","08/09/2021","$402,628","$402,628","29","New (never occupied)","2021","Cosby Village Townhomes","2,513","","3","2.1","Public Water","Sewer - Public","Conventional","Corporate"
"501","2115749","766-64-66-41-600-000","CLOSD","12024 Dunnottar Drive, Chesterfield VA 23838","23838","Chesterfield","Single Family Residence","08/09/2021","$740,000","$750,000","4","Resale (occupied at least once)","2006","The Highlands","4,790","0.81","4","4.1","Public Water","Septic - Conventional","Conventional","Individuals"
"501","2118750","819-726-2265","CLOSD","9 Forest Ave, Henrico VA 23223","23223","Henrico","Single Family Residence","08/09/2021","$130,000","$130,000","4","Resale (occupied at least once)","1937","Beechwood Park","1,846","0.24","4","4.0","Public Water","Sewer - Public","Cash","Individuals"
"501","2122441","746-756-5288","CLOSD","10000 Woodbaron Way, Henrico VA 23233","23233","Henrico","Single Family Residence","08/09/2021","$399,000","$420,000","4","Resale (occupied at least once)","1996","Coles Way","1,926","0.39","3","2.0","Public Water","Sewer - Public","Cash","Individuals"
"501","2121750","789-744-0939","CLOSD","613 Azalea Avenue, Henrico VA 23227","23227","Henrico","Single Family Residence","08/09/2021","$165,000","$170,000","5","Resale (occupied at least once)","1937","None","1,579","1.11","4","1.1","Public Water","Sewer - Public","Cash","Individuals"
"501","2121686","835-691-9956","CLOSD","10 Kambis Drive, Henrico VA 23231","23231","Henrico","Single Family Residence","08/09/2021","$325,000","$319,000","12","Resale (occupied at least once)","1978","Yahley Mill Estates","2,004","1.11","3","2.1","Well","Septic - Conventional","Cash","Estate"
"501","2121463","8724-98-1110","CLOSD","7627 Old Track Lane, Hanover VA 23111","23111","Hanover","Single Family Residence","08/09/2021","$350,000","$350,000","5","Resale (occupied at least once)","2003","Pebble Creek","2,305","0.29","4","2.1","Public Water","Sewer - Public","Conventional","Individuals"
"501","2121187","774-741-2052","CLOSD","4914 Dollard Drive, Henrico VA 23230","23230","Henrico","Single Family Residence","08/09/2021","$245,000","$275,500","7","Resale (occupied at least once)","1948","Kildare","1,313","0.22","3","2.0","Public Water","Sewer - Public","Cash","Individuals"
"501","2120949","845-708-1824","CLOSD","300 Bunker Lane, Henrico VA 23150","23150","Henrico","Single Family Residence","08/09/2021","$440,000","$480,000","2","Resale (occupied at least once)","1979","Old Cannon Estates","3,162","1.23","4","3.1","Public Water","Septic - Conventional","Conventional","Individuals"
"501","2120796","751-70-54-77-800-000","CLOSD","9421 Highgate Road, Chesterfield VA 23236","23236","Chesterfield","Single Family Residence","08/09/2021","$275,000","$285,000","5","Resale (occupied at least once)","1966","Shenandoah","1,902","0.37","3","2.1","Public Water","Sewer - Public","Conventional","Individuals"
"501","2120741","825-692-4454","CLOSD","7113 Ravenscraig Crescent, Henrico VA 23231","23231","Henrico","Single Family Residence","08/09/2021","$349,950","$367,500","6","Resale (occupied at least once)","2017","Castleton","2,901","0.25","4","2.1","Public Water","Sewer - Public","Conventional","Individuals"
"501","2120665","775-766-6540","CLOSD","2432 Marions Lane, Henrico VA 23060","23060","Henrico","Townhouse","08/09/2021","$329,500","$336,000","11","Resale (occupied at least once)","2015","Townes At Woodman","1,913","0.07","3","3.1","Public Water","Sewer - Public","Cash","Corporate"
"501","2120563","769-740-9191","CLOSD","6017 Mann Avenue, Henrico VA 23226","23226","Henrico","Single Family Residence","08/09/2021","$325,000","$325,000","4","Resale (occupied at least once)","1952","Westwood Manor","1,240","0.18","4","2.0","Public Water","Sewer - Public","Conventional","Individuals"
"501","2120285","795-61-97-82-800-000","CLOSD","3702 Braebrook Court, Chesterfield VA 23834","23834","Chesterfield","Single Family Residence","08/09/2021","$187,900","$195,000","3","Resale (occupied at least once)","1982","Braebrook Village","1,008","0.34","3","1.1","Public Water","Sewer - Public","VHDA/FHA","Individuals"
"501","2120223","723-70-47-77-100-000","CLOSD","14507 Charter Walk Lane, Chesterfield VA 23114","23114","Chesterfield","Single Family Residence","08/09/2021","$499,950","$500,000","5","Resale (occupied at least once)","2008","Berkley Village","3,710","0.23","4","4.1","Public Water","Sewer - Public","FHA New","Individuals"
"501","2120013","773-67-55-29-600-000","CLOSD","7301 Willowbranch Court, Chesterfield VA 23234","23234","Chesterfield","Single Family Residence","08/09/2021","$245,000","$275,000","2","Resale (occupied at least once)","1982","Willowhurst","1,562","0.37","3","2.0","Public Water","Sewer - Public","FHA New","Individuals"
"501","2119928","743-68-69-14-700-000","CLOSD","11230 Mistyhollow Road, Chesterfield VA 23112","23112","Chesterfield","Single Family Residence","08/09/2021","$279,000","$291,000","5","Resale (occupied at least once)","1979","Genito Forest","1,812","0.28","4","2.0","Public Water","Sewer - Public","Conventional","Individuals"
"501","2119869","E000-0069-064","CLOSD","301 Virginia Street #Unit1005, Richmond City VA 23219","23219","Richmond City","Condominium","08/09/2021","$549,000","$539,000","9","Resale (occupied at least once)","2007","Vistas On The James","1,430","1.17","2","2.0","Public Water","Sewer - Public","Conventional","Individuals"
"501","2119732","747-68-24-28-100-000","CLOSD","10684 Braden Parke Drive, Chesterfield VA 23832","23832","Chesterfield","Townhouse","08/09/2021","$314,900","$315,000","4","Resale (occupied at least once)","2018","Braden Townes","1,721","0.11","3","2.1","Public Water","Sewer - Public","Conventional","Individuals"
"501","2119711","735-761-9055","CLOSD","12027 Foxfield Circle, Henrico VA 23233","23233","Henrico","Townhouse","08/09/2021","$280,000","$280,000","10","Resale (occupied at least once)","1989","Foxfield At Wellesley","1,524","0.05","3","2.1","Public Water","Sewer - Public","Cash","Individuals"
"501","2119564","N0001555005","CLOSD","403 E Ladies Mile, Richmond City VA 23222","23222","Richmond City","Single Family Residence","08/09/2021","$289,000","$289,000","14","New (never occupied)","2021","None","2,021","","3","2.1","Public Water","Sewer - Public","Conventional","Individuals"
"501","2119190","782-66-65-42-700-000","CLOSD","9324 Bent Wood Lane, Chesterfield VA 23237","23237","Chesterfield","Single Family Residence","08/09/2021","$200,000","$213,000","2","Resale (occupied at least once)","1985","Lost Forest","1,120","0.19","3","1.1","Public Water","Sewer - Public","Conventional","Individuals"
"501","2119134","761-71-43-01-000-000","CLOSD","1430 Bloomfield Road, Chesterfield VA 23225","23225","Chesterfield","Single Family Residence","08/09/2021","$399,000","$430,000","3","Resale (occupied at least once)","1963","Crestwood Farms","2,793","1.41","3","2.2","Public Water","Sewer - Public","Cash","Individuals"
"501","2119110","759-68-35-65-000-000","CLOSD","4901 Newbys Mill Court, Chesterfield VA 23832","23832","Chesterfield","Single Family Residence","08/09/2021","$349,500","$368,000","6","Resale (occupied at least once)","2005","Newbys Mill","2,648","0.35","4","2.1","Public Water","Sewer - Public","VA New","Individuals"
"501","2119038","751-753-5621","CLOSD","2215 Aspen Way, Henrico VA 23233","23233","Henrico","Townhouse","08/09/2021","$258,000","$261,500","6","Resale (occupied at least once)","1983","Aspen Grove","1,524","0.14","2","2.0","Public Water","Sewer - Public","VHDA/FHA","Individuals"
"501","2118925","725-66-21-85-200-000","CLOSD","15112 Lavenham Terrace, Chesterfield VA 23112","23112","Chesterfield","Single Family Residence","08/09/2021","$449,000","$480,000","8","Resale (occupied at least once)","2017","Collington","2,961","0.31","5","3.0","Public Water","Sewer - Public","Conventional","Individuals"
"501","2118699","745-768-1473","CLOSD","5008 Willows Green Road, Henrico VA 23059","23059","Henrico","Single Family Residence","08/09/2021","$535,000","$555,000","6","Resale (occupied at least once)","2006","Willows Bend","3,443","0.15","5","3.1","Public Water","Sewer - Public","Conventional","Relocation"
"501","2118667","W000-0048-024","CLOSD","212 East Franklin Street #UnitUnit 4, Richmond City VA 23219","23219","Richmond City","Condominium","08/09/2021","$225,000","$221,000","18","Resale (occupied at least once)","1930","None","975","0.02","1","1.0","Public Water","Sewer - Public","Conventional","Other"
"501","2118598","709-67-73-06-600-000","CLOSD","6207 Lilting Moon Drive, Chesterfield VA 23120","23120","Chesterfield","Single Family Residence","08/09/2021","$350,000","$361,000","6","Resale (occupied at least once)","2016","Foxcreek","1,972","0.14","3","2.1","Public Water","Sewer - Public","Conventional","Individuals"
"501","2118569","711-67-59-31-500-000","CLOSD","6224 Stile Gate Terrace, Chesterfield VA 23120","23120","Chesterfield","Single Family Residence","08/09/2021","$600,000","$600,000","20","Resale (occupied at least once)","2007","Foxcreek","4,651","0.35","4","3.1","Public Water","Sewer - Public","Conventional","Individuals"
"501","2118493","747-67-82-64-200-000","CLOSD","10508 Rollingway Court, Chesterfield VA 23832","23832","Chesterfield","Single Family Residence","08/09/2021","$199,500","$207,500","4","Resale (occupied at least once)","1981","Sunnybrook","1,248","0.30","3","1.1","Public Water","Sewer - Public","VHDA/FHA","Individuals"
"501","2118401","773-777-9086","CLOSD","11930 Old Washington Highway, Henrico VA 23059","23059","Henrico","Single Family Residence","08/09/2021","$565,000","$565,000","6","Resale (occupied at least once)","1987","Lakeview","5,016","2.18","4","3.0","Well","Septic - Conventional","Cash","Individuals"
"501","2118313","746-777-0642","CLOSD","5537 Holman Drive, Henrico VA 23059","23059","Henrico","Single Family Residence","08/09/2021","$535,000","$586,695","5","Resale (occupied at least once)","2002","Wyndham Forest","3,097","0.40","5","2.1","Public Water","Sewer - Public","Conventional","Individuals"
"501","2118263","758-64-71-09-800-000","CLOSD","8812 First Branch Lane, Chesterfield VA 23838","23838","Chesterfield","Single Family Residence","08/09/2021","$439,900","$472,000","4","Resale (occupied at least once)","2007","First Branch @ Woodland Pond","2,476","2.05","3","2.0","Public Water","Septic - Conventional","Conventional","Individuals"
"501","2118261","7768-37-5801","CLOSD","12366 Cedar Lane, Hanover VA 23005","23005","Hanover","Single Family Residence","08/09/2021","$547,500","$550,000","5","Resale (occupied at least once)","1976","None","3,744","6.27","6","3.1","Well","Septic - Conventional","Conventional","Individuals"
"501","2117994","49-6-2","CLOSD","2511 Harrison Point Drive, Charles City County VA 23030","23030","Charles City County","Single Family Residence","08/09/2021","$750,000","$763,000","3","Resale (occupied at least once)","1997","Little Bay Acres","4,049","1.30","4","4.1","Well","Septic - Conventional","Cash","Estate"
"501","2117968","765-775-4579","CLOSD","11429 Long Meadow Drive, Henrico VA 23059","23059","Henrico","Single Family Residence","08/09/2021","$529,950","$567,000","3","Resale (occupied at least once)","1988","Rock Spring Estates","3,116","1.02","3","3.1","Public Water","Septic - Conventional","Conventional","Individuals"
"501","2117926","788-64-32-90-900-000","CLOSD","14139 Faraday Terrace, Chesterfield VA 23831","23831","Chesterfield","Single Family Residence","08/09/2021","$460,000","$470,000","5","Resale (occupied at least once)","2005","Stoney Glen South","3,301","0.35","4","3.1","Public Water","Sewer - Public","VA New","Individuals"
"501","2117821","735-71-59-53-100-000","CLOSD","12210 Diamond Hill Drive, Chesterfield VA 23113","23113","Chesterfield","Single Family Residence","08/09/2021","$430,000","$440,000","4","Resale (occupied at least once)","1979","Roxshire","2,898","0.51","4","2.1","Public Water","Sewer - Public","Conventional","Individuals"
"501","2117497","44-3-0-4-0","CLOSD","1940 Sheppard Town Road, Goochland VA 23039","23039","Goochland","Single Family Residence","08/09/2021","$185,000","$185,000","3","Resale (occupied at least once)","1958","None","675","5.00","1","1.0","Well","Septic - Conventional","Cash","Individuals"
"501","2117481","752-68-82-04-500-000","CLOSD","9311 Amberleigh Circle, Chesterfield VA 23236","23236","Chesterfield","Townhouse","08/09/2021","$519,950","$515,000","28","Resale (occupied at least once)","2007","Amberleigh","3,681","0.16","4","3.1","Public Water","Sewer - Public","Conventional","Individuals"
"501","2116888","749-740-8223","CLOSD","9017 Michaux Lane, Henrico VA 23229","23229","Henrico","Single Family Residence","08/09/2021","$339,950","$339,000","6","Resale (occupied at least once)","1957","Hill And Dale","2,300","0.35","3","2.0","Public Water","Sewer - Public","Conventional","Individuals"
"501","2116614","N0000120067","CLOSD","110 West Marshall #Unit24, Richmond City VA 23220","23220","Richmond City","Condominium","08/09/2021","$250,000","$250,000","9","Resale (occupied at least once)","1915","Marshall","1,308","","2","2.0","Public Water","Sewer - Public","Conventional","Individuals"
"501","2116225","C008-0605-042","CLOSD","6117 Hull Street Road, Richmond City VA 23224","23224","Richmond City","Single Family Residence","08/09/2021","$189,900","$155,000","34","Resale (occupied at least once)","1939","None","1,175","0.85","5","3.0","Public Water","Sewer - Public","Cash","Individuals"
"501","2116124","712-69-71-92-300-000","CLOSD","16007 Drumone Road, Chesterfield VA 23112","23112","Chesterfield","Single Family Residence","08/09/2021","$759,900","$745,000","10","Resale (occupied at least once)","2014","Hallsley","3,490","0.36","4","3.1","Public Water","Sewer - Public","Conventional","Individuals"
"501","2115695","E000-0251-039","CLOSD","1904 Princess Anne Avenue, Richmond City VA 23223","23223","Richmond City","Townhouse","08/09/2021","$663,500","$649,500","61","New (never occupied)","2018","None","2,486","0.06","4","3.1","Public Water","Sewer - Public","Cash","Partnership"
"501","2115493","W022-0142-011","CLOSD","105 Berkshire Road, Richmond City VA 23221","23221","Richmond City","Single Family Residence","08/09/2021","$995,000","$1,100,000","10","Resale (occupied at least once)","1948","Windsor Farms","3,224","0.50","4","3.1","Public Water","Sewer - Public","Conventional","Individuals"
"501","2115444","784-67-86-48-400-000","CLOSD","3854 Laroux Avenue, Chesterfield VA 23237","23237","Chesterfield","Single Family Residence","08/09/2021","$339,000","$355,000","7","Resale (occupied at least once)","2016","Silver Mews Section A","2,384","0.38","4","2.1","Public Water","Sewer - Public","FHA New","Individuals"
"501","2114935","714-68-19-40-100-000","CLOSD","15673 Fox Cove Circle, Chesterfield VA 23120","23120","Chesterfield","Single Family Residence","08/09/2021","$585,000","$605,500","4","Resale (occupied at least once)","2001","Foxfire","4,607","0.41","5","4.1","Public Water","Sewer - Public","Conventional","Individuals"
"501","2114891","759-754-6241","CLOSD","2307 Homeview Drive, Henrico VA 23294","23294","Henrico","Single Family Residence","08/09/2021","$225,000","$247,202","5","Resale (occupied at least once)","1954","Mimosa Park","1,067","0.35","3","2.0","Public Water","Sewer - Public","Conventional","Individuals"
"501","2113947","742-760-6503","CLOSD","3805 Barnyard Trail, Henrico VA 23060","23060","Henrico","Townhouse","08/09/2021","$545,000","$562,000","12","Resale (occupied at least once)","2012","West Broad Village","2,952","0.03","4","4.1","Public Water","Sewer - Public","VA New","Individuals"
"501","2107321","722-65-57-38-600-000","CLOSD","11937 Longtown Drive, Chesterfield VA 23112","23112","Chesterfield","Single Family Residence","08/09/2021","$430,280","$434,760","0","New (never occupied)","2021","Willow Creek","2,174","0.42","3","2.1","Public Water","Sewer - Public","Conventional","Corporate"
"501","2118100","773678334900000","CLOSD","5925 Austin Woods Drive #Unit1D, Chesterfield VA 23234","23234","Chesterfield","Townhouse","08/10/2021","$315,470","$322,470","5","New (never occupied)","2021","Austin Woods","1,569","","3","2.1","Public Water","Sewer - Public","FHA New","Corporate"
"501","2118797","732-67-88-07-100-000","CLOSD","13100 Morning Hill Lane, Chesterfield VA 23112","23112","Chesterfield","Single Family Residence","08/10/2021","$285,000","$285,000","3","Resale (occupied at least once)","1977","Planters Wood","2,233","0.20","4","2.1","Public Water","Community - Sewer/Septic","Conventional","Individuals"
"501","2120790","728-66-74-49-100-000","CLOSD","7807 Flag Tail Drive, Chesterfield VA 23112","23112","Chesterfield","Single Family Residence","08/10/2021","$289,900","$300,000","5","Resale (occupied at least once)","1990","Triple Crown","2,064","0.37","4","2.1","Public Water","Sewer - Public","Conventional","Individuals"
"501","2119349","732-68-35-31-400-000","CLOSD","3909 Echo Ridge PL, Chesterfield VA 23112","23112","Chesterfield","Single Family Residence","08/10/2021","$255,000","$260,000","14","Resale (occupied at least once)","1986","Echo Ridge","1,262","0.23","3","2.0","Public Water","Sewer - Public","VHDA/FHA","Individuals"
"501","2109345","796-66-43-24-200-000","CLOSD","10501 Elokomin Avenue, Chesterfield VA 23237","23237","Chesterfield","Single Family Residence","08/10/2021","$251,000","$260,000","9","New (never occupied)","2021","Belmeade","1,400","0.14","3","2.1","Well","Sewer - Public","FHA New","Corporate"
"501","2028988","708-68-02-68-800-000","CLOSD","16836 Laurel Park Drive, Chesterfield VA 23120","23120","Chesterfield","Single Family Residence","08/10/2021","$333,950","$400,106","0","New (never occupied)","2020","Westerleigh","2,606","","4","2.1","Public Water","Sewer - Public","Conventional","Corporate"
"501","2117783","038-38A","CLOSD","4231 Old Plantation Road, Powhatan VA 23139","23139","Powhatan","Single Family Residence","08/10/2021","$159,900","$165,000","6","Resale (occupied at least once)","1964","None","798","3.47","3","1.0","Well","Septic - Conventional","FHA New","Individuals"
"501","2120394","N000-1557-013","CLOSD","469 East Ladies Mile Road, Richmond City VA 23222","23222","Richmond City","Single Family Residence","08/10/2021","$125,000","$130,000","3","Resale (occupied at least once)","1946","Providence Park","576","0.09","2","1.0","Public Water","Sewer - Public","Conventional","Partnership"
"501","2118775","795-61-92-68-300-000","CLOSD","19300 Varanda Lane, Chesterfield VA 23834","23834","Chesterfield","Single Family Residence","08/10/2021","$189,500","$193,500","21","Resale (occupied at least once)","1980","Colonial Pine Estates","1,080","0.52","3","1.1","Public Water","Sewer - Public","Conventional","Individuals"
"501","2121865","TBD","CLOSD","201 Sag Harbor Court #UnitA, Henrico VA 23075","23075","Henrico","Townhouse","08/10/2021","$264,990","$264,990","6","New (never occupied)","2021","Easthampton","1,280","","3","2.1","Public Water","Sewer - Public","Cash","Corporate"
"501","2117509","775-67-85-94-400-000","CLOSD","7000 Koufax Court, Chesterfield VA 23234","23234","Chesterfield","Single Family Residence","08/10/2021","$299,000","$315,000","14","Resale (occupied at least once)","1993","Stonebridge","2,226","0.35","3","2.1","Public Water","Sewer - Public","Cash","Individuals"
"501","2112984","787-60-97-80-600-000","CLOSD","21521 Warren Avenue, Chesterfield VA 23803","23803","Chesterfield","Single Family Residence","08/10/2021","$175,000","$168,000","41","Resale (occupied at least once)","1954","Robertson Place","1,353","0.31","3","1.1","Public Water","Sewer - Public","FHA New","Individuals"
"501","2101255","709675084400000","CLOSD","17001 Thornapple Court, Chesterfield VA 23120","23120","Chesterfield","Single Family Residence","08/10/2021","$389,770","$389,770","66","New (never occupied)","2021","Wynwood at Foxcreek","2,073","","3","2.1","Public Water","Sewer - Public","Conventional","Corporate"
"501","2119004","792-66-14-11-100-000","CLOSD","11201 Eagle Point Road, Chesterfield VA 23831","23831","Chesterfield","Single Family Residence","08/10/2021","$299,000","$299,000","3","Resale (occupied at least once)","1985","Chipchase At Mineola","2,150","0.36","3","2.1","Public Water","Sewer - Public","FHA New","Individuals"
"501","2120079","746-750-1442","CLOSD","1903 Flintwood Drive, Henrico VA 23238","23238","Henrico","Single Family Residence","08/10/2021","$410,000","$400,000","8","Resale (occupied at least once)","1978","Raintree","2,384","0.28","4","2.1","Public Water","Sewer - Public","Conventional","Individuals"
"501","2118941","765-760-9067","CLOSD","8301 Dove Hollow Place, Henrico VA 23060","23060","Henrico","Single Family Residence","08/10/2021","$362,950","$408,250","7","Resale (occupied at least once)","1990","Dove Hollow","2,052","0.31","4","2.1","Public Water","Sewer - Public","Conventional","Individuals"
"501","2107767","33B7 1 B 23","CLOSD","5664 Virginia Park Drive, New Kent VA 23140","23140","New Kent","Single Family Residence","08/10/2021","$365,000","$365,000","22","Resale (occupied at least once)","2005","Brickshire","2,730","0.16","3","2.1","Public Water","Sewer - Public","VA New","Individuals"
"501","2122369","732-70-97-95-700-000","CLOSD","12704 Southwick Place, Chesterfield VA 23113","23113","Chesterfield","Single Family Residence","08/10/2021","$249,900","$249,900","3","Resale (occupied at least once)","1983","Buckingham","1,200","0.24","3","2.0","Public Water","Sewer - Public","Cash","Individuals"
"501","2120946","754-756-2203","CLOSD","3316 Andover Hills Place, Henrico VA 23294","23294","Henrico","Single Family Residence","08/10/2021","$429,950","$440,000","3","Resale (occupied at least once)","2003","Andover Hills","2,594","0.20","4","2.1","Public Water","Sewer - Public","Conventional","Individuals"
"501","2118482","779-66-96-24-400-000","CLOSD","8713 Pleasant Ridge Road, Chesterfield VA 23237","23237","Chesterfield","Single Family Residence","08/10/2021","$239,900","$240,000","11","Resale (occupied at least once)","1988","Ashton Woods North","1,542","0.23","3","2.0","Public Water","Sewer - Public","VA New","Individuals"
"501","2111521","N000-1562-006","CLOSD","610 Pensacola Avenue, Richmond City VA 23222","23222","Richmond City","Single Family Residence","08/10/2021","$235,000","$220,000","79","Resale (occupied at least once)","1941","None","1,264","0.18","3","2.0","Public Water","Sewer - Public","Conventional","Corporate"
"501","2108598","732-72-56-87-300-000","CLOSD","3913 Welby Drive, Chesterfield VA 23113","23113","Chesterfield","Single Family Residence","08/10/2021","$825,000","$800,000","83","Resale (occupied at least once)","2006","Tarrington","5,302","0.46","7","6.0","Public Water","Sewer - Public","Conventional","Individuals"
"501","2120805","33B6 3 2  60","CLOSD","5812 Pilmour Drive, New Kent VA 23140","23140","New Kent","Single Family Residence","08/10/2021","$329,000","$329,000","26","Resale (occupied at least once)","2017","Oakmont Villas","2,384","0.12","4","2.1","Public Water","Sewer - Public","FHA New","Individuals"
"501","2100138","78667702200000","CLOSD","3706 Lacroix Way, Chesterfield VA 23237","23237","Chesterfield","Single Family Residence","08/10/2021","$334,275","$346,363","38","New (never occupied)","2021","Silverleaf","2,179","","3","2.1","Public Water","Sewer - Public","Conventional","Corporate"
"501","2121933","752-69-25-20-800-000","CLOSD","2708 Stemwell Boulevard, Chesterfield VA 23236","23236","Chesterfield","Single Family Residence","08/10/2021","$475,000","$475,000","2","Resale (occupied at least once)","1989","Bexley West","3,431","0.44","5","3.1","Public Water","Sewer - Public","Conventional","Individuals"
"501","2121523","S000-0699-008","CLOSD","306 West 25th Street, Richmond City VA 23225","23225","Richmond City","Single Family Residence","08/10/2021","$345,000","$370,000","6","Resale (occupied at least once)","1916","Woodland Heights","1,671","0.11","3","1.1","Public Water","Sewer - Public","Conventional","Individuals"
"501","2121480","W000-1704-054","CLOSD","305 North Hamilton Street #UnitUA, Richmond City VA 23221","23221","Richmond City","Condominium","08/10/2021","$229,500","$253,600","5","Resale (occupied at least once)","1962","Mount Vernon Condominiums","828","8.50","2","1.1","Public Water","Sewer - Public","Cash","Individuals"
"501","2121091","8715-65-5733","CLOSD","8287 Plum Grove Drive, Hanover VA 23111","23111","Hanover","Single Family Residence","08/10/2021","$339,000","$360,000","3","Resale (occupied at least once)","1988","Hanover Grove","2,572","0.49","4","2.0","Public Water","Sewer - Public","Conventional","Individuals"
"501","2120886","C008-0757-048","CLOSD","3743 Carrie Ridge Court, Richmond City VA 23234","23234","Richmond City","Single Family Residence","08/10/2021","$259,000","$265,000","5","Resale (occupied at least once)","2010","Walmsley Woods","1,796","0.59","3","2.1","Public Water","Sewer - Public","FHA New Assumption","Individuals"
"501","2120721","730-66-96-32-800-000","CLOSD","13642 Lucky Debonair Lane, Chesterfield VA 23112","23112","Chesterfield","Single Family Residence","08/10/2021","$265,000","$275,000","4","Resale (occupied at least once)","1991","Deer Run","1,693","0.31","3","2.1","Public Water","Sewer - Public","Cash","Individuals"
"501","2120699","792-66-70-30-300-000","CLOSD","2949 Gaffney Road, Chesterfield VA 23237","23237","Chesterfield","Single Family Residence","08/10/2021","$160,000","$160,000","11","Resale (occupied at least once)","1964","Quail Oaks","1,040","0.27","3","1.0","Public Water","Sewer - Public","Cash","Partnership"
"501","2120644","744-67-76-93-300-000","CLOSD","10143 Carol Anne Road, Chesterfield VA 23832","23832","Chesterfield","Single Family Residence","08/10/2021","$166,000","$167,500","11","Resale (occupied at least once)","1986","Evergreen Hills","1,113","0.29","3","1.1","Public Water","Sewer - Public","Other","REO"
"501","2120561","750-68-27-05-200-000","CLOSD","4320 Sharonridge Drive, Chesterfield VA 23236","23236","Chesterfield","Single Family Residence","08/10/2021","$359,000","$386,000","4","Resale (occupied at least once)","1999","Mayfair Estates","2,876","0.50","4","2.1","Public Water","Sewer - Public","Conventional","Individuals"
"501","2120543","734-746-6745","CLOSD","11802 Britain Way, Henrico VA 23238","23238","Henrico","Single Family Residence","08/10/2021","$439,950","$470,000","4","Resale (occupied at least once)","1986","Queens Pointe","2,598","0.31","4","2.1","Public Water","Sewer - Public","Conventional","Individuals"
"501","2120540","8714-82-4027","CLOSD","7110 White Pine Court, Hanover VA 23111","23111","Hanover","Single Family Residence","08/10/2021","$254,900","$283,000","2","Resale (occupied at least once)","1986","High Point Farms","1,380","0.41","4","2.0","Public Water","Sewer - Public","Conventional","Individuals"
"501","2120525","745-741-3013","CLOSD","1003 Hyde Lane, Henrico VA 23229","23229","Henrico","Townhouse","08/10/2021","$825,000","$800,000","7","Resale (occupied at least once)","2012","Grayson Hill","3,470","0.12","4","3.1","Public Water","Sewer - Public","Cash","Estate"
"501","2120496","727-68-52-06-800-000","CLOSD","13807 Barnes Spring Road, Chesterfield VA 23112","23112","Chesterfield","Single Family Residence","08/10/2021","$385,000","$420,000","7","Resale (occupied at least once)","1979","Brandermill","2,444","0.31","4","2.1","Public Water","Sewer - Public","Conventional","Individuals"
"501","2120373","C008-0309-085","CLOSD","4221 Warwick Road, Richmond City VA 23234","23234","Richmond City","Single Family Residence","08/10/2021","$215,000","$235,000","5","Resale (occupied at least once)","2006","British Camp Farm","1,864","0.13","3","2.1","Public Water","Sewer - Public","FHA New","Individuals"
"501","2120197","8714-23-2577","CLOSD","7467 Cold Harbor Road, Hanover VA 23111","23111","Hanover","Single Family Residence","08/10/2021","$235,000","$251,000","8","Resale (occupied at least once)","1972","Beaverdam Park","1,248","0.46","3","1.1","Public Water","Septic - Conventional","FHA New","Individuals"
"501","2120122","783-69-07-69-000-000","CLOSD","3610 Falstone Road, Chesterfield VA 23234","23234","Chesterfield","Single Family Residence","08/10/2021","$349,995","$365,000","8","Resale (occupied at least once)","1967","Meadowbrook","2,813","0.45","4","2.2","Public Water","Sewer - Public","Conventional","Individuals"
"501","2120044","W021-0175-026","CLOSD","6714 Hanover Avenue, Richmond City VA 23226","23226","Richmond City","Single Family Residence","08/10/2021","$315,000","$335,000","6","Resale (occupied at least once)","1954","None","1,055","0.17","2","1.0","Public Water","Sewer - Public","Cash","Individuals"
"501","2120028","765-775-0004","CLOSD","11361 Abbots Cross Lane, Henrico VA 23059","23059","Henrico","Townhouse","08/10/2021","$269,900","$312,000","8","Resale (occupied at least once)","2005","The Townes At Hunton Park","1,596","0.07","3","2.1","Public Water","Sewer - Public","FHA New","Individuals"
"501","2119991","785-67-64-81-300-000","CLOSD","7824 Etching Street, Chesterfield VA 23237","23237","Chesterfield","Townhouse","08/10/2021","$260,000","$247,000","6","Resale (occupied at least once)","2009","Silverleaf","1,452","0.09","3","2.1","Public Water","Sewer - Public","Conventional","Individuals"
"501","2119767","S006-0243-008","CLOSD","5006 King William Road, Richmond City VA 23225","23225","Richmond City","Single Family Residence","08/10/2021","$489,500","$530,000","5","Resale (occupied at least once)","1938","Westover Hills","2,027","0.15","3","2.1","Public Water","Sewer - Public","Cash","Individuals"
"501","2119743","751-754-2203","CLOSD","10024 Bellona Court, Henrico VA 23233","23233","Henrico","Townhouse","08/10/2021","$239,950","$240,000","3","Resale (occupied at least once)","1986","Ruxton","1,476","0.07","2","2.1","Public Water","Sewer - Public","Conventional","Individuals"
"501","2119603","769-767-3000","CLOSD","3024 Lakewood, Henrico VA 23060","23060","Henrico","Single Family Residence","08/10/2021","$325,000","$330,000","4","Resale (occupied at least once)","1984","Forest Lodge Acres","1,500","","3","2.0","Public Water","Sewer - Public","Cash","Individuals"
"501","2119568","762-68-66-81-000-000","CLOSD","7560 Valencia Road, Chesterfield VA 23832","23832","Chesterfield","Single Family Residence","08/10/2021","$249,950","$275,000","6","Resale (occupied at least once)","1998","Pennwood","1,252","0.74","3","2.0","Public Water","Sewer - Public","FHA New","Individuals"
"501","2119562","782-68-04-50-800-000","CLOSD","4126 Beulah Road, Chesterfield VA 23237","23237","Chesterfield","Single Family Residence","08/10/2021","$339,900","$355,000","1","Resale (occupied at least once)","1940","Cedar Heights","2,110","2.24","3","3.1","Public Water","Sewer - Public","Conventional","Individuals"
"501","2119399","727-68-85-14-200-001","CLOSD","2870 Woodbridge Crossing Court, Chesterfield VA 23112","23112","Chesterfield","Condominium","08/10/2021","$173,000","$169,000","2","Resale (occupied at least once)","1981","Woodbridge Crossing","998","9.02","1","1.1","Public Water","Sewer - Public","FHA New","Individuals"
"501","2119335","739-69-47-07-800-000","CLOSD","1525 Westbury Knoll Lane, Chesterfield VA 23114","23114","Chesterfield","Single Family Residence","08/10/2021","$425,000","$446,000","5","Resale (occupied at least once)","2004","St James Woods","2,798","0.23","4","2.1","Public Water","Sewer - Public","Conventional","Individuals"
"501","2119325","766-739-5412","CLOSD","1013 Bevridge Road, Henrico VA 23226","23226","Henrico","Single Family Residence","08/10/2021","$374,900","$405,000","6","Resale (occupied at least once)","1958","Pine Ridge","1,706","0.16","4","2.0","Public Water","Sewer - Public","Conventional","Individuals"
"501","2119275","804-703-2590","CLOSD","1403 Bull Run Court, Henrico VA 23231","23231","Henrico","Single Family Residence","08/10/2021","$259,900","$250,000","8","Resale (occupied at least once)","1977","New Market Farms","1,568","0.32","3","2.1","Public Water","Sewer - Public","Cash","Corporate"
"501","2118949","735-71-78-59-100-000","CLOSD","2711 London Park Drive, Chesterfield VA 23113","23113","Chesterfield","Single Family Residence","08/10/2021","$469,996","$470,000","7","Resale (occupied at least once)","1974","London Park","2,694","0.96","4","2.1","Public Water","Septic - Conventional","Conventional","Individuals"
"501","2118937","19G  1 1  96","CLOSD","7615 Leyland Cypress Lane, New Kent VA 23141","23141","New Kent","Single Family Residence","08/10/2021","$470,000","$474,000","10","Resale (occupied at least once)","2012","Patriots Landing","3,258","0.34","5","3.1","Public Water","Sewer - Public","Cash","Individuals"
"501","2118923","049-15A","CLOSD","1490 Giles Bridge Road, Powhatan VA 23139","23139","Powhatan","Single Family Residence","08/10/2021","$379,000","$441,000","6","Resale (occupied at least once)","2016","None","1,904","10.12","3","2.1","Well","Septic - Conventional","Conventional","Individuals"
"501","2118759","765-774-7922","CLOSD","3485 Manor Grove Circle, Henrico VA 23059","23059","Henrico","Townhouse","08/10/2021","$445,000","$445,000","11","Resale (occupied at least once)","2006","The Manor At Hunton Park","2,287","0.22","3","2.2","Public Water","Sewer - Public","Cash","Corporate, Estate"
"501","2118698","743-769-5822","CLOSD","11620 Shadow Run Lane, Henrico VA 23059","23059","Henrico","Single Family Residence","08/10/2021","$610,000","$660,000","5","Resale (occupied at least once)","2001","Hearthstone At Twin Hickory","3,659","0.30","5","3.1","Public Water","Sewer - Public","Conventional","Individuals"
"501","2118511","765-775-2102","CLOSD","11347 Abbots Cross Lane, Henrico VA 23059","23059","Henrico","Townhouse","08/10/2021","$285,000","$295,000","3","Resale (occupied at least once)","2005","The Townes At Hunton Park","1,848","0.05","3","2.1","Public Water","Sewer - Public","Conventional","Individuals"
"501","2118489","811-731-9677","CLOSD","1913 Glenwilton Drive, Henrico VA 23223","23223","Henrico","Single Family Residence","08/10/2021","$280,000","$280,000","3","Resale (occupied at least once)","2010","Kensington Meadows","1,680","0.26","3","2.1","Public Water","Sewer - Public","Cash","Individuals"
"501","2118460","765-740-6044","CLOSD","6607 Monument Avenue, Henrico VA 23226","23226","Henrico","Single Family Residence","08/10/2021","$365,000","$365,000","3","Resale (occupied at least once)","1950","Monument Hills","1,428","0.23","3","1.1","Public Water","Sewer - Public","Conventional","Individuals"
"501","2118409","C008-0141-073","CLOSD","5008 Fernbrook Place, Richmond City VA 23224","23224","Richmond City","Single Family Residence","08/10/2021","$255,000","$245,000","7","Resale (occupied at least once)","2004","Warwick Woods","1,961","0.17","4","2.1","Public Water","Sewer - Public","Conventional","Individuals"
"501","2117879","721-67-21-67-700-006","CLOSD","112 Water Pointe Court, Chesterfield VA 23112","23112","Chesterfield","Condominium","08/10/2021","$235,000","$255,000","5","Resale (occupied at least once)","1986","Water Pointe Condo","1,152","2.46","2","2.0","Public Water","Sewer - Public","Conventional","Individuals"
"501","2117695","716-67-80-14-300-000","CLOSD","15413 Foxvale Way, Chesterfield VA 23112","23112","Chesterfield","Single Family Residence","08/10/2021","$450,000","$455,000","5","Resale (occupied at least once)","1995","Foxcroft","2,888","0.41","4","2.1","Public Water","Sewer - Public","Conventional","Individuals"
"501","2117531","7797-58-2257","CLOSD","9430 Stone Spring Drive, Hanover VA 23116","23116","Hanover","Single Family Residence","08/10/2021","$450,000","$460,000","5","Resale (occupied at least once)","2002","Milestone","3,170","0.30","4","3.1","Public Water","Sewer - Public","Conventional","Individuals"
"501","2117217","726-70-73-72-800-000","CLOSD","373 Crofton Village Terrace, Chesterfield VA 23114","23114","Chesterfield","Townhouse","08/10/2021","$375,000","$375,000","11","Resale (occupied at least once)","2018","Crofton Village At Charter Colony","2,307","0.04","4","3.1","Public Water","Sewer - Public","Conventional","Individuals"
"501","2116810","757-71-94-59-300-000","CLOSD","8423 Mccaw Drive, Chesterfield VA 23235","23235","Chesterfield","Single Family Residence","08/10/2021","$315,000","$330,000","3","Resale (occupied at least once)","1960","Southampton Acres","2,420","0.35","5","3.1","Public Water","Sewer - Public","Conventional","Individuals"
"501","2116769","C009-0068-004","CLOSD","3460 Chapel Drive, Richmond City VA 23224","23224","Richmond City","Single Family Residence","08/10/2021","$190,000","$194,000","13","Resale (occupied at least once)","1950","Mcguire Homes","1,252","0.21","4","1.0","Public Water","Sewer - Public","FHA New","Individuals"
"501","2116625","781-747-9025","CLOSD","6000 Ellis Avenue, Henrico VA 23228","23228","Henrico","Single Family Residence","08/10/2021","$265,000","$270,000","21","Resale (occupied at least once)","1953","Hermitage Court Addition","1,600","0.56","3","1.0","Public Water","Sewer - Public","FHA New","Individuals"
"501","2116473","760-69-62-98-400-000","CLOSD","2201 Lake Surrey Drive, Chesterfield VA 23235","23235","Chesterfield","Single Family Residence","08/10/2021","$474,950","$510,000","5","Resale (occupied at least once)","1972","Surreywood","3,149","0.45","4","2.2","Public Water","Sewer - Public","Conventional","Individuals"
"501","2116295","720-71-60-76-300-000","CLOSD","2535 Hartlepool Lane, Chesterfield VA 23113","23113","Chesterfield","Single Family Residence","08/10/2021","$795,000","$769,800","8","Resale (occupied at least once)","1996","Rosemont","4,737","0.97","6","4.1","Public Water","Sewer - Public","Cash","Individuals"
"501","2115904","735-747-5990","CLOSD","11810 North Downs Square, Henrico VA 23238","23238","Henrico","Townhouse","08/10/2021","$337,500","$365,000","5","Resale (occupied at least once)","1981","Sussex Square","2,019","0.12","3","2.1","Public Water","Sewer - Public","Conventional","Individuals"
"501","2115391","769-67-75-07-800-000","CLOSD","6813 Rossville Drive, Chesterfield VA 23832","23832","Chesterfield","Single Family Residence","08/10/2021","$324,990","$329,000","23","Resale (occupied at least once)","2007","Kingsland Glen","2,097","0.23","4","2.1","Public Water","Sewer - Public","Other","Corporate"
"501","2115367","812-64-82-18-000-000","CLOSD","13931 Marsham Road, Chesterfield VA 23836","23836","Chesterfield","Single Family Residence","08/10/2021","$429,950","$390,000","11","Resale (occupied at least once)","2021","Ramblewood Estates","2,767","0.51","3","2.1","Public Water","Sewer - Public","Conventional","Individuals"
"501","2114292","740-741-6728","CLOSD","9926 Eildonway Place, Henrico VA 23238","23238","Henrico","Single Family Residence","08/10/2021","$795,000","$815,000","8","Resale (occupied at least once)","2000","Riverlake Colony","4,593","0.56","5","4.1","Public Water","Sewer - Public","Conventional","Individuals"
"501","2114019","797-713-4204.103","CLOSD","4940 Old Main Street #Unit103, Henrico VA 23231","23231","Henrico","Condominium","08/10/2021","$322,000","$312,000","39","Resale (occupied at least once)","2007","Village Of Rocketts Landing","1,455","0.03","1","1.1","Public Water","Sewer - Public","Conventional","Individuals"
"501","2113065","19F  1 A  20","CLOSD","3020 Quinton Park Trail, New Kent VA 23141","23141","New Kent","Single Family Residence","08/10/2021","$285,000","$295,000","9","Resale (occupied at least once)","2004","Quinton Park","1,698","1.53","3","2.1","Community Well","Septic - Conventional","Conventional","Individuals"
"501","2113044","727-70-31-93-500-247","CLOSD","724 Bristol Village Drive #Unit303, Chesterfield VA 23114","23114","Chesterfield","Condominium","08/10/2021","$204,900","$191,000","15","Resale (occupied at least once)","2005","Bristol Village @ Charter Colony","1,305","21.97","2","2.0","Public Water","Sewer - Public","Conventional","Individuals"
"501","2112888","810-722-4367","CLOSD","4710 Colwyck Court, Henrico VA 23223","23223","Henrico","Single Family Residence","08/10/2021","$209,900","$202,000","61","Resale (occupied at least once)","1963","Hechler Village","1,520","0.33","3","1.1","Public Water","Sewer - Public","Conventional","Individuals"
"501","2102510","043-3-4","CLOSD","930 Dalmore Drive, Powhatan VA 23113","23113","Powhatan","Single Family Residence","08/10/2021","$1,450,000","$1,400,000","76","Resale (occupied at least once)","2002","Dalmore","7,175","10.58","5","4.2","Well","Septic - Conventional","Cash","Individuals"
"501","REIN10383890","33B6 3 2 60","CLOSD","5812 Pilmour Drive, New Kent VA 23140","23140","New Kent","Single Family Residence","08/10/2021","$329,000","$329,000","42","Resale (occupied at least once)","2017","ALL OTHERS AREA 140","2,384","0.12","4","3.0","Public Water","Public Sewer On Site","",""
"501","2120488","763-741-5515","CLOSD","7200 Three Chopt Road, Henrico VA 23226","23226","Henrico","Single Family Residence","08/11/2021","$475,000","$465,000","10","Resale (occupied at least once)","1952","Duntreath","2,462","0.41","5","2.0","Public Water","Sewer - Public","Conventional","Individuals"
"501","2119416","7797-64-5632","CLOSD","10234 Radford Mill Terrace, Hanover VA 23116","23116","Hanover","Single Family Residence","08/11/2021","$350,000","$347,500","3","Resale (occupied at least once)","1993","Kings Charter","1,984","0.72","4","2.1","Public Water","Sewer - Public","Conventional","Individuals"
"501","2116599","767-68-49-78-000-000","CLOSD","6524 West Denny Court, Chesterfield VA 23832","23832","Chesterfield","Single Family Residence","08/11/2021","$244,950","$245,000","5","Resale (occupied at least once)","1984","Fairpines","1,680","0.21","5","2.1","Public Water","Sewer - Public","FHA New","Individuals"
"501","2114699","722-65-65-57-900-000","CLOSD","15112 Stone Church Drive, Chesterfield VA 23832","23832","Chesterfield","Single Family Residence","08/11/2021","$403,000","$403,000","0","New (never occupied)","2021","Willow Creek","2,065","0.29","4","2.0","Public Water","Sewer - Public","Conventional","Corporate"
"501","2028403","772-740-9669","CLOSD","5605 Coopers Walk Lane #UnitU-6, Henrico VA 23230","23230","Henrico","Townhouse","08/11/2021","$379,400","$400,471","378","New (never occupied)","2020","Libbie Mill Townhomes","1,802","0.00","2","2.1","Public Water","Sewer - Public","Conventional","Other"
"501","2118205","789-64-30-10-700-000","CLOSD","13709 Cedar Cliff Terrace, Chesterfield VA 23831","23831","Chesterfield","Single Family Residence","08/11/2021","$272,900","$278,000","9","Resale (occupied at least once)","1988","Stoney Glen","1,700","0.24","3","3.0","Public Water","Sewer - Public","FHA New","Individuals"
"501","2118197","732685559900000","CLOSD","3241 Gannet #Unit138, Chesterfield VA 23112","23112","Chesterfield","Townhouse","08/11/2021","$375,177","$375,177","32","New (never occupied)","2021","Towns at Swift Creek","2,287","","3","3.1","Public Water","Sewer - Public","Conventional","Corporate"
"501","2116061","737-69-49-99-700-000","CLOSD","1626 Porters Mill Lane, Chesterfield VA 23114","23114","Chesterfield","Single Family Residence","08/11/2021","$250,000","$260,000","6","Resale (occupied at least once)","1985","Smoketree South","1,322","0.27","3","2.1","Public Water","Sewer - Public","VA New","Individuals"
"501","2104473","767-751-2958","CLOSD","4621 Wistar Creek Drive #UnitA, Henrico VA 23228","23228","Henrico","Condominium","08/11/2021","$302,378","$302,378","39","New (never occupied)","2021","Wistar Glen","1,524","","3","2.1","Public Water","Sewer - Public","Conventional","Corporate"
"501","2117622","To be determined","CLOSD","1637 Westhall Gardens Drive #Unit25-3, Chesterfield VA 23235","23235","Chesterfield","Townhouse","08/11/2021","$332,480","$332,480","0","New (never occupied)","2021","The Townes At Notting Place","1,730","","2","2.1","Public Water","Sewer - Public","Conventional","Corporate"
"501","2121256","7787-37-9178","CLOSD","10520 Stony Bluff Drive #Unit209, Hanover VA 23005","23005","Hanover","Condominium","08/11/2021","$214,950","$214,950","0","New (never occupied)","2019","Stony Run","963","","1","1.0","Public Water","Sewer - Public","Cash","Corporate"
"501","2117687","726-67-43-09-400-000","CLOSD","5804 Rockport Landing Court, Chesterfield VA 23112","23112","Chesterfield","Single Family Residence","08/11/2021","$475,000","$475,000","5","Resale (occupied at least once)","1985","Harbour Pointe","4,318","0.74","5","3.1","Public Water","Sewer - Public","Conventional","Individuals"
"501","2118714","814-65-48-94-100-000","CLOSD","12913 Nightingale Court, Chesterfield VA 23836","23836","Chesterfield","Single Family Residence","08/11/2021","$360,000","$380,000","7","Resale (occupied at least once)","1996","Riverbend","2,236","0.57","4","2.1","Public Water","Sewer - Public","Conventional","Individuals"
"501","2118006","W000-1038-039","CLOSD","17 North Stafford Avenue, Richmond City VA 23220","23220","Richmond City","Single Family Residence","08/11/2021","$495,000","$492,500","21","Resale (occupied at least once)","1921","None","1,346","0.04","3","1.1","Public Water","Sewer - Public","Conventional","Individuals"
"501","2118813","775-757-9476","CLOSD","2204 Craven Lane, Henrico VA 23228","23228","Henrico","Single Family Residence","08/11/2021","$295,000","$300,000","9","Resale (occupied at least once)","1959","Rocky Branch Farm","1,908","0.27","4","2.0","Public Water","Sewer - Public","VHDA/FHA","Individuals"
"501","2116886","760-770-4460","CLOSD","5904 Carrington Green Court, Henrico VA 23060","23060","Henrico","Single Family Residence","08/11/2021","$679,950","$660,000","3","Resale (occupied at least once)","2005","Carrington","4,026","0.42","6","3.2","Public Water","Sewer - Public","Conventional","Individuals"
"501","2122503","754-748-3329","CLOSD","1912 North Parham Road, Henrico VA 23229","23229","Henrico","Single Family Residence","08/11/2021","$199,500","$199,500","3","Resale (occupied at least once)","1961","Windsordale","1,400","0.30","3","1.1","Public Water","Sewer - Public","Cash","Individuals"
"501","2121563","7796-93-8940","CLOSD","8085 Rutland Village Drive, Hanover VA 23116","23116","Hanover","Townhouse","08/11/2021","$299,900","$300,000","4","Resale (occupied at least once)","2017","Rutland","1,441","0.03","3","2.1","Public Water","Sewer - Public","Conventional","Individuals"
"501","2121265","W019-0095-037","CLOSD","4706 West Grace Street, Richmond City VA 23230","23230","Richmond City","Single Family Residence","08/11/2021","$319,000","$325,000","4","Resale (occupied at least once)","1953","None","988","0.17","2","1.0","Public Water","Sewer - Public","Cash","Individuals"
"501","2121026","818-714-0072","CLOSD","4905 Kinloch Lane, Henrico VA 23231","23231","Henrico","Single Family Residence","08/11/2021","$150,000","$157,500","2","Resale (occupied at least once)","1950","Virginia Heights","1,168","0.31","3","1.0","Public Water","Sewer - Public","Cash","REO"
"501","2120922","741-68-74-30-200-000","CLOSD","11913 Rimswell Mews, Chesterfield VA 23112","23112","Chesterfield","Single Family Residence","08/11/2021","$335,000","$365,000","5","Resale (occupied at least once)","2006","Walnut Grove","2,182","0.21","4","2.1","Public Water","Sewer - Public","Conventional","Individuals"
"501","2120831","S008-0706-006","CLOSD","2416 Ruffin Road, Richmond City VA 23234","23234","Richmond City","Single Family Residence","08/11/2021","$149,900","$155,000","5","Resale (occupied at least once)","1975","Pine Hurst","800","0.16","2","1.0","Public Water","Sewer - Public","VHDA ","Individuals"
"501","2120782","754-742-7259","CLOSD","8511 Spalding Drive, Henrico VA 23229","23229","Henrico","Single Family Residence","08/11/2021","$299,950","$350,000","5","Resale (occupied at least once)","1954","Beverly Hills","1,270","0.29","3","2.0","Public Water","Sewer - Public","Conventional","Individuals"
"501","2120755","742-68-18-29-500-000","CLOSD","11530 Brandenburg Drive, Chesterfield VA 23112","23112","Chesterfield","Single Family Residence","08/11/2021","$249,950","$260,000","3","Resale (occupied at least once)","2001","Frederick Farms","1,444","0.33","3","2.1","Public Water","Sewer - Public","Conventional","Individuals"
"501","2120562","758-749-4073","CLOSD","2212 Milbank Road, Henrico VA 23229","23229","Henrico","Single Family Residence","08/11/2021","$389,000","$440,000","6","Resale (occupied at least once)","1966","West Lawn","2,416","0.26","4","2.0","Public Water","Sewer - Public","Conventional","Individuals"
"501","2120242","732-72-02-95-200-000","CLOSD","13011 Gray Oaks Lane, Chesterfield VA 23113","23113","Chesterfield","Single Family Residence","08/11/2021","$439,900","$440,000","3","Resale (occupied at least once)","1977","Powderham","2,438","1.16","4","2.1","Public Water","Septic - Conventional","Conventional","Individuals"
"501","2120045","759-759-6691","CLOSD","9113 Woodlake Drive, Henrico VA 23294","23294","Henrico","Single Family Residence","08/11/2021","$250,000","$280,100","11","Resale (occupied at least once)","1965","West End Manor","2,128","0.27","4","2.0","Public Water","Sewer - Public","Conventional","Estate"
"501","2119954","735-65-97-07-400-000","CLOSD","12971 Blue Stack Court, Chesterfield VA 23832","23832","Chesterfield","Single Family Residence","08/11/2021","$255,000","$285,000","3","Resale (occupied at least once)","1985","Donegal Glen","1,368","0.79","4","2.0","Well","Septic - Conventional","Conventional","Individuals"
"501","2119852","C001-0294-016","CLOSD","4424 Knob Road, Richmond City VA 23235","23235","Richmond City","Single Family Residence","08/11/2021","$535,000","$545,500","8","Resale (occupied at least once)","1987","Southampton","3,136","0.50","4","2.1","Public Water","Sewer - Public","Cash","Individuals"
"501","2119527","711-71-39-52-700-000","CLOSD","16219 Dragonnade Trail, Chesterfield VA 23113","23113","Chesterfield","Single Family Residence","08/11/2021","$418,000","$480,500","15","Resale (occupied at least once)","1997","Huguenot Ridge","2,652","1.00","4","2.1","Public Water","Septic - Conventional","Conventional","REO"
"501","2119486","C008-0495-010","CLOSD","5511 Orcutt Lane, Richmond City VA 23224","23224","Richmond City","Single Family Residence","08/11/2021","$169,950","$179,950","4","Resale (occupied at least once)","1966","Brinkwood","1,188","0.22","3","1.1","Public Water","Sewer - Public","FHA New","Individuals"
"501","2119438","7852-60-0574","CLOSD","15076 Kimbrough Lane, Hanover VA 23047","23047","Hanover","Single Family Residence","08/11/2021","$430,000","$425,000","3","Resale (occupied at least once)","2015","None","2,293","1.92","3","2.0","Well","Septic - Conventional","Conventional","Individuals"
"501","2119437","756-766-6182","CLOSD","9512 Kingscroft Drive, Henrico VA 23060","23060","Henrico","Single Family Residence","08/11/2021","$329,900","$351,000","5","Resale (occupied at least once)","1992","Kingston","1,559","0.27","3","2.0","Public Water","Sewer - Public","Conventional","Individuals"
"501","2119254","772-735-5697.095","CLOSD","5100 Monument Avenue #Unit712, Henrico VA 23230","23230","Henrico","Condominium","08/11/2021","$134,950","$128,000","15","Resale (occupied at least once)","1961","5100 Monument","470","0.01","1","1.0","Public Water","Sewer - Public","Conventional","Individuals"
"501","2119052","769-760-6002.022","CLOSD","10216 Wolfe Manor Court #Unit210, Henrico VA 23060","23060","Henrico","Condominium","08/11/2021","$165,000","$173,000","3","Resale (occupied at least once)","1995","Landings At Laurel","1,050","0.02","2","2.0","Public Water","Sewer - Public","FHA New","Individuals"
"501","2118965","776-748-0144","CLOSD","2911 Ruthland Road, Henrico VA 23228","23228","Henrico","Single Family Residence","08/11/2021","$239,000","$245,000","5","Resale (occupied at least once)","1957","Ruthland","1,032","0.17","3","1.1","Public Water","Sewer - Public","Conventional","Partnership"
"501","2118957","C005-0292-040","CLOSD","6544 Hagueman Drive, Richmond City VA 23225","23225","Richmond City","Single Family Residence","08/11/2021","$299,900","$318,500","5","Resale (occupied at least once)","1958","Westlake Hills","1,687","0.29","3","2.0","Public Water","Sewer - Public","Conventional","Individuals"
"501","2118917","715-66-46-66-900-000","CLOSD","15606 Morocco Lane, Chesterfield VA 23832","23832","Chesterfield","Single Family Residence","08/11/2021","$590,000","$582,500","18","Resale (occupied at least once)","2019","Harpers Mill","3,853","0.26","5","3.1","Public Water","Sewer - Public","Conventional","Individuals"
"501","2118910","777-66-13-42-300-000","CLOSD","5917 Greenfinch Road, Chesterfield VA 23237","23237","Chesterfield","Single Family Residence","08/11/2021","$240,000","$243,000","5","Resale (occupied at least once)","1965","Hollyberry Hills","1,248","1.75","3","1.1","Well","Septic - Conventional","FHA New","Individuals"
"501","2118403","738-68-90-85-100-000","CLOSD","2530 Mcmanaway Drive, Chesterfield VA 23112","23112","Chesterfield","Single Family Residence","08/11/2021","$219,000","$246,000","5","Resale (occupied at least once)","1986","Clarendon","1,144","0.29","3","2.0","Public Water","Sewer - Public","FHA New","Individuals"
"501","2118075","734-72-35-27-500-000","CLOSD","3237 Fulbrook Drive, Chesterfield VA 23113","23113","Chesterfield","Single Family Residence","08/11/2021","$950,000","$930,000","18","Resale (occupied at least once)","2013","Tarrington","5,169","0.60","5","4.1","Public Water","Sewer - Public","Conventional","Individuals"
"501","2117891","818-673-8069","CLOSD","9470 Barrett Place, Henrico VA 23231","23231","Henrico","Single Family Residence","08/11/2021","$325,000","$305,000","7","Resale (occupied at least once)","2016","Kingsland Pointe","1,922","1.88","3","2.1","Well","Septic - Alternative","Conventional","Individuals"
"501","2117827","805-729-7198","CLOSD","2928 Trio Street, Henrico VA 23223","23223","Henrico","Single Family Residence","08/11/2021","$245,000","$255,000","9","Resale (occupied at least once)","2006","Glenwood Lakes","1,948","0.24","4","2.1","Public Water","Sewer - Public","Conventional","Individuals"
"501","2117387","763-743-8060","CLOSD","1516 Ethridge Drive, Henrico VA 23226","23226","Henrico","Single Family Residence","08/11/2021","$259,500","$235,000","26","Resale (occupied at least once)","1950","Fort Hill","1,256","0.30","3","1.0","Public Water","Sewer - Public","Conventional","Individuals"
"501","2117341","W000-1626-007","CLOSD","3415 West Grace Street, Richmond City VA 23221","23221","Richmond City","Single Family Residence","08/11/2021","$500,000","$525,000","6","Resale (occupied at least once)","1928","None","2,366","0.09","3","2.2","Public Water","Sewer - Public","Cash","Individuals"
"501","2117182","783-61-15-78-200-000","CLOSD","21140 Baileys Lane, Chesterfield VA 23803","23803","Chesterfield","Single Family Residence","08/11/2021","$235,000","$250,000","-2","Resale (occupied at least once)","2018","Baileys Grove","1,280","0.28","3","2.0","Public Water","Sewer - Public","USDA","Individuals"
"501","2117158","8706-35-6426","CLOSD","8334 Jupiter Drive, Hanover VA 23116","23116","Hanover","Single Family Residence","08/11/2021","$350,000","$368,000","5","Resale (occupied at least once)","1968","Blue Star Estates","3,013","0.61","4","2.1","Public Water","Sewer - Public","Cash","Individuals"
"501","2117137","718-72-04-95-500-000","CLOSD","16225 Mabry Mill Drive, Chesterfield VA 23113","23113","Chesterfield","Single Family Residence","08/11/2021","$675,000","$656,000","31","Resale (occupied at least once)","2004","Founders Bridge","3,434","0.48","4","3.1","Public Water","Sewer - Public","Cash","Individuals"
"501","2117098","758-764-7151","CLOSD","9201 Olde Mill Pond Drive, Henrico VA 23060","23060","Henrico","Single Family Residence","08/11/2021","$550,000","$545,000","10","Resale (occupied at least once)","2004","The Ponds At Dandridge Farm","3,569","0.22","5","3.1","Public Water","Sewer - Public","Other","Individuals"
"501","2116908","752-750-5841","CLOSD","9301 CLAYMONT Drive, Henrico VA 23229","23229","Henrico","Single Family Residence","08/11/2021","$364,900","$370,000","5","Resale (occupied at least once)","1966","Three Chopt Estates","2,600","0.30","4","2.1","Public Water","Sewer - Public","Conventional","Individuals, Partnership"
"501","2116813","740-69-69-90-100-000","CLOSD","1336 Lomond Drive, Chesterfield VA 23114","23114","Chesterfield","Single Family Residence","08/11/2021","$425,000","$445,000","6","Resale (occupied at least once)","2002","St James Woods","2,724","0.50","4","2.1","Public Water","Sewer - Public","Cash","Individuals"
"501","2116773","797-64-79-65-600-000","CLOSD","13642 Laketree Drive, Chesterfield VA 23831","23831","Chesterfield","Single Family Residence","08/11/2021","$325,000","$325,000","16","Resale (occupied at least once)","2004","Forest Lake","2,682","1.31","4","3.0","Public Water","Sewer - Public","VA New","Individuals"
"501","2116382","741-778-9405","CLOSD","5901 Park Forest Lane, Henrico VA 23059","23059","Henrico","Single Family Residence","08/11/2021","$536,000","$510,000","23","Resale (occupied at least once)","1993","Park Forest At Wyndham","2,442","0.25","4","2.1","Public Water","Sewer - Public","Conventional","Other"
"501","2115776","41-97","CLOSD","8831 Old Elam Cemetary Road, Charles City County VA 23030","23030","Charles City County","Single Family Residence","08/11/2021","$180,000","$180,000","29","Resale (occupied at least once)","1978","None","960","0.75","3","1.0","Well","Septic - Conventional","FHA New","Individuals"
"501","2113006","N000-1740-019","CLOSD","1604 Wilmington Avenue, Richmond City VA 23227","23227","Richmond City","Single Family Residence","08/11/2021","$724,999","$795,000","7","Resale (occupied at least once)","1919","Laburnum Park","2,944","0.52","4","2.1","Public Water","Community - Sewer/Septic","Conventional","Individuals"
"501","2112942","797-713-6304","CLOSD","4947 Old Main Street, Henrico VA 23231","23231","Henrico","Townhouse","08/11/2021","$527,000","$510,000","7","Resale (occupied at least once)","2014","Village Of Rocketts Landing","1,946","0.03","2","2.1","Public Water","Sewer - Public","Other","Individuals"
"501","2108393","8706-58-1274","CLOSD","8173 Lyman Court, Hanover VA 23116","23116","Hanover","Single Family Residence","08/11/2021","$504,819","$504,819","61","New (never occupied)","2021","Rutland","2,700","0.15","4","3.0","Public Water","Sewer - Public","Conventional","Corporate"
"501","2108065","737-765-1091","CLOSD","12225 Paxton Glen Terrace, Henrico VA 23059","23059","Henrico","Single Family Residence","08/11/2021","$795,000","$790,000","5","Resale (occupied at least once)","2018","The Enclave At Bacova","4,580","0.39","5","4.1","Public Water","Sewer - Public","Conventional","Individuals"
"501","2037007","716666621300000","CLOSD","15507 Wolfboro Road, Chesterfield VA 23832","23832","Chesterfield","Single Family Residence","08/11/2021","$441,255","$441,255","28","New (never occupied)","2020","Harpers Mill","2,813","","5","3.0","Public Water","Sewer - Public","Conventional","Corporate"
"501","2036632","TBD","CLOSD","12475 Donahue Road, Henrico VA 23059","23059","Henrico","Single Family Residence","08/11/2021","$701,050","$733,120","0","New (never occupied)","2020","Dominion Park At Wyndham","2,904","0.00","6","4.1","Public Water","Sewer - Public","Conventional","Corporate"
"501","2119610","755-70-82-61-400-000","CLOSD","601 North Pinetta Drive, Chesterfield VA 23235","23235","Chesterfield","Single Family Residence","08/12/2021","$340,000","$340,000","2","Resale (occupied at least once)","1964","Brighton Green","3,036","0.65","4","3.0","Public Water","Sewer - Public","VA New","Individuals"
"501","2120367","E000-0482-023","CLOSD","407 North 27th Street, Richmond City VA 23223","23223","Richmond City","Single Family Residence","08/12/2021","$535,000","$535,000","2","Resale (occupied at least once)","1812","None","2,204","0.14","2","2.0","Public Water","Sewer - Public","Conventional","Individuals"
"501","2029561","791635519400000","CLOSD","15312 Harrow Circle, Chesterfield VA 23831","23831","Chesterfield","Single Family Residence","08/12/2021","$357,535","$357,535","40","New (never occupied)","2021","Harrowgate Meadows","2,491","","4","2.1","Public Water","Sewer - Public","VA New","Corporate"
"501","2118469","826-65-58-88-500-000","CLOSD","12709 North Enon Church Road, Chesterfield VA 23836","23836","Chesterfield","Single Family Residence","08/12/2021","$260,000","$260,000","4","Resale (occupied at least once)","1974","Mount Blanco","1,554","0.40","3","1.1","Public Water","Septic - Conventional","FHA New","Individuals"
"501","2118583","8705-45-6442","CLOSD","8275 Ellerson Green Place, Hanover VA 23116","23116","Hanover","Single Family Residence","08/12/2021","$369,900","$369,900","7","Resale (occupied at least once)","1990","Summer Walk","2,380","0.36","4","2.1","Public Water","Sewer - Public","Conventional","Individuals"
"501","2021297","786676073400000","CLOSD","3300 Argent Lane, Chesterfield VA 23237","23237","Chesterfield","Single Family Residence","08/12/2021","$367,210","$367,210","41","New (never occupied)","2021","Silverleaf","2,464","","3","2.1","Public Water","Sewer - Public","Conventional","Corporate"
"501","2118606","788-766-2031.143","CLOSD","9411 Links Lane #UnitM, Henrico VA 23059","23059","Henrico","Condominium","08/12/2021","$155,000","$155,000","8","Resale (occupied at least once)","1998","Links Condominiums","890","15.20","1","1.0","Public Water","Sewer - Public","Conventional","Individuals"
"501","2121085","753-754-5357","CLOSD","3026 Montfort Loop, Henrico VA 23294","23294","Henrico","Townhouse","08/12/2021","$219,950","$238,500","5","Resale (occupied at least once)","1994","Pemberton Oaks Townhouses","1,206","0.06","3","2.1","Public Water","Sewer - Public","FHA New","Individuals"
"501","2120692","846-709-9511","CLOSD","3703 Iroquois West Circle, Henrico VA 23150","23150","Henrico","Single Family Residence","08/12/2021","$249,950","$265,000","4","Resale (occupied at least once)","1969","Old Cannon Estates","1,456","1.25","3","2.0","Well","Septic - Conventional","USDA","Individuals"
"501","2119756","027A-8-29","CLOSD","3554 Richards Run, Powhatan VA 23139","23139","Powhatan","Single Family Residence","08/12/2021","$525,000","$525,000","4","Resale (occupied at least once)","2004","Branchway Forest","3,381","2.18","4","3.1","Well","Septic - Conventional","Conventional","Individuals"
"501","2118954","783-752-8058","CLOSD","7428 Landsworth Avenue, Henrico VA 23228","23228","Henrico","Single Family Residence","08/12/2021","$219,900","$219,900","13","Resale (occupied at least once)","1955","Stuart Ridge","1,074","0.17","3","1.0","Public Water","Sewer - Public","Conventional","Partnership"
"501","2111595","747-756-9982","CLOSD","10819 THREE CHOPT, Henrico VA 23233","23233","Henrico","Single Family Residence","08/12/2021","$249,000","$218,000","42","Resale (occupied at least once)","1957","Deep Run Manor","1,168","","3","1.0","Public Water","Sewer - Public","Conventional","Individuals"
"501","2036803","8728-45-1594","CLOSD","11426 Colwick Trace, Hanover VA 23116","23116","Hanover","Single Family Residence","08/12/2021","$607,414","$654,735","4","New (never occupied)","2020","Glebe Hill","3,287","1.73","4","3.1","Well","Septic - Conventional","Conventional","Corporate"
"501","2033969","8706-67-5105","CLOSD","8143 Saint Emilion Court, Hanover VA 23116","23116","Hanover","Single Family Residence","08/12/2021","$415,678","$404,378","35","New (never occupied)","2020","Timberlake Commons","3,230","","4","3.1","Public Water","Sewer - Public","Conventional","Corporate"
"501","2032524","709-68-26-82-400-000","CLOSD","16637 Cabrio Place, Chesterfield VA 23120","23120","Chesterfield","Single Family Residence","08/12/2021","$386,950","$418,698","0","New (never occupied)","2021","Westerleigh","2,793","","5","3.0","Public Water","Sewer - Public","Conventional","Corporate"
"501","2114989","N000-1070-019","CLOSD","3219 1st Avenue, Richmond City VA 23222","23222","Richmond City","Single Family Residence","08/12/2021","$285,000","$285,000","18","Resale (occupied at least once)","1921","Highland Park","1,824","0.23","4","2.0","Public Water","Sewer - Public","Conventional","Individuals"
"501","2105946","786677102500000","CLOSD","3700 Lacroix Way, Chesterfield VA 23237","23237","Chesterfield","Single Family Residence","08/12/2021","$335,250","$341,153","0","New (never occupied)","2021","Silverleaf","2,179","","3","2.1","Public Water","Sewer - Public","VA New","Corporate"
"501","2104168","737679954100012","CLOSD","4100 Maze Runner Drive #Unit206, Chesterfield VA 23112","23112","Chesterfield","Condominium","08/12/2021","$263,990","$263,990","14","New (never occupied)","2021","Wescott","1,554","","2","2.0","Public Water","Sewer - Public","Conventional","Corporate"
"501","2110812","N000-0966-021","CLOSD","3009 Hawthorne Avenue, Richmond City VA 23222","23222","Richmond City","Single Family Residence","08/12/2021","$485,000","$427,500","20","Resale (occupied at least once)","1930","Ginter Park Terrace","3,116","0.31","5","2.1","Public Water","Sewer - Public","Other","Other"
"501","2121254","7787-37-9178","CLOSD","10521 Stony Bluff Drive #Unit105, Hanover VA 23005","23005","Hanover","Condominium","08/12/2021","$254,950","$254,950","5","New (never occupied)","2019","Stony Run","1,017","","1","1.0","Public Water","Sewer - Public","Cash","Corporate"
"501","2118708","736-744-3274","CLOSD","1709 Lauderdale Drive, Henrico VA 23238","23238","Henrico","Single Family Residence","08/12/2021","$335,000","$335,000","8","Resale (occupied at least once)","1966","Tuckahoe Village","2,121","0.37","4","2.1","Public Water","Sewer - Public","Conventional","Individuals"
"501","2034326","7176898919","CLOSD","14807 Waverton Turn, Chesterfield VA 23112","23112","Chesterfield","Single Family Residence","08/12/2021","$633,672","$670,572","79","New (never occupied)","2021","Rountrey","3,366","","5","4.1","Public Water","Sewer - Public","Conventional","Corporate"
"501","2119590","775-66-93-02-000-000","CLOSD","6012 Huntingcreek Drive, Chesterfield VA 23237","23237","Chesterfield","Single Family Residence","08/12/2021","$179,900","$187,000","5","Resale (occupied at least once)","1980","Huntingcreek Hills","1,056","0.22","3","1.0","Public Water","Sewer - Public","Conventional","Individuals"
"501","2119460","779-67-64-50-200-000","CLOSD","4736 Rockfield Road, Chesterfield VA 23237","23237","Chesterfield","Single Family Residence","08/12/2021","$290,000","$315,000","4","Resale (occupied at least once)","1992","Salem Estates","2,046","0.24","4","2.1","Public Water","Sewer - Public","VHDA/FHA","Individuals"
"501","2114831","7797-57-4387","CLOSD","9226 Totopotomoy Trail, Hanover VA 23005","23005","Hanover","Single Family Residence","08/12/2021","$319,950","$315,000","39","Resale (occupied at least once)","1971","Totopotomoy","2,368","0.41","4","3.0","Public Water","Sewer - Public","Cash","Individuals"
"501","2037272","780-772-5781","CLOSD","3049 Farmstead Mill Drive, Henrico VA 23059","23059","Henrico","Townhouse","08/12/2021","$330,450","$340,270","0","New (never occupied)","2020","River Mill","1,517","","3","2.1","Public Water","Sewer - Public","Conventional","Corporate"
"501","2120295","20  12     4","CLOSD","7490 Airport Road, New Kent VA 23141","23141","New Kent","Single Family Residence","08/12/2021","$385,000","$385,000","10","Resale (occupied at least once)","1997","Black Creek Estates","1,816","5.96","3","2.1","Well","Septic - Conventional","Conventional","Individuals"
"501","2119771","767-751-0781","CLOSD","4641 Willow Leaf Place, Henrico VA 23228","23228","Henrico","Townhouse","08/12/2021","$279,000","$299,000","4","Resale (occupied at least once)","2006","Willow Run","1,848","0.05","3","2.1","Public Water","Sewer - Public","FHA New","Individuals"
"501","2122985","791-65-68-41-100-000","CLOSD","3725 West Hundred Road, Chesterfield VA 23831","23831","Chesterfield","Single Family Residence","08/12/2021","$74,000","$100,000","1","Resale (occupied at least once)","1948","East Chester","1,416","0.33","3","1.0","Public Water","Sewer - Public","Cash","Estate"
"501","2122333","7637578077","CLOSD","7814 Balineen Court, Henrico VA 23228","23228","Henrico","Townhouse","08/12/2021","$229,000","$242,000","3","Resale (occupied at least once)","1990","Shannon Green","1,440","0.04","3","2.1","Public Water","Sewer - Public","Conventional","Individuals"
"501","2121952","818-712-0222","CLOSD","5307 Coxson Road, Henrico VA 23150","23150","Henrico","Single Family Residence","08/12/2021","$165,000","$165,000","15","Resale (occupied at least once)","1951","Robinwood","995","0.62","2","1.0","Public Water","Sewer - Public","Cash","Individuals"
"501","2121728","766-759-3064","CLOSD","9449 Willow Ridge Drive, Henrico VA 23060","23060","Henrico","Single Family Residence","08/12/2021","$329,000","$380,000","6","Resale (occupied at least once)","1996","Hungary Ridge","2,051","0.26","4","2.1","Public Water","Sewer - Public","Conventional","Other"
"501","2121651","814-717-0534","CLOSD","3906 Orion Court, Henrico VA 23231","23231","Henrico","Single Family Residence","08/12/2021","$239,950","$252,500","42","Resale (occupied at least once)","1964","Lawndale Farms","1,920","0.23","4","2.1","Public Water","Sewer - Public","Conventional","Individuals"
"501","2121548","8736-19-0708","CLOSD","9563 Williamsville Road, Hanover VA 23116","23116","Hanover","Single Family Residence","08/12/2021","$340,000","$345,000","0","Resale (occupied at least once)","1971","Ranier Estates","2,139","0.98","4","3.0","Public Water","Septic - Conventional","VA New","Individuals"
"501","2121384","756-767-8809","CLOSD","9516 Southmill Drive, Henrico VA 23060","23060","Henrico","Single Family Residence","08/12/2021","$274,990","$285,000","4","Resale (occupied at least once)","1993","Milbrooke","1,898","0.24","4","2.1","Public Water","Sewer - Public","Cash","Individuals"
"501","2121228","747-69-47-71-700-000","CLOSD","10207 Claybar Trail, Chesterfield VA 23236","23236","Chesterfield","Single Family Residence","08/12/2021","$250,000","$250,000","2","Resale (occupied at least once)","1995","Arrowhead","1,512","0.30","4","2.0","Public Water","Sewer - Public","FHA New","Estate"
"501","2121206","7851-85-2889","CLOSD","14343 Riverside Drive, Hanover VA 23005","23005","Hanover","Single Family Residence","08/12/2021","$359,000","$380,000","2","Resale (occupied at least once)","1966","Country Club Hills","1,768","1.29","3","2.0","Public Water","Sewer - Public","Conventional","Other"
"501","2121113","810-714-8877","CLOSD","3212 Chesham Street, Henrico VA 23231","23231","Henrico","Single Family Residence","08/12/2021","$209,900","$220,000","3","Resale (occupied at least once)","1948","Eastover Garden","1,080","0.22","3","1.1","Public Water","Sewer - Public","VHDA/FHA","Corporate"
"501","2120898","E000-0554-023","CLOSD","1215 19th Street, Richmond City VA 23223","23223","Richmond City","Single Family Residence","08/12/2021","$269,950","$275,000","6","Resale (occupied at least once)","1910","Fairmount Park","1,232","","2","1.1","Public Water","Sewer - Public","VHDA ","Individuals"
"501","2120858","799-64-71-45-000-000","CLOSD","2900 Laketree Court, Chesterfield VA 23831","23831","Chesterfield","Single Family Residence","08/12/2021","$339,500","$340,000","6","Resale (occupied at least once)","2020","Forest Lake","1,762","0.38","4","2.1","Public Water","Sewer - Public","FHA New","Individuals"
"501","2120797","753-69-61-38-600-000","CLOSD","2010 Lindell Road, Chesterfield VA 23236","23236","Chesterfield","Single Family Residence","08/12/2021","$374,950","$374,950","7","Resale (occupied at least once)","1968","Spring Hill","2,663","0.72","4","2.1","Public Water","Sewer - Public","Cash","Individuals"
"501","2120680","774-66-41-44-900-000","CLOSD","9501 Krause Road, Chesterfield VA 23832","23832","Chesterfield","Single Family Residence","08/12/2021","$239,900","$260,000","4","Resale (occupied at least once)","1973","Courthouse Green","1,569","0.69","4","2.0","Public Water","Sewer - Public","Conventional","Individuals"
"501","2120636","780-764-1000","CLOSD","1913 Greenstone Court, Henrico VA 23060","23060","Henrico","Single Family Residence","08/12/2021","$269,900","$299,000","11","Resale (occupied at least once)","2001","Greenwood Meadows Sec A","1,584","0.19","3","2.1","Public Water","Sewer - Public","Conventional","Individuals"
"501","2120596","N000-1034-054","CLOSD","3047 Montrose Avenue, Richmond City VA 23222","23222","Richmond City","Single Family Residence","08/12/2021","$239,950","$229,000","11","Resale (occupied at least once)","1920","Ginter Park Terrace","1,740","0.19","4","1.1","Public Water","Sewer - Public","Cash","Partnership"
"501","2120511","C003-0044-014","CLOSD","3111 Kenmore Road, Richmond City VA 23225","23225","Richmond City","Single Family Residence","08/12/2021","$489,000","$570,000","4","Resale (occupied at least once)","1978","Stratford Hills","2,980","0.68","5","3.1","Public Water","Sewer - Public","Conventional","Individuals"
"501","2120362","W021-0248-014","CLOSD","6712 Wessex Lane, Richmond City VA 23226","23226","Richmond City","Single Family Residence","08/12/2021","$450,000","$425,000","12","Resale (occupied at least once)","1952","Hampton Park","1,799","0.19","3","2.0","Public Water","Sewer - Public","Cash","Individuals"
"501","2120281","48-18-0-26-0","CLOSD","7056 Washbrook Terrace, Goochland VA 23059","23059","Goochland","Single Family Residence","08/12/2021","$475,000","$475,000","4","Resale (occupied at least once)","2017","Parkside Village","2,084","0.20","3","2.0","Public Water","Sewer - Public","Conventional","Individuals"
"501","2120064","735-771-3897","CLOSD","5220 Stone Horse Road, Henrico VA 23059","23059","Henrico","Single Family Residence","08/12/2021","$530,000","$530,000","9","Resale (occupied at least once)","1987","Shady Grove Estates","2,874","1.01","5","3.2","Well","Septic - Conventional","Conventional","Individuals"
"501","2120004","677-67-41-39-100-000","CLOSD","23411 Skinquarter Road, Chesterfield VA 23120","23120","Chesterfield","Single Family Residence","08/12/2021","$380,000","$410,000","3","Resale (occupied at least once)","2001","None","2,160","6.59","4","2.1","Well","Septic - Conventional","Conventional","Individuals"
"501","2119944","719-71-23-02-000-000","CLOSD","14800 Bridge Creek Drive, Chesterfield VA 23113","23113","Chesterfield","Single Family Residence","08/12/2021","$390,000","$421,500","5","Resale (occupied at least once)","2016","Brookcreek Crossing","2,984","0.14","4","4.0","Public Water","Sewer - Public","Conventional","Individuals"
"501","2119940","803-692-6463","CLOSD","1367 Burning Tree Road, Henrico VA 23231","23231","Henrico","Single Family Residence","08/12/2021","$199,950","$200,000","4","Resale (occupied at least once)","1962","Media Park","1,000","0.35","3","1.0","Public Water","Septic - Conventional","FHA New","Corporate"
"501","2119929","E000-0517-021","CLOSD","1111 North 23rd Street, Richmond City VA 23223","23223","Richmond City","Single Family Residence","08/12/2021","$324,900","$335,000","7","Resale (occupied at least once)","1900","Fairmount Park","2,470","0.09","3","2.1","Public Water","Sewer - Public","VHDA ","Individuals"
"501","2119892","814-696-5031","CLOSD","2451 Yarnell Road, Henrico VA 23231","23231","Henrico","Single Family Residence","08/12/2021","$250,000","$240,000","4","Resale (occupied at least once)","1972","Varina","1,196","0.97","3","1.1","Well","Septic - Conventional","VHDA ","Individuals"
"501","2119879","013A-1-5","CLOSD","5510 Swann Road, Powhatan VA 23139","23139","Powhatan","Single Family Residence","08/12/2021","$259,000","$259,000","4","Resale (occupied at least once)","1996","Hammock Ridge","1,430","2.02","3","2.0","Well","Septic - Conventional","VHDA ","Individuals"
"501","2119867","760-763-1513","CLOSD","4806 Kellywood Drive, Henrico VA 23060","23060","Henrico","Single Family Residence","08/12/2021","$292,500","$327,501","6","Resale (occupied at least once)","1983","Dunncroft","1,414","0.19","3","1.1","Public Water","Sewer - Public","Conventional","Individuals"
"501","2119792","7797-90-5252","CLOSD","9974 Orchard Meadow Road, Hanover VA 23116","23116","Hanover","Single Family Residence","08/12/2021","$435,000","$422,000","14","Resale (occupied at least once)","2015","Honey Meadows","2,688","0.21","4","2.1","Public Water","Sewer - Public","Conventional","Individuals"
"501","2119775","46        11","CLOSD","17601 Stage Road, New Kent VA 23011","23011","New Kent","Single Family Residence","08/12/2021","$475,000","$435,000","2","Resale (occupied at least once)","1994","None","2,176","6.34","3","2.1","Well","Septic - Conventional","VA New","Individuals"
"501","2119758","W022-0140-004","CLOSD","102 Berkshire Road, Richmond City VA 23221","23221","Richmond City","Single Family Residence","08/12/2021","$1,595,000","$1,945,000","7","Resale (occupied at least once)","1940","Windsor Farms","4,337","0.55","5","5.1","Public Water","Sewer - Public","Cash","Individuals"
"501","2119734","772-735-5697.127","CLOSD","5100 Monument Avenue #Unit911, Henrico VA 23230","23230","Henrico","Condominium","08/12/2021","$134,900","$134,900","30","Resale (occupied at least once)","1961","5100 Monument","880","","1","1.0","Public Water","Sewer - Public","Cash","Individuals"
"501","2119570","755-68-01-55-500-000","CLOSD","5540 Quail Ridge Terrace, Chesterfield VA 23832","23832","Chesterfield","Single Family Residence","08/12/2021","$399,950","$465,000","7","Resale (occupied at least once)","1986","Newbys Wood","3,190","2.12","5","2.1","Public Water","Septic - Conventional","Conventional","Individuals"
"501","2119252","742-767-0104","CLOSD","5012 Windy Hollow Circle, Henrico VA 23059","23059","Henrico","Single Family Residence","08/12/2021","$649,900","$677,000","8","Resale (occupied at least once)","2003","Hickory Woods At Twin Hickory","3,669","0.36","4","3.1","Public Water","Sewer - Public","Conventional","Individuals"
"501","2119216","731-67-72-03-300-000","CLOSD","4905 Long Shadow Drive, Chesterfield VA 23112","23112","Chesterfield","Single Family Residence","08/12/2021","$219,900","$230,000","4","Resale (occupied at least once)","1980","Brandermill","1,346","0.05","2","2.1","Public Water","Sewer - Public","Conventional","Individuals"
"501","2119184","029-15","CLOSD","2200 Cedarwood Road, Powhatan VA 23139","23139","Powhatan","Single Family Residence","08/12/2021","$719,000","$731,032","6","Resale (occupied at least once)","1986","Cedarwood","4,774","20.52","4","2.0","Well","Septic - Conventional","Conventional","Individuals"
"501","2119121","7778-64-6348","CLOSD","11314 Old Scotland Road, Hanover VA 23059","23059","Hanover","Single Family Residence","08/12/2021","$345,000","$375,000","6","Resale (occupied at least once)","2012","Cedarlea Park","2,244","0.15","4","2.1","Public Water","Sewer - Public","Conventional","Individuals"
"501","2119097","725-66-00-11-000-000","CLOSD","9306 Mahogany Drive, Chesterfield VA 23832","23832","Chesterfield","Single Family Residence","08/12/2021","$470,000","$490,000","7","Resale (occupied at least once)","2005","The Woods At Summerford","3,244","0.42","4","3.1","Public Water","Sewer - Public","Conventional","Individuals"
"501","2119013","728-758-7281","CLOSD","3712 Milbranch Place, Henrico VA 23233","23233","Henrico","Single Family Residence","08/12/2021","$525,900","$550,100","6","Resale (occupied at least once)","1994","Milhaven","2,569","0.25","5","2.1","Public Water","Sewer - Public","Conventional","Corporate"
"501","2118920","750-735-5676","CLOSD","213 Riverwood Drive, Henrico VA 23229","23229","Henrico","Single Family Residence","08/12/2021","$664,900","$680,000","4","Resale (occupied at least once)","1959","Sleepy Hollow","3,745","1.05","4","2.1","Public Water","Sewer - Public","Conventional","Individuals"
"501","2118869","8706-15-1399","CLOSD","8746 New Holland Lane, Hanover VA 23116","23116","Hanover","Single Family Residence","08/12/2021","$475,000","$480,000","10","Resale (occupied at least once)","2011","Rutland","3,622","0.24","5","3.1","Public Water","Sewer - Public","Conventional","Individuals"
"501","2118682","764-757-1155.105","CLOSD","7700 Flannagan Court #Unit1005, Henrico VA 23228","23228","Henrico","Condominium","08/12/2021","$169,950","$170,000","27","Resale (occupied at least once)","1987","Shannon Green Condo","920","0.02","2","2.0","Public Water","Sewer - Public","Conventional","Individuals"
"501","2118595","S008-0668-002","CLOSD","3114 Columbia Street, Richmond City VA 23234","23234","Richmond City","Single Family Residence","08/12/2021","$199,900","$200,000","9","Resale (occupied at least once)","1941","Summer Hill Plaza","1,390","0.14","3","2.0","Public Water","Sewer - Public","FHA New","Partnership"
"501","2118477","E000-0162-067","CLOSD","1919 East Broad Street #UnitUE, Richmond City VA 23223","23223","Richmond City","Condominium","08/12/2021","$429,000","$415,000","16","Resale (occupied at least once)","2005","None","2,310","0.05","3","2.1","Public Water","Sewer - Public","Conventional","Individuals"
"501","2118382","746-765-7594","CLOSD","4504 Sadler Grove Court, Henrico VA 23060","23060","Henrico","Single Family Residence","08/12/2021","$649,900","$650,000","8","Resale (occupied at least once)","2003","Sadler Grove","3,959","0.52","5","3.1","Public Water","Sewer - Public","Conventional","Individuals"
"501","2118183","736-66-32-40-400-000","CLOSD","12810 Spring Run Road, Chesterfield VA 23112","23112","Chesterfield","Single Family Residence","08/12/2021","$325,000","$325,000","0","Resale (occupied at least once)","2002","None","1,768","1.44","4","3.1","Well","Septic - Alternative","Conventional","Individuals"
"501","2118145","E000-0810-028","CLOSD","425 North 32nd Street, Richmond City VA 23223","23223","Richmond City","Single Family Residence","08/12/2021","$699,000","$700,000","12","Resale (occupied at least once)","1854","Chimborazo","4,216","0.19","5","3.0","Public Water","Sewer - Public","Conventional","Individuals"
"501","2117835","747-62-91-93-800-000","CLOSD","11600 River Road, Chesterfield VA 23838","23838","Chesterfield","Single Family Residence","08/12/2021","$210,000","$240,000","7","Resale (occupied at least once)","1977","Crafton Heights","1,328","0.61","3","2.0","Well","Septic - Conventional","Conventional","Individuals"
"501","2117834","S000-2636-001","CLOSD","4614 Archer Avenue, Richmond City VA 23225","23225","Richmond City","Single Family Residence","08/12/2021","$445,000","$450,000","11","Resale (occupied at least once)","1937","Westover Hills","1,700","0.33","2","1.1","Public Water","Sewer - Public","FHA New","Individuals"
"501","2117718","726-66-21-20-300-000","CLOSD","14548 Needham Market Road, Chesterfield VA 23112","23112","Chesterfield","Single Family Residence","08/12/2021","$392,500","$405,000","15","Resale (occupied at least once)","2013","Collington","2,537","0.32","3","2.1","Public Water","Sewer - Public","VA New","Individuals"
"501","2117684","774-765-0621","CLOSD","10408 Servo Drive, Henrico VA 23060","23060","Henrico","Single Family Residence","08/12/2021","$420,000","$452,000","5","Resale (occupied at least once)","2014","Woodman Glen","2,701","0.25","4","3.1","Public Water","Sewer - Public","Conventional","Individuals"
"501","2117065","8764-22-2193","CLOSD","7096 Cattail Run Farm Drive, Hanover VA 23111","23111","Hanover","Single Family Residence","08/12/2021","$355,000","$355,000","5","Resale (occupied at least once)","1989","None","2,924","8.52","3","2.1","Well","Septic - Conventional","Conventional","Individuals"
"501","2116383","E0000385044","CLOSD","306 North 26th Street #Unit112, Richmond City VA 23223","23223","Richmond City","Condominium","08/12/2021","$266,800","$263,000","6","Resale (occupied at least once)","1920","Nolde Bakery Condo","1,117","","2","1.0","Public Water","Sewer - Public","Cash","Individuals"
"501","2116062","731-67-78-83-600-000","CLOSD","4901 Court Ridge Terrace, Chesterfield VA 23112","23112","Chesterfield","Single Family Residence","08/12/2021","$275,000","$286,500","8","Resale (occupied at least once)","1978","Court Ridge","1,843","0.25","4","3.1","Public Water","Sewer - Public","Conventional","Individuals"
"501","2115971","770-69-30-41-000-000","CLOSD","5922 Bardot Court, Chesterfield VA 23234","23234","Chesterfield","Townhouse","08/12/2021","$225,000","$225,000","4","Resale (occupied at least once)","2011","Belfair Townhouses","1,951","0.05","3","3.1","Public Water","Sewer - Public","VA New","Individuals"
"501","2115806","C008-1265-114","CLOSD","4316 Kenmare Lane, Richmond City VA 23234","23234","Richmond City","Single Family Residence","08/12/2021","$360,000","$375,101","8","Resale (occupied at least once)","2018","Adams Park","2,950","0.19","4","2.1","Public Water","Sewer - Public","Conventional","Individuals"
"501","2115509","771-764-3334","CLOSD","10305 Purcell Road, Henrico VA 23060","23060","Henrico","Single Family Residence","08/12/2021","$244,950","$245,000","10","Resale (occupied at least once)","1954","None","1,227","0.97","3","2.0","Public Water","Sewer - Public","FHA New","Individuals"
"501","2115037","7844-28-9181","CLOSD","17401 Hewlett Road, Hanover VA 23015","23015","Hanover","Single Family Residence","08/12/2021","$349,000","$365,000","9","Resale (occupied at least once)","1975","None","2,074","10.00","3","3.0","Well","Septic - Conventional","Conventional","Individuals"
"501","2114725","727-66-45-03-400-000","CLOSD","9006 Spyglass Hill Crescent, Chesterfield VA 23832","23832","Chesterfield","Single Family Residence","08/12/2021","$389,000","$399,006","23","Resale (occupied at least once)","2003","Birkdale","2,958","0.21","4","2.1","Public Water","Sewer - Public","VA New","Individuals"
"501","2114394","752-68-85-97-400-000","CLOSD","9062 Amberhill Loop, Chesterfield VA 23236","23236","Chesterfield","Townhouse","08/12/2021","$339,000","$328,000","41","Resale (occupied at least once)","2005","Amberleigh","1,698","0.09","2","2.0","Public Water","Sewer - Public","Conventional","Individuals"
"501","2114206","16-9-0-4-0","CLOSD","2922 Lowry Road, Goochland VA 23038","23038","Goochland","Single Family Residence","08/12/2021","$319,950","$319,950","23","New (never occupied)","2021","None","1,728","3.01","3","2.0","Well","Septic - Conventional","FHA New","Corporate"
"501","2113478","763-751-1728","CLOSD","7903 Hungary Spring Court, Henrico VA 23294","23294","Henrico","Single Family Residence","08/12/2021","$250,000","$255,000","53","Resale (occupied at least once)","1975","Williamsburg Park","2,002","0.37","4","2.1","Public Water","Sewer - Public","Conventional","Individuals"
"501","2113217","769-67-88-80-600-000","CLOSD","6024 Sailors Creek Drive, Chesterfield VA 23832","23832","Chesterfield","Single Family Residence","08/12/2021","$315,000","$337,500","3","Resale (occupied at least once)","2013","Kingsland Glen","2,068","0.31","4","2.1","Public Water","Sewer - Public","VA New","Individuals"
"501","2111147","8737-64-3046","CLOSD","10295 Summer Hill Road, Hanover VA 23116","23116","Hanover","Single Family Residence","08/12/2021","$475,000","$475,000","15","Resale (occupied at least once)","1978","None","2,578","3.02","5","3.0","Well","Septic - Conventional","Conventional","Individuals"
"501","2110933","W000-0613-035","CLOSD","1524 West Avenue #Unit33, Richmond City VA 23220","23220","Richmond City","Condominium","08/12/2021","$424,900","$412,000","51","Resale (occupied at least once)","1931","None","1,737","0.04","3","2.0","Public Water","Sewer - Public","Conventional","Individuals"
"501","2110765","N000-0881-008","CLOSD","2902 Edgewood Avenue, Richmond City VA 23222","23222","Richmond City","Single Family Residence","08/12/2021","$195,000","$260,000","4","Resale (occupied at least once)","1918","Barton Heights","2,190","0.16","3","2.0","Public Water","Sewer - Public","Cash","Individuals"
"501","2108454","804-735-1241","CLOSD","3809 Candlegrove Court, Henrico VA 23223","23223","Henrico","Single Family Residence","08/12/2021","$302,950","$305,000","7","Resale (occupied at least once)","2006","None","2,328","0.20","4","2.1","Public Water","Sewer - Public","FHA New","Individuals"
"501","2023788","741-771-0135","CLOSD","11512 Grey Oaks Estates Run, Henrico VA 23059","23059","Henrico","Single Family Residence","08/12/2021","$787,045","$807,990","2","New (never occupied)","2020","Estates at Grey Oaks South Section 2","4,091","0.34","5","4.0","Public Water","Sewer - Public","Conventional","Corporate"
"501","REIN10388699","105126","CLOSD","11700 Oakrise Road, New Kent VA 23124","23124","New Kent","Single Family Residence","08/12/2021","$255,000","$259,000","0","Resale (occupied at least once)","2009","NEW KENT","1,400","0.45","3","2.0","Public Water","Public Sewer On Site","",""
"501","2114692","845-713-3796","CLOSD","3851 Woodview Drive, Henrico VA 23150","23150","Henrico","Single Family Residence","08/13/2021","$300,000","$290,000","33","Resale (occupied at least once)","2008","None","1,664","1.93","3","1.1","Well","Septic - Alternative","Conventional","Individuals"
"501","2118386","C0030061004","CLOSD","2711 Sterncroft Drive, Richmond City VA 23225","23225","Richmond City","Single Family Residence","08/13/2021","$545,000","$586,200","9","Resale (occupied at least once)","1967","Stratford Hills","3,188","0.65","5","4.1","Public Water","Sewer - Public","Cash","Individuals"
"501","2104593","812648529400000","CLOSD","620 Marsham Place, Chesterfield VA 23836","23836","Chesterfield","Single Family Residence","08/13/2021","$437,925","$437,925","0","New (never occupied)","2021","Ramblewood Estates","2,718","","5","4.0","Public Water","Sewer - Public","Conventional","Corporate"
"501","2102318","7796-66-5458","CLOSD","9025 Airwell Court, Hanover VA 23116","23116","Hanover","Single Family Residence","08/13/2021","$591,780","$591,780","0","New (never occupied)","2021","Giles Farm","4,059","","4","4.1","Public Water","Sewer - Public","Conventional","Corporate"
"501","2106238","737679954100016","CLOSD","4100 Maze Runner Drive #Unit304, Chesterfield VA 23112","23112","Chesterfield","Condominium","08/13/2021","$224,990","$238,090","28","New (never occupied)","2021","Wescott","1,156","","2","2.0","Public Water","Sewer - Public","FHA New","Corporate"
"501","2119037","7861-36-9405","CLOSD","14348 Horseshoe Ford Road, Hanover VA 23005","23005","Hanover","Single Family Residence","08/13/2021","$699,500","$665,000","6","Resale (occupied at least once)","1985","None","3,717","2.70","3","2.1","Well","Septic - Conventional","FHA New","Individuals"
"501","2110335","012-35","CLOSD","3189 Trenholm Road, Powhatan VA 23139","23139","Powhatan","Single Family Residence","08/13/2021","$429,950","$429,950","64","Resale (occupied at least once)","1905","None","2,628","4.82","4","2.0","Well","Septic - Conventional","Conventional","Individuals"
"501","2118052","7797-79-6699","CLOSD","10502 Oak Cottage Drive, Hanover VA 23116","23116","Hanover","Single Family Residence","08/13/2021","$319,500","$369,000","10","Resale (occupied at least once)","1994","Ash Creek","2,036","0.30","4","2.1","Public Water","Sewer - Public","Cash","Individuals"
"501","2121539","756-769-4997","CLOSD","5213 Hart Mill Drive, Henrico VA 23060","23060","Henrico","Single Family Residence","08/13/2021","$349,500","$375,000","0","Resale (occupied at least once)","2000","Springcreek","2,008","0.22","4","2.1","Public Water","Sewer - Public","Conventional","Individuals"
"501","2120391","723-71-32-57-900-000","CLOSD","14320 West Salisbury Road, Chesterfield VA 23113","23113","Chesterfield","Single Family Residence","08/13/2021","$749,000","$782,000","4","Resale (occupied at least once)","1986","Salisbury","4,520","0.99","5","3.1","Public Water","Sewer - Public","Conventional","Individuals"
"501","2101664","20B 1 3","CLOSD","3670 Kingsfield Road, New Kent VA 23141","23141","New Kent","Single Family Residence","08/13/2021","$255,990","$255,990","0","New (never occupied)","2021","Kingsfield","1,608","","3","2.1","Well","Septic - Conventional","USDA","Corporate"
"501","2118023","788-64-24-37-500-000","CLOSD","13904 Cedar Cliff Court, Chesterfield VA 23831","23831","Chesterfield","Single Family Residence","08/13/2021","$349,000","$349,000","13","Resale (occupied at least once)","1989","Stoney Glen","2,259","0.27","4","2.1","Public Water","Sewer - Public","VA New","Individuals"
"501","2122392","W000-0648-093","CLOSD","1733 Lakeview Avenue, Richmond City VA 23220","23220","Richmond City","Single Family Residence","08/13/2021","$329,950","$330,000","9","Resale (occupied at least once)","2005","Randolph West","1,578","0.11","3","2.1","Public Water","Sewer - Public","Cash","Individuals"
"501","2119241","741-747-9994","CLOSD","1901 Windingridge Drive, Henrico VA 23238","23238","Henrico","Single Family Residence","08/13/2021","$369,000","$406,000","3","Resale (occupied at least once)","1977","Gayton Forest","2,214","0.33","4","2.1","Public Water","Sewer - Public","Conventional","Individuals"
"501","2117721","763-757-4759","CLOSD","7734 Pomeroy Court, Henrico VA 23228","23228","Henrico","Townhouse","08/13/2021","$195,000","$190,000","12","Resale (occupied at least once)","1988","Shannon Green","1,120","0.04","2","2.1","Public Water","Sewer - Public","Conventional","Individuals"
"501","2036996","786675376800000","CLOSD","7841 Vermeil Street #UnitIA-C, Chesterfield VA 23237","23237","Chesterfield","Townhouse","08/13/2021","$290,115","$290,115","31","New (never occupied)","2021","Silverleaf","1,943","","3","2.1","Public Water","Sewer - Public","Conventional","Corporate"
"501","2115642","N017-0632-011","CLOSD","1815 Elmsmere Avenue, Richmond City VA 23227","23227","Richmond City","Single Family Residence","08/13/2021","$389,000","$400,000","6","Resale (occupied at least once)","1933","Rosedale","1,634","0.17","3","2.0","Public Water","Community - Sewer/Septic","Conventional","Individuals"
"501","2108574","038A-1B-1","CLOSD","1411 East Overlook Drive, Powhatan VA 23139","23139","Powhatan","Single Family Residence","08/13/2021","$499,900","$500,000","92","New (never occupied)","2021","Millquarter","2,731","0.57","4","3.0","Public Water","Septic - Conventional","Conventional","Corporate"
"501","2119917","7886092458000000","CLOSD","21431 Perdue Avenue, Chesterfield VA 23803","23803","Chesterfield","Single Family Residence","08/13/2021","$189,900","$206,000","3","Resale (occupied at least once)","1952","Perdue Property","1,452","","4","1.0","Public Water","Sewer - Public","FHA New","Individuals"
"501","2116819","766-61-45-07-900-000","CLOSD","19407 Eanes Road, Chesterfield VA 23803","23803","Chesterfield","Single Family Residence","08/13/2021","$195,000","$200,000","8","Resale (occupied at least once)","1972","Franks Branch","1,080","1.00","3","1.1","Well","Septic - Alternative","FHA New","Individuals"
"501","2113974","745-740-7594","CLOSD","1110 Hyde Lane, Henrico VA 23229","23229","Henrico","Townhouse","08/13/2021","$425,000","$425,000","3","Resale (occupied at least once)","2010","Grayson Hill","1,920","0.04","3","2.2","Public Water","Sewer - Public","Conventional","Individuals"
"501","2024774","8728-45-4106","CLOSD","11201 Oakcastle Way, Hanover VA 23116","23116","Hanover","Single Family Residence","08/13/2021","$599,458","$599,458","292","New (never occupied)","2020","Glebe Hill","3,131","1.16","4","3.1","Well","Septic - Conventional","Conventional","Corporate"
"501","2120777","732686651400000","CLOSD","3225 Gannet Lane #Unit142, Chesterfield VA 23112","23112","Chesterfield","Townhouse","08/13/2021","$367,750","$376,999","10","New (never occupied)","2021","Towns at Swift Creek","2,287","","4","3.1","Public Water","Sewer - Public","Conventional","Corporate"
"501","2119981","E010-0195-013","CLOSD","5503 Almond Avenue, Richmond City VA 23231","23231","Richmond City","Single Family Residence","08/13/2021","$245,000","$260,000","4","Resale (occupied at least once)","1961","None","1,478","0.14","3","1.0","Public Water","Sewer - Public","Conventional","Individuals"
"501","2120062","7822-39-9746","CLOSD","15611 Robert Terrell Road, Hanover VA 23192","23192","Hanover","Single Family Residence","08/13/2021","$389,000","$398,700","5","Resale (occupied at least once)","1964","None","1,788","11.65","4","3.0","Well","Septic - Conventional","Conventional","Individuals"
"501","2119390","31-1-0-69-A3","CLOSD","2406 Goodluck Road, Goochland VA 23102","23102","Goochland","Single Family Residence","08/13/2021","$237,000","$250,000","5","Resale (occupied at least once)","1994","None","990","2.28","3","2.0","Well","Septic - Conventional","FHA New","Individuals"
"501","2116263","785-764-5017","CLOSD","1005 Telegraph Station Lane, Henrico VA 23060","23060","Henrico","Single Family Residence","08/13/2021","$309,000","$309,000","26","Resale (occupied at least once)","1998","Telegraph Station","2,135","","4","2.1","Public Water","Sewer - Public","FHA New Assumption","Individuals"
"501","2116151","C005-0686-048","CLOSD","934 Bradley Lane, Richmond City VA 23225","23225","Richmond City","Single Family Residence","08/13/2021","$156,000","$143,000","21","Resale (occupied at least once)","1947","Norwood Park","803","0.21","3","1.0","Public Water","Sewer - Public","Conventional","Individuals"
"501","2121157","737-69-69-52-000-000","CLOSD","1424 Lockett Ridge Road, Chesterfield VA 23114","23114","Chesterfield","Single Family Residence","08/13/2021","$239,900","$255,000","3","Resale (occupied at least once)","1983","Smoketree South","1,322","0.21","3","2.1","Public Water","Sewer - Public","Conventional","Individuals"
"501","2118822","744-71-54-75-800-000","CLOSD","11160 Olympic Road, Chesterfield VA 23235","23235","Chesterfield","Single Family Residence","08/13/2021","$265,000","$270,000","6","Resale (occupied at least once)","1973","Greenfield","1,934","0.26","5","2.0","Public Water","Sewer - Public","Conventional","Individuals"
"501","2120643","816-723-0889","CLOSD","5503 Dendron Drive, Henrico VA 23223","23223","Henrico","Single Family Residence","08/13/2021","$230,000","$240,000","4","Resale (occupied at least once)","1984","Beth Dale","1,510","0.21","3","2.0","Public Water","Sewer - Public","FHA New","Individuals"
"501","2105541","824660083800000","CLOSD","1731 Mainsail Lane, Chesterfield VA 23836","23836","Chesterfield","Single Family Residence","08/13/2021","$451,055","$452,105","78","New (never occupied)","2021","Twin Rivers","2,043","","3","3.0","Public Water","Sewer - Public","Conventional","Corporate"
"501","2120208","8725-16-2084","CLOSD","6932 Turnage Lane, Hanover VA 23111","23111","Hanover","Single Family Residence","08/13/2021","$285,000","$285,000","5","Resale (occupied at least once)","2000","Laurel Meadows","1,793","0.25","3","2.1","Public Water","Sewer - Public","FHA New","Individuals"
"501","2119434","797-61-47-29-500-000","CLOSD","20201 Oakland Avenue, Chesterfield VA 23834","23834","Chesterfield","Single Family Residence","08/13/2021","$198,000","$210,000","3","Resale (occupied at least once)","2007","West Chesterfield Heights","1,032","0.31","3","2.0","Public Water","Sewer - Public","FHA New","Individuals"
"501","2117103","792-64-73-83-000-000","CLOSD","4019 Belspring Road, Chesterfield VA 23831","23831","Chesterfield","Single Family Residence","08/13/2021","$325,000","$330,000","6","Resale (occupied at least once)","1989","Hidden Valley Estates","2,945","0.45","3","2.1","Public Water","Sewer - Public","Conventional","Individuals"
"501","2115820","035A-1F-22-23-24","CLOSD","5698 Tyler Drive, Powhatan VA 23139","23139","Powhatan","Single Family Residence","08/13/2021","$335,000","$335,000","11","Resale (occupied at least once)","2020","Hide-A-Way Lake Estates","1,982","1.00","3","2.0","Well","Septic - Conventional","Conventional","Individuals"
"501","2116946","8706-13-3417","CLOSD","8187 Belton Circle, Hanover VA 23116","23116","Hanover","Single Family Residence","08/13/2021","$320,000","$320,000","4","Resale (occupied at least once)","2008","Rutland","2,320","","3","2.2","Public Water","Sewer - Public","Conventional","Individuals"
"501","2025528","TBD","CLOSD","3638 Bonnie's Way, Powhatan VA 23139","23139","Powhatan","Single Family Residence","08/13/2021","$452,950","$511,291","0","New (never occupied)","2020","Tilmans Farm","3,435","2.48","4","3.1","Well","Septic - Conventional","Conventional","Corporate"
"501","2120801","C006-0494-003","CLOSD","818 Shelby Drive, Richmond City VA 23224","23224","Richmond City","Single Family Residence","08/13/2021","$222,500","$238,000","3","Resale (occupied at least once)","1950","Woodstock","1,731","0.46","4","2.0","Public Water","Sewer - Public","FHA New","Individuals"
"501","2121236","809-64-12-19-300-000","CLOSD","1224 Walthall Creek Drive, Chesterfield VA 23834","23834","Chesterfield","Single Family Residence","08/13/2021","$430,000","$425,000","5","Resale (occupied at least once)","2005","Southcreek","3,209","0.52","5","4.1","Public Water","Sewer - Public","VA New","Individuals"
"501","2118906","727-70-31-93-500-260","CLOSD","734 Bristol Village Drive #Unit104, Chesterfield VA 23114","23114","Chesterfield","Condominium","08/13/2021","$181,000","$182,000","8","Resale (occupied at least once)","2005","None","1,087","21.97","2","2.0","Public Water","Sewer - Public","Cash","Individuals"
"501","2120441","804-729-9561","CLOSD","2623 Grand Glen Road, Henrico VA 23223","23223","Henrico","Single Family Residence","08/13/2021","$290,000","$290,000","4","Resale (occupied at least once)","2003","Glenwood Lakes","2,242","0.25","4","2.1","Public Water","Sewer - Public","Conventional","Individuals"
"501","2119150","819-64-42-79-200-000","CLOSD","14212 Elkington Drive, Chesterfield VA 23836","23836","Chesterfield","Single Family Residence","08/13/2021","$400,000","$411,000","6","Resale (occupied at least once)","2005","Montclair@Southbend","2,904","0.57","5","3.1","Public Water","Sewer - Public","VA New","Individuals"
"501","2122879","800-729-8528","CLOSD","111 St Claire Lane, Henrico VA 23223","23223","Henrico","Single Family Residence","08/13/2021","$90,000","$90,000","0","Resale (occupied at least once)","1939","Montezuma Farms","1,608","0.53","3","1.0","Public Water","Sewer - Public","Cash","Estate"
"501","2121891","817-728-2088","CLOSD","206 Evergreen Avenue, Henrico VA 23223","23223","Henrico","Single Family Residence","08/13/2021","$229,000","$229,000","4","Resale (occupied at least once)","2002","Bungalow City","1,040","0.23","3","2.0","Public Water","Sewer - Public","FHA New","Individuals"
"501","2121844","791-68-39-25-300-000","CLOSD","2407 Aberdeen Road, Chesterfield VA 23237","23237","Chesterfield","Single Family Residence","08/13/2021","$264,950","$285,000","6","Resale (occupied at least once)","1950","Bensley","1,982","0.42","4","2.0","Public Water","Sewer - Public","Cash","Individuals"
"501","2121672","19G1 31A   5","CLOSD","7489 South Franklins Way, New Kent VA 23141","23141","New Kent","Single Family Residence","08/13/2021","$335,000","$345,000","6","Resale (occupied at least once)","2011","Patriots Landing","2,146","0.15","3","2.1","Public Water","Sewer - Public","Cash","Individuals"
"501","2121609","725-68-42-06-000-000","CLOSD","3314 Shallowford Trace, Chesterfield VA 23112","23112","Chesterfield","Single Family Residence","08/13/2021","$450,000","$550,000","4","Resale (occupied at least once)","1981","Shallowford Trace","2,104","0.26","3","2.1","Public Water","Sewer - Public","Conventional","Estate, Individuals"
"501","2121529","789-64-21-80-500-000","CLOSD","14005 Twin Cedars Court, Chesterfield VA 23831","23831","Chesterfield","Single Family Residence","08/13/2021","$289,900","$295,000","2","Resale (occupied at least once)","1992","Stoney Glen","2,100","0.28","4","2.1","Public Water","Sewer - Public","VA New","Individuals"
"501","2121346","724-64-52-73-100-000","CLOSD","14101 Princess Mary Road, Chesterfield VA 23838","23838","Chesterfield","Single Family Residence","08/13/2021","$399,900","$415,000","4","Resale (occupied at least once)","1992","Windsor Park","2,778","1.01","5","2.1","Public Water","Septic - Conventional","VA New","Individuals"
"501","2121284","776-67-74-99-400-000","CLOSD","7100 O'Malley Drive, Chesterfield VA 23234","23234","Chesterfield","Single Family Residence","08/13/2021","$275,000","$285,000","6","Resale (occupied at least once)","1987","Stonebridge","1,896","0.23","3","2.0","Public Water","Sewer - Public","Conventional","Individuals"
"501","2121274","760-753-8081.034","CLOSD","3109 North Parham Road #Unit34, Henrico VA 23294","23294","Henrico","Townhouse","08/13/2021","$139,950","$139,000","15","Resale (occupied at least once)","1964","Westshire On Parham Condos","863","0.02","2","1.0","Public Water","Sewer - Public","Cash","Individuals"
"501","2121176","8743-98-6987","CLOSD","6016 Swans Lane, Hanover VA 23111","23111","Hanover","Single Family Residence","08/13/2021","$669,950","$670,000","18","Resale (occupied at least once)","2014","Tarwood Estates","3,400","5.70","4","4.0","Well","Septic - Conventional","Cash","Individuals"
"501","2121102","733-69-77-50-500-000","CLOSD","1030 Ashbrook Landing Terrace, Chesterfield VA 23114","23114","Chesterfield","Single Family Residence","08/13/2021","$335,000","$345,000","4","Resale (occupied at least once)","1986","Ashbrook Landing","1,981","0.23","4","2.1","Public Water","Sewer - Public","VA New","Individuals"
"501","2120980","828-721-7339","CLOSD","1432 Fortingale Circle, Henrico VA 23150","23150","Henrico","Single Family Residence","08/13/2021","$237,900","$246,000","5","Resale (occupied at least once)","1977","Fair Oaks Terrace","1,368","0.28","4","2.0","Public Water","Sewer - Public","Conventional","Individuals"
"501","2120933","746-747-2667","CLOSD","1620 Heritage Hill Drive, Henrico VA 23238","23238","Henrico","Townhouse","08/13/2021","$219,950","$240,000","2","Resale (occupied at least once)","1980","Heritage Hill Raintree","1,280","0.04","3","1.1","Public Water","Sewer - Public","Conventional","Individuals"
"501","2120924","745-69-20-33-000-000","CLOSD","2108 Condrey Ridge Drive, Chesterfield VA 23236","23236","Chesterfield","Single Family Residence","08/13/2021","$192,500","$205,000","3","Resale (occupied at least once)","1981","Solar II","920","0.27","3","1.0","Public Water","Sewer - Public","VHDA ","Individuals"
"501","2120875","784-67-13-81-100-000","CLOSD","8813 Hawkbill Road, Chesterfield VA 23237","23237","Chesterfield","Single Family Residence","08/13/2021","$229,000","$237,000","5","Resale (occupied at least once)","1985","Oak Run","1,308","0.37","3","2.0","Public Water","Sewer - Public","Conventional","Individuals"
"501","2120845","767-752-1844","CLOSD","7511 Willow Crossing Terrace, Henrico VA 23228","23228","Henrico","Townhouse","08/13/2021","$289,900","$298,000","6","Resale (occupied at least once)","2007","Willow Run","1,912","0.07","3","2.1","Public Water","Sewer - Public","Conventional","Individuals"
"501","2120811","793-66-05-90-300-000","CLOSD","3206 Ludgate Road, Chesterfield VA 23831","23831","Chesterfield","Single Family Residence","08/13/2021","$289,900","$317,500","3","Resale (occupied at least once)","1998","Summit Point","1,902","0.55","3","2.1","Public Water","Sewer - Public","Conventional","Individuals"
"501","2120810","782-744-6132","CLOSD","5315 Bloomingdale Avenue, Henrico VA 23228","23228","Henrico","Single Family Residence","08/13/2021","$214,950","$215,000","8","Resale (occupied at least once)","1953","Bloomingdale","900","0.17","2","1.0","Public Water","Sewer - Public","Conventional","Individuals"
"501","2120800","753-757-3450","CLOSD","9940 Whitney Circle, Henrico VA 23233","23233","Henrico","Townhouse","08/13/2021","$187,000","$203,000","8","Resale (occupied at least once)","1988","Pemberton Green","1,220","0.06","3","1.1","Public Water","Sewer - Public","Conventional","Individuals"
"501","2120743","041A-1C-4","CLOSD","2135 Urbine Road, Powhatan VA 23139","23139","Powhatan","Single Family Residence","08/13/2021","$469,950","$530,000","3","Resale (occupied at least once)","2018","Oak Hill","2,448","1.65","5","3.0","Well","Septic - Conventional","Conventional","Individuals"
"501","2120573","736-70-00-78-000-000","CLOSD","12413 Queensgate Road, Chesterfield VA 23114","23114","Chesterfield","Single Family Residence","08/13/2021","$400,000","$425,000","4","Resale (occupied at least once)","1991","Walton Park","2,728","0.35","4","2.1","Public Water","Sewer - Public","Conventional","Individuals"
"501","2120533","746-67-86-49-600-000","CLOSD","10613 Ridgerun Road, Chesterfield VA 23832","23832","Chesterfield","Single Family Residence","08/13/2021","$250,000","$251,000","5","Resale (occupied at least once)","1987","Great Oaks","1,612","0.27","3","2.1","Public Water","Sewer - Public","FHA New","Corporate"
"501","2120482","E000-0776-023","CLOSD","1406 North 22nd Street, Richmond City VA 23223","23223","Richmond City","Single Family Residence","08/13/2021","$270,000","$270,000","4","Resale (occupied at least once)","1910","Armstrong","1,760","0.09","4","2.0","Public Water","Sewer - Public","Conventional","Individuals"
"501","2120426","S000-1582-006","CLOSD","3054 Lawson Street, Richmond City VA 23234","23234","Richmond City","Single Family Residence","08/13/2021","$130,000","$125,000","13","Resale (occupied at least once)","1920","Swansboro","1,128","0.09","3","2.0","Public Water","Sewer - Public","Cash","Other"
"501","2120402","C008-1265-032","CLOSD","4221 Bathgate Road, Richmond City VA 23234","23234","Richmond City","Single Family Residence","08/13/2021","$330,000","$340,000","2","Resale (occupied at least once)","2006","Adams Park","2,597","0.45","4","2.1","Public Water","Sewer - Public","Conventional","Individuals"
"501","2120249","709-69-98-28-600-000","CLOSD","16618 Saville Chase Road, Chesterfield VA 23112","23112","Chesterfield","Single Family Residence","08/13/2021","$935,000","$975,000","7","Resale (occupied at least once)","2020","Hallsley","4,037","0.43","4","4.1","Public Water","Sewer - Public","Conventional","Individuals"
"1001","2120186","746-69-37-34-400-000","CLOSD","2029 Cadillac Trail, Chesterfield VA 23236","23236","Chesterfield","Single Family Residence","08/13/2021","$250,000","$300,000","5","Resale (occupied at least once)","1966","Arrowhead","1,611","0.39","3","2.0","Public Water","Septic - Conventional","Cash","Individuals"
"1001","2120133","790-747-0283","CLOSD","5452 Afton Overlook, Henrico VA 23227","23227","Henrico","Single Family Residence","08/13/2021","$294,900","$296,000","15","Resale (occupied at least once)","2001","Afton","1,946","0.21","3","2.1","Public Water","Sewer - Public","Conventional","Corporate"
"1001","2120100","800-735-9894","CLOSD","3807 Austin Avenue, Henrico VA 23222","23222","Henrico","Single Family Residence","08/13/2021","$175,900","$140,000","11","Resale (occupied at least once)","1948","Pleasant View","1,260","0.23","3","1.1","Public Water","Sewer - Public","Conventional","Individuals"
"1001","2120010","028A1-1M-15A","CLOSD","2926 Janet Lane, Powhatan VA 23139","23139","Powhatan","Single Family Residence","08/13/2021","$209,900","$225,000","8","Resale (occupied at least once)","1969","Red Lane","1,344","1.00","3","1.1","Well","Septic - Conventional","VHDA ","Individuals"
"1001","2119963","731-754-7947","CLOSD","12403 New Point Drive, Henrico VA 23233","23233","Henrico","Townhouse","08/13/2021","$248,000","$260,000","8","Resale (occupied at least once)","1985","Harbour Cove Townhouses","1,466","0.05","2","2.1","Public Water","Sewer - Public","Cash","Individuals"
"1001","2119882","765-762-4114","CLOSD","9801 Hastings Mill Drive, Henrico VA 23060","23060","Henrico","Single Family Residence","08/13/2021","$465,000","$490,000","12","Resale (occupied at least once)","1992","Brittany","2,705","0.28","5","2.1","Public Water","Sewer - Public","Conventional","Individuals"
"1001","2119839","794-61-76-24-700-000","CLOSD","19619 Walker Avenue, Chesterfield VA 23834","23834","Chesterfield","Single Family Residence","08/13/2021","$213,000","$236,000","6","Resale (occupied at least once)","2008","Dupuy Court","1,056","0.24","3","2.0","Public Water","Sewer - Public","FHA New","Individuals"
"1001","2119750","N000-2178-024","CLOSD","4009 Mount Vernon Street, Richmond City VA 23227","23227","Richmond City","Single Family Residence","08/13/2021","$525,000","$570,000","3","Resale (occupied at least once)","1938","Bellevue","2,271","0.15","3","2.1","Public Water","Sewer - Public","Conventional","Individuals"
"1001","2119728","786-64-31-80-900-000","CLOSD","14218 Beachmere Drive, Chesterfield VA 23831","23831","Chesterfield","Single Family Residence","08/13/2021","$415,000","$415,000","5","Resale (occupied at least once)","2002","Stoney Glen South","2,886","0.39","4","3.1","Public Water","Sewer - Public","VHDA/FHA","Individuals"
"1001","2119676","748-70-39-93-100-000","CLOSD","10007 Silverleaf Terrace, Chesterfield VA 23236","23236","Chesterfield","Single Family Residence","08/13/2021","$274,900","$275,000","17","Resale (occupied at least once)","1979","Reams Run","1,942","0.36","3","2.0","Public Water","Sewer - Public","VA New","Individuals"
"1001","2119664","782-746-1754","CLOSD","5804 Bloomingdale Avenue, Henrico VA 23228","23228","Henrico","Single Family Residence","08/13/2021","$319,950","$320,000","7","Resale (occupied at least once)","1948","Bloomingdale","1,509","0.16","3","2.1","Public Water","Sewer - Public","Conventional","Corporate"
"1001","2119654","777-755-0670","CLOSD","2211 Wolverine Drive, Henrico VA 23228","23228","Henrico","Single Family Residence","08/13/2021","$325,000","$319,000","19","Resale (occupied at least once)","1976","Valentine Hills","2,080","0.44","4","3.1","Public Water","Sewer - Public","Conventional","Individuals"
"1001","2119598","756-70-26-84-400-000","CLOSD","750 Eastwood Drive, Chesterfield VA 23236","23236","Chesterfield","Single Family Residence","08/13/2021","$285,000","$285,000","12","Resale (occupied at least once)","1984","Solar I","1,556","0.25","3","2.1","Public Water","Sewer - Public","Conventional","Other"
"1001","2119582","7798-51-8366","CLOSD","9208 Fair Hill Place, Hanover VA 23116","23116","Hanover","Single Family Residence","08/13/2021","$399,500","$390,000","17","Resale (occupied at least once)","1990","Fox Head","2,228","0.39","4","2.1","Public Water","Sewer - Public","Conventional","Individuals"
"1001","2119466","765-773-8551","CLOSD","3413 Manor Grove Circle, Henrico VA 23059","23059","Henrico","Single Family Residence","08/13/2021","$449,950","$449,950","2","Resale (occupied at least once)","2005","The Manor At Hunton Park","2,301","0.21","3","2.2","Public Water","Sewer - Public","Conventional","Individuals"
"1001","2119454","829-714-2564","CLOSD","309 Green Hollow Lane, Henrico VA 23150","23150","Henrico","Single Family Residence","08/13/2021","$269,900","$280,500","18","Resale (occupied at least once)","2003","Hunters Run","1,927","0.29","4","2.1","Public Water","Sewer - Public","Conventional","Corporate, Other, REO"
"1001","2119420","732-68-07-52-600-000","CLOSD","12914 Red Chestnut Drive, Chesterfield VA 23112","23112","Chesterfield","Single Family Residence","08/13/2021","$325,000","$335,000","6","Resale (occupied at least once)","1986","Nuttree","2,052","0.56","4","3.0","Public Water","Sewer - Public","Conventional","Individuals"
"1001","2119391","743-68-43-57-000-000","CLOSD","3515 Banana Lane, Chesterfield VA 23112","23112","Chesterfield","Single Family Residence","08/13/2021","$282,000","$282,000","2","Resale (occupied at least once)","2016","Genito Townes","1,796","0.07","3","2.1","Public Water","Sewer - Public","Conventional","Individuals"
"1001","2119385","774-66-17-24-000-000","CLOSD","9913 Oldbern Court, Chesterfield VA 23832","23832","Chesterfield","Single Family Residence","08/13/2021","$279,999","$275,000","10","Resale (occupied at least once)","1993","Holly Trace","2,002","0.44","4","2.0","Public Water","Sewer - Public","Conventional","Individuals"
"1001","2119261","7870-85-8743","CLOSD","710 Henry Street, Hanover VA 23005","23005","Hanover","Single Family Residence","08/13/2021","$239,950","$239,950","7","Resale (occupied at least once)","1940","None","1,144","0.48","3","1.1","Public Water","Sewer - Public","Conventional","Individuals"
"1001","2119185","759-67-76-17-400-000","CLOSD","6020 Cascade Creek Place, Chesterfield VA 23832","23832","Chesterfield","Single Family Residence","08/13/2021","$435,000","$442,000","7","Resale (occupied at least once)","2014","Cascade Creek","2,490","0.36","4","3.0","Public Water","Sewer - Public","Cash","Individuals"
"1001","2119180","730-66-83-02-800-000","CLOSD","7424 Secretariat Drive, Chesterfield VA 23112","23112","Chesterfield","Single Family Residence","08/13/2021","$289,950","$320,000","6","Resale (occupied at least once)","1992","Deer Run","1,884","0.35","4","2.0","Public Water","Sewer - Public","Conventional","Corporate"
"1001","2119021","747-67-92-07-900-000","CLOSD","5018 Rollingway Road, Chesterfield VA 23832","23832","Chesterfield","Single Family Residence","08/13/2021","$249,950","$265,000","4","Resale (occupied at least once)","1980","Great Oaks","1,680","0.33","3","1.1","Public Water","Sewer - Public","VHDA ","Individuals"
"1001","2119003","763-757-0342","CLOSD","7814 Fitzgerald Court, Henrico VA 23228","23228","Henrico","Townhouse","08/13/2021","$179,950","$195,000","4","Resale (occupied at least once)","1988","Summer Hill","980","0.07","2","1.1","Public Water","Sewer - Public","Conventional","Individuals"
"1001","2118650","8743-48-1870","CLOSD","6480 White Oak Ridge Drive, Hanover VA 23111","23111","Hanover","Single Family Residence","08/13/2021","$449,900","$523,000","3","Resale (occupied at least once)","1999","None","2,229","6.37","4","2.1","Well","Septic - Conventional","Conventional","Individuals"
"1001","2118584","714-69-38-04-600-000","CLOSD","15524 Cedarville Drive, Chesterfield VA 23112","23112","Chesterfield","Single Family Residence","08/13/2021","$446,900","$446,900","23","New (never occupied)","2020","Rountrey","2,000","0.18","3","2.1","Public Water","Sewer - Public","Conventional","Other"
"1001","2118459","764-744-5304","CLOSD","1615 Glenside Drive, Henrico VA 23226","23226","Henrico","Single Family Residence","08/13/2021","$210,000","$230,000","7","Resale (occupied at least once)","1950","Fort Hill","1,084","0.26","2","1.0","Public Water","Sewer - Public","Conventional","Individuals"
"1001","2118406","8706-07-3939","CLOSD","9468 Seayfield Lane, Hanover VA 23116","23116","Hanover","Single Family Residence","08/13/2021","$430,000","$430,000","6","Resale (occupied at least once)","2017","Cool Spring West","2,710","0.13","4","3.0","Public Water","Sewer - Public","Conventional","Relocation"
"1001","2118378","709-68-43-68-000-000","CLOSD","16937 Jennway Terrace, Chesterfield VA 23120","23120","Chesterfield","Single Family Residence","08/13/2021","$575,000","$550,000","14","Resale (occupied at least once)","2006","Summer Lake","3,904","0.33","6","5.0","Public Water","Sewer - Public","Conventional","Individuals"
"1001","2118204","746-71-24-74-800-000","CLOSD","1816 Red Queen Court, Chesterfield VA 23235","23235","Chesterfield","Single Family Residence","08/13/2021","$315,000","$330,000","16","Resale (occupied at least once)","1976","Settlers Landing","2,148","0.19","4","2.1","Public Water","Sewer - Public","Conventional","Individuals"
"1001","2118182","W000-0906-010","CLOSD","2005 Stuart Avenue, Richmond City VA 23220","23220","Richmond City","Single Family Residence","08/13/2021","$985,000","$1,000,000","5","Resale (occupied at least once)","1911","None","3,180","0.08","3","2.1","Public Water","Sewer - Public","Cash","Individuals"
"1001","2118172","8715-98-8098","CLOSD","8426 Lee Davis Road, Hanover VA 23116","23116","Hanover","Single Family Residence","08/13/2021","$564,950","$564,950","9","Resale (occupied at least once)","2001","Hill Meadows","3,009","1.02","4","2.1","Well","Septic - Conventional","Conventional","Individuals"
"1001","2118074","734-758-1438","CLOSD","13017 Densmore Court, Henrico VA 23233","23233","Henrico","Single Family Residence","08/13/2021","$390,000","$410,000","14","Resale (occupied at least once)","1990","Ridgemere At Wellesley","2,014","0.21","4","2.1","Public Water","Sewer - Public","FHA New","Individuals"
"1001","2117963","747-742-0913","CLOSD","1005 Lakewater Drive, Henrico VA 23229","23229","Henrico","Single Family Residence","08/13/2021","$319,500","$365,000","2","Resale (occupied at least once)","1967","Westmoor","2,032","0.53","3","2.1","Public Water","Sewer - Public","Conventional","Individuals"
"1001","2117902","8716-02-5616","CLOSD","9136 Robin Ridge Drive, Hanover VA 23116","23116","Hanover","Single Family Residence","08/13/2021","$369,900","$400,000","4","Resale (occupied at least once)","2004","Robin Ridge","2,126","0.70","3","2.1","Public Water","Septic - Alternative","FHA New","Individuals"
"1001","2117630","754-748-2104","CLOSD","1804 North Parham Road, Henrico VA 23229","23229","Henrico","Single Family Residence","08/13/2021","$257,000","$267,000","29","Resale (occupied at least once)","1947","None","1,735","0.37","3","2.1","Public Water","Sewer - Public","FHA New","Individuals"
"1001","2117395","W019-0233-002","CLOSD","4503 Leonard Parkway, Richmond City VA 23221","23221","Richmond City","Single Family Residence","08/13/2021","$689,000","$640,000","19","Resale (occupied at least once)","1940","Colonial Place","2,900","0.24","4","3.1","Public Water","Sewer - Public","Conventional","Individuals"
"1001","2117106","824-64-34-88-800-000","CLOSD","1705 Florence Avenue, Chesterfield VA 23836","23836","Chesterfield","Single Family Residence","08/13/2021","$299,000","$299,000","13","Resale (occupied at least once)","1966","Prestwould Farms","1,989","0.35","4","2.0","Public Water","Sewer - Public","VA New","Individuals"
"1001","2117056","7870-80-3414","CLOSD","117 Arlington Square, Hanover VA 23005","23005","Hanover","Townhouse","08/13/2021","$200,000","$207,000","4","Resale (occupied at least once)","1990","Arlington Square","1,140","0.03","2","2.1","Public Water","Sewer - Public","FHA New","Individuals"
"1001","2116167","7769-96-5497","CLOSD","12321 Short Street, Hanover VA 23005","23005","Hanover","Single Family Residence","08/13/2021","$285,000","$317,000","10","Resale (occupied at least once)","1974","Oak Hill Estates","2,108","0.46","4","3.0","Public Water","Sewer - Public","Conventional","Individuals"
"1001","2115968","10        45F","CLOSD","10150 Tunstall Road, New Kent VA 23124","23124","New Kent","Single Family Residence","08/13/2021","$429,000","$424,000","4","Resale (occupied at least once)","1995","None","2,434","5.00","3","2.1","Well","Septic - Conventional","Cash","Individuals"
"1001","2115704","716-68-49-26-400-000","CLOSD","15213 Heron Pointe Way, Chesterfield VA 23120","23120","Chesterfield","Single Family Residence","08/13/2021","$775,000","$800,000","8","Resale (occupied at least once)","2008","Heron Pointe At Swift Creek","3,191","0.24","3","3.1","Public Water","Sewer - Public","Cash","Individuals"
"1001","2115069","C008-0411-026","CLOSD","5744 Berrywood Road, Richmond City VA 23224","23224","Richmond City","Single Family Residence","08/13/2021","$214,950","$227,450","3","Resale (occupied at least once)","1955","Woodberry","1,544","0.28","3","2.0","Public Water","Sewer - Public","FHA New","Individuals"
"1001","2115006","746-751-3255","CLOSD","9889 Ridgefield Parkway, Henrico VA 23233","23233","Henrico","Single Family Residence","08/13/2021","$475,000","$465,000","28","Resale (occupied at least once)","2004","Raintree East","3,607","0.32","5","3.1","Public Water","Sewer - Public","Conventional","Individuals"
"1001","2114298","731-756-0486","CLOSD","12312 Sentury Meadow Drive, Henrico VA 23233","23233","Henrico","Single Family Residence","08/13/2021","$575,000","$575,000","30","Resale (occupied at least once)","1987","The Colonies At Wilde Lake","3,080","0.61","5","2.1","Public Water","Sewer - Public","Conventional","Individuals"
"1001","2113764","711-68-40-34-800-000","CLOSD","4519 Starlee Drive, Chesterfield VA 23120","23120","Chesterfield","Single Family Residence","08/13/2021","$565,000","$562,000","56","Resale (occupied at least once)","2003","Summer Lake","4,420","0.30","5","4.1","Public Water","Sewer - Public","Conventional","Individuals"
"1001","2112799","739-772-0627.067","CLOSD","4908 Grey Oaks Villas Drive, Henrico VA 23059","23059","Henrico","Condominium","08/13/2021","$609,500","$640,000","4","Resale (occupied at least once)","2012","The Villas @ Grey Oaks","2,720","","3","2.1","Public Water","Sewer - Public","Cash","Individuals"
"1001","2112786","742-760-3645","CLOSD","2412 Liesfeld, Henrico VA 23060","23060","Henrico","Townhouse","08/13/2021","$554,500","$542,500","37","Resale (occupied at least once)","2013","West Broad Village","2,828","0.03","4","4.1","Public Water","Sewer - Public","Conventional","Individuals"
"1001","2110455","776-747-6935","CLOSD","2902 Kenwood Avenue, Henrico VA 23228","23228","Henrico","Single Family Residence","08/13/2021","$275,000","$277,000","10","Resale (occupied at least once)","1950","Pinehurst Gardens","2,301","0.25","3","2.0","Public Water","Sewer - Public","VA New","Individuals"
"1001","2109106","711-660-1281-00000","CLOSD","9018 Forge Gate Lane, Chesterfield VA 23838","23838","Chesterfield","Single Family Residence","08/13/2021","$599,950","$599,316","16","New (never occupied)","2021","Harpers Mill","3,210","0.36","5","3.1","Public Water","Sewer - Public","Conventional","Corporate"
"1001","2104579","C009-0496-013","CLOSD","4507 Norborne Road, Richmond City VA 23234","23234","Richmond City","Single Family Residence","08/13/2021","$178,000","$180,000","35","Resale (occupied at least once)","1980","Chatsworth","1,056","0.18","3","2.0","Public Water","Sewer - Public","FHA New","Individuals"
"1001","2101587","W021-0301-011","CLOSD","6315 Three Chopt Road, Richmond City VA 23226","23226","Richmond City","Single Family Residence","08/13/2021","$1,645,000","$1,280,000","89","Resale (occupied at least once)","1990","None","7,046","0.61","6","5.2","Public Water","Sewer - Public","Conventional","Individuals"
"1001","2025057","7870-05-8699","CLOSD","13166 Luck Brothers Drive, Hanover VA 23005","23005","Hanover","Single Family Residence","08/13/2021","$573,843","$590,490","85","New (never occupied)","2020","None","2,572","1.00","4","2.1","Well","Septic - Conventional","Conventional","Corporate"
"1001","REIN10389410","21E 1 A 1","CLOSD","5601 Quinton Estates Drive, New Kent VA 23141","23141","New Kent","Single Family Residence","08/13/2021","$320,000","$327,000","18","Resale (occupied at least once)","1994","QUINTON ESTATES","1,636","0.58","4","2.0","Public Water","Septic","",""
"1001","REIN10387156","384","CLOSD","17601 Stage Road, New Kent VA 23011","23011","New Kent","Single Family Residence","08/13/2021","$475,000","$435,000","1","Resale (occupied at least once)","1994","ALL OTHERS AREA 140","2,176","6.34","3","3.0","Well","Septic","",""
"1001","REIN10383393","54-61","CLOSD","11621 Mapsico Road, Charles City County VA 23030","23030","Charles City County","Single Family Residence","08/13/2021","$260,000","$246,000","12","Resale (occupied at least once)","2002","ALL OTHERS AREA 142","2,100","2.30","3","3.0","Well","Septic","",""
"1001","2112890","E011-0205-014","CLOSD","1823 Carlisle Avenue, Richmond City VA 23231","23231","Richmond City","Single Family Residence","08/14/2021","$184,950","$184,950","32","Resale (occupied at least once)","1951","Montrose Heights","904","0.18","3","1.0","Public Water","Sewer - Public","Conventional","Individuals"
"1001","2120749","775-766-3220","CLOSD","10620 Marions Place, Henrico VA 23060","23060","Henrico","Condominium","08/14/2021","$329,500","$331,500","6","Resale (occupied at least once)","2016","Townes At Woodman","1,911","0.07","3","3.1","Public Water","Sewer - Public","Conventional","Individuals"
"1001","2119783","N000-1264-010","CLOSD","3302 Delaware Avenue, Richmond City VA 23222","23222","Richmond City","Single Family Residence","08/16/2021","$399,950","$410,000","7","Resale (occupied at least once)","1946","Highland Park","2,350","0.16","4","3.0","Public Water","Sewer - Public","Conventional","Corporate"
"1001","2119779","E000-0802-020","CLOSD","1217 North 32nd Street, Richmond City VA 23223","23223","Richmond City","Single Family Residence","08/16/2021","$349,950","$349,950","6","Resale (occupied at least once)","1900","None","1,696","0.09","3","2.1","Public Water","Sewer - Public","Conventional","Individuals"
"1001","2121226","754-68-94-17-800-000","CLOSD","3521 Lockshire Drive, Chesterfield VA 23236","23236","Chesterfield","Single Family Residence","08/16/2021","$270,000","$291,000","6","Resale (occupied at least once)","1964","Lake George Hamlet","2,314","0.78","3","2.0","Public Water","Septic - Conventional","Conventional","Individuals"
"1001","2117077","799-63-55-13-700-000","CLOSD","16105 Tipton Court, Chesterfield VA 23834","23834","Chesterfield","Single Family Residence","08/16/2021","$199,900","$215,000","5","Resale (occupied at least once)","1992","Wendover Hills","1,296","0.20","4","2.0","Public Water","Sewer - Public","VHDA ","Individuals"
"1001","2116186","755-70-26-71-800-000","CLOSD","622 Claypool Court, Chesterfield VA 23236","23236","Chesterfield","Single Family Residence","08/16/2021","$350,000","$365,000","6","Resale (occupied at least once)","1978","Scottingham","2,502","0.75","4","2.1","Public Water","Sewer - Public","Conventional","Individuals"
"1001","2117203","723-69-19-20-000-000","CLOSD","14306 Birnam Woods Drive, Chesterfield VA 23112","23112","Chesterfield","Single Family Residence","08/16/2021","$385,000","$406,000","10","Resale (occupied at least once)","1985","Brandermill","2,300","0.26","5","2.1","Public Water","Sewer - Public","Conventional","Individuals"
"1001","2117363","8725-63-9539","CLOSD","6148 Winding Hills Drive, Hanover VA 23111","23111","Hanover","Single Family Residence","08/16/2021","$249,950","$256,000","7","Resale (occupied at least once)","1994","Battlefield Green","1,200","0.14","3","2.0","Public Water","Sewer - Public","FHA New","Individuals"
"1001","2116497","051A-3-5","CLOSD","3666 Quarter Mill Drive, Powhatan VA 23139","23139","Powhatan","Single Family Residence","08/16/2021","$599,900","$599,900","12","Resale (occupied at least once)","2004","Quarter Mill","4,414","2.82","5","3.1","Well","Septic - Conventional","Conventional","Individuals"
"1001","2036926","8706-67-7611","CLOSD","8182 Saint Emilion Court, Hanover VA 23116","23116","Hanover","Single Family Residence","08/16/2021","$395,740","$395,740","2","New (never occupied)","2020","Timberlake Commons","2,838","","4","3.1","Public Water","Sewer - Public","Conventional","Corporate"
"1001","2032066","713-67-19-79-300-000","CLOSD","6873 Leire Lane, Chesterfield VA 23832","23832","Chesterfield","Townhouse","08/16/2021","$320,950","$330,298","21","New (never occupied)","2021","Cosby Village Townhomes","2,163","","3","2.1","Public Water","Sewer - Public","Conventional","Corporate"
"1001","2121054","C005-0603-148","CLOSD","6708 North Grand Brook Circle, Richmond City VA 23225","23225","Richmond City","Townhouse","08/16/2021","$209,000","$225,500","4","Resale (occupied at least once)","2007","Townes At Grand Oaks","1,360","0.04","3","2.1","Public Water","Sewer - Public","Conventional","Individuals"
"1001","2118195","740-776-5810","CLOSD","12101 Heatherford Place, Henrico VA 23059","23059","Henrico","Single Family Residence","08/16/2021","$750,000","$728,000","6","Resale (occupied at least once)","2003","Edgemoor","4,768","0.35","5","5.1","Public Water","Sewer - Public","Conventional","Individuals"
"1001","2113129","727-66-51-48-100-000","CLOSD","8807 Emerald Dunes Circle, Chesterfield VA 23832","23832","Chesterfield","Single Family Residence","08/16/2021","$299,000","$310,000","2","Resale (occupied at least once)","2001","Birkdale","2,083","0.28","4","2.0","Public Water","Sewer - Public","VHDA/FHA","Individuals"
"1001","2104478","767-751-2958","CLOSD","4623 Wistar Creek Drive #UnitA, Henrico VA 23228","23228","Henrico","Condominium","08/16/2021","$302,883","$302,883","16","New (never occupied)","2021","Wistar Glen","1,524","","3","2.1","Public Water","Sewer - Public","Conventional","Corporate"
"1001","2118625","790-66-26-17-800-000","CLOSD","10018 Ethens Castle Drive, Chesterfield VA 23831","23831","Chesterfield","Single Family Residence","08/16/2021","$314,900","$340,000","5","Resale (occupied at least once)","2012","Brooks Chapel","2,264","0.27","4","2.1","Public Water","Sewer - Public","Conventional","Individuals"
"1001","2116266","761-61-94-32-700-000","CLOSD","9343 Graves Road, Chesterfield VA 23803","23803","Chesterfield","Single Family Residence","08/16/2021","$410,000","$431,500","6","Resale (occupied at least once)","1992","None","1,668","14.89","3","2.0","Well","Septic - Conventional","Conventional","Individuals"
"1001","2104169","737679954100013","CLOSD","4100 Maze Runner Drive #Unit301, Chesterfield VA 23112","23112","Chesterfield","Condominium","08/16/2021","$227,990","$227,990","21","New (never occupied)","2021","Wescott","1,156","","2","2.0","Public Water","Sewer - Public","FHA New","Corporate"
"1001","2114850","47-1-0-48-0","CLOSD","2038 Rockville Road, Goochland VA 23146","23146","Goochland","Single Family Residence","08/16/2021","$850,000","$815,000","28","Resale (occupied at least once)","1986","Wingmead","2,998","9.06","4","3.1","Well","Septic - Conventional","Conventional","Estate"
"1001","2121756","744-68-97-34-900-000","CLOSD","2418 Sunset Hills Terrace, Chesterfield VA 23236","23236","Chesterfield","Single Family Residence","08/16/2021","$249,999","$265,000","2","Resale (occupied at least once)","1986","Brandon","1,298","0.27","3","2.0","Public Water","Sewer - Public","Cash","Individuals"
"1001","2117790","E000-0162-045","CLOSD","209 North 19th Street #UnitU32, Richmond City VA 23223","23223","Richmond City","Condominium","08/16/2021","$184,950","$180,000","23","Resale (occupied at least once)","1908","Shockoe Valley Lofts","778","0.02","1","1.0","Public Water","Sewer - Public","Conventional","Individuals"
"1001","2121007","736-754-0452","CLOSD","12905 Copperas Lane, Henrico VA 23233","23233","Henrico","Single Family Residence","08/16/2021","$280,000","$281,000","3","Resale (occupied at least once)","1987","Copperas Creek","1,497","0.14","3","2.0","Public Water","Sewer - Public","FHA New","Individuals"
"1001","2118034","C004-0289-010","CLOSD","7724 Turf Lane, Richmond City VA 23225","23225","Richmond City","Single Family Residence","08/16/2021","$439,000","$439,000","4","Resale (occupied at least once)","1959","Cherokee Estates","2,081","0.54","3","2.0","Public Water","Sewer - Public","Conventional","Individuals"
"1001","2117589","710-67-45-45-400-000","CLOSD","16401 Rustic Cove Circle, Chesterfield VA 23120","23120","Chesterfield","Single Family Residence","08/16/2021","$615,500","$585,000","38","Resale (occupied at least once)","2010","Foxcreek","3,814","0.42","4","3.1","Public Water","Sewer - Public","Conventional","Individuals"
"1001","2117026","W000-0615-071","CLOSD","1333 West Broad Street #UnitU309, Richmond City VA 23220","23220","Richmond City","Condominium","08/16/2021","$229,000","$222,000","51","Resale (occupied at least once)","1915","Ironhouse Place Condominiums","1,176","0.02","2","2.0","Public Water","Sewer - Public","Cash","Individuals"
"1001","2115291","721-67-81-76-300-000","CLOSD","5508 Standing Oak Place, Chesterfield VA 23112","23112","Chesterfield","Single Family Residence","08/16/2021","$310,000","$322,500","3","Resale (occupied at least once)","1988","Woodlake","1,949","0.23","4","2.1","Public Water","Sewer - Public","Conventional","Individuals"
"1001","2120685","767-65-14-54-700-000","CLOSD","11142 Sterling Cove Drive, Chesterfield VA 23838","23838","Chesterfield","Single Family Residence","08/16/2021","$522,950","$525,000","6","Resale (occupied at least once)","2001","The Highlands","3,517","3.00","5","3.1","Public Water","Septic - Conventional","Conventional","Individuals"
"1001","2122688","C009-0897-014","CLOSD","3613 Bonmark Drive, Richmond City VA 23234","23234","Richmond City","Single Family Residence","08/16/2021","$113,000","$131,500","2","Resale (occupied at least once)","1970","Walmsley Village","980","0.25","3","1.0","Public Water","Sewer - Public","Cash","Individuals"
"1001","2122681","772-736-2709","CLOSD","5201 West Grace Street, Henrico VA 23226","23226","Henrico","Single Family Residence","08/16/2021","$369,000","$350,000","9","Resale (occupied at least once)","1952","North Willow Lawn","1,470","0.25","4","2.0","Public Water","Sewer - Public","Cash","Individuals"
"1001","2122145","755-761-0070","CLOSD","4507 Meredith Creek Drive, Henrico VA 23060","23060","Henrico","Townhouse","08/16/2021","$338,000","$368,000","1","Resale (occupied at least once)","2003","The Townes At Meredith Creek","1,990","0.09","3","2.1","Public Water","Sewer - Public","Conventional","Individuals"
"1001","2121888","7870-84-8306","CLOSD","600 Henry Street, Hanover VA 23005","23005","Hanover","Single Family Residence","08/16/2021","$299,950","$315,000","7","Resale (occupied at least once)","2006","None","1,575","0.17","3","2.1","Public Water","Sewer - Public","Cash","Individuals"
"1001","2121847","7797-63-5540","CLOSD","10180 Durhams Ferry Place, Hanover VA 23116","23116","Hanover","Single Family Residence","08/16/2021","$475,000","$467,500","3","Resale (occupied at least once)","1994","Kings Charter","3,072","0.39","5","3.1","Public Water","Sewer - Public","Conventional","Individuals"
"1001","2121783","763-757-5466","CLOSD","7833 Balineen Court, Henrico VA 23228","23228","Henrico","Townhouse","08/16/2021","$220,000","$226,000","5","Resale (occupied at least once)","1990","Shannon Green","1,440","","2","2.1","Public Water","Sewer - Public","Conventional","Partnership"
"1001","2121558","728-66-58-01-600-000","CLOSD","8224 Ferdinand Lane, Chesterfield VA 23112","23112","Chesterfield","Single Family Residence","08/16/2021","$319,950","$342,000","4","Resale (occupied at least once)","1995","Antler Ridge","1,784","0.37","4","2.1","Public Water","Sewer - Public","FHA New","Individuals"
"1001","2121512","740-68-50-34-100-000","CLOSD","3524 Markey Road, Chesterfield VA 23112","23112","Chesterfield","Single Family Residence","08/16/2021","$300,000","$326,508","5","Resale (occupied at least once)","1974","Genito Estates","2,587","0.59","4","1.1","Public Water","Sewer - Public","Conventional","Individuals"
"1001","2121450","C005-0647-006","CLOSD","6041 Wainwright Drive, Richmond City VA 23225","23225","Richmond City","Single Family Residence","08/16/2021","$99,000","$111,000","3","Resale (occupied at least once)","1947","Westover Park","720","0.22","2","1.0","Public Water","Sewer - Public","Cash","Estate"
"1001","2121432","C005-0647-004","CLOSD","6101 Glenway Drive, Richmond City VA 23225","23225","Richmond City","Single Family Residence","08/16/2021","$106,000","$118,000","3","Resale (occupied at least once)","1947","Westover Park","736","0.36","2","1.0","Public Water","Sewer - Public","Cash","Estate"
"1001","2121363","786-61-19-10-500-000","CLOSD","21104 Warren Avenue, Chesterfield VA 23803","23803","Chesterfield","Single Family Residence","08/16/2021","$199,950","$210,000","2","Resale (occupied at least once)","1973","Old Town Creek","1,269","0.26","3","1.0","Public Water","Sewer - Public","Cash","Individuals"
"1001","2121213","765-65-35-75-200-000","CLOSD","10912 Isadora Drive, Chesterfield VA 23838","23838","Chesterfield","Single Family Residence","08/16/2021","$429,500","$485,000","2","Resale (occupied at least once)","2011","The Highlands","2,806","1.77","4","2.1","Public Water","Septic - Alternative","Conventional","Individuals"
"1001","2121181","785-754-1224","CLOSD","7708 Chamberlayne Avenue, Henrico VA 23227","23227","Henrico","Single Family Residence","08/16/2021","$248,999","$263,000","5","Resale (occupied at least once)","2010","Vaughan Heights","1,208","0.37","3","2.0","Public Water","Sewer - Public","Cash","Individuals"
"1001","2121152","766-69-37-20-700-000","CLOSD","6800 Silliman Drive, Chesterfield VA 23832","23832","Chesterfield","Single Family Residence","08/16/2021","$249,950","$260,000","5","Resale (occupied at least once)","1973","Belmont Hills","1,623","0.44","4","2.0","Public Water","Sewer - Public","Conventional","Individuals"
"1001","2121117","736-67-32-38-100-000","CLOSD","6024 Walking Path Lane, Chesterfield VA 23112","23112","Chesterfield","Single Family Residence","08/16/2021","$300,000","$315,000","4","Resale (occupied at least once)","2006","Cameron Bay","2,170","0.22","5","2.1","Public Water","Sewer - Public","Conventional","Individuals"
"1001","2121041","742-69-20-44-500-000","CLOSD","11330 West Providence Road, Chesterfield VA 23236","23236","Chesterfield","Single Family Residence","08/16/2021","$269,950","$275,000","6","Resale (occupied at least once)","1994","Providence Creek","1,642","0.25","3","2.1","Public Water","Sewer - Public","FHA New","Individuals"
"1001","2121002","767-751-3883","CLOSD","7704 Willow Leaf Court, Henrico VA 23228","23228","Henrico","Townhouse","08/16/2021","$285,000","$300,000","3","Resale (occupied at least once)","2007","Willow Run","1,912","0.08","3","2.1","Public Water","Sewer - Public","Conventional","Individuals"
"1001","2120936","W000-1958-004","CLOSD","4305 Augusta Avenue, Richmond City VA 23230","23230","Richmond City","Single Family Residence","08/16/2021","$525,000","$621,000","6","Resale (occupied at least once)","1927","Monument Avenue Gardens","2,680","0.13","3","3.1","Public Water","Sewer - Public","Conventional","Individuals"
"1001","2120912","763-774-0698","CLOSD","3100 Friars Walk Lane, Henrico VA 23059","23059","Henrico","Townhouse","08/16/2021","$329,950","$335,000","2","Resale (occupied at least once)","2002","The Townes At Hunton Park","2,388","0.07","3","3.0","Public Water","Sewer - Public","Conventional","Individuals"
"1001","2120727","754-765-0730","CLOSD","10615 Timber Pass, Henrico VA 23060","23060","Henrico","Single Family Residence","08/16/2021","$325,000","$350,000","3","Resale (occupied at least once)","1989","Woods At Innsbrook","1,660","0.22","3","2.1","Public Water","Sewer - Public","Conventional","Individuals"
"1001","2120716","7821-43-4423","CLOSD","16286 Derby Ridge Road, Hanover VA 23192","23192","Hanover","Single Family Residence","08/16/2021","$275,000","$282,500","4","Resale (occupied at least once)","1990","Derby Ridge","2,054","2.02","3","2.1","Well","Septic - Alternative","FHA New","Individuals"
"1001","2120703","737-71-03-30-300-000","CLOSD","11904 Warminster Court, Chesterfield VA 23113","23113","Chesterfield","Single Family Residence","08/16/2021","$359,900","$375,000","6","Resale (occupied at least once)","1974","Olde Coach Village","2,132","0.45","4","2.1","Public Water","Sewer - Public","Conventional","Individuals"
"1001","2120696","765-774-1186","CLOSD","11354 Abbots Cross Lane, Henrico VA 23059","23059","Henrico","Townhouse","08/16/2021","$325,000","$330,000","3","Resale (occupied at least once)","2006","The Townes At Hunton Park","2,616","0.05","3","3.1","Public Water","Sewer - Public","Conventional","Individuals"
"1001","2120615","740-71-54-03-800-010","CLOSD","2316 Magnolia Grove Way, Chesterfield VA 23113","23113","Chesterfield","Condominium","08/16/2021","$319,950","$348,000","7","Resale (occupied at least once)","2002","The Pointe At Bellgrade","1,942","7.97","3","2.1","Public Water","Sewer - Public","Conventional","Individuals"
"1001","2120599","770-67-68-52-600-000","CLOSD","7207 Swanhaven Drive, Chesterfield VA 23234","23234","Chesterfield","Single Family Residence","08/16/2021","$374,900","$373,500","7","Resale (occupied at least once)","2012","Watermark","2,560","0.34","4","2.1","Public Water","Sewer - Public","FHA New","Individuals"
"1001","2120466","C008-0610-006","CLOSD","2308 Huth Road, Richmond City VA 23224","23224","Richmond City","Single Family Residence","08/16/2021","$249,990","$261,000","3","Resale (occupied at least once)","1975","None","2,156","0.46","4","3.0","Public Water","Sewer - Public","FHA New","Individuals"
"1001","2120309","749-756-3942","CLOSD","2905 Barbara Court, Henrico VA 23233","23233","Henrico","Townhouse","08/16/2021","$329,000","$329,000","14","Resale (occupied at least once)","2006","Three Chopt Village","2,076","","3","2.1","Public Water","Sewer - Public","Conventional","Individuals"
"1001","2120231","758-65-47-29-900-000","CLOSD","10911 Pintail Place, Chesterfield VA 23838","23838","Chesterfield","Single Family Residence","08/16/2021","$500,000","$525,000","4","Resale (occupied at least once)","1990","Woodland Pond","2,954","1.88","4","2.1","Public Water","Septic - Conventional","Cash","Individuals"
"1001","2120157","728-66-99-06-800-000","CLOSD","13904 Belmont Stakes Court, Chesterfield VA 23112","23112","Chesterfield","Single Family Residence","08/16/2021","$324,999","$354,000","6","Resale (occupied at least once)","1991","Triple Crown","1,802","0.36","4","2.1","Public Water","Sewer - Public","Conventional","Individuals"
"1001","2119912","794-63-47-91-000-000","CLOSD","3709 North Light Drive, Chesterfield VA 23831","23831","Chesterfield","Single Family Residence","08/16/2021","$196,000","$220,000","4","Resale (occupied at least once)","1985","Somerset","1,080","0.27","3","1.0","Public Water","Sewer - Public","Conventional","Individuals"
"1001","2119900","749-69-33-02-900-000","CLOSD","2054 Maginoak Court, Chesterfield VA 23236","23236","Chesterfield","Single Family Residence","08/16/2021","$350,000","$365,000","8","Resale (occupied at least once)","2010","Maginoak","2,356","0.37","4","2.1","Public Water","Sewer - Public","Conventional","Individuals"
"1001","2119800","736-66-90-23-600-000","CLOSD","9101 Buffalo Springs Drive, Chesterfield VA 23112","23112","Chesterfield","Single Family Residence","08/16/2021","$450,000","$450,000","4","Resale (occupied at least once)","2019","Bayhill Pointe","3,258","0.47","5","3.1","Public Water","Sewer - Public","VA New","Individuals"
"1001","2119770","33B7 4 1  89","CLOSD","5801 Yellow Jasmine Terrace, New Kent VA 23140","23140","New Kent","Single Family Residence","08/16/2021","$365,000","$365,000","6","Resale (occupied at least once)","2008","Oakmont Villas","2,344","0.21","3","3.0","Public Water","Sewer - Public","VA Assumption","Individuals"
"1001","2119729","752-752-9250","CLOSD","9502 Overhill Road, Henrico VA 23229","23229","Henrico","Single Family Residence","08/16/2021","$325,000","$362,000","6","Resale (occupied at least once)","1957","Roxbury","1,616","0.26","3","2.0","Public Water","Sewer - Public","Conventional","Individuals"
"1001","2119695","710-69-70-35-600-000","CLOSD","16425 Lambourne Road, Chesterfield VA 23112","23112","Chesterfield","Single Family Residence","08/16/2021","$749,000","$749,000","6","Resale (occupied at least once)","2015","Hallsley","3,939","0.35","5","4.1","Public Water","Sewer - Public","Cash","Individuals"
"1001","2119658","828-722-4146","CLOSD","231 Carlstone Drive, Henrico VA 23075","23075","Henrico","Single Family Residence","08/16/2021","$255,000","$252,500","5","Resale (occupied at least once)","1973","Fair Oaks Terrace","1,544","0.26","3","2.0","Public Water","Sewer - Public","Conventional","Individuals"
"1001","2119627","754-736-5365","CLOSD","225 Melwood Lane, Henrico VA 23229","23229","Henrico","Single Family Residence","08/16/2021","$789,900","$790,000","9","Resale (occupied at least once)","1957","Roslyn Hills","2,932","0.59","5","3.1","Public Water","Sewer - Public","Other","Individuals"
"1001","2119587","742-756-3523","CLOSD","2420 Bell Tower Place, Henrico VA 23233","23233","Henrico","Single Family Residence","08/16/2021","$924,900","$925,000","5","Resale (occupied at least once)","2002","Bell Tower","5,373","0.53","6","5.1","Public Water","Sewer - Public","Conventional","Individuals"
"1001","2119555","752-742-5534","CLOSD","8717 Weldon Drive, Henrico VA 23229","23229","Henrico","Single Family Residence","08/16/2021","$285,000","$303,000","7","Resale (occupied at least once)","1955","Ridgecrest","1,245","0.26","3","1.0","Public Water","Sewer - Public","Conventional","Individuals"
"1001","2119381","776-750-6668","CLOSD","7303 Alycia Avenue, Henrico VA 23228","23228","Henrico","Single Family Residence","08/16/2021","$245,000","$245,000","5","Resale (occupied at least once)","1952","Oakmont","1,436","0.30","3","1.0","Public Water","Sewer - Public","Cash","Individuals"
"1001","2119337","47-38-0-52-0","CLOSD","1496 Camberley Drive, Goochland VA 23103","23103","Goochland","Single Family Residence","08/16/2021","$539,950","$560,010","5","Resale (occupied at least once)","2014","Parke At Saddlecreek","2,535","0.18","3","2.1","Public Water","Sewer - Public","Conventional","Individuals"
"1001","2119279","818-691-5036","CLOSD","2840 Kinvan Road, Henrico VA 23231","23231","Henrico","Single Family Residence","08/16/2021","$229,500","$255,000","5","Resale (occupied at least once)","1991","Old Mill Estates","1,682","1.04","3","2.0","Well","Septic - Conventional","Conventional","Individuals"
"1001","2119145","714-68-69-97-100-000","CLOSD","4125 Cambrian Circle, Chesterfield VA 23112","23112","Chesterfield","Single Family Residence","08/16/2021","$515,000","$500,000","7","Resale (occupied at least once)","2018","Cambria Cove","3,716","0.21","4","3.1","Public Water","Sewer - Public","Conventional","Corporate, Individuals"
"1001","2119113","796-64-81-64-900-000","CLOSD","13113 Stockleigh Drive, Chesterfield VA 23831","23831","Chesterfield","Single Family Residence","08/16/2021","$335,000","$345,000","13","Resale (occupied at least once)","2006","Long Meadow","2,646","0.29","5","2.1","Public Water","Sewer - Public","VA New","Individuals"
"1001","2119108","C001-1100-081","CLOSD","3116 Windmoor Court #Unit9, Richmond City VA 23235","23235","Richmond City","Condominium","08/16/2021","$235,000","$245,000","4","Resale (occupied at least once)","1987","Summerhill At Stony Point Condo","1,319","0.04","2","2.0","Public Water","Sewer - Public","Cash","Individuals"
"1001","2118770","767-751-7639","CLOSD","7962 Wistar Woods Court, Henrico VA 23228","23228","Henrico","Townhouse","08/16/2021","$349,950","$360,000","10","Resale (occupied at least once)","2018","Townes Of Wistar Woods Section 2","1,864","0.08","3","2.1","Public Water","Sewer - Public","Cash","Individuals"
"1001","2118766","736-66-90-27-000-000","CLOSD","12900 Buffalo Springs Place, Chesterfield VA 23112","23112","Chesterfield","Single Family Residence","08/16/2021","$410,000","$430,000","3","Resale (occupied at least once)","2018","Bayhill Pointe","2,494","0.51","3","2.1","Public Water","Sewer - Public","Conventional","Individuals"
"1001","2118602","736-749-5811","CLOSD","11691 Timberly Waye, Henrico VA 23238","23238","Henrico","Townhouse","08/16/2021","$225,000","$230,000","7","Resale (occupied at least once)","1984","Sussex Wood","1,280","0.03","2","1.1","Public Water","Sewer - Public","Conventional","Individuals"
"1001","2118424","10A  2DB  15","CLOSD","5770 Longbow Lane, New Kent VA 23124","23124","New Kent","Single Family Residence","08/16/2021","$359,975","$363,900","3","Resale (occupied at least once)","2010","Deerlake","2,468","0.79","4","3.0","Public Water","Septic - Conventional","VA New","Individuals"
"1001","2118230","716-67-99-93-500-000","CLOSD","15220 Windy Ridge Road, Chesterfield VA 23112","23112","Chesterfield","Single Family Residence","08/16/2021","$359,950","$363,000","5","Resale (occupied at least once)","1991","Woodlake","2,191","0.20","4","2.1","Public Water","Sewer - Public","FHA New","Individuals"
"1001","2118153","719-69-04-05-300-000","CLOSD","14324 Safewings Place, Chesterfield VA 23112","23112","Chesterfield","Single Family Residence","08/16/2021","$474,900","$494,000","5","Resale (occupied at least once)","2010","The Sanctuary At Watermill","2,823","0.51","4","2.1","Public Water","Sewer - Public","Conventional","Individuals"
"1001","2117888","809-64-21-60-300-000","CLOSD","1230 Walthall Creek Drive, Chesterfield VA 23834","23834","Chesterfield","Single Family Residence","08/16/2021","$449,000","$420,000","15","Resale (occupied at least once)","2006","Southcreek","4,013","0.43","5","2.1","Public Water","Sewer - Public","Conventional","Individuals"
"1001","2117850","754-767-5640","CLOSD","4709 Rollingwood Lane, Henrico VA 23060","23060","Henrico","Single Family Residence","08/16/2021","$419,900","$418,000","31","Resale (occupied at least once)","1985","The Forest At Innsbrook","2,365","","4","2.1","Public Water","Sewer - Public","FHA New","Individuals"
"1001","2117808","C0090590018","CLOSD","3309 Terminal Ave, Richmond City VA 23234","23234","Richmond City","Single Family Residence","08/16/2021","$299,999","$310,000","5","New (never occupied)","2021","Cherry Gardens","1,754","","4","3.0","Public Water","Sewer - Public","FHA New","Individuals"
"1001","2117672","742-69-46-96-700-000","CLOSD","1606 Laurel Top Drive, Chesterfield VA 23114","23114","Chesterfield","Single Family Residence","08/16/2021","$350,000","$350,000","5","Resale (occupied at least once)","1995","Poplar Creek","2,038","0.28","4","2.1","Public Water","Sewer - Public","Conventional","Individuals"
"1001","2117528","706-66-97-79-700-000","CLOSD","7449 Wild Senna Terrace, Chesterfield VA 23120","23120","Chesterfield","Single Family Residence","08/16/2021","$589,000","$580,000","9","Resale (occupied at least once)","2012","Magnolia Green","4,500","0.30","5","3.0","Public Water","Sewer - Public","Conventional","Individuals"
"1001","2117439","725-66-28-31-500-000","CLOSD","14706 Lavenham Lane, Chesterfield VA 23112","23112","Chesterfield","Single Family Residence","08/16/2021","$409,950","$426,000","4","Resale (occupied at least once)","2017","Collington","2,206","0.44","4","3.0","Public Water","Sewer - Public","Conventional","Individuals"
"1001","2117370","W019-0303-019","CLOSD","4701 Calumet Road, Richmond City VA 23226","23226","Richmond City","Single Family Residence","08/16/2021","$1,090,000","$988,000","24","Resale (occupied at least once)","1954","Matoaka Place","4,588","0.28","5","4.0","Public Water","Sewer - Public","Conventional","Individuals"
"1001","2117236","747-69-68-54-600-000","CLOSD","10206 Saint Joan Avenue, Chesterfield VA 23236","23236","Chesterfield","Single Family Residence","08/16/2021","$239,900","$265,000","5","Resale (occupied at least once)","1983","Brandywine Forest","1,414","0.29","3","1.1","Public Water","Sewer - Public","FHA New","Individuals"
"1001","2117152","741-764-0962","CLOSD","4828 Coachmans Landing Court, Henrico VA 23059","23059","Henrico","Single Family Residence","08/16/2021","$595,000","$580,000","21","Resale (occupied at least once)","2005","Parsons Walk @ Twin Hickory","3,828","0.16","6","4.1","Public Water","Sewer - Public","FHA New","Individuals"
"1001","2117008","742-751-1598","CLOSD","10413 Kings Grant Drive, Henrico VA 23233","23233","Henrico","Single Family Residence","08/16/2021","$375,000","$420,000","7","Resale (occupied at least once)","1990","Crown Grant South","1,830","0.20","4","2.1","Public Water","Sewer - Public","Conventional","Individuals"
"1001","2116959","7787-37-9178","CLOSD","10521 Stony Bluff Drive #Unit308, Hanover VA 23005","23005","Hanover","Condominium","08/16/2021","$224,950","$224,950","35","New (never occupied)","2019","Stony Run","963","","1","1.0","Public Water","Sewer - Public","Conventional","Corporate"
"1001","2116824","755-769-0137","CLOSD","9705 Snowberry Court, Henrico VA 23060","23060","Henrico","Single Family Residence","08/16/2021","$379,950","$400,000","5","Resale (occupied at least once)","1996","Winterberry","1,738","0.19","3","2.0","Public Water","Sewer - Public","Conventional","Individuals"
"1001","2116700","744-754-3529","CLOSD","2308 Cox Road, Henrico VA 23233","23233","Henrico","Single Family Residence","08/16/2021","$324,900","$325,000","34","Resale (occupied at least once)","1979","Stonegate","2,237","0.25","5","3.0","Public Water","Sewer - Public","Cash","Individuals"
"1001","2116666","752-69-27-89-400-000","CLOSD","9703 Stemwell Court, Chesterfield VA 23236","23236","Chesterfield","Single Family Residence","08/16/2021","$535,000","$550,000","4","Resale (occupied at least once)","1995","Bexley West","3,493","0.71","5","2.1","Public Water","Sewer - Public","Conventional","Individuals"
"1001","2116335","W000-0615-078","CLOSD","1333 West Broad Street #UnitU402, Richmond City VA 23220","23220","Richmond City","Condominium","08/16/2021","$234,950","$226,000","33","Resale (occupied at least once)","2008","Ironhouse Place Condominiums","1,083","0.02","2","2.0","Public Water","Sewer - Public","Conventional","Individuals"
"1001","2115989","777-68-32-49-700-000","CLOSD","4800 Village Lake Drive, Chesterfield VA 23234","23234","Chesterfield","Single Family Residence","08/16/2021","$399,500","$400,000","11","Resale (occupied at least once)","2004","Braxton","2,288","0.51","3","2.0","Public Water","Sewer - Public","Cash","Individuals"
"1001","2115803","W000-1504-019","CLOSD","3210 Maplewood Avenue, Richmond City VA 23221","23221","Richmond City","Single Family Residence","08/16/2021","$249,900","$257,500","17","Resale (occupied at least once)","1940","None","770","0.12","2","1.0","Public Water","Sewer - Public","Conventional","Individuals"
"1001","2114488","744-68-95-49-700-000","CLOSD","2601 Krossridge Road, Chesterfield VA 23236","23236","Chesterfield","Single Family Residence","08/16/2021","$310,000","$335,000","8","Resale (occupied at least once)","1991","Brandon","2,247","0.29","4","2.1","Public Water","Sewer - Public","Conventional","Individuals"
"1001","2114424","766-753-8627","CLOSD","7416 Stoneman Road, Henrico VA 23228","23228","Henrico","Single Family Residence","08/16/2021","$205,000","$230,000","6","Resale (occupied at least once)","1955","Tuscon Heights","1,224","0.33","3","1.0","Public Water","Sewer - Public","FHA New","Estate"
"1001","2113465","7870-35-9834","CLOSD","221 Lauradell Road, Hanover VA 23005","23005","Hanover","Single Family Residence","08/16/2021","$419,000","$413,000","41","Resale (occupied at least once)","2020","Lauradell","1,500","0.19","2","2.1","Public Water","Sewer - Public","Conventional","Individuals"
"1001","2106865","789-65-48-86-800-000","CLOSD","12125 Richmond Street, Chesterfield VA 23831","23831","Chesterfield","Single Family Residence","08/16/2021","$375,000","$362,000","112","Resale (occupied at least once)","1920","Chester","2,956","0.90","4","2.1","Public Water","Sewer - Public","Conventional","Individuals"
"1001","2102220","7796-67-6107","CLOSD","9113 Fenshaw Court, Hanover VA 23116","23116","Hanover","Single Family Residence","08/16/2021","$515,000","$515,000","57","New (never occupied)","2021","Giles Farm","2,601","","4","3.1","Public Water","Sewer - Public","Conventional","Corporate"
"1001","2101479","815-697-5699","CLOSD","2555 Barnesway Lane, Henrico VA 23231","23231","Henrico","Single Family Residence","08/16/2021","$240,000","$250,000","8","Resale (occupied at least once)","1976","Williamson Farms","1,369","0.57","3","1.1","Well","Septic - Conventional","FHA New","Individuals"
"1001","2037260","7738-39-4561","CLOSD","15392 Abner Church Road, Hanover VA 23059","23059","Hanover","Single Family Residence","08/16/2021","$925,000","$900,000","152","Resale (occupied at least once)","1984","None","3,258","27.48","4","2.1","Well","Septic - Conventional","Conventional","Individuals"
"1001","2101172","TBD","CLOSD","11353 Oakrise Road, New Kent VA 23124","23124","New Kent","Single Family Residence","08/17/2021","$340,250","$340,250","40","New (never occupied)","2021","The Oaks","1,903","","4","2.1","Public Water","Sewer - Public","USDA","Corporate"
"1001","2117351","756-746-6461","CLOSD","1709 Pamela Drive, Henrico VA 23229","23229","Henrico","Single Family Residence","08/17/2021","$249,000","$250,000","30","Resale (occupied at least once)","1955","Michael Hills Addition","1,104","0.30","3","1.0","Public Water","Sewer - Public","Conventional","Individuals"
"1001","2116544","7812-83-8955","CLOSD","15208 Woodman Hall Road, Hanover VA 23192","23192","Hanover","Single Family Residence","08/17/2021","$365,000","$350,000","6","Resale (occupied at least once)","1970","None","2,790","3.56","4","3.2","Well","Septic - Conventional","Conventional","Individuals"
"1001","2117051","8715-86-0543","CLOSD","8336 Ryegate Place, Hanover VA 23111","23111","Hanover","Single Family Residence","08/17/2021","$450,000","$435,900","43","Resale (occupied at least once)","2001","Brooks Hollow","3,265","0.47","5","3.1","Public Water","Sewer - Public","Conventional","Individuals"
"1001","2104626","786677283700000","CLOSD","7507 Old Guild Road, Chesterfield VA 23237","23237","Chesterfield","Single Family Residence","08/17/2021","$330,050","$337,483","0","New (never occupied)","2021","Silverleaf","2,179","","3","2.1","Public Water","Sewer - Public","FHA New","Corporate"
"1001","2118056","747-70-36-47-200-000","CLOSD","10241 Redbridge Road, Chesterfield VA 23236","23236","Chesterfield","Single Family Residence","08/17/2021","$239,995","$243,000","10","Resale (occupied at least once)","1979","Shenandoah Hills","1,650","0.23","4","2.1","Public Water","Sewer - Public","FHA New","Individuals"
"1001","2120671","805-717-7308","CLOSD","4420 Kings Bishop Road, Henrico VA 23231","23231","Henrico","Single Family Residence","08/17/2021","$200,000","$211,000","7","Resale (occupied at least once)","1987","Kings Hill West","1,536","0.22","3","1.1","Public Water","Sewer - Public","FHA New","Individuals"
"1001","2118073","809-734-0975","CLOSD","1301 Selma Lane, Henrico VA 23223","23223","Henrico","Single Family Residence","08/17/2021","$319,990","$335,000","4","Resale (occupied at least once)","2003","Clarendon Woods","2,493","0.23","4","2.1","Public Water","Sewer - Public","FHA New","Individuals"
"1001","2117606","N000-1373-009","CLOSD","718 Pensacola Avenue, Richmond City VA 23222","23222","Richmond City","Single Family Residence","08/17/2021","$195,000","$200,000","7","Resale (occupied at least once)","1940","Highland Gardens","1,180","0.26","3","2.0","Public Water","Community - Sewer/Septic","Conventional","Individuals"
"1001","2116640","750-738-8830","CLOSD","557 Raleigh Manor Road, Henrico VA 23229","23229","Henrico","Single Family Residence","08/17/2021","$995,000","$1,000,000","13","Resale (occupied at least once)","2008","Raleigh","6,927","0.63","6","4.1","Public Water","Sewer - Public","Conventional","Individuals"
"1001","2118126","711-66-77-43-600-000","CLOSD","13100 Hampton Colony Way, Chesterfield VA 23832","23832","Chesterfield","Single Family Residence","08/17/2021","$420,000","$440,000","2","Resale (occupied at least once)","2003","Hampton Park","3,081","0.34","5","3.1","Public Water","Sewer - Public","VA New","Individuals"
"1001","2117130","801-693-5810","CLOSD","1160 Berryhill Road, Henrico VA 23231","23231","Henrico","Single Family Residence","08/17/2021","$450,000","$449,000","29","Resale (occupied at least once)","1976","Richmond Heights","3,055","2.42","4","2.1","Well","Septic - Conventional","Conventional","Individuals"
"1001","2116023","762-68-18-40-900-000","CLOSD","6101 Bakers Hill Place, Chesterfield VA 23832","23832","Chesterfield","Single Family Residence","08/17/2021","$315,000","$330,000","13","Resale (occupied at least once)","1995","Five Forks Village","1,926","0.26","4","2.1","Public Water","Sewer - Public","Cash","Individuals"
"1001","2120151","732-72-32-78-700-000","CLOSD","3525 Kendal Crossing Terrace, Chesterfield VA 23113","23113","Chesterfield","Single Family Residence","08/17/2021","$589,000","$600,000","10","Resale (occupied at least once)","2016","Tarrington","2,556","0.25","3","3.0","Public Water","Sewer - Public","Conventional","Individuals"
"1001","2117371","N000-0468-029","CLOSD","1134 Catherine Street, Richmond City VA 23220","23220","Richmond City","Single Family Residence","08/17/2021","$389,000","$353,000","16","Resale (occupied at least once)","1915","Carver","1,850","0.03","3","2.1","Public Water","Sewer - Public","Conventional","Individuals"
"1001","2031610","TBD","CLOSD","3619 Bonnie's Way, Powhatan VA 23139","23139","Powhatan","Single Family Residence","08/17/2021","$432,950","$481,295","0","New (never occupied)","2020","Tilmans Farm","2,964","","4","3.0","Community Well","Septic - Conventional","Conventional","Corporate"
"1001","2120215","716-66-41-23-600-000","CLOSD","8430 Hartridge Drive, Chesterfield VA 23832","23832","Chesterfield","Single Family Residence","08/17/2021","$549,500","$545,000","8","Resale (occupied at least once)","2018","Harpers Mill","3,159","0.30","5","4.0","Public Water","Sewer - Public","VA New","Individuals"
"1001","2122981","798-66-02-25-500-000","CLOSD","2337 Seminole Avenue, Chesterfield VA 23831","23831","Chesterfield","Single Family Residence","08/17/2021","$180,000","$190,000","5","Resale (occupied at least once)","1973","Normandale Terrace","1,075","0.23","3","1.0","Public Water","Septic - Conventional","Cash","Individuals"
"1001","2122165","780-68-33-06-900-000","CLOSD","4505 Cathlow Circle, Chesterfield VA 23234","23234","Chesterfield","Single Family Residence","08/17/2021","$250,000","$250,000","0","Resale (occupied at least once)","1978","Meadwood","1,268","0.17","3","2.0","Public Water","Sewer - Public","FHA New","Individuals"
"1001","2121903","759-764-9746","CLOSD","4911 Dunncroft Court, Henrico VA 23060","23060","Henrico","Single Family Residence","08/17/2021","$330,000","$340,000","6","Resale (occupied at least once)","1983","Dunncroft","1,689","0.28","3","2.1","Public Water","Sewer - Public","FHA New","Individuals"
"1001","2121901","807-713-3394","CLOSD","5109 Carters Pond Court, Henrico VA 23231","23231","Henrico","Single Family Residence","08/17/2021","$210,000","$210,000","4","Resale (occupied at least once)","1999","Myers Estates","1,056","0.17","3","2.0","Public Water","Sewer - Public","VA New","Individuals"
"1001","2121682","731-66-91-76-300-000","CLOSD","7303 Cannonade Court, Chesterfield VA 23112","23112","Chesterfield","Single Family Residence","08/17/2021","$289,000","$323,000","8","Resale (occupied at least once)","1992","Deer Run","1,738","0.37","3","2.1","Public Water","Sewer - Public","Conventional","Corporate"
"1001","2121556","759-764-0691","CLOSD","5001 Shoals Court, Henrico VA 23060","23060","Henrico","Single Family Residence","08/17/2021","$625,000","$680,000","6","Resale (occupied at least once)","2017","Meredith Branch Estates","3,928","0.32","4","2.1","Public Water","Sewer - Public","Conventional","Individuals"
"1001","2121454","E000-0973-007","CLOSD","412 North 35th Street, Richmond City VA 23223","23223","Richmond City","Single Family Residence","08/17/2021","$529,950","$529,950","7","Resale (occupied at least once)","2017","None","2,382","0.09","4","3.0","Public Water","Sewer - Public","Conventional","Individuals"
"1001","2121394","761-743-8236","CLOSD","1501 Skipwith Road, Henrico VA 23229","23229","Henrico","Single Family Residence","08/17/2021","$274,950","$255,000","4","Resale (occupied at least once)","1954","Buckingham Park","1,512","0.31","4","2.0","Public Water","Sewer - Public","Cash","Individuals"
"1001","2121238","W000-1330-001","CLOSD","3106 Rendale Avenue, Richmond City VA 23221","23221","Richmond City","Single Family Residence","08/17/2021","$899,000","$960,000","5","Resale (occupied at least once)","1949","William Byrd","3,766","0.19","4","3.1","Public Water","Sewer - Public","Conventional","Individuals"
"1001","2121086","46   3     5","CLOSD","18317 Barham Woods Drive, New Kent VA 23011","23011","New Kent","Single Family Residence","08/17/2021","$299,000","$305,000","5","Resale (occupied at least once)","2006","None","1,967","0.89","3","2.0","Well","Septic - Conventional","VA New","Individuals"
"1001","2121033","728-70-13-08-500-000","CLOSD","930 Biggin Pond Road, Chesterfield VA 23114","23114","Chesterfield","Single Family Residence","08/17/2021","$430,000","$455,000","4","Resale (occupied at least once)","2002","The Grove","2,903","0.24","4","2.1","Public Water","Sewer - Public","Conventional","Individuals"
"1001","2121029","706-67-33-81-900-000","CLOSD","7037 Silk Oak Drive, Chesterfield VA 23120","23120","Chesterfield","Single Family Residence","08/17/2021","$455,000","$496,250","7","Resale (occupied at least once)","2011","Magnolia Green","3,130","0.37","4","3.1","Public Water","Sewer - Public","Conventional","Corporate"
"1001","2120582","738-774-8023","CLOSD","5512 Luxford Court, Henrico VA 23059","23059","Henrico","Single Family Residence","08/17/2021","$575,000","$664,000","5","Resale (occupied at least once)","2003","Luxford At Berkeley","3,329","0.31","5","2.2","Public Water","Sewer - Public","Conventional","Individuals"
"1001","2120531","803-702-1969","CLOSD","1228 North James Estates Drive, Henrico VA 23231","23231","Henrico","Single Family Residence","08/17/2021","$290,000","$310,000","6","Resale (occupied at least once)","2013","North James Estates","2,112","0.25","3","2.1","Public Water","Sewer - Public","Conventional","Individuals"
"1001","2120438","759-764-7753","CLOSD","4908 Dunncroft Court, Henrico VA 23060","23060","Henrico","Single Family Residence","08/17/2021","$330,000","$357,000","7","Resale (occupied at least once)","1983","Dunncroft","1,689","0.26","3","2.1","Public Water","Sewer - Public","Conventional","Individuals"
"1001","2120428","739-757-3417","CLOSD","3012 Sandy Bluff Place, Henrico VA 23233","23233","Henrico","Single Family Residence","08/17/2021","$409,950","$441,111","6","Resale (occupied at least once)","1995","Summerwood","2,140","0.34","4","2.1","Public Water","Sewer - Public","Conventional","Individuals"
"1001","2120422","760-67-82-21-900-000","CLOSD","9212 Clearbrook Place, Chesterfield VA 23832","23832","Chesterfield","Single Family Residence","08/17/2021","$399,900","$419,212","6","Resale (occupied at least once)","2006","Cascade Creek","2,833","0.28","4","2.1","Public Water","Sewer - Public","Conventional","Individuals"
"1001","2120396","729-66-87-13-800-000","CLOSD","7624 Kentucky Derby Drive, Chesterfield VA 23112","23112","Chesterfield","Single Family Residence","08/17/2021","$285,000","$285,000","4","Resale (occupied at least once)","1993","Deer Run","1,612","0.32","3","2.1","Public Water","Sewer - Public","Conventional","Individuals"
"1001","2120290","739-65-78-28-400-000","CLOSD","10631 Clearpoint Drive, Chesterfield VA 23832","23832","Chesterfield","Single Family Residence","08/17/2021","$289,900","$319,000","2","Resale (occupied at least once)","1976","Rocky Run","1,920","1.13","4","2.0","Well","Septic - Conventional","Conventional","Individuals"
"1001","2120286","7880-77-8635","CLOSD","13381 Slayden Circle, Hanover VA 23005","23005","Hanover","Single Family Residence","08/17/2021","$525,000","$525,000","3","Resale (occupied at least once)","2014","Woodside Estates","3,023","0.49","4","3.0","Public Water","Sewer - Public","Conventional","Individuals"
"1001","2120219","713-68-03-57-400-000","CLOSD","15918 Fox Marsh Drive, Chesterfield VA 23120","23120","Chesterfield","Single Family Residence","08/17/2021","$544,777","$538,777","16","Resale (occupied at least once)","1998","Foxfire","3,624","0.44","4","2.1","Public Water","Sewer - Public","Cash","Individuals"
"1001","2120202","8715-64-4933","CLOSD","8248 Hanover Grove Boulevard, Hanover VA 23111","23111","Hanover","Single Family Residence","08/17/2021","$300,000","$337,500","5","Resale (occupied at least once)","1997","Hanover Grove","1,832","0.46","3","2.1","Public Water","Sewer - Public","Conventional","Individuals"
"1001","2120149","8725-36-5545","CLOSD","8258 Trudi Place, Hanover VA 23111","23111","Hanover","Single Family Residence","08/17/2021","$392,950","$392,950","14","Resale (occupied at least once)","2003","Sherrington","2,810","0.30","4","3.0","Public Water","Sewer - Public","Conventional","Individuals"
"1001","2119322","727-68-73-66-400-000","CLOSD","13912 Sagebrook Road, Chesterfield VA 23112","23112","Chesterfield","Single Family Residence","08/17/2021","$330,000","$360,000","17","Resale (occupied at least once)","1994","Brandermill","2,208","0.17","4","2.1","Public Water","Sewer - Public","VA New","Individuals"
"1001","2119317","735-71-11-56-000-000","CLOSD","12301 Sandbag Road, Chesterfield VA 23113","23113","Chesterfield","Single Family Residence","08/17/2021","$325,000","$355,000","4","Resale (occupied at least once)","1978","Olde Coach Village","2,132","0.37","4","2.1","Public Water","Sewer - Public","Conventional","Individuals"
"1001","2119156","728-66-15-78-500-000","CLOSD","14224 Ashmill Drive, Chesterfield VA 23112","23112","Chesterfield","Single Family Residence","08/17/2021","$375,000","$406,100","3","Resale (occupied at least once)","2019","Collington","1,743","0.18","3","2.0","Public Water","Sewer - Public","Conventional","Individuals"
"1001","2119023","787-769-9983","CLOSD","924 Pale Moon Drive, Henrico VA 23059","23059","Henrico","Townhouse","08/17/2021","$259,900","$301,500","6","Resale (occupied at least once)","2008","Villages At The Crossings","1,860","0.07","3","2.1","Public Water","Sewer - Public","Conventional","Individuals"
"1001","2118799","764-749-3797","CLOSD","2511 Wistar Street, Henrico VA 23294","23294","Henrico","Single Family Residence","08/17/2021","$276,000","$280,000","21","Resale (occupied at least once)","1952","West Wistar","1,437","0.25","3","1.1","Public Water","Sewer - Public","VA New","Individuals"
"1001","2118793","755-71-31-51-100-000","CLOSD","1409 Winslow Road, Chesterfield VA 23235","23235","Chesterfield","Single Family Residence","08/17/2021","$330,000","$347,500","5","Resale (occupied at least once)","1966","Chatham","2,184","0.43","5","3.0","Public Water","Sewer - Public","Conventional","Individuals"
"1001","2118705","758 68 09 91 800-000","CLOSD","5531 Garden Grove Road, Chesterfield VA 23832","23832","Chesterfield","Single Family Residence","08/17/2021","$274,900","$302,000","4","Resale (occupied at least once)","2016","Cascade Creek","1,577","0.21","3","2.1","Public Water","Community - Sewer/Septic","Conventional","Individuals"
"1001","2118161","781-744-1974","CLOSD","2122 New Berne Road, Henrico VA 23228","23228","Henrico","Single Family Residence","08/17/2021","$325,000","$377,000","5","Resale (occupied at least once)","1946","Bryan Parkway","1,784","0.16","3","1.1","Public Water","Sewer - Public","Cash","Individuals"
"1001","2118078","730-767-4819.041","CLOSD","4624 Broad Hill Drive, Henrico VA 23233","23233","Henrico","Townhouse","08/17/2021","$515,000","$499,995","20","Resale (occupied at least once)","2020","Saunders Station At Broad Hill Centre","2,514","","3","2.2","Public Water","Sewer - Public","Conventional","Individuals"
"1001","2117948","N000-1031-002","CLOSD","3109 Hawthorne Avenue, Richmond City VA 23222","23222","Richmond City","Single Family Residence","08/17/2021","$749,950","$700,000","30","Resale (occupied at least once)","1936","None","2,595","0.41","3","2.1","Public Water","Sewer - Public","VA New","Individuals"
"1001","2117298","W000-0953-026","CLOSD","2006 Monument Avenue, Richmond City VA 23220","23220","Richmond City","Single Family Residence","08/17/2021","$1,275,000","$1,300,000","6","Resale (occupied at least once)","1904","None","4,842","0.10","6","4.1","Public Water","Sewer - Public","Cash","Individuals"
"1001","2117105","762-774-5118.494","CLOSD","110 Siena Lane, Henrico VA 23059","23059","Henrico","Condominium","08/17/2021","$388,000","$412,100","8","Resale (occupied at least once)","2009","The Villas At Hunton Park","3,189","0.05","3","3.1","Public Water","Sewer - Public","Conventional","Individuals"
"1001","2116523","W021-0151-025","CLOSD","6714 Stuart Avenue, Richmond City VA 23226","23226","Richmond City","Single Family Residence","08/17/2021","$379,000","$385,000","29","Resale (occupied at least once)","1946","Westhampton Heights Annex","1,787","0.17","3","2.0","Public Water","Sewer - Public","Cash","Individuals"
"1001","2116488","808-64-93-54-300-000","CLOSD","17805 Willowynde Road, Chesterfield VA 23836","23836","Chesterfield","Single Family Residence","08/17/2021","$249,990","$269,900","16","Resale (occupied at least once)","1983","Woods Edge","1,512","0.55","4","2.0","Public Water","Septic - Conventional","VA New","Individuals"
"1001","2115630","718-68-99-92-800-000","CLOSD","3646 Pencader Road, Chesterfield VA 23112","23112","Chesterfield","Single Family Residence","08/17/2021","$520,000","$575,000","4","Resale (occupied at least once)","2011","Rountrey","3,616","0.30","5","2.1","Public Water","Sewer - Public","Conventional","Individuals"
"1001","2115329","749-71-32-48-100-000","CLOSD","10329 Crumpets Lane, Chesterfield VA 23235","23235","Chesterfield","Single Family Residence","08/17/2021","$249,000","$300,000","17","Resale (occupied at least once)","1979","Settlers Landing","2,238","0.54","3","3.0","Public Water","Sewer - Public","FHA New","Individuals"
"1001","2114954","769-68-30-94-900-000","CLOSD","6507 Regal Grove Drive, Chesterfield VA 23832","23832","Chesterfield","Single Family Residence","08/17/2021","$294,500","$316,000","6","Resale (occupied at least once)","2006","Kings Grove","2,015","0.21","4","2.1","Public Water","Sewer - Public","FHA New","Individuals"
"1001","2114860","33B6 3 1  44","CLOSD","5868 Pilmour Drive, New Kent VA 23140","23140","New Kent","Single Family Residence","08/17/2021","$342,000","$338,000","8","Resale (occupied at least once)","2016","Oakmont Villas","2,733","0.13","3","2.1","Public Water","Sewer - Public","Conventional","Individuals"
"1001","2112807","751-71-50-20-900-134","CLOSD","10370 Iron Mill Road, Chesterfield VA 23235","23235","Chesterfield","Condominium","08/17/2021","$120,000","$115,000","20","Resale (occupied at least once)","1973","Edgehill Condo","1,329","0.00","3","2.0","Public Water","Sewer - Public","Cash","Individuals"
"1001","2106287","762-68-94-82-400-000","CLOSD","4305 Soundview Lane, Chesterfield VA 23832","23832","Chesterfield","Single Family Residence","08/17/2021","$365,000","$375,000","4","Resale (occupied at least once)","1986","Creekwood","3,092","0.59","5","2.1","Public Water","Sewer - Public","VA New","Individuals"
"1001","REIN10389144","46   3     5","CLOSD","18317 Barham Woods Drive, New Kent VA 23011","23011","New Kent","Single Family Residence","08/17/2021","$299,000","$305,000","15","Resale (occupied at least once)","2006","ALL OTHERS AREA 140","1,967","0.89","3","2.0","Well","Septic","",""
"1001","2108463","W019-0296-015","CLOSD","4201 Grove Avenue, Richmond City VA 23221","23221","Richmond City","Single Family Residence","08/18/2021","$366,000","$332,000","105","Resale (occupied at least once)","1946","Grove Avenue Crest","1,237","0.18","3","1.1","Public Water","Sewer - Public","Conventional","Individuals"
"1001","2119415","760-67-98-14-000-000","CLOSD","9201 Salix Grove Terrace, Chesterfield VA 23832","23832","Chesterfield","Single Family Residence","08/18/2021","$315,000","$325,000","9","Resale (occupied at least once)","2006","Five Forks Village","2,024","0.26","4","2.1","Public Water","Sewer - Public","VA New","Individuals"
"1001","2111994","7437408037","CLOSD","408 Portwest Terrace, Henrico VA 23238","23238","Henrico","Single Family Residence","08/18/2021","$579,000","$579,000","71","Resale (occupied at least once)","1996","Weston Hills","3,075","","4","3.1","Public Water","Sewer - Public","Cash","Individuals"
"1001","2101251","715666804200000","CLOSD","15606 Wolfboro Road, Chesterfield VA 23832","23832","Chesterfield","Single Family Residence","08/18/2021","$421,710","$435,125","11","New (never occupied)","2021","Harpers Mill","2,644","","4","2.1","Public Water","Sewer - Public","Conventional","Corporate"
"1001","2120642","722-72-32-90-300-000","CLOSD","3404 Crossings Way Circle, Chesterfield VA 23113","23113","Chesterfield","Single Family Residence","08/18/2021","$549,950","$550,000","5","Resale (occupied at least once)","1987","Cross Creek","3,528","0.61","5","2.1","Public Water","Sewer - Public","Conventional","Individuals"
"1001","2116358","8706-58-9648","CLOSD","9264 Crowell Street, Hanover VA 23116","23116","Hanover","Single Family Residence","08/18/2021","$490,000","$482,123","32","New (never occupied)","2021","Rutland","2,369","","3","3.0","Public Water","Sewer - Public","Conventional","Corporate"
"1001","2100127","L11-0962-1265","CLOSD","13 Crestwicke Lane, New Kent VA 23141","23141","New Kent","Single Family Residence","08/18/2021","$282,708","$282,708","0","New (never occupied)","2021","Crestwicke","1,818","","4","2.0","Public Water","Septic - Conventional","VA New","Corporate"
"1001","2116280","792-754-0060","CLOSD","8112 Cavendish Lane, Henrico VA 23227","23227","Henrico","Single Family Residence","08/18/2021","$340,000","$330,000","3","Resale (occupied at least once)","1965","Chamberlayne Hills","3,414","0.49","4","3.0","Public Water","Sewer - Public","FHA New","Individuals"
"1001","2119612","816-65-52-78-800-000","CLOSD","12503 Bay Hill Drive, Chesterfield VA 23836","23836","Chesterfield","Single Family Residence","08/18/2021","$480,000","$485,000","5","Resale (occupied at least once)","1999","Rivers Bend","4,096","0.70","5","4.1","Public Water","Sewer - Public","VA New","Individuals"
"1001","2100022","E000-1410-041","CLOSD","1200 North 37th Street, Richmond City VA 23223","23223","Richmond City","Single Family Residence","08/18/2021","$380,000","$403,800","39","New (never occupied)","2021","Mccarthy Vineyard","1,932","0.08","3","2.1","Public Water","Sewer - Public","Conventional","Other"
"1001","2120658","726-68-48-58-000-000","CLOSD","3507 Seven Oaks Road, Chesterfield VA 23112","23112","Chesterfield","Single Family Residence","08/18/2021","$295,000","$305,000","3","Resale (occupied at least once)","1979","Brandermill","1,700","0.28","3","2.0","Public Water","Sewer - Public","Conventional","Individuals"
"1001","2115993","026-84","CLOSD","2790 Maidens Road, Powhatan VA 23139","23139","Powhatan","Single Family Residence","08/18/2021","$219,950","$230,000","4","Resale (occupied at least once)","1995","None","984","1.00","3","1.0","Well","Septic - Conventional","FHA New","Individuals"
"1001","2035220","730-66-39-01-400-000","CLOSD","9501 Craftsbury Court, Chesterfield VA 23112","23112","Chesterfield","Single Family Residence","08/18/2021","$432,950","$489,223","0","New (never occupied)","2021","Collington East","2,844","","4","3.0","Public Water","Sewer - Public","Conventional","Corporate"
"1001","2101046","709675044200000","CLOSD","17007 Thornapple Court, Chesterfield VA 23120","23120","Chesterfield","Single Family Residence","08/18/2021","$351,857","$384,918","0","New (never occupied)","2021","Wynwood at Foxcreek","2,320","","4","3.1","Public Water","Sewer - Public","Conventional","Corporate"
"1001","2119276","8706-77-0466","CLOSD","9371 Kenna Way, Hanover VA 23116","23116","Hanover","Single Family Residence","08/18/2021","$370,000","$364,000","18","Resale (occupied at least once)","1994","Crown Colony","2,780","0.43","4","2.1","Public Water","Sewer - Public","Conventional","Individuals"
"1001","2119414","762-741-1014","CLOSD","1101 West Durwood Crescent, Henrico VA 23229","23229","Henrico","Single Family Residence","08/18/2021","$475,000","$500,000","7","Resale (occupied at least once)","1966","Sunset Hills","2,030","0.27","4","2.2","Public Water","Sewer - Public","Conventional","Individuals"
"1001","2119742","719-67-83-15-300-000","CLOSD","14904 Sandstone Ridge Court, Chesterfield VA 23112","23112","Chesterfield","Single Family Residence","08/18/2021","$360,000","$398,000","2","Resale (occupied at least once)","1990","Woodlake","2,360","0.33","4","2.1","Public Water","Sewer - Public","Conventional","Individuals"
"1001","2033982","20-28-B-1-0","CLOSD","3642 East Rocketts Ridge Road, Goochland VA 23153","23153","Goochland","Single Family Residence","08/18/2021","$605,000","$605,109","226","New (never occupied)","2020","Rocketts Ridge","3,038","1.67","3","3.0","Well","Septic - Conventional","Conventional","Corporate"
"1001","2119583","7870-75-5732","CLOSD","710 Park Street, Hanover VA 23005","23005","Hanover","Single Family Residence","08/18/2021","$425,000","$422,000","9","Resale (occupied at least once)","2016","Vaughan Heights-Hanover","2,477","0.39","4","2.1","Public Water","Sewer - Public","Conventional","Corporate"
"1001","2120211","W000-1454-017","CLOSD","12 South Auburn Avenue, Richmond City VA 23221","23221","Richmond City","Single Family Residence","08/18/2021","$375,000","$370,000","11","Resale (occupied at least once)","1913","None","1,486","0.08","3","1.0","Public Water","Sewer - Public","Conventional","Individuals"
"1001","2116840","838-684-4384","CLOSD","8301 Bradbury Road, Henrico VA 23231","23231","Henrico","Single Family Residence","08/18/2021","$199,950","$175,000","9","Resale (occupied at least once)","1950","None","960","7.00","3","1.0","Well","Septic - Conventional","Cash","Individuals"
"1001","2031873","711-66-16-03-200-000","CLOSD","9025 Forge Gate Lane, Chesterfield VA 23832","23832","Chesterfield","Single Family Residence","08/18/2021","$537,740","$600,670","0","New (never occupied)","2020","Harpers Mill","3,703","","5","4.1","Public Water","Sewer - Public","Conventional","Corporate"
"1001","2118524","8714-59-8670","CLOSD","7991 Wynbrook Lane, Hanover VA 23111","23111","Hanover","Single Family Residence","08/18/2021","$259,950","$263,500","0","Resale (occupied at least once)","1963","Spring Meadows","1,652","0.44","3","2.0","Public Water","Sewer - Public","VA New","Individuals"
"1001","2036902","C0081053086","CLOSD","5808 Olas Court, Richmond City VA 23224","23224","Richmond City","Single Family Residence","08/18/2021","$307,270","$308,985","0","New (never occupied)","2020","Governor's Retreat","2,480","","4","2.1","Public Water","Sewer - Public","Conventional","Corporate"
"1001","2123668","N000-1251-003","CLOSD","3312 Garland Avenue, Richmond City VA 23222","23222","Richmond City","Single Family Residence","08/18/2021","$180,000","$180,000","1","Resale (occupied at least once)","1923","North Richmond Terrace","1,964","0.15","4","1.1","Public Water","Sewer - Public","Cash","Individuals"
"1001","2123620","C009-0278-016","CLOSD","3113 Maurice Avenue, Richmond City VA 23224","23224","Richmond City","Single Family Residence","08/18/2021","$135,000","$136,000","3","Resale (occupied at least once)","1948","Mcguire Village","720","0.21","2","1.0","Public Water","Sewer - Public","Cash","Individuals"
"1001","2122732","8724-02-7566","CLOSD","6474 Harbor Drive, Hanover VA 23111","23111","Hanover","Single Family Residence","08/18/2021","$345,000","$386,000","6","Resale (occupied at least once)","2002","Yorke Pointe","2,084","0.35","4","2.1","Public Water","Sewer - Public","Conventional","Individuals"
"1001","2122549","780-743-6660","CLOSD","2309 Kenmore Road, Henrico VA 23228","23228","Henrico","Single Family Residence","08/18/2021","$225,000","$237,000","3","Resale (occupied at least once)","1949","Bryan Parkway","960","0.15","2","1.0","Public Water","Sewer - Public","Cash","Individuals"
"1001","2122222","766-759-2620","CLOSD","9424 Willow Ridge Drive, Henrico VA 23060","23060","Henrico","Single Family Residence","08/18/2021","$350,000","$350,000","3","Resale (occupied at least once)","1998","Hungary Ridge","1,906","0.21","4","2.1","Public Water","Sewer - Public","FHA New","Individuals"
"1001","2121958","C009-1026-006","CLOSD","4413 Arnwood Road, Richmond City VA 23234","23234","Richmond City","Single Family Residence","08/18/2021","$229,900","$241,900","3","Resale (occupied at least once)","1977","Johnsons Farm","1,523","0.53","3","2.1","Public Water","Sewer - Public","FHA New","Partnership"
"1001","2121899","754-756-1855","CLOSD","3403 Bartley Pond Place, Henrico VA 23233","23233","Henrico","Townhouse","08/18/2021","$289,950","$310,104","8","Resale (occupied at least once)","2007","Bartley Pond","1,632","0.05","3","3.0","Public Water","Sewer - Public","Conventional","Individuals"
"1001","2121752","C009-0551-027","CLOSD","4301 Norborne Road, Richmond City VA 23234","23234","Richmond City","Single Family Residence","08/18/2021","$199,000","$200,000","8","Resale (occupied at least once)","1951","Chatsworth","934","0.26","3","1.0","Public Water","Sewer - Public","Conventional","Corporate"
"1001","2121744","803-706-6633","CLOSD","1302 Bentbrook Drive, Henrico VA 23231","23231","Henrico","Single Family Residence","08/18/2021","$229,950","$243,000","5","Resale (occupied at least once)","1978","Foxboro North","1,860","0.27","4","3.0","Public Water","Sewer - Public","VHDA ","Individuals"
"1001","2121720","724-67-05-53-800-036","CLOSD","7307 Norwood Pond Place, Chesterfield VA 23112","23112","Chesterfield","Condominium","08/18/2021","$279,900","$305,000","5","Resale (occupied at least once)","2004","Villas Of Norwood Pond","1,927","27.42","3","2.1","Public Water","Sewer - Public","Conventional","Individuals"
"1001","2121681","774-68-59-05-400-000","CLOSD","5324 West Garthdale Road, Chesterfield VA 23234","23234","Chesterfield","Single Family Residence","08/18/2021","$265,000","$270,000","3","Resale (occupied at least once)","1959","Rock Spring Farms","1,524","0.41","4","2.0","Public Water","Sewer - Public","Cash","Individuals"
"1001","2121502","744-71-53-62-200-000","CLOSD","2101 Deauville Road, Chesterfield VA 23235","23235","Chesterfield","Single Family Residence","08/18/2021","$249,950","$275,000","7","Resale (occupied at least once)","1974","Greenfield","1,932","0.21","3","2.1","Public Water","Sewer - Public","Conventional","Individuals"
"1001","2121351","765-742-5960","CLOSD","6907 Vanderbilt Avenue, Henrico VA 23226","23226","Henrico","Single Family Residence","08/18/2021","$359,950","$387,500","7","Resale (occupied at least once)","2000","Crestview","1,682","0.18","3","2.1","Public Water","Sewer - Public","Conventional","Individuals"
"1001","2121350","767-738-0533","CLOSD","6224 Dustin Drive, Henrico VA 23226","23226","Henrico","Single Family Residence","08/18/2021","$379,950","$386,800","7","Resale (occupied at least once)","1947","Westview Manor","1,540","0.27","3","1.1","Public Water","Sewer - Public","Cash","Individuals"
"1001","2121233","W000-0812-039","CLOSD","9 North Granby Street, Richmond City VA 23220","23220","Richmond City","Single Family Residence","08/18/2021","$425,000","$466,100","5","Resale (occupied at least once)","1904","None","1,360","0.04","3","1.1","Public Water","Sewer - Public","Conventional","Individuals"
"1001","2121146","732-64-57-74-400-000","CLOSD","13307 Balta Turn, Chesterfield VA 23838","23838","Chesterfield","Single Family Residence","08/18/2021","$399,000","$420,000","3","Resale (occupied at least once)","2000","Second Branch Sec 1","2,814","1.57","5","3.0","Public Water","Septic - Conventional","Conventional","Individuals"
"1001","2121063","8704-57-7634","CLOSD","7395 Ford Avenue, Hanover VA 23111","23111","Hanover","Single Family Residence","08/18/2021","$274,950","$295,000","3","Resale (occupied at least once)","1961","Windy Hill Estates","1,560","0.46","3","2.0","Public Water","Sewer - Public","Cash","Individuals"
"1001","2120860","42-28-0-16-0","CLOSD","902 Newsome Court, Goochland VA 23063","23063","Goochland","Single Family Residence","08/18/2021","$370,000","$370,000","11","Resale (occupied at least once)","2014","Courthouse Commons","2,080","0.59","4","2.1","Public Water","Sewer - Public","Conventional","Individuals"
"1001","2120659","742-65-91-54-600-000","CLOSD","10211 Robbie Road, Chesterfield VA 23832","23832","Chesterfield","Single Family Residence","08/18/2021","$300,000","$323,000","6","Resale (occupied at least once)","1987","Huntwood","1,710","1.48","3","2.0","Well","Septic - Conventional","Conventional","Individuals"
"1001","2120555","789-65-70-59-700-000","CLOSD","11518 Chester Station Drive, Chesterfield VA 23831","23831","Chesterfield","Single Family Residence","08/18/2021","$239,950","$250,518","5","Resale (occupied at least once)","1983","Chester Station","1,288","0.26","3","2.0","Public Water","Sewer - Public","VA New","Individuals"
"1001","2120501","11   6     4","CLOSD","10240 Old Quarter Lane, New Kent VA 23124","23124","New Kent","Single Family Residence","08/18/2021","$268,000","$300,000","8","Resale (occupied at least once)","2019","Whitehouse Farms","1,470","0.45","3","2.0","Public Water","Septic - Conventional","Conventional","Individuals, Relocation"
"1001","2120272","E000-0803-013","CLOSD","3216 Q Street, Richmond City VA 23223","23223","Richmond City","Single Family Residence","08/18/2021","$225,000","$230,000","6","Resale (occupied at least once)","1920","None","1,120","0.04","3","1.0","Public Water","Sewer - Public","Conventional","Individuals"
"1001","2120270","8715-51-3938","CLOSD","7232 Loralea Drive, Hanover VA 23111","23111","Hanover","Single Family Residence","08/18/2021","$287,950","$290,000","9","Resale (occupied at least once)","1974","Loralea","1,568","0.57","3","2.0","Well","Septic - Conventional","FHA New","Individuals"
"1001","2120250","705-66-90-49-300-000","CLOSD","7400 Nicklaus Circle, Chesterfield VA 23120","23120","Chesterfield","Single Family Residence","08/18/2021","$375,000","$375,000","19","Resale (occupied at least once)","2015","Magnolia Green","2,314","0.13","3","2.1","Public Water","Sewer - Public","Conventional","Individuals"
"1001","2119996","S006-0213-004","CLOSD","5312 Sylvan Road, Richmond City VA 23225","23225","Richmond City","Single Family Residence","08/18/2021","$415,000","$430,000","2","Resale (occupied at least once)","1992","Westover Hills","1,629","0.31","3","2.1","Public Water","Sewer - Public","Conventional","Individuals"
"1001","2119952","33B7 4 1  81","CLOSD","5798 Yellow Jasmine Terrace, New Kent VA 23140","23140","New Kent","Single Family Residence","08/18/2021","$325,000","$335,000","6","Resale (occupied at least once)","2008","Oakmont Villas","2,058","0.15","3","2.0","Public Water","Sewer - Public","Conventional","Individuals"
"1001","2119826","733-70-30-78-500-000","CLOSD","525 Glenmeadow Terrace, Chesterfield VA 23114","23114","Chesterfield","Single Family Residence","08/18/2021","$389,950","$430,000","3","Resale (occupied at least once)","1978","Walton Park","2,217","0.24","4","2.1","Public Water","Sewer - Public","Conventional","Individuals"
"1001","2119766","752-742-8464","CLOSD","8705 Rolando Drive, Henrico VA 23229","23229","Henrico","Single Family Residence","08/18/2021","$250,000","$300,000","6","Resale (occupied at least once)","1955","Ridgecrest","1,989","0.27","3","2.1","Public Water","Sewer - Public","Cash","Individuals"
"1001","2119744","741-624-51-42-00000","CLOSD","15607 Chesdin Manor Drive, Chesterfield VA 23838","23838","Chesterfield","Single Family Residence","08/18/2021","$775,000","$785,000","16","Resale (occupied at least once)","2006","Chesdin Landing","5,160","2.16","5","4.1","Public Water","Septic - Conventional","VA New","Individuals"
"1001","2119716","797-713-7915.409","CLOSD","251 Rocketts Way #Unit409, Henrico VA 23231","23231","Henrico","Condominium","08/18/2021","$210,000","$210,000","7","Resale (occupied at least once)","2007","Village Of Rocketts Landing","765","0.02","1","1.0","Public Water","Sewer - Public","Conventional","Individuals"
"1001","2119524","792-64-86-82-100-000","CLOSD","3933 Cresthill Road, Chesterfield VA 23831","23831","Chesterfield","Single Family Residence","08/18/2021","$419,999","$415,000","8","Resale (occupied at least once)","1971","Hidden Valley Estates","3,750","0.64","5","3.1","Public Water","Sewer - Public","Other","Estate"
"1001","2119343","W000-1412-047","CLOSD","3115 Patterson Avenue #UnitU8, Richmond City VA 23221","23221","Richmond City","Condominium","08/18/2021","$224,999","$225,000","23","Resale (occupied at least once)","1920","None","775","0.02","1","1.0","Public Water","Sewer - Public","Conventional","Individuals"
"1001","2119295","729-66-81-97-000-000","CLOSD","13819 Gallant Fox Drive, Chesterfield VA 23112","23112","Chesterfield","Single Family Residence","08/18/2021","$310,000","$340,000","5","Resale (occupied at least once)","1994","Deer Run","1,910","0.30","4","2.1","Public Water","Sewer - Public","FHA New","Individuals"
"1001","2118892","N000-1071-013","CLOSD","3301 1st Avenue, Richmond City VA 23222","23222","Richmond City","Single Family Residence","08/18/2021","$324,950","$330,000","8","Resale (occupied at least once)","1904","Highland Park","1,882","","3","2.1","Public Water","Sewer - Public","Conventional","Individuals"
"1001","2118853","723-71-58-08-700-000","CLOSD","14125 Mortemer Road, Chesterfield VA 23113","23113","Chesterfield","Single Family Residence","08/18/2021","$650,000","$725,000","5","Resale (occupied at least once)","2000","Salisbury","3,861","0.38","4","3.1","Public Water","Sewer - Public","Conventional","Individuals"
"1001","2118463","711-66-11-08-000-000","CLOSD","16119 Turquoise Drive, Chesterfield VA 23832","23832","Chesterfield","Single Family Residence","08/18/2021","$584,900","$572,500","7","Resale (occupied at least once)","2019","Harpers Mill","3,203","0.29","4","3.0","Public Water","Sewer - Public","VA New","Individuals"
"1001","2118347","754-750-3353","CLOSD","8804 Lawndell Road, Henrico VA 23229","23229","Henrico","Single Family Residence","08/18/2021","$324,950","$325,000","21","Resale (occupied at least once)","1961","Wedgewood Park","2,125","0.27","4","2.1","Public Water","Sewer - Public","Conventional","Individuals"
"1001","2118229","820-723-7651","CLOSD","224 South Fern Avenue, Henrico VA 23075","23075","Henrico","Single Family Residence","08/18/2021","$209,900","$221,500","11","Resale (occupied at least once)","2010","Highland Springs","1,020","0.15","3","2.0","Public Water","Sewer - Public","FHA New","Individuals"
"1001","2117900","710-66-58-16-300-000","CLOSD","12324 Hampton Crossing Drive, Chesterfield VA 23832","23832","Chesterfield","Single Family Residence","08/18/2021","$464,000","$450,000","9","Resale (occupied at least once)","2004","Hampton Park","3,359","0.32","5","3.1","Public Water","Sewer - Public","Conventional","Individuals"
"1001","2117581","8706-83-1469","CLOSD","9180 Wyattwood Road, Hanover VA 23116","23116","Hanover","Single Family Residence","08/18/2021","$570,000","$570,000","4","Resale (occupied at least once)","1998","Berkeley Forest","3,916","0.45","5","3.1","Public Water","Sewer - Public","Conventional","Individuals"
"1001","2115497","770-69-49-39-300-000","CLOSD","2905 Haddington Court, Chesterfield VA 23224","23224","Chesterfield","Townhouse","08/18/2021","$199,900","$205,000","9","Resale (occupied at least once)","1973","Newberry Towne","1,512","0.05","3","1.1","Public Water","Sewer - Public","Conventional","Individuals"
"1001","2115078","8725-84-2767","CLOSD","6085 Campaign Trail, Hanover VA 23111","23111","Hanover","Single Family Residence","08/18/2021","$269,950","$275,750","6","Resale (occupied at least once)","1985","Battlefield Green","1,406","0.21","3","2.0","Public Water","Sewer - Public","Conventional","Individuals"
"1001","2114271","779-68-76-17-600-000","CLOSD","4411 Lingle Court, Chesterfield VA 23234","23234","Chesterfield","Single Family Residence","08/18/2021","$248,000","$262,000","3","Resale (occupied at least once)","1966","Beechwood","2,024","0.49","3","2.1","Public Water","Sewer - Public","Conventional","Individuals"
"1001","2112110","832-717-1120","CLOSD","2113 Pine Glen Court, Henrico VA 23150","23150","Henrico","Single Family Residence","08/18/2021","$289,000","$310,000","5","Resale (occupied at least once)","2003","Pine Creek","2,220","0.22","4","2.1","Public Water","Sewer - Public","Conventional","Individuals"
"1001","2111136","C009-0590-040","CLOSD","3125 Terminal Avenue, Richmond City VA 23234","23234","Richmond City","Single Family Residence","08/18/2021","$110,000","$110,000","3","Resale (occupied at least once)","1941","Cherry Gardens","1,251","0.29","2","1.1","Public Water","Sewer - Public","Other","Individuals"
"1001","2111128","C009-0590-042","CLOSD","3119 Terminal Avenue, Richmond City VA 23234","23234","Richmond City","Single Family Residence","08/18/2021","$110,000","$110,000","3","Resale (occupied at least once)","1940","Cherry Gardens","1,043","0.22","2","1.0","Public Water","Sewer - Public","Other","Individuals"
"1001","2110176","W000-0466-016","CLOSD","1000 West Avenue, Richmond City VA 23220","23220","Richmond City","Single Family Residence","08/18/2021","$819,000","$919,000","10","Resale (occupied at least once)","1894","None","2,462","0.07","3","2.1","Public Water","Sewer - Public","Cash","Individuals"
"1001","2108201","8733-28-4836","CLOSD","6293 Cold Harbor Road, Hanover VA 23111","23111","Hanover","Single Family Residence","08/18/2021","$239,950","$260,000","35","Resale (occupied at least once)","1978","Hanover Farms","1,438","1.46","3","1.1","Community Well","Septic - Conventional","VA New","Individuals"
"1001","2102611","764-64-24-78-400-000","CLOSD","8331 McKibben Drive, Chesterfield VA 23838","23838","Chesterfield","Single Family Residence","08/18/2021","$625,000","$605,000","145","New (never occupied)","2021","The Highlands","3,884","1.60","3","3.1","Public Water","Septic - Alternative","Cash","Corporate"
"1001","2101550","8706-57-7762","CLOSD","8117 Lyman Court, Hanover VA 23116","23116","Hanover","Single Family Residence","08/18/2021","$482,520","$492,520","0","New (never occupied)","2021","Rutland","2,568","","3","3.1","Public Water","Sewer - Public","Conventional","Corporate"
"1001","2118980","S000-1233-022","CLOSD","102 West 30th Street, Richmond City VA 23225","23225","Richmond City","Single Family Residence","08/19/2021","$269,950","$285,500","7","Resale (occupied at least once)","1929","Fonticello Park","1,337","0.17","2","1.0","Public Water","Sewer - Public","Conventional","Individuals"
"1001","2121824","N-000-1233-013","CLOSD","3205 Seminary Avenue, Richmond City VA 23227","23227","Richmond City","Single Family Residence","08/19/2021","$549,950","$562,500","5","Resale (occupied at least once)","1910","Ginter Park","2,087","","3","2.2","Public Water","Sewer - Public","Conventional","Individuals"
"1001","2112639","117539","CLOSD","8020 Uplands Drive, New Kent VA 23124","23124","New Kent","Single Family Residence","08/19/2021","$388,990","$388,990","8","New (never occupied)","2020","Arbors","2,527","","3","2.1","Public Water","Sewer - Public","VA New","Corporate"
"1001","2104373","796-65-16-27-800-000","CLOSD","2803 Jolly Lane, Chesterfield VA 23831","23831","Chesterfield","Single Family Residence","08/19/2021","$365,000","$348,644","33","Resale (occupied at least once)","1991","Cedar Run","2,685","0.47","5","3.0","Public Water","Sewer - Public","Other","Individuals"
"1001","2118542","787-65-28-57-700-000","CLOSD","12308 Buckingham Street, Chesterfield VA 23831","23831","Chesterfield","Single Family Residence","08/19/2021","$309,900","$330,000","4","Resale (occupied at least once)","1947","Bruce Farms","3,405","0.47","3","2.0","Public Water","Sewer - Public","VA New","Individuals"
"1001","2114373","771675128300000","CLOSD","6424 Faulkner DR, Chesterfield VA 23234","23234","Chesterfield","Single Family Residence","08/19/2021","$442,810","$455,000","7","New (never occupied)","2021","Watermark","2,511","","5","3.0","Public Water","Sewer - Public","VA New","Corporate"
"1001","2117885","711-67-33-81-100-000","CLOSD","6606 Fieldtan Trail, Chesterfield VA 23120","23120","Chesterfield","Single Family Residence","08/19/2021","$565,000","$565,000","21","Resale (occupied at least once)","2008","Foxcreek","4,518","0.39","5","4.1","Public Water","Sewer - Public","Conventional","Individuals"
"1001","2037772","C-005-0351-013","CLOSD","1704 German School Road, Richmond City VA 23225","23225","Richmond City","Single Family Residence","08/19/2021","$350,645","$351,285","14","New (never occupied)","2021","Westlake","1,808","","3","2.1","Public Water","Sewer - Public","Conventional","Corporate"
"1001","2121077","737-757-1199","CLOSD","11709 Rutgers Drive, Henrico VA 23233","23233","Henrico","Single Family Residence","08/19/2021","$475,000","$490,000","6","Resale (occupied at least once)","1993","Glen Gary","2,742","0.23","4","2.1","Public Water","Sewer - Public","Conventional","Individuals"
"1001","2118856","717-67-89-09-900-000","CLOSD","5507 Windy Ridge Drive, Chesterfield VA 23112","23112","Chesterfield","Single Family Residence","08/19/2021","$345,000","$350,000","30","Resale (occupied at least once)","1990","Woodlake","2,029","0.18","4","2.1","Public Water","Sewer - Public","Conventional","Individuals"
"1001","2107947","To be determined","CLOSD","1633 Westhall Gardens Drive #Unit26-3, Chesterfield VA 23235","23235","Chesterfield","Townhouse","08/19/2021","$348,535","$348,535","0","New (never occupied)","2021","The Townes At Notting Place","1,718","","2","2.1","Public Water","Sewer - Public","Conventional","Corporate"
"1001","2101216","8728-44-1843","CLOSD","11419 Colwick Trace, Hanover VA 23116","23116","Hanover","Single Family Residence","08/19/2021","$584,492","$653,626","3","New (never occupied)","2021","Glebe Hill","3,112","1.59","6","4.1","Well","Community - Sewer/Septic","Conventional","Corporate"
"1001","2120549","796-61-68-18-900-000","CLOSD","19707 Derrick Lane, Chesterfield VA 23834","23834","Chesterfield","Single Family Residence","08/19/2021","$209,000","$225,000","9","Resale (occupied at least once)","2014","None","1,056","0.32","3","2.0","Public Water","Sewer - Public","VHDA/FHA","Individuals"
"1001","2101048","709675004000000","CLOSD","17013 Thornapple Court, Chesterfield VA 23120","23120","Chesterfield","Single Family Residence","08/19/2021","$345,035","$374,490","0","New (never occupied)","2021","Wynwood at Foxcreek","2,073","","3","2.1","Public Water","Sewer - Public","VA New","Corporate"
"1001","2120650","S006-0266-010","CLOSD","5100 Devonshire Road, Richmond City VA 23225","23225","Richmond City","Single Family Residence","08/19/2021","$397,950","$412,000","7","Resale (occupied at least once)","1938","Westover Hills","1,886","0.25","5","2.0","Public Water","Sewer - Public","Conventional","Individuals"
"1001","2118040","7833-09-0624","CLOSD","15551 Mount Air Court, Hanover VA 23192","23192","Hanover","Single Family Residence","08/19/2021","$401,590","$401,590","7","Resale (occupied at least once)","1995","Goshen Woods","2,132","13.27","3","2.0","Well","Septic - Conventional","Conventional","Individuals"
"1001","2120556","726-65-99-22-500-000","CLOSD","10100 Cravensford Terrace, Chesterfield VA 23112","23112","Chesterfield","Single Family Residence","08/19/2021","$395,000","$390,000","16","Resale (occupied at least once)","2019","Collington","2,020","0.31","3","2.1","Public Water","Sewer - Public","Conventional","Individuals"
"1001","2101985","To be determined","CLOSD","1641 Westhall Gardens Drive #Unit24-3, Chesterfield VA 23235","23235","Chesterfield","Townhouse","08/19/2021","$338,830","$363,090","0","New (never occupied)","2021","The Townes At Notting Place","1,718","","2","2.1","Public Water","Sewer - Public","Cash","Corporate"
"1001","2118044","C001-0891-202","CLOSD","3416 Rivanna Drive, Richmond City VA 23235","23235","Richmond City","Single Family Residence","08/19/2021","$459,000","$457,000","22","Resale (occupied at least once)","2007","James River Commons","3,290","0.16","3","3.1","Public Water","Sewer - Public","Conventional","Individuals"
"1001","2120427","812-731-1629","CLOSD","1905 Weatherfield Way, Henrico VA 23223","23223","Henrico","Single Family Residence","08/19/2021","$265,000","$265,000","2","Resale (occupied at least once)","2009","Kensington Meadows","1,716","0.32","3","2.1","Public Water","Sewer - Public","FHA New","Individuals"
"1001","2120847","7797-44-5635","CLOSD","10229 Guenevere Court, Hanover VA 23116","23116","Hanover","Single Family Residence","08/19/2021","$264,950","$279,000","12","Resale (occupied at least once)","1988","Castlewood","1,216","0.37","3","2.0","Public Water","Sewer - Public","Conventional","Individuals"
"1001","2121158","N018-0531-001","CLOSD","717 Rex Avenue, Richmond City VA 23222","23222","Richmond City","Single Family Residence","08/19/2021","$179,950","$205,000","4","Resale (occupied at least once)","1972","Oak Park","975","0.18","3","1.1","Public Water","Sewer - Public","Conventional","Individuals"
"1001","2118377","S007-1581-002","CLOSD","2216 Royall Avenue, Richmond City VA 23224","23224","Richmond City","Single Family Residence","08/19/2021","$154,000","$155,000","15","Resale (occupied at least once)","1939","None","904","0.16","2","1.0","Public Water","Sewer - Public","FHA New","Individuals"
"1001","2122154","7797-22-4816","CLOSD","10296 Grand Hickory Drive, Hanover VA 23116","23116","Hanover","Single Family Residence","08/19/2021","$339,995","$351,000","5","Resale (occupied at least once)","1999","Hickory Ridge","2,122","0.34","4","2.1","Public Water","Sewer - Public","Conventional","Individuals"
"1001","2118383","747-746-3559.302","CLOSD","1505 Thistle Road #Unit202, Henrico VA 23238","23238","Henrico","Condominium","08/19/2021","$164,950","$164,950","2","Resale (occupied at least once)","1981","Regency Woods Condominiums","1,176","0.03","2","2.0","Public Water","Sewer - Public","Conventional","Individuals"
"1001","2121317","769-69-37-09-600-000","CLOSD","3206 Kim Drive, Chesterfield VA 23224","23224","Chesterfield","Townhouse","08/19/2021","$197,500","$195,000","3","Resale (occupied at least once)","2006","Ashley Village","1,292","0.04","3","2.1","Public Water","Sewer - Public","FHA New","Individuals"
"1001","2033854","710-66-17-31-500-000","CLOSD","8848 Forge Gate Lane, Chesterfield VA 23832","23832","Chesterfield","Single Family Residence","08/19/2021","$465,950","$598,932","0","New (never occupied)","2021","Harpers Mill","3,525","","4","4.1","Public Water","Sewer - Public","Conventional","Corporate"
"1001","2122199","738-69-46-36-800-000","CLOSD","1731 Winbury Drive, Chesterfield VA 23114","23114","Chesterfield","Single Family Residence","08/19/2021","$337,000","$339,000","0","Resale (occupied at least once)","1998","Westbury","2,201","0.21","4","2.1","Public Water","Sewer - Public","Cash","Individuals"
"1001","2121501","804-697-6190","CLOSD","7004 Wildwood Street, Henrico VA 23231","23231","Henrico","Single Family Residence","08/19/2021","$207,000","$215,000","5","Resale (occupied at least once)","2002","Sunset Heights","1,008","0.24","3","2.0","Well","Sewer - Public","Conventional","Individuals"
"1001","2114927","S007-0983-014","CLOSD","1407 Lenmore Street, Richmond City VA 23224","23224","Richmond City","Single Family Residence","08/19/2021","$148,000","$156,500","28","Resale (occupied at least once)","1942","Richmond Summit","624","0.09","2","1.0","Public Water","Sewer - Public","Conventional","Corporate"
"1001","2123523","727-68-85-14-200-018","CLOSD","2810 Woodbridge Crossing Court #Unit2810, Chesterfield VA 23112","23112","Chesterfield","Condominium","08/19/2021","$179,900","$179,900","4","Resale (occupied at least once)","1981","Woodbridge Crossing","1,125","9.02","2","2.0","Public Water","Sewer - Public","Cash","Individuals"
"1001","2122335","7827-71-1868","CLOSD","15451 Beaver Den Lane, Hanover VA 23015","23015","Hanover","Single Family Residence","08/19/2021","$504,950","$504,950","5","Resale (occupied at least once)","2006","Anderson Mill","3,357","10.00","4","2.1","Well","Septic - Conventional","Conventional","Individuals"
"1001","2121978","759-68-86-38-300-000","CLOSD","8349 Hunton Circle, Chesterfield VA 23235","23235","Chesterfield","Single Family Residence","08/19/2021","$235,000","$240,000","3","Resale (occupied at least once)","1976","Bedford","1,605","0.30","3","2.0","Public Water","Sewer - Public","Conventional","Individuals"
"1001","2121626","739-774-7187","CLOSD","12133 Grey Oaks Park Road, Henrico VA 23059","23059","Henrico","Single Family Residence","08/19/2021","$689,900","$775,000","5","Resale (occupied at least once)","2009","Ketterley At Grey Oaks","4,150","0.31","4","3.1","Public Water","Sewer - Public","Conventional","Individuals"
"1001","2121622","758-69-85-44-400-000","CLOSD","8212 Stone River Court, Chesterfield VA 23235","23235","Chesterfield","Single Family Residence","08/19/2021","$274,900","$290,000","5","Resale (occupied at least once)","1989","Stonemill","1,820","0.26","3","2.0","Public Water","Sewer - Public","Conventional","Individuals"
"1001","2121484","818-688-8778","CLOSD","2812 Lammrich Road, Henrico VA 23231","23231","Henrico","Single Family Residence","08/19/2021","$300,000","$325,000","4","Resale (occupied at least once)","1986","Old Mill Estates","1,726","1.10","3","2.0","Well","Septic - Conventional","Conventional","Individuals"
"1001","2121395","747-70-38-77-300-000","CLOSD","10223 Redbridge Road, Chesterfield VA 23236","23236","Chesterfield","Single Family Residence","08/19/2021","$220,000","$240,000","6","Resale (occupied at least once)","1979","Shenandoah Hills","1,200","0.29","3","1.1","Public Water","Sewer - Public","Conventional","Individuals"
"1001","2121286","724-65-98-77-200-000","CLOSD","9330 Mahogany Drive, Chesterfield VA 23832","23832","Chesterfield","Single Family Residence","08/19/2021","$425,000","$440,000","3","Resale (occupied at least once)","2003","Summerford","2,869","0.36","4","2.1","Public Water","Sewer - Public","VA New","Individuals"
"1001","2121266","738-62-20-08-900-000","CLOSD","15713 Chesdin Point Drive, Chesterfield VA 23838","23838","Chesterfield","Single Family Residence","08/19/2021","$1,150,000","$1,086,000","6","Resale (occupied at least once)","2000","Chesdin Landing","4,941","4.08","5","4.1","Public Water","Septic - Conventional","Conventional","Individuals"
"1001","2121065","S000-2484-001","CLOSD","4316 New Kent Avenue, Richmond City VA 23225","23225","Richmond City","Single Family Residence","08/19/2021","$422,950","$475,000","5","Resale (occupied at least once)","1925","Forest Hill Park","1,698","0.14","3","2.1","Public Water","Sewer - Public","Conventional","Individuals"
"1001","2120989","739-774-4995","CLOSD","12138 Grey Oaks Park Road, Henrico VA 23059","23059","Henrico","Single Family Residence","08/19/2021","$795,000","$750,000","21","Resale (occupied at least once)","2009","Ketterley At Grey Oaks","5,639","0.46","5","5.1","Public Water","Sewer - Public","Cash","Individuals"
"1001","2120753","763-763-0486","CLOSD","3505 Gwynns Place, Henrico VA 23060","23060","Henrico","Townhouse","08/19/2021","$379,950","$375,000","4","Resale (occupied at least once)","2005","Townes At Crossridge","2,020","0.08","3","2.1","Public Water","Sewer - Public","Cash","Individuals"
"1001","2120711","W000-1704-091","CLOSD","405 North Hamilton Street #UnitUB, Richmond City VA 23221","23221","Richmond City","Condominium","08/19/2021","$230,000","$245,000","5","Resale (occupied at least once)","1962","Mount Vernon Condominiums","828","0.02","2","1.1","Public Water","Sewer - Public","Conventional","Individuals"
"1001","2120667","741-769-7667","CLOSD","11824 Autumnwood Court, Henrico VA 23059","23059","Henrico","Single Family Residence","08/19/2021","$509,950","$545,000","5","Resale (occupied at least once)","2000","Autumnwood @ Twin Hickory","2,964","0.25","4","2.1","Public Water","Sewer - Public","Conventional","Individuals"
"1001","2120453","849-710-9653","CLOSD","209 Robbinwood Lane, Henrico VA 23150","23150","Henrico","Single Family Residence","08/19/2021","$250,000","$280,000","3","Resale (occupied at least once)","1987","Robbin Dale Farms","1,639","1.04","3","2.0","Well","Septic - Conventional","Conventional","Individuals"
"1001","2120366","736-746-3807","CLOSD","1515 Edenburry Drive, Henrico VA 23238","23238","Henrico","Single Family Residence","08/19/2021","$399,900","$430,000","4","Resale (occupied at least once)","1977","Gayton Green","2,676","0.31","4","3.0","Public Water","Sewer - Public","Conventional","Individuals"
"1001","2120260","742-69-92-59-300-000","CLOSD","636 Coralberry Drive, Chesterfield VA 23236","23236","Chesterfield","Single Family Residence","08/19/2021","$305,000","$325,000","6","Resale (occupied at least once)","1984","Monacan Hills","1,824","0.26","4","2.1","Public Water","Sewer - Public","VA New","Individuals"
"1001","2120257","784-66-77-63-600-000","CLOSD","9603 Tilehurst Court, Chesterfield VA 23237","23237","Chesterfield","Single Family Residence","08/19/2021","$283,000","$285,000","7","Resale (occupied at least once)","1975","Kendale Acres","2,028","0.30","4","2.1","Public Water","Sewer - Public","FHA New","Individuals"
"1001","2120096","735-71-37-10-500-000","CLOSD","11901 Deerhurst Drive, Chesterfield VA 23113","23113","Chesterfield","Single Family Residence","08/19/2021","$339,950","$345,000","3","Resale (occupied at least once)","1974","Old Buckingham Forest","2,264","0.39","4","2.1","Public Water","Sewer - Public","Conventional","Individuals"
"1001","2119886","734-757-8376","CLOSD","12108 Rutgers Drive, Henrico VA 23233","23233","Henrico","Single Family Residence","08/19/2021","$339,950","$360,000","4","Resale (occupied at least once)","1990","Broadford","1,855","0.18","3","2.1","Public Water","Sewer - Public","Conventional","Individuals"
"1001","2119861","743-759-9388","CLOSD","3811 Fish Pond Lane, Henrico VA 23060","23060","Henrico","Townhouse","08/19/2021","$400,000","$405,000","8","Resale (occupied at least once)","2010","West Broad Village","2,234","0.04","2","2.1","Public Water","Sewer - Public","Conventional","Individuals"
"1001","2119621","756-764-6278","CLOSD","5005 Meredith Woods Road, Henrico VA 23060","23060","Henrico","Single Family Residence","08/19/2021","$262,500","$250,000","19","Resale (occupied at least once)","1984","Meredith Woods","1,594","0.20","3","1.1","Public Water","Sewer - Public","Cash","Individuals"
"1001","2119502","732-757-9421","CLOSD","12600 Hidden Oaks Lane, Henrico VA 23233","23233","Henrico","Single Family Residence","08/19/2021","$385,000","$390,000","5","Resale (occupied at least once)","1993","Creekwood - Henrico","1,948","0.26","4","2.1","Public Water","Sewer - Public","Conventional","Individuals"
"1001","2119277","706-67-10-45-200-000","CLOSD","12212 Golden Aster Terrace, Chesterfield VA 23120","23120","Chesterfield","Single Family Residence","08/19/2021","$650,000","$640,000","8","Resale (occupied at least once)","2011","Magnolia Green","4,787","0.27","5","3.1","Public Water","Sewer - Public","Conventional","Individuals"
"1001","2118637","753-69-12-55-600-000","CLOSD","2804 St Regis Drive, Chesterfield VA 23236","23236","Chesterfield","Single Family Residence","08/19/2021","$474,995","$470,000","25","Resale (occupied at least once)","1988","Bexley West","3,422","0.59","5","2.1","Public Water","Sewer - Public","Conventional","Individuals"
"1001","2118604","763-68-44-95-400-000","CLOSD","7436 Drexelbrook Road, Chesterfield VA 23832","23832","Chesterfield","Single Family Residence","08/19/2021","$260,000","$260,000","6","Resale (occupied at least once)","1986","Pennwood","1,796","0.63","3","2.1","Public Water","Sewer - Public","FHA New","Individuals"
"1001","2118290","745-740-0073","CLOSD","709 Chiswick Park Road, Henrico VA 23229","23229","Henrico","Townhouse","08/19/2021","$795,000","$750,000","27","Resale (occupied at least once)","2013","Grayson Hill","2,829","0.08","3","3.1","Public Water","Sewer - Public","Cash","Individuals"
"1001","2118278","8706-52-3642","CLOSD","8229 Eagle Creek Place, Hanover VA 23116","23116","Hanover","Single Family Residence","08/19/2021","$480,000","$470,000","26","Resale (occupied at least once)","2003","None","3,896","0.59","5","3.1","Public Water","Sewer - Public","Conventional","Individuals"
"1001","2118269","787-770-7127","CLOSD","4204 Wellston Place, Henrico VA 23059","23059","Henrico","Townhouse","08/19/2021","$274,950","$277,000","8","Resale (occupied at least once)","2008","Villages At The Crossings","1,848","0.05","3","2.1","Public Water","Sewer - Public","VHDA/FHA","Individuals"
"1001","2118139","8716-71-1822","CLOSD","9065 Haversack Lane, Hanover VA 23116","23116","Hanover","Single Family Residence","08/19/2021","$424,950","$452,000","4","Resale (occupied at least once)","2004","The Bluffs At Bell Creek","3,288","0.17","4","3.1","Public Water","Sewer - Public","Conventional","Individuals"
"1001","2117815","758-766-7654","CLOSD","5223 Reids Pointe Road, Henrico VA 23060","23060","Henrico","Single Family Residence","08/19/2021","$350,000","$345,000","24","Resale (occupied at least once)","1987","Reids Pointe","2,294","0.28","4","2.1","Public Water","Sewer - Public","Conventional","Individuals"
"1001","2117703","8706-74-7138","CLOSD","8100 Perrincrest Place, Hanover VA 23116","23116","Hanover","Single Family Residence","08/19/2021","$459,900","$470,000","9","Resale (occupied at least once)","1999","Berkeley Forest","2,900","0.41","4","2.1","Public Water","Sewer - Public","VA New","Individuals"
"1001","2116699","C007-0469-006","CLOSD","1601 Bramwell Road, Richmond City VA 23225","23225","Richmond City","Single Family Residence","08/19/2021","$150,000","$160,000","4","Resale (occupied at least once)","1958","Laurel Meadows","864","0.38","3","1.0","Public Water","Sewer - Public","Conventional","Individuals"
"1001","2116589","722-65-77-06-800-000","CLOSD","11207 Lost Parrish Drive, Chesterfield VA 23832","23832","Chesterfield","Single Family Residence","08/19/2021","$425,000","$425,000","4","New (never occupied)","2021","Willow Creek","2,300","0.33","4","2.1","Public Water","Sewer - Public","Conventional","Corporate"
"1001","2116564","769-64-78-40-000-000","CLOSD","8437 Macandrew Terrace, Chesterfield VA 23838","23838","Chesterfield","Single Family Residence","08/19/2021","$500,000","$480,000","30","Resale (occupied at least once)","2004","The Highlands","2,999","2.78","5","2.1","Public Water","Septic - Conventional","Conventional","Individuals"
"1001","2115795","58-50-10-3-0","CLOSD","311 Piping Rock Road, Goochland VA 23103","23103","Goochland","Single Family Residence","08/19/2021","$669,900","$689,900","3","Resale (occupied at least once)","2019","Kinloch","2,397","0.24","3","3.1","Public Water","Sewer - Public","Conventional","Individuals"
"1001","2114746","850-714-0347","CLOSD","101 Dilworth Circle, Henrico VA 23150","23150","Henrico","Single Family Residence","08/19/2021","$309,000","$290,000","6","Resale (occupied at least once)","1967","Bradley Acres","2,112","1.01","3","2.1","Public Water","Sewer - Public","FHA New","Estate"
"1001","2114593","754-71-56-42-800-000","CLOSD","1921 Chatsworth Avenue, Chesterfield VA 23235","23235","Chesterfield","Single Family Residence","08/19/2021","$299,900","$300,000","8","Resale (occupied at least once)","1955","None","1,748","0.64","4","2.0","Well","Septic - Conventional","Cash","Corporate"
"1001","2032200","Not Yet Assigned","CLOSD","12036 Talavera Terrace, Goochland VA 23238","23238","Goochland","Townhouse","08/19/2021","$421,450","$444,900","0","New (never occupied)","2020","Mosaic at West Creek","2,149","","2","2.1","Public Water","Sewer - Public","Conventional","Corporate"
"1001","2022979","to be assigned","CLOSD","5706 Grove Avenue #Unit301, Richmond City VA 23226","23226","Richmond City","Condominium","08/19/2021","$1,575,000","$1,628,000","152","New (never occupied)","2020","None","2,979","","3","3.1","Public Water","Sewer - Public","Conventional","Other"
"1001","1939046","CND","CLOSD","10338 Farm Glen Way #UnitFSD-15, Hanover VA 23059","23059","Hanover","Condominium","08/19/2021","$333,710","$339,465","142","New (never occupied)","2019","Chickahominy Falls","1,547","","2","2.0","Public Water","Sewer - Public","Cash","Corporate"
"1001","REIN10397158","47-3-2","CLOSD","4511 Gelding Road, New Kent VA 23011","23011","New Kent","Single Family Residence","08/19/2021","$589,900","$589,900","0","New (never occupied)","2021","ALL OTHERS AREA 140","2,596","","4","3.0","Well","Septic","",""
"1001","REIN10374996","117539","CLOSD","8020 Uplands Drive, New Kent VA 23124","23124","New Kent","Single Family Residence","08/19/2021","$388,990","$388,990","1","New (never occupied)","2021","NEW KENT","2,527","","3","3.0","Public Water","Public Sewer On Site","",""
