"#","ML #","PID","Status","Address Line","Zip","County/City","Type","Sales Date","List Price","Sales Price","Days On Market","New/Resale","Year Built","Subdivision","SqFtTotal","Acres","# Bedrooms","Total Baths","Water","Sewer","Sold Terms","Owned By"
"1","2310340","776-765-0572","CLOSD","10517 Woodman Road, Henrico VA 23060","23060","Henrico","Single Family Residence","07/10/2023","$795,000","$795,000","3","Resale (occupied at least once)","1993","Acreage","3,900","2.45","3","2.1","Public Water","Sewer - Public","Conventional","Individuals"
"1","2310093","028-5-9C","CLOSD","2171 Hunters Mill Road, Powhatan VA 23139","23139","Powhatan","Single Family Residence","07/10/2023","$625,000","$640,000","24","Resale (occupied at least once)","1993","Hunters Mill","3,220","10.46","4","2.1","Well","Septic - Conventional","VA New","Individuals"
"1","2211883","TBD","CLOSD","1033 N Lombardy Street #UnitB, Richmond City VA 23220","23220","Richmond City","Condominium","07/10/2023","$529,990","$525,990","186","New (never occupied)","2022","Carver Square","2,518","","3","2.1","Public Water","Sewer - Public","Conventional","Corporate"
"1","2311772","825-692-4882","CLOSD","3510 Chillingham Court, Henrico VA 23231","23231","Henrico","Single Family Residence","07/10/2023","$449,999","$449,999","3","Resale (occupied at least once)","2017","Castleton","2,946","0.28","4","3.1","Public Water","Community - Sewer/Septic","VA New","Corporate"
"1","2231424","713-67-08-49-400-000","CLOSD","7041 Leire Lane, Chesterfield VA 23832","23832","Chesterfield","Townhouse","07/10/2023","$364,095","$350,950","5","New (never occupied)","2022","Cosby Village Townhomes","2,048","","3","3.1","Public Water","Sewer - Public","Conventional","Corporate"
"1","2224575","771683276400000","CLOSD","6000 Bison Ford Drive, Chesterfield VA 23234","23234","Chesterfield","Single Family Residence","07/10/2023","$389,155","$385,155","0","New (never occupied)","2022","Jessup Meadows","1,903","","4","2.1","Public Water","Sewer - Public","Conventional","Corporate"
"1","2313398","748-750-8358","CLOSD","9606 January Court, Henrico VA 23238","23238","Henrico","Single Family Residence","07/10/2023","$475,000","$505,000","5","Resale (occupied at least once)","1982","Oldhouse Run","2,393","0.27","4","2.1","Public Water","Sewer - Public","VA New","Individuals"
"1","2311560","S000-1123-016","CLOSD","2802 Midlothian Turnpike, Richmond City VA 23224","23224","Richmond City","Single Family Residence","07/10/2023","$314,995","$302,500","25","Resale (occupied at least once)","1949","Swansboro","1,296","0.13","3","2.0","Public Water","Sewer - Public","Conventional","Corporate"
"1","2311641","738-71-19-98-900-000","CLOSD","1608 Sandgate Road, Chesterfield VA 23113","23113","Chesterfield","Single Family Residence","07/10/2023","$439,000","$449,000","1","Resale (occupied at least once)","1969","Olde Coach Village","2,132","0.34","4","2.1","Public Water","Sewer - Public","Conventional","Individuals"
"1","2313563","797-737-0912","CLOSD","908 Pensacola Avenue, Henrico VA 23222","23222","Henrico","Single Family Residence","07/10/2023","$289,900","$305,000","5","Resale (occupied at least once)","2007","Highland Park Annex","1,364","0.14","3","2.0","Public Water","Sewer - Public","Conventional","Individuals"
"1","2313381","776-765-0492","CLOSD","10531 Woodman Road, Henrico VA 23060","23060","Henrico","Single Family Residence","07/10/2023","$200,000","$200,000","2","Resale (occupied at least once)","1960","Acreage","786","","1","1.0","Public Water","Sewer - Public","Cash","Individuals"
"1","2312050","700-64-07-13-700-000","CLOSD","13300 Cedar Creek Road, Chesterfield VA 23838","23838","Chesterfield","Single Family Residence","07/10/2023","$300,000","$315,000","5","Resale (occupied at least once)","1971","None","1,152","1.02","3","2.0","Well","Septic - Conventional","FHA New","Individuals"
"1","2311779","819-729-9442","CLOSD","331 Forest Avenue, Henrico VA 23223","23223","Henrico","Single Family Residence","07/10/2023","$339,950","$334,000","22","Resale (occupied at least once)","1971","Acreage","1,864","0.90","3","1.1","Public Water","Sewer - Public","FHA New","Individuals"
"1","2307823","770-68-70-11-600-000","CLOSD","4911 Turner Road, Chesterfield VA 23234","23234","Chesterfield","Single Family Residence","07/10/2023","$315,000","$307,000","44","Resale (occupied at least once)","1957","None","2,183","0.97","3","2.0","Public Water","Septic - Conventional","Conventional","Individuals"
"1","2309213","753-751-0416","CLOSD","1914 Sweetwater Lane, Henrico VA 23229","23229","Henrico","Single Family Residence","07/10/2023","$399,900","$402,000","46","Resale (occupied at least once)","1964","Three Chopt Estates","1,771","0.25","3","2.0","Public Water","Sewer - Public","Conventional","Corporate"
"1","2216635","714-67-10-02-300-000","CLOSD","7005 Leire Lane, Chesterfield VA 23832","23832","Chesterfield","Townhouse","07/10/2023","$423,950","$454,085","0","New (never occupied)","2022","Cosby Village Townhomes","2,304","","3","2.1","Public Water","Sewer - Public","Conventional","Corporate"
"1","2312056","788-67-78-75-900-000","CLOSD","3031 Libwood Avenue, Chesterfield VA 23237","23237","Chesterfield","Single Family Residence","07/10/2023","$280,000","$280,000","9","Resale (occupied at least once)","2009","Rayon Park","1,284","0.26","3","2.0","Public Water","Sewer - Public","Conventional","Individuals"
"1","2312879","772-735-5697.032","CLOSD","5100 Monument Avenue #Unit314, Henrico VA 23230","23230","Henrico","Condominium","07/10/2023","$249,950","$230,000","18","Resale (occupied at least once)","1961","5100 Monument","1,295","0.03","2","2.0","Public Water","Sewer - Public","Cash","Individuals"
"1","2313568","809-729-5682","CLOSD","4118 Dominion Townes Circle, Henrico VA 23223","23223","Henrico","Townhouse","07/10/2023","$264,950","$262,950","4","Resale (occupied at least once)","2006","Dominion Townes","1,440","0.04","3","2.1","Public Water","Sewer - Public","FHA New","Individuals"
"1","2314836","726-66-04-28-600-000","CLOSD","9143 Sir Britton Drive, Chesterfield VA 23832","23832","Chesterfield","Single Family Residence","07/10/2023","$429,000","$450,100","6","Resale (occupied at least once)","2009","The Woods At Summerford","2,346","0.29","4","2.0","Public Water","Sewer - Public","Cash","Individuals"
"1","2314447","738-68-83-54-600-000","CLOSD","3003 Duck River Court, Chesterfield VA 23112","23112","Chesterfield","Single Family Residence","07/10/2023","$204,950","$195,000","3","Resale (occupied at least once)","1985","Plum Creek At South Ridge","852","0.25","2","1.0","Public Water","Sewer - Public","Cash","Estate"
"1","2314260","775-66-14-57-700-000","CLOSD","6001 Holly Trace Terrace, Chesterfield VA 23832","23832","Chesterfield","Single Family Residence","07/10/2023","$270,000","$276,000","5","Resale (occupied at least once)","1994","Holly Trace","1,088","0.22","3","2.0","Public Water","Sewer - Public","Cash","Individuals"
"1","2314247","W000-1626-044","CLOSD","3410 Monument Avenue #UnitU304, Richmond City VA 23221","23221","Richmond City","Condominium","07/10/2023","$205,000","$226,000","7","Resale (occupied at least once)","1924","Monument Terrace","487","0.00","1","1.0","Public Water","Sewer - Public","Cash","Individuals"
"1","2314242","20-14-11A","CLOSD","9290 Topeka, New Kent VA 23141","23141","New Kent","Single Family Residence","07/10/2023","$479,950","$485,000","5","Resale (occupied at least once)","2013","None","1,780","","3","2.0","Well","Septic - Conventional","VA New","Individuals"
"1","2314205","755-741-3578","CLOSD","8404 Weldon Drive, Henrico VA 23229","23229","Henrico","Single Family Residence","07/10/2023","$399,950","$420,000","14","Resale (occupied at least once)","1953","Beverly Hills","1,224","0.26","3","2.0","Public Water","Sewer - Public","Conventional","Individuals"
"1","2314086","767-738-7587","CLOSD","6217 Monument Avenue, Henrico VA 23226","23226","Henrico","Single Family Residence","07/10/2023","$499,000","$500,000","5","Resale (occupied at least once)","1957","Westview Manor","1,760","0.19","3","2.0","Public Water","Sewer - Public","Conventional","Individuals"
"1","2314039","725-68-61-79-900-000","CLOSD","14101 Liberty Oaks Circle, Chesterfield VA 23112","23112","Chesterfield","Single Family Residence","07/10/2023","$348,000","$348,000","3","Resale (occupied at least once)","1984","The Oaks","1,508","0.16","3","2.0","Public Water","Sewer - Public","Conventional","Individuals"
"1","2313954","8725-26-6825","CLOSD","6831 Turnage Lane, Hanover VA 23111","23111","Hanover","Single Family Residence","07/10/2023","$484,000","$495,000","6","Resale (occupied at least once)","2001","Sherrington","2,516","0.21","4","2.1","Public Water","Sewer - Public","Conventional","Individuals"
"1","2313799","W000-1282-010","CLOSD","2905 Ellwood Avenue, Richmond City VA 23221","23221","Richmond City","Single Family Residence","07/10/2023","$625,000","$730,000","7","Resale (occupied at least once)","1911","None","1,962","0.09","3","2.1","Public Water","Sewer - Public","Conventional","Individuals"
"1","2313776","773-66-84-44-700-000","CLOSD","6402 Leisure Terrace, Chesterfield VA 23237","23237","Chesterfield","Single Family Residence","07/10/2023","$274,950","$291,000","4","Resale (occupied at least once)","1990","The Park","1,144","0.21","3","2.0","Public Water","Sewer - Public","Conventional","Individuals"
"1","2313738","810-730-2803","CLOSD","1154 Leslie Ann Drive, Henrico VA 23223","23223","Henrico","Single Family Residence","07/10/2023","$289,900","$325,000","4","Resale (occupied at least once)","1988","Mitcheltree","1,788","0.39","4","2.0","Public Water","Sewer - Public","Conventional","Individuals"
"1","2313732","727-69-92-45-400-000","CLOSD","13812 Vincent Lane, Chesterfield VA 23114","23114","Chesterfield","Single Family Residence","07/10/2023","$660,000","$685,000","3","Resale (occupied at least once)","2006","Hartley Village At Charter Colony","3,765","0.31","6","5.0","Public Water","Sewer - Public","Conventional","Individuals"
"1","2313695","725-71-14-24-300-000","CLOSD","1501 Marylebane Lane, Chesterfield VA 23113","23113","Chesterfield","Single Family Residence","07/10/2023","$649,000","$680,000","6","Resale (occupied at least once)","2007","Winterfield Station","2,983","0.49","5","3.1","Public Water","Sewer - Public","Conventional","Individuals"
"1","2313621","738-753-8944","CLOSD","11829 Blandfield Street, Henrico VA 23233","23233","Henrico","Single Family Residence","07/10/2023","$475,000","$515,000","6","Resale (occupied at least once)","2000","Keswick","2,144","0.26","4","2.1","Public Water","Sewer - Public","Conventional","Individuals"
"1","2313538","719-66-90-04-900-000","CLOSD","14911 Shady Banks Court, Chesterfield VA 23832","23832","Chesterfield","Single Family Residence","07/10/2023","$334,950","$347,000","4","Resale (occupied at least once)","1996","Ashbrook","1,713","0.28","3","2.1","Public Water","Sewer - Public","Conventional","Individuals"
"1","2313532","762-750-9571","CLOSD","2401 Landon Road, Henrico VA 23294","23294","Henrico","Single Family Residence","07/10/2023","$359,950","$386,000","4","Resale (occupied at least once)","1968","Williamsburg Park","2,216","0.39","4","2.1","Public Water","Sewer - Public","Conventional","Individuals"
"1","2313464","E000-0809-013","CLOSD","502 North 33rd Street, Richmond City VA 23223","23223","Richmond City","Single Family Residence","07/10/2023","$420,000","$420,000","8","Resale (occupied at least once)","1907","None","1,746","0.07","3","2.1","Public Water","Sewer - Public","Cash","Individuals"
"1","2313314","W000-0857-003","CLOSD","1923 Hanover Avenue, Richmond City VA 23220","23220","Richmond City","Single Family Residence","07/10/2023","$875,000","$900,000","11","Resale (occupied at least once)","1909","None","2,284","0.07","3","2.1","Public Water","Sewer - Public","Conventional","Individuals"
"1","2313292","S004-3279-093","CLOSD","3913 Peyton Avenue, Richmond City VA 23224","23224","Richmond City","Single Family Residence","07/10/2023","$199,990","$199,990","2","Resale (occupied at least once)","1946","Woodside Court","1,218","0.16","3","1.0","Public Water","Sewer - Public","Conventional","Individuals"
"1","2313209","729-66-96-00-200-000","CLOSD","13718 Gallant Fox Drive, Chesterfield VA 23112","23112","Chesterfield","Single Family Residence","07/10/2023","$325,000","$357,000","4","Resale (occupied at least once)","1993","Antler Ridge","1,701","0.33","4","2.1","Public Water","Sewer - Public","Conventional","Individuals"
"1","2313088","794-64-27-59-000-000","CLOSD","14306 Birds Eye Place, Chesterfield VA 23831","23831","Chesterfield","Single Family Residence","07/10/2023","$339,900","$340,000","5","Resale (occupied at least once)","1991","Pheasant Run","1,820","0.37","3","2.1","Public Water","Sewer - Public","Conventional","Individuals"
"1","2312983","8728-42-2935","CLOSD","11381 Poplar Gate Drive, Hanover VA 23116","23116","Hanover","Single Family Residence","07/10/2023","$675,000","$680,000","8","Resale (occupied at least once)","2018","Glebe Hill","3,028","1.15","5","3.1","Well","Septic - Conventional","Conventional","Individuals"
"1","2312950","730-65-35-66-200-000","CLOSD","13507 Poplardell Court, Chesterfield VA 23832","23832","Chesterfield","Single Family Residence","07/10/2023","$549,900","$550,000","2","Resale (occupied at least once)","2002","Brandy Oaks","3,499","0.73","4","4.1","Public Water","Septic - Conventional","Conventional","Individuals"
"1","2312936","757-768-7116","CLOSD","5704 Drayton Drive, Henrico VA 23060","23060","Henrico","Single Family Residence","07/10/2023","$459,950","$440,000","6","Resale (occupied at least once)","2001","Linsey Lakes","2,461","0.40","4","2.1","Public Water","Sewer - Public","Conventional","Individuals"
"1","2312933","776-765-4363","CLOSD","10519 Mountain Gate Way, Henrico VA 23060","23060","Henrico","Townhouse","07/10/2023","$265,500","$281,500","5","Resale (occupied at least once)","2006","Mountain Road Townes","1,452","","3","2.1","Public Water","Sewer - Public","Conventional","Individuals"
"1","2312732","749-748-9058","CLOSD","1609 Pine Shadow Court, Henrico VA 23238","23238","Henrico","Single Family Residence","07/10/2023","$450,000","$450,000","6","Resale (occupied at least once)","1987","Springtree","2,759","0.22","4","2.1","Public Water","Sewer - Public","Conventional","Individuals"
"1","2312654","729-759-4564","CLOSD","3901 Holmbank Court, Henrico VA 23233","23233","Henrico","Single Family Residence","07/10/2023","$1,350,000","$1,400,000","6","Resale (occupied at least once)","2006","Foxhall","5,912","0.45","6","5.1","Public Water","Sewer - Public","Conventional","Individuals"
"1","2312574","8716-86-7332","CLOSD","7062 Hobbs Crossing Road, Hanover VA 23116","23116","Hanover","Single Family Residence","07/10/2023","$725,000","$750,000","9","Resale (occupied at least once)","1995","Greywood","3,709","1.01","5","2.1","Public Water","Septic - Conventional","Conventional","Individuals"
"1","2312569","800-730-1725","CLOSD","201 Bay Coat Drive, Henrico VA 23223","23223","Henrico","Townhouse","07/10/2023","$260,000","$265,000","3","Resale (occupied at least once)","2011","Saint Claire Ridge","1,452","0.08","3","2.1","Public Water","Sewer - Public","VHDA ","Individuals"
"1","2312559","829-64-12-85-200-000","CLOSD","2712 Bermuda Avenue, Chesterfield VA 23836","23836","Chesterfield","Single Family Residence","07/10/2023","$329,950","$362,000","5","Resale (occupied at least once)","1996","Chesterfield Manor","1,773","0.45","4","2.1","Public Water","Septic - Conventional","FHA New","Individuals"
"1","2312547","748-752-9746","CLOSD","9619 Goneway Drive, Henrico VA 23238","23238","Henrico","Single Family Residence","07/10/2023","$365,000","$366,000","3","Resale (occupied at least once)","1980","Quail Run","2,135","0.29","3","2.0","Public Water","Sewer - Public","Cash","Individuals"
"1","2312451","712-66-42-31-000-000","CLOSD","8513 Sheldon Drive, Chesterfield VA 23832","23832","Chesterfield","Single Family Residence","07/10/2023","$565,000","$615,000","-3","Resale (occupied at least once)","2017","Harpers Mill","2,761","0.37","4","2.1","Public Water","Sewer - Public","Conventional","Individuals"
"1","2312426","739-748-6398","CLOSD","1902 Pillary Court, Henrico VA 23238","23238","Henrico","Single Family Residence","07/10/2023","$765,000","$730,000","0","Resale (occupied at least once)","1985","Whitaker Woods","4,800","0.50","5","3.1","Public Water","Sewer - Public","Conventional","Individuals"
"1","2312011","758-733-1636","CLOSD","2 Country Squire Lane, Henrico VA 23229","23229","Henrico","Single Family Residence","07/10/2023","$950,000","$1,225,000","12","Resale (occupied at least once)","1957","Westham","2,925","1.00","3","3.1","Public Water","Sewer - Public","Cash","Estate"
"1","2311714","699-67-04-54-900-000","CLOSD","18118 Jones Run Trail, Chesterfield VA 23120","23120","Chesterfield","Single Family Residence","07/10/2023","$585,000","$565,000","22","Resale (occupied at least once)","2022","Magnolia Green","2,818","0.18","5","3.0","Public Water","Sewer - Public","Conventional","Individuals"
"1","2311685","029A-2I-26","CLOSD","2200 Highland Drive, Powhatan VA 23139","23139","Powhatan","Single Family Residence","07/10/2023","$300,000","$300,000","5","Resale (occupied at least once)","1993","Lake Shawnee","1,144","0.75","3","1.0","Well","Septic - Conventional","FHA New Assumption","Individuals"
"1","2310659","701-67-40-20-800-000","CLOSD","18155 Sagamore Drive, Chesterfield VA 23120","23120","Chesterfield","Single Family Residence","07/10/2023","$599,900","$607,250","4","Resale (occupied at least once)","2021","Magnolia Green","3,006","0.21","5","3.0","Public Water","Sewer - Public","Conventional","Individuals"
"1","2310287","730-767-4819.024","CLOSD","4658 Broad Hill Drive #Unit23, Henrico VA 23233","23233","Henrico","Townhouse","07/10/2023","$614,995","$610,000","26","Resale (occupied at least once)","2019","Saunders Station At Broad Hill Centre","2,514","3.26","3","2.2","Public Water","Sewer - Public","Conventional","Individuals"
"1","2309931","C001-1089-088","CLOSD","3021 Falcon Road, Richmond City VA 23235","23235","Richmond City","Single Family Residence","07/10/2023","$449,000","$455,000","22","New (never occupied)","2023","Staffordshire","1,774","1.07","3","2.1","Public Water","Sewer - Public","FHA New","Corporate"
"1","2308780","734-72-32-37-100-000","CLOSD","3224 Fulbrook Drive, Chesterfield VA 23113","23113","Chesterfield","Single Family Residence","07/10/2023","$1,050,000","$1,050,000","35","Resale (occupied at least once)","2013","Tarrington","5,651","0.57","5","4.1","Public Water","Sewer - Public","Conventional","Individuals"
"1","2308475","S000-0146-020","CLOSD","200 East 13th Street, Richmond City VA 23224","23224","Richmond City","Single Family Residence","07/10/2023","$360,000","$360,000","16","Resale (occupied at least once)","2010","Goose Creek In Blackwell Sec 2","1,568","0.13","3","2.1","Public Water","Sewer - Public","Conventional","Individuals"
"1","2308373","795-64-51-34-000-000","CLOSD","3112 Ramsey Drive, Chesterfield VA 23831","23831","Chesterfield","Single Family Residence","07/10/2023","$299,900","$305,000","9","Resale (occupied at least once)","1994","Somersby","2,283","0.40","4","2.1","Public Water","Sewer - Public","Conventional","Corporate, Individuals"
"1","2308227","741-72-26-35-000-000","CLOSD","11300 Buckhead Terrace, Chesterfield VA 23113","23113","Chesterfield","Single Family Residence","07/10/2023","$989,000","$925,000","50","Resale (occupied at least once)","1988","Reeds Landing","5,189","1.12","5","5.0","Public Water","Septic - Conventional","Conventional","Individuals"
"1","2306661","711-67-70-77-200-000","CLOSD","5800 Brailen Drive, Chesterfield VA 23120","23120","Chesterfield","Single Family Residence","07/10/2023","$574,900","$574,900","8","Resale (occupied at least once)","2021","Wynwood at Foxcreek","3,209","0.22","5","3.0","Public Water","Sewer - Public","VA New","Individuals"
"1","2304060","738-70-37-03-800-000","CLOSD","11771 Rexmoor Drive, Chesterfield VA 23236","23236","Chesterfield","Single Family Residence","07/10/2023","$645,000","$645,000","20","Resale (occupied at least once)","1972","Stonehenge","4,167","0.84","5","4.0","Public Water","Sewer - Public","Conventional","Individuals"
"1","2229517","786-757-0987","CLOSD","8280 Scott Commons Drive, Henrico VA 23227","23227","Henrico","Townhouse","07/10/2023","$348,990","$339,990","216","New (never occupied)","2022","Glens at Scott Place","1,474","","3","2.1","Public Water","Sewer - Public","Conventional","Corporate"
"1","2220017","7890-52-5992","CLOSD","9440 Wickham Crossing Way, Hanover VA 23005","23005","Hanover","Single Family Residence","07/10/2023","$1,099,000","$1,099,000","287","New (never occupied)","2022","Hickory Hill","4,266","1.01","4","3.1","Well","Septic - Conventional","Conventional","Corporate, Individuals"
"1","BRTVACF2000448","712664231000000","CLOSD","8513 Sheldon Drive, Chesterfield VA 23832","23832","Chesterfield","Single Family Residence","07/10/2023","$565,000","$615,000","4","Resale (occupied at least once)","2017","NONE AVAILABLE","2,761","0.37","4","3.0","Public Water","Public Sewer On Site","",""
"1","REIN10494170","749-748-9058","CLOSD","1609 Pine Shadow Court, Henrico VA 23238","23238","Henrico","Single Family Residence","07/10/2023","$450,000","$450,000","0","Resale (occupied at least once)","1987","ALL OTHERS AREA 150","2,759","0.22","4","3.0","Public Water","Public Sewer On Site","",""
"1","2314781","762-745-5215","CLOSD","1665 Westhill Road, Henrico VA 23226","23226","Henrico","Single Family Residence","07/11/2023","$269,950","$275,000","4","Resale (occupied at least once)","1954","Berkshire Park","925","0.31","2","1.0","Public Water","Sewer - Public","Cash","Individuals"
"1","2312450","13-24-0-8-0","CLOSD","3769 Boundary Run Road, Goochland VA 23065","23065","Goochland","Single Family Residence","07/11/2023","$460,000","$460,000","3","Resale (occupied at least once)","2019","Boundary Run","2,255","3.12","4","2.1","Well","Septic - Conventional","Conventional","Individuals"
"1","2312243","719-67-70-92-800-000","CLOSD","5801 Gates Mill Court, Chesterfield VA 23112","23112","Chesterfield","Single Family Residence","07/11/2023","$519,900","$519,900","14","Resale (occupied at least once)","1988","Gates Mill","2,690","0.32","5","2.1","Public Water","Sewer - Public","Conventional","Individuals"
"1","2302106","J13-1887-3889","CLOSD","7508 Sothamptonshire Way, New Kent VA 23124","23124","New Kent","Single Family Residence","07/11/2023","$316,770","$320,960","0","New (never occupied)","2022","Lifestyle at Four Seasons","1,338","","3","2.0","Public Water","Sewer - Public","Conventional","Corporate"
"1","2231417","713-67-08-69-500-000","CLOSD","7037 Leire Lane, Chesterfield VA 23832","23832","Chesterfield","Townhouse","07/11/2023","$378,145","$372,645","3","New (never occupied)","2022","Cosby Village Townhomes","2,371","","4","3.1","Public Water","Sewer - Public","Conventional","Corporate"
"1","2309097","21D 31B 33","CLOSD","9346 Stingray Point Court, New Kent VA 23124","23124","New Kent","Single Family Residence","07/11/2023","$459,950","$452,500","41","New (never occupied)","2022","Greenwood Estates","2,371","0.51","4","2.1","Public Water","Septic - Conventional","Conventional","Corporate"
"1","2222737","811-732-6570","CLOSD","3921 Clarendon Crescent Court, Henrico VA 23223","23223","Henrico","Single Family Residence","07/11/2023","$455,205","$464,175","0","New (never occupied)","2021","Kensington Meadows","2,423","","3","3.0","Public Water","Sewer - Public","Conventional","Corporate"
"1","2309461","736-759-5329.017","CLOSD","3003 Anglican Place, Henrico VA 23233","23233","Henrico","Condominium","07/11/2023","$475,000","$475,000","4","Resale (occupied at least once)","1991","English Oaks At Wellesley","2,520","","3","2.1","Public Water","Sewer - Public","Cash","Individuals"
"1","2313424","E000-0771-016","CLOSD","1424 North 19th Street, Richmond City VA 23223","23223","Richmond City","Single Family Residence","07/11/2023","$235,000","$255,000","2","Resale (occupied at least once)","1928","Fairmount Park","1,272","0.10","3","2.0","Public Water","Sewer - Public","FHA New","Corporate"
"1","2310547","E000-0559-012","CLOSD","1216 North 24th Street, Richmond City VA 23223","23223","Richmond City","Single Family Residence","07/11/2023","$439,950","$437,000","27","Resale (occupied at least once)","2020","None","2,052","0.07","4","3.0","Public Water","Sewer - Public","Conventional","Individuals"
"1","2312448","751-760-1058","CLOSD","4019 Bush Lake Place, Henrico VA 23060","23060","Henrico","Townhouse","07/11/2023","$310,000","$315,000","6","Resale (occupied at least once)","1985","Lexington Village Townhouses","1,431","0.05","3","2.1","Public Water","Sewer - Public","Conventional","Individuals"
"1","BRTVACF2000434","781674943000000","CLOSD","4548 Snowflake Drive, Chesterfield VA 23224","23224","Chesterfield","Single Family Residence","07/11/2023","$384,900","$380,000","26","Resale (occupied at least once)","1986","NONE AVAILABLE","2,592","0.30","4","4.0","Public Water","Public Sewer On Site","",""
"1","2313154","029-37Q","CLOSD","2573 Judes Ferry Road, Powhatan VA 23139","23139","Powhatan","Single Family Residence","07/11/2023","$415,000","$415,000","10","Resale (occupied at least once)","1984","None","1,884","2.00","3","2.1","Well","Septic - Conventional","Conventional","Individuals"
"1","2311133","S000-0643-004","CLOSD","2112 Gordon Avenue, Richmond City VA 23224","23224","Richmond City","Single Family Residence","07/11/2023","$230,000","$255,000","7","Resale (occupied at least once)","1940","Mason Park","1,244","0.11","3","1.0","Public Water","Sewer - Public","FHA New","Individuals"
"1","2305458","N000-1270-011","CLOSD","3603 Carolina Avenue, Richmond City VA 23222","23222","Richmond City","Single Family Residence","07/11/2023","$556,950","$555,000","78","Resale (occupied at least once)","1923","Highland Park","2,600","0.11","4","2.1","Public Water","Sewer - Public","Conventional","Individuals"
"1","2312487","008-8-5","CLOSD","3669 Michaux Mill Drive, Powhatan VA 23139","23139","Powhatan","Single Family Residence","07/11/2023","$999,000","$1,009,000","7","Resale (occupied at least once)","2008","None","6,449","10.10","5","4.1","Well","Septic - Conventional","Conventional","Individuals"
"1","2313958","730-68-62-10-300-000","CLOSD","13608 Quail Hollow Court, Chesterfield VA 23112","23112","Chesterfield","Single Family Residence","07/11/2023","$350,000","$350,000","3","Resale (occupied at least once)","1977","Brandermill","2,011","0.25","4","2.1","Public Water","Sewer - Public","Conventional","Individuals"
"1","2312620","762-62-38-19-700-000","CLOSD","9017 Hickory Road, Chesterfield VA 23803","23803","Chesterfield","Single Family Residence","07/11/2023","$362,000","$362,000","4","Resale (occupied at least once)","2005","None","1,664","1.00","4","2.1","Well","Septic - Conventional","Conventional","Individuals"
"1","2313981","749-71-27-60-000-000","CLOSD","10104 Terri Lynn Court, Chesterfield VA 23235","23235","Chesterfield","Single Family Residence","07/11/2023","$374,999","$377,000","4","Resale (occupied at least once)","1979","Bon Air Estates","1,650","0.26","4","2.1","Public Water","Sewer - Public","Conventional","Other"
"1","2313876","735-756-5311","CLOSD","2812 Abbey Lane, Henrico VA 23233","23233","Henrico","Single Family Residence","07/11/2023","$485,000","$530,000","9","Resale (occupied at least once)","1986","Waterford","2,286","0.25","4","2.1","Public Water","Sewer - Public","Cash","Individuals"
"1","2313722","724-68-69-23-000-000","CLOSD","3114 Cottage Oaks Court, Chesterfield VA 23112","23112","Chesterfield","Single Family Residence","07/11/2023","$299,900","$340,000","6","Resale (occupied at least once)","1980","The Oaks","1,560","0.17","3","2.0","Public Water","Sewer - Public","Conventional","Individuals"
"1","2313620","E010-0134-001","CLOSD","5201 Euclid Avenue, Richmond City VA 23231","23231","Richmond City","Single Family Residence","07/11/2023","$254,950","$255,000","10","Resale (occupied at least once)","1958","Waverly Place","912","","3","1.0","Public Water","Sewer - Public","VHDA/FHA","Individuals"
"1","2313592","7778-74-5284","CLOSD","11415 Rose Bowl Drive, Hanover VA 23059","23059","Hanover","Single Family Residence","07/11/2023","$465,000","$470,000","4","Resale (occupied at least once)","2006","Cedarlea Park","2,975","0.22","5","3.1","Public Water","Sewer - Public","Conventional","Individuals"
"1","2313488","757-760-8021","CLOSD","4010 Francistown Road, Henrico VA 23294","23294","Henrico","Single Family Residence","07/11/2023","$380,000","$395,000","4","Resale (occupied at least once)","1978","Huntington","1,908","0.29","4","2.1","Public Water","Sewer - Public","Cash","Individuals"
"1","2313481","8706-03-5531","CLOSD","8026 Ellendale Drive, Hanover VA 23116","23116","Hanover","Townhouse","07/11/2023","$394,950","$400,000","3","Resale (occupied at least once)","2017","Rutland","1,825","0.06","3","2.1","Public Water","Sewer - Public","Conventional","Individuals"
"1","2313434","748-738-3376.059","CLOSD","9113 Derbyshire Road #UnitA, Henrico VA 23229","23229","Henrico","Townhouse","07/11/2023","$315,000","$300,000","9","Resale (occupied at least once)","1964","Deerwood Condominium","1,289","0.03","3","2.0","Public Water","Sewer - Public","Cash","Individuals"
"1","2313402","C005-0340-030","CLOSD","5841 Riverside Trail, Richmond City VA 23225","23225","Richmond City","Townhouse","07/11/2023","$399,950","$425,000","5","Resale (occupied at least once)","2016","Riverside Heights","2,278","0.08","3","2.1","Public Water","Sewer - Public","Conventional","Individuals"
"1","2313399","828-714-3039","CLOSD","104 Huntsman Road, Henrico VA 23150","23150","Henrico","Single Family Residence","07/11/2023","$257,500","$245,000","9","Resale (occupied at least once)","1980","Sandston","1,056","0.26","3","1.1","Public Water","Sewer - Public","Conventional","Corporate"
"1","2313372","52A3 4   127","CLOSD","241 Colony Trail, New Kent VA 23089","23089","New Kent","Single Family Residence","07/11/2023","$429,950","$430,450","3","Resale (occupied at least once)","1997","The Colonies - New Kent","2,040","0.96","3","2.1","Community Well","Septic - Conventional","Conventional","Individuals"
"1","2313054","C005-0340-042","CLOSD","5504 Riverside Heights Way, Richmond City VA 23225","23225","Richmond City","Townhouse","07/11/2023","$369,900","$395,000","5","Resale (occupied at least once)","2016","Riverside Heights","1,584","0.05","3","2.1","Public Water","Sewer - Public","Conventional","Individuals"
"1","2313023","790-764-9070","CLOSD","2724 Parview Way, Henrico VA 23059","23059","Henrico","Single Family Residence","07/11/2023","$449,000","$470,000","7","Resale (occupied at least once)","2004","Cross Point","2,631","0.31","4","3.0","Public Water","Sewer - Public","Conventional","Individuals"
"1","2312944","E000-0756-014","CLOSD","2211 Hildreth Street, Richmond City VA 23223","23223","Richmond City","Single Family Residence","07/11/2023","$175,000","$140,000","13","Resale (occupied at least once)","1954","Eastview","1,007","0.15","3","1.0","Public Water","Sewer - Public","Cash","Individuals"
"1","2312942","709-66-67-40-400-000","CLOSD","7642 Hampton Green Drive, Chesterfield VA 23832","23832","Chesterfield","Single Family Residence","07/11/2023","$625,000","$625,000","5","Resale (occupied at least once)","2005","Hampton Park","4,024","0.26","5","4.1","Public Water","Sewer - Public","Conventional","Individuals"
"1","2312789","S000-1013-005","CLOSD","606 West 28th Street, Richmond City VA 23225","23225","Richmond City","Single Family Residence","07/11/2023","$385,000","$410,000","3","Resale (occupied at least once)","1954","Woodland Heights","1,228","0.17","3","1.1","Public Water","Sewer - Public","Conventional","Individuals"
"1","2312645","7797-11-3701","CLOSD","10181 Slidingrock Drive, Hanover VA 23116","23116","Hanover","Single Family Residence","07/11/2023","$475,000","$480,000","5","Resale (occupied at least once)","1998","Green Ridge","2,518","0.36","4","3.0","Public Water","Sewer - Public","Conventional","Individuals"
"1","2312520","763-773-3279","CLOSD","3405 Hunton Ridge Drive, Henrico VA 23059","23059","Henrico","Single Family Residence","07/11/2023","$639,950","$650,000","6","Resale (occupied at least once)","2011","The Ridge At Hunton Park","4,574","0.47","5","4.1","Public Water","Sewer - Public","Conventional","Individuals"
"1","2312338","717-67-15-76-700-000","CLOSD","7437 Kousa Drive, Chesterfield VA 23832","23832","Chesterfield","Townhouse","07/11/2023","$400,000","$400,000","11","Resale (occupied at least once)","2017","Villas At Dogwood","1,744","0.12","2","2.0","Public Water","Sewer - Public","Conventional","Individuals"
"1","2312241","796-65-88-60-900-000","CLOSD","2800 Goyne Loop, Chesterfield VA 23831","23831","Chesterfield","Townhouse","07/11/2023","$250,000","$255,000","2","Resale (occupied at least once)","2004","Westchester Townhouses","1,320","0.07","3","2.1","Public Water","Sewer - Public","Conventional","Individuals"
"1","2312213","11013","CLOSD","11521 Doronhurst, New Kent VA 23140","23140","New Kent","Single Family Residence","07/11/2023","$489,000","$480,000","11","Resale (occupied at least once)","2005","Brickshire","2,686","0.36","4","2.1","Public Water","Sewer - Public","VA New","Individuals"
"1","2311908","W019-0272-006","CLOSD","4809 Hanover Avenue, Richmond City VA 23226","23226","Richmond City","Single Family Residence","07/11/2023","$410,000","$456,000","3","Resale (occupied at least once)","1951","Stuart Court","1,313","0.16","3","2.0","Public Water","Sewer - Public","Conventional","Individuals"
"1","2310834","C001-1230-038","CLOSD","10550 Corley Home Place, Richmond City VA 23235","23235","Richmond City","Single Family Residence","07/11/2023","$540,000","$540,000","9","Resale (occupied at least once)","2015","Villas At Archer Springs","2,011","0.16","3","3.0","Public Water","Sewer - Public","Cash","Individuals"
"1","2310648","N000-0676-030","CLOSD","1508 West Leigh Street, Richmond City VA 23220","23220","Richmond City","Single Family Residence","07/11/2023","$525,000","$520,000","6","Resale (occupied at least once)","1921","Carver","2,343","0.06","5","3.0","Public Water","Sewer - Public","Cash","Partnership"
"1","2310190","782-61-25-43-900-000","CLOSD","21001 Avery Mill Lane, Chesterfield VA 23803","23803","Chesterfield","Single Family Residence","07/11/2023","$395,000","$348,000","26","Resale (occupied at least once)","2019","Whittington Forest","2,203","0.21","5","2.1","Public Water","Sewer - Public","FHA New","Individuals"
"1","2309771","759-64-88-60-400-000","CLOSD","11912 Dunvegan Court, Chesterfield VA 23838","23838","Chesterfield","Single Family Residence","07/11/2023","$509,850","$521,900","12","Resale (occupied at least once)","1997","The Highlands","2,726","1.57","3","2.1","Public Water","Septic - Conventional","Cash","Individuals"
"1","2308770","N016-0134-023","CLOSD","3613 Garland Avenue, Richmond City VA 23222","23222","Richmond City","Single Family Residence","07/11/2023","$369,950","$365,000","32","Resale (occupied at least once)","1950","None","1,972","0.17","4","2.0","Public Water","Sewer - Public","Conventional","Individuals"
"1","2308060","C0006-0607-068","CLOSD","4970 WARWICK Road, Richmond City VA 23224","23224","Richmond City","Single Family Residence","07/11/2023","$156,000","$143,000","14","Resale (occupied at least once)","1950","Bessie B Cook","720","0.24","2","1.0","Public Water","Sewer - Public","Other","Individuals"
"1","2308054","C006-0607-066","CLOSD","4964 WARWICK Road, Richmond City VA 23224","23224","Richmond City","Single Family Residence","07/11/2023","$219,950","$200,000","14","Resale (occupied at least once)","1950","Bessie B Cook","1,869","0.23","4","2.0","Public Water","Sewer - Public","Other","Estate"
"1","2306465","792-64-69-86-600-000","CLOSD","3910 Baldwin Road, Chesterfield VA 23831","23831","Chesterfield","Single Family Residence","07/11/2023","$679,900","$650,000","45","Resale (occupied at least once)","2006","None","2,880","10.00","4","2.1","Public Water, Well","Septic - Conventional","Cash","Estate"
"1","2303083","7787-16-5735","CLOSD","10405 Woodside Meadow Terrace, Hanover VA 23059","23059","Hanover","Single Family Residence","07/11/2023","$540,000","$530,000","112","Resale (occupied at least once)","2019","Chickahominy Falls","1,809","0.20","2","2.0","Public Water","Sewer - Public","Cash","Individuals"
"1","REIN10490230","52A3 4   127","CLOSD","241 Colony Trail, New Kent VA 23089","23089","New Kent","Single Family Residence","07/11/2023","$429,950","$430,450","2","Resale (occupied at least once)","1997","THE COLONIES","2,040","0.96","3","3.0","Public Water","Septic","",""
"1","2313102","783-757-1557","CLOSD","8505 Cleveland Street, Henrico VA 23060","23060","Henrico","Single Family Residence","07/12/2023","$340,000","$337,500","11","Resale (occupied at least once)","1965","Garden City","1,882","0.49","3","2.0","Public Water","Sewer - Public","Conventional","Individuals"
"1","2312853","809-716-4196","CLOSD","2902 Gay Avenue, Henrico VA 23231","23231","Henrico","Single Family Residence","07/12/2023","$299,900","$325,000","3","Resale (occupied at least once)","1974","Acreage","1,935","0.35","3","2.0","Public Water","Sewer - Public","Conventional","Individuals"
"1","2231433","713-67-08-09-300-000","CLOSD","7049 Leire Lane, Chesterfield VA 23832","23832","Chesterfield","Townhouse","07/12/2023","$346,860","$341,860","65","New (never occupied)","2022","Cosby Village Townhomes","2,024","","2","2.2","Public Water","Sewer - Public","Conventional","Corporate"
"1","2312831","C006-0456-010","CLOSD","221 Bartee Road, Richmond City VA 23224","23224","Richmond City","Single Family Residence","07/12/2023","$240,000","$248,000","19","Resale (occupied at least once)","1949","Green Acres","1,080","","3","1.0","Public Water","Sewer - Public","VA New","Partnership"
"1","2311205","780-68-32-36-900-000","CLOSD","4507 Cathlow Circle, Chesterfield VA 23234","23234","Chesterfield","Single Family Residence","07/12/2023","$300,000","$307,000","11","Resale (occupied at least once)","1978","Meadwood","1,660","0.20","4","2.0","Public Water","Sewer - Public","FHA New","Corporate"
"1","2309152","734-780-9448","CLOSD","12324 Bradford Landing Way, Henrico VA 23059","23059","Henrico","Single Family Residence","07/12/2023","$719,950","$700,000","31","Resale (occupied at least once)","2001","Bradford At Wyndham","3,347","0.28","4","3.1","Public Water","Sewer - Public","Conventional","Individuals"
"1","2232353","J19-3862-4726","CLOSD","11801 Knockholt Lane, New Kent VA 23124","23124","New Kent","Townhouse","07/12/2023","$313,250","$334,550","29","New (never occupied)","2022","Maidstone Village","1,801","","3","2.1","Public Water","Sewer - Public","Conventional","Corporate"
"1","2313291","751-69-93-18-300-000","CLOSD","9400 Kendrick Road, Chesterfield VA 23236","23236","Chesterfield","Single Family Residence","07/12/2023","$305,000","$305,000","11","Resale (occupied at least once)","1975","Kingswood","1,570","0.21","4","2.0","Public Water","Sewer - Public","Conventional","Individuals"
"1","2313655","7687490287","CLOSD","3312 Hawkins Road, Henrico VA 23228","23228","Henrico","Single Family Residence","07/12/2023","$299,950","$304,000","4","Resale (occupied at least once)","1960","West Broad Street Gardens","1,392","","3","2.0","Public Water","Sewer - Public","Conventional","Individuals"
"1","2312085","8704-77-2167","CLOSD","7364 Strain Avenue, Hanover VA 23111","23111","Hanover","Single Family Residence","07/12/2023","$369,900","$365,000","25","Resale (occupied at least once)","1990","Windsor Sub","2,028","0.30","3","2.1","Public Water","Sewer - Public","FHA New","Individuals"
"1","2228098","7796-92-8504","CLOSD","9173 Atlee Station Road, Hanover VA 23116","23116","Hanover","Single Family Residence","07/12/2023","$229,900","$231,200","158","Resale (occupied at least once)","1950","None","1,616","1.32","3","2.0","Well","Septic - Conventional","Other","REO"
"1","2306973","W000-0994-056","CLOSD","2203 Uptown Alley, Richmond City VA 23220","23220","Richmond City","Townhouse","07/12/2023","$639,900","$639,900","2","New (never occupied)","2023","None","1,692","0.02","2","2.1","Public Water","Sewer - Public","Conventional","Partnership"
"1","2311991","768-765-5114","CLOSD","10241 Acworth Drive, Henrico VA 23060","23060","Henrico","Single Family Residence","07/12/2023","$420,000","$338,000","25","Resale (occupied at least once)","1981","Bretton Woods","2,750","0.28","5","3.1","Public Water","Sewer - Public","Cash","Individuals"
"1","2313513","730-760-6148","CLOSD","13405 College Valley Lane, Henrico VA 23233","23233","Henrico","Single Family Residence","07/12/2023","$875,000","$881,500","5","Resale (occupied at least once)","1995","Foxhall","3,516","0.43","5","3.1","Public Water","Sewer - Public","Cash","Individuals"
"1","2315166","763-764-6180.051","CLOSD","10307 White Marsh Road, Henrico VA 23060","23060","Henrico","Condominium","07/12/2023","$525,000","$525,000","3","Resale (occupied at least once)","2002","The Carriage Homes @ Crossridge","2,566","0.21","4","3.0","Public Water","Sewer - Public","Cash","Other"
"1","2314904","796-66-42-16-700-000","CLOSD","10431 Elokomin Avenue, Chesterfield VA 23237","23237","Chesterfield","Single Family Residence","07/12/2023","$119,900","$138,000","2","Resale (occupied at least once)","1965","Belmeade","722","0.14","2","1.0","Well","Sewer - Public","Cash","Corporate, Individuals"
"1","2314879","8724-34-2671","CLOSD","7232 Jamie Court, Hanover VA 23111","23111","Hanover","Single Family Residence","07/12/2023","$295,000","$295,000","2","Resale (occupied at least once)","1986","Locust Hill","1,296","0.30","4","2.0","Public Water","Sewer - Public","Conventional","Individuals"
"1","2314755","784-751-3998","CLOSD","1210 Lakeside Avenue, Henrico VA 23228","23228","Henrico","Single Family Residence","07/12/2023","$264,000","$281,000","5","Resale (occupied at least once)","1955","Stuart Ridge","1,010","0.16","3","1.0","Public Water","Sewer - Public","Conventional","Individuals"
"1","2314745","735-776-5422","CLOSD","12315 Bridgehead Place, Henrico VA 23059","23059","Henrico","Single Family Residence","07/12/2023","$695,000","$700,000","4","Resale (occupied at least once)","1998","Kimberwicke","3,351","0.30","5","4.2","Public Water","Sewer - Public","Conventional","Individuals"
"1","2314560","748-741-9182","CLOSD","1100 Waterford Rhye Drive, Henrico VA 23229","23229","Henrico","Townhouse","07/12/2023","$385,000","$395,000","3","Resale (occupied at least once)","1988","Waterford Rhye","1,936","0.08","3","3.0","Public Water","Sewer - Public","Conventional","Individuals"
"1","2314238","793-751-0770","CLOSD","7908 Capistrano Drive, Henrico VA 23227","23227","Henrico","Single Family Residence","07/12/2023","$335,000","$360,000","3","Resale (occupied at least once)","1990","Three Fountains North","1,602","0.33","3","2.0","Public Water","Sewer - Public","VA New","Individuals"
"1","2314210","W000-0946-036","CLOSD","119 North Shields Avenue, Richmond City VA 23220","23220","Richmond City","Single Family Residence","07/12/2023","$649,000","$650,000","0","Resale (occupied at least once)","1911","None","1,860","0.06","3","1.1","Public Water","Sewer - Public","Conventional","Estate, Individuals"
"1","2314196","W000-0948-014","CLOSD","2103 Hanover Avenue, Richmond City VA 23220","23220","Richmond City","Single Family Residence","07/12/2023","$1,099,950","$1,275,000","6","Resale (occupied at least once)","1910","None","2,734","0.07","3","2.1","Public Water","Sewer - Public","Cash","Individuals"
"1","2314189","792-746-8750","CLOSD","211 Obrien Road, Henrico VA 23227","23227","Henrico","Single Family Residence","07/12/2023","$324,900","$350,000","4","Resale (occupied at least once)","2008","Huntington Place","1,648","0.36","3","2.1","Public Water","Sewer - Public","FHA New","Individuals"
"1","2314021","769-768-5164","CLOSD","10712 Warren Road, Henrico VA 23060","23060","Henrico","Single Family Residence","07/12/2023","$474,950","$497,500","4","Resale (occupied at least once)","1989","Brookley East","2,288","0.31","4","2.1","Public Water","Sewer - Public","Conventional","Individuals"
"1","2313835","775-65-78-40-200-000","CLOSD","6507 Spring Arbor Court, Chesterfield VA 23831","23831","Chesterfield","Single Family Residence","07/12/2023","$387,500","$392,000","4","Resale (occupied at least once)","2003","Arbor Landing","2,072","0.38","4","2.1","Public Water","Sewer - Public","Conventional","Individuals"
"1","2313752","781-68-95-69-600-000","CLOSD","4129 Carafe Drive, Chesterfield VA 23234","23234","Chesterfield","Single Family Residence","07/12/2023","$350,000","$350,000","2","Resale (occupied at least once)","1967","Meadowbrook West","2,546","0.40","3","2.0","Public Water","Sewer - Public","Conventional","Other"
"1","2313637","W000-0948-052","CLOSD","2100 Grove Avenue #UnitU10, Richmond City VA 23220","23220","Richmond City","Condominium","07/12/2023","$249,999","$275,000","3","Resale (occupied at least once)","1960","Fan Square Condo","849","0.02","2","1.0","Public Water","None","Conventional","Individuals"
"1","2313239","774-66-02-41-900-000","CLOSD","5904 Eagles Crest Drive, Chesterfield VA 23832","23832","Chesterfield","Townhouse","07/12/2023","$329,000","$330,000","2","Resale (occupied at least once)","2008","Eagles Crest","2,092","0.07","3","2.1","Public Water","Sewer - Public","Cash","Individuals"
"1","2312994","760-752-9725","CLOSD","7512 Mayland Drive, Henrico VA 23294","23294","Henrico","Single Family Residence","07/12/2023","$350,000","$350,000","7","Resale (occupied at least once)","1956","Tuckahoe Park","1,420","0.22","3","1.0","Public Water","Sewer - Public","Conventional","Individuals"
"1","2312993","782-67-24-45-600-000","CLOSD","4515 Shanto Court, Chesterfield VA 23237","23237","Chesterfield","Single Family Residence","07/12/2023","$395,000","$430,000","5","Resale (occupied at least once)","1989","Indian Springs - Chest","2,821","0.47","4","2.1","Public Water","Sewer - Public","Conventional","Estate"
"1","2312967","741-66-34-73-400-000","CLOSD","9710 Qualla Road, Chesterfield VA 23832","23832","Chesterfield","Single Family Residence","07/12/2023","$275,000","$310,000","5","Resale (occupied at least once)","1983","None","1,350","1.33","3","2.0","Well","Septic - Conventional","Conventional","Individuals"
"1","2312906","788-64-84-83-500-000","CLOSD","4500 Riderwood Way, Chesterfield VA 23831","23831","Chesterfield","Single Family Residence","07/12/2023","$320,000","$340,000","4","Resale (occupied at least once)","1978","Lora Lynn Heights","1,904","0.43","4","2.1","Public Water","Septic - Conventional","FHA New","Individuals"
"1","2312781","796-67-05-87-700-000","CLOSD","9348 Quinnford Boulevard, Chesterfield VA 23237","23237","Chesterfield","Single Family Residence","07/12/2023","$225,000","$231,900","5","Resale (occupied at least once)","1940","Bellwood Manor","1,168","0.29","3","1.0","Public Water","Sewer - Public","FHA New","Individuals"
"1","2312117","784-67-65-98-100-000","CLOSD","3801 Cannington Drive, Chesterfield VA 23237","23237","Chesterfield","Single Family Residence","07/12/2023","$307,000","$312,000","8","Resale (occupied at least once)","2010","Silverleaf","1,504","0.17","3","2.0","Public Water","Sewer - Public","Conventional","Individuals"
"1","2311918","739-72-48-69-100-000","CLOSD","3817 Solebury Place, Chesterfield VA 23113","23113","Chesterfield","Single Family Residence","07/12/2023","$1,050,000","$975,000","20","Resale (occupied at least once)","1993","Reeds Landing","5,359","0.92","5","4.2","Public Water","Septic - Conventional","Cash","Individuals"
"1","2311858","756-735-8377.070","CLOSD","300 North Ridge Road #Unit70, Henrico VA 23229","23229","Henrico","Condominium","07/12/2023","$510,000","$535,000","8","Resale (occupied at least once)","1980","Westham Green Condo","1,915","0.04","2","2.0","Public Water","Sewer - Public","Cash","Individuals"
"1","2310883","777-68-59-72-300-000","CLOSD","4836 Arundel Avenue, Chesterfield VA 23234","23234","Chesterfield","Single Family Residence","07/12/2023","$269,500","$250,000","20","Resale (occupied at least once)","1958","Meadow Ridge","888","0.32","3","1.0","Public Water","Sewer - Public","Conventional","Individuals"
"1","2310238","727-66-02-91-400-000","CLOSD","10501 Pembrooke Dock Place, Chesterfield VA 23112","23112","Chesterfield","Single Family Residence","07/12/2023","$450,000","$460,000","3","Resale (occupied at least once)","2016","Collington","2,282","0.28","4","3.0","Public Water","Sewer - Public","Conventional","Individuals"
"1","2309799","755-733-1225","CLOSD","7 West Glenbrooke Circle, Henrico VA 23229","23229","Henrico","Single Family Residence","07/12/2023","$2,125,000","$2,050,000","10","Resale (occupied at least once)","1950","Glenbrooke Hills","6,460","1.25","6","3.3","Public Water","Sewer - Public","Conventional","Individuals"
"1","2307666","789-67-82-72-700-000","CLOSD","2935 Alcott Road, Chesterfield VA 23237","23237","Chesterfield","Single Family Residence","07/12/2023","$264,500","$260,000","30","Resale (occupied at least once)","1945","Rayon Park","1,344","0.34","3","2.0","Public Water","Sewer - Public","Conventional","Individuals"
"1","2231280","728-70-56-97-200-000","CLOSD","436 Randolph View Drive, Chesterfield VA 23114","23114","Chesterfield","Townhouse","07/12/2023","$449,950","$474,410","0","New (never occupied)","2022","Randolph Pond","2,304","","3","2.1","Public Water","Sewer - Public","Conventional","Corporate"
"1","2226268","8707-81-2109","CLOSD","10110 Cabernet Lane, Hanover VA 23116","23116","Hanover","Single Family Residence","07/12/2023","$885,821","$894,310","2","New (never occupied)","2022","Stags Leap","3,500","0.33","5","3.0","Public Water","Sewer - Public","Cash","Corporate"
"1","REIN10467227","J19-3862-4726","CLOSD","11801 Knockholt Lane, New Kent VA 23124","23124","New Kent","Townhouse","07/12/2023","$313,250","$334,550","28","New (never occupied)","2022","MAIDSTONE VILLAGE","1,801","","3","3.0","Public Water","Public Sewer On Site","",""
"1","2312093","8236918114","CLOSD","6901 Bolelyn Drive, Henrico VA 23231","23231","Henrico","Single Family Residence","07/13/2023","$430,000","$432,000","18","Resale (occupied at least once)","2008","Castleton","2,989","0.24","5","3.0","Public Water","Sewer - Public","Conventional","Corporate"
"1","2135711","Not yet recorded","CLOSD","2270 West Libbie Lake Street #UnitB, Henrico VA 23230","23230","Henrico","Condominium","07/13/2023","$484,900","$518,634","57","New (never occupied)","2021","Libbie Mill Townhomes","2,648","0.00","3","2.1","Public Water","Sewer - Public","Conventional","Other"
"1","2303857","7863-67-5822","CLOSD","16369 Little River Drive, Hanover VA 23015","23015","Hanover","Single Family Residence","07/13/2023","$459,000","$458,000","48","Resale (occupied at least once)","2003","None","2,420","6.57","4","2.1","Well","Septic - Conventional","VA New","Individuals"
"1","2313994","729-68-55-92-500-000","CLOSD","13620 Quail Hollow Lane, Chesterfield VA 23112","23112","Chesterfield","Single Family Residence","07/13/2023","$379,000","$400,000","2","Resale (occupied at least once)","1977","Quail Hill","2,222","0.32","3","3.0","Public Water","Sewer - Public","Conventional","Individuals"
"1","2312761","790-64-92-09-200-000","CLOSD","12808 South Chester Road, Chesterfield VA 23831","23831","Chesterfield","Single Family Residence","07/13/2023","$325,000","$320,000","19","Resale (occupied at least once)","1963","South Chester","2,444","1.85","3","2.1","Public Water, Well","Septic - Conventional","FHA New","Individuals"
"1","2308110","710-66-63-64-500-000","CLOSD","7814 Hampton Green Drive, Chesterfield VA 23832","23832","Chesterfield","Single Family Residence","07/13/2023","$510,000","$505,000","60","Resale (occupied at least once)","2003","Hampton Park","3,022","0.25","5","3.1","Public Water","Sewer - Public","Conventional","Individuals"
"1","2305609","714-66-32-52-400-000","CLOSD","15949 Fishers Green Drive, Chesterfield VA 23832","23832","Chesterfield","Single Family Residence","07/13/2023","$521,339","$516,339","68","New (never occupied)","2022","Harpers Mill","2,242","","4","2.1","Public Water","Sewer - Public","Conventional","Corporate"
"1","2231232","Not Yet Assigned","CLOSD","12225 Downrigger Drive, Chesterfield VA 23836","23836","Chesterfield","Single Family Residence","07/13/2023","$509,050","$531,375","0","New (never occupied)","2022","Twin Rivers","2,157","","3","3.0","Public Water","Sewer - Public","Conventional","Corporate"
"1","2303762","118924","CLOSD","8484 Warrior Road, New Kent VA 23141","23141","New Kent","Single Family Residence","07/13/2023","$404,950","$404,950","72","New (never occupied)","2023","Dispatch Station","1,913","0.61","4","2.1","Public Water","Septic - Conventional","VA New","Corporate"
"1","2300702","713-67-19-70-500-000","CLOSD","7021 Leire Lane, Chesterfield VA 23832","23832","Chesterfield","Townhouse","07/13/2023","$430,950","$459,814","0","New (never occupied)","2023","Cosby Village Townhomes","2,304","","3","2.1","Public Water","Sewer - Public","Conventional","Corporate"
"1","2307364","81-2-7","CLOSD","19001 Tettington Lane, Charles City County VA 23030","23030","Charles City County","Single Family Residence","07/13/2023","$2,999,000","$2,750,000","23","Resale (occupied at least once)","2000","None","7,523","1.55","5","5.1","Well","Septic - Conventional","Conventional","Individuals"
"1","2306676","767-64-02-78-300-000","CLOSD","8101 Clancy Court, Chesterfield VA 23838","23838","Chesterfield","Single Family Residence","07/13/2023","$539,450","$539,450","86","Resale (occupied at least once)","2021","Lake Margaret","2,665","1.01","3","2.1","Public Water","Septic - Conventional","Conventional","Individuals"
"1","2304372","720-67-29-46-200-016","CLOSD","332 Water Pointe Lane, Chesterfield VA 23112","23112","Chesterfield","Condominium","07/13/2023","$239,000","$229,000","8","Resale (occupied at least once)","1991","Water Pointe Condo","1,420","1.38","2","2.0","Public Water","Sewer - Public","Conventional","Individuals"
"1","2312311","S007-1062-008","CLOSD","3400 Logandale Avenue, Richmond City VA 23224","23224","Richmond City","Single Family Residence","07/13/2023","$200,000","$194,000","8","Resale (occupied at least once)","1930","Broad Rock Park","966","0.24","2","1.0","Public Water","Sewer - Public","Conventional","Individuals"
"1","2315264","795-63-73-03-100-000","CLOSD","3606 Louise Drive, Chesterfield VA 23831","23831","Chesterfield","Single Family Residence","07/13/2023","$100,000","$100,000","2","Resale (occupied at least once)","1940","None","835","0.52","2","1.0","Well","Septic - Conventional","Cash","Individuals"
"1","2205211","7787-37-9178","CLOSD","10520 Stony Bluff Drive #Unit104, Hanover VA 23005","23005","Hanover","Condominium","07/13/2023","$239,950","$239,950","470","New (never occupied)","2020","Stony Run","829","16.00","1","1.0","Public Water","Sewer - Public","Conventional","Corporate"
"1","2314410","N000-0802-006","CLOSD","1100 Myrtle Street, Richmond City VA 23222","23222","Richmond City","Single Family Residence","07/13/2023","$299,900","$325,000","4","Resale (occupied at least once)","1938","None","1,227","0.33","3","2.1","Public Water","Sewer - Public","Conventional","Corporate, Individuals"
"1","2311835","744-68-99-59-200-000","CLOSD","10931 Sunset Hills Drive, Chesterfield VA 23236","23236","Chesterfield","Single Family Residence","07/13/2023","$370,000","$370,000","10","Resale (occupied at least once)","1987","Brandon","1,770","0.29","3","2.1","Public Water","Sewer - Public","VA New","Individuals"
"1","2305268","TBD","CLOSD","1129 North Lombardy Street #UnitA, Richmond City VA 23220","23220","Richmond City","Condominium","07/13/2023","$430,990","$412,990","24","New (never occupied)","2023","Carver Square","1,574","","2","2.1","Public Water","Community - Sewer/Septic","Cash","Corporate"
"1","2315187","W000-1364-026","CLOSD","3022 Stuart Avenue, Richmond City VA 23221","23221","Richmond City","Single Family Residence","07/13/2023","$275,000","$423,200","9","Resale (occupied at least once)","1923","None","1,212","0.03","3","1.0","Public Water","Sewer - Public","Cash","Estate"
"1","2314640","749-740-4615","CLOSD","9000 Splitwood Circle, Henrico VA 23229","23229","Henrico","Single Family Residence","07/13/2023","$525,000","$540,000","10","Resale (occupied at least once)","1980","White Oak","2,212","0.24","4","2.1","Public Water","Sewer - Public","Conventional","Individuals"
"1","2314275","C004-0587-002","CLOSD","6743 Monitor Road, Richmond City VA 23225","23225","Richmond City","Single Family Residence","07/13/2023","$439,900","$505,000","6","Resale (occupied at least once)","1958","Windsorview","1,882","0.46","3","2.0","Public Water","Sewer - Public","Conventional","Individuals"
"1","2314141","C0060468014","CLOSD","1585 Clarkson Road, Richmond City VA 23224","23224","Richmond City","Single Family Residence","07/13/2023","$249,900","$279,500","5","Resale (occupied at least once)","2003","Woodstock Community","1,462","0.15","3","2.1","Public Water","Sewer - Public","VHDA/FHA","Corporate"
"1","2313879","735-777-3801","CLOSD","12308 Hardwick Court, Henrico VA 23059","23059","Henrico","Single Family Residence","07/13/2023","$650,000","$677,000","5","Resale (occupied at least once)","1995","Hardwick At Wyndham","2,695","0.30","4","2.1","Public Water","Sewer - Public","Conventional","Individuals"
"1","2313875","8724-33-8600","CLOSD","6309 Queens Lace Circle, Hanover VA 23111","23111","Hanover","Single Family Residence","07/13/2023","$349,500","$356,000","5","Resale (occupied at least once)","1986","Lereve Manor","1,860","0.44","4","2.1","Public Water","Sewer - Public","Conventional","Individuals"
"1","2313757","761-749-1375","CLOSD","2300 Bogan Road, Henrico VA 23294","23294","Henrico","Single Family Residence","07/13/2023","$349,950","$385,000","3","Resale (occupied at least once)","1968","Sweetbriar Park","1,872","0.24","3","2.1","Public Water","Sewer - Public","Conventional","Individuals"
"1","2313660","C004-0416-020","CLOSD","7430 Comanche Drive, Richmond City VA 23225","23225","Richmond City","Single Family Residence","07/13/2023","$480,000","$560,000","7","Resale (occupied at least once)","1960","Cherokee Farms","1,664","0.34","3","1.1","Public Water","Sewer - Public","Conventional","Individuals"
"1","2313574","8715-87-9110","CLOSD","8377 Wetherden Drive, Hanover VA 23111","23111","Hanover","Single Family Residence","07/13/2023","$425,000","$455,000","5","Resale (occupied at least once)","2001","Brooks Hollow","2,448","0.34","4","2.1","Public Water","Sewer - Public","Conventional","Individuals"
"1","2313494","8724-01-3264","CLOSD","7066 Wahoo Court, Hanover VA 23111","23111","Hanover","Single Family Residence","07/13/2023","$325,000","$340,000","1","Resale (occupied at least once)","1995","Milton Woods At Highpoint","1,144","0.30","3","2.0","Public Water","Sewer - Public","Cash","Individuals"
"1","2313457","809-726-1638","CLOSD","504 Kings Tower Place, Henrico VA 23223","23223","Henrico","Townhouse","07/13/2023","$255,000","$270,000","4","Resale (occupied at least once)","2008","None","1,440","0.04","3","2.1","Public Water","Sewer - Public","FHA New","Individuals"
"1","2313426","S000-0793-025","CLOSD","57 West 27th Street, Richmond City VA 23225","23225","Richmond City","Single Family Residence","07/13/2023","$339,000","$340,000","22","New (never occupied)","2023","None","1,680","0.08","4","2.0","Public Water","Sewer - Public","Conventional","Individuals"
"1","2313065","8704-89-6214","CLOSD","7486 Meadow Haven Circle, Hanover VA 23111","23111","Hanover","Single Family Residence","07/13/2023","$460,000","$460,000","14","Resale (occupied at least once)","2011","The Villas At Rose Hill","1,907","0.13","3","2.0","Public Water","Sewer - Public","Conventional","Individuals"
"1","2313058","738-69-43-07-700-000","CLOSD","1706 Winbury Drive, Chesterfield VA 23114","23114","Chesterfield","Single Family Residence","07/13/2023","$435,000","$445,000","6","Resale (occupied at least once)","2000","Westbury","2,344","0.31","4","2.1","Public Water","Sewer - Public","Conventional","Individuals"
"1","2312914","767-738-4466","CLOSD","6223 West Franklin Street, Henrico VA 23226","23226","Henrico","Single Family Residence","07/13/2023","$474,950","$550,000","9","Resale (occupied at least once)","1947","Westham Manor","1,653","0.22","3","1.1","Public Water","Sewer - Public","Conventional","Individuals"
"1","2312670","8706-05-6867","CLOSD","9632 Cavalin Court, Hanover VA 23116","23116","Hanover","Single Family Residence","07/13/2023","$589,950","$607,500","7","Resale (occupied at least once)","2011","Rutland","3,614","0.27","5","3.1","Public Water","Sewer - Public","Conventional","Individuals"
"1","2312447","753-765-6308","CLOSD","4509 Vienna Woods Place, Henrico VA 23060","23060","Henrico","Single Family Residence","07/13/2023","$424,950","$423,000","6","Resale (occupied at least once)","1989","Woods At Innsbrook","1,660","0.27","3","2.1","Public Water","Sewer - Public","Conventional","Individuals"
"1","2311966","63-1-0-25-0","CLOSD","633 Manakin Road, Goochland VA 23103","23103","Goochland","Single Family Residence","07/13/2023","$865,000","$922,500","8","Resale (occupied at least once)","1984","Goochland","3,945","7.89","6","4.1","Well","Septic - Conventional","Conventional","Individuals"
"1","2311032","746-67-76-67-700-000","CLOSD","10601 Hollytree Terrace, Chesterfield VA 23832","23832","Chesterfield","Single Family Residence","07/13/2023","$249,000","$275,011","13","Resale (occupied at least once)","1981","Sunnybrook","1,224","0.41","4","2.0","Public Water","Sewer - Public","FHA New","REO"
"1","2308900","8744-67-1859","CLOSD","7406 Burnett Field Drive, Hanover VA 23111","23111","Hanover","Single Family Residence","07/13/2023","$599,900","$630,000","3","Resale (occupied at least once)","1987","Pine Knoll","4,830","3.04","5","4.1","Well","Septic - Conventional","Conventional","Individuals"
"1","2308680","805-692-7272","CLOSD","1600 New Settlement Drive, Henrico VA 23231","23231","Henrico","Single Family Residence","07/13/2023","$385,000","$380,000","61","Resale (occupied at least once)","2008","Settlers Ridge","2,645","0.22","3","2.1","Public Water","None","Conventional","Individuals"
"1","2305495","784-67-01-47-900-000","CLOSD","8813 Talon Lane, Chesterfield VA 23237","23237","Chesterfield","Single Family Residence","07/13/2023","$234,000","$230,000","36","Resale (occupied at least once)","1985","Oak Run","1,200","0.24","3","1.1","Public Water","Sewer - Public","Conventional","REO"
"1","2303366","5-1-0-13-0","CLOSD","4403 Butternut Grove Lane, Goochland VA 23084","23084","Goochland","Single Family Residence","07/13/2023","$389,950","$397,350","8","New (never occupied)","2022","County Line Estates","1,600","9.32","3","2.0","Well","Septic - Conventional","Conventional","Corporate"
"1","2300330","C004-0544-010","CLOSD","2956 Hathaway Road #UnitU110, Richmond City VA 23225","23225","Richmond City","Condominium","07/13/2023","$228,950","$220,000","120","Resale (occupied at least once)","1972","Hathaway Tower Condominiums","1,561","0.55","2","2.0","Public Water","Sewer - Public","Cash","Individuals"
"1","2300198","038C-6-38","CLOSD","1620 Mattox Mill Court, Powhatan VA 23139","23139","Powhatan","Single Family Residence","07/13/2023","$425,000","$425,000","5","Resale (occupied at least once)","2001","Mattox Crossing","3,100","2.17","4","3.0","Well","Septic - Conventional","FHA New","Individuals"
"1","2232795","711-67-82-09-300-000","CLOSD","5425 Swift Fox Court, Chesterfield VA 23120","23120","Chesterfield","Single Family Residence","07/13/2023","$591,950","$630,341","0","New (never occupied)","2022","Foxfield","3,090","","4","3.0","Public Water","Sewer - Public","Conventional","Corporate"
"1","REIN10482336","81-2-7","CLOSD","19001 Tettington Lane, Charles City County VA 23030","23030","Charles City County","Single Family Residence","07/13/2023","$2,999,000","$2,750,000","22","Resale (occupied at least once)","2000","CHARLES CITY","7,523","","5","6.0","Well","Septic","",""
"1","2310135","853-684-7027","CLOSD","6408 Cookes Farm Drive, Henrico VA 23231","23231","Henrico","Single Family Residence","07/14/2023","$479,950","$479,950","39","Resale (occupied at least once)","2004","Turkey Island Bluffs","2,582","5.00","4","3.1","Well","Septic - Engineered","Conventional","Individuals"
"1","2311092","748-70-05-58-300-000","CLOSD","9870 Stroud Lane, Chesterfield VA 23236","23236","Chesterfield","Single Family Residence","07/14/2023","$349,500","$389,000","5","Resale (occupied at least once)","1976","None","1,632","1.34","3","2.0","Public Water","Septic - Conventional","Conventional","Individuals"
"1","2311630","57-7-0-7-0","CLOSD","1411 Mellick Ridge Court, Goochland VA 23103","23103","Goochland","Single Family Residence","07/14/2023","$849,950","$850,000","5","Resale (occupied at least once)","1996","Dover Run","3,703","2.17","4","3.1","Well","Septic - Conventional","Conventional","Individuals"
"1","2311542","767-69-09-13-100-000","CLOSD","6907 Summers Trace Terrace, Chesterfield VA 23832","23832","Chesterfield","Single Family Residence","07/14/2023","$379,999","$390,000","5","Resale (occupied at least once)","2006","Summers Trace","2,294","0.42","4","2.1","Public Water","Sewer - Public","VHDA ","Individuals"
"1","2311414","023-16F","CLOSD","6034 Anderson Highway, Powhatan VA 23139","23139","Powhatan","Single Family Residence","07/14/2023","$397,999","$394,500","33","Resale (occupied at least once)","2017","None","1,816","3.60","3","2.0","Well","Septic - Conventional","Conventional","Individuals"
"1","2312953","21A-2-G-33","CLOSD","6000 Pontefract Drive, New Kent VA 23124","23124","New Kent","Single Family Residence","07/14/2023","$329,500","$340,000","15","Resale (occupied at least once)","1993","Kenwood Farms","1,500","0.82","3","2.0","Public Water","Septic - Conventional","Conventional","Individuals"
"1","2311662","775-65-67-66-600-000","CLOSD","6516 Monroe Arbor Lane, Chesterfield VA 23831","23831","Chesterfield","Townhouse","07/14/2023","$332,395","$331,895","0","New (never occupied)","2022","IronBridge Townhomes","1,609","","3","2.1","Public Water","Sewer - Public","Conventional","Corporate"
"1","2301791","J13-2724-3688","CLOSD","7594 East Danube Loop, New Kent VA 23124","23124","New Kent","Single Family Residence","07/14/2023","$347,060","$347,060","0","New (never occupied)","2021","Lifestyle at Four Seasons","1,533","","3","2.0","Public Water","Sewer - Public","Conventional","Corporate"
"1","2314159","727-68-56-26-100-000","CLOSD","13806 Nuttree Woods Terrace, Chesterfield VA 23112","23112","Chesterfield","Single Family Residence","07/14/2023","$355,000","$363,000","2","Resale (occupied at least once)","1977","Brandermill","2,071","0.33","4","2.1","Public Water","Sewer - Public","Conventional","Individuals"
"1","2312652","21A  2 B  13","CLOSD","8800 Shewsbury Drive, New Kent VA 23124","23124","New Kent","Single Family Residence","07/14/2023","$369,000","$373,000","9","Resale (occupied at least once)","1977","Kenwood Farms","2,522","0.82","3","2.0","Public Water","Septic - Conventional","Conventional","Individuals"
"1","2231438","713-67-07-89-200-000","CLOSD","7053 Leire Lane, Chesterfield VA 23832","23832","Chesterfield","Townhouse","07/14/2023","$381,950","$376,950","66","New (never occupied)","2023","Cosby Village Townhomes","2,371","","3","3.1","Public Water","Sewer - Public","Conventional","Corporate"
"1","2316841","N000-1294-078","CLOSD","1459 Overbrook Road #UnitA8, Richmond City VA 23220","23220","Richmond City","Condominium","07/14/2023","$576,560","$576,560","0","New (never occupied)","2023","The Outpost at Brewers Row","2,517","","3","2.1","Public Water","Sewer - Public","Conventional","Corporate"
"1","2304916","765-748-5855.187","CLOSD","2721 St. Elias Drive #UnitA, Henrico VA 23294","23294","Henrico","Condominium","07/14/2023","$352,240","$342,240","5","New (never occupied)","2023","West Broad Landing","1,608","","3","2.1","Public Water","Sewer - Public","Conventional","Corporate"
"1","2311212","7797-79-1346","CLOSD","9262 Smallwood Court, Hanover VA 23116","23116","Hanover","Single Family Residence","07/14/2023","$519,900","$519,900","20","Resale (occupied at least once)","2000","Milestone","2,938","0.37","5","3.1","Public Water","Sewer - Public","Conventional","Individuals"
"1","2309376","829-717-6264","CLOSD","207 Algiers Drive, Henrico VA 23150","23150","Henrico","Single Family Residence","07/14/2023","$239,000","$244,000","6","Resale (occupied at least once)","1947","Woodlawn Terrace","1,185","0.22","4","2.0","Public Water","Sewer - Public","FHA New","Estate"
"1","2309193","N000-1357-017","CLOSD","3311 Barton Avenue, Richmond City VA 23222","23222","Richmond City","Single Family Residence","07/14/2023","$529,950","$510,000","27","Resale (occupied at least once)","1924","Brookland Park","1,810","0.15","3","2.1","Public Water","Sewer - Public","Conventional","Individuals"
"1","2311275","7874-32-9097,7874-31-8853","CLOSD","11304 Verdon Road, Hanover VA 23047","23047","Hanover","Single Family Residence","07/14/2023","$379,000","$359,000","30","Resale (occupied at least once)","1972","None","1,512","5.48","3","2.0","Well","Septic - Conventional","Conventional","Individuals"
"1","2313407","W000-0665-021","CLOSD","1616 Hanover Avenue, Richmond City VA 23220","23220","Richmond City","Single Family Residence","07/14/2023","$1,150,000","$1,100,000","6","Resale (occupied at least once)","1910","None","2,854","0.06","3","2.1","Public Water","Community - Sewer/Septic","Conventional","Individuals"
"1","2313419","7830-87-8454","CLOSD","15550 Scotchtown Road, Hanover VA 23192","23192","Hanover","Single Family Residence","07/14/2023","$709,000","$728,500","17","Resale (occupied at least once)","2003","None","4,143","3.75","5","3.1","Well","Septic - Conventional","Cash","Individuals"
"1","2314559","026-95","CLOSD","2801 Maidens Road, Powhatan VA 23139","23139","Powhatan","Single Family Residence","07/14/2023","$474,950","$474,950","4","Resale (occupied at least once)","1976","None","2,784","10.00","4","2.1","Well","Septic - Conventional","VA New","Individuals"
"1","2314248","734-69-46-40-800-000","CLOSD","12601 Paget Court, Chesterfield VA 23114","23114","Chesterfield","Single Family Residence","07/14/2023","$357,000","$362,000","3","Resale (occupied at least once)","1990","Hamilton","2,008","0.17","3","2.1","Public Water","Sewer - Public","Conventional","Individuals"
"1","2314007","810-729-5839","CLOSD","1111 Leslie Ann Drive, Henrico VA 23223","23223","Henrico","Single Family Residence","07/14/2023","$250,000","$265,000","4","Resale (occupied at least once)","1988","Mitcheltree","1,344","0.19","3","2.0","Public Water","Sewer - Public","Conventional","Individuals"
"1","2313365","821-694-2457","CLOSD","3101 Pinefields Drive, Henrico VA 23231","23231","Henrico","Single Family Residence","07/14/2023","$349,950","$375,000","5","Resale (occupied at least once)","2007","Whispering Pines Henr","1,678","0.65","3","2.1","Public Water","Sewer - Public","Conventional","Individuals"
"1","2312662","7778-62-2766","CLOSD","11270 Caruthers Way, Hanover VA 23059","23059","Hanover","Single Family Residence","07/14/2023","$399,950","$407,500","2","Resale (occupied at least once)","2003","Cedarlea Park","1,626","0.27","3","2.0","Public Water","Sewer - Public","Conventional","Individuals"
"1","2227873","Not Yet Assigned","CLOSD","12109 Oxford Landing Drive #Unit105, Henrico VA 23059","23059","Henrico","Condominium","07/14/2023","$441,425","$441,425","143","New (never occupied)","2022","Twin Hickory","1,932","","3","2.1","Public Water","Sewer - Public","Conventional","Corporate"
"1","2313110","723-70-43-90-700-012","CLOSD","1040 Westwood Village Way #Unit404, Chesterfield VA 23114","23114","Chesterfield","Condominium","07/14/2023","$345,000","$345,000","3","Resale (occupied at least once)","2017","Westwood Village At Charter Colony","1,776","0.25","2","2.0","Public Water","Sewer - Public","Conventional","Individuals"
"1","2313465","TBD","CLOSD","2719 St. Elias Drive #UnitB, Henrico VA 23294","23294","Henrico","Condominium","07/14/2023","$429,735","$417,235","9","New (never occupied)","2023","West Broad Landing","2,519","","3","2.1","Public Water","Sewer - Public","Cash","Corporate"
"1","2226202","TBD","CLOSD","1125 N Lombardy Street #UnitA, Richmond City VA 23220","23220","Richmond City","Condominium","07/14/2023","$379,990","$379,990","117","New (never occupied)","2022","Carver Square","1,573","","2","2.1","Public Water","Sewer - Public","Cash","Corporate"
"1","2316256","E000-0731-024","CLOSD","3102 East Broad Street, Richmond City VA 23223","23223","Richmond City","Single Family Residence","07/14/2023","$330,000","$331,453","0","Resale (occupied at least once)","1900","None","1,704","0.06","3","2.0","Public Water","Sewer - Public","Cash","Individuals"
"1","2315876","788-68-24-15-900-000","CLOSD","2907 Brentwood Circle, Chesterfield VA 23237","23237","Chesterfield","Single Family Residence","07/14/2023","$179,950","$180,000","5","Resale (occupied at least once)","1947","Sherbourne Heights","1,413","0.28","3","1.1","Public Water","Sewer - Public","Cash","Individuals"
"1","2315702","771-742-8471","CLOSD","5301 Tacoma Street, Henrico VA 23230","23230","Henrico","Single Family Residence","07/14/2023","$299,950","$305,000","2","Resale (occupied at least once)","1955","Dickensdale","1,000","0.31","3","1.1","Public Water","Sewer - Public","Cash","Individuals"
"1","2314916","746-735-6198","CLOSD","14 Chapaqua Drive, Henrico VA 23229","23229","Henrico","Single Family Residence","07/14/2023","$995,000","$995,000","9","Resale (occupied at least once)","1986","River Place","3,997","1.05","6","4.1","Public Water","Sewer - Public","Cash","Individuals"
"1","2314817","794-753-9972","CLOSD","203 Fulham Circle, Henrico VA 23227","23227","Henrico","Single Family Residence","07/14/2023","$469,900","$500,000","4","Resale (occupied at least once)","1972","Chickahominy Bluffs","3,502","0.42","4","3.0","Public Water","None","Cash","Individuals"
"1","2314783","8704-19-8772","CLOSD","8409 Mary Mundie Lane, Hanover VA 23111","23111","Hanover","Single Family Residence","07/14/2023","$349,900","$362,000","5","Resale (occupied at least once)","1999","Berry Pointe","1,410","0.35","3","2.0","Public Water","Sewer - Public","Conventional","Individuals"
"1","2314731","744-68-60-74-900-000","CLOSD","11226 Mistyhollow Road, Chesterfield VA 23112","23112","Chesterfield","Single Family Residence","07/14/2023","$310,000","$320,000","11","Resale (occupied at least once)","1980","Genito Forest","1,008","0.28","3","1.1","Public Water","Sewer - Public","Other","Individuals"
"1","2314628","44-31-0-1-0","CLOSD","1970 Cardwell Road, Goochland VA 23039","23039","Goochland","Single Family Residence","07/14/2023","$627,900","$620,000","3","Resale (occupied at least once)","2022","None","2,280","","4","2.1","Well","Septic - Conventional","Cash","Individuals"
"1","2314529","8716-70-2673","CLOSD","7167 Red Sash Drive, Hanover VA 23116","23116","Hanover","Condominium","07/14/2023","$365,000","$375,000","3","Resale (occupied at least once)","2015","The Bluffs At Bell Creek","1,691","0.01","2","2.0","Public Water","Sewer - Public","Conventional","Individuals"
"1","2314482","765-757-8338","CLOSD","5500 Millstream Lane, Henrico VA 23228","23228","Henrico","Townhouse","07/14/2023","$275,000","$290,000","3","Resale (occupied at least once)","2003","Millspring Townes","1,280","0.06","3","2.1","Public Water","Sewer - Public","Cash","Individuals"
"1","2314449","731-64-33-76-300-000","CLOSD","12750 Second Branch Road, Chesterfield VA 23838","23838","Chesterfield","Single Family Residence","07/14/2023","$550,000","$576,500","5","Resale (occupied at least once)","1989","Second Branch","3,032","2.80","5","4.0","Well","Septic - Conventional","Conventional","Individuals"
"1","2314409","736-69-44-31-700-000","CLOSD","12302 Pomfret Court, Chesterfield VA 23114","23114","Chesterfield","Single Family Residence","07/14/2023","$315,000","$333,000","6","Resale (occupied at least once)","1991","Abbots Mill","1,374","0.52","3","2.0","Public Water","Sewer - Public","Conventional","Individuals"
"1","2314358","E000-3314-017","CLOSD","3213 Tuxedo Boulevard, Richmond City VA 23223","23223","Richmond City","Single Family Residence","07/14/2023","$164,950","$170,000","2","Resale (occupied at least once)","1915","Tuxedo Park","960","0.11","2","1.0","Public Water","Sewer - Public","Conventional","Individuals"
"1","2314226","8715-95-2578","CLOSD","8277 Laurel Meadows Drive, Hanover VA 23111","23111","Hanover","Single Family Residence","07/14/2023","$399,950","$417,500","6","Resale (occupied at least once)","1994","Laurel Meadows","2,133","0.34","4","2.1","Public Water","Sewer - Public","FHA New","Individuals"
"1","2314166","745-771-5882","CLOSD","11412 Scotsglen Court, Henrico VA 23059","23059","Henrico","Single Family Residence","07/14/2023","$639,950","$680,000","6","Resale (occupied at least once)","1999","Scotsglen","3,156","0.23","4","2.1","Public Water","Sewer - Public","Conventional","Individuals"
"1","2314025","8715-53-9863","CLOSD","8192 Greenview Road, Hanover VA 23111","23111","Hanover","Single Family Residence","07/14/2023","$369,950","$360,000","13","Resale (occupied at least once)","1972","Meadow Gate","2,600","0.42","3","3.0","Public Water","Sewer - Public","Conventional","Corporate"
"1","2313877","802-728-3136","CLOSD","431 Hollybrook Ridge Lane #Unit431, Henrico VA 23223","23223","Henrico","Townhouse","07/14/2023","$220,000","$225,000","3","Resale (occupied at least once)","2002","Hollybrook Ridge","1,440","0.04","3","2.1","Public Water","Sewer - Public","VHDA ","Individuals"
"1","2313857","850-714-9037","CLOSD","109 Webster Road, Henrico VA 23150","23150","Henrico","Single Family Residence","07/14/2023","$265,000","$270,000","8","Resale (occupied at least once)","1969","Bradley Acres","1,638","0.46","4","1.1","Public Water","Septic - Conventional","VHDA ","Individuals"
"1","2313807","765-753-8432","CLOSD","3103 Trail Drive, Henrico VA 23228","23228","Henrico","Single Family Residence","07/14/2023","$199,900","$250,000","5","Resale (occupied at least once)","1955","Woodlawn Farms","1,120","0.47","3","1.0","Public Water","Sewer - Public","Conventional","Corporate, Individuals"
"1","2313788","777-64-64-77-000-000","CLOSD","13446 Bradley Bridge Road, Chesterfield VA 23831","23831","Chesterfield","Single Family Residence","07/14/2023","$1,050,000","$1,125,000","5","Resale (occupied at least once)","2006","None","4,386","20.28","6","4.0","Public Water","Septic - Conventional","Conventional","Individuals"
"1","2313753","751-762-6067","CLOSD","10916 Rickey Court, Henrico VA 23060","23060","Henrico","Single Family Residence","07/14/2023","$415,000","$442,000","5","Resale (occupied at least once)","1998","Lexington","1,760","0.22","3","2.1","Public Water","Sewer - Public","Conventional","Individuals"
"1","2313691","S000-2923-058","CLOSD","4030 Forest Hill Avenue #UnitU14, Richmond City VA 23225","23225","Richmond City","Condominium","07/14/2023","$119,950","$132,001","5","Resale (occupied at least once)","1961","Forest Oaks Condominiums","585","3.80","1","1.0","Public Water","Sewer - Public","Cash","Individuals"
"1","2313633","30-1-0-14-B","CLOSD","3305 Cedar Gate Road, Goochland VA 23063","23063","Goochland","Single Family Residence","07/14/2023","$299,500","$299,500","4","Resale (occupied at least once)","1998","Cedar Gates","1,140","2.16","3","2.0","Well","Septic - Conventional","Conventional","Individuals"
"1","2313608","742-69-37-82-700-000","CLOSD","2730 Providence Creek Road, Chesterfield VA 23236","23236","Chesterfield","Single Family Residence","07/14/2023","$200,000","$200,000","3","Resale (occupied at least once)","1994","Providence Creek","1,444","0.26","3","2.0","Public Water","Sewer - Public","Cash","Individuals"
"1","2313576","769-68-47-73-800-000","CLOSD","6201 Calavetti Drive, Chesterfield VA 23234","23234","Chesterfield","Single Family Residence","07/14/2023","$279,950","$305,000","6","Resale (occupied at least once)","2002","Jessup Farms","1,410","0.22","3","2.1","Public Water","Sewer - Public","Conventional","Individuals"
"1","2313322","8707-40-0861","CLOSD","10046 Seminole Road, Hanover VA 23116","23116","Hanover","Single Family Residence","07/14/2023","$350,000","$377,000","8","Resale (occupied at least once)","2005","Henry Clay Heights","1,387","1.03","3","2.0","Well","Septic - Engineered","Conventional","Individuals"
"1","2313140","827-719-3791","CLOSD","404 Roxana Road, Henrico VA 23075","23075","Henrico","Townhouse","07/14/2023","$103,000","$117,000","22","Resale (occupied at least once)","1974","Fairlawn Townhouses","1,007","0.04","3","1.1","Public Water","Sewer - Public","Cash","Corporate, REO"
"1","2313041","753-766-1305","CLOSD","4608 Fort Mchenry, Henrico VA 23060","23060","Henrico","Single Family Residence","07/14/2023","$375,000","$376,000","4","Resale (occupied at least once)","1988","Woods At Innsbrook","1,640","0.23","3","2.1","Public Water","Sewer - Public","Conventional","Individuals"
"1","2313030","E000-0480-030","CLOSD","603 North 27th Street, Richmond City VA 23223","23223","Richmond City","Single Family Residence","07/14/2023","$475,000","$485,000","3","Resale (occupied at least once)","1855","None","1,554","0.04","3","2.0","Public Water","Sewer - Public","Conventional","Individuals"
"1","2312990","729-756-2020","CLOSD","2500 Cottage Cove Drive, Henrico VA 23233","23233","Henrico","Single Family Residence","07/14/2023","$689,950","$700,000","10","Resale (occupied at least once)","1989","The Colonies At Wilde Lake","4,596","","5","4.1","Public Water","Sewer - Public","Conventional","Individuals"
"1","2312902","794-65-71-01-400-000","CLOSD","11824 Boyd Road, Chesterfield VA 23831","23831","Chesterfield","Single Family Residence","07/14/2023","$369,900","$350,000","6","Resale (occupied at least once)","1956","Chester Heights","2,793","0.69","4","3.0","Public Water","Sewer - Public","Conventional","Individuals"
"1","2312869","797-62-14-75-200-000","CLOSD","18803 Pine Grove Avenue, Chesterfield VA 23834","23834","Chesterfield","Single Family Residence","07/14/2023","$299,900","$299,900","4","New (never occupied)","2023","Brookside","1,320","0.51","3","2.1","Public Water","Sewer - Public","Conventional","Individuals"
"1","2312820","764-65-03-29-700-000","CLOSD","8406 Shagreen Court, Chesterfield VA 23838","23838","Chesterfield","Single Family Residence","07/14/2023","$525,000","$520,000","19","Resale (occupied at least once)","2000","The Highlands","2,723","2.49","4","2.1","Public Water","Septic - Conventional","Conventional","Individuals"
"1","2312489","744-69-91-83-400-114","CLOSD","11209 Lantern Way, Chesterfield VA 23236","23236","Chesterfield","Condominium","07/14/2023","$385,000","$397,500","4","Resale (occupied at least once)","2013","Harvest Glen","1,625","33.70","3","3.0","Public Water","Sewer - Public","Conventional","Individuals"
"1","2312431","756-733-9735","CLOSD","8100 River Road, Henrico VA 23229","23229","Henrico","Single Family Residence","07/14/2023","$695,000","$776,500","21","Resale (occupied at least once)","1952","River Hills","3,168","1.03","4","3.0","Public Water","Sewer - Public","Conventional","Individuals"
"1","2312391","782-758-1658","CLOSD","1609 Littleton Boulevard, Henrico VA 23228","23228","Henrico","Single Family Residence","07/14/2023","$359,000","$406,000","5","Resale (occupied at least once)","1968","Middleton","2,094","0.28","3","2.1","Public Water","Sewer - Public","Conventional","Individuals"
"1","2312369","N000-0691-035","CLOSD","2713 Chamberlayne Avenue, Richmond City VA 23222","23222","Richmond City","Single Family Residence","07/14/2023","$285,000","$240,000","2","Resale (occupied at least once)","1929","Oak Ridge","1,757","0.21","3","2.0","Public Water","None","Other","Individuals"
"1","2312356","8715-75-7978","CLOSD","8314 Mendenhall Place, Hanover VA 23111","23111","Hanover","Single Family Residence","07/14/2023","$444,950","$455,000","15","Resale (occupied at least once)","2002","Brooks Hollow","2,982","0.51","4","2.1","Public Water","Sewer - Public","Conventional","Individuals"
"1","2312314","747-69-79-53-200-000","CLOSD","10201 Wycliff Road, Chesterfield VA 23236","23236","Chesterfield","Single Family Residence","07/14/2023","$335,000","$360,000","3","Resale (occupied at least once)","1967","Forest Acres","1,950","0.48","4","2.1","Public Water","Sewer - Public","Conventional","Individuals"
"1","2312234","736-69-77-03-600-000","CLOSD","12107 Amber Meadows Lane, Chesterfield VA 23114","23114","Chesterfield","Single Family Residence","07/14/2023","$337,000","$337,000","9","Resale (occupied at least once)","1997","Amber Forest","1,572","0.27","3","3.0","Public Water","Sewer - Public","Conventional","Individuals"
"1","2312194","741-69-53-28-200-000","CLOSD","1400 Havens Oak Circle, Chesterfield VA 23114","23114","Chesterfield","Single Family Residence","07/14/2023","$465,000","$480,000","5","Resale (occupied at least once)","1994","St James Woods","2,574","0.28","4","3.1","Public Water","Sewer - Public","Conventional","Individuals"
"1","2312162","025-19","CLOSD","4615 Anderson Highway, Powhatan VA 23139","23139","Powhatan","Single Family Residence","07/14/2023","$189,900","$189,900","0","Resale (occupied at least once)","1930","None","705","2.00","1","1.0","Well","Septic - Conventional","Conventional","Individuals"
"1","2312121","760-739-5649","CLOSD","906 Westham, Henrico VA 23229","23229","Henrico","Single Family Residence","07/14/2023","$1,495,000","$1,540,000","5","Resale (occupied at least once)","1951","Westham","3,105","0.49","4","3.1","Public Water","Sewer - Public","Conventional","Individuals"
"1","2312112","C007-0133-042","CLOSD","6281 Warwick Road, Richmond City VA 23225","23225","Richmond City","Single Family Residence","07/14/2023","$325,000","$319,000","2","New (never occupied)","2023","Worthington Farms","1,850","0.23","3","2.1","Public Water","Community - Sewer/Septic","Conventional","Individuals"
"1","2312045","753-762-9155","CLOSD","4433 Joseph Drive, Henrico VA 23060","23060","Henrico","Single Family Residence","07/14/2023","$449,000","$480,000","5","Resale (occupied at least once)","1996","Greensprings","2,110","0.22","4","2.1","Public Water","Sewer - Public","FHA New","Individuals"
"1","2311996","E000-0804-020","CLOSD","3216 P Street, Richmond City VA 23223","23223","Richmond City","Single Family Residence","07/14/2023","$549,950","$540,000","30","Resale (occupied at least once)","2018","None","2,236","0.09","4","3.1","Public Water","Sewer - Public","Conventional","Individuals"
"1","2311882","728-65-91-01-300-000","CLOSD","13719 Brandycrest Drive, Chesterfield VA 23832","23832","Chesterfield","Single Family Residence","07/14/2023","$475,000","$510,500","5","Resale (occupied at least once)","1997","Brandy Oaks","2,613","1.02","4","2.1","Public Water","Septic - Conventional","Conventional","Individuals"
"1","2311842","760-70-52-62-400-000","CLOSD","8020 North Provincetown Drive, Chesterfield VA 23235","23235","Chesterfield","Townhouse","07/14/2023","$220,000","$220,000","4","Resale (occupied at least once)","1973","Providence Green","1,200","0.04","2","1.1","Public Water","Sewer - Public","Cash","Individuals"
"1","2311769","729-67-02-21-900-000","CLOSD","7301 Count Fleet Drive, Chesterfield VA 23112","23112","Chesterfield","Single Family Residence","07/14/2023","$359,900","$355,000","13","Resale (occupied at least once)","1993","Triple Crown","1,958","0.39","4","2.1","Public Water","Sewer - Public","VA New","Individuals"
"1","2311737","N000-1028-021","CLOSD","1021 Rennie Avenue, Richmond City VA 23227","23227","Richmond City","Single Family Residence","07/14/2023","$599,950","$555,000","19","Resale (occupied at least once)","2021","Ginter Park","2,184","0.08","4","2.1","Public Water","Sewer - Public","Conventional","Other"
"1","2311291","016-2B-21","CLOSD","3530 Timberview Road, Powhatan VA 23139","23139","Powhatan","Single Family Residence","07/14/2023","$649,950","$650,000","37","Resale (occupied at least once)","1998","The Woodlands","4,025","5.58","5","4.1","Well","Septic - Conventional","Cash","Individuals"
"1","2311243","C007-0314-012","CLOSD","1025 Andros Road, Richmond City VA 23225","23225","Richmond City","Single Family Residence","07/14/2023","$274,950","$295,000","2","Resale (occupied at least once)","1958","Worthington Farms","1,098","0.31","3","1.0","Public Water","Sewer - Public","FHA New","Individuals"
"1","2311189","771-772-9091","CLOSD","11301 Old Washington Highway, Henrico VA 23059","23059","Henrico","Single Family Residence","07/14/2023","$337,500","$359,000","5","Resale (occupied at least once)","1937","None","1,792","1.81","3","2.0","Well","Septic - Conventional","Conventional","Individuals"
"1","2310539","793-755-9956","CLOSD","8216 Pilgrim Terrace, Henrico VA 23227","23227","Henrico","Single Family Residence","07/14/2023","$479,900","$485,900","12","Resale (occupied at least once)","2002","Rolling Hills","3,417","0.41","5","3.1","Public Water","Sewer - Public","Conventional","Individuals"
"1","2310006","797-713-4258.306","CLOSD","4820 Old Main Street #Unit306, Henrico VA 23231","23231","Henrico","Condominium","07/14/2023","$749,950","$730,000","37","Resale (occupied at least once)","2007","Village Of Rocketts Landing","2,186","0.05","2","2.1","Public Water","Sewer - Public","Cash","Individuals"
"1","2309287","754-69-87-63-700-000","CLOSD","1528 Providence Knoll Drive, Chesterfield VA 23236","23236","Chesterfield","Townhouse","07/14/2023","$379,500","$375,000","16","Resale (occupied at least once)","2005","Providence","1,849","0.07","3","2.1","Public Water","Sewer - Public","Conventional","Individuals"
"1","2308877","747-69-78-67-600-000","CLOSD","10201 Kayvee Road, Chesterfield VA 23236","23236","Chesterfield","Single Family Residence","07/14/2023","$445,600","$426,000","57","Resale (occupied at least once)","2008","Forest Acres","3,324","0.41","4","3.1","Public Water","Sewer - Public","FHA New","Individuals"
"1","2307870","W000-0530-039","CLOSD","1400 Park Avenue, Richmond City VA 23220","23220","Richmond City","Single Family Residence","07/14/2023","$950,000","$900,000","62","Resale (occupied at least once)","1901","None","2,771","0.07","4","2.1","Public Water","Sewer - Public","Conventional","Individuals"
"1","2307712","775-65-63-67-600-000","CLOSD","11252 Benton Pointe Way, Chesterfield VA 23831","23831","Chesterfield","Townhouse","07/14/2023","$337,175","$336,175","53","New (never occupied)","2022","IronBridge Townhomes","1,609","","3","2.1","Public Water","Sewer - Public","Conventional","Corporate"
"1","2307697","775-65-63-67-800-000","CLOSD","11248 Benton Pointe Way, Chesterfield VA 23831","23831","Chesterfield","Townhouse","07/14/2023","$327,990","$327,990","53","New (never occupied)","2022","IronBridge Townhomes","1,513","","3","2.1","Public Water","Sewer - Public","Conventional","Corporate"
"1","2306969","W000-0994-056","CLOSD","2207 Uptown Aly, Richmond City VA 23220","23220","Richmond City","Townhouse","07/14/2023","$647,900","$647,900","2","New (never occupied)","2023","None","1,692","0.02","2","2.1","Public Water","Sewer - Public","Conventional","Partnership"
"1","2306877","W000-0994-058","CLOSD","2201 Uptown Alley, Richmond City VA 23220","23220","Richmond City","Townhouse","07/14/2023","$655,900","$655,900","0","New (never occupied)","2023","None","1,692","0.02","2","2.1","Public Water","Sewer - Public","Cash","Partnership"
"1","2305304","S009-0065-041","CLOSD","3824 Meridian Avenue, Richmond City VA 23234","23234","Richmond City","Single Family Residence","07/14/2023","$329,950","$320,950","43","New (never occupied)","2023","Villa Heights","1,814","0.17","3","3.0","Public Water","Sewer - Public","Conventional","Corporate"
"1","2303841","786-66-36-28-500-000","CLOSD","4409 Centralia Road, Chesterfield VA 23831","23831","Chesterfield","Single Family Residence","07/14/2023","$349,999","$342,000","111","Resale (occupied at least once)","1920","None","1,992","0.50","4","2.0","Public Water","Sewer - Public","FHA New","Corporate"
"1","2303345","768-68-69-30-400-000","CLOSD","5118 Hackney Road, Chesterfield VA 23234","23234","Chesterfield","Single Family Residence","07/14/2023","$347,000","$341,000","56","Resale (occupied at least once)","1973","Old Coach Hills","2,705","0.53","4","2.1","Public Water","Septic - Conventional","Conventional","Individuals"
"1","2231778","E000-0470-038","CLOSD","967 Pink Street, Richmond City VA 23223","23223","Richmond City","Single Family Residence","07/14/2023","$699,950","$695,000","99","New (never occupied)","2022","None","2,512","0.07","4","3.1","Public Water","Sewer - Public","Conventional","Corporate"
"1","2231173","728-70-65-91-200-000","CLOSD","325 Randolph View Drive, Chesterfield VA 23114","23114","Chesterfield","Townhouse","07/14/2023","$394,950","$384,269","0","New (never occupied)","2022","Randolph Pond","2,122","","2","2.1","Public Water","Sewer - Public","Conventional","Corporate"
"1","2224865","775-65-61-38-800-000","CLOSD","11224 Magill Terrace Drive, Chesterfield VA 23831","23831","Chesterfield","Townhouse","07/14/2023","$343,950","$343,275","196","New (never occupied)","2022","IronBridge Townhomes","2,024","","2","2.2","Public Water","Sewer - Public","Conventional","Corporate"
"1","2223634","42-41-1-35-0","CLOSD","1610 Reed Marsh Place, Goochland VA 23063","23063","Goochland","Single Family Residence","07/14/2023","$607,590","$609,027","0","New (never occupied)","2022","Reed Marsh","2,468","","3","2.1","Public Water","Sewer - Public","Cash","Corporate"
"1","2222620","706-67-14-37-400-000","CLOSD","7042 Golden Aster Drive, Chesterfield VA 23120","23120","Chesterfield","Single Family Residence","07/14/2023","$699,900","$670,000","28","Resale (occupied at least once)","2013","Magnolia Green","4,732","0.32","4","4.1","Public Water","Sewer - Public","VA Assumption","Individuals"
"1","2112613","699-67-36-50-800-000","CLOSD","6706 Ruby Hill Road, Chesterfield VA 23120","23120","Chesterfield","Single Family Residence","07/14/2023","$820,725","$1,255,736","2","New (never occupied)","2021","Magnolia Green","3,920","","5","4.0","Public Water","Sewer - Public","Conventional","Corporate"
"1","2313130","723-67-20-08-500-000","CLOSD","6430 Lookout Point Circle, Chesterfield VA 23112","23112","Chesterfield","Townhouse","07/15/2023","$340,000","$330,000","8","Resale (occupied at least once)","1998","Lakepointe","1,408","0.06","2","2.1","Public Water","Sewer - Public","FHA New","Individuals"
"1","2306797","789-754-9561","CLOSD","116 Wilkinson Road, Henrico VA 23227","23227","Henrico","Single Family Residence","07/17/2023","$339,500","$325,000","49","Resale (occupied at least once)","2002","Chamberlayne Farms","1,424","0.33","3","2.1","Public Water","Sewer - Public","Other","Individuals"
"1","2305188","732-63-08-83-900-000","CLOSD","14618 Chesdin Shores Terrace, Chesterfield VA 23838","23838","Chesterfield","Single Family Residence","07/17/2023","$719,990","$712,000","14","New (never occupied)","2023","Chesdin Landing","4,428","1.50","5","4.1","Public Water","Septic - Conventional","Conventional","Corporate"
"1","2302618","774677398900000","CLOSD","6728 TUPPER BRANCH Lane #Unit20D, Chesterfield VA 23234","23234","Chesterfield","Townhouse","07/17/2023","$309,990","$309,230","47","New (never occupied)","2023","Austin Woods","1,564","","3","2.1","Public Water","Sewer - Public","FHA New","Corporate"
"1","2302480","729-62-86-99-300-000","CLOSD","14901 Chesdin Green Way, Chesterfield VA 23838","23838","Chesterfield","Single Family Residence","07/17/2023","$669,990","$671,115","79","New (never occupied)","2023","Chesdin Landing","3,203","","4","3.1","Public Water","Septic - Conventional","Conventional","Corporate"
"1","2303691","to be determined","CLOSD","2423 Ownby Lane #UnitB5, Richmond City VA 23220","23220","Richmond City","Condominium","07/17/2023","$499,490","$499,490","0","New (never occupied)","2023","The Outpost at Brewers Row","1,528","","2","2.1","Public Water","Sewer - Public","Cash","Corporate"
"1","2302758","K13-3907-0184","CLOSD","7663 Summer Morning Drive, New Kent VA 23124","23124","New Kent","Single Family Residence","07/17/2023","$445,075","$445,075","2","New (never occupied)","2022","Renaissance at Four Seasons","2,626","","3","3.0","Public Water","Sewer - Public","Conventional","Corporate"
"1","2311274","C008-0837-004","CLOSD","4008 Stowe Drive, Richmond City VA 23234","23234","Richmond City","Single Family Residence","07/17/2023","$310,000","$315,000","35","Resale (occupied at least once)","1966","Cotterell Court","1,389","0.37","3","1.1","Public Water","Sewer - Public","Conventional","Individuals"
"1","2311165","738-69-66-99-400-000","CLOSD","11930 Exbury Terrace, Chesterfield VA 23114","23114","Chesterfield","Single Family Residence","07/17/2023","$406,500","$405,000","18","Resale (occupied at least once)","1987","Exbury","2,506","0.29","4","2.1","Public Water","Sewer - Public","Conventional","REO"
"1","2313815","707-68-15-46-800-000","CLOSD","4806 Kimmeridge Drive, Chesterfield VA 23120","23120","Chesterfield","Single Family Residence","07/17/2023","$694,700","$702,000","12","Resale (occupied at least once)","2012","Westerleigh","5,216","0.31","6","5.0","Public Water","Sewer - Public","VA New","Individuals"
"1","2303695","to be determined","CLOSD","2417 Ownby Lane #UnitB2, Richmond City VA 23220","23220","Richmond City","Condominium","07/17/2023","$633,660","$633,660","0","New (never occupied)","2023","The Outpost at Brewers Row","2,534","","3","2.1","Public Water","Sewer - Public","Conventional","Corporate"
"1","2313259","757-764-2114","CLOSD","9315 Howze Road, Henrico VA 23060","23060","Henrico","Single Family Residence","07/17/2023","$330,000","$330,000","5","Resale (occupied at least once)","1980","Broad Meadows","1,688","0.20","3","2.1","Public Water","Sewer - Public","Conventional","Individuals"
"1","2311445","818-65-36-95-000-000","CLOSD","440 Fulcher Lane, Chesterfield VA 23836","23836","Chesterfield","Single Family Residence","07/17/2023","$350,000","$350,000","8","Resale (occupied at least once)","1995","Woodvale","1,764","0.57","4","3.0","Public Water","Septic - Conventional","VA New","Individuals"
"1","2307153","N018-0427-016","CLOSD","4306 Corbin Street, Richmond City VA 23222","23222","Richmond City","Single Family Residence","07/17/2023","$179,000","$197,000","5","Resale (occupied at least once)","1985","Washington Park","960","0.13","3","1.0","Public Water","Sewer - Public","Conventional","Estate"
"1","2300348","to be determined","CLOSD","2445 Ownby Lane #UnitB15, Richmond City VA 23220","23220","Richmond City","Condominium","07/17/2023","$509,740","$509,740","104","New (never occupied)","2023","The Outpost at Brewers Row","1,570","","2","2.1","Public Water","Sewer - Public","VA New","Corporate"
"1","2314203","860-700-0882","CLOSD","5228 Saltwood Place, Henrico VA 23150","23150","Henrico","Single Family Residence","07/17/2023","$481,400","$485,000","2","Resale (occupied at least once)","1997","White Oak Ridge","3,320","1.17","4","2.1","Public Water","Septic - Conventional","Conventional","Individuals"
"1","2232828","697670058400000","CLOSD","18528 Palisades Ridge, Chesterfield VA 23120","23120","Chesterfield","Townhouse","07/17/2023","$372,995","$372,995","71","New (never occupied)","2023","Magnolia Green","1,652","","3","2.1","Public Water","Sewer - Public","Cash","Corporate"
"1","2313746","779-68-88-77-700-000","CLOSD","5232 South Prestonwood Avenue, Chesterfield VA 23234","23234","Chesterfield","Single Family Residence","07/17/2023","$340,000","$357,000","3","Resale (occupied at least once)","1981","Beechwood","1,960","0.45","3","2.1","Public Water","Sewer - Public","Conventional","Individuals"
"1","2312921","765-769-1124","CLOSD","10401 Brennen Robert Court, Henrico VA 23060","23060","Henrico","Single Family Residence","07/17/2023","$549,950","$550,000","13","Resale (occupied at least once)","1999","Meadow Farms","2,764","0.43","4","2.1","Public Water","Sewer - Public","FHA New","Individuals"
"1","2211685","TBD","CLOSD","1017 N Lombardy Street #UnitA, Richmond City VA 23220","23220","Richmond City","Condominium","07/17/2023","$395,338","$390,338","142","New (never occupied)","2022","Carver Square","1,573","","3","2.1","Public Water","Sewer - Public","Conventional","Corporate"
"1","2315296","762-71-31-03-100-000","CLOSD","1304 Southam Drive, Chesterfield VA 23235","23235","Chesterfield","Single Family Residence","07/17/2023","$340,000","$322,500","6","Resale (occupied at least once)","1959","Southam","2,087","0.25","4","2.1","Public Water","Sewer - Public","Cash","Individuals"
"1","2314722","762-64-86-04-400-000","CLOSD","8430 Kintail Drive, Chesterfield VA 23838","23838","Chesterfield","Single Family Residence","07/17/2023","$835,000","$875,000","3","Resale (occupied at least once)","2000","The Highlands","3,276","1.58","4","3.1","Public Water","Septic - Conventional","Conventional","Individuals"
"1","2314584","N000-0120-084","CLOSD","110 West Marshall Street #UnitU45, Richmond City VA 23220","23220","Richmond City","Condominium","07/17/2023","$250,000","$270,000","4","Resale (occupied at least once)","1915","None","754","0.02","1","1.0","Public Water","Sewer - Public","Cash","Individuals"
"1","2314508","739-70-07-90-200-000","CLOSD","11542 Smoketree Drive, Chesterfield VA 23236","23236","Chesterfield","Single Family Residence","07/17/2023","$375,000","$415,000","3","Resale (occupied at least once)","1982","Smoketree","1,792","0.40","3","2.1","Public Water","Sewer - Public","Conventional","Individuals"
"1","2314413","E011-0205-007","CLOSD","1822 National Street, Richmond City VA 23231","23231","Richmond City","Single Family Residence","07/17/2023","$285,000","$311,000","7","Resale (occupied at least once)","1910","Montrose Heights","1,302","0.17","3","2.0","Public Water","Sewer - Public","FHA New","Individuals"
"1","2314326","756-735-8377.018","CLOSD","300 North RIDGE Road #Unit18, Henrico VA 23229","23229","Henrico","Condominium","07/17/2023","$423,500","$432,600","10","Resale (occupied at least once)","1972","Westham Green","1,482","","2","2.1","Public Water","Sewer - Public","Cash","Individuals"
"1","2314293","053D-1-35","CLOSD","2515 Loch Gate Lane, Powhatan VA 23139","23139","Powhatan","Single Family Residence","07/17/2023","$450,000","$450,000","4","Resale (occupied at least once)","2000","Woodgate","2,070","2.66","3","2.0","Well","Septic - Conventional","Conventional","Individuals"
"1","2314068","756-770-8796","CLOSD","5624 Olde Hartley Way, Henrico VA 23060","23060","Henrico","Single Family Residence","07/17/2023","$650,000","$690,000","6","Resale (occupied at least once)","1996","Hartley Plantation","3,116","0.95","5","3.1","Public Water","Sewer - Public","Conventional","Individuals"
"1","2313840","763-748-9109","CLOSD","7306 Oak Ridge Street, Henrico VA 23294","23294","Henrico","Single Family Residence","07/17/2023","$279,950","$320,000","6","Resale (occupied at least once)","1959","Whispering Pines Henr","1,600","0.32","3","2.0","Public Water","Sewer - Public","Conventional","Individuals"
"1","2313733","736-71-71-17-500-000","CLOSD","2630 Sandhurst Lane, Chesterfield VA 23113","23113","Chesterfield","Single Family Residence","07/17/2023","$600,000","$610,000","6","Resale (occupied at least once)","1975","Wildwood Estates","3,938","1.34","6","3.1","Public Water","Septic - Conventional","Conventional","Individuals"
"1","2313685","746-748-8305","CLOSD","1688 Liberty Bell Court, Henrico VA 23238","23238","Henrico","Townhouse","07/17/2023","$250,000","$242,000","9","Resale (occupied at least once)","1982","Heritage Hill Raintree","1,080","0.04","2","1.1","Public Water","Sewer - Public","Conventional","Individuals"
"1","2313458","727-70-31-93-500-236","CLOSD","724 Bristol Village Drive #Unit106, Chesterfield VA 23114","23114","Chesterfield","Condominium","07/17/2023","$210,000","$210,000","1","Resale (occupied at least once)","2005","Bristol Village @ Charter Colony","1,087","21.97","2","2.0","Public Water","Sewer - Public","Conventional","Individuals"
"1","2313411","786-752-0251","CLOSD","7402 Noble Avenue, Henrico VA 23227","23227","Henrico","Single Family Residence","07/17/2023","$299,500","$340,000","6","Resale (occupied at least once)","1986","Stuart Ridge Addn","1,344","0.21","4","2.0","Public Water","Sewer - Public","Conventional","Individuals"
"1","2313356","34A 55 23","CLOSD","6869 Oakfork Loop, New Kent VA 23124","23124","New Kent","Single Family Residence","07/17/2023","$359,999","$371,500","8","Resale (occupied at least once)","2021","The Oaks","1,900","0.47","4","2.1","Public Water","Sewer - Public","VA New","Individuals"
"1","2313200","796-64-51-57-900-000","CLOSD","2937 Appleford Drive, Chesterfield VA 23831","23831","Chesterfield","Single Family Residence","07/17/2023","$349,950","$376,170","4","Resale (occupied at least once)","1997","Appleford","2,120","0.27","4","2.1","Public Water","Sewer - Public","Conventional","Individuals"
"1","2313185","719-66-80-49-600-000","CLOSD","7712 Shady Banks Terrace, Chesterfield VA 23832","23832","Chesterfield","Single Family Residence","07/17/2023","$309,950","$328,000","7","Resale (occupied at least once)","1996","Ashbrook","1,084","0.21","3","2.0","Public Water","Sewer - Public","Cash","Individuals"
"1","2313046","790-754-9872","CLOSD","6103 Brookfield Road, Henrico VA 23227","23227","Henrico","Single Family Residence","07/17/2023","$320,000","$390,000","2","Resale (occupied at least once)","2000","Chamberlayne Farms","1,440","0.31","3","2.0","Public Water","Sewer - Public","Conventional","Estate"
"1","2312874","783-66-40-17-200-000","CLOSD","9532 Lost Forest Drive, Chesterfield VA 23237","23237","Chesterfield","Single Family Residence","07/17/2023","$226,500","$250,000","10","Resale (occupied at least once)","1977","Lost Forest","1,032","0.24","3","1.1","Public Water","Sewer - Public","FHA New","Individuals"
"1","2312755","737-69-95-29-300-000","CLOSD","12106 Mountain Laurel Drive, Chesterfield VA 23236","23236","Chesterfield","Single Family Residence","07/17/2023","$415,000","$420,000","3","Resale (occupied at least once)","1980","Smoketree","2,137","0.28","4","2.1","Public Water","Sewer - Public","Conventional","Other"
"1","2312568","C003-0095-090","CLOSD","2750 Stratford Road, Richmond City VA 23225","23225","Richmond City","Single Family Residence","07/17/2023","$750,000","$725,000","2","Resale (occupied at least once)","1967","Stratford Hills","3,206","0.57","4","2.1","Public Water","Sewer - Public","Conventional","Individuals"
"1","2312536","763-69-60-72-200-025","CLOSD","2405 Sandler Court, Chesterfield VA 23235","23235","Chesterfield","Condominium","07/17/2023","$349,000","$349,000","4","Resale (occupied at least once)","2021","Pocoshock Villas","1,551","","2","2.1","Public Water","Sewer - Public","Conventional","Individuals"
"1","2312462","738-780-7152","CLOSD","12212 Renwick Place, Henrico VA 23059","23059","Henrico","Single Family Residence","07/17/2023","$799,000","$850,000","3","Resale (occupied at least once)","1995","Renwick At Wyndham","3,196","0.34","4","3.1","Public Water","Sewer - Public","Conventional","Individuals"
"1","2312442","7797-75-5855","CLOSD","10307 Turnout Court, Hanover VA 23116","23116","Hanover","Single Family Residence","07/17/2023","$475,000","$500,000","4","Resale (occupied at least once)","1998","Ash Creek","2,413","0.35","4","2.1","Public Water","Sewer - Public","VA New","Individuals"
"1","2312066","734-72-43-73-200-000","CLOSD","3513 Highbridge Drive, Chesterfield VA 23113","23113","Chesterfield","Single Family Residence","07/17/2023","$675,000","$716,600","6","Resale (occupied at least once)","2015","Tarrington","2,836","0.27","4","3.1","Public Water","Sewer - Public","Cash","Other"
"1","2311955","804-736-1996","CLOSD","2800 Mary Alice Lane, Henrico VA 23223","23223","Henrico","Townhouse","07/17/2023","$299,500","$304,500","5","Resale (occupied at least once)","2021","Grove Point","1,577","0.07","3","2.1","Public Water","Sewer - Public","FHA New","Individuals"
"1","2311867","789-65-25-99-600-000","CLOSD","4201 Maughan House Terrace, Chesterfield VA 23831","23831","Chesterfield","Single Family Residence","07/17/2023","$364,950","$365,000","2","Resale (occupied at least once)","2002","Village Woods","1,781","0.24","3","2.0","Public Water","None","FHA New","Individuals"
"1","2311776","774-764-3051","CLOSD","10337 Woodman Hills Terrace, Henrico VA 23060","23060","Henrico","Single Family Residence","07/17/2023","$444,000","$460,168","5","Resale (occupied at least once)","2003","Woodman Hills","2,010","0.26","3","2.1","Public Water","Sewer - Public","Conventional","Individuals"
"1","2311764","744-774-1193","CLOSD","10705 Gate House Place, Henrico VA 23059","23059","Henrico","Townhouse","07/17/2023","$434,950","$450,000","4","Resale (occupied at least once)","2003","Townes At Shady Grove","1,937","0.07","3","2.1","Public Water","Sewer - Public","Conventional","Individuals"
"1","2311637","N0000597004","CLOSD","117 West Lancaster, Richmond City VA 23222","23222","Richmond City","Single Family Residence","07/17/2023","$485,000","$585,000","7","Resale (occupied at least once)","1917","Battery Court","2,060","","4","2.1","Public Water","Sewer - Public","Conventional","Corporate"
"1","2311467","763-764-1268.025","CLOSD","3421 Coles Point Way #UnitE, Henrico VA 23060","23060","Henrico","Condominium","07/17/2023","$479,500","$479,500","1","Resale (occupied at least once)","2010","Southall @ Crossridge","2,110","0.06","3","2.0","Public Water","Sewer - Public","Cash","Individuals"
"1","2310946","8716-50-3464","CLOSD","7381 Smoothbore Lane, Hanover VA 23116","23116","Hanover","Townhouse","07/17/2023","$325,000","$337,500","5","Resale (occupied at least once)","2012","The Bluffs At Bell Creek","1,788","0.06","3","2.1","Public Water","Sewer - Public","Conventional","Individuals"
"1","2310486","8716702170","CLOSD","7403 Dress Blue Circle, Hanover VA 23116","23116","Hanover","Condominium","07/17/2023","$390,000","$390,000","32","Resale (occupied at least once)","2007","The Bluffs At Bell Creek","2,117","","3","3.0","Public Water","Sewer - Public","Conventional","Individuals"
"1","2310342","741-756-2318","CLOSD","12105 Sterlingwood Court, Henrico VA 23233","23233","Henrico","Single Family Residence","07/17/2023","$869,900","$850,000","6","Resale (occupied at least once)","2000","Sterling","4,210","0.42","5","4.1","Public Water","Sewer - Public","Conventional","Individuals"
"1","2309293","S000-1878-008","CLOSD","102 West 32nd Street, Richmond City VA 23225","23225","Richmond City","Single Family Residence","07/17/2023","$279,950","$285,000","3","Resale (occupied at least once)","1928","West Manchester","1,024","0.11","3","2.0","Public Water","Sewer - Public","Conventional","Corporate"
"1","2308720","8800-95-5220","CLOSD","13284 Hanover Courthouse Road, Hanover VA 23069","23069","Hanover","Single Family Residence","07/17/2023","$335,000","$335,000","67","New (never occupied)","2023","None","1,520","0.79","3","2.0","Public Water","Septic - Engineered","FHA New","Individuals"
"1","2307035","755-67-59-41-900-000","CLOSD","6121 Newbys Bridge Road, Chesterfield VA 23832","23832","Chesterfield","Single Family Residence","07/17/2023","$225,000","$260,000","3","Resale (occupied at least once)","1966","None","1,300","3.04","2","1.0","Well","Septic - Conventional","VA New","Individuals"
"1","2303348","730-62-93-42-700-000","CLOSD","13430 River Otter Road, Chesterfield VA 23838","23838","Chesterfield","Single Family Residence","07/17/2023","$679,890","$674,789","92","New (never occupied)","2023","Chesdin Landing","4,279","1.60","5","4.0","Public Water","Septic - Conventional","Conventional","Corporate"
"1","2302975","732-71-21-44-900-000","CLOSD","1822 Ducatus Drive, Chesterfield VA 23113","23113","Chesterfield","Single Family Residence","07/17/2023","$749,000","$749,000","90","Resale (occupied at least once)","1988","Glamorgan","4,193","2.60","6","3.1","Public Water","Sewer - Public","VA New","Individuals"
"1","2231893","728-70-65-91-400-000","CLOSD","321 Randolph View, Chesterfield VA 23114","23114","Chesterfield","Townhouse","07/17/2023","$426,415","$426,215","148","New (never occupied)","2022","Randolph Pond","2,139","","2","2.1","Public Water","Sewer - Public","Conventional","Corporate"
"1","2229864","775-65-67-86-400-000","CLOSD","6512 Monroe Arbor Lane, Chesterfield VA 23831","23831","Chesterfield","Townhouse","07/17/2023","$326,960","$326,960","161","New (never occupied)","2022","IronBridge Townhomes","1,513","","3","2.1","Public Water","Sewer - Public","Conventional","Corporate"
"1","BRTVACF2000446","734724373200000","CLOSD","3513 Highbridge Drive, Chesterfield VA 23113","23113","Chesterfield","Single Family Residence","07/17/2023","$675,000","$716,600","7","Resale (occupied at least once)","2015","NONE AVAILABLE","2,836","0.27","4","3.0","Public Water","Public Sewer On Site","",""
"1","2313942","W019-0082-030","CLOSD","4614 Cutshaw Avenue, Richmond City VA 23230","23230","Richmond City","Single Family Residence","07/18/2023","$399,950","$420,000","7","Resale (occupied at least once)","1952","Monument Avenue Park","1,690","0.14","3","2.0","Public Water","Sewer - Public","Cash","Individuals"
"1","2314143","E000-0959-001","CLOSD","1323 North 34th Street, Richmond City VA 23223","23223","Richmond City","Single Family Residence","07/18/2023","$350,000","$345,000","9","New (never occupied)","2023","None","1,440","0.06","3","2.1","Public Water","Sewer - Public","Conventional","Corporate"
"1","2312323","756-65-78-59-300-000","CLOSD","9300 Waterfowl Flyway, Chesterfield VA 23838","23838","Chesterfield","Single Family Residence","07/18/2023","$510,000","$490,000","27","Resale (occupied at least once)","1987","Woodland Pond","2,864","1.26","3","2.1","Public Water","Septic - Conventional","Conventional","Individuals"
"1","2312115","737-67-41-10-200-000","CLOSD","12426 Cameron Bridge Court, Chesterfield VA 23112","23112","Chesterfield","Single Family Residence","07/18/2023","$359,950","$385,000","6","Resale (occupied at least once)","2003","Cameron Bay","2,186","0.26","5","2.1","Public Water","Sewer - Public","Conventional","Individuals"
"1","2224644","TBD","CLOSD","2818 South Street, Chesterfield VA 23834","23834","Chesterfield","Single Family Residence","07/18/2023","$386,740","$401,235","9","New (never occupied)","2022","Timbercreek","2,203","","4","2.1","Public Water","Sewer - Public","Conventional","Corporate"
"1","2303485","713-67-19-50-200-000","CLOSD","7025 Leire Lane, Chesterfield VA 23832","23832","Chesterfield","Townhouse","07/18/2023","$433,680","$423,180","69","New (never occupied)","2023","Cosby Village Townhomes","2,163","","3","2.1","Public Water","Sewer - Public","Conventional","Corporate"
"1","2313044","737-70-17-08-700-000","CLOSD","105 Durrington Court, Chesterfield VA 23236","23236","Chesterfield","Single Family Residence","07/18/2023","$635,000","$640,000","2","Resale (occupied at least once)","1982","Stonehenge","4,330","0.72","5","3.1","Public Water","Sewer - Public","VA New","Individuals"
"1","2313834","829-716-2440","CLOSD","16 Medlock Road, Henrico VA 23150","23150","Henrico","Single Family Residence","07/18/2023","$260,000","$280,000","2","Resale (occupied at least once)","1953","Sandston","1,380","0.26","2","1.1","Public Water","Sewer - Public","FHA New","Estate"
"1","2311793","33B13 61N 53","CLOSD","4639 King Bird Court, New Kent VA 20140","20140","New Kent","Single Family Residence","07/18/2023","$548,500","$555,000","15","Resale (occupied at least once)","2008","Brickshire","3,514","0.67","6","3.0","Public Water","Sewer - Public","FHA New","Individuals"
"1","2314711","G19-3373-1977","CLOSD","11441 Pinewild Drive, New Kent VA 23140","23140","New Kent","Single Family Residence","07/18/2023","$659,500","$664,500","3","Resale (occupied at least once)","2022","Brickshire","3,987","","5","4.1","Public Water","Sewer - Public","VA New","Individuals"
"1","2314252","727-66-77-87-800-000","CLOSD","14225 Cobblegrove Drive, Chesterfield VA 23112","23112","Chesterfield","Single Family Residence","07/18/2023","$450,000","$450,000","6","Resale (occupied at least once)","2019","Cobblestone Creek","2,294","0.28","3","3.0","Public Water","Sewer - Public","Conventional","Individuals"
"1","2308729","Not Yet Assigned","CLOSD","12109 Oxford Landing Drive #Unit104, Henrico VA 23059","23059","Henrico","Condominium","07/18/2023","$299,145","$299,145","41","New (never occupied)","2023","Twin Hickory","1,106","","1","1.1","Public Water","Sewer - Public","Cash","Corporate"
"1","2313784","C003-0147-034","CLOSD","8111 Ammonett Drive, Richmond City VA 23235","23235","Richmond City","Single Family Residence","07/18/2023","$450,000","$485,000","4","Resale (occupied at least once)","1964","Oxford","2,755","0.42","4","2.1","Public Water","Sewer - Public","Conventional","Individuals"
"1","2310780","C005-0529-048","CLOSD","1311 Boulder Creek Road, Richmond City VA 23225","23225","Richmond City","Townhouse","07/18/2023","$375,000","$350,000","10","Resale (occupied at least once)","2008","Boulder Parke Townehomes","2,589","0.07","3","2.1","Public Water","Sewer - Public","Conventional","Individuals"
"1","2310052","S000-1710-003","CLOSD","3084 Decatur Street, Richmond City VA 23224","23224","Richmond City","Single Family Residence","07/18/2023","$229,000","$229,000","46","Resale (occupied at least once)","1924","Burfoot Addition","1,462","0.18","4","1.0","Public Water","Sewer - Public","Conventional","Individuals"
"1","2312805","711-66-55-71-200-000","CLOSD","12206 Hampton Crossing Drive, Chesterfield VA 23832","23832","Chesterfield","Single Family Residence","07/18/2023","$619,900","$625,000","3","Resale (occupied at least once)","2004","Hampton Park","4,298","0.43","5","4.1","Public Water","Sewer - Public","Conventional","Individuals"
"1","2301237","TBD","CLOSD","1121 N Lombardy Street #UnitA, Richmond City VA 23220","23220","Richmond City","Condominium","07/18/2023","$394,590","$394,590","5","New (never occupied)","2023","Carver Square","1,574","","3","2.1","Public Water","Sewer - Public","Conventional","Corporate"
"1","2232437","TBD","CLOSD","1121 North Lombardy Street #UnitB, Richmond City VA 23220","23220","Richmond City","Condominium","07/18/2023","$534,990","$529,990","130","New (never occupied)","2022","Carver Square","2,451","","3","2.1","Public Water","Sewer - Public","Conventional","Corporate"
"1","2315170","779-66-57-49-000-000","CLOSD","9648 Lockberry Ridge Loop, Chesterfield VA 23237","23237","Chesterfield","Single Family Residence","07/18/2023","$279,000","$285,000","3","Resale (occupied at least once)","2002","Hollymeade","1,300","0.28","3","2.0","Public Water","Sewer - Public","Cash","Individuals"
"1","2315049","780-743-2492","CLOSD","2321 Buckingham Avenue, Henrico VA 23228","23228","Henrico","Single Family Residence","07/18/2023","$429,950","$455,000","3","Resale (occupied at least once)","1939","Bryan Parkway","1,668","0.21","3","2.1","Public Water","Sewer - Public","Conventional","Individuals"
"1","2314870","827-717-9456","CLOSD","208 Naglee Avenue, Henrico VA 23150","23150","Henrico","Single Family Residence","07/18/2023","$259,950","$265,000","2","Resale (occupied at least once)","1981","Sandston","1,388","0.34","3","2.0","Public Water","Sewer - Public","Conventional","Individuals"
"1","2314786","S006-0372-009","CLOSD","1017 West 47th Street, Richmond City VA 23225","23225","Richmond City","Single Family Residence","07/18/2023","$489,950","$555,000","5","Resale (occupied at least once)","1939","Forest Hill Terrace","1,810","0.17","3","2.0","Public Water","Sewer - Public","Conventional","Individuals"
"1","2314555","802-704-6670","CLOSD","1219 Northbury Avenue, Henrico VA 23231","23231","Henrico","Single Family Residence","07/18/2023","$265,000","$295,000","3","Resale (occupied at least once)","1975","Foxboro","1,125","0.23","3","1.1","Public Water","Sewer - Public","Conventional","Individuals"
"1","2314540","46A  2 2   2","CLOSD","3906 Moores Lane, New Kent VA 23089","23089","New Kent","Single Family Residence","07/18/2023","$269,950","$280,000","4","Resale (occupied at least once)","1986","Wedgewood","1,404","0.46","3","2.0","Community Well","Septic - Conventional","Conventional","Individuals"
"1","2314503","724-71-55-06-100-000","CLOSD","14107 Thorney Court, Chesterfield VA 23113","23113","Chesterfield","Single Family Residence","07/18/2023","$639,000","$760,000","5","Resale (occupied at least once)","1997","Salisbury","2,896","0.36","3","2.1","Public Water","Sewer - Public","Cash","Individuals"
"1","2314485","7870-94-8950","CLOSD","216 Berkley Street, Hanover VA 23005","23005","Hanover","Single Family Residence","07/18/2023","$219,900","$200,000","6","Resale (occupied at least once)","1967","None","1,614","0.46","3","2.0","Public Water","Community - Sewer/Septic","Other","Individuals"
"1","2314427","8716-99-5162","CLOSD","7026 Hartford Oaks Court, Hanover VA 23116","23116","Hanover","Single Family Residence","07/18/2023","$645,000","$650,000","4","Resale (occupied at least once)","1993","Hartford Oaks","3,142","1.26","5","3.1","Community Well","Septic - Conventional","Conventional","Individuals"
"1","2314296","794-63-24-39-900-000","CLOSD","15925 Sandwave Road, Chesterfield VA 23831","23831","Chesterfield","Single Family Residence","07/18/2023","$240,000","$257,000","8","Resale (occupied at least once)","1990","Somerset","1,188","0.17","3","2.0","Public Water","Sewer - Public","Conventional","Individuals"
"1","2314282","749-772-7665","CLOSD","10732 Balvis Hollow Court, Henrico VA 23059","23059","Henrico","Single Family Residence","07/18/2023","$754,900","$778,850","4","Resale (occupied at least once)","2019","Holloway At Wyndham Forest","3,452","0.19","5","3.1","Public Water","Sewer - Public","Conventional","Individuals"
"1","2314258","759-765-2921","CLOSD","4930 Francistown Road, Henrico VA 23060","23060","Henrico","Single Family Residence","07/18/2023","$650,000","$620,000","7","Resale (occupied at least once)","2018","Meredith Branch Estates","3,255","0.36","4","3.1","Public Water","Sewer - Public","Conventional","Individuals"
"1","2313820","N000-1160-004","CLOSD","3318 Maryland Avenue, Richmond City VA 23222","23222","Richmond City","Single Family Residence","07/18/2023","$115,000","$132,000","5","Resale (occupied at least once)","1921","None","970","0.11","3","1.0","Public Water","Sewer - Public","Cash","Individuals"
"1","2313761","771-762-6143","CLOSD","2707 Timber Court, Henrico VA 23228","23228","Henrico","Single Family Residence","07/18/2023","$280,000","$309,000","6","Resale (occupied at least once)","1967","Terry Heights","1,532","0.25","3","1.1","Public Water","Sewer - Public","Conventional","Individuals"
"1","2313528","757-738-8227","CLOSD","807 North West Hepler Road, Henrico VA 23229","23229","Henrico","Single Family Residence","07/18/2023","$485,000","$585,000","7","Resale (occupied at least once)","1950","Eight Acres","1,535","0.31","3","2.0","Public Water","Sewer - Public","Conventional","Individuals"
"1","2313274","W000-0649-060","CLOSD","1709 Kemper Street, Richmond City VA 23220","23220","Richmond City","Single Family Residence","07/18/2023","$399,900","$418,200","4","Resale (occupied at least once)","2011","Randolph West","1,686","0.09","4","2.1","Public Water","Sewer - Public","Conventional","Individuals"
"1","2313203","838-698-0213","CLOSD","7027 Brinley Meadows Drive, Henrico VA 23231","23231","Henrico","Single Family Residence","07/18/2023","$639,950","$639,950","8","New (never occupied)","2022","Brinley Meadows","2,900","1.18","4","3.1","Well","Septic - Conventional","VA New","Individuals"
"1","2313101","728-70-99-78-800-060","CLOSD","1522 Sycamore Square Drive #Unit1522, Chesterfield VA 23113","23113","Chesterfield","Condominium","07/18/2023","$275,000","$269,600","16","Resale (occupied at least once)","1985","Sycamore Mews Condo","1,412","9.74","3","3.0","Public Water","Sewer - Public","Cash","Individuals"
"1","2313015","791-68-38-15-400-000","CLOSD","2409 Aberdeen Road, Chesterfield VA 23237","23237","Chesterfield","Single Family Residence","07/18/2023","$259,500","$275,000","3","Resale (occupied at least once)","1938","Bensley","1,316","0.24","2","2.0","Public Water","Sewer - Public","Conventional","Individuals"
"1","2312813","750-754-3625","CLOSD","10014 Joppa Place, Henrico VA 23233","23233","Henrico","Townhouse","07/18/2023","$279,950","$287,950","3","Resale (occupied at least once)","1982","Ruxton","1,476","0.05","2","2.1","Public Water","Sewer - Public","Conventional","Individuals"
"1","2312684","818-727-3656","CLOSD","99 Robin Avenue, Henrico VA 23223","23223","Henrico","Single Family Residence","07/18/2023","$275,000","$275,000","19","Resale (occupied at least once)","1940","None","1,610","0.24","4","2.0","Public Water","Sewer - Public","Conventional","Other"
"1","2312555","W020-0105-003","CLOSD","5300 Ditchley Road, Richmond City VA 23226","23226","Richmond City","Single Family Residence","07/18/2023","$850,000","$865,000","5","Resale (occupied at least once)","1941","Glenburnie","2,790","0.17","3","3.0","Public Water","Sewer - Public","Cash","Individuals"
"1","2312459","762-742-3092","CLOSD","7401 Parkline Drive, Henrico VA 23226","23226","Henrico","Single Family Residence","07/18/2023","$349,000","$390,000","5","Resale (occupied at least once)","1954","Buckingham Park","1,596","0.29","4","2.0","Public Water","Sewer - Public","Conventional","Individuals"
"1","2312003","796-64-02-00-600-000","CLOSD","3140 Fielding Road, Chesterfield VA 23834","23834","Chesterfield","Single Family Residence","07/18/2023","$290,000","$290,000","3","Resale (occupied at least once)","1984","Happy Hill Farms","1,575","0.28","3","2.0","Public Water","Sewer - Public","Conventional","Individuals"
"1","2311936","7778-73-0195","CLOSD","11408 Caruthers Way, Hanover VA 23059","23059","Hanover","Single Family Residence","07/18/2023","$474,950","$475,000","3","Resale (occupied at least once)","2001","Cedarlea Park","2,205","0.33","4","2.1","Public Water","Sewer - Public","Conventional","Individuals"
"1","2311315","N000-1047-018","CLOSD","516 Montvale Avenue, Richmond City VA 23222","23222","Richmond City","Single Family Residence","07/18/2023","$249,000","$240,000","6","Resale (occupied at least once)","1946","Roslyn Heights","720","0.11","2","1.0","Public Water","Sewer - Public","Conventional","Individuals"
"1","2311035","747-70-03-94-800-000","CLOSD","529 Pullbrooke Drive, Chesterfield VA 23236","23236","Chesterfield","Single Family Residence","07/18/2023","$200,000","$225,000","1","Resale (occupied at least once)","1985","None","980","0.36","3","1.0","Public Water","Sewer - Public","Cash","Individuals"
"1","2310935","W000-1518-072","CLOSD","617 Roseneath Road #UnitU16, Richmond City VA 23221","23221","Richmond City","Condominium","07/18/2023","$255,000","$285,000","1","Resale (occupied at least once)","1926","None","845","0.02","1","1.0","Public Water","Sewer - Public","Conventional","Individuals"
"1","2310909","808-64-49-72-400-000","CLOSD","14418 Woodland Hill Drive, Chesterfield VA 23834","23834","Chesterfield","Single Family Residence","07/18/2023","$529,900","$525,000","8","Resale (occupied at least once)","2005","Southcreek","3,087","0.92","5","3.1","Public Water","Septic - Conventional","VA New","Individuals"
"1","2310661","779-65-48-62-900-029","CLOSD","6156 Magnolia Cove Court, Chesterfield VA 23831","23831","Chesterfield","Condominium","07/18/2023","$399,950","$400,000","9","Resale (occupied at least once)","2021","The Cove at Magnolia Lakes","1,721","","2","2.0","Public Water","Sewer - Public","Cash","Individuals"
"1","2309978","789-755-5577","CLOSD","8209 St Charles Road, Henrico VA 23227","23227","Henrico","Single Family Residence","07/18/2023","$200,000","$255,000","6","Resale (occupied at least once)","1969","Wildwood","2,127","0.32","4","3.0","Public Water","Sewer - Public","Conventional","Individuals"
"1","2309958","812-64-90-43-500-000","CLOSD","13701 Bastian Drive, Chesterfield VA 23836","23836","Chesterfield","Single Family Residence","07/18/2023","$455,000","$443,000","13","Resale (occupied at least once)","2020","Ramblewood Estates","2,322","0.29","3","3.0","Public Water","Sewer - Public","Conventional","Individuals"
"1","2309573","21-15-2-26-0","CLOSD","2829 Preston Park Way, Goochland VA 23153","23153","Goochland","Single Family Residence","07/18/2023","$539,950","$539,950","42","New (never occupied)","2023","Preston Park","2,354","1.52","4","2.1","Well","Septic - Engineered","Conventional","Individuals"
"1","2308563","026B4-2-40","CLOSD","3775 Woody Tavern Court, Powhatan VA 23139","23139","Powhatan","Single Family Residence","07/18/2023","$429,975","$429,975","49","New (never occupied)","2023","Erin Hill","1,976","0.10","3","2.1","Public Water","Sewer - Public","Conventional","Corporate"
"1","2306868","8707-81-6039","CLOSD","10135 Cabernet Lane, Hanover VA 23116","23116","Hanover","Single Family Residence","07/18/2023","$799,995","$725,000","46","New (never occupied)","2022","Stags Leap","3,507","","4","3.1","Public Water","Sewer - Public","Conventional","Individuals"
"1","2232831","697670078200000","CLOSD","18524 Palisades Ridge, Chesterfield VA 23120","23120","Chesterfield","Townhouse","07/18/2023","$369,310","$369,310","79","New (never occupied)","2023","Magnolia Green","1,652","","3","2.1","Public Water","Sewer - Public","Conventional","Corporate"
"1","REIN10486649","33B13Â 61NÂ Â 53","CLOSD","4639 King Bird Court, New Kent VA 23140","23140","New Kent","Single Family Residence","07/18/2023","$548,500","$555,000","63","Resale (occupied at least once)","2008","BRICKSHIRE","3,514","0.67","6","3.0","Public Water","Public Sewer On Site","",""
"1","2311410","E000-0723-034","CLOSD","1016 North 32nd Street, Richmond City VA 23223","23223","Richmond City","Single Family Residence","07/19/2023","$450,000","$445,000","26","Resale (occupied at least once)","2020","None","2,000","0.06","3","2.1","Public Water","Sewer - Public","Conventional","Individuals"
"1","2312985","E000-0627-051","CLOSD","1122 North 31st Street, Richmond City VA 23223","23223","Richmond City","Single Family Residence","07/19/2023","$335,000","$335,000","5","Resale (occupied at least once)","1900","None","1,454","0.04","2","2.1","Public Water","Sewer - Public","Conventional","Individuals"
"1","2304062","713-67-06-89-000-000","CLOSD","7105 Leire Lane, Chesterfield VA 23832","23832","Chesterfield","Townhouse","07/19/2023","$360,315","$356,870","8","New (never occupied)","2023","Cosby Village Townhomes","2,048","","3","3.1","Public Water","Sewer - Public","Conventional","Corporate"
"1","2231109","K13-3816-0509","CLOSD","7700 Summer Morning Drive, New Kent VA 23124","23124","New Kent","Single Family Residence","07/19/2023","$438,460","$441,935","0","New (never occupied)","2022","Renaissance at Four Seasons","2,324","","3","3.0","Public Water","Sewer - Public","Conventional","Corporate"
"1","2313782","8705-67-1551","CLOSD","8194 Lansdowne Road, Hanover VA 23116","23116","Hanover","Single Family Residence","07/19/2023","$269,950","$270,000","3","Resale (occupied at least once)","1959","Sharon Park","1,040","0.74","2","1.0","Public Water","Septic - Conventional","Conventional","Individuals"
"1","2307514","to be determined","CLOSD","2429 Ownby Lane #UnitB7, Richmond City VA 23220","23220","Richmond City","Condominium","07/19/2023","$483,810","$483,810","53","New (never occupied)","2023","The Outpost at Brewers Row","1,517","","3","2.1","Public Water","Sewer - Public","Conventional","Corporate"
"1","2314291","724-70-72-11-800-000","CLOSD","14112 Aldengate Road, Chesterfield VA 23114","23114","Chesterfield","Single Family Residence","07/19/2023","$490,000","$478,000","3","Resale (occupied at least once)","1994","Otterdale","2,150","0.55","4","2.1","Public Water","Sewer - Public","VA New","Individuals"
"1","2310163","731-72-54-10-000-000","CLOSD","13400 Ellerton Court, Chesterfield VA 23113","23113","Chesterfield","Single Family Residence","07/19/2023","$1,000,000","$960,000","35","Resale (occupied at least once)","2006","Tarrington","4,281","0.66","4","4.1","Public Water","Sewer - Public","Conventional","Individuals"
"1","2314534","W000-0786-003","CLOSD","1517 Greenville Avenue, Richmond City VA 23220","23220","Richmond City","Single Family Residence","07/19/2023","$300,000","$333,000","2","Resale (occupied at least once)","1948","Riverview","1,100","0.13","3","1.0","Public Water","Sewer - Public","Conventional","Individuals"
"1","2305093","W000-0994-056","CLOSD","2205 Uptown Alley, Richmond City VA 23220","23220","Richmond City","Townhouse","07/19/2023","$639,900","$639,900","24","New (never occupied)","2023","None","1,692","0.02","2","2.1","Public Water","Sewer - Public","Cash","Partnership"
"1","2316455","W000-0615-075","CLOSD","1333 West Broad Street #UnitU313, Richmond City VA 23220","23220","Richmond City","Condominium","07/19/2023","$242,500","$250,000","3","Resale (occupied at least once)","1915","Ironhouse Place Condominiums","1,038","0.02","2","2.0","Public Water","Sewer - Public","Cash","Individuals"
"1","2315522","797-64-46-50-100-000","CLOSD","14413 Eagle Rock Avenue, Chesterfield VA 23831","23831","Chesterfield","Single Family Residence","07/19/2023","$295,000","$320,000","4","Resale (occupied at least once)","1988","Mistwood Forest","1,521","0.30","3","2.1","Public Water","Sewer - Public","Conventional","Individuals"
"1","2315265","780-68-56-50-400-000","CLOSD","4234 Briarwood Drive, Chesterfield VA 23234","23234","Chesterfield","Single Family Residence","07/19/2023","$279,950","$280,000","3","Resale (occupied at least once)","1957","Chesterwood","1,344","0.43","4","1.0","Public Water","Sewer - Public","FHA New","Individuals"
"1","2315019","720-68-70-08-600-000","CLOSD","14681 Sailboat Circle, Chesterfield VA 23112","23112","Chesterfield","Single Family Residence","07/19/2023","$405,000","$420,000","5","Resale (occupied at least once)","2007","Edgewater At The Reservoir","2,043","0.16","3","2.1","Public Water","Sewer - Public","Conventional","Individuals"
"1","2314733","735-69-38-36-300-000","CLOSD","12409 Mcallen Court, Chesterfield VA 23114","23114","Chesterfield","Single Family Residence","07/19/2023","$299,000","$316,000","6","Resale (occupied at least once)","1992","Abbots Mill","1,550","0.18","3","2.0","Public Water","Sewer - Public","Conventional","Individuals"
"1","2314336","752-68-84-26-800-000","CLOSD","9300 Amberleigh Circle, Chesterfield VA 23236","23236","Chesterfield","Townhouse","07/19/2023","$420,000","$415,000","6","Resale (occupied at least once)","2007","Amberleigh","1,593","0.09","2","2.0","Public Water","Sewer - Public","Cash","Individuals"
"1","2314250","720-67-61-68-300-000","CLOSD","5812 Ridge Point Road, Chesterfield VA 23112","23112","Chesterfield","Single Family Residence","07/19/2023","$324,900","$335,200","2","Resale (occupied at least once)","1988","Woodlake","1,420","0.24","3","2.0","Public Water","Sewer - Public","Conventional","Individuals"
"1","2314183","C005-0259-018","CLOSD","1808 North Junaluska Drive, Richmond City VA 23225","23225","Richmond City","Single Family Residence","07/19/2023","$340,000","$382,000","3","Resale (occupied at least once)","1956","Westlake Hills","1,238","0.25","3","1.1","Public Water","Sewer - Public","Conventional","Individuals"
"1","2314174","E000-2817-014","CLOSD","1400 Garber Street, Richmond City VA 23231","23231","Richmond City","Single Family Residence","07/19/2023","$234,000","$251,444","11","Resale (occupied at least once)","1925","Waverly Place","947","0.14","2","1.0","Public Water","Sewer - Public","Conventional","Corporate"
"1","2314098","743-67-71-80-200-000","CLOSD","5213 Parrish Creek Drive, Chesterfield VA 23112","23112","Chesterfield","Single Family Residence","07/19/2023","$315,000","$320,000","7","Resale (occupied at least once)","2002","Clay Pointe","1,380","0.37","3","2.0","Public Water","Sewer - Public","Conventional","Individuals"
"1","2314084","800-734-4417","CLOSD","3804 Dill Road, Henrico VA 23222","23222","Henrico","Single Family Residence","07/19/2023","$160,000","$175,000","3","Resale (occupied at least once)","1977","Brentwood","1,092","0.25","3","1.1","Public Water","Sewer - Public","Cash","Individuals"
"1","2314071","42-45","CLOSD","8920 Sturgeon Point Road, Charles City County VA 23030","23030","Charles City County","Single Family Residence","07/19/2023","$289,995","$315,000","6","Resale (occupied at least once)","1964","None","1,895","1.50","3","2.0","Well","Septic - Conventional","Other","Corporate, Partnership"
"1","2313953","760-68-55-29-600-000","CLOSD","4700 Wedgemere Road, Chesterfield VA 23832","23832","Chesterfield","Single Family Residence","07/19/2023","$289,950","$298,000","5","Resale (occupied at least once)","1977","Glen Wood","1,275","0.28","3","1.1","Public Water","Sewer - Public","Conventional","Individuals"
"1","2313926","749-766-6738","CLOSD","4440 Cedar Forest Road, Henrico VA 23060","23060","Henrico","Single Family Residence","07/19/2023","$499,000","$520,000","5","Resale (occupied at least once)","1993","Saddle Brooke","2,471","0.27","5","2.1","Public Water","Sewer - Public","Conventional","Individuals"
"1","2313917","C001-0442-014","CLOSD","10200 Uppingham Court, Richmond City VA 23235","23235","Richmond City","Single Family Residence","07/19/2023","$699,900","$791,000","6","Resale (occupied at least once)","1995","Huguenot Farms","3,189","0.52","5","3.1","Public Water","Sewer - Public","Conventional","Individuals"
"1","2313816","762-775-7594","CLOSD","3230 Friars Walk Lane, Henrico VA 23059","23059","Henrico","Townhouse","07/19/2023","$384,950","$395,000","5","Resale (occupied at least once)","2003","The Townes At Hunton Park","2,433","0.07","3","3.1","Public Water","Sewer - Public","Cash","Individuals"
"1","2313805","731-750-1265.035","CLOSD","1808 Aston Lane, Henrico VA 23238","23238","Henrico","Condominium","07/19/2023","$425,000","$435,000","8","Resale (occupied at least once)","2003","Villas Of Autumn Run","1,757","0.58","3","2.0","Public Water","Sewer - Public","Cash","Individuals"
"1","2313709","734-70-29-84-300-000","CLOSD","13622 Knobhill Court, Chesterfield VA 23114","23114","Chesterfield","Single Family Residence","07/19/2023","$479,000","$520,000","4","Resale (occupied at least once)","1989","Walton Park","2,574","0.34","5","2.1","Public Water","Sewer - Public","Conventional","Individuals"
"1","2313618","729-69-72-43-100-000","CLOSD","1424 Shirlton Road, Chesterfield VA 23114","23114","Chesterfield","Single Family Residence","07/19/2023","$475,000","$475,000","11","Resale (occupied at least once)","1984","Queensmill","2,496","0.51","5","2.1","Public Water","Sewer - Public","Conventional","Individuals"
"1","2313384","765-64-97-87-300-000","CLOSD","8219 Fair Isle Terrace, Chesterfield VA 23838","23838","Chesterfield","Single Family Residence","07/19/2023","$585,000","$585,000","19","Resale (occupied at least once)","2004","The Highlands","3,635","1.19","5","3.1","Public Water","Septic - Aerobic","Conventional","Individuals"
"1","2313286","727-67-58-82-600-000","CLOSD","5813 Harbour Bluff Terrace, Chesterfield VA 23112","23112","Chesterfield","Single Family Residence","07/19/2023","$575,000","$557,500","18","Resale (occupied at least once)","1981","Brandermill","2,912","0.25","4","2.1","Public Water","Sewer - Public","Cash","Individuals"
"1","2312882","751-69-97-93-100-000","CLOSD","1717 Winters Hill Circle, Chesterfield VA 23236","23236","Chesterfield","Single Family Residence","07/19/2023","$320,000","$338,000","5","Resale (occupied at least once)","1987","Winters Hill Place","1,530","0.20","3","2.1","Public Water","Sewer - Public","Conventional","Individuals"
"1","2312762","788-766-8328","CLOSD","7722 Bogey Place, Henrico VA 23059","23059","Henrico","Townhouse","07/19/2023","$309,950","$315,000","13","Resale (occupied at least once)","2001","Cross Point","1,440","0.04","3","2.1","Public Water","Sewer - Public","Conventional","Individuals"
"1","2312433","758-742-6683","CLOSD","1400 Bobbiedell Lane, Henrico VA 23229","23229","Henrico","Single Family Residence","07/19/2023","$448,950","$450,000","5","Resale (occupied at least once)","1979","Forest Heights","1,404","0.35","3","2.0","Public Water","Sewer - Public","Conventional","Individuals"
"1","2311930","8723-29-5530","CLOSD","6378 Chenault Way, Hanover VA 23111","23111","Hanover","Single Family Residence","07/19/2023","$325,000","$320,000","29","Resale (occupied at least once)","1988","Sledd Run","1,450","0.25","3","2.0","Public Water","Sewer - Public","Conventional","Individuals"
"1","2311928","7667742449","CLOSD","3345 Manor Grove Circle, Henrico VA 23059","23059","Henrico","Townhouse","07/19/2023","$579,950","$560,000","15","Resale (occupied at least once)","2008","The Manor At Hunton Park","2,768","0.15","3","2.2","Public Water","Sewer - Public","Conventional","Individuals"
"1","2311824","750-748-7170","CLOSD","9408 Midvale Road, Henrico VA 23229","23229","Henrico","Single Family Residence","07/19/2023","$499,950","$522,500","6","Resale (occupied at least once)","1970","Pinedale Farms","2,448","0.42","4","2.1","Public Water","Sewer - Public","Cash","Individuals"
"1","2311754","775-67-04-53-200-000","CLOSD","5836 Retriever Road, Chesterfield VA 23237","23237","Chesterfield","Single Family Residence","07/19/2023","$263,950","$272,000","27","Resale (occupied at least once)","1979","Huntingcreek Hills","1,056","0.24","3","1.0","Public Water","Sewer - Public","FHA New","Individuals"
"1","2311430","839-700-4139","CLOSD","6760 Poplar Spring Road, Henrico VA 23231","23231","Henrico","Single Family Residence","07/19/2023","$189,600","$185,000","4","Resale (occupied at least once)","1964","None","2,202","2.87","3","2.0","Well","Septic - Conventional","Private","Individuals"
"1","2310412","33B13 1DL  44","CLOSD","11367 Winding River Road, New Kent VA 23140","23140","New Kent","Single Family Residence","07/19/2023","$578,950","$578,950","50","New (never occupied)","2023","Brickshire","3,203","0.36","5","3.1","Public Water","Sewer - Public","Conventional","Corporate"
"1","2310410","019E-1-1","CLOSD","3180 French Hill Drive, Powhatan VA 23139","23139","Powhatan","Single Family Residence","07/19/2023","$575,000","$575,000","7","Resale (occupied at least once)","2003","French Hill","3,358","2.39","4","2.1","Well","Septic - Conventional","Conventional","Individuals"
"1","2309636","769-739-8931","CLOSD","1802 Bremo Road, Henrico VA 23226","23226","Henrico","Single Family Residence","07/19/2023","$425,000","$480,000","12","Resale (occupied at least once)","1947","Westwood Home Sites","1,474","0.34","3","2.0","Public Water","Sewer - Public","Conventional","Individuals"
"1","2308435","64-19-E-11-0","CLOSD","11 East Lower Tuckahoe Road, Goochland VA 23238","23238","Goochland","Single Family Residence","07/19/2023","$829,000","$816,000","50","Resale (occupied at least once)","1988","Lower Tuckahoe","3,618","0.65","5","2.1","Public Water","Sewer - Public","Conventional","Individuals"
"1","2230415","728-70-65-90-900-000","CLOSD","329 Randolph View Drive, Chesterfield VA 23114","23114","Chesterfield","Townhouse","07/19/2023","$384,950","$411,555","0","New (never occupied)","2022","Randolph Pond","2,139","","4","3.1","Public Water","Sewer - Public","Conventional","Corporate"
"1","2230114","728-70-65-91-600-000","CLOSD","317 Randolph View Drive, Chesterfield VA 23114","23114","Chesterfield","Townhouse","07/19/2023","$389,950","$369,920","0","New (never occupied)","2022","Randolph Pond","2,076","","2","2.1","Public Water","Sewer - Public","Conventional","Corporate"
"1","2135714","Not yet recorded","CLOSD","2272 West Libbie Lake Street #UnitA, Henrico VA 23230","23230","Henrico","Condominium","07/20/2023","$349,900","$385,547","11","New (never occupied)","2021","Libbie Mill Townhomes","1,531","0.00","2","2.1","Public Water","Sewer - Public","Conventional","Other"
"1","2230736","824-692-9398","CLOSD","7017 Havering Way, Henrico VA 23231","23231","Henrico","Single Family Residence","07/20/2023","$438,660","$440,820","74","New (never occupied)","2022","Castleton","2,438","","4","3.0","Public Water","Sewer - Public","Conventional","Corporate"
"1","2314828","807-64-11-46-600-000","CLOSD","15024 Creek Edge Place, Chesterfield VA 23834","23834","Chesterfield","Single Family Residence","07/20/2023","$375,000","$395,000","6","Resale (occupied at least once)","1999","Southcreek","2,280","0.71","4","2.1","Public Water","Sewer - Public","VA New","Individuals"
"1","2302698","713-67-19-30-000-000","CLOSD","7029 Leire Lane, Chesterfield VA 23832","23832","Chesterfield","Townhouse","07/20/2023","$421,950","$415,905","0","New (never occupied)","2023","Cosby Village Townhomes","2,198","","3","2.1","Public Water","Sewer - Public","Conventional","Corporate"
"1","2314459","745-777-0081","CLOSD","5843 Shady Hills Way, Henrico VA 23059","23059","Henrico","Single Family Residence","07/20/2023","$625,000","$630,000","7","Resale (occupied at least once)","2000","Shady Ridge","3,075","0.25","4","2.1","Public Water","Sewer - Public","Conventional","Individuals"
"1","2315056","732-67-90-11-300-000","CLOSD","4503 Heritage Woods Ridge, Chesterfield VA 23112","23112","Chesterfield","Single Family Residence","07/20/2023","$300,000","$304,000","3","Resale (occupied at least once)","1978","Heritage Woods","1,538","0.16","3","2.1","Public Water","Sewer - Public","Conventional","Individuals"
"1","2314256","801-739-4373","CLOSD","4326 Austin Avenue, Henrico VA 23222","23222","Henrico","Single Family Residence","07/20/2023","$220,000","$226,000","3","Resale (occupied at least once)","1955","Springdale","1,192","0.26","3","1.0","Public Water","Sewer - Public","Conventional","Estate, Individuals"
"1","2314027","58-54-3-65-0","CLOSD","9213 Cerulean Place, Goochland VA 23238","23238","Goochland","Townhouse","07/20/2023","$489,790","$489,790","12","New (never occupied)","2023","Mosaic at West Creek","1,988","","3","2.1","Public Water","Sewer - Public","Conventional","Corporate"
"1","2313056","772-739-7195","CLOSD","5412 Masons Lane, Henrico VA 23230","23230","Henrico","Townhouse","07/20/2023","$475,000","$475,000","13","Resale (occupied at least once)","2017","Libbie Mill Townhomes","1,876","0.02","3","3.1","Public Water","Sewer - Public","Conventional","Individuals"
"1","2307733","to be determined","CLOSD","2437 Ownby Lane #UnitB11, Richmond City VA 23220","23220","Richmond City","Condominium","07/20/2023","$481,040","$481,040","38","New (never occupied)","2023","The Outpost at Brewers Row","1,517","","2","2.1","Public Water","Sewer - Public","Conventional","Corporate"
"1","2223050","779-772-5399","CLOSD","10685 Emeline Drive, Henrico VA 23059","23059","Henrico","Single Family Residence","07/20/2023","$552,600","$589,375","0","New (never occupied)","2022","River Mill","2,369","","3","2.1","Public Water","Sewer - Public","Conventional","Corporate"
"1","2314494","760-70-44-58-000-000","CLOSD","8013 Provincetown Drive #Unit8013, Chesterfield VA 23235","23235","Chesterfield","Townhouse","07/20/2023","$225,000","$220,500","5","Resale (occupied at least once)","1973","Providence Green","1,400","0.07","3","1.1","Public Water","Sewer - Public","FHA New","Individuals"
"1","2313078","761-743-8205","CLOSD","1407 Skipwith Road, Henrico VA 23229","23229","Henrico","Single Family Residence","07/20/2023","$399,950","$399,950","6","Resale (occupied at least once)","1954","Buckingham Park","1,488","0.24","3","2.0","Public Water","Sewer - Public","Conventional","Individuals"
"1","2312549","8719-24-3791","CLOSD","12253 Hanover Courthouse Road, Hanover VA 23069","23069","Hanover","Single Family Residence","07/20/2023","$849,950","$810,000","19","Resale (occupied at least once)","2020","None","2,748","4.45","4","3.1","Well","Septic - Conventional","Conventional","Individuals"
"1","2232883","713-67-07-09-100-000","CLOSD","7101 Leire Lane, Chesterfield VA 23832","23832","Chesterfield","Townhouse","07/20/2023","$364,950","$381,935","0","New (never occupied)","2023","Cosby Village Townhomes","2,371","","4","3.1","Public Water","Sewer - Public","Conventional","Corporate"
"1","2312260","C001-0491-048","CLOSD","9530 Creek Summit Circle, Richmond City VA 23235","23235","Richmond City","Townhouse","07/20/2023","$399,900","$390,000","20","Resale (occupied at least once)","2006","Creeks Edge At Stony Point","1,986","0.05","3","2.1","Public Water","Sewer - Public","Conventional","Individuals"
"1","2308111","C001-0918-018","CLOSD","10101 Garfield Road, Richmond City VA 23235","23235","Richmond City","Single Family Residence","07/20/2023","$349,950","$355,000","14","Resale (occupied at least once)","1966","Twin Valley Farms","2,032","0.66","4","3.0","Public Water","Sewer - Public","VA New","Individuals"
"1","2315667","798-735-6468","CLOSD","1408 Byron Street, Henrico VA 23222","23222","Henrico","Single Family Residence","07/20/2023","$239,995","$250,000","2","Resale (occupied at least once)","1939","East Highland Park","1,238","0.19","3","1.1","Public Water","Sewer - Public","Conventional","Corporate"
"1","2315529","825-725-0208","CLOSD","215 North Kalmia Avenue, Henrico VA 23075","23075","Henrico","Single Family Residence","07/20/2023","$219,000","$235,000","2","Resale (occupied at least once)","1959","Highland Springs","1,289","0.14","3","1.0","Public Water","Sewer - Public","FHA New","Estate"
"1","2315259","786=68=93-600-043","CLOSD","5208 Castlewood Road #UnitG, Chesterfield VA 23234","23234","Chesterfield","Condominium","07/20/2023","$83,000","$75,500","5","Resale (occupied at least once)","1968","Treetop","463","","1","1.0","Public Water","Sewer - Public","Cash","Individuals"
"1","2315185","E000-0531-017","CLOSD","2816 East Grace Street, Richmond City VA 23223","23223","Richmond City","Single Family Residence","07/20/2023","$430,000","$483,000","6","Resale (occupied at least once)","1888","None","1,450","0.06","3","2.1","Public Water","Sewer - Public","Conventional","Partnership"
"1","2314837","736-759-5329.020","CLOSD","3002 Anglican Place, Henrico VA 23233","23233","Henrico","Condominium","07/20/2023","$450,000","$465,000","3","Resale (occupied at least once)","1991","English Oaks At Wellesley","1,952","5.43","3","2.1","Public Water","Sewer - Public","Conventional","Other"
"1","2314797","N017-0471-061","CLOSD","3908 Hill Monument Parkway, Richmond City VA 23227","23227","Richmond City","Single Family Residence","07/20/2023","$349,900","$382,000","10","Resale (occupied at least once)","1957","Rosedale","1,588","0.33","3","2.1","Public Water","Sewer - Public","Conventional","Individuals"
"1","2314738","E000-1411-025","CLOSD","1230 North 38th Street, Richmond City VA 23223","23223","Richmond City","Single Family Residence","07/20/2023","$329,900","$325,000","6","Resale (occupied at least once)","1963","None","960","0.08","3","2.0","Public Water","Sewer - Public","Conventional","Individuals"
"1","2314461","758-70-23-92-200-000","CLOSD","8407 Leno Place, Chesterfield VA 23236","23236","Chesterfield","Single Family Residence","07/20/2023","$424,950","$424,950","6","Resale (occupied at least once)","2015","Boxwood","2,229","0.47","4","2.1","Public Water","Sewer - Public","Cash","Individuals"
"1","2314445","W000-1030-005","CLOSD","2319 Rosewood Avenue, Richmond City VA 23220","23220","Richmond City","Single Family Residence","07/20/2023","$675,000","$705,000","13","Resale (occupied at least once)","1920","None","2,361","0.06","4","2.1","Public Water","Sewer - Public","Conventional","Individuals"
"1","2314426","8704-88-3104","CLOSD","7432 Atlee Road, Hanover VA 23111","23111","Hanover","Single Family Residence","07/20/2023","$399,950","$399,950","5","Resale (occupied at least once)","1964","None","2,117","0.97","3","2.0","Public Water","Sewer - Public","FHA New","Individuals"
"1","2314355","W000-1156-033","CLOSD","301 South Mulberry Street, Richmond City VA 23220","23220","Richmond City","Single Family Residence","07/20/2023","$550,000","$590,000","6","Resale (occupied at least once)","1920","None","1,760","0.04","3","2.1","Public Water","Sewer - Public","Conventional","Individuals"
"1","2314320","E000-0709-025","CLOSD","1413 North 23rd Street, Richmond City VA 23223","23223","Richmond City","Single Family Residence","07/20/2023","$275,000","$270,000","18","Resale (occupied at least once)","1960","Archmoor","982","0.16","3","1.0","Public Water","Sewer - Public","FHA New","Corporate"
"1","2313822","755-65-69-42-200-000","CLOSD","9601 Waterfowl Flyway, Chesterfield VA 23838","23838","Chesterfield","Single Family Residence","07/20/2023","$550,000","$562,500","4","Resale (occupied at least once)","1989","Woodland Pond","4,379","1.32","5","2.1","Public Water","Septic - Conventional","VA New","Individuals"
"1","2313790","774-66-16-67-300-000","CLOSD","9904 Husting Terrace, Chesterfield VA 23832","23832","Chesterfield","Single Family Residence","07/20/2023","$269,900","$295,000","10","Resale (occupied at least once)","1993","Holly Trace","1,310","","4","2.0","Public Water","Sewer - Public","Conventional","Individuals"
"501","2313756","769-69-25-88-100-000","CLOSD","6005 Bluffwood Court, Chesterfield VA 23234","23234","Chesterfield","Townhouse","07/20/2023","$269,000","$286,000","4","Resale (occupied at least once)","2009","Belfair Townhouses","1,440","0.05","3","2.1","Public Water","Sewer - Public","VHDA ","Individuals"
"501","2313717","726-68-73-10-100-000","CLOSD","13931 Sagegrove Circle, Chesterfield VA 23112","23112","Chesterfield","Single Family Residence","07/20/2023","$330,000","$350,000","2","Resale (occupied at least once)","1981","Brandermill","1,499","0.18","3","2.1","Public Water","Sewer - Public","VA New","Individuals"
"501","2313687","N000-0120-071","CLOSD","110 West Marshall Street #UnitU28, Richmond City VA 23220","23220","Richmond City","Condominium","07/20/2023","$274,000","$285,000","5","Resale (occupied at least once)","1915","None","1,004","0.02","2","2.0","Public Water","Sewer - Public","Conventional","Individuals"
"501","2313675","730-766-3642.053","CLOSD","4312 Bon Secours #UnitA, Henrico VA 23233","23233","Henrico","Condominium","07/20/2023","$390,000","$380,000","17","Resale (occupied at least once)","2017","Saunders Station At Broad Hill Centre","1,570","","2","2.1","Public Water","Sewer - Public","Conventional","Individuals"
"501","2313541","768-765-9425","CLOSD","10231 Acworth Drive, Henrico VA 23060","23060","Henrico","Single Family Residence","07/20/2023","$495,000","$492,500","18","Resale (occupied at least once)","1983","Bretton Woods","2,509","0.28","4","2.1","Public Water","Sewer - Public","Conventional","Individuals"
"501","2313385","8734-09-0709","CLOSD","7990 Walking Stick Lane, Hanover VA 23111","23111","Hanover","Single Family Residence","07/20/2023","$470,000","$479,999","4","Resale (occupied at least once)","2002","Pebble Creek","2,892","0.24","4","2.1","Public Water","Sewer - Public","Conventional","Individuals"
"501","2313367","W000-0988-009","CLOSD","2215 Rosewood Avenue, Richmond City VA 23220","23220","Richmond City","Single Family Residence","07/20/2023","$425,000","$475,000","3","Resale (occupied at least once)","1923","None","1,408","0.05","3","1.1","Public Water","Sewer - Public","Conventional","Individuals"
"501","2313293","S007-1527-014","CLOSD","2500 Webber Avenue, Richmond City VA 23224","23224","Richmond City","Single Family Residence","07/20/2023","$175,000","$170,000","0","Resale (occupied at least once)","1939","Oakland","1,527","","4","1.0","Public Water","Sewer - Public","Conventional","Corporate"
"501","2312380","709-68-42-18-700-000","CLOSD","4507 Lake Summer Mews, Chesterfield VA 23120","23120","Chesterfield","Single Family Residence","07/20/2023","$715,000","$730,000","8","Resale (occupied at least once)","2007","Summer Lake","4,696","0.32","5","3.2","Public Water","Sewer - Public","Conventional","Individuals"
"501","2311427","741-755-9377","CLOSD","2415 Lake Loreine Lane, Henrico VA 23233","23233","Henrico","Single Family Residence","07/20/2023","$649,950","$625,000","50","Resale (occupied at least once)","1985","Lake Loreine","3,187","1.20","4","2.1","Public Water","Sewer - Public","Cash","Individuals"
"501","2310017","E010-0230-008","CLOSD","5413 Blueridge Avenue, Richmond City VA 23231","23231","Richmond City","Single Family Residence","07/20/2023","$159,000","$149,000","37","Resale (occupied at least once)","1954","Powhatan Annex","790","0.12","2","1.0","Public Water","Sewer - Public","Cash","Individuals"
"501","2307907","744-770-6521.014","CLOSD","5009 Hickory Downs Court, Henrico VA 23059","23059","Henrico","Condominium","07/20/2023","$489,000","$489,000","9","Resale (occupied at least once)","2001","Belmont Park At Twin Hickory","2,013","0.14","3","2.0","Public Water","Sewer - Public","Cash","Individuals"
"501","2229373","762-65-53-03-500-000","CLOSD","11206 Cypress Branch Lane, Chesterfield VA 23838","23838","Chesterfield","Single Family Residence","07/20/2023","$601,950","$712,394","0","New (never occupied)","2022","The Highlands","3,052","","4","3.1","Public Water","Sewer - Public","Conventional","Corporate"
"501","2222664","7797-42-5239","CLOSD","10136 Atlee Station Road, Hanover VA 23116","23116","Hanover","Single Family Residence","07/20/2023","$425,000","$420,000","27","Resale (occupied at least once)","1968","None","2,312","1.50","4","4.0","Well","Septic - Conventional","Conventional","Estate"
"501","BRTVAHN2000334","812-729-4372","CLOSD","3604 Cedar Commons Road, Henrico VA 23223","23223","Henrico","Single Family Residence","07/20/2023","$385,000","$385,000","0","Resale (occupied at least once)","2013","NONE AVAILABLE","2,792","0.00","5","3.0","Public Water","Public Sewer On Site","",""
"501","BRTVAHA2000470","7729-77-5843","CLOSD","12440 Howards Mill Road, Hanover VA 23192","23192","Hanover","Single Family Residence","07/20/2023","$349,950","$360,000","7","Resale (occupied at least once)","1978","NONE","1,600","2.42","4","2.0","Well","Septic","",""
"501","2313152","744-71-54-40-400-000","CLOSD","11125 Savoy Road, Chesterfield VA 23235","23235","Chesterfield","Single Family Residence","07/21/2023","$334,950","$340,000","3","Resale (occupied at least once)","1975","Greenfield","2,081","0.22","4","2.1","Public Water","Sewer - Public","Conventional","Individuals"
"501","2313359","Route 723 PCL 2","CLOSD","2385 Flint Hill Road, Powhatan VA 23139","23139","Powhatan","Single Family Residence","07/21/2023","$319,000","$321,500","4","Resale (occupied at least once)","1939","None","1,304","7.73","3","1.0","Well","Septic - Conventional","Conventional","Individuals"
"501","2310376","N016-0080-004","CLOSD","3617 Montrose Avenue, Richmond City VA 23222","23222","Richmond City","Single Family Residence","07/21/2023","$599,950","$591,000","50","Resale (occupied at least once)","1952","Wrights Park","2,288","0.21","5","3.2","Public Water","Sewer - Public","Conventional","Corporate"
"501","REIN10487086","826-66-20-97-600-000","CLOSD","11531 Sinker Creek Drive, Chesterfield VA 23836","23836","Chesterfield","Single Family Residence","07/21/2023","$850,000","$825,000","26","Resale (occupied at least once)","2013","MEADOWVILLE LANDING","5,061","0.63","7","5.0","Public Water","Public Sewer On Site","",""
"501","2135717","Not yet recorded","CLOSD","2272 West Libbie Lake Street #UnitB, Henrico VA 23230","23230","Henrico","Condominium","07/21/2023","$484,900","$530,504","47","New (never occupied)","2021","Libbie Mill Townhomes","2,648","0.00","3","2.1","Public Water","Sewer - Public","Conventional","Other"
"501","2231743","762642034400000","CLOSD","8506 Mckibben Place, Chesterfield VA 23838","23838","Chesterfield","Single Family Residence","07/21/2023","$779,090","$809,535","0","New (never occupied)","2022","Lake Margaret","6,047","","5","5.0","Public Water","Sewer - Public","Conventional","Corporate"
"501","2310926","780-62-73-54-000-000","CLOSD","6501 Wryneck Court, Chesterfield VA 23838","23838","Chesterfield","Single Family Residence","07/21/2023","$480,000","$480,000","19","Resale (occupied at least once)","2012","Crimson Crest","2,678","1.52","4","0.3","Public Water","Septic - Conventional","Conventional","Individuals"
"501","2314417","C004-0695-008","CLOSD","7359 Prairie Road, Richmond City VA 23225","23225","Richmond City","Single Family Residence","07/21/2023","$465,000","$490,000","4","Resale (occupied at least once)","1965","Bradley Hills","2,377","0.37","4","3.0","Public Water","Septic - Conventional","Conventional","Individuals"
"501","2302920","762642769800000","CLOSD","8512 McKibben Drive, Chesterfield VA 23838","23838","Chesterfield","Single Family Residence","07/21/2023","$709,990","$712,490","127","New (never occupied)","2023","Lake Margaret","3,191","1.63","5","4.1","Public Water","Septic - Conventional","Conventional","Corporate"
"501","2311507","789-746-3547","CLOSD","5408 Barleycorn Drive, Henrico VA 23227","23227","Henrico","Single Family Residence","07/21/2023","$269,850","$280,000","13","Resale (occupied at least once)","1983","Village Of Azalea","1,332","","4","2.0","Public Water","Sewer - Public","VHDA ","Individuals"
"501","2315608","767-70-12-65-400-000","CLOSD","1510 Schloss Road, Chesterfield VA 23225","23225","Chesterfield","Single Family Residence","07/21/2023","$299,000","$292,000","6","Resale (occupied at least once)","1977","Schloss Manor","1,608","0.31","3","1.1","Public Water","Sewer - Public","FHA New","Individuals"
"501","2313897","798-64-92-95-700-000","CLOSD","2813 Cicero Parkway, Chesterfield VA 23831","23831","Chesterfield","Single Family Residence","07/21/2023","$325,000","$330,000","7","Resale (occupied at least once)","1965","Bryan Ridge","1,512","0.35","3","2.0","Public Water","Septic - Conventional","Conventional","Individuals"
"501","2313759","719-69-14-34-300-000","CLOSD","3201 Farcet Terrace, Chesterfield VA 23112","23112","Chesterfield","Single Family Residence","07/21/2023","$774,000","$760,000","7","Resale (occupied at least once)","2013","Rountrey","4,121","0.34","5","3.1","Public Water","Sewer - Public","Conventional","Individuals"
"501","2311217","039-16C","CLOSD","1932 Mill Quarter Road, Powhatan VA 23139","23139","Powhatan","Single Family Residence","07/21/2023","$425,000","$415,000","21","Resale (occupied at least once)","1990","None","2,562","1.00","4","3.0","Well","Septic - Conventional","Conventional","Individuals"
"501","2231835","Not Yet Assigned","CLOSD","12231 Twin Rivers Drive, Chesterfield VA 23836","23836","Chesterfield","Single Family Residence","07/21/2023","$504,860","$532,000","0","New (never occupied)","2022","Twin Rivers","2,196","","3","3.1","Public Water","Sewer - Public","Conventional","Corporate"
"501","2314403","S000-0398-005","CLOSD","2112 Dinwiddie Avenue, Richmond City VA 23224","23224","Richmond City","Single Family Residence","07/21/2023","$219,995","$225,000","14","Resale (occupied at least once)","1926","Oak Grove","882","0.11","2","1.0","Public Water","Sewer - Public","FHA New","Other"
"501","2216492","118558","CLOSD","3711 Shirley Commons Court, New Kent VA 23140","23140","New Kent","Single Family Residence","07/21/2023","$509,950","$560,550","0","New (never occupied)","2023","None","2,928","3.40","5","3.0","Well","Septic - Conventional","Conventional","Corporate"
"501","2309708","729-760-9848","CLOSD","4012 College Valley Court, Henrico VA 23233","23233","Henrico","Single Family Residence","07/21/2023","$850,000","$850,000","26","Resale (occupied at least once)","1994","Foxhall","3,718","0.40","4","2.1","Public Water","Sewer - Public","Conventional","Individuals"
"501","2314512","758-739-5275","CLOSD","7904 Stuart Hall Road, Henrico VA 23229","23229","Henrico","Single Family Residence","07/21/2023","$650,000","$684,500","4","Resale (occupied at least once)","1955","Rollingwood","2,048","0.27","4","3.0","Public Water","Sewer - Public","Other","Individuals"
"501","2313749","743-740-1560","CLOSD","504 Weston Court, Henrico VA 23238","23238","Henrico","Single Family Residence","07/21/2023","$789,000","$789,000","8","Resale (occupied at least once)","1996","Weston Hills","3,116","0.32","5","2.1","Public Water","Sewer - Public","Conventional","Individuals"
"501","2219011","TBD","CLOSD","1105 N Lombardy Street #UnitA, Richmond City VA 23220","23220","Richmond City","Condominium","07/21/2023","$403,140","$393,140","71","New (never occupied)","2022","Carver Square","1,573","","3","2.1","Public Water","Sewer - Public","Cash","Corporate"
"501","2310942","740-781-2953.046","CLOSD","6205 Kershaw Drive, Henrico VA 23059","23059","Henrico","Condominium","07/21/2023","$494,950","$488,000","7","Resale (occupied at least once)","1998","Kelston Green At Wyndham","2,527","","4","2.1","Public Water","Sewer - Public","Cash","Individuals"
"501","2314851","750-739-8989","CLOSD","8901 Midway Road, Henrico VA 23229","23229","Henrico","Single Family Residence","07/21/2023","$339,000","$352,000","6","Resale (occupied at least once)","1992","Westhampton Settlement","1,008","0.29","3","2.0","Public Water","Sewer - Public","Conventional","Corporate"
"501","2314647","817-64-91-46-000-000","CLOSD","536 Green Orchard Drive, Chesterfield VA 23836","23836","Chesterfield","Single Family Residence","07/21/2023","$379,500","$365,000","14","Resale (occupied at least once)","1993","Bermuda Orchard","2,197","0.36","5","2.1","Public Water","Sewer - Public","Conventional","Individuals"
"501","2314277","773-66-92-92-600-000","CLOSD","8802 Leisure Lane, Chesterfield VA 23237","23237","Chesterfield","Single Family Residence","07/21/2023","$274,900","$300,000","6","Resale (occupied at least once)","1991","The Park","1,245","0.30","3","2.0","Public Water","Sewer - Public","FHA New","Individuals"
"501","2313984","777-68-47-76-300-000","CLOSD","4920 Stanley Drive, Chesterfield VA 23234","23234","Chesterfield","Single Family Residence","07/21/2023","$285,000","$290,000","12","Resale (occupied at least once)","1948","Meadow Ridge","1,374","0.33","4","2.0","Public Water","Sewer - Public","Conventional","Individuals"
"501","2313865","S007-1178-008","CLOSD","1308 Enfield Avenue, Richmond City VA 23224","23224","Richmond City","Single Family Residence","07/21/2023","$205,000","$210,000","6","Resale (occupied at least once)","1947","Powhatan Heights","1,710","0.17","2","1.0","Public Water","Sewer - Public","VHDA/FHA","Individuals"
"501","2232164","TBD","CLOSD","1109 N Lombardy Street #UnitB, Richmond City VA 23220","23220","Richmond City","Condominium","07/21/2023","$489,990","$489,990","22","New (never occupied)","2022","Carver Square","2,451","","3","2.1","Public Water","Sewer - Public","Conventional","Corporate"
"501","2314746","723-68-68-95-600-000","CLOSD","14310 Long Gate Road, Chesterfield VA 23112","23112","Chesterfield","Single Family Residence","07/21/2023","$335,000","$355,000","5","Resale (occupied at least once)","1989","Huntgate Woods","1,861","0.38","4","2.1","Public Water","Sewer - Public","Cash","Individuals"
"501","2314675","812-729-4372","CLOSD","3604 Cedar Commons Road, Henrico VA 23223","23223","Henrico","Single Family Residence","07/21/2023","$385,000","$385,000","6","Resale (occupied at least once)","2013","Cedar Run","2,792","0.29","5","2.1","Public Water","Sewer - Public","Conventional","Individuals"
"501","2313682","7-10-A-H3","CLOSD","4621 Piney Tree Lane, Charles City County VA 23030","23030","Charles City County","Single Family Residence","07/21/2023","$289,900","$289,900","5","Resale (occupied at least once)","2009","None","1,274","3.13","3","2.0","Well","Septic - Engineered","Conventional","Individuals"
"501","2313471","754-69-28-44-700-000","CLOSD","9130 Broadstone Road, Chesterfield VA 23236","23236","Chesterfield","Single Family Residence","07/21/2023","$850,000","$850,000","6","Resale (occupied at least once)","1981","Bexley","4,736","1.66","5","3.1","Public Water","Sewer - Public","Conventional","Individuals"
"501","2315004","W000-0988-023","CLOSD","2212 Maplewood Avenue, Richmond City VA 23220","23220","Richmond City","Single Family Residence","07/21/2023","$499,900","$575,000","1","Resale (occupied at least once)","1923","None","1,552","0.05","3","2.1","Public Water","Community - Sewer/Septic","Conventional","Individuals"
"501","2309276","751-747-9306","CLOSD","9113 Donora Drive, Henrico VA 23229","23229","Henrico","Single Family Residence","07/21/2023","$825,000","$825,000","7","Resale (occupied at least once)","1979","Pinedale Farms","4,052","0.96","4","4.0","Public Water","Sewer - Public","Conventional","Individuals"
"501","2314917","756-69-58-18-400-000","CLOSD","8518 Leveret Lane, Chesterfield VA 23235","23235","Chesterfield","Single Family Residence","07/21/2023","$284,900","$310,000","3","Resale (occupied at least once)","1985","Foxberry","1,296","0.32","4","2.0","Public Water","Sewer - Public","VA New","Individuals"
"501","2313453","759-741-2858","CLOSD","7806 Hillview Avenue, Henrico VA 23229","23229","Henrico","Single Family Residence","07/21/2023","$585,000","$565,000","10","Resale (occupied at least once)","1951","Forest Heights","1,758","0.28","4","2.0","Public Water","Sewer - Public","Conventional","Individuals"
"501","2316516","767-69-58-27-700-000","CLOSD","2900 Lancers Boulevard, Chesterfield VA 23224","23224","Chesterfield","Single Family Residence","07/21/2023","$289,000","$290,000","5","Resale (occupied at least once)","1965","Marlboro","1,724","0.33","3","1.1","Public Water","Sewer - Public","Cash","Estate"
"501","2316046","029A-7P-20","CLOSD","2005 Highland Drive, Powhatan VA 23139","23139","Powhatan","Single Family Residence","07/21/2023","$125,000","$140,000","5","Resale (occupied at least once)","1971","Lake Shawnee","1,404","0.35","4","1.1","Public Water","Septic - Conventional","Cash","Individuals"
"501","2315958","019D-2-5","CLOSD","3099 Shadow Creek Drive, Powhatan VA 23139","23139","Powhatan","Single Family Residence","07/21/2023","$464,950","$465,000","5","Resale (occupied at least once)","2001","Shadow Creek","2,320","2.61","4","2.1","Well","Septic - Conventional","FHA New","Individuals"
"501","2315848","778-759-0291","CLOSD","1895 Hungary Oak Court, Henrico VA 23228","23228","Henrico","Single Family Residence","07/21/2023","$439,950","$450,000","5","Resale (occupied at least once)","2019","Oak Knoll Section 1","2,432","0.34","4","2.1","Public Water","Sewer - Public","Cash","Individuals"
"501","2315770","8724-44-9675","CLOSD","6253 Jasmine Court, Hanover VA 23111","23111","Hanover","Single Family Residence","07/21/2023","$430,000","$430,000","5","Resale (occupied at least once)","1980","Lereve Manor","2,302","0.48","4","3.0","Public Water","Septic - Conventional","Conventional","Individuals"
"501","2315721","725-69-16-17-900-000","CLOSD","14011 Turtle Hill Road, Chesterfield VA 23112","23112","Chesterfield","Single Family Residence","07/21/2023","$325,000","$295,000","5","Resale (occupied at least once)","1985","Turtle Hill","2,059","0.20","3","2.1","Public Water","Sewer - Public","Conventional","Individuals"
"501","2315657","768-69-59-55-000-000","CLOSD","2907 Twain Lane, Chesterfield VA 23224","23224","Chesterfield","Single Family Residence","07/21/2023","$270,000","$305,000","3","Resale (occupied at least once)","1965","Marlboro","1,646","0.28","3","2.0","Public Water","Sewer - Public","Conventional","Individuals"
"501","2315494","C0081265047","CLOSD","5030 Bathgate Terrace, Richmond City VA 23234","23234","Richmond City","Single Family Residence","07/21/2023","$299,000","$320,000","5","Resale (occupied at least once)","2005","Adams Park","1,972","0.40","3","2.1","Public Water","Sewer - Public","Cash","Individuals"
"501","2315237","728-70-38-80-900-000","CLOSD","530 Coalbrook Drive, Chesterfield VA 23114","23114","Chesterfield","Single Family Residence","07/21/2023","$550,000","$550,000","6","Resale (occupied at least once)","2003","The Grove","3,467","0.28","5","3.0","Public Water","Sewer - Public","Conventional","Individuals"
"501","2315207","739-67-91-57-400-000","CLOSD","4212 Bridgewood Road, Chesterfield VA 23112","23112","Chesterfield","Single Family Residence","07/21/2023","$249,000","$260,000","5","Resale (occupied at least once)","1980","Glen Tara","1,008","0.22","3","1.1","Public Water","Sewer - Public","Cash","Individuals"
"501","2315151","747-71-42-50-800-000","CLOSD","2148 Wrens Nest Road, Chesterfield VA 23235","23235","Chesterfield","Single Family Residence","07/21/2023","$365,000","$365,000","0","Resale (occupied at least once)","1977","Settlers Landing","2,156","0.21","4","2.1","Public Water","Sewer - Public","Conventional","Estate"
"501","2315088","792659960300000","CLOSD","3400 Wood Dale Road, Chesterfield VA 23831","23831","Chesterfield","Single Family Residence","07/21/2023","$419,900","$438,000","4","Resale (occupied at least once)","1984","Trueheart Heights","2,235","0.53","3","2.1","Public Water","Sewer - Public","Conventional","Individuals"
"501","2315081","777-67-94-08-600-000","CLOSD","6712 Irongate Drive, Chesterfield VA 23234","23234","Chesterfield","Single Family Residence","07/21/2023","$319,950","$363,000","4","Resale (occupied at least once)","1984","Irongate","2,102","0.32","3","2.1","Public Water","Sewer - Public","Conventional","Estate"
"501","2314997","744-71-91-29-400-000","CLOSD","10810 Pegwell Drive, Chesterfield VA 23113","23113","Chesterfield","Single Family Residence","07/21/2023","$695,000","$700,000","8","Resale (occupied at least once)","1989","Ramsgate","3,504","0.92","5","2.1","Public Water","Sewer - Public","Conventional","Individuals"
"501","2314966","735-70-63-37-800-097","CLOSD","12517 Carnoustie Lane #UnitA1, Chesterfield VA 23236","23236","Chesterfield","Condominium","07/21/2023","$339,500","$347,000","6","Resale (occupied at least once)","2004","Fairways Villas","1,555","15.92","2","2.0","Public Water","Sewer - Public","Conventional","Individuals"
"501","2314955","749-741-1681","CLOSD","9110 Waterford Rhye Circle, Henrico VA 23229","23229","Henrico","Townhouse","07/21/2023","$395,000","$420,000","6","Resale (occupied at least once)","1988","Waterford Rhye","2,026","0.09","3","3.1","Public Water","Sewer - Public","Cash","Individuals"
"501","2314949","789-66-20-11-200-000","CLOSD","3901 Glen Oaks Court, Chesterfield VA 23831","23831","Chesterfield","Single Family Residence","07/21/2023","$300,000","$335,000","4","Resale (occupied at least once)","1987","Glen Oaks","1,848","0.42","3","3.0","Public Water","Sewer - Public","VA New","Estate"
"501","2314891","750-70-31-09-500-000","CLOSD","9760 Fordwych Dr, Chesterfield VA 23236","23236","Chesterfield","Single Family Residence","07/21/2023","$339,950","$343,770","5","Resale (occupied at least once)","1973","Shenandoah","1,777","","3","2.0","Public Water","Sewer - Public","Conventional","Individuals"
"501","2314889","751-71-50-20-900-110","CLOSD","10322 Iron Mill Road, Chesterfield VA 23235","23235","Chesterfield","Condominium","07/21/2023","$149,950","$170,000","3","Resale (occupied at least once)","1973","Edgehill Condo","955","18.14","2","1.0","Public Water","Sewer - Public","Conventional","Individuals"
"501","2314855","21C 1 7","CLOSD","7700 Airport Road, New Kent VA 23141","23141","New Kent","Single Family Residence","07/21/2023","$190,000","$195,000","2","Resale (occupied at least once)","1973","Lipscomb","960","0.68","3","1.0","Community Well","Septic - Conventional","Conventional","Individuals"
"501","2314809","771-761-9673","CLOSD","2701 Tanager Road, Henrico VA 23228","23228","Henrico","Single Family Residence","07/21/2023","$245,000","$245,000","4","Resale (occupied at least once)","1966","Terry Heights","1,532","0.31","3","1.1","Public Water","Sewer - Public","Cash","Individuals"
"501","2314792","750-754-3341","CLOSD","10026 Joppa Place, Henrico VA 23233","23233","Henrico","Townhouse","07/21/2023","$285,000","$287,000","5","Resale (occupied at least once)","1983","Ruxton","1,476","0.07","2","2.1","Public Water","Sewer - Public","Conventional","Individuals"
"501","2314656","S007-0963-006","CLOSD","3152 Logandale Avenue, Richmond City VA 23224","23224","Richmond City","Single Family Residence","07/21/2023","$215,500","$180,000","14","Resale (occupied at least once)","1953","Broad Rock Garden","1,184","0.18","2","1.0","Public Water","Sewer - Public","Cash","Estate"
"501","2314574","745-758-6927","CLOSD","11214 Fanwood Court, Henrico VA 23233","23233","Henrico","Single Family Residence","07/21/2023","$775,000","$840,000","5","Resale (occupied at least once)","1992","Church Run","3,703","0.32","5","2.1","Public Water","Sewer - Public","Conventional","Individuals"
"501","2314567","725-71-44-47-200-000","CLOSD","2301 Winterfield, Chesterfield VA 23113","23113","Chesterfield","Single Family Residence","07/21/2023","$525,000","$535,000","5","Resale (occupied at least once)","1978","Salisbury","2,352","0.70","4","2.1","Public Water","Sewer - Public","Conventional","Individuals"
"501","2314524","761-746-7460","CLOSD","1807 Skipwith Road, Henrico VA 23229","23229","Henrico","Single Family Residence","07/21/2023","$269,000","$281,500","5","Resale (occupied at least once)","1953","Berkeley Park","984","0.23","3","1.0","Public Water","Sewer - Public","Conventional","Individuals"
"501","2314510","737-779-5532","CLOSD","6005 Maybrook Way, Henrico VA 23059","23059","Henrico","Single Family Residence","07/21/2023","$475,000","$500,000","5","Resale (occupied at least once)","1994","Maybrook At Wyndham","1,905","0.26","4","2.1","Public Water","Sewer - Public","Conventional","Individuals"
"501","2314478","769-768-3822","CLOSD","3100 Mountain Road, Henrico VA 23060","23060","Henrico","Single Family Residence","07/21/2023","$325,000","$366,000","5","Resale (occupied at least once)","1978","Brookley East","1,760","0.31","3","2.1","Public Water","Sewer - Public","Conventional","Individuals"
"501","2314394","W000-1518-070","CLOSD","615 Roseneath Road #UnitU8, Richmond City VA 23221","23221","Richmond City","Condominium","07/21/2023","$289,900","$309,800","3","Resale (occupied at least once)","1926","None","845","0.02","1","1.0","Public Water","Sewer - Public","Conventional","Individuals"
"501","2314392","747-67-56-08-200-000","CLOSD","5601 Qualla Farms Place, Chesterfield VA 23832","23832","Chesterfield","Single Family Residence","07/21/2023","$405,000","$411,000","7","Resale (occupied at least once)","2009","Qualla Farms","2,024","0.21","4","2.1","Public Water","Sewer - Public","Cash","Individuals"
"501","2314227","731-748-5695","CLOSD","2186 Kingsbrook Drive, Henrico VA 23238","23238","Henrico","Townhouse","07/21/2023","$265,000","$267,500","5","Resale (occupied at least once)","1975","Windsor Park Townhouses","1,320","0.04","3","1.2","Public Water","Sewer - Public","Conventional","Individuals"
"501","2314181","728-67-12-65-300-000","CLOSD","13810 Deer Run Way, Chesterfield VA 23112","23112","Chesterfield","Single Family Residence","07/21/2023","$299,900","$315,000","2","Resale (occupied at least once)","1988","Deer Run","1,155","0.49","3","2.0","Public Water","Sewer - Public","Conventional","Individuals"
"501","2314114","790-66-11-70-500-000","CLOSD","3724 Dalhart Court, Chesterfield VA 23831","23831","Chesterfield","Single Family Residence","07/21/2023","$289,000","$325,000","2","Resale (occupied at least once)","2005","Mineola","1,226","0.40","3","2.0","Public Water","Sewer - Public","Conventional","Individuals"
"501","2314079","778-65-65-61-500-000","CLOSD","6207 Arbor Park Drive, Chesterfield VA 23831","23831","Chesterfield","Single Family Residence","07/21/2023","$419,000","$419,000","12","Resale (occupied at least once)","1993","Arbor Landing","2,509","0.26","4","2.1","Public Water","Sewer - Public","Conventional","Individuals"
"501","2314054","750-70-09-87-800-000","CLOSD","9515 Reams Road, Chesterfield VA 23236","23236","Chesterfield","Single Family Residence","07/21/2023","$299,000","$300,000","5","Resale (occupied at least once)","1938","None","1,643","3.07","3","1.1","Public Water","Septic - Conventional","Conventional","Individuals"
"501","2314009","761-741-2060","CLOSD","1102 Skipwith Road, Henrico VA 23229","23229","Henrico","Single Family Residence","07/21/2023","$485,000","$566,000","4","Resale (occupied at least once)","1949","Clovelly Gardens","1,710","","4","2.0","Public Water","Sewer - Public","Cash","Individuals"
"501","2313990","C006-0518-029","CLOSD","21 Rodman Road, Richmond City VA 23224","23224","Richmond City","Single Family Residence","07/21/2023","$269,000","$269,000","12","Resale (occupied at least once)","1960","Throckmorton Heights","1,287","0.25","3","1.0","Public Water","Sewer - Public","Conventional","Other"
"501","2313951","C009-0175-026","CLOSD","1412 Yale Avenue, Richmond City VA 23224","23224","Richmond City","Single Family Residence","07/21/2023","$125,000","$125,000","1","Resale (occupied at least once)","1948","Chestervale","720","0.21","2","1.0","Public Water","Sewer - Public","Conventional","Individuals"
"501","2313825","839-722-3989","CLOSD","1219 Cremona Court, Henrico VA 23150","23150","Henrico","Single Family Residence","07/21/2023","$397,950","$405,000","3","Resale (occupied at least once)","2005","Stephanie Trace","2,047","2.52","3","2.0","Well","Septic - Conventional","Conventional","Individuals"
"501","2313780","739-68-77-40-100-000","CLOSD","12019 Gardengate Road, Chesterfield VA 23112","23112","Chesterfield","Single Family Residence","07/21/2023","$319,000","$332,000","4","Resale (occupied at least once)","1977","Clarendon","1,485","0.34","4","2.0","Public Water","Sewer - Public","Conventional","Individuals"
"501","2313591","732-764-1882.029","CLOSD","374 Bramber Walk, Henrico VA 23233","23233","Henrico","Condominium","07/21/2023","$910,000","$906,500","6","Resale (occupied at least once)","2022","Greengate","3,033","","4","4.1","Public Water","Sewer - Public","Cash","Individuals"
"501","2313581","753-752-3753","CLOSD","9306 Fordson Road, Henrico VA 23229","23229","Henrico","Single Family Residence","07/21/2023","$349,950","$355,000","6","Resale (occupied at least once)","1964","Westbriar","1,526","0.26","3","2.0","Public Water","Sewer - Public","Conventional","Estate"
"501","2313484","N000-0884-005","CLOSD","2910 Griffin Avenue, Richmond City VA 23222","23222","Richmond City","Single Family Residence","07/21/2023","$399,900","$405,000","4","Resale (occupied at least once)","1915","Battery Park","2,088","0.16","4","1.1","Public Water","Sewer - Public","Conventional","Individuals"
"501","2313427","W020-0190-018","CLOSD","203 Tuckahoe Boulevard, Richmond City VA 23226","23226","Richmond City","Single Family Residence","07/21/2023","$1,250,000","$1,610,000","9","Resale (occupied at least once)","1945","Tuckahoe Terrace","3,667","0.29","5","3.1","Public Water","Sewer - Public","Conventional","Individuals"
"501","2313340","752-748-3600","CLOSD","1601 Pine Edge Lane, Henrico VA 23229","23229","Henrico","Single Family Residence","07/21/2023","$360,000","$410,000","5","Resale (occupied at least once)","1996","Pinecreek Village West","1,436","0.27","3","2.1","Public Water","Sewer - Public","Conventional","Individuals"
"501","2313296","747-776-7284","CLOSD","5423 Lemoore Drive, Henrico VA 23059","23059","Henrico","Single Family Residence","07/21/2023","$689,950","$719,000","11","Resale (occupied at least once)","2000","Wyndham Forest","3,426","0.35","5","3.1","Public Water","Sewer - Public","Conventional","Individuals"
"501","2313266","710-69-63-28-600-000","CLOSD","16330 Binley Road, Chesterfield VA 23112","23112","Chesterfield","Single Family Residence","07/21/2023","$929,900","$955,000","2","Resale (occupied at least once)","2016","Hallsley","4,084","0.40","6","5.0","Public Water","Sewer - Public","Conventional","Individuals"
"501","2313243","N000-0402-005","CLOSD","305 West Roberts Street, Richmond City VA 23222","23222","Richmond City","Single Family Residence","07/21/2023","$297,000","$288,500","23","Resale (occupied at least once)","1964","Barton Heights","1,080","0.13","3","1.1","Public Water","Sewer - Public","Conventional","Individuals"
"501","2313146","770-766-3939","CLOSD","10527 Hamilton Road, Henrico VA 23060","23060","Henrico","Single Family Residence","07/21/2023","$414,900","$415,000","11","Resale (occupied at least once)","1993","Glen Allen Oaks","1,883","0.21","4","3.1","Public Water","Sewer - Public","Conventional","Individuals"
"501","2313028","740-70-03-85-400-000","CLOSD","11449 Stillbrook Road, Chesterfield VA 23236","23236","Chesterfield","Single Family Residence","07/21/2023","$359,950","$400,000","1","Resale (occupied at least once)","1979","Smoketree","2,184","0.35","4","2.1","Public Water","Sewer - Public","Conventional","Individuals"
"501","2312943","729-64-87-57-500-000","CLOSD","11936 Carters Creek Drive, Chesterfield VA 23838","23838","Chesterfield","Single Family Residence","07/21/2023","$505,000","$525,000","1","Resale (occupied at least once)","2001","Carters Mill","2,764","0.85","4","2.1","Public Water","Septic - Conventional","FHA New","Individuals"
"501","2312907","33B6 2 2  VD","CLOSD","10524 Tea olive Circle, New Kent VA 23140","23140","New Kent","Townhouse","07/21/2023","$289,900","$285,000","13","Resale (occupied at least once)","2009","Oakmont Villas","2,042","0.12","3","2.1","Public Water","Sewer - Public","Cash","Individuals"
"501","2312867","718-68-02-49-300-000","CLOSD","5031 Red Fern Court, Chesterfield VA 23112","23112","Chesterfield","Single Family Residence","07/21/2023","$552,000","$600,000","5","Resale (occupied at least once)","2005","Woodlake","3,172","0.21","4","4.1","Public Water","Sewer - Public","Conventional","Individuals"
"501","2312757","723-70-52-43-500-000","CLOSD","719 Colony Forest Drive, Chesterfield VA 23114","23114","Chesterfield","Single Family Residence","07/21/2023","$675,000","$665,000","13","Resale (occupied at least once)","2007","Stewart Village","4,805","0.26","5","3.1","Public Water","Sewer - Public","Conventional","Individuals"
"501","2312486","744-747-7680","CLOSD","10304 Raintree Commons Court, Henrico VA 23238","23238","Henrico","Townhouse","07/21/2023","$349,000","$377,000","4","Resale (occupied at least once)","1998","The Villas At Raintree Commons","1,596","0.15","3","2.0","Public Water","Sewer - Public","Conventional","Individuals"
"501","2312473","758-70-32-43-900-000","CLOSD","8520 Woodward Drive, Chesterfield VA 23236","23236","Chesterfield","Single Family Residence","07/21/2023","$315,000","$315,000","6","Resale (occupied at least once)","1969","Brookfield","1,450","0.34","3","1.1","Public Water","Sewer - Public","Conventional","Individuals"
"501","2312094","740-751-6466","CLOSD","2226 Oak Bay Lane, Henrico VA 23233","23233","Henrico","Single Family Residence","07/21/2023","$475,000","$460,000","8","Resale (occupied at least once)","1992","Eagles Ridge","2,383","0.34","4","2.1","Public Water","Sewer - Public","Conventional","Estate"
"501","2312048","826-66-20-97-600-000","CLOSD","11531 Sinker Creek Drive, Chesterfield VA 23836","23836","Chesterfield","Single Family Residence","07/21/2023","$850,000","$825,000","27","Resale (occupied at least once)","2013","Meadowville Landing","5,061","0.63","7","5.0","Public Water","Sewer - Public","Conventional","Individuals"
"501","2311791","762-69-78-28-800-000","CLOSD","2009 Pocoshock Boulevard, Chesterfield VA 23235","23235","Chesterfield","Single Family Residence","07/21/2023","$395,000","$390,000","9","Resale (occupied at least once)","1972","Pocoshock Hills","2,215","0.94","4","3.0","Public Water","Sewer - Public","Conventional","Individuals"
"501","2311597","743-754-0260","CLOSD","2326 Persimmon Trek, Henrico VA 23233","23233","Henrico","Single Family Residence","07/21/2023","$1,069,000","$900,000","56","Resale (occupied at least once)","1988","Lake Loreine","4,630","0.46","5","3.2","Public Water","Sewer - Public","Cash","Individuals"
"501","2311236","737-69-49-12-900-000","CLOSD","1718 Porters Mill Lane, Chesterfield VA 23114","23114","Chesterfield","Single Family Residence","07/21/2023","$320,000","$335,000","8","Resale (occupied at least once)","1994","Smoketree South","1,484","0.28","3","2.1","Public Water","Sewer - Public","Conventional","Individuals"
"501","2310982","W000-1956-005","CLOSD","4304 Monument Park, Richmond City VA 23230","23230","Richmond City","Condominium","07/21/2023","$600,000","$615,000","4","Resale (occupied at least once)","1984","Monument Park","2,172","2.31","3","2.1","Public Water","Sewer - Public","Conventional","Individuals"
"501","2310737","N018-0428-003","CLOSD","4305 Corbin Street, Richmond City VA 23222","23222","Richmond City","Single Family Residence","07/21/2023","$205,500","$185,000","26","Resale (occupied at least once)","1920","Washington Park","1,936","0.12","4","2.0","Public Water","Sewer - Public","Conventional","Corporate"
"501","2310249","817-64-71-20-500-000","CLOSD","500 Martineau Drive, Chesterfield VA 23836","23836","Chesterfield","Single Family Residence","07/21/2023","$500,000","$500,000","7","Resale (occupied at least once)","1999","New Rochelle At Rochedale","3,291","0.62","4","2.1","Public Water","Sewer - Public","FHA New","Individuals"
"501","2309618","790-764-3383","CLOSD","400 Parview Place, Henrico VA 23059","23059","Henrico","Single Family Residence","07/21/2023","$425,000","$400,000","41","Resale (occupied at least once)","2004","Cross Point","2,587","","3","3.0","Public Water","Sewer - Public","Cash","Individuals"
"501","2309613","727-69-60-89-000-000","CLOSD","14309 Colonyhouse Boulevard, Chesterfield VA 23114","23114","Chesterfield","Townhouse","07/21/2023","$429,950","$425,000","53","Resale (occupied at least once)","2021","Centerpointe Townes","2,171","0.04","3","3.1","Public Water","Sewer - Public","Conventional","Individuals"
"501","2309249","840-699-7856","CLOSD","5027 Whitegate Drive, Henrico VA 23231","23231","Henrico","Single Family Residence","07/21/2023","$524,950","$540,000","9","Resale (occupied at least once)","2004","White Oak Forest","2,832","1.04","5","2.1","Well","Septic - Conventional","Conventional","Individuals"
"501","2309043","717-67-68-93-200-000","CLOSD","5908 Rosebay Forest Road, Chesterfield VA 23112","23112","Chesterfield","Single Family Residence","07/21/2023","$474,900","$447,000","57","Resale (occupied at least once)","1994","Woodlake","2,789","0.22","5","3.1","Public Water","Sewer - Public","Cash","Individuals"
"501","2308501","783-61-22-37-500-000","CLOSD","5818 Baileys Path Road, Chesterfield VA 23803","23803","Chesterfield","Single Family Residence","07/21/2023","$442,950","$442,950","15","Resale (occupied at least once)","2008","Baileys Grove","3,012","0.31","5","3.1","Public Water","Sewer - Public","VA New","Individuals"
"501","2307202","776656051300000","CLOSD","6501 Bolles Landing Court, Chesterfield VA 23831","23831","Chesterfield","Townhouse","07/21/2023","$357,295","$357,730","77","New (never occupied)","2023","IronBridge Townhomes","1,743","","3","2.1","Public Water","Sewer - Public","Cash","Corporate"
"501","2304649","775-65-66-52-000-000","CLOSD","6553 Bolles Landing Court, Chesterfield VA 23831","23831","Chesterfield","Townhouse","07/21/2023","$332,075","$332,075","114","New (never occupied)","2022","IronBridge Townhomes","1,609","","3","2.1","Public Water","Sewer - Public","Conventional","Corporate"
"501","2301761","728706440800000","CLOSD","320 Randolph View Drive, Chesterfield VA 23114","23114","Chesterfield","Single Family Residence","07/21/2023","$599,950","$659,018","0","New (never occupied)","2023","Randolph Pond","3,245","","4","4.1","Public Water","Sewer - Public","Conventional","Corporate"
"501","2232820","697670038500000","CLOSD","18532 Palisades Ridge, Chesterfield VA 23120","23120","Chesterfield","Townhouse","07/21/2023","$364,950","$364,265","28","New (never occupied)","2022","Magnolia Green","1,652","","3","2.1","Public Water","Sewer - Public","Conventional","Corporate"
"501","2230072","728-70-65-91-800-000","CLOSD","313 Randolph View Drive, Chesterfield VA 23114","23114","Chesterfield","Townhouse","07/21/2023","$384,950","$389,595","0","New (never occupied)","2022","Randolph Pond","2,139","","3","2.1","Public Water","Sewer - Public","Conventional","Corporate"
"501","2225518","TBD","CLOSD","7120 Montage Row, Goochland VA 23238","23238","Goochland","Single Family Residence","07/21/2023","$729,611","$785,493","0","New (never occupied)","2022","Mosaic at West Creek","2,457","","3","2.1","Public Water","Sewer - Public","Cash","Corporate"
"501","BRTVACF2000436","717676893200000","CLOSD","5908 Rosebay Forest Road, Chesterfield VA 23112","23112","Chesterfield","Single Family Residence","07/21/2023","$474,900","$447,000","52","Resale (occupied at least once)","1994","WOODLAKE","760","0.22","5","4.0","Public Water","Public Sewer On Site, Septic - Shared","",""
"501","REIN10490702","747-67-56-08-200-000","CLOSD","5601 Qualla Farms Place, Chesterfield VA 23832","23832","Chesterfield","Single Family Residence","07/21/2023","$405,000","$411,000","6","Resale (occupied at least once)","2009","ALL OTHERS AREA 143","2,028","0.21","4","3.0","Public Water","Public Sewer On Site","",""
"501","2314736","N018-0504-029","CLOSD","4007 Piney Road, Richmond City VA 23222","23222","Richmond City","Single Family Residence","07/22/2023","$329,950","$340,000","4","Resale (occupied at least once)","1978","Washington Park","1,477","0.21","4","2.1","Public Water","Sewer - Public","Cash","Individuals"
"501","2312571","N000-0120-081","CLOSD","110 West Marshall Street #UnitU42, Richmond City VA 23220","23220","Richmond City","Condominium","07/23/2023","$235,000","$242,000","12","Resale (occupied at least once)","2009","None","867","0.02","1","1.0","Public Water","Sewer - Public","Conventional","Individuals"
"501","BRTVAGO2000112","16-4-0-12-0","CLOSD","6021 Ridge Road, Goochland VA 23038","23038","Goochland","Single Family Residence","07/24/2023","$249,500","$252,000","39","Resale (occupied at least once)","1999","NONE AVAILABLE","1,092","1.45","3","2.0","Well","Septic","",""
"501","2131486","717-68-92-73-400-000","CLOSD","15025 Dordon Lane, Chesterfield VA 23112","23112","Chesterfield","Single Family Residence","07/24/2023","$610,490","$758,588","132","New (never occupied)","2019","Rountrey","3,035","0.21","4","3.0","Public Water","Sewer - Public","Conventional","Corporate"
"501","2316403","712672555200324","CLOSD","6645 Citory Way #Unit101, Chesterfield VA 23120","23120","Chesterfield","Condominium","07/24/2023","$279,990","$279,990","0","New (never occupied)","2023","Greenwich Walk At Foxcreek","1,156","","2","2.0","Public Water","Sewer - Public","Conventional","Corporate"
"501","2312376","8724-12-7690","CLOSD","7125 Lighthouse Place, Hanover VA 23111","23111","Hanover","Single Family Residence","07/24/2023","$415,000","$400,000","27","Resale (occupied at least once)","2002","Yorke Pointe","2,038","0.35","4","2.1","Public Water","Sewer - Public","Conventional","Individuals"
"501","2228049","714-67-10-01-200-000","CLOSD","7017 Leire Lane, Chesterfield VA 23832","23832","Chesterfield","Townhouse","07/24/2023","$427,950","$478,903","0","New (never occupied)","2023","Cosby Village Townhomes","2,304","","3","2.1","Public Water","Sewer - Public","Conventional","Corporate"
"501","2314432","749-70-06-91-100-000","CLOSD","807 Pineville Road, Chesterfield VA 23236","23236","Chesterfield","Single Family Residence","07/24/2023","$339,777","$339,777","7","Resale (occupied at least once)","1975","The Meadows","2,028","","4","2.0","Public Water","Sewer - Public","Conventional","Individuals"
"501","2314207","830-712-3174","CLOSD","406 Penley Avenue, Henrico VA 23150","23150","Henrico","Single Family Residence","07/24/2023","$240,000","$240,000","11","Resale (occupied at least once)","1958","Lee Park","1,025","0.24","3","1.0","Public Water","Sewer - Public","Conventional","Individuals"
"501","2314312","789-61-39-49-400-000","CLOSD","4511 Winterbourne Drive, Chesterfield VA 23803","23803","Chesterfield","Single Family Residence","07/24/2023","$249,999","$255,000","5","Resale (occupied at least once)","1972","Hickory Hill Estates","1,678","0.16","4","2.0","Public Water","Sewer - Public","FHA New","Individuals"
"501","2306222","Not Yet Assigned","CLOSD","4119 Next Level Trace, Chesterfield VA 23112","23112","Chesterfield","Condominium","07/24/2023","$357,485","$357,465","58","New (never occupied)","2023","Wescott","1,797","","3","2.1","Public Water","Sewer - Public","Conventional","Corporate"
"501","2314537","796-63-55-22-500-000","CLOSD","15821 Meridian Avenue, Chesterfield VA 23831","23831","Chesterfield","Single Family Residence","07/24/2023","$229,950","$230,000","2","Resale (occupied at least once)","1940","None","1,125","0.40","4","1.0","Public Water","Sewer - Public","FHA New","Individuals"
"501","2311957","N000-0973-041","CLOSD","3025 Hanes Avenue, Richmond City VA 23222","23222","Richmond City","Single Family Residence","07/24/2023","$489,950","$487,500","30","New (never occupied)","2023","Brookland Park","2,540","0.09","4","3.1","Public Water","Sewer - Public","Conventional","Corporate"
"501","2313530","16-4-0-12-0","CLOSD","6021 Ridge Road, Goochland VA 23038","23038","Goochland","Single Family Residence","07/24/2023","$249,500","$252,000","10","Resale (occupied at least once)","1999","None","1,092","1.45","3","2.0","Well","Septic - Conventional","VHDA ","Individuals"
"501","2311729","779-69-29-68-300-000","CLOSD","4165 Dorset Court, Richmond City VA 23234","23234","Richmond City","Single Family Residence","07/24/2023","$550,000","$495,000","7","Resale (occupied at least once)","1961","Ebbw Vale Hills","2,700","0.57","4","3.0","Public Water","Sewer - Public","Conventional","Individuals"
"501","2311709","E000-2405-004","CLOSD","1305 Carlisle Avenue, Richmond City VA 23231","23231","Richmond City","Single Family Residence","07/24/2023","$250,000","$250,000","10","Resale (occupied at least once)","1940","East Lawn","1,368","","3","2.0","Public Water","Sewer - Public","Conventional","Individuals"
"501","2314964","728-68-57-45-200-000","CLOSD","3222 Nuttree Woods Drive, Chesterfield VA 23112","23112","Chesterfield","Single Family Residence","07/24/2023","$300,000","$315,000","4","Resale (occupied at least once)","1978","Brandermill","2,195","0.50","3","2.1","Public Water","Sewer - Public","Conventional","Individuals"
"501","2313650","S008-0706-020","CLOSD","2503 Haden Avenue, Richmond City VA 23234","23234","Richmond City","Single Family Residence","07/24/2023","$264,900","$272,500","6","Resale (occupied at least once)","1937","Pine Hurst","1,434","0.65","3","2.0","Public Water","Sewer - Public","FHA New","Individuals"
"501","2313162","779-68-79-53-600-000","CLOSD","5500 South Prestonwood Avenue, Chesterfield VA 23234","23234","Chesterfield","Single Family Residence","07/24/2023","$289,900","$290,000","6","Resale (occupied at least once)","1963","Beechwood","1,701","0.44","3","1.1","Public Water","Septic - Conventional","Conventional","Individuals"
"501","2312312","8707-15-7275","CLOSD","8405 NEW LONDON 1.5 ACRES Road, Hanover VA 23116","23116","Hanover","Single Family Residence","07/24/2023","$315,000","$310,000","29","Resale (occupied at least once)","1961","Patrick Henry Heights","1,146","1.52","2","1.0","Well","Septic - Conventional","Conventional","Individuals"
"501","2312947","797-61-47-38-300-000","CLOSD","20205 Oakland Avenue, Chesterfield VA 23834","23834","Chesterfield","Single Family Residence","07/24/2023","$234,950","$234,950","13","Resale (occupied at least once)","1948","West Chesterfield Heights","1,092","0.63","3","2.0","Public Water","Sewer - Public","Conventional","Individuals"
"501","2310457","735-747-8195","CLOSD","11811 Coat Bridge Lane, Henrico VA 23238","23238","Henrico","Townhouse","07/24/2023","$379,000","$379,000","40","Resale (occupied at least once)","1982","Sussex Square","2,097","0.08","3","2.1","Public Water","Sewer - Public","Conventional","Individuals"
"501","2315417","8724-37-6391","CLOSD","6306 Bunker Hill Drive, Hanover VA 23111","23111","Hanover","Single Family Residence","07/24/2023","$534,950","$534,950","0","Resale (occupied at least once)","2017","Adams Farm","2,416","0.21","3","3.0","Public Water","Sewer - Public","Cash","Individuals"
"501","2315124","732-70-25-56-400-000","CLOSD","629 Glenmeadow Road, Chesterfield VA 23114","23114","Chesterfield","Single Family Residence","07/24/2023","$425,000","$435,000","4","Resale (occupied at least once)","1985","Walton Park","2,078","0.23","5","2.1","Public Water","Sewer - Public","Conventional","Individuals"
"501","2312619","718-68-63-14-500-000","CLOSD","14842 Shorewood Court, Chesterfield VA 23112","23112","Chesterfield","Single Family Residence","07/24/2023","$525,000","$512,000","18","Resale (occupied at least once)","2000","Edgewater At The Reservoir","3,068","0.27","5","2.1","Public Water","Sewer - Public","Conventional","Individuals"
"501","2314905","C005-0825-018","CLOSD","665 Westover Woods Circle, Richmond City VA 23225","23225","Richmond City","Single Family Residence","07/24/2023","$315,000","$309,000","44","Resale (occupied at least once)","1992","Westover Woods","2,018","0.16","4","2.1","Public Water","Sewer - Public","FHA New","Individuals"
"501","2314436","744-65-96-93-200-000","CLOSD","11711 Goldenbrook Drive, Chesterfield VA 23832","23832","Chesterfield","Single Family Residence","07/24/2023","$250,000","$265,000","5","Resale (occupied at least once)","1980","Spring Run","1,216","0.69","2","2.0","Well","Septic - Conventional","USDA","Individuals"
"501","2303493","713-67-09-19-800-000","CLOSD","7033 Leire Lane, Chesterfield VA 23832","23832","Chesterfield","Townhouse","07/24/2023","$446,620","$436,620","63","New (never occupied)","2023","Cosby Village Townhomes","2,304","","3","2.1","Public Water","Sewer - Public","Conventional","Corporate"
"501","2300220","TBD","CLOSD","1113 N Lombardy Street #UnitB, Richmond City VA 23220","23220","Richmond City","Condominium","07/24/2023","$499,990","$490,000","127","New (never occupied)","2023","Carver Square","2,345","","3","2.1","Public Water","Sewer - Public","Conventional","Corporate"
"501","2313590","781-766-4000","CLOSD","10001 Harding Avenue, Henrico VA 23059","23059","Henrico","Single Family Residence","07/24/2023","$320,000","$320,000","5","Resale (occupied at least once)","1931","Turners","1,865","0.75","4","2.0","Public Water","Sewer - Public","Conventional","Individuals"
"501","2315984","765-739-4492","CLOSD","6610 Park Avenue, Henrico VA 23226","23226","Henrico","Single Family Residence","07/24/2023","$350,000","$370,000","3","Resale (occupied at least once)","1952","Monument Hills","1,008","0.19","3","1.0","Public Water","Sewer - Public","Conventional","Individuals"
"501","2315366","774-738-5255","CLOSD","2105 Clover Road, Henrico VA 23230","23230","Henrico","Single Family Residence","07/24/2023","$255,000","$255,000","2","Resale (occupied at least once)","1940","Mayfield","888","0.17","2","1.1","Public Water","Sewer - Public","Conventional","Individuals"
"501","2315097","N000-2189-013","CLOSD","1218 Nottoway Avenue, Richmond City VA 23227","23227","Richmond City","Single Family Residence","07/24/2023","$369,900","$410,000","3","Resale (occupied at least once)","1927","Bellevue","1,132","0.10","3","1.0","Public Water","Sewer - Public","Conventional","Individuals"
"501","2315014","739-70-28-20-400-000","CLOSD","11407 Glenmont Road, Chesterfield VA 23236","23236","Chesterfield","Single Family Residence","07/24/2023","$434,950","$450,000","2","Resale (occupied at least once)","1983","Ashley Woods","2,542","0.38","4","2.1","Public Water","Sewer - Public","Conventional","Individuals"
"501","2314884","714-68-03-97-100-000","CLOSD","5513 Fox Marsh Place, Chesterfield VA 23120","23120","Chesterfield","Single Family Residence","07/24/2023","$599,950","$610,000","7","Resale (occupied at least once)","1998","Foxfire","3,593","0.36","6","3.1","Public Water","Sewer - Public","Conventional","Individuals"
"501","2314859","742-68-64-86-900-000","CLOSD","11707 Walnut Wood Court, Chesterfield VA 23112","23112","Chesterfield","Single Family Residence","07/24/2023","$415,000","$416,000","5","Resale (occupied at least once)","2005","Walnut Grove","2,348","0.33","4","2.1","Public Water","Sewer - Public","Conventional","Individuals"
"501","2314841","749-70-24-26-000-000","CLOSD","112 Reams Court, Chesterfield VA 23236","23236","Chesterfield","Single Family Residence","07/24/2023","$265,000","$250,000","3","Resale (occupied at least once)","1978","Pleasant Ridge","1,800","0.16","4","2.0","Public Water","Sewer - Public","Conventional","Individuals"
"501","2314373","W000-0936-026","CLOSD","2118 Maplewood Avenue, Richmond City VA 23220","23220","Richmond City","Single Family Residence","07/24/2023","$499,999","$525,000","4","Resale (occupied at least once)","1924","None","1,416","","3","1.1","Public Water","Sewer - Public","Conventional","Individuals"
"501","2314138","E000-0800-014","CLOSD","1407 North 32nd Street, Richmond City VA 23223","23223","Richmond City","Single Family Residence","07/24/2023","$224,900","$224,900","4","Resale (occupied at least once)","1950","None","936","0.11","3","1.0","Public Water","Sewer - Public","Conventional","Corporate, Individuals"
"501","2314126","728-68-62-83-800-000","CLOSD","3304 Overcreek Lane, Chesterfield VA 23112","23112","Chesterfield","Single Family Residence","07/24/2023","$415,000","$425,000","1","Resale (occupied at least once)","2000","Nuttree Woods","2,235","0.43","3","2.0","Public Water","Sewer - Public","VA New","Individuals"
"501","2314072","733-748-9456","CLOSD","1834 Cedar Hollow Court, Henrico VA 23238","23238","Henrico","Townhouse","07/24/2023","$259,990","$271,800","2","Resale (occupied at least once)","1988","Townes Of Quail Woods","1,320","0.04","2","2.1","Public Water","Sewer - Public","Conventional","Individuals"
"501","2313983","N000-1357-013","CLOSD","3303 Barton Avenue, Richmond City VA 23222","23222","Richmond City","Single Family Residence","07/24/2023","$325,000","$352,300","4","Resale (occupied at least once)","1922","Brookland Park","1,624","0.16","4","1.1","Public Water","Sewer - Public","Conventional","Individuals"
"501","2313785","743-759-4390","CLOSD","3813 Maher Manor, Henrico VA 23060","23060","Henrico","Townhouse","07/24/2023","$465,000","$455,000","13","Resale (occupied at least once)","2009","West Broad Village","2,220","0.03","3","2.1","Public Water","Sewer - Public","Cash","Individuals"
"501","2313649","S000-2468-013","CLOSD","214 Bland Street, Richmond City VA 23225","23225","Richmond City","Single Family Residence","07/24/2023","$335,000","$418,000","7","Resale (occupied at least once)","1929","None","1,245","0.23","3","1.1","Public Water","Sewer - Public","Conventional","Individuals"
"501","2313597","723-71-17-76-000-000","CLOSD","412 Michaux View Terrace, Chesterfield VA 23113","23113","Chesterfield","Single Family Residence","07/24/2023","$435,000","$465,000","6","Resale (occupied at least once)","1999","Michaux Creek","2,524","0.61","5","3.1","Public Water","Sewer - Public","Conventional","Individuals"
"501","2313353","740-745-6151","CLOSD","1608 Willingham Road, Henrico VA 23238","23238","Henrico","Single Family Residence","07/24/2023","$500,000","$580,000","7","Resale (occupied at least once)","1970","Canterbury","2,818","0.43","4","3.0","Public Water","Sewer - Public","Conventional","Individuals"
"501","2313137","758-765-5768","CLOSD","5135 Reids Pointe Road, Henrico VA 23060","23060","Henrico","Single Family Residence","07/24/2023","$329,950","$360,000","7","Resale (occupied at least once)","1987","Reids Pointe","1,471","0.20","3","2.0","Public Water","Sewer - Public","Conventional","Individuals"
"501","2313075","824-716-5186","CLOSD","100 Stuttaford Drive, Henrico VA 23150","23150","Henrico","Single Family Residence","07/24/2023","$315,000","$310,000","32","Resale (occupied at least once)","1961","None","1,728","0.38","4","2.1","Public Water","Sewer - Public","Conventional","Individuals"
"501","2312968","015-8-17","CLOSD","4303 Cosby Road, Powhatan VA 23139","23139","Powhatan","Single Family Residence","07/24/2023","$349,950","$360,000","7","Resale (occupied at least once)","1993","Pine Wood Estates","1,561","2.01","3","2.0","Well","Septic - Conventional","Conventional","Individuals"
"501","2312873","772-735-5697.124","CLOSD","5100 Monument Avenue #Unit908, Henrico VA 23230","23230","Henrico","Condominium","07/24/2023","$299,000","$275,000","20","Resale (occupied at least once)","1961","5100 Monument","1,585","0.03","3","2.0","Public Water","Sewer - Public","Cash","Individuals"
"501","2312242","032B-9-22","CLOSD","2215 Founders View Lane, Powhatan VA 23113","23113","Powhatan","Single Family Residence","07/24/2023","$630,000","$630,000","1","Resale (occupied at least once)","2005","Founders Bridge","2,545","0.20","3","2.1","Public Water","None","Other","Individuals"
"501","2312047","759-771-2533","CLOSD","5801 Dorton Lane, Henrico VA 23060","23060","Henrico","Single Family Residence","07/24/2023","$698,000","$700,000","6","Resale (occupied at least once)","2005","Carrington","4,478","0.40","5","3.1","Public Water","None","Conventional","Individuals"
"501","2311452","743-779-7832","CLOSD","5904 Leabrook Way, Henrico VA 23059","23059","Henrico","Single Family Residence","07/24/2023","$899,900","$1,007,500","7","Resale (occupied at least once)","1998","Cherry Hill At Wyndham","3,823","0.42","5","3.1","Public Water","Sewer - Public","Conventional","Individuals"
"501","2311421","032B-7-1","CLOSD","835 Dogwood Dell Lane, Powhatan VA 23113","23113","Powhatan","Single Family Residence","07/24/2023","$795,000","$795,000","22","Resale (occupied at least once)","2006","Founders Bridge","3,712","0.42","3","3.1","Public Water","Community - Sewer/Septic, Sewer - Public","Conventional","Individuals"
"501","2310279","707-67-24-40-100-000","CLOSD","6866 Crackerberry Drive, Chesterfield VA 23120","23120","Chesterfield","Single Family Residence","07/24/2023","$524,900","$530,000","5","Resale (occupied at least once)","2016","Magnolia Green","2,575","0.27","4","2.1","Public Water","Sewer - Public","Cash","Individuals"
"501","2309748","7778-65-3540","CLOSD","11615 Broolvale Place, Hanover VA 23059","23059","Hanover","Single Family Residence","07/24/2023","$466,180","$459,180","7","New (never occupied)","2023","None","2,023","0.14","3","2.1","Public Water","Sewer - Public","VA New","Corporate"
"501","2309349","729-67-97-75-200-000","CLOSD","13634 Northwich Drive, Chesterfield VA 23112","23112","Chesterfield","Single Family Residence","07/24/2023","$685,000","$685,000","9","Resale (occupied at least once)","1979","Northwich","3,160","0.35","3","2.1","Public Water","Sewer - Public","Cash","Individuals"
"501","2301250","739-741-9516","CLOSD","25 Runswick Drive, Henrico VA 23238","23238","Henrico","Single Family Residence","07/24/2023","$685,000","$670,000","19","Resale (occupied at least once)","1985","Foxchapel","3,484","0.62","4","2.2","Public Water","Sewer - Public","Cash","Individuals"
"501","2308902","33B7 4 1  86","CLOSD","5777 Yellow Jasmine Terrace, New Kent VA 23140","23140","New Kent","Single Family Residence","07/25/2023","$375,000","$350,000","44","Resale (occupied at least once)","2010","Oakmont Villas","2,485","0.17","3","3.0","Public Water","Sewer - Public","Conventional","Individuals"
"501","2135720","Not yet recorded","CLOSD","2274 West Libbie Lake Street #UnitB, Henrico VA 23230","23230","Henrico","Condominium","07/25/2023","$504,900","$557,316","21","New (never occupied)","2021","Libbie Mill Townhomes","2,648","0.00","3","2.1","Public Water","Sewer - Public","Cash","Other"
"501","2314847","720-67-64-64-700-000","CLOSD","14604 Mill Spring Circle, Chesterfield VA 23112","23112","Chesterfield","Single Family Residence","07/25/2023","$325,000","$336,419","7","Resale (occupied at least once)","1985","Mill Spring","1,249","0.18","3","2.0","Public Water","Sewer - Public","Conventional","Individuals"
"501","2231107","K13-3801-0444","CLOSD","7690 Summer Morning Drive, New Kent VA 23124","23124","New Kent","Single Family Residence","07/25/2023","$473,880","$458,565","0","New (never occupied)","2022","Renaissance at Four Seasons","2,626","","3","3.0","Public Water","Sewer - Public","Conventional","Corporate"
"501","2226297","824-66-04-55-300-000","CLOSD","1824 Mainsail Lane, Chesterfield VA 23836","23836","Chesterfield","Single Family Residence","07/25/2023","$499,990","$484,485","276","New (never occupied)","2022","Meadowville Landing","2,486","0.16","3","3.0","Public Water","Sewer - Public","Conventional","Corporate"
"501","2315222","778-66-96-99-700-000","CLOSD","8625 Peach Grove Road, Chesterfield VA 23237","23237","Chesterfield","Single Family Residence","07/25/2023","$284,950","$300,000","8","Resale (occupied at least once)","1987","Ashton Woods North","1,584","0.32","4","2.0","Public Water","Sewer - Public","FHA New","Individuals"
"501","2313332","761-753-7381","CLOSD","3313 North Parham Road, Henrico VA 23294","23294","Henrico","Single Family Residence","07/25/2023","$250,000","$255,000","2","Resale (occupied at least once)","1946","Pine Dale","1,345","","4","1.0","Public Water","Sewer - Public","FHA New","Individuals"
"501","2304490","52-1-2","CLOSD","10001 Dalmation Drive, Charles City County VA 23030","23030","Charles City County","Single Family Residence","07/25/2023","$860,000","$800,000","104","Resale (occupied at least once)","1993","None","2,828","14.44","5","4.0","Well","Septic - Conventional","VA New","Individuals"
"501","2314116","757-68-51-79-500-000","CLOSD","8903 Boonesboro Court, Chesterfield VA 23236","23236","Chesterfield","Single Family Residence","07/25/2023","$389,000","$389,000","11","Resale (occupied at least once)","1985","Fernbrook","2,202","0.36","4","2.1","Public Water","Sewer - Public","Conventional","Individuals"
"501","2223124","779-773-4801","CLOSD","10681 Emeline Drive, Henrico VA 23059","23059","Henrico","Single Family Residence","07/25/2023","$535,300","$557,690","0","New (never occupied)","2022","River Mill","2,421","","4","2.1","Public Water","Sewer - Public","FHA New","Corporate"
"501","2314360","785-67-08-63-300-000","CLOSD","9006 Proctors Run Court, Chesterfield VA 23237","23237","Chesterfield","Single Family Residence","07/25/2023","$370,000","$385,000","7","Resale (occupied at least once)","2015","Branchs Bluff","2,432","0.36","4","2.1","Public Water","None","Conventional","Individuals"
"501","2311629","824659649200000","CLOSD","12113 Downrigger Drive, Chesterfield VA 23836","23836","Chesterfield","Single Family Residence","07/25/2023","$499,605","$499,605","5","New (never occupied)","2023","Twin Rivers","2,157","","3","3.0","Public Water","Sewer - Public","Conventional","Corporate"
"501","2314709","7832-96-3292","CLOSD","15312 Countrywood Lane, Hanover VA 23192","23192","Hanover","Single Family Residence","07/25/2023","$375,000","$380,465","5","Resale (occupied at least once)","1989","None","1,396","11.26","3","2.0","Well","Septic - Conventional","FHA New","Individuals"
"501","2313219","8714-31-4707","CLOSD","7358 Aquarius Loop, Hanover VA 23111","23111","Hanover","Single Family Residence","07/25/2023","$289,950","$315,000","4","Resale (occupied at least once)","1992","Beaverdam Park","1,211","0.61","3","2.0","Public Water","Sewer - Public","VA New","Individuals"
"501","2211696","TBD","CLOSD","1037 N Lombardy Street #UnitB, Richmond City VA 23220","23220","Richmond City","Condominium","07/25/2023","$503,123","$503,123","24","New (never occupied)","2022","Carver Square","2,416","","3","2.1","Public Water","Sewer - Public","Conventional","Corporate"
"501","2225844","16-2129-4992","CLOSD","3593 Shirley Commons Court, New Kent VA 23140","23140","New Kent","Single Family Residence","07/25/2023","$494,950","$672,409","0","New (never occupied)","2023","None","3,726","1.50","5","4.0","Well","Septic - Conventional","Conventional","Corporate"
"501","2315135","720-67-53-12-300-000","CLOSD","6202 Willow Glen Road, Chesterfield VA 23112","23112","Chesterfield","Single Family Residence","07/25/2023","$439,990","$454,900","2","Resale (occupied at least once)","1987","Willow Glen","2,068","0.49","4","2.1","Public Water","Sewer - Public","Conventional","Individuals"
"501","2315881","C008-0591-022","CLOSD","3214 Manorcrest Road, Richmond City VA 23234","23234","Richmond City","Single Family Residence","07/25/2023","$199,000","$205,000","5","Resale (occupied at least once)","1955","Chesterfield Court","1,416","0.34","4","1.0","Public Water","Sewer - Public","Cash","Individuals"
"501","2315520","824-66-17-31-400-000","CLOSD","12006 Rolling Tide Court, Chesterfield VA 23836","23836","Chesterfield","Single Family Residence","07/25/2023","$624,900","$636,000","3","Resale (occupied at least once)","2021","Meadowville Landing","3,497","0.31","5","4.1","Public Water","Sewer - Public","Conventional","Individuals"
"501","2315388","747-71-54-85-900-000","CLOSD","10511 White Rabbit Road, Chesterfield VA 23235","23235","Chesterfield","Single Family Residence","07/25/2023","$385,000","$396,000","3","Resale (occupied at least once)","1978","Settlers Landing","1,860","0.20","4","3.0","Public Water","Sewer - Public","Conventional","Individuals"
"501","2315291","780-752-0461","CLOSD","7509 South Pinehill Drive, Henrico VA 23228","23228","Henrico","Single Family Residence","07/25/2023","$345,000","$370,000","4","Resale (occupied at least once)","1953","Lakewood","1,776","0.32","3","1.1","Public Water","Sewer - Public","Cash","Individuals"
"501","2315217","730-67-78-52-900-000","CLOSD","4936 Long Shadow Drive, Chesterfield VA 23112","23112","Chesterfield","Townhouse","07/25/2023","$325,000","$352,000","4","Resale (occupied at least once)","1980","Long Shadow","1,637","11.00","3","2.1","Public Water","Sewer - Public","Conventional","Corporate"
"501","2315142","744-747-5925","CLOSD","1711 Foxfire Circle, Henrico VA 23238","23238","Henrico","Townhouse","07/25/2023","$289,900","$330,500","5","Resale (occupied at least once)","1980","Foxfire","1,397","0.12","3","2.0","Public Water","Sewer - Public","Cash","Individuals"
"501","2315018","N000-1326-013","CLOSD","3404 Gloucester Road, Richmond City VA 23227","23227","Richmond City","Single Family Residence","07/25/2023","$351,000","$420,800","4","Resale (occupied at least once)","1919","Laburnum Court","2,184","0.25","4","2.1","Public Water","Sewer - Public","Conventional","Individuals"
"501","2314933","816-727-6348","CLOSD","123 Westover Avenue, Henrico VA 23223","23223","Henrico","Single Family Residence","07/25/2023","$254,995","$247,000","4","Resale (occupied at least once)","1994","Bungalow City","1,008","0.18","3","2.0","Public Water","Sewer - Public","Conventional","Individuals"
"501","2314929","782-67-88-87-200-000","CLOSD","4016 Deanwood Drive, Chesterfield VA 23237","23237","Chesterfield","Single Family Residence","07/25/2023","$299,950","$300,000","6","Resale (occupied at least once)","1968","Fuqua Farms","1,530","0.39","3","2.0","Public Water","Septic - Conventional","Conventional","Individuals"
"501","2314911","739-68-43-19-800-000","CLOSD","12011 Dew Lane, Chesterfield VA 23112","23112","Chesterfield","Single Family Residence","07/25/2023","$415,000","$427,000","6","Resale (occupied at least once)","1989","Genito Estates","2,310","0.66","4","3.1","Public Water","Sewer - Public","Conventional","Individuals"
"501","2314832","779-67-83-95-300-000","CLOSD","4701 Mason Rest Court, Chesterfield VA 23234","23234","Chesterfield","Single Family Residence","07/25/2023","$269,900","$325,000","6","Resale (occupied at least once)","1987","Mason Woods","1,540","0.78","3","2.0","Public Water","Sewer - Public","FHA New","Individuals"
"501","2314747","705-67-06-53-900-000","CLOSD","7401 Vicenzo Drive, Chesterfield VA 23120","23120","Chesterfield","Single Family Residence","07/25/2023","$430,000","$440,000","6","Resale (occupied at least once)","2013","Magnolia Green","2,035","0.12","3","2.1","Public Water","Sewer - Public","Conventional","Individuals"
"501","2314600","763-757-7230","CLOSD","7712 Balla Court, Henrico VA 23228","23228","Henrico","Townhouse","07/25/2023","$230,000","$241,000","4","Resale (occupied at least once)","1986","Shannon Green","1,160","0.05","2","1.1","Public Water","Sewer - Public","FHA New","Individuals"
"501","2314118","797-64-63-51-300-000","CLOSD","13825 Exhall Drive, Chesterfield VA 23831","23831","Chesterfield","Single Family Residence","07/25/2023","$359,000","$359,000","2","Resale (occupied at least once)","2000","Kentwood Forest","2,332","0.25","4","2.1","Public Water","Sewer - Public","Conventional","Individuals"
"501","2313975","N000-0844-024","CLOSD","2508 Brook Road, Richmond City VA 23220","23220","Richmond City","Single Family Residence","07/25/2023","$485,000","$526,100","10","Resale (occupied at least once)","1949","Frederick Douglas Court","1,637","0.20","2","1.1","Public Water","Sewer - Public","FHA New","Individuals"
"501","2313771","W019-0182-011","CLOSD","4902 Park Avenue, Richmond City VA 23226","23226","Richmond City","Single Family Residence","07/25/2023","$525,000","$580,000","5","Resale (occupied at least once)","1948","Patterson Place","1,467","0.16","4","2.0","Public Water","Sewer - Public","VA New","Individuals"
"501","2313103","W000-0048-027","CLOSD","210 East Franklin Street #UnitUC, Richmond City VA 23219","23219","Richmond City","Condominium","07/25/2023","$649,000","$650,000","10","Resale (occupied at least once)","1928","None","2,688","0.06","4","2.1","Public Water","Sewer - Public","Owner Finance","Individuals"
"501","2313013","792-61-39-57-600-000","CLOSD","20536 Southlawn Avenue, Chesterfield VA 23803","23803","Chesterfield","Single Family Residence","07/25/2023","$315,000","$315,000","11","Resale (occupied at least once)","1955","Fieldcrest","2,523","0.37","4","3.0","Public Water","Sewer - Public","FHA New","Individuals"
"501","2312742","745-68-27-14-600-000","CLOSD","10842 Decoy Lane, Chesterfield VA 23832","23832","Chesterfield","Single Family Residence","07/25/2023","$289,950","$300,000","6","Resale (occupied at least once)","1991","Hunters Landing","1,192","0.24","3","2.0","Public Water","Sewer - Public","Conventional","Individuals"
"501","2312552","047-29H","CLOSD","1415 Gills Road, Powhatan VA 23139","23139","Powhatan","Single Family Residence","07/25/2023","$535,000","$535,000","29","New (never occupied)","2023","None","2,135","10.20","4","2.0","Well","Septic - Conventional","Conventional","Individuals"
"501","2312432","746-740-6727","CLOSD","9404 Michelle Place, Henrico VA 23229","23229","Henrico","Single Family Residence","07/25/2023","$598,750","$588,750","9","Resale (occupied at least once)","1988","Sleepy Hollow Forest","2,670","0.28","4","2.1","Public Water","Sewer - Public","Conventional","Individuals"
"501","2312301","707-68-47-81-900-000","CLOSD","17119 Shoreland Drive, Chesterfield VA 23120","23120","Chesterfield","Single Family Residence","07/25/2023","$849,950","$837,500","3","Resale (occupied at least once)","2016","Summer Lake","4,197","0.32","5","4.1","Public Water","Sewer - Public","Conventional","Individuals"
"501","2312036","33B13 72O  14","CLOSD","5080 Brandon Pines Way, New Kent VA 23140","23140","New Kent","Single Family Residence","07/25/2023","$650,000","$637,000","33","New (never occupied)","2023","Brickshire","2,717","0.57","3","3.1","Public Water","Sewer - Public","VA New","Individuals"
"501","2311927","759-764-0999","CLOSD","5005 Shoals Court, Henrico VA 23060","23060","Henrico","Single Family Residence","07/25/2023","$725,000","$830,000","3","Resale (occupied at least once)","2017","Meredith Branch Estates","4,981","0.26","5","5.0","Public Water","Sewer - Public","Other","Individuals"
"501","2311175","816-690-9753","CLOSD","2612 Lampworth Road, Henrico VA 23231","23231","Henrico","Single Family Residence","07/25/2023","$499,950","$499,950","4","Resale (occupied at least once)","1987","Varina Meadows","3,706","1.01","4","3.1","Well","Septic - Conventional","VA New","Individuals"
"501","2311168","771-737-6670","CLOSD","1603 Treboy Avenue, Henrico VA 23226","23226","Henrico","Single Family Residence","07/25/2023","$524,950","$525,000","10","Resale (occupied at least once)","1965","Monumental Floral Gardens","3,915","0.26","6","4.1","Public Water","Sewer - Public","Conventional","Estate"
"501","2308698","747-743-8917","CLOSD","1106 Waterford Drive, Henrico VA 23229","23229","Henrico","Single Family Residence","07/25/2023","$250,000","$434,500","22","Resale (occupied at least once)","1968","Westmoor","2,816","0.32","4","3.0","Public Water","Sewer - Public","Cash","Individuals"
"501","2306621","9 73H","CLOSD","11399 Cosby Mill Road, New Kent VA 23124","23124","New Kent","Single Family Residence","07/25/2023","$349,950","$349,950","20","Resale (occupied at least once)","1994","None","1,632","2.00","3","2.1","Well","Septic - Conventional","FHA New","Individuals"
"501","2305018","8714-15-8796","CLOSD","7410 Ewell Road, Hanover VA 23111","23111","Hanover","Single Family Residence","07/25/2023","$314,000","$314,000","31","Resale (occupied at least once)","1962","Battlefield Farms","2,100","1.58","5","2.1","Public Water","Sewer - Public","Conventional","Individuals"
"501","2226267","779-772-5896","CLOSD","7039 Rivermere Lane, Henrico VA 23059","23059","Henrico","Single Family Residence","07/25/2023","$566,350","$589,430","0","New (never occupied)","2022","River Mill","2,653","","4","2.1","Public Water","Sewer - Public","Conventional","Corporate"
"501","2226118","762-65-68-23-600-000","CLOSD","8507 Waterfowl Flyway, Chesterfield VA 23838","23838","Chesterfield","Single Family Residence","07/25/2023","$577,950","$691,811","0","New (never occupied)","2022","The Highlands","3,096","","4","2.0","Public Water","Septic - Conventional","Conventional","Corporate"
"501","2215895","TBD","CLOSD","7103 Montage Row, Goochland VA 23238","23238","Goochland","Single Family Residence","07/25/2023","$788,500","$817,007","88","New (never occupied)","2022","Mosaic at West Creek","2,251","","3","3.1","Public Water","Sewer - Public","Conventional","Corporate"
"501","REIN10487101","33B13 72O 14","CLOSD","5080 Brandon Pines Way, New Kent VA 23140","23140","New Kent","Single Family Residence","07/25/2023","$650,000","$637,000","32","Resale (occupied at least once)","2023","BRICKSHIRE","2,717","0.57","3","4.0","Public Water","Public Sewer On Site","",""
"501","BRTVARC2000384","S0000860011","CLOSD","","23224","Richmond City","Single Family Residence","07/26/2023","$167,500","$167,500","0","Resale (occupied at least once)","1967","NONE AVAILABLE","1,064","0.16","2","1.0","Public Water","Public Sewer On Site","",""
"501","BRTVARC2000354","N0001134019","CLOSD","3215 North Avenue, Richmond City VA 23222","23222","Richmond City","Single Family Residence","07/26/2023","$419,900","$410,000","5","Resale (occupied at least once)","1933","NORTH RICHMOND","1,980","0.15","4","4.0","Public Water","Public Sewer On Site","",""
"501","BRTVAGO2000118","13-1-0-1-M","CLOSD","4144 Broad Street Road, Goochland VA 23065","23065","Goochland","Single Family Residence","07/26/2023","$229,950","$255,000","5","Resale (occupied at least once)","1950","NONE AVAILABLE","0","2.46","3","3.0","Well","","",""
"501","2312416","726-65-84-35-000-000","CLOSD","14601 Blossom Place, Chesterfield VA 23112","23112","Chesterfield","Single Family Residence","07/26/2023","$449,950","$465,000","5","Resale (occupied at least once)","2006","The Timbers At Summerford","2,658","0.19","3","2.1","Public Water","Sewer - Public","VA New","Individuals"
"501","2306644","713-66-07-724-0000","CLOSD","9207 Moldova Road, Chesterfield VA 23832","23832","Chesterfield","Single Family Residence","07/26/2023","$680,040","$680,040","103","New (never occupied)","2023","Harpers Mill","3,289","0.30","4","3.1","Public Water","Sewer - Public","Conventional","Corporate"
"501","2311086","775-67-52-49-300-000","CLOSD","5537 Autumnleaf Drive, Chesterfield VA 23234","23234","Chesterfield","Single Family Residence","07/26/2023","$274,900","$275,000","27","Resale (occupied at least once)","1984","Hilmar","1,312","0.24","3","1.1","Public Water","Sewer - Public","Other","REO"
"501","2304178","713-67-06-58-700-000","CLOSD","7113 Leire Lane, Chesterfield VA 23832","23832","Chesterfield","Townhouse","07/26/2023","$347,950","$353,275","0","New (never occupied)","2023","Cosby Village Townhomes","2,144","","3","3.1","Public Water","Sewer - Public","Conventional","Corporate"
"501","2231644","K13-3776-0375","CLOSD","7680 Summer Morning Drive, New Kent VA 23124","23124","New Kent","Single Family Residence","07/26/2023","$440,040","$441,675","0","New (never occupied)","2022","Renaissance at Four Seasons","2,186","","3","2.0","Public Water","Sewer - Public","Conventional","Corporate"
"501","2215305","E000-1096-010","CLOSD","1537 North 31st Street, Richmond City VA 23223","23223","Richmond City","Single Family Residence","07/26/2023","$395,000","$395,000","390","New (never occupied)","2022","Armstrong","2,136","0.07","4","2.1","Public Water","Sewer - Public","Conventional","Individuals"
"501","2310463","7863-09-7940","CLOSD","12738 Old Ridge Road, Hanover VA 23015","23015","Hanover","Single Family Residence","07/26/2023","$449,900","$450,000","47","Resale (occupied at least once)","1900","None","3,564","5.00","3","2.1","Well","Septic - Conventional","VA New","Individuals"
"501","2314816","783-61-21-44-600-000","CLOSD","21101 Baileys Grove Drive, Chesterfield VA 23803","23803","Chesterfield","Single Family Residence","07/26/2023","$360,000","$360,000","16","Resale (occupied at least once)","2007","Baileys Grove","2,246","0.38","4","2.1","Public Water","Sewer - Public","FHA New","Individuals"
"501","2303191","746682148900000","CLOSD","10853 Genito Square Drive #Unit10B, Chesterfield VA 23112","23112","Chesterfield","Townhouse","07/26/2023","$307,990","$317,025","39","New (never occupied)","2023","Genito Square","1,567","","3","2.1","Public Water","Sewer - Public","Conventional","Corporate"
"501","2314850","7797-69-7320","CLOSD","10956 Founders Place, Hanover VA 23116","23116","Hanover","Single Family Residence","07/26/2023","$528,900","$568,000","9","Resale (occupied at least once)","1998","Milestone","2,710","0.36","4","2.1","Public Water","Sewer - Public","Conventional","Individuals"
"501","2305277","785-760-5803","CLOSD","8839 Foxway Ridge Lane, Henrico VA 23060","23060","Henrico","Townhouse","07/26/2023","$396,895","$391,895","6","New (never occupied)","2023","Retreat at One","2,174","","4","3.1","Public Water","Sewer - Public","FHA New","Corporate"
"501","2314789","798-63-37-79-500-000","CLOSD","16203 Lucia Drive, Chesterfield VA 23831","23831","Chesterfield","Single Family Residence","07/26/2023","$179,950","$184,000","12","Resale (occupied at least once)","1958","Searcy","1,170","0.29","3","1.0","Public Water","Sewer - Public","Conventional","Individuals"
"501","2314673","028E-1-22","CLOSD","2590 Glenridge Court, Powhatan VA 23139","23139","Powhatan","Single Family Residence","07/26/2023","$340,000","$343,000","9","Resale (occupied at least once)","1995","Glenbrooke","1,553","2.02","3","2.0","Well","Septic - Conventional","Conventional","Individuals"
"501","2310432","to be determined","CLOSD","2427 Ownby Lane #UnitB-8, Richmond City VA 23220","23220","Richmond City","Condominium","07/26/2023","$586,560","$586,560","24","New (never occupied)","2023","The Outpost at Brewers Row","2,516","","3","2.1","Public Water","Sewer - Public","Conventional","Corporate"
"501","2313069","762-739-4456","CLOSD","1003 Ridge Top Road, Henrico VA 23229","23229","Henrico","Single Family Residence","07/26/2023","$649,000","$650,000","7","Resale (occupied at least once)","1953","Westhampton Hills","1,967","0.43","4","2.1","Public Water","Sewer - Public","Conventional","Individuals"
"501","2313577","756-71-73-53-500-000","CLOSD","2201 Logan Street, Chesterfield VA 23235","23235","Chesterfield","Single Family Residence","07/26/2023","$534,000","$625,000","8","Resale (occupied at least once)","1968","Bon Air","3,075","0.58","4","2.1","Public Water","Sewer - Public","Conventional","Individuals"
"501","2311567","728-70-99-78-800-007","CLOSD","1301 Sycamore Square Drive, Chesterfield VA 23113","23113","Chesterfield","Townhouse","07/26/2023","$310,000","$310,000","12","Resale (occupied at least once)","1980","Sycamore Mews","1,744","9.74","3","3.0","Public Water","Sewer - Public","Conventional","Individuals"
"501","2312596","8764-48-0796","CLOSD","7459 Flannigan Mill Road, Hanover VA 23111","23111","Hanover","Single Family Residence","07/26/2023","$405,000","$400,000","26","Resale (occupied at least once)","1977","Hidden Lake","2,400","1.32","4","2.1","Well","Septic - Conventional","Conventional","Individuals"
"501","2313351","718-68-66-93-300-000","CLOSD","3100 Shorewood Place, Chesterfield VA 23112","23112","Chesterfield","Single Family Residence","07/26/2023","$539,000","$525,000","16","Resale (occupied at least once)","2001","Edgewater At The Reservoir","3,246","0.30","5","2.1","Public Water","Sewer - Public","Conventional","Individuals"
"501","2312846","741-67-89-48-900-000","CLOSD","4700 Altimira Court, Chesterfield VA 23112","23112","Chesterfield","Single Family Residence","07/26/2023","$340,000","$370,000","7","Resale (occupied at least once)","2008","Clay Pointe","1,847","0.39","4","2.1","Public Water","Sewer - Public","VHDA/FHA","Individuals"
"501","2316101","W019-0110-027","CLOSD","4710 Monument Avenue, Richmond City VA 23230","23230","Richmond City","Single Family Residence","07/26/2023","$515,000","$554,710","6","Resale (occupied at least once)","1953","Monument Avenue Park","1,727","0.17","2","2.0","Public Water","Sewer - Public","Cash","Individuals"
"501","2315908","788-68-27-47-700-000","CLOSD","6812 Wentworth Street, Chesterfield VA 23237","23237","Chesterfield","Single Family Residence","07/26/2023","$255,900","$255,900","7","Resale (occupied at least once)","1946","None","1,238","0.27","4","1.0","Public Water","Sewer - Public","Conventional","Partnership"
"501","2315862","734-70-10-08-200-000","CLOSD","12821 Queensgate Road, Chesterfield VA 23114","23114","Chesterfield","Single Family Residence","07/26/2023","$479,000","$495,000","3","Resale (occupied at least once)","1988","Walton Park","2,552","0.77","5","2.1","Public Water","Sewer - Public","Cash","Individuals"
"501","2315855","733-66-96-48-300-000","CLOSD","13101 Holly View Court, Chesterfield VA 23112","23112","Chesterfield","Single Family Residence","07/26/2023","$329,000","$331,500","8","Resale (occupied at least once)","1994","Spring Trace","1,450","0.46","3","2.0","Public Water","Sewer - Public","Conventional","Individuals"
"501","2315071","754-69-40-76-300-000","CLOSD","2300 Dorking Road, Chesterfield VA 23236","23236","Chesterfield","Single Family Residence","07/26/2023","$625,000","$625,000","9","Resale (occupied at least once)","1972","Bexley","3,790","0.88","6","3.1","Public Water","Septic - Conventional","Conventional","Individuals"
"501","2315059","N000-1134-019","CLOSD","3215 North Avenue, Richmond City VA 23222","23222","Richmond City","Single Family Residence","07/26/2023","$419,990","$410,000","5","Resale (occupied at least once)","1933","North Richmond Terrace","1,980","0.15","4","3.1","Public Water","Sewer - Public","Conventional","Corporate"
"501","2315029","773-746-0992","CLOSD","6707 West Davista Avenue, Henrico VA 23228","23228","Henrico","Single Family Residence","07/26/2023","$339,900","$325,000","6","Resale (occupied at least once)","1951","None","1,970","0.41","4","2.0","Public Water","Sewer - Public","Conventional","Individuals"
"501","2314990","763-731-0250","CLOSD","6161 River Road #Unit9, Henrico VA 23226","23226","Henrico","Cooperative","07/26/2023","$479,000","$479,000","7","Resale (occupied at least once)","1967","None","1,978","10.12","2","2.1","Public Water","Sewer - Public","Other","Other"
"501","2314972","768-740-3679","CLOSD","6419 Crescent Parkway, Henrico VA 23226","23226","Henrico","Single Family Residence","07/26/2023","$425,000","$450,000","3","Resale (occupied at least once)","1950","Westwood Terrace","1,411","0.28","3","2.0","Public Water","Sewer - Public","Conventional","Partnership"
"501","2314907","781-756-5960-227","CLOSD","1511 Honor Drive, Henrico VA 23228","23228","Henrico","Condominium","07/26/2023","$237,500","$237,500","7","Resale (occupied at least once)","1985","Stonewall Manor Condominiums","1,052","","3","1.1","Public Water","Sewer - Public","Conventional","Corporate"
"501","2314895","771-761-7495","CLOSD","2706 Tanager Road, Henrico VA 23228","23228","Henrico","Single Family Residence","07/26/2023","$310,000","$328,000","2","Resale (occupied at least once)","1966","Terry Heights","1,532","0.26","4","1.1","Public Water","Sewer - Public","Conventional","Estate"
"501","2314785","754-748-2282","CLOSD","1910 Windsordale Drive, Henrico VA 23229","23229","Henrico","Single Family Residence","07/26/2023","$374,950","$386,000","6","Resale (occupied at least once)","1962","Windsordale","1,400","0.41","3","1.1","Public Water","Sewer - Public","Conventional","Individuals"
"501","2314648","751-71-61-43-800-000","CLOSD","9691 Iredell Road, Chesterfield VA 23235","23235","Chesterfield","Single Family Residence","07/26/2023","$499,000","$537,200","7","Resale (occupied at least once)","1967","Cambridge","3,154","0.67","5","2.1","Public Water","Sewer - Public","VA New","Individuals"
"501","2314571","N005-1080-020","CLOSD","3216 5th Avenue, Richmond City VA 23222","23222","Richmond City","Single Family Residence","07/26/2023","$279,950","$321,000","7","Resale (occupied at least once)","1925","Highland Park","1,440","0.17","3","2.1","Public Water","Sewer - Public","Conventional","Individuals"
"501","2314511","W021-0127-025","CLOSD","6726 Kensington Avenue, Richmond City VA 23226","23226","Richmond City","Single Family Residence","07/26/2023","$399,000","$420,000","3","Resale (occupied at least once)","1936","College View","1,238","0.20","2","1.0","Public Water","Sewer - Public","FHA New","Individuals"
"501","2314471","749-766-5815","CLOSD","4504 Cedar Forest Road, Henrico VA 23060","23060","Henrico","Single Family Residence","07/26/2023","$485,000","$526,000","3","Resale (occupied at least once)","1994","Cedars At Innsbrook","2,452","0.23","4","2.1","Public Water","Sewer - Public","Conventional","Individuals"
"501","2314397","C004-0533-009","CLOSD","7508 Marilea Road, Richmond City VA 23225","23225","Richmond City","Single Family Residence","07/26/2023","$399,900","$430,000","7","Resale (occupied at least once)","1956","Stratford Hills","1,861","0.37","3","2.0","Public Water","Sewer - Public","Conventional","Individuals"
"501","2314286","735-67-06-71-900-000","CLOSD","12803 Bailey Hill Court, Chesterfield VA 23112","23112","Chesterfield","Single Family Residence","07/26/2023","$529,900","$535,500","7","Resale (occupied at least once)","2018","Bayhill Pointe","3,907","0.35","5","3.1","Public Water","Sewer - Public","Conventional","Individuals"
"501","2314232","7787-47-1303","CLOSD","10521 Stony Bluff Drive #Unit303, Hanover VA 23005","23005","Hanover","Condominium","07/26/2023","$264,900","$264,900","9","Resale (occupied at least once)","2021","Stony Run","1,017","0.00","1","1.0","Public Water","Sewer - Public","Cash","Individuals"
"501","2314221","812-65-05-01-800-000","CLOSD","13500 Bastian Drive, Chesterfield VA 23836","23836","Chesterfield","Single Family Residence","07/26/2023","$484,900","$485,000","5","Resale (occupied at least once)","2020","Ramblewood Estates","2,708","0.38","4","3.0","Public Water","Sewer - Public","Conventional","Individuals"
"501","2313831","W021-0163-013","CLOSD","5917 Kensington Avenue, Richmond City VA 23226","23226","Richmond City","Single Family Residence","07/26/2023","$624,500","$725,000","2","Resale (occupied at least once)","1934","Westview","1,991","0.13","3","3.0","Public Water","Sewer - Public","Conventional","Individuals"
"501","2313744","734-759-7160","CLOSD","13029 Silent Wood Place, Henrico VA 23233","23233","Henrico","Single Family Residence","07/26/2023","$415,000","$472,000","4","Resale (occupied at least once)","1992","Danewood At Wellesley","1,748","0.16","3","2.1","Public Water","Sewer - Public","Conventional","Individuals"
"501","2313445","809-731-5615","CLOSD","4000 Harvie Road, Henrico VA 23223","23223","Henrico","Single Family Residence","07/26/2023","$247,000","$247,000","12","Resale (occupied at least once)","1958","Acreage","1,088","0.56","2","1.1","Public Water","Sewer - Public","Conventional","Individuals"
"501","2313368","747-70-82-28-300-000","CLOSD","810 Roehampton Court, Chesterfield VA 23236","23236","Chesterfield","Townhouse","07/26/2023","$180,000","$187,000","3","Resale (occupied at least once)","1975","Sturbridge Village","1,820","0.05","4","3.1","Public Water","Sewer - Public","Other","Individuals"
"501","2313349","818-727-9926","CLOSD","6003 Pine Street, Henrico VA 23223","23223","Henrico","Single Family Residence","07/26/2023","$250,000","$240,000","1","Resale (occupied at least once)","1975","Robin Park","1,520","0.59","3","2.0","Well","Septic - Conventional","Conventional","Individuals"
"501","2313290","S000-0860-011","CLOSD","1702 Ingram Avenue, Richmond City VA 23224","23224","Richmond City","Single Family Residence","07/26/2023","$150,000","$167,500","6","Resale (occupied at least once)","1967","Richmond Summit","1,064","0.16","3","1.0","Public Water","Sewer - Public","Cash","Individuals"
"501","2313073","768-760-9151.214","CLOSD","9353 Kempton Manor Court #Unit1810, Henrico VA 23060","23060","Henrico","Condominium","07/26/2023","$219,000","$217,000","2","Resale (occupied at least once)","1990","Laurel Lakes Condo","1,050","","2","2.0","Public Water","Sewer - Public","Conventional","Individuals"
"501","2312768","790-65-20-42-200-000 & 789-65-29-63-100-000","CLOSD","4248 Curtis Street, Chesterfield VA 23831","23831","Chesterfield","Single Family Residence","07/26/2023","$285,000","$280,000","8","Resale (occupied at least once)","1950","Chester","1,452","0.66","3","2.0","Public Water","Sewer - Public","Conventional","Individuals"
"501","2312018","766-757-2494","CLOSD","8659 Millstream Drive, Henrico VA 23228","23228","Henrico","Townhouse","07/26/2023","$285,000","$285,000","6","Resale (occupied at least once)","2004","Millspring Townes","1,452","0.06","2","2.1","Public Water","Sewer - Public","Conventional","Individuals"
"501","2311832","751-737-5751","CLOSD","508 Raleigh Manor Road, Henrico VA 23229","23229","Henrico","Single Family Residence","07/26/2023","$1,739,000","$1,739,000","22","Resale (occupied at least once)","2007","Raleigh","6,866","0.66","6","6.0","Public Water","Sewer - Public","Conventional","Individuals"
"501","2311376","C004-0544-030","CLOSD","2956 Hathaway Road #UnitU306, Richmond City VA 23225","23225","Richmond City","Condominium","07/26/2023","$385,000","$385,000","1","Resale (occupied at least once)","1972","Hathaway Tower Condominiums","1,729","4.02","3","2.0","Public Water","Sewer - Public","Cash","Individuals"
"501","2310225","N000-1051-007","CLOSD","711 Arnold Avenue, Richmond City VA 23222","23222","Richmond City","Single Family Residence","07/26/2023","$324,950","$325,000","30","Resale (occupied at least once)","1920","Highland Terrace Annex","1,584","0.14","3","2.0","Public Water","Sewer - Public","Conventional","Corporate"
"501","2308022","13-1-0-1-M","CLOSD","4144 Broad Street Road, Goochland VA 23065","23065","Goochland","Single Family Residence","07/26/2023","$229,950","$255,000","5","Resale (occupied at least once)","1950","None","1,395","2.46","3","2.1","Well","Septic - Conventional","Conventional","Individuals"
"501","2232295","TBD","CLOSD","7526 Indian River Run, Henrico VA 23231","23231","Henrico","Single Family Residence","07/26/2023","$439,493","$438,976","106","New (never occupied)","2023","Settlers Ridge","2,090","","3","2.0","Public Water","Sewer - Public","Cash","Corporate"
"501","2232069","761-65-15-44-700-000","CLOSD","8510 Heathermist Court, Chesterfield VA 23838","23838","Chesterfield","Single Family Residence","07/26/2023","$465,000","$455,000","71","Resale (occupied at least once)","1993","The Highlands","2,370","1.15","4","2.1","Public Water","Septic - Conventional","VA Assumption","Individuals"
"501","2229732","728-70-56-78-700-000","CLOSD","425 Randolph View Drive, Chesterfield VA 23114","23114","Chesterfield","Townhouse","07/26/2023","$384,950","$369,065","0","New (never occupied)","2022","Randolph Pond","2,139","","2","3.1","Public Water","Sewer - Public","Conventional","Corporate"
"501","2228472","820-687-3111","CLOSD","2916 Goldeneye Lane, Henrico VA 23231","23231","Henrico","Single Family Residence","07/26/2023","$419,460","$419,460","45","New (never occupied)","2022","Four Mile Run","2,297","","4","2.1","Public Water","Sewer - Public","VA New","Corporate"
"501","2222420","671-66-44-95-400-000","CLOSD","24200 Pear Orchard Road, Chesterfield VA 23120","23120","Chesterfield","Single Family Residence","07/26/2023","$1,200,000","$1,200,000","218","Resale (occupied at least once)","2006","None","4,617","10.20","5","3.1","Well","Septic - Conventional","VA New","Individuals"
"501","2219420","741-757-6364","CLOSD","11508 Barrington Bridge Terrace, Henrico VA 23233","23233","Henrico","Single Family Residence","07/26/2023","$1,549,950","$1,450,000","276","Resale (occupied at least once)","1992","Barrington","9,509","0.60","6","7.1","Public Water","Sewer - Public","Assumption","Individuals"
"501","2314776","745-749-7347","CLOSD","10201 Rounding Run, Henrico VA 23238","23238","Henrico","Single Family Residence","07/27/2023","$435,000","$435,000","11","Resale (occupied at least once)","1977","Raintree","2,460","0.34","4","2.1","Public Water","Sewer - Public","Conventional","Individuals"
"501","2311997","762-68-58-09-200-000","CLOSD","7566 Valencia Road, Chesterfield VA 23832","23832","Chesterfield","Single Family Residence","07/27/2023","$263,000","$266,000","10","Resale (occupied at least once)","2000","Pennwood","1,428","0.64","3","2.0","Public Water","Sewer - Public","Conventional","Individuals"
"501","BRTVARC2000348","S0002141013","CLOSD","24 East 33Rd Street, Richmond City VA 23224","23224","Richmond City","Single Family Residence","07/27/2023","$274,900","$275,000","5","Resale (occupied at least once)","1931","NONE AVAILABLE","1,112","0.20","2","1.0","Public Water","Public Sewer On Site","",""
"501","2312233","8716-98-2980","CLOSD","7031 Hartford Oaks Court, Hanover VA 23116","23116","Hanover","Single Family Residence","07/27/2023","$535,000","$535,000","15","Resale (occupied at least once)","1990","Hartford Oaks","2,600","1.15","5","2.1","Public Water","Sewer - Public","Conventional","Individuals"
"501","2309830","779-68-43-00-500-000","CLOSD","4703 Brompton Square, Chesterfield VA 23234","23234","Chesterfield","Townhouse","07/27/2023","$165,000","$150,000","43","Resale (occupied at least once)","1973","Berwick Village","950","0.04","2","1.1","Public Water","Sewer - Public","Cash","Individuals"
"501","2314556","762-65-32-21-600-000","CLOSD","11318 Covina Lane, Chesterfield VA 23838","23838","Chesterfield","Single Family Residence","07/27/2023","$479,500","$480,000","16","Resale (occupied at least once)","2003","The Highlands","2,290","1.96","4","2.1","Public Water, Well","Septic - Conventional","FHA New","Individuals"
"501","2231731","759643924100000","CLOSD","8825 Mckibben Drive, Chesterfield VA 23838","23838","Chesterfield","Single Family Residence","07/27/2023","$562,635","$565,430","0","New (never occupied)","2022","Lake Margaret","3,084","","5","3.0","Public Water","Sewer - Public","Conventional","Corporate"
"501","2227570","TBD","CLOSD","3505 Outerbridge Terrace, Powhatan VA 23129","23129","Powhatan","Single Family Residence","07/27/2023","$676,950","$797,164","0","New (never occupied)","2023","Tilmans Farm","2,857","","4","3.0","Public Water","Sewer - Public","Conventional","Corporate"
"501","2303210","J13-3658-4522","CLOSD","7971 Winter Fog Drive, New Kent VA 23124","23124","New Kent","Single Family Residence","07/27/2023","$419,155","$419,155","0","New (never occupied)","2022","Renaissance at Four Seasons","2,239","","3","3.0","Public Water","Sewer - Public","Conventional","Corporate"
"501","2302904","763643681900000","CLOSD","8425 McKibben Drive, Chesterfield VA 23838","23838","Chesterfield","Single Family Residence","07/27/2023","$724,990","$718,290","118","New (never occupied)","2023","Lake Margaret","3,703","1.50","5","4.1","Public Water","Septic - Conventional","VA New","Corporate"
"501","2302203","N000-1169-027","CLOSD","3419 2nd Avenue, Richmond City VA 23222","23222","Richmond City","Single Family Residence","07/27/2023","$359,000","$359,000","128","New (never occupied)","2022","North Highland Park","1,700","0.08","3","2.1","Public Water","Sewer - Public","Conventional","Partnership"
"501","2232779","713-67-06-28-500-000","CLOSD","7121 Leire Lane, Chesterfield VA 23832","23832","Chesterfield","Townhouse","07/27/2023","$363,950","$380,035","0","New (never occupied)","2023","Cosby Village Townhomes","2,263","","4","3.1","Public Water","Sewer - Public","Conventional","Corporate"
"501","2313428","779-68-81-30-500-000","CLOSD","5300 Lingle Lane, Chesterfield VA 23234","23234","Chesterfield","Single Family Residence","07/27/2023","$325,000","$327,500","8","Resale (occupied at least once)","1966","Beechwood","1,890","0.38","3","1.2","Public Water","Sewer - Public","FHA New","Individuals"
"501","2314197","S006-0110-011","CLOSD","5418 Dorchester Road, Richmond City VA 23225","23225","Richmond City","Single Family Residence","07/27/2023","$475,000","$475,000","18","Resale (occupied at least once)","1951","Westover Hills","2,019","0.47","3","2.1","Public Water","Sewer - Public","Other","Individuals"
"501","2312875","016A-3-9","CLOSD","3817 Mill Mount Drive, Powhatan VA 23139","23139","Powhatan","Single Family Residence","07/27/2023","$650,000","$650,000","26","Resale (occupied at least once)","2015","Westlake At Mill Mount","3,093","2.03","4","3.1","Well","Septic - Conventional","Conventional","Individuals"
"501","2312453","779-65-21-51-200-038","CLOSD","5949 East Stonepath Garden Drive #Unit5949, Chesterfield VA 23831","23831","Chesterfield","Condominium","07/27/2023","$332,500","$332,000","31","Resale (occupied at least once)","2015","Stonebridge","1,955","11.62","2","2.0","Public Water","Sewer - Public","Conventional","Individuals"
"501","2314754","738-71-11-57-500-000","CLOSD","1531 Charrington Drive, Chesterfield VA 23113","23113","Chesterfield","Single Family Residence","07/27/2023","$429,900","$420,000","14","Resale (occupied at least once)","1971","Olde Coach Village","2,067","0.33","4","2.1","Public Water","Sewer - Public","VA New","Individuals"
"501","2307915","Not Yet Assigned","CLOSD","12106 Oxford Landing Drive #Unit103, Henrico VA 23059","23059","Henrico","Condominium","07/27/2023","$439,030","$439,030","27","New (never occupied)","2023","Twin Hickory","1,618","","3","2.1","Public Water","Sewer - Public","FHA New","Corporate"
"501","2303832","710-67-96-50-000-000","CLOSD","5436 Swift Fox Place, Chesterfield VA 23120","23120","Chesterfield","Single Family Residence","07/27/2023","$715,308","$703,124","5","New (never occupied)","2023","Foxfield","3,976","0.22","5","5.0","Public Water","Sewer - Public","Conventional","Corporate"
"501","2212215","33B13 22Q 36","CLOSD","4944 College Green Drive, New Kent VA 23140","23140","New Kent","Single Family Residence","07/27/2023","$525,950","$744,142","116","New (never occupied)","2023","Brickshire","4,250","0.48","5","5.0","Public Water","Sewer - Public","Conventional","Corporate"
"501","2314563","728-68-29-82-800-000","CLOSD","3828 Timber Ridge Road, Chesterfield VA 23112","23112","Chesterfield","Single Family Residence","07/27/2023","$319,000","$329,000","5","Resale (occupied at least once)","1976","Timber Ridge","2,128","0.39","3","2.2","Public Water","Sewer - Public","Conventional","Individuals"
"501","2314043","792-64-94-36-600-000","CLOSD","12900 Rockridge Road, Chesterfield VA 23831","23831","Chesterfield","Single Family Residence","07/27/2023","$455,000","$455,000","6","Resale (occupied at least once)","1994","Hidden Valley Estates","4,208","0.40","5","3.1","Public Water","Sewer - Public","Conventional","Individuals"
"501","2313884","809-721-5121","CLOSD","305 Koch Avenue, Henrico VA 23223","23223","Henrico","Single Family Residence","07/27/2023","$259,000","$265,000","4","Resale (occupied at least once)","1950","Martins Manor","1,352","0.28","3","2.0","Public Water","Sewer - Public","VA New","Corporate"
"501","2313492","W020-0068-012","CLOSD","5105 Bromley Lane, Richmond City VA 23226","23226","Richmond City","Single Family Residence","07/27/2023","$559,000","$620,000","9","Resale (occupied at least once)","1980","Colonial Place","1,956","0.24","3","2.1","Public Water","Sewer - Public","Conventional","Individuals"
"501","2313179","734-71-27-81-100-000","CLOSD","1700 Olde Coalmine Road, Chesterfield VA 23113","23113","Chesterfield","Single Family Residence","07/27/2023","$425,000","$410,000","5","Resale (occupied at least once)","1976","Olde Coach Village","2,375","0.39","4","2.1","Public Water","Sewer - Public","Conventional","Individuals"
"501","2315867","721-67-62-31-100-000","CLOSD","14508 Bent Creek Court, Chesterfield VA 23112","23112","Chesterfield","Single Family Residence","07/27/2023","$425,000","$435,000","4","Resale (occupied at least once)","1985","Bent Creek","2,056","0.27","4","2.1","Public Water","Sewer - Public","Conventional","Individuals"
"501","2313430","759-68-44-22-400-000","CLOSD","8406 Shepherds Watch Drive, Chesterfield VA 23832","23832","Chesterfield","Single Family Residence","07/27/2023","$380,000","$377,000","35","Resale (occupied at least once)","2005","Shepherds Watch","1,940","0.35","4","2.1","Public Water","Sewer - Public","Conventional","Other"
"501","2303686","to be determined","CLOSD","2415 Ownby Lane #UnitB1, Richmond City VA 23220","23220","Richmond City","Condominium","07/27/2023","$514,860","$514,860","0","New (never occupied)","2023","The Outpost at Brewers Row","1,570","","3","2.1","Public Water","Sewer - Public","Conventional","Corporate"
"501","2312496","806-733-2648","CLOSD","3121 Harvie Road, Henrico VA 23223","23223","Henrico","Single Family Residence","07/27/2023","$250,000","$230,000","45","Resale (occupied at least once)","1956","Mayfair Place","1,155","0.26","3","1.1","Public Water","Sewer - Public","Conventional","Individuals"
"501","2313716","703-67-26-19-600-000","CLOSD","6519 White Rock Terrace, Chesterfield VA 23120","23120","Chesterfield","Single Family Residence","07/27/2023","$599,950","$599,950","15","Resale (occupied at least once)","2019","Magnolia Green","3,231","0.33","4","2.1","Public Water","Sewer - Public","VA New","Individuals"
"501","2315911","740-71-54-03-800-042","CLOSD","2152 Magnolia Grove Way #Unit2152, Chesterfield VA 23113","23113","Chesterfield","Condominium","07/27/2023","$389,950","$390,000","3","Resale (occupied at least once)","2004","The Pointe At Bellgrade","2,035","0.00","3","2.1","Public Water","Sewer - Public","Cash","Individuals"
"501","2315810","7729-77-5843","CLOSD","12440 Howards Mill Road, Hanover VA 23192","23192","Hanover","Single Family Residence","07/27/2023","$349,950","$360,000","2","Resale (occupied at least once)","1978","None","1,600","2.42","4","2.0","Well","Septic - Conventional","Conventional","Individuals"
"501","2315571","765-742-9998","CLOSD","6900 Dartmouth Avenue, Henrico VA 23229","23229","Henrico","Single Family Residence","07/27/2023","$310,000","$410,000","3","Resale (occupied at least once)","2001","Charles Glen","2,300","0.21","4","2.1","Public Water","Sewer - Public","Cash","Other"
"501","2315420","8714-82-2015","CLOSD","7107 White Pine Court, Hanover VA 23111","23111","Hanover","Single Family Residence","07/27/2023","$325,000","$322,500","4","Resale (occupied at least once)","1987","High Point Farms","2,076","0.31","3","1.1","Public Water","Sewer - Public","FHA New","Estate, Individuals"
"501","2315402","7870-64-8805","CLOSD","103 North Macon Terrace, Hanover VA 23005","23005","Hanover","Single Family Residence","07/27/2023","$365,000","$380,000","4","Resale (occupied at least once)","2001","North Macon Terrace","1,736","0.23","3","2.1","Public Water","Sewer - Public","Conventional","Individuals"
"501","2315374","734-751-5172","CLOSD","12516 Eagle Ridge Road, Henrico VA 23233","23233","Henrico","Single Family Residence","07/27/2023","$494,950","$550,000","3","Resale (occupied at least once)","1988","Bennington Ridge","2,277","0.35","4","2.1","Public Water","Sewer - Public","Cash","Individuals"
"501","2315361","7880-12-3231","CLOSD","19 Trotter Mill Close, Hanover VA 23005","23005","Hanover","Condominium","07/27/2023","$239,999","$260,000","2","Resale (occupied at least once)","1985","Cottage Green Condos","1,428","0.03","3","2.0","Public Water","Community - Sewer/Septic","Conventional","Individuals"
"501","2315254","N000-2182-022","CLOSD","4009 Fauquier Avenue, Richmond City VA 23227","23227","Richmond City","Single Family Residence","07/27/2023","$575,000","$620,000","8","Resale (occupied at least once)","1932","Brookdale","2,430","0.14","3","2.0","Public Water","Sewer - Public","Conventional","Individuals"
"501","2315147","792-741-5941","CLOSD","404 Pulaski Avenue, Henrico VA 23222","23222","Henrico","Single Family Residence","07/27/2023","$250,000","$250,000","3","Resale (occupied at least once)","1956","Cloverland","1,056","0.24","4","1.0","Public Water","None","FHA New","Individuals"
"501","2315127","735-66-84-34-700-000","CLOSD","9506 Buffalo Springs Drive, Chesterfield VA 23112","23112","Chesterfield","Single Family Residence","07/27/2023","$499,950","$522,507","3","Resale (occupied at least once)","2020","Bayhill Pointe","2,424","0.34","4","2.1","Public Water","Sewer - Public","FHA New","Individuals"
"501","2314940","805-715-4163","CLOSD","2313 Bailey Drive, Henrico VA 23231","23231","Henrico","Single Family Residence","07/27/2023","$279,000","$302,500","8","Resale (occupied at least once)","1942","Montrose Terrace","1,302","0.26","4","1.1","Public Water","Sewer - Public","Conventional","Individuals"
"501","2314810","769-758-1452","CLOSD","9028 Silverbush Drive, Henrico VA 23228","23228","Henrico","Townhouse","07/27/2023","$295,000","$300,000","6","Resale (occupied at least once)","2000","Lakeland Towns","1,440","0.04","2","2.1","Public Water","Sewer - Public","FHA New","Individuals"
"501","2314760","S000-2141-013","CLOSD","24 East 33rd Street, Richmond City VA 23224","23224","Richmond City","Single Family Residence","07/27/2023","$274,900","$275,000","5","Resale (occupied at least once)","1931","Swansboro","1,112","0.20","2","1.0","Public Water","Sewer - Public","Conventional","Corporate"
"501","2314712","727-67-66-32-500-000","CLOSD","5712 Promontory Place, Chesterfield VA 23112","23112","Chesterfield","Single Family Residence","07/27/2023","$450,000","$476,050","6","Resale (occupied at least once)","1999","Promontory Pointe","2,308","0.23","3","2.1","Public Water","Sewer - Public","Cash","Individuals"
"501","2314692","W000-1874-019","CLOSD","4106 Patterson Avenue, Richmond City VA 23221","23221","Richmond City","Single Family Residence","07/27/2023","$949,000","$965,000","4","New (never occupied)","2023","Monument Avenue Gardens","2,575","0.12","4","3.1","Public Water","Sewer - Public","Cash","Corporate"
"501","2314579","C006-0760-032","CLOSD","642 Effingham Drive, Richmond City VA 23224","23224","Richmond City","Single Family Residence","07/27/2023","$165,000","$185,000","8","Resale (occupied at least once)","1950","Cavalier Court","696","0.28","2","1.0","Public Water","Sewer - Public","FHA New","Individuals"
"501","2314523","769-68-74-30-800-000","CLOSD","6208 Tandem Court, Chesterfield VA 23234","23234","Chesterfield","Single Family Residence","07/27/2023","$299,950","$321,000","4","Resale (occupied at least once)","1972","Old Coach Hills","1,620","0.45","3","2.0","Public Water","Septic - Conventional","Other","Individuals"
"501","2314387","762-774-5118.393","CLOSD","246 Siena Lane, Henrico VA 23059","23059","Henrico","Condominium","07/27/2023","$399,950","$400,000","5","Resale (occupied at least once)","2014","The Villas At Hunton Park","2,220","0.05","4","2.2","Public Water","Sewer - Public","Conventional","Individuals"
"501","2314382","758-767-9068","CLOSD","9120 Creekwalk Place, Henrico VA 23060","23060","Henrico","Single Family Residence","07/27/2023","$594,950","$660,000","8","Resale (occupied at least once)","2011","Townsend","3,655","0.24","5","3.1","Public Water","Sewer - Public","Conventional","Individuals"
"501","2314295","S006-0137-016","CLOSD","5408 Dorchester Road, Richmond City VA 23225","23225","Richmond City","Single Family Residence","07/27/2023","$599,000","$778,700","7","Resale (occupied at least once)","1953","Westover Hills","2,022","0.19","3","2.0","Public Water","Sewer - Public","Conventional","Individuals"
"501","2314048","811-716-0637","CLOSD","4601 Chipoax Avenue, Henrico VA 23231","23231","Henrico","Single Family Residence","07/27/2023","$229,990","$232,000","9","Resale (occupied at least once)","1948","Gilbert Gardens","846","","2","1.0","Public Water","Sewer - Public","Conventional","Individuals"
"501","2314034","723-70-51-40-100-000","CLOSD","14814 Colony Forest Court, Chesterfield VA 23114","23114","Chesterfield","Single Family Residence","07/27/2023","$565,000","$575,000","7","Resale (occupied at least once)","2009","Stewart Village","3,174","0.34","5","3.1","Public Water","Sewer - Public","Conventional","Individuals"
"501","2313910","773-746-4680","CLOSD","6705 East Davista Avenue, Henrico VA 23228","23228","Henrico","Single Family Residence","07/27/2023","$175,000","$205,000","2","Resale (occupied at least once)","1943","Davista Park","688","0.20","2","1.0","Public Water","Sewer - Public","Conventional","Individuals"
"501","2313895","S007-1082-007","CLOSD","1806 Mansion Avenue, Richmond City VA 23224","23224","Richmond City","Single Family Residence","07/27/2023","$249,990","$240,000","34","Resale (occupied at least once)","2022","Richmond Summit","1,335","0.15","3","1.1","Public Water","Sewer - Public","Conventional","Individuals"
"501","2313856","33B6 1 1 WC","CLOSD","10501 Carolina Cherry Circle, New Kent VA 23140","23140","New Kent","Townhouse","07/27/2023","$314,950","$299,000","23","Resale (occupied at least once)","2009","Oakmont Villas","2,095","","3","2.1","Public Water","Sewer - Public","Cash","Individuals"
"501","2313854","760-753-8081.041","CLOSD","3109 North Parham Road #Unit41, Henrico VA 23294","23294","Henrico","Condominium","07/27/2023","$159,950","$170,000","5","Resale (occupied at least once)","1964","Westshire On Parham Condos","863","0.02","2","1.0","Public Water","Sewer - Public","Conventional","Individuals"
"501","2313760","762-68-64-56-000-000","CLOSD","4700 Valencia Place, Chesterfield VA 23832","23832","Chesterfield","Single Family Residence","07/27/2023","$280,000","$290,000","3","Resale (occupied at least once)","1984","Glen Wood","1,441","1.08","3","2.0","Public Water","Sewer - Public","Conventional","Individuals"
"501","2313730","729-70-62-62-000-000","CLOSD","13718 Village View Drive, Chesterfield VA 23114","23114","Chesterfield","Single Family Residence","07/27/2023","$349,900","$355,000","6","Resale (occupied at least once)","1999","Sycamore Village","1,506","0.11","3","2.1","Public Water","Sewer - Public","Conventional","Individuals"
"501","2313595","781-772-7826","CLOSD","4005 Tin Roof Way, Henrico VA 23059","23059","Henrico","Townhouse","07/27/2023","$445,000","$446,000","15","Resale (occupied at least once)","2019","River Mill","2,040","0.14","3","2.1","Public Water","Sewer - Public","Conventional","Individuals"
"501","2313558","788-745-4830","CLOSD","816 Willomett Avenue, Henrico VA 23227","23227","Henrico","Single Family Residence","07/27/2023","$225,000","$230,000","1","Resale (occupied at least once)","1976","Cherokee Place","1,224","0.26","3","1.1","Public Water","Sewer - Public","FHA New","Individuals"
"501","2313230","763-765-3636.030","CLOSD","3601 Corrotoman Road, Henrico VA 23060","23060","Henrico","Condominium","07/27/2023","$525,000","$532,500","8","Resale (occupied at least once)","2006","The Carriage Homes @ Crossridge","2,503","0.25","3","2.1","Public Water","Sewer - Public","Cash","Individuals"
"501","2313132","W000-1771-006","CLOSD","201 Reveille Street, Richmond City VA 23221","23221","Richmond City","Single Family Residence","07/27/2023","$595,000","$627,500","7","Resale (occupied at least once)","1955","None","1,931","0.25","5","3.0","Public Water","Sewer - Public","Conventional","Individuals"
"501","2312988","742-760-7138","CLOSD","2308 Liesfeld Pkwy, Henrico VA 23060","23060","Henrico","Townhouse","07/27/2023","$675,000","$675,000","10","Resale (occupied at least once)","2015","West Broad Village","2,828","0.03","4","4.1","Public Water","Sewer - Public","Conventional","Individuals"
"501","2312630","745-69-78-38-400-000","CLOSD","1010 Clearlake Road, Chesterfield VA 23236","23236","Chesterfield","Single Family Residence","07/27/2023","$330,000","$355,000","5","Resale (occupied at least once)","1970","Lake Crystal Farms","1,850","0.46","4","2.1","Public Water","Septic - Conventional","Conventional","Individuals"
"501","2312470","747-775-2898","CLOSD","11905 Simsbury Place, Henrico VA 23059","23059","Henrico","Single Family Residence","07/27/2023","$640,000","$648,000","21","Resale (occupied at least once)","1999","Wyndham Forest","2,922","0.28","4","2.1","Public Water","Sewer - Public","Conventional","Individuals"
"501","2311197","16-1-0-84-0","CLOSD","5497 Old Columbia Road, Goochland VA 23063","23063","Goochland","Single Family Residence","07/27/2023","$897,690","$805,000","26","Resale (occupied at least once)","2019","None","2,384","55.95","3","2.1","Well","Septic - Conventional","Conventional","Estate"
"501","2307449","7797-70-5918","CLOSD","10104 Peach Blossom Road, Hanover VA 23116","23116","Hanover","Single Family Residence","07/27/2023","$639,000","$635,000","58","Resale (occupied at least once)","2021","Honey Meadows","2,583","0.33","3","2.1","Public Water","Sewer - Public","Conventional","Individuals"
"501","2305084","780-774-4928","CLOSD","7010 Rivermere Lane, Henrico VA 23059","23059","Henrico","Single Family Residence","07/27/2023","$899,975","$921,272","75","New (never occupied)","2023","River Mill","3,665","0.36","5","4.0","Public Water","Sewer - Public","Conventional","Corporate"
"501","2303057","035-54F","CLOSD","2000 Cook Road, Powhatan VA 23139","23139","Powhatan","Single Family Residence","07/27/2023","$185,000","$155,000","75","Resale (occupied at least once)","1984","None","1,344","2.52","3","1.1","Well","Septic - Conventional","Conventional","Individuals"
"501","2233095","8743-20-2957","CLOSD","5306 Cold Harbor Road, Hanover VA 23111","23111","Hanover","Single Family Residence","07/27/2023","$260,000","$260,000","9","Resale (occupied at least once)","1950","None","1,088","7.17","2","1.0","Well","Septic - Conventional","Cash","Estate"
"501","2228970","762-65-70-13-900-000","CLOSD","10924 Waterfowl Flyway Court, Chesterfield VA 23838","23838","Chesterfield","Single Family Residence","07/27/2023","$602,950","$779,425","0","New (never occupied)","2022","The Highlands","3,455","","4","5.0","Public Water","Septic - Conventional","Conventional","Corporate"
"501","BRTVAHA2000464","7880-12-3231","CLOSD","19 Trotter Mill Close #Unit19, Hanover VA 23005","23005","Hanover","Townhouse","07/27/2023","$239,999","$260,000","1","Resale (occupied at least once)","1985","COTTAGE GREEN","1,428","0.03","3","2.0","Public Water","Public Sewer On Site","",""
"501","2301674","781671025200000","CLOSD","8525 Kingsland Park Drive, Chesterfield VA 23237","23237","Chesterfield","Single Family Residence","07/28/2023","$461,925","$474,770","0","New (never occupied)","2022","Kingsland Woods","2,851","","4","2.1","Public Water","Sewer - Public","Conventional","Corporate"
"501","2304181","713662899200000","CLOSD","16013 ROCKY FALLS Court, Chesterfield VA 23832","23832","Chesterfield","Single Family Residence","07/28/2023","$424,990","$434,905","8","New (never occupied)","2023","Harpers Mill","1,954","","3","3.0","Public Water","Sewer - Public","Conventional","Corporate"
"501","2227884","Not Yet Assigned","CLOSD","12109 Oxford Landing Drive #Unit203, Henrico VA 23059","23059","Henrico","Condominium","07/28/2023","$341,535","$341,535","176","New (never occupied)","2023","Twin Hickory","1,322","","1","1.1","Public Water","Sewer - Public","FHA New","Corporate"
"501","2313977","N000-1555-016","CLOSD","428 Hunt Avenue, Richmond City VA 23222","23222","Richmond City","Single Family Residence","07/28/2023","$227,500","$250,000","8","Resale (occupied at least once)","1922","Providence Park","1,148","0.09","2","1.1","Public Water","Sewer - Public","FHA New","Individuals"
"501","2313878","777-66-13-42-300-000","CLOSD","5917 Greenfinch Road, Chesterfield VA 23237","23237","Chesterfield","Single Family Residence","07/28/2023","$300,000","$310,000","13","Resale (occupied at least once)","1965","Hollyberry Hills","1,248","1.75","3","1.1","Well","Septic - Conventional","VA New","Individuals"
"501","2311054","N000-1554-020","CLOSD","414 Patrick Avenue, Richmond City VA 23222","23222","Richmond City","Single Family Residence","07/28/2023","$362,250","$362,500","53","New (never occupied)","2023","Providence Park","1,728","0.09","3","2.1","Public Water","Sewer - Public","VA New","Other"
"501","2308716","785-759-9990","CLOSD","637 McCormick Farm Drive, Henrico VA 23060","23060","Henrico","Townhouse","07/28/2023","$334,240","$329,240","12","New (never occupied)","2023","Retreat at One","1,470","","3","2.1","Public Water","Sewer - Public","Cash","Corporate"
"501","2315840","7778-19-0618","CLOSD","11451 Loving Drive, Hanover VA 23005","23005","Hanover","Single Family Residence","07/28/2023","$315,000","$319,000","5","Resale (occupied at least once)","1969","None","1,400","0.59","3","1.1","Well","Septic - Conventional","Conventional","Individuals"
"501","2307481","763-67-90-83-700-000","CLOSD","7920 Belmont Road, Chesterfield VA 23832","23832","Chesterfield","Single Family Residence","07/28/2023","$350,000","$360,000","19","Resale (occupied at least once)","1974","None","1,425","2.04","3","2.0","Well","Septic - Conventional","Conventional","Individuals"
"501","2306477","713-67-14-71-000-000","CLOSD","7033 Leire Drive, Chesterfield VA 23832","23832","Chesterfield","Townhouse","07/28/2023","$471,690","$451,190","20","New (never occupied)","2023","Cosby Village Townhomes","2,513","","3","2.1","Public Water","Sewer - Public","Conventional","Corporate"
"501","2233049","775-65-67-13-200-000","CLOSD","6548 Bolles Landing Court, Chesterfield VA 23831","23831","Chesterfield","Townhouse","07/28/2023","$336,310","$336,310","155","New (never occupied)","2023","IronBridge Townhomes","1,609","","3","2.1","Public Water","Sewer - Public","Conventional","Corporate"
"501","2232890","775-65-68-51-400-000","CLOSD","6525 Bolles Landing Court, Chesterfield VA 23831","23831","Chesterfield","Townhouse","07/28/2023","$323,410","$323,410","183","New (never occupied)","2023","IronBridge Townhomes","1,513","","3","2.1","Public Water","Sewer - Public","Conventional","Corporate"
"501","2305839","785-760-5709","CLOSD","8845 Foxway Ridge Lane, Henrico VA 23060","23060","Henrico","Townhouse","07/28/2023","$407,395","$402,395","28","New (never occupied)","2023","Retreat at One","2,174","","3","2.2","Public Water","Sewer - Public","Conventional","Corporate"
"501","2305690","812-718-235","CLOSD","3388 Dewsberry Lane #UnitB-2, Henrico VA 23231","23231","Henrico","Townhouse","07/28/2023","$300,830","$300,830","0","New (never occupied)","2023","Village at Millers Lane","1,525","","3","2.1","Public Water","Sewer - Public","Conventional","Corporate"
"501","2312705","37-128","CLOSD","10113 Barnetts Road, Charles City County VA 23030","23030","Charles City County","Single Family Residence","07/28/2023","$274,950","$278,000","11","Resale (occupied at least once)","1985","None","1,444","2.00","3","2.0","Well","Septic - Conventional","USDA","Individuals"
"501","2301688","771683340100000","CLOSD","6143 Bison Ford Drive, Chesterfield VA 23234","23234","Chesterfield","Single Family Residence","07/28/2023","$401,030","$401,030","0","New (never occupied)","2022","Jessup Meadows","2,204","","4","2.1","Public Water","Sewer - Public","Conventional","Corporate"
"501","2313171","796-66-53-51-400-000","CLOSD","10371 Ramona Avenue, Chesterfield VA 23237","23237","Chesterfield","Single Family Residence","07/28/2023","$270,000","$277,500","3","Resale (occupied at least once)","2019","Halfway House Heights","1,204","0.22","3","2.0","Public Water","Sewer - Public","FHA New","Individuals"
"501","2313740","730-65-07-15-600-000","CLOSD","13434 Carters Creek Court, Chesterfield VA 23838","23838","Chesterfield","Single Family Residence","07/28/2023","$454,900","$460,000","17","Resale (occupied at least once)","1994","Carters Mill","2,306","0.93","4","2.1","Public Water","Septic - Conventional","VA New","Individuals"
"501","2314379","824-722-7599","CLOSD","19 North Pine Avenue, Henrico VA 23075","23075","Henrico","Single Family Residence","07/28/2023","$210,000","$205,000","5","Resale (occupied at least once)","1977","Highland Springs","980","0.16","3","1.0","Public Water","Sewer - Public","Conventional","Individuals"
"501","2227880","Not Yet Assigned","CLOSD","12109 Oxford Landing Drive #Unit201, Henrico VA 23059","23059","Henrico","Condominium","07/28/2023","$371,925","$371,925","100","New (never occupied)","2023","Twin Hickory","1,509","","2","2.0","Public Water","Sewer - Public","FHA New","Corporate"
"501","2315574","029A-1E-6","CLOSD","2221 Kiowa Drive, Powhatan VA 23139","23139","Powhatan","Single Family Residence","07/28/2023","$314,950","$314,950","6","Resale (occupied at least once)","2011","Lake Shawnee","1,188","1.46","3","2.0","Well","Septic - Conventional","Conventional","Individuals"
"501","2315120","728-67-05-45-800-000","CLOSD","7206 Buck Rub Place, Chesterfield VA 23112","23112","Chesterfield","Single Family Residence","07/28/2023","$299,000","$299,000","11","Resale (occupied at least once)","1990","Deer Run","1,874","0.44","3","2.0","Public Water","Sewer - Public","FHA New","Individuals"
"501","2312750","785-64-27-18-100-000","CLOSD","5213 Beachmere Terrace, Chesterfield VA 23831","23831","Chesterfield","Single Family Residence","07/28/2023","$495,000","$480,000","24","Resale (occupied at least once)","2010","Stoney Glen South","3,252","0.55","4","2.1","Public Water","Sewer - Public","Conventional","Individuals"
"501","2311270","821-722-9283","CLOSD","206 South Kalmia Avenue, Henrico VA 23075","23075","Henrico","Single Family Residence","07/28/2023","$265,000","$265,000","31","Resale (occupied at least once)","1950","Highland Springs","1,428","0.57","4","1.1","Public Water","Sewer - Public","Conventional","Corporate"
"501","2305628","785-757-8392","CLOSD","8287 Scott Commons Drive, Henrico VA 23227","23227","Henrico","Townhouse","07/28/2023","$389,990","$389,990","3","New (never occupied)","2023","Glens at Scott Place","1,763","0.08","3","2.1","Public Water","Sewer - Public","Conventional","Corporate"
"501","2314443","735-66-52-27-600-000","CLOSD","12860 Singer Road, Chesterfield VA 23112","23112","Chesterfield","Single Family Residence","07/28/2023","$342,500","$342,500","6","Resale (occupied at least once)","1972","Clover Hill Farms","1,425","1.10","3","1.1","Well","Septic - Conventional","FHA New","Partnership"
"501","2315271","817-710-6944","CLOSD","5509 Coxson Road, Henrico VA 23231","23231","Henrico","Single Family Residence","07/28/2023","$299,000","$299,000","7","Resale (occupied at least once)","1958","Robinwood","2,257","0.35","3","1.1","Public Water","Sewer - Public","Conventional","Individuals"
"501","2312864","019B-1-14","CLOSD","3001 St Marys Way, Powhatan VA 23139","23139","Powhatan","Single Family Residence","07/28/2023","$850,000","$850,000","17","Resale (occupied at least once)","1993","St. Marys","4,484","4.15","5","3.1","Well","Septic - Conventional","Conventional","Individuals"
"501","2306575","790-67-06-01-100-000","CLOSD","9213 Carswell Street, Chesterfield VA 23237","23237","Chesterfield","Single Family Residence","07/28/2023","$360,000","$360,000","5","Resale (occupied at least once)","2018","Oak Dale","2,112","0.21","3","2.1","Public Water","Sewer - Public","FHA New","Individuals"
"501","2314663","761-68-60-85-300-000","CLOSD","4600 Cordova Lane, Chesterfield VA 23832","23832","Chesterfield","Single Family Residence","07/28/2023","$314,900","$325,000","5","Resale (occupied at least once)","1977","Glen Wood","1,833","0.29","3","2.1","Public Water","Sewer - Public","Conventional","Individuals"
"501","2314519","724-67-48-65-900-000","CLOSD","5805 Bayport Landing Court, Chesterfield VA 23112","23112","Chesterfield","Single Family Residence","07/28/2023","$425,000","$395,000","9","Resale (occupied at least once)","1997","Bayport Landing","1,722","0.17","3","2.1","Public Water","Sewer - Public","VA New","Individuals"
"501","2314762","Patriots Landing","CLOSD","2421 Prince Andrew Court #Unit23, New Kent VA 23141","23141","New Kent","Condominium","07/28/2023","$285,000","$280,000","13","Resale (occupied at least once)","2008","Patriots Landing","1,709","","3","2.1","Public Water","Sewer - Public","FHA New","Individuals"
"501","2231209","N0000676001","CLOSD","1041 North Lombardy Street #UnitB, Richmond City VA 23220","23220","Richmond City","Condominium","07/28/2023","$549,990","$541,990","22","New (never occupied)","2022","Carver Square","2,345","","3","2.1","Public Water","Sewer - Public","Conventional","Corporate"
"501","2316347","746-70-25-57-400-000","CLOSD","213 Monath Road, Chesterfield VA 23236","23236","Chesterfield","Single Family Residence","07/28/2023","$295,000","$330,000","4","Resale (occupied at least once)","1979","Briarcliff Section 2","1,752","0.20","3","2.1","Public Water","Sewer - Public","Cash","Individuals"
"501","2316306","767-65-16-06-200-000","CLOSD","11136 Sterling Cove Drive, Chesterfield VA 23838","23838","Chesterfield","Single Family Residence","07/28/2023","$587,000","$587,000","3","Resale (occupied at least once)","2002","The Highlands","3,464","2.14","4","2.1","Public Water","Septic - Conventional","Conventional","Individuals"
"501","2316184","W000-1458-015","CLOSD","108 North Auburn Avenue, Richmond City VA 23221","23221","Richmond City","Single Family Residence","07/28/2023","$499,900","$585,000","1","Resale (occupied at least once)","1923","None","1,678","0.05","3","1.1","Public Water","Sewer - Public","Cash","Individuals"
"501","2316177","786-67-13-62-100-000","CLOSD","3601 Birchs Bluff Road, Chesterfield VA 23237","23237","Chesterfield","Single Family Residence","07/28/2023","$385,000","$396,000","3","Resale (occupied at least once)","2014","Branchs Bluff","2,384","0.21","4","2.1","Public Water","Sewer - Public","Conventional","Individuals"
"501","2316091","W000-0167-018","CLOSD","414 South Laurel Street, Richmond City VA 23220","23220","Richmond City","Single Family Residence","07/28/2023","$384,995","$403,500","2","Resale (occupied at least once)","1900","None","1,296","0.07","3","2.1","Public Water","Sewer - Public","Cash","Individuals"
"501","2315900","806-732-5981","CLOSD","3208 Hunters Mill Court, Henrico VA 23223","23223","Henrico","Townhouse","07/28/2023","$149,950","$166,000","11","Resale (occupied at least once)","1976","Hunters Mill Townhouses","1,254","0.05","3","1.1","Public Water","Sewer - Public","Cash","Individuals"
"501","2315884","714-68-03-23-100-000","CLOSD","15718 Fox Marsh Drive, Chesterfield VA 23120","23120","Chesterfield","Single Family Residence","07/28/2023","$680,000","$730,000","0","Resale (occupied at least once)","1998","Foxfire","5,144","0.35","5","4.1","Public Water","Sewer - Public","Conventional","Individuals"
"501","2315634","762-744-8871","CLOSD","1621 Foster Road, Henrico VA 23226","23226","Henrico","Single Family Residence","07/28/2023","$250,000","$250,000","5","Resale (occupied at least once)","1954","Berkshire Park","925","0.28","2","1.0","Public Water","Sewer - Public","Conventional","Individuals"
"501","2315587","756-749-0640","CLOSD","8401 Bronwood Road, Henrico VA 23229","23229","Henrico","Single Family Residence","07/28/2023","$374,900","$400,000","7","Resale (occupied at least once)","1958","Parham Hills","1,508","0.49","3","2.0","Public Water","Sewer - Public","Cash","Individuals"
"501","2315568","750-746-1295","CLOSD","66 Dehaven Drive, Henrico VA 23238","23238","Henrico","Townhouse","07/28/2023","$250,000","$260,000","4","Resale (occupied at least once)","1979","Pemberton Townhouse","1,178","0.04","3","1.2","Public Water","Sewer - Public","FHA New","Individuals"
"501","2315359","810-719-4075","CLOSD","907 Grayfox Circle, Henrico VA 23223","23223","Henrico","Townhouse","07/28/2023","$214,990","$222,500","3","Resale (occupied at least once)","1993","Foxhill","1,320","0.04","3","1.1","Public Water","Sewer - Public","FHA New","Individuals"
"501","2315290","774-66-91-48-400-000","CLOSD","6242 Hunterstand Lane, Chesterfield VA 23237","23237","Chesterfield","Single Family Residence","07/28/2023","$280,000","$285,000","5","Resale (occupied at least once)","1981","Huntingcreek Hills","1,056","0.25","3","2.0","Public Water","Sewer - Public","FHA New","Corporate"
"501","2315282","E000-0001-052","CLOSD","1101 Haxall Point #UnitU414, Richmond City VA 23219","23219","Richmond City","Condominium","07/28/2023","$445,000","$439,000","10","Resale (occupied at least once)","2005","Riverside On The James","1,243","","2","2.0","Public Water","Sewer - Public","Conventional","Individuals"
"501","2315281","E000-0883-022","CLOSD","517 North 33rd Street, Richmond City VA 23223","23223","Richmond City","Single Family Residence","07/28/2023","$429,995","$516,000","6","Resale (occupied at least once)","1910","None","1,658","0.07","3","2.1","Public Water","Sewer - Public","VA New","Individuals"
"501","2315070","727-68-85-14-200-046","CLOSD","2972 Woodbridge Crossing Drive, Chesterfield VA 23112","23112","Chesterfield","Condominium","07/28/2023","$285,000","$280,000","11","Resale (occupied at least once)","1986","Woodbridge Crossing","1,544","9.02","3","2.0","Public Water","Sewer - Public","Conventional","Individuals"
"501","2315021","748-71-49-03-400-000","CLOSD","10401 Colony Trace Drive, Chesterfield VA 23235","23235","Chesterfield","Single Family Residence","07/28/2023","$499,900","$510,000","6","Resale (occupied at least once)","1991","North Settlers Landing","2,576","0.24","5","2.1","Public Water","Sewer - Public","Conventional","Individuals"
"501","2314986","W000-0168-005","CLOSD","302 South Pine Street, Richmond City VA 23220","23220","Richmond City","Single Family Residence","07/28/2023","$365,000","$365,000","10","Resale (occupied at least once)","1910","None","1,065","0.06","3","1.1","Public Water","Sewer - Public","Conventional","Individuals"
"501","2314951","799-64-70-81-100-000","CLOSD","14019 Laketree Drive, Chesterfield VA 23831","23831","Chesterfield","Single Family Residence","07/28/2023","$342,000","$354,000","4","Resale (occupied at least once)","2021","Forest Lake","1,800","0.28","3","2.1","Public Water","Sewer - Public","Conventional","Individuals"
"501","2314680","780-752-3235","CLOSD","7506 South Pinehill Drive, Henrico VA 23228","23228","Henrico","Single Family Residence","07/28/2023","$475,000","$560,000","6","Resale (occupied at least once)","1964","Lakewood","3,536","0.56","4","3.0","Public Water","Sewer - Public","Cash","Individuals"
"501","2314500","G20-0282-1034","CLOSD","10446 Virginia Rail Terrace, New Kent VA 23140","23140","New Kent","Single Family Residence","07/28/2023","$525,000","$557,500","3","Resale (occupied at least once)","2007","Brickshire","3,304","","5","3.1","Public Water","Sewer - Public","Cash","Individuals"
"501","2314480","7841-60-8714","CLOSD","14331 Greenwood Church Road, Hanover VA 23192","23192","Hanover","Single Family Residence","07/28/2023","$499,950","$485,000","18","Resale (occupied at least once)","2017","The Hollows","2,659","2.89","3","2.1","Well","Septic - Conventional","Conventional","Individuals"
"501","2314448","774-66-88-66-000-000","CLOSD","6038 Deerwater Court, Chesterfield VA 23237","23237","Chesterfield","Single Family Residence","07/28/2023","$225,000","$225,000","0","Resale (occupied at least once)","1980","Huntingcreek Hills","1,056","0.24","3","1.0","Public Water","Sewer - Public","FHA New","Estate"
"501","2314424","757-69-20-92-300-000","CLOSD","8706 Ewes Court, Chesterfield VA 23236","23236","Chesterfield","Single Family Residence","07/28/2023","$325,000","$340,000","7","Resale (occupied at least once)","1987","Bexley Cosmopolitan","1,460","0.22","3","2.0","Public Water","Sewer - Public","Conventional","Individuals"
"501","2314376","784-748-3238.071","CLOSD","5912 Laurel Bed Lane #UnitA, Henrico VA 23227","23227","Henrico","Condominium","07/28/2023","$319,000","$319,000","2","Resale (occupied at least once)","2020","Lakeside Landing","1,524","","3","2.1","Public Water","Sewer - Public","Conventional","Individuals"
"501","2314297","788-765-6269","CLOSD","620 Virginia Center Parkway, Henrico VA 23059","23059","Henrico","Single Family Residence","07/28/2023","$450,000","$465,000","5","Resale (occupied at least once)","1999","Cross Point","2,102","0.29","3","3.0","Public Water","Sewer - Public","Conventional","Other"
"501","2314290","780-747-0607","CLOSD","2310 Martin Street, Henrico VA 23228","23228","Henrico","Single Family Residence","07/28/2023","$294,000","$294,000","24","Resale (occupied at least once)","1959","Park View","981","0.12","3","1.0","Public Water","Sewer - Public","FHA New","Corporate"
"501","2314213","758-746-8350","CLOSD","7906 Lycoming Road, Henrico VA 23229","23229","Henrico","Single Family Residence","07/28/2023","$364,950","$432,000","2","Resale (occupied at least once)","1962","Riohondo Hills","3,204","0.35","3","2.2","Public Water","Sewer - Public","Conventional","Estate"
"501","2314124","731-66-90-66-400-000","CLOSD","7305 Cannonade Court, Chesterfield VA 23112","23112","Chesterfield","Single Family Residence","07/28/2023","$328,500","$340,000","3","Resale (occupied at least once)","1991","Deer Run","1,752","0.32","3","2.1","Public Water","Sewer - Public","Conventional","Individuals"
"501","2314059","815-695-5872","CLOSD","2540 Yarnell Road, Henrico VA 23231","23231","Henrico","Single Family Residence","07/28/2023","$389,900","$392,000","8","Resale (occupied at least once)","1980","None","1,768","3.00","3","2.0","Well","Septic - Conventional","Conventional","Individuals"
"501","2314056","771-749-5634","CLOSD","7302 Birch Point Drive, Henrico VA 23228","23228","Henrico","Townhouse","07/28/2023","$370,000","$375,000","1","Resale (occupied at least once)","2007","Glenside Woods","2,106","0.06","3","2.1","Public Water","Sewer - Public","Conventional","Individuals"
"501","2313991","012-41R","CLOSD","5890 Wilburn Estates Court, Powhatan VA 23139","23139","Powhatan","Single Family Residence","07/28/2023","$429,950","$422,500","17","Resale (occupied at least once)","2017","Powhatan","2,087","2.01","3","2.1","Well","Septic - Conventional","Conventional","Individuals"
"501","2313979","753-743-6118","CLOSD","1314 St Michaels Lane, Henrico VA 23229","23229","Henrico","Single Family Residence","07/28/2023","$349,999","$350,000","15","Resale (occupied at least once)","1950","Ridgecrest","1,227","0.35","3","2.0","Public Water","Sewer - Public","Conventional","Individuals"
"501","2313965","8735-05-2545","CLOSD","5981 Dugout Terrace, Hanover VA 23111","23111","Hanover","Single Family Residence","07/28/2023","$299,950","$333,000","4","Resale (occupied at least once)","1993","Battlefield Green","1,388","0.15","3","2.1","Public Water","Sewer - Public","Cash","Individuals"
"501","2313888","W019-0309-004","CLOSD","4406 South Ashlawn Drive, Richmond City VA 23221","23221","Richmond City","Single Family Residence","07/28/2023","$449,950","$470,000","4","Resale (occupied at least once)","1946","Willetta Place","1,367","0.15","3","1.1","Public Water","Sewer - Public","Cash","Individuals"
"501","2313742","027A-1-48","CLOSD","3416 Richards Run, Powhatan VA 23139","23139","Powhatan","Single Family Residence","07/28/2023","$698,500","$660,000","14","New (never occupied)","2023","Branchway Forest","3,179","3.81","4","3.1","Well","Septic - Conventional","Cash","Corporate"
"501","2313713","755-736-4607","CLOSD","346 Ziontown Road, Henrico VA 23229","23229","Henrico","Single Family Residence","07/28/2023","$1,100,000","$1,236,000","7","Resale (occupied at least once)","2014","None","4,811","0.59","6","5.1","Public Water","Sewer - Public","Cash","Individuals"
"501","2313636","856-711-2328","CLOSD","4806 Monaco Drive, Henrico VA 23150","23150","Henrico","Single Family Residence","07/28/2023","$375,000","$363,000","7","Resale (occupied at least once)","1977","Windsor","1,857","1.73","3","2.0","Well","Septic - Conventional","Conventional","Individuals"
"501","2313617","750-743-8573","CLOSD","1228 Blue Jay Lane, Henrico VA 23229","23229","Henrico","Single Family Residence","07/28/2023","$367,000","$375,000","3","Resale (occupied at least once)","1956","Greenbrier Hills","1,472","","4","2.0","Public Water","Sewer - Public","Conventional","Individuals"
"501","2313594","015-8-4","CLOSD","4387 Three Bridge Road, Powhatan VA 23139","23139","Powhatan","Single Family Residence","07/28/2023","$549,950","$565,000","4","Resale (occupied at least once)","1994","Pine Wood Estates","2,683","2.10","3","3.1","Well","Septic - Conventional","Conventional","Individuals"
"501","2313382","825-725-0430","CLOSD","220 North Kalmia Avenue, Henrico VA 23075","23075","Henrico","Single Family Residence","07/28/2023","$244,900","$252,000","7","Resale (occupied at least once)","1979","Highland Springs","952","0.13","3","1.1","Public Water","Sewer - Public","FHA New","Individuals"
"501","2313231","N000-0376-007","CLOSD","212 Minor Street, Richmond City VA 23222","23222","Richmond City","Single Family Residence","07/28/2023","$225,000","$205,000","32","Resale (occupied at least once)","1961","Barton Heights","1,142","0.10","3","1.0","Public Water","Sewer - Public","Conventional","Individuals"
"501","2313059","794-63-20-12-600-000","CLOSD","15936 Searchlight Court, Chesterfield VA 23831","23831","Chesterfield","Single Family Residence","07/28/2023","$325,000","$325,000","19","Resale (occupied at least once)","2003","Harrowgate Place","1,626","0.23","3","2.0","Public Water","Sewer - Public","Conventional","Individuals"
"501","2313037","8725-35-9854","CLOSD","6308 Midnight Drive, Hanover VA 23111","23111","Hanover","Single Family Residence","07/28/2023","$290,000","$315,000","2","Resale (occupied at least once)","1986","Fieldshire","1,232","0.35","3","2.0","Public Water","Sewer - Public","FHA New","Individuals"
"501","2312844","740-750-8101","CLOSD","2016 Old Prescott Court, Henrico VA 23238","23238","Henrico","Single Family Residence","07/28/2023","$710,400","$690,000","16","Resale (occupied at least once)","1995","Prescott","3,409","0.28","5","2.1","Public Water","Sewer - Public","Cash","Individuals"
"501","2312793","732-71-76-11-500-000","CLOSD","12850 Framar Drive, Chesterfield VA 23113","23113","Chesterfield","Single Family Residence","07/28/2023","$600,000","$675,000","11","Resale (occupied at least once)","1994","Roxshire","2,892","0.64","4","2.1","Public Water","Sewer - Public","Conventional","Individuals"
"501","2312674","103841","CLOSD","3712 Virginia Rail Drive, New Kent VA 23140","23140","New Kent","Single Family Residence","07/28/2023","$509,000","$509,000","23","Resale (occupied at least once)","2008","Brickshire","3,316","0.56","5","3.1","Public Water","Sewer - Public","FHA New","Individuals"
"501","2312673","712-67-36-98-900-000","CLOSD","6418 Rivershook Terrace, Chesterfield VA 23120","23120","Chesterfield","Single Family Residence","07/28/2023","$825,000","$825,000","30","Resale (occupied at least once)","2008","Foxcreek","5,365","0.48","5","4.1","Public Water","Sewer - Public","Cash","Relocation"
"501","2312663","709-68-29-62-300-000","CLOSD","16618 Cabrio Place, Chesterfield VA 23120","23120","Chesterfield","Single Family Residence","07/28/2023","$517,000","$518,000","7","Resale (occupied at least once)","2019","Westerleigh","1,978","0.21","3","2.0","Public Water","Sewer - Public","Conventional","Individuals"
"501","2312435","747-70-87-59-100-000","CLOSD","902 Sturbridge Drive, Chesterfield VA 23236","23236","Chesterfield","Townhouse","07/28/2023","$209,950","$216,000","4","Resale (occupied at least once)","1973","Sturbridge Village","1,260","0.05","3","1.1","Public Water","Sewer - Public","Conventional","Individuals"
"501","2312423","S000-0685-039","CLOSD","25 West Clopton Street, Richmond City VA 23225","23225","Richmond City","Single Family Residence","07/28/2023","$249,900","$255,000","37","Resale (occupied at least once)","2022","Ted Patrick Subdivision","1,335","0.08","3","1.1","Public Water","Sewer - Public","Conventional","Individuals"
"501","2312400","W000-0453-019","CLOSD","1106 Floyd Avenue, Richmond City VA 23220","23220","Richmond City","Single Family Residence","07/28/2023","$875,000","$860,000","41","Resale (occupied at least once)","1920","None","3,226","0.07","4","2.1","Public Water","Sewer - Public","Conventional","Individuals"
"501","2312351","747-68-20-15-400-000","CLOSD","10742 Braden Parke Drive, Chesterfield VA 23832","23832","Chesterfield","Townhouse","07/28/2023","$349,900","$375,000","8","Resale (occupied at least once)","2018","Braden Townes","1,721","0.07","3","2.1","Public Water","Sewer - Public","Conventional","Individuals"
"501","2312268","793-64-96-81-100-000","CLOSD","12912 Middlebrook Road, Chesterfield VA 23831","23831","Chesterfield","Single Family Residence","07/28/2023","$345,000","$376,000","2","Resale (occupied at least once)","1972","Hidden Valley Estates","2,604","0.36","5","2.1","Public Water","Sewer - Public","FHA New","Individuals"
"501","2312253","733-750-6635","CLOSD","12403 Locustgrove Road, Henrico VA 23238","23238","Henrico","Single Family Residence","07/28/2023","$340,000","$362,000","3","Resale (occupied at least once)","1983","Heritage Oaks","1,614","0.20","3","2.0","Public Water","Sewer - Public","Conventional","Individuals"
"501","2311506","761-737-8375","CLOSD","506 Gardiner Road, Henrico VA 23229","23229","Henrico","Single Family Residence","07/28/2023","$775,000","$856,000","8","Resale (occupied at least once)","1955","College Hills","3,266","0.34","5","3.0","Public Water","Sewer - Public","Cash","Individuals"
"501","2310785","800-737-8710","CLOSD","3917 Arden Road, Henrico VA 23222","23222","Henrico","Single Family Residence","07/28/2023","$169,950","$180,000","5","Resale (occupied at least once)","1950","Laburnum Heights","720","0.17","2","1.0","Public Water","Sewer - Public","FHA New","Individuals"
"501","2309483","018-23G","CLOSD","2488 Three Bridge Road, Powhatan VA 23139","23139","Powhatan","Single Family Residence","07/28/2023","$345,000","$345,000","3","Resale (occupied at least once)","1974","None","2,373","0.99","4","3.1","Well","Septic - Conventional","Conventional","Individuals"
"501","2309181","7890-93-1496","CLOSD","9351 John Wickham Way, Hanover VA 23005","23005","Hanover","Single Family Residence","07/28/2023","$845,000","$800,000","56","Resale (occupied at least once)","2018","Hickory Hill","3,916","1.62","5","4.0","Well","Septic - Conventional","Conventional","Individuals"
"501","2309143","785-69-40-90-800-000","CLOSD","3223 Walmsley Boulevard, Chesterfield VA 23234","23234","Chesterfield","Single Family Residence","07/28/2023","$243,000","$243,500","9","Resale (occupied at least once)","1945","Ampthill Heights","1,226","0.17","3","1.1","Public Water","Sewer - Public","FHA New","Individuals"
"501","2307980","N0000596012","CLOSD","308 Overbrook Road, Richmond City VA 23222","23222","Richmond City","Single Family Residence","07/28/2023","$669,995","$677,000","36","Resale (occupied at least once)","1928","Battery Court Addition","3,260","0.16","4","4.1","Public Water","Sewer - Public","Conventional","Corporate"
"501","2307953","052-8-1","CLOSD","1108 Schroeder Road, Powhatan VA 23139","23139","Powhatan","Single Family Residence","07/28/2023","$400,000","$375,000","49","Resale (occupied at least once)","2023","None","1,100","2.00","3","2.0","Well","Septic - Conventional","Conventional","Individuals"
"501","2306849","744-765-7578","CLOSD","4628 Allenbend Road, Henrico VA 23060","23060","Henrico","Single Family Residence","07/28/2023","$725,000","$705,000","23","Resale (occupied at least once)","2011","Crawford Park At Greenbrooke Section A","3,292","0.29","5","3.1","Public Water","Sewer - Public","Cash","Individuals"
"501","2304765","75168744750000","CLOSD","4136 Ambergrove Avenue, Chesterfield VA 23236","23236","Chesterfield","Townhouse","07/28/2023","$541,820","$541,820","2","New (never occupied)","2023","Amberleigh","1,905","","3","2.0","Public Water","Sewer - Public","Cash","Corporate"
"501","2301426","33B13 82N 59","CLOSD","11594 Rock Wren Court, New Kent VA 23140","23140","New Kent","Single Family Residence","07/28/2023","$679,950","$725,217","43","New (never occupied)","2023","Brickshire","3,498","","5","3.0","Public Water","Sewer - Public","Cash","Corporate"
"501","2227860","762-65-72-41-100-000","CLOSD","8548 Waterfowl Flyway, Chesterfield VA 23838","23838","Chesterfield","Single Family Residence","07/28/2023","$575,950","$646,860","0","New (never occupied)","2022","The Highlands","2,809","","4","3.0","Public Water","Septic - Conventional","Conventional","Corporate"
"501","2136661","729-759-8686","CLOSD","12900 Holmbank Lane, Henrico VA 23233","23233","Henrico","Single Family Residence","07/28/2023","$1,119,000","$1,177,239","0","New (never occupied)","2021","Foxhall","3,377","0.53","4","3.1","Public Water","Sewer - Public","Conventional","Individuals"
"501","2117053","016A-5-15","CLOSD","3510 Mill Mount Trail, Powhatan VA 23139","23139","Powhatan","Single Family Residence","07/28/2023","$629,900","$1,258,305","253","New (never occupied)","2022","Westlake At Mill Mount","2,987","2.24","4","3.0","Well","Septic - Conventional","Conventional","Corporate"
"501","BRTVAHA2000448","7890-93-1496","CLOSD","9351 John Wickham Way, Hanover VA 23005","23005","Hanover","Single Family Residence","07/28/2023","$845,000","$800,000","34","Resale (occupied at least once)","2018","NONE AVAILABLE","3,916","1.62","5","4.0","Well","","",""
"501","REIN10493423","786-67-13-62-100-000","CLOSD","3601 Birchs Bluff Road, Chesterfield VA 23237","23237","Chesterfield","Single Family Residence","07/28/2023","$385,000","$396,000","2","Resale (occupied at least once)","2014","ALL OTHERS AREA 143","2,384","","4","3.0","Public Water","Public Sewer On Site","",""
"501","REIN10490843","G20-0282-1034","CLOSD","10446 Virginia Rail Terrace, New Kent VA 23140","23140","New Kent","Single Family Residence","07/28/2023","$525,000","$557,500","2","Resale (occupied at least once)","2006","BRICKSHIRE","3,304","","5","4.0","Public Water","Public Sewer On Site","",""
"501","REIN10488062","103841","CLOSD","3712 Virgina Rail Drive, New Kent VA 23140","23140","New Kent","Single Family Residence","07/28/2023","$509,000","$509,000","22","Resale (occupied at least once)","2008","BROWNS","3,316","","5","4.0","Public Water","Public Sewer On Site","",""
"501","REIN10483839","36-84","CLOSD","10241 Kimages Road, Charles City County VA 23030","23030","Charles City County","Single Family Residence","07/28/2023","$269,900","$263,000","62","Resale (occupied at least once)","1956","ALL OTHERS AREA 142","1,568","3.02","3","1.0","Public Water, Well","Septic","",""
"501","2313826","769676766500000","CLOSD","7013 Cogburn Terrace, Chesterfield VA 23234","23234","Chesterfield","Single Family Residence","07/28/2023","$484,910","$484,910","7","New (never occupied)","2022","Watermark","2,511","","5","3.0","Public Water","Sewer - Public","VA New","Corporate"
"501","2311570","714-66-45-81-900-000","CLOSD","15807 Beyer Place, Chesterfield VA 23832","23832","Chesterfield","Single Family Residence","07/30/2023","$559,999","$555,000","34","Resale (occupied at least once)","2017","Harpers Mill","2,972","0.32","5","4.0","Public Water","Sewer - Public","Conventional","Individuals"
"501","2312165","W022-0298-007","CLOSD","405 Old Locke Lane, Richmond City VA 23226","23226","Richmond City","Single Family Residence","07/31/2023","$3,125,000","$3,000,000","10","Resale (occupied at least once)","2004","None","6,441","0.72","5","3.2","Public Water","Sewer - Public","Conventional","Other"
"501","2301793","780669265600000","CLOSD","8701 Nakoda Terrace, Chesterfield VA 23237","23237","Chesterfield","Single Family Residence","07/31/2023","$451,655","$444,970","0","New (never occupied)","2022","Kingsland Woods","2,423","","4","2.1","Public Water","Sewer - Public","Conventional","Corporate"
"501","2301589","825659006200000","CLOSD","12249 Downrigger Drive, Chesterfield VA 23836","23836","Chesterfield","Single Family Residence","07/31/2023","$494,950","$524,000","0","New (never occupied)","2023","Twin Rivers","2,084","","3","3.0","Public Water","Sewer - Public","FHA New","Corporate"
"501","2232951","771682317100000","CLOSD","6166 Bison Ford Drive, Chesterfield VA 23234","23234","Chesterfield","Single Family Residence","07/31/2023","$396,535","$396,535","0","New (never occupied)","2022","Jessup Meadows","2,203","","4","2.1","Public Water","Sewer - Public","Conventional","Corporate"
"501","2232264","759643742700000","CLOSD","8831 Mckibben Drive, Chesterfield VA 23838","23838","Chesterfield","Single Family Residence","07/31/2023","$627,000","$626,985","0","New (never occupied)","2022","Lake Margaret","4,114","","5","4.0","Public Water","Sewer - Public","Conventional","Corporate"
"501","2302800","731-66-22-17-700-000","CLOSD","12907 Craftsbury Mews, Chesterfield VA 23112","23112","Chesterfield","Single Family Residence","07/31/2023","$514,950","$510,740","92","New (never occupied)","2023","Collington East","2,247","","5","3.0","Public Water","Sewer - Public","Conventional","Corporate"
"501","2226448","016B-4G-18","CLOSD","3415 Brimington Place, Powhatan VA 23139","23139","Powhatan","Single Family Residence","07/31/2023","$689,950","$817,049","0","New (never occupied)","2023","Tilmans Farm","3,103","3.54","4","3.1","Community Well","Septic - Conventional","Conventional","Corporate"
"501","2311786","S000-0302-024","CLOSD","519 West 20th Street, Richmond City VA 23225","23225","Richmond City","Single Family Residence","07/31/2023","$389,000","$378,000","25","Resale (occupied at least once)","1910","None","1,478","0.09","3","1.0","Public Water","Sewer - Public","FHA New","Individuals"
"501","2314546","764-61-03-22-300-000","CLOSD","20018 Oak River Drive, Chesterfield VA 23803","23803","Chesterfield","Single Family Residence","07/31/2023","$365,000","$360,000","6","Resale (occupied at least once)","1995","Eagle Cove","2,152","1.34","4","2.1","Public Water","Septic - Conventional","VA New","Individuals"
"501","2313198","33B6 1 1 YC","CLOSD","10504 Carolina Cherry Circle, New Kent VA 23140","23140","New Kent","Townhouse","07/31/2023","$320,000","$320,000","14","Resale (occupied at least once)","2011","Oakmont Villas","2,104","","3","2.1","Public Water","Sewer - Public","Conventional","Individuals"
"501","2310565","791-63-96-99-200-000","CLOSD","4513 Tosh Lane, Chesterfield VA 23831","23831","Chesterfield","Single Family Residence","07/31/2023","$429,900","$429,900","21","Resale (occupied at least once)","2010","Greenbriar","2,740","0.27","4","2.1","Public Water","Sewer - Public","VA New","Individuals"
"501","2231974","J13-2183-3592","CLOSD","7477 Southamptonshire Way, New Kent VA 23124","23124","New Kent","Single Family Residence","07/31/2023","$372,665","$372,665","0","New (never occupied)","2022","Lifestyle at Four Seasons","1,696","","3","2.0","Public Water","Sewer - Public","Conventional","Corporate"
"501","2315067","TBD","CLOSD","632 McCormick Farm Drive, Henrico VA 23060","23060","Henrico","Townhouse","07/31/2023","$399,145","$399,145","17","New (never occupied)","2023","Retreat at One","2,174","","3","2.2","Public Water","Sewer - Public","Conventional","Corporate"
"501","2304780","730-765-6315","CLOSD","542 Greybull Walk #UnitB, Henrico VA 23233","23233","Henrico","Condominium","07/31/2023","$499,085","$489,000","119","New (never occupied)","2023","Gateway Square","2,451","","3","2.1","Public Water","Sewer - Public","Conventional","Corporate"
"501","2313925","806-716-7836","CLOSD","2402 Parrish Street, Henrico VA 23231","23231","Henrico","Single Family Residence","07/31/2023","$215,000","$220,000","5","Resale (occupied at least once)","1950","Kings Hill","936","0.18","2","1.0","Public Water","Sewer - Public","FHA New","Individuals"
"501","2305694","812-718-2558.","CLOSD","3390 Dewsberry Lane #UnitB-3, Henrico VA 23231","23231","Henrico","Townhouse","07/31/2023","$290,590","$290,590","0","New (never occupied)","2023","Village at Millers Lane","1,525","","3","2.1","Public Water","Sewer - Public","Conventional","Corporate"
"501","2314677","768-68-59-10-100-000","CLOSD","6307 Brambleton Road, Chesterfield VA 23234","23234","Chesterfield","Single Family Residence","07/31/2023","$325,000","$316,000","4","Resale (occupied at least once)","1983","Lake Farms","1,626","0.26","3","2.0","Public Water","Sewer - Public","FHA New","Individuals"
"501","2309795","N000-1373-007","CLOSD","714 Pensacola Avenue, Richmond City VA 23222","23222","Richmond City","Single Family Residence","07/31/2023","$249,950","$240,000","27","Resale (occupied at least once)","1941","Highland Gardens","1,377","0.13","3","1.1","Public Water","Sewer - Public","FHA New","Individuals"
"501","2315329","810-715-7058","CLOSD","3209 Denver Street, Henrico VA 23231","23231","Henrico","Single Family Residence","07/31/2023","$199,900","$199,900","6","Resale (occupied at least once)","1948","Eastover Gardens","688","0.20","2","1.0","Public Water","Sewer - Public","Conventional","Corporate"
"501","2314339","S007-1284-004","CLOSD","1428 Minefee Street, Richmond City VA 23224","23224","Richmond City","Single Family Residence","07/31/2023","$225,000","$230,000","6","Resale (occupied at least once)","1950","None","844","0.16","2","1.0","Public Water","Sewer - Public","FHA New","Individuals"
"501","2313055","22A9 1 2   4","CLOSD","7833 Faisan Lane, New Kent VA 23124","23124","New Kent","Single Family Residence","07/31/2023","$395,000","$390,000","28","Resale (occupied at least once)","2021","The Arbors At New Kent Winery","1,906","","4","2.1","Public Water","Sewer - Public","Conventional","Individuals"
"501","2311688","720-68-69-79-000-000","CLOSD","14606 Windjammer Drive, Chesterfield VA 23112","23112","Chesterfield","Single Family Residence","07/31/2023","$550,000","$550,000","38","Resale (occupied at least once)","2006","Edgewater At The Reservoir","3,297","0.14","4","3.1","Public Water","Sewer - Public","FHA New","Individuals"
"1001","2312086","707-66-90-18-500-000","CLOSD","7431 Wild Senna Terrace, Chesterfield VA 23120","23120","Chesterfield","Single Family Residence","07/31/2023","$645,000","$650,000","3","Resale (occupied at least once)","2012","Magnolia Green","4,171","0.28","5","3.1","Public Water","Sewer - Public","Conventional","Individuals"
"1001","2315385","8725-66-3062","CLOSD","8303 Southern Watch Place, Hanover VA 23111","23111","Hanover","Single Family Residence","07/31/2023","$380,000","$395,000","5","Resale (occupied at least once)","2000","Pole Green Station","1,815","0.23","3","2.1","Public Water","Sewer - Public","Conventional","Corporate"
"1001","2314198","017B-1F-11","CLOSD","3209 Sherwood Ridge Way, Powhatan VA 23139","23139","Powhatan","Single Family Residence","07/31/2023","$355,000","$352,500","12","Resale (occupied at least once)","1989","Sherwood","1,683","1.01","3","2.0","Well","Septic - Conventional","Cash","Individuals"
"1001","2313982","E012-0285-021","CLOSD","2012 Newbourne Street, Richmond City VA 23223","23223","Richmond City","Single Family Residence","07/31/2023","$220,000","$220,000","9","Resale (occupied at least once)","1900","Woodville","1,036","0.08","3","2.0","Public Water","Sewer - Public","Conventional","Individuals"
"1001","2315737","775-64-31-94-500-000","CLOSD","6803 Berkley Davis Court, Chesterfield VA 23838","23838","Chesterfield","Single Family Residence","07/31/2023","$420,000","$420,000","3","Resale (occupied at least once)","2001","Apamatica","2,018","0.67","4","2.1","Public Water","Septic - Conventional","Conventional","Individuals"
"1001","2315491","C004-0654-006","CLOSD","7512 Broach Drive #Unit7512, Richmond City VA 23225","23225","Richmond City","Townhouse","07/31/2023","$293,000","$275,500","2","Resale (occupied at least once)","1985","Southampton Hills","1,539","","2","2.1","Public Water","Sewer - Public","Conventional","Individuals"
"1001","2311158","7802-57-4288","CLOSD","15309 Devonwood Road, Hanover VA 23192","23192","Hanover","Single Family Residence","07/31/2023","$895,000","$895,000","26","Resale (occupied at least once)","1933","Devonwood","3,704","18.04","4","3.2","Well","Septic - Conventional","VA New","Individuals"
"1001","2315136","8705-34-1088","CLOSD","8342 Burnside Drive, Hanover VA 23116","23116","Hanover","Single Family Residence","07/31/2023","$329,987","$350,000","4","Resale (occupied at least once)","1960","Burnside Farms","1,266","0.64","3","2.0","Public Water","Sewer - Public","Conventional","Individuals"
"1001","2314389","722-70-79-70-700-000","CLOSD","14325 Aldengate Road, Chesterfield VA 23114","23114","Chesterfield","Single Family Residence","07/31/2023","$470,000","$475,000","4","Resale (occupied at least once)","1974","Otterdale","2,552","0.77","4","2.1","Public Water","Septic - Conventional","Conventional","Corporate"
"1001","2312734","742-760-8834","CLOSD","2238 Liesfeld PKY, Henrico VA 23060","23060","Henrico","Townhouse","07/31/2023","$479,950","$483,000","4","Resale (occupied at least once)","2014","West Broad Village","2,234","0.04","3","3.1","Public Water","Sewer - Public","Conventional","Individuals"
"1001","2316531","042A-3H-1","CLOSD","1611 Anderson Highway, Powhatan VA 23139","23139","Powhatan","Single Family Residence","07/31/2023","$299,950","$285,000","8","Resale (occupied at least once)","1962","None","1,000","0.97","3","1.0","Public Water","Sewer - Public","Cash","Individuals"
"1001","2316194","8704-78-3972","CLOSD","8139 Rie Bob Lane, Hanover VA 23111","23111","Hanover","Single Family Residence","07/31/2023","$399,950","$426,406","4","Resale (occupied at least once)","1997","Windsor Sub","1,778","0.54","3","2.0","Public Water","Sewer - Public","VA New","Individuals"
"1001","2316094","C004-0544-116","CLOSD","2956 Hathaway Road #UnitU1008, Richmond City VA 23225","23225","Richmond City","Condominium","07/31/2023","$265,000","$257,500","11","Resale (occupied at least once)","1972","Hathaway Tower Condominiums","1,480","4.02","2","2.0","Public Water","Sewer - Public","Cash","Individuals"
"1001","2316029","727-66-52-55-500-000","CLOSD","8836 Emerald Dunes Circle, Chesterfield VA 23832","23832","Chesterfield","Single Family Residence","07/31/2023","$380,000","$380,000","0","Resale (occupied at least once)","2000","Birkdale","1,680","0.21","3","2.0","Public Water","Sewer - Public","Cash","Individuals"
"1001","2315882","818-723-1838","CLOSD","402 Airycrest Drive, Henrico VA 23075","23075","Henrico","Townhouse","07/31/2023","$204,950","$220,000","5","Resale (occupied at least once)","1978","Woodpost Townhouses","1,344","0.04","3","1.1","Public Water","Sewer - Public","FHA New","Individuals"
"1001","2315875","E000-0514-022","CLOSD","1117 North 20th Street, Richmond City VA 23223","23223","Richmond City","Single Family Residence","07/31/2023","$350,000","$350,000","5","Resale (occupied at least once)","1911","None","1,806","0.09","4","2.0","Public Water","Sewer - Public","Conventional","Individuals"
"1001","2315820","738-67-69-47-600-000","CLOSD","5006 Glen Tara Drive, Chesterfield VA 23112","23112","Chesterfield","Single Family Residence","07/31/2023","$284,500","$290,000","3","Resale (occupied at least once)","1986","Glen Tara","1,096","0.21","3","2.0","Public Water","Sewer - Public","Conventional","Individuals"
"1001","2315771","730-72-36-35-900-000","CLOSD","13643 Langford Drive, Chesterfield VA 23113","23113","Chesterfield","Single Family Residence","07/31/2023","$599,999","$619,000","5","Resale (occupied at least once)","2006","Tarrington","3,141","0.29","3","3.1","Public Water","Sewer - Public","Conventional","Individuals"
"1001","2315563","758-760-2740","CLOSD","4113 English Holly Circle, Henrico VA 23294","23294","Henrico","Single Family Residence","07/31/2023","$375,000","$386,000","4","Resale (occupied at least once)","2001","Park West","1,366","0.16","2","2.0","Public Water","Sewer - Public","Conventional","Individuals"
"1001","2315561","744-752-6586.019","CLOSD","2102 Turtle Run Drive #Unit7, Henrico VA 23233","23233","Henrico","Condominium","07/31/2023","$229,950","$220,000","29","Resale (occupied at least once)","1984","Turtle Creek West Condominiums","1,120","0.02","2","2.0","Public Water","Sewer - Public","Conventional","Individuals"
"1001","2315524","739-757-7070","CLOSD","11709 Coolwind Lane, Henrico VA 23233","23233","Henrico","Single Family Residence","07/31/2023","$574,900","$662,000","7","Resale (occupied at least once)","1999","Wythe Trace","2,695","0.21","4","2.1","Public Water","Sewer - Public","Conventional","Individuals"
"1001","2315504","7802-13-8649","CLOSD","15181 Dunn Road, Hanover VA 23192","23192","Hanover","Single Family Residence","07/31/2023","$319,950","$310,000","3","Resale (occupied at least once)","1961","None","1,120","3.00","3","1.0","Well","Septic - Conventional","Conventional","Individuals"
"1001","2315468","C008-0750-028","CLOSD","3530 Woodmere Drive, Richmond City VA 23234","23234","Richmond City","Single Family Residence","07/31/2023","$224,900","$233,000","5","Resale (occupied at least once)","1955","Michael Heights","1,485","0.34","3","1.0","Public Water","Sewer - Public","Conventional","Individuals"
"1001","2315371","760-743-6882","CLOSD","7520 Woodley Road, Henrico VA 23229","23229","Henrico","Single Family Residence","07/31/2023","$314,000","$401,000","5","Resale (occupied at least once)","1955","Tuckahoe Hills","1,146","0.29","3","1.0","Public Water","Sewer - Public","Cash","Individuals"
"1001","2315199","21-15-1-19-0","CLOSD","2824 Preston Park Way, Goochland VA 23153","23153","Goochland","Single Family Residence","07/31/2023","$639,900","$639,900","5","New (never occupied)","2019","Preston Park","2,534","1.50","4","3.1","Well","Septic - Conventional","Conventional","Individuals"
"1001","2315153","729-70-60-92-200-000","CLOSD","13725 Village Ridge Drive, Chesterfield VA 23114","23114","Chesterfield","Single Family Residence","07/31/2023","$305,000","$332,000","3","Resale (occupied at least once)","1995","Sycamore Village","1,428","0.16","3","2.1","Public Water","Sewer - Public","Conventional","Individuals"
"1001","2314976","8716-35-5286","CLOSD","9266 Tadcaster Circle, Hanover VA 23116","23116","Hanover","Single Family Residence","07/31/2023","$375,000","$401,000","4","Resale (occupied at least once)","1974","Avondale","2,079","0.42","3","2.0","Public Water","Septic - Conventional","Conventional","Individuals"
"1001","2314941","803-738-0538","CLOSD","2105 Springdale Road, Henrico VA 23222","23222","Henrico","Single Family Residence","07/31/2023","$325,000","$350,000","5","Resale (occupied at least once)","1954","Austin Heights","1,913","0.29","4","2.0","Public Water","Sewer - Public","Conventional","Individuals"
"1001","2314880","848-714-8242","CLOSD","3680 Meadow Road, Henrico VA 23150","23150","Henrico","Single Family Residence","07/31/2023","$390,000","$430,000","8","Resale (occupied at least once)","2017","None","1,952","2.00","3","2.0","Well","Septic - Conventional","Conventional","Individuals"
"1001","2314854","739-773-7719","CLOSD","2033 Grey Oaks Park Lane, Henrico VA 23059","23059","Henrico","Single Family Residence","07/31/2023","$1,035,000","$1,115,000","5","Resale (occupied at least once)","2021","Estates At Grey Oaks Sec. I","4,360","0.35","5","4.0","Public Water","Sewer - Public","Conventional","Individuals"
"1001","2314794","789-68-36-43-600-000","CLOSD","2737 Sherbourne Road, Chesterfield VA 23237","23237","Chesterfield","Single Family Residence","07/31/2023","$190,000","$205,000","2","Resale (occupied at least once)","1961","Village Manor","1,092","0.23","3","1.1","Public Water","Sewer - Public","Conventional","Individuals"
"1001","2314618","740-72-00-24-000-000 & 740-72-01-82-200-000","CLOSD","11701 Spring Creek Drive, Chesterfield VA 23113","23113","Chesterfield","Single Family Residence","07/31/2023","$999,999","$915,000","6","Resale (occupied at least once)","1990","Reeds Hill","4,785","2.89","4","3.2","Public Water","Septic - Conventional","Cash","Individuals"
"1001","2314531","731-752-2697","CLOSD","2523 Lauderdale Drive, Henrico VA 23233","23233","Henrico","Single Family Residence","07/31/2023","$350,000","$350,000","6","Resale (occupied at least once)","1980","Tuckahoe Village West","1,622","0.34","4","1.1","Public Water","Sewer - Public","Conventional","Individuals"
"1001","2314425","762-747-1493","CLOSD","2301 Pathfinder Place, Henrico VA 23294","23294","Henrico","Single Family Residence","07/31/2023","$370,000","$380,000","5","Resale (occupied at least once)","1984","Thousand Oaks","2,028","0.60","4","2.1","Public Water","Sewer - Public","Conventional","Individuals"
"1001","2314335","8725-81-8621","CLOSD","8083 Fishtail Pond Court, Hanover VA 23111","23111","Hanover","Single Family Residence","07/31/2023","$399,900","$400,000","13","Resale (occupied at least once)","1998","Pebble Creek","2,004","0.49","4","3.0","Public Water","Sewer - Public","Conventional","Individuals"
"1001","2314304","764-68-93-86-000-000","CLOSD","4150 Round Hill Drive, Chesterfield VA 23832","23832","Chesterfield","Single Family Residence","07/31/2023","$299,000","$315,000","10","Resale (occupied at least once)","1976","Creekwood","1,575","0.29","3","2.1","Public Water","Sewer - Public","FHA New","Individuals"
"1001","2314266","S000-2923-101","CLOSD","4050 Forest Hill Avenue #UnitU23, Richmond City VA 23225","23225","Richmond City","Condominium","07/31/2023","$168,000","$157,500","5","Resale (occupied at least once)","1961","Forest Oaks Condominiums","773","0.02","2","1.0","Public Water","Sewer - Public","Cash","Individuals"
"1001","2314202","774-766-4850","CLOSD","2601 Pinkerton Place, Henrico VA 23060","23060","Henrico","Single Family Residence","07/31/2023","$439,950","$468,000","5","Resale (occupied at least once)","1998","Mountain Glen","2,210","0.41","4","2.1","Public Water","Sewer - Public","Conventional","Individuals"
"1001","2314150","713-67-80-58-700-000","CLOSD","5736 Trail Ride Drive, Chesterfield VA 23120","23120","Chesterfield","Single Family Residence","07/31/2023","$725,000","$751,000","3","Resale (occupied at least once)","2006","Foxfield","5,652","0.50","5","5.1","Public Water","Sewer - Public","Conventional","Individuals"
"1001","2313937","7797-90-5561","CLOSD","9814 Harvest Honey Road, Hanover VA 23116","23116","Hanover","Single Family Residence","07/31/2023","$495,000","$495,000","13","Resale (occupied at least once)","2013","Honey Meadows","2,544","0.22","3","2.1","Public Water","Sewer - Public","Conventional","Individuals"
"1001","2313866","778-68-99-13-100-000","CLOSD","4517 Seagrave Avenue, Chesterfield VA 23234","23234","Chesterfield","Single Family Residence","07/31/2023","$290,000","$300,000","3","Resale (occupied at least once)","1969","Garland Heights","2,438","0.43","4","2.0","Public Water","Sewer - Public","Conventional","Individuals"
"1001","2313847","730-766-3642.092","CLOSD","4315 Broad Hill Drive #UnitB, Henrico VA 23233","23233","Henrico","Condominium","07/31/2023","$445,000","$445,000","11","Resale (occupied at least once)","2018","Saunders Station At Broad Hill Centre","2,509","12.55","3","2.1","Public Water","Sewer - Public","Conventional","Individuals"
"1001","2313801","W020-0054-013","CLOSD","5004 Bromley Lane, Richmond City VA 23226","23226","Richmond City","Single Family Residence","07/31/2023","$509,000","$556,000","7","Resale (occupied at least once)","1945","Patterson Place","1,550","0.16","4","2.0","Public Water","Sewer - Public","Conventional","Individuals"
"1001","2313793","8727-19-3102","CLOSD","10443 Pollard Creek Road, Hanover VA 23116","23116","Hanover","Single Family Residence","07/31/2023","$919,950","$894,000","10","Resale (occupied at least once)","1988","None","4,315","22.76","4","3.1","Well","Septic - Conventional","Cash","Individuals"
"1001","2313743","N000-0639-015","CLOSD","106 West Lancaster Road, Richmond City VA 23222","23222","Richmond City","Single Family Residence","07/31/2023","$270,000","$270,000","6","Resale (occupied at least once)","1915","Battery Court","1,872","0.14","4","1.1","Public Water","Sewer - Public","Cash","Individuals"
"1001","2313724","744-752-6586.025","CLOSD","2103 Turtle Creek Drive #Unit1, Henrico VA 23233","23233","Henrico","Condominium","07/31/2023","$219,000","$223,000","18","Resale (occupied at least once)","1985","Turtle Creek West Condominiums","980","0.02","2","2.0","Public Water","None","VA Assumption","Individuals"
"1001","2313475","735-747-7570","CLOSD","11800 North Downs Square, Henrico VA 23238","23238","Henrico","Townhouse","07/31/2023","$375,000","$370,000","9","Resale (occupied at least once)","1982","Sussex Square","1,987","0.10","3","2.1","Public Water","Sewer - Public","Cash","Estate"
"1001","2313331","C001-0891-201","CLOSD","3408 Rivanna Drive, Richmond City VA 23235","23235","Richmond City","Single Family Residence","07/31/2023","$609,000","$580,000","22","Resale (occupied at least once)","2007","James River Commons","4,350","0.17","5","4.0","Public Water","Sewer - Public","Cash","Estate"
"1001","2313212","8725-13-3072","CLOSD","6437 Lantana Lane, Hanover VA 23111","23111","Hanover","Single Family Residence","07/31/2023","$300,000","$315,000","3","Resale (occupied at least once)","1989","Cherrydale West","1,300","0.35","3","2.0","Public Water","Sewer - Public","Conventional","Individuals"
"1001","2313165","764-774-6123","CLOSD","11421 Ridgegate Lane, Henrico VA 23059","23059","Henrico","Single Family Residence","07/31/2023","$599,950","$630,000","5","Resale (occupied at least once)","2009","The Ridge At Hunton Park","3,470","0.40","4","2.1","Public Water","Sewer - Public","Conventional","Individuals"
"1001","2313163","S006-0194-013","CLOSD","5005 Caledonia Road, Richmond City VA 23225","23225","Richmond City","Single Family Residence","07/31/2023","$659,000","$847,000","6","Resale (occupied at least once)","1949","Westover Hills","2,278","0.13","3","2.1","Public Water","Sewer - Public","Cash","Individuals"
"1001","2313120","728-70-99-78-800-045","CLOSD","1449 Sycamore Mews Circle #Unit45, Chesterfield VA 23113","23113","Chesterfield","Condominium","07/31/2023","$221,000","$221,000","16","Resale (occupied at least once)","1984","Sycamore Mews Condo","1,540","9.74","3","2.1","Public Water","Sewer - Public","Conventional","Corporate, REO"
"1001","2312702","764-60-98-27-200-000","CLOSD","19906 Oyster Point Court, Chesterfield VA 23803","23803","Chesterfield","Single Family Residence","07/31/2023","$515,000","$505,000","26","Resale (occupied at least once)","2022","Chesdin Harbor Section I","2,222","0.93","4","2.1","Public Water","Septic - Engineered","VA New","Individuals"
"1001","2312533","E000-0952-034","CLOSD","1715 North 29th Street, Richmond City VA 23223","23223","Richmond City","Single Family Residence","07/31/2023","$290,000","$293,500","7","Resale (occupied at least once)","2021","Valentine Hechler Plan","1,248","0.07","3","2.1","Public Water","Sewer - Public","FHA New Assumption","Individuals"
"1001","2312367","029A-3N-1","CLOSD","2411 Pocahontas Road, Powhatan VA 23139","23139","Powhatan","Single Family Residence","07/31/2023","$225,000","$225,000","37","Resale (occupied at least once)","1971","Lake Shawnee","1,482","0.68","4","2.1","Public Water","Septic - Conventional","Conventional","Corporate"
"1001","2312334","710-66-14-48-900-000","CLOSD","16801 Chalet Court, Chesterfield VA 23832","23832","Chesterfield","Single Family Residence","07/31/2023","$625,000","$630,000","18","Resale (occupied at least once)","2022","Harpers Mill","3,008","0.28","5","3.1","Public Water","Sewer - Public","VA New","Individuals"
"1001","2312231","731-71-77-73-300-000","CLOSD","2620 Salisbury Road, Chesterfield VA 23113","23113","Chesterfield","Single Family Residence","07/31/2023","$574,000","$574,000","41","Resale (occupied at least once)","1971","Salisbury","2,860","0.92","4","2.1","Public Water","Septic - Conventional","Conventional","Individuals"
"1001","2312206","745-749-1751","CLOSD","10205 Pepperhill Lane, Henrico VA 23238","23238","Henrico","Single Family Residence","07/31/2023","$550,000","$600,000","4","Resale (occupied at least once)","1976","Raintree","2,560","0.38","4","2.1","Public Water","Sewer - Public","Conventional","Individuals"
"1001","2312128","782-66-48-94-900-000","CLOSD","9564 Heather Ridge, Chesterfield VA 23237","23237","Chesterfield","Single Family Residence","07/31/2023","$242,000","$252,000","7","Resale (occupied at least once)","1979","Lost Forest","1,032","0.23","3","1.1","Public Water","Sewer - Public","VHDA/FHA","Individuals"
"1001","2312064","8706-39-9059","CLOSD","9491 Laurel Grove Road, Hanover VA 23116","23116","Hanover","Single Family Residence","07/31/2023","$529,950","$540,000","39","Resale (occupied at least once)","1996","Powhickery Estates","2,145","1.23","3","2.1","Public Water","Septic - Conventional","Conventional","Individuals, Other"
"1001","2312008","58-54-8-48-0","CLOSD","7035 Bisque Terrace, Goochland VA 23238","23238","Goochland","Single Family Residence","07/31/2023","$799,910","$799,910","55","New (never occupied)","2023","Mosaic at West Creek","2,380","","3","2.1","Public Water","Sewer - Public","Conventional","Corporate"
"1001","2311735","817-65-55-43-200-000","CLOSD","12740 Prestonfield Drive, Chesterfield VA 23836","23836","Chesterfield","Townhouse","07/31/2023","$339,900","$339,900","25","Resale (occupied at least once)","2021","Rivers Bend","1,760","0.10","3","2.1","Public Water","Sewer - Public","Cash","Individuals"
"1001","2310987","7779-68-5301","CLOSD","1008 South Center Street, Hanover VA 23005","23005","Hanover","Single Family Residence","07/31/2023","$799,000","$769,000","14","Resale (occupied at least once)","1872","None","3,319","0.57","5","4.0","Public Water","Sewer - Public","Conventional","Individuals"
"1001","2310889","767-748-3731","CLOSD","7206 Harrison Avenue, Henrico VA 23228","23228","Henrico","Single Family Residence","07/31/2023","$375,000","$350,000","15","Resale (occupied at least once)","2018","West Broad St Vilg","1,643","0.23","4","2.1","Public Water","Sewer - Public","Conventional","Individuals"
"1001","2307534","756-65-28-08-700-000","CLOSD","9306 Owl Trace Court, Chesterfield VA 23838","23838","Chesterfield","Single Family Residence","07/31/2023","$595,000","$595,000","7","Resale (occupied at least once)","1997","Woodland Pond","3,512","1.98","5","3.1","Public Water","Septic - Conventional","Conventional","Estate"
"1001","2306963","771-741-6198","CLOSD","2304 Carr Lane, Henrico VA 23230","23230","Henrico","Single Family Residence","07/31/2023","$295,950","$290,950","77","Resale (occupied at least once)","1956","Westbourne","1,560","0.18","4","2.0","Public Water","Sewer - Public","Conventional","Individuals"
"1001","2303428","J13-2618-3377","CLOSD","7637 East Danube Loop, New Kent VA 23124","23124","New Kent","Single Family Residence","07/31/2023","$369,555","$369,555","0","New (never occupied)","2022","Lifestyle at Four Seasons","1,533","","3","2.0","Public Water","Sewer - Public","Conventional","Corporate"
"1001","2300663","12-34-0-2-0","CLOSD","3600 Forest Grove Road, Goochland VA 23153","23153","Goochland","Single Family Residence","07/31/2023","$549,950","$537,500","100","New (never occupied)","2023","None","2,192","4.29","4","3.1","Well","Septic - Conventional","Conventional","Individuals"
"1001","BRTVAHA2000456","8727-19-3102","CLOSD","10443 Pollard Creek Road, Hanover VA 23116","23116","Hanover","Single Family Residence","07/31/2023","$919,950","$894,000","13","Resale (occupied at least once)","1988","NONE","4,325","22.76","4","4.0","Well","Septic","",""
"1001","BRTVAHA2000452","7779-68-5301","CLOSD","1008 South Center Street, Hanover VA 23005","23005","Hanover","Single Family Residence","07/31/2023","$799,000","$769,000","14","Resale (occupied at least once)","1872","NONE","0","0.57","5","4.0","Public Water","Public Sewer On Site","",""
"1001","2312627","C004-0165-034","CLOSD","4516 Shirley Road, Richmond City VA 23225","23225","Richmond City","Single Family Residence","08/01/2023","$695,000","$700,000","10","Resale (occupied at least once)","1987","Stratford Hills","2,689","0.68","4","4.0","Public Water","Sewer - Public","Conventional","Individuals"
"1001","2313307","Diascund Creek","CLOSD","11681 Creeks Edge Road, New Kent VA 23124","23124","New Kent","Single Family Residence","08/01/2023","$565,000","$565,000","7","Resale (occupied at least once)","2016","Diascund Creek","2,975","5.00","5","3.0","Well","Septic - Conventional","FHA New","Individuals"
"1001","2230856","8717625615","CLOSD","7304 Arbor Crest Court, Hanover VA 23116","23116","Hanover","Single Family Residence","08/01/2023","$768,206","$859,079","3","New (never occupied)","2022","Arboridge","3,067","1.47","4","3.1","Well","Septic - Engineered","Conventional","Corporate"
"1001","2314049","827-714-3042","CLOSD","17 Huntsman Road, Henrico VA 23150","23150","Henrico","Single Family Residence","08/01/2023","$279,888","$295,000","8","Resale (occupied at least once)","1951","Acreage","1,508","0.23","4","2.0","Public Water","Sewer - Public","VA New","Corporate"
"1001","2301298","784-65-43-79-900-000","CLOSD","11501 Dunmore Mill Terrace #Unit1-4, Chesterfield VA 23831","23831","Chesterfield","Townhouse","08/01/2023","$360,530","$360,530","45","New (never occupied)","2022","Iron Mill Section 1","1,630","","3","2.1","Public Water","Sewer - Public","Conventional","Corporate"
"1001","2306514","785-760-3649.106","CLOSD","9279 Magellan Parkway #UnitB, Henrico VA 23060","23060","Henrico","Condominium","08/01/2023","$374,990","$369,990","15","New (never occupied)","2023","Retreat at One","2,345","","3","2.1","Public Water","Sewer - Public","Conventional","Corporate"
"1001","2227893","714-67-10-01-500-000","CLOSD","7013 Leire Lane, Chesterfield VA 23832","23832","Chesterfield","Townhouse","08/01/2023","$419,950","$456,002","0","New (never occupied)","2023","Cosby Village Townhomes","2,198","","3","2.1","Public Water","Sewer - Public","Conventional","Corporate"
"1001","2314085","790-66-73-73-500-000","CLOSD","9606 Ransom Hills Terrace, Chesterfield VA 23237","23237","Chesterfield","Single Family Residence","08/01/2023","$350,000","$357,500","4","Resale (occupied at least once)","1998","Proctors Point","2,084","0.15","3","2.1","Public Water","Sewer - Public","VA New","Individuals"
"1001","2223199","779-773-6643","CLOSD","10677 Emeline Drive, Henrico VA 23059","23059","Henrico","Single Family Residence","08/01/2023","$599,750","$626,530","0","New (never occupied)","2022","River Mill","3,265","","4","3.1","Public Water","Sewer - Public","Conventional","Corporate"
"1001","2311721","795-61-04-63-200-000","CLOSD","3705 Totty Street, Chesterfield VA 23803","23803","Chesterfield","Single Family Residence","08/01/2023","$244,500","$240,000","21","Resale (occupied at least once)","1999","None","1,134","0.21","3","2.0","Public Water","Sewer - Public","USDA","Corporate"
"1001","2314646","737-72-31-15-100-000","CLOSD","3526 West Old Gun Road, Chesterfield VA 23113","23113","Chesterfield","Single Family Residence","08/01/2023","$1,150,000","$1,092,100","8","Resale (occupied at least once)","1995","Erinbourne","5,235","0.99","4","4.1","Public Water","Septic - Conventional","Cash","Individuals"
"1001","2311814","814-64-99-66-500-000","CLOSD","225 Mason Orchard Drive, Chesterfield VA 23836","23836","Chesterfield","Single Family Residence","08/01/2023","$419,400","$408,000","10","Resale (occupied at least once)","2021","Mason Orchard","1,662","0.39","3","2.0","Public Water","Sewer - Public","Other","Individuals"
"1001","2313886","798-64-92-05-600-000","CLOSD","2817 Cicero Parkway, Chesterfield VA 23831","23831","Chesterfield","Single Family Residence","08/01/2023","$300,000","$300,000","5","Resale (occupied at least once)","1996","Bryan Ridge","1,452","0.36","3","3.0","Public Water","Septic - Conventional","FHA New","Individuals"
"1001","2315188","779-745-7668","CLOSD","2318 Ginter Street, Henrico VA 23228","23228","Henrico","Single Family Residence","08/01/2023","$299,950","$315,500","7","Resale (occupied at least once)","2001","Lakeside","1,170","0.12","3","2.0","Public Water","Sewer - Public","Conventional","Other"
"1001","2313553","738-67-32-86-700-000","CLOSD","12401 Bailey Bridge Road, Chesterfield VA 23112","23112","Chesterfield","Single Family Residence","08/01/2023","$380,000","$380,000","12","Resale (occupied at least once)","1979","None","2,147","1.38","3","2.1","Well","Septic - Conventional","VA New","Individuals"
"1001","2315873","014-78","CLOSD","4701 Cosby Road, Powhatan VA 23139","23139","Powhatan","Single Family Residence","08/01/2023","$434,900","$438,000","4","Resale (occupied at least once)","1907","None","2,072","11.90","4","2.0","Well","Septic - Conventional","Conventional","Individuals"
"1001","2315211","799-735-5989","CLOSD","1528 Young Street, Henrico VA 23222","23222","Henrico","Single Family Residence","08/01/2023","$265,000","$267,000","9","Resale (occupied at least once)","1940","East Highland Park","1,512","0.13","3","1.1","Public Water","Sewer - Public","Conventional","Individuals"
"1001","2314802","028B1-2-39","CLOSD","2607 East Maple Grove Lane, Powhatan VA 23139","23139","Powhatan","Single Family Residence","08/01/2023","$759,950","$730,000","7","Resale (occupied at least once)","2007","Maple Grove","3,562","2.41","4","3.1","Well","Septic - Conventional","Cash","Individuals"
"1001","2314209","742-758-5491","CLOSD","3805 Barrington Hill Drive, Henrico VA 23233","23233","Henrico","Single Family Residence","08/01/2023","$950,000","$975,000","8","Resale (occupied at least once)","1993","Barrington","4,232","0.59","5","3.1","Public Water","Sewer - Public","Conventional","Individuals"
"1001","2315627","781-65-45-48-200-000","CLOSD","11704 Ivywood Road, Chesterfield VA 23831","23831","Chesterfield","Single Family Residence","08/01/2023","$349,900","$363,850","4","Resale (occupied at least once)","1973","Lakewood Farms","1,832","0.51","3","2.0","Public Water","Septic - Conventional","Cash","Individuals"
"1001","2317681","783-68-05-30-200-000","CLOSD","3913 Beulah Road, Chesterfield VA 23237","23237","Chesterfield","Single Family Residence","08/01/2023","$315,000","$305,000","0","Resale (occupied at least once)","1975","Oakview","2,238","0.29","4","3.1","Public Water","Sewer - Public","Cash","Individuals"
"1001","2317364","751-71-50-20-900-070","CLOSD","10246 Iron Mill Road, Chesterfield VA 23235","23235","Chesterfield","Condominium","08/01/2023","$149,950","$155,000","3","Resale (occupied at least once)","1973","Edgehill Condo","962","18.14","2","2.0","Public Water","Sewer - Public","Cash","Individuals"
"1001","2316229","769-69-10-27-400-000","CLOSD","3910 Turner Road, Chesterfield VA 23832","23832","Chesterfield","Single Family Residence","08/01/2023","$180,000","$205,000","3","Resale (occupied at least once)","1962","Belmont Farms","1,450","0.47","3","2.0","Public Water","Septic - Conventional","Cash","Individuals"
"1001","2315569","723-69-04-34-200-000","CLOSD","2305 Birnam Woods Terrace, Chesterfield VA 23112","23112","Chesterfield","Single Family Residence","08/01/2023","$445,000","$460,000","2","Resale (occupied at least once)","1985","Birnam Woods","2,422","0.20","5","2.1","Public Water","Sewer - Public","Conventional","Individuals"
"1001","2315454","735-66-94-33-800-000","CLOSD","9314 Buffalo Springs Drive, Chesterfield VA 23112","23112","Chesterfield","Single Family Residence","08/01/2023","$442,950","$449,500","5","Resale (occupied at least once)","2018","Bayhill Pointe","2,139","0.53","3","3.0","Public Water","Sewer - Public","Conventional","Individuals"
"1001","2315248","752-741-8565","CLOSD","8705 Mapleton, Henrico VA 23229","23229","Henrico","Single Family Residence","08/01/2023","$359,000","$345,000","8","Resale (occupied at least once)","1955","Ridgecrest","1,125","","3","1.0","Public Water","Sewer - Public","Other","Individuals"
"1001","2315174","730-67-19-03-200-000","CLOSD","7030 Whistlers Cove Drive, Chesterfield VA 23112","23112","Chesterfield","Single Family Residence","08/01/2023","$334,950","$350,000","2","Resale (occupied at least once)","1989","Deer Run","1,714","0.33","3","2.1","Public Water","Sewer - Public","Conventional","Individuals"
"1001","2314981","742-69-53-19-900-000","CLOSD","11418 Millside Terrace, Chesterfield VA 23114","23114","Chesterfield","Single Family Residence","08/01/2023","$425,000","$450,000","7","Resale (occupied at least once)","1993","Poplar Creek","2,032","0.29","3","2.1","Public Water","Sewer - Public","Conventional","Individuals"
"1001","2314952","788-67-18-25-900-000","CLOSD","3430 Hunter Lane, Chesterfield VA 23237","23237","Chesterfield","Single Family Residence","08/01/2023","$550,000","$555,000","6","Resale (occupied at least once)","1963","None","1,960","8.70","4","3.0","Well","Septic - Conventional","Conventional","Individuals"
"1001","2314795","783-66-79-51-300-000","CLOSD","9712 Alfaree Road, Chesterfield VA 23237","23237","Chesterfield","Single Family Residence","08/01/2023","$340,000","$340,000","2","Resale (occupied at least once)","1975","Kendale Acres","2,124","0.38","4","2.0","Public Water","Sewer - Public","VA New","Individuals"
"1001","2314642","E000-0520-009","CLOSD","2620 Q Street, Richmond City VA 23223","23223","Richmond City","Single Family Residence","08/01/2023","$539,950","$517,500","30","New (never occupied)","2023","None","2,016","0.06","3","2.1","Public Water","Sewer - Public","Cash","Corporate"
"1001","2314636","740-781-9475","CLOSD","12117 Greenwick Court, Henrico VA 23059","23059","Henrico","Single Family Residence","08/01/2023","$594,950","$680,415","5","Resale (occupied at least once)","1992","Ivy Bend At Wyndham","2,749","0.37","4","2.1","Public Water","Sewer - Public","Conventional","Individuals"
"1001","2314378","710-69-72-66-900-000","CLOSD","16412 Lambourne Road, Chesterfield VA 23112","23112","Chesterfield","Single Family Residence","08/01/2023","$1,199,999","$1,110,000","15","Resale (occupied at least once)","2014","Hallsley","4,191","0.35","5","4.2","Public Water","Sewer - Public","Cash","Individuals"
"1001","2314075","735-69-54-03-700-000","CLOSD","1300 Lake Rest Circle, Chesterfield VA 23114","23114","Chesterfield","Townhouse","08/01/2023","$344,950","$353,000","8","Resale (occupied at least once)","2004","Grand Manor","1,881","0.08","3","2.1","Public Water","Sewer - Public","Conventional","Individuals"
"1001","2314064","W021-0213-014","CLOSD","5805 Christopher Lane, Richmond City VA 23226","23226","Richmond City","Single Family Residence","08/01/2023","$815,000","$1,008,500","13","Resale (occupied at least once)","1937","Westview","2,379","0.26","3","2.0","Public Water","Sewer - Public","Cash","Corporate"
"1001","2313745","781-772-5682","CLOSD","4038 Tin Roof Way, Henrico VA 23059","23059","Henrico","Townhouse","08/01/2023","$480,000","$485,000","6","Resale (occupied at least once)","2019","River Mill","2,175","0.13","3","2.1","Public Water","Sewer - Public","Conventional","Individuals"
"1001","2313648","746-70-26-82-800-000","CLOSD","311 Monath Road, Chesterfield VA 23236","23236","Chesterfield","Single Family Residence","08/01/2023","$375,000","$426,100","5","Resale (occupied at least once)","1966","None","2,391","1.14","6","3.0","Well","Septic - Conventional","Conventional","Individuals"
"1001","2313138","735675149000096","CLOSD","5224 Terrace Arbor Circle #Unit96, Chesterfield VA 23112","23112","Chesterfield","Condominium","08/01/2023","$398,900","$390,000","5","Resale (occupied at least once)","2005","Terraces At Swift Creek","2,403","","3","2.1","Public Water","Sewer - Public","Cash","Individuals"
"1001","2312730","8775-04-5235","CLOSD","8253 Candleberry Drive, Hanover VA 23111","23111","Hanover","Single Family Residence","08/01/2023","$539,000","$530,000","21","Resale (occupied at least once)","2004","Old Church Place","2,850","10.04","5","2.1","Well","Septic - Conventional","FHA New","Individuals"
"1001","2312211","8706-38-1511","CLOSD","8407 Brittewood Circle, Hanover VA 23116","23116","Hanover","Single Family Residence","08/01/2023","$450,000","$450,000","1","Resale (occupied at least once)","1985","Knollwood","2,154","0.69","4","2.1","Well","Septic - Conventional","VA New","Individuals"
"1001","2311961","821-64-53-87-700-000","CLOSD","14208 Bermuda Point Court, Chesterfield VA 23836","23836","Chesterfield","Single Family Residence","08/01/2023","$299,900","$294,000","16","Resale (occupied at least once)","1995","Point Of Rocks Estates","1,256","0.25","4","2.0","Public Water","Sewer - Public","Conventional","Other"
"1001","2311287","739-779-0717","CLOSD","5835 Bradington Drive, Henrico VA 23059","23059","Henrico","Single Family Residence","08/01/2023","$650,000","$650,000","5","Resale (occupied at least once)","1994","Bradington At Wyndham","2,729","0.28","4","3.1","Public Water","Sewer - Public","Conventional","Individuals"
"1001","2310651","47-37-0-18-0","CLOSD","1508 Camberley Drive, Goochland VA 23103","23103","Goochland","Single Family Residence","08/01/2023","$664,950","$664,950","6","Resale (occupied at least once)","2013","Parke At Saddlecreek","2,913","0.18","3","3.0","Public Water","Sewer - Public","Conventional","Individuals"
"1001","2310474","E000-0251-040","CLOSD","1906 Princess Anne Avenue, Richmond City VA 23223","23223","Richmond City","Single Family Residence","08/01/2023","$699,950","$680,000","66","Resale (occupied at least once)","2018","Jefferson Davis Park","2,596","0.06","4","3.1","Public Water","Sewer - Public","Conventional","Individuals"
"1001","2309685","C008-1028-058","CLOSD","3801 Patsy Ann Drive, Richmond City VA 23234","23234","Richmond City","Single Family Residence","08/01/2023","$220,000","$245,000","1","Resale (occupied at least once)","1955","Cedar Farms","1,370","0.50","3","1.0","Public Water","Sewer - Public","Conventional","Individuals"
"1001","2309034","18A 1 36","CLOSD","8520 Sparks Trace, New Kent VA 23141","23141","New Kent","Single Family Residence","08/01/2023","$425,000","$405,000","30","Resale (occupied at least once)","2020","Dispatch Station","1,674","0.83","3","2.0","Well","Septic - Conventional","FHA New","Individuals"
"1001","2308017","33B14 4 69","CLOSD","5287 St Leger Drive, New Kent VA 23140","23140","New Kent","Single Family Residence","08/01/2023","$599,990","$599,990","75","New (never occupied)","2023","Brickshire","3,494","0.68","5","4.0","Public Water","Sewer - Public","VA New","Corporate"
"1001","2305632","W000-1250-003","CLOSD","620 North Arthur Ashe Boulevard, Richmond City VA 23220","23220","Richmond City","Single Family Residence","08/01/2023","$1,295,000","$1,250,000","7","Resale (occupied at least once)","1914","None","4,589","0.12","6","3.2","Public Water","Sewer - Public","Cash","Individuals"
"1001","2301392","Not Yet Assigned","CLOSD","1769 Outrigger Drive, Chesterfield VA 23836","23836","Chesterfield","Single Family Residence","08/01/2023","$487,145","$499,805","0","New (never occupied)","2023","Twin Rivers","2,237","","4","3.0","Public Water","Sewer - Public","FHA New","Corporate"
"1001","2225004","TBD","CLOSD","7107 Montage Row, Goochland VA 23238","23238","Goochland","Single Family Residence","08/01/2023","$728,490","$768,802","24","New (never occupied)","2022","Mosaic at West Creek","2,614","","2","2.0","Public Water","Sewer - Public","Cash","Corporate"
"1001","2312124","850-710-5189","CLOSD","201 Robbinwood Lane, Henrico VA 23150","23150","Henrico","Single Family Residence","08/02/2023","$298,500","$310,000","3","Resale (occupied at least once)","1951","None","1,826","4.13","3","2.1","Well","Septic - Conventional","Conventional","Individuals"
"1001","2232271","762642269100000","CLOSD","8513 Mckibben Place, Chesterfield VA 23838","23838","Chesterfield","Single Family Residence","08/02/2023","$572,050","$596,060","0","New (never occupied)","2022","Lake Margaret","2,734","","4","3.0","Public Water","Sewer - Public","VA New","Corporate"
"1001","2315125","757-70-73-69-900-000","CLOSD","8440 Bayfield Drive, Chesterfield VA 23235","23235","Chesterfield","Single Family Residence","08/02/2023","$325,000","$325,000","5","Resale (occupied at least once)","1960","Bon Air Hills","1,763","0.54","4","2.1","Public Water","Sewer - Public","Conventional","Individuals"
"1001","2312885","755-765-0165","CLOSD","9707 Country Way Road, Henrico VA 23060","23060","Henrico","Single Family Residence","08/02/2023","$359,950","$380,000","7","Resale (occupied at least once)","1987","Country Meadows","1,580","0.21","3","2.1","Public Water","Sewer - Public","Conventional","Individuals"
"1001","2302182","118878","CLOSD","8474 Black Creek Road, New Kent VA 23141","23141","New Kent","Single Family Residence","08/02/2023","$417,225","$445,027","2","New (never occupied)","2023","Dispatch Station","1,664","2.00","3","2.1","Public Water","Septic - Engineered","Conventional","Corporate"
"1001","2313892","774-68-71-86-300-000","CLOSD","5530 Spoke Court, Chesterfield VA 23234","23234","Chesterfield","Single Family Residence","08/02/2023","$329,000","$335,000","21","Resale (occupied at least once)","1969","Trampling Farms","1,850","0.47","4","2.0","Public Water","Sewer - Public","VA New","Individuals"
"1001","2315665","711-67-37-09-600-000","CLOSD","6500 Old Moon Terrace, Chesterfield VA 23120","23120","Chesterfield","Single Family Residence","08/02/2023","$559,950","$559,950","9","Resale (occupied at least once)","2007","Foxcreek","3,040","0.50","4","2.1","Public Water","Sewer - Public","Conventional","Individuals"
"1001","2313849","46-23-0-21-0","CLOSD","561 Fords Road, Goochland VA 23103","23103","Goochland","Single Family Residence","08/02/2023","$599,950","$615,000","7","Resale (occupied at least once)","1986","Fords","2,489","2.69","4","3.0","Well","Septic - Conventional","Conventional","Individuals"
"1001","2315685","C005-0529-032","CLOSD","1213 Boulder Creek Road, Richmond City VA 23225","23225","Richmond City","Single Family Residence","08/02/2023","$369,900","$368,000","11","Resale (occupied at least once)","2007","Boulder Parke Townehomes","2,589","0.08","3","3.1","Public Water","Sewer - Public","Conventional","Individuals"
"1001","2315759","8725-96-9515","CLOSD","8334 Devils Den Lane, Hanover VA 23111","23111","Hanover","Single Family Residence","08/02/2023","$399,999","$399,999","5","Resale (occupied at least once)","1991","Battlefield Green","2,249","0.25","3","2.1","Public Water","Sewer - Public","Conventional","Individuals"
"1001","2313122","764-767-0201","CLOSD","6537 Liddy Circle, Henrico VA 23060","23060","Henrico","Single Family Residence","08/02/2023","$649,900","$649,900","4","Resale (occupied at least once)","2022","Britlyn South","2,651","0.29","4","3.0","Public Water","Sewer - Public","Conventional","Individuals"
"1001","2315066","8724-56-8900","CLOSD","7344 Whitlock Farms Road, Hanover VA 23111","23111","Hanover","Single Family Residence","08/02/2023","$380,000","$380,000","4","New (never occupied)","2023","None","1,400","1.46","3","2.0","Well","Septic - Engineered","Conventional","Individuals"
"1001","2314784","728-64-42-50-400-000","CLOSD","12660 Riverway Road, Chesterfield VA 23838","23838","Chesterfield","Single Family Residence","08/02/2023","$625,000","$625,000","4","Resale (occupied at least once)","2007","None","3,632","5.01","3","2.1","Well","Septic - Engineered","Conventional","Individuals"
"1001","2315692","E000-2812-010","CLOSD","1422 Carlisle Avenue, Richmond City VA 23231","23231","Richmond City","Single Family Residence","08/02/2023","$345,000","$350,000","6","Resale (occupied at least once)","1925","None","1,412","0.11","3","3.0","Public Water","Sewer - Public","Conventional","Corporate"
"1001","2316287","796-67-13-52-400-000","CLOSD","9307 Russell Road, Chesterfield VA 23237","23237","Chesterfield","Single Family Residence","08/02/2023","$189,900","$205,000","5","Resale (occupied at least once)","1940","Bellwood Manor","968","0.26","3","2.0","Public Water","Sewer - Public","Cash","Individuals"
"1001","2316722","775-766-9234","CLOSD","2408 Marions Lane, Henrico VA 23060","23060","Henrico","Townhouse","08/02/2023","$355,000","$365,000","3","Resale (occupied at least once)","2015","Townes At Woodman","1,610","0.07","3","2.1","Public Water","Sewer - Public","Cash","Individuals"
"1001","2316462","829-694-3501","CLOSD","7350 Creekridge Road, Henrico VA 23231","23231","Henrico","Single Family Residence","08/02/2023","$305,000","$315,000","7","Resale (occupied at least once)","1978","Turner Woods South","1,462","1.41","3","1.1","Well","Septic - Conventional","Conventional","Individuals"
"1001","2316116","714-69-30-69-100-000","CLOSD","15748 Whirland Drive, Chesterfield VA 23112","23112","Chesterfield","Single Family Residence","08/02/2023","$495,000","$525,000","6","Resale (occupied at least once)","2021","Newmarket","2,207","0.18","3","2.1","Public Water","Sewer - Public","Conventional","Individuals"
"1001","2316098","789-66-43-78-500-000","CLOSD","3712 Hamlin Creek Parkway, Chesterfield VA 23831","23831","Chesterfield","Single Family Residence","08/02/2023","$360,000","$365,000","6","Resale (occupied at least once)","2010","Brooks Chapel","2,120","0.90","4","2.1","Public Water","Sewer - Public","Conventional","Individuals"
"1001","2315936","E000-1763-094","CLOSD","3518 East Richmond Road #UnitU9, Richmond City VA 23223","23223","Richmond City","Condominium","08/02/2023","$105,000","$106,000","5","Resale (occupied at least once)","1966","Villas Of Oakwood South","760","0.02","2","1.0","Public Water","Sewer - Public","Cash","Corporate"
"1001","2315432","793-66-53-29-900-000","CLOSD","10101 Beaumont Avenue, Chesterfield VA 23237","23237","Chesterfield","Single Family Residence","08/02/2023","$210,000","$210,000","3","Resale (occupied at least once)","1997","Central Park","888","0.23","2","1.0","Public Water","Sewer - Public","FHA New","Individuals"
"1001","2315351","713661129600000","CLOSD","9107 Copplestone Road, Chesterfield VA 23035","23035","Chesterfield","Single Family Residence","08/02/2023","$664,950","$664,950","3","New (never occupied)","2022","Harpers Mill","3,266","","5","3.1","Public Water","Sewer - Public","Conventional","Corporate"
"1001","2314953","780-748-8843","CLOSD","2107 Ingleside Avenue, Henrico VA 23228","23228","Henrico","Single Family Residence","08/02/2023","$379,950","$390,000","2","Resale (occupied at least once)","1940","Hermitage Park","1,518","0.17","3","2.0","Public Water","None","Conventional","Individuals"
"1001","2314768","S006-0139-006","CLOSD","5302 New Kent Road, Richmond City VA 23225","23225","Richmond City","Single Family Residence","08/02/2023","$649,900","$730,000","7","Resale (occupied at least once)","1947","Westover Hills","2,285","0.23","3","2.1","Public Water","Sewer - Public","Conventional","Individuals"
"1001","2314676","769-739-1102","CLOSD","5910 West Club Lane, Henrico VA 23226","23226","Henrico","Single Family Residence","08/02/2023","$470,000","$555,000","5","Resale (occupied at least once)","1948","Westwood Home Sites","2,164","0.32","4","3.0","Public Water","Sewer - Public","Cash","Estate"
"1001","2314674","743-760-7519","CLOSD","3906 Fish Pond Lane, Henrico VA 23060","23060","Henrico","Townhouse","08/02/2023","$469,950","$470,000","11","Resale (occupied at least once)","2012","West Broad Village","2,234","0.03","4","3.1","Public Water","Sewer - Public","Conventional","Individuals"
"1001","2314504","E000-0706-014","CLOSD","1401 North 20th Street, Richmond City VA 23223","23223","Richmond City","Single Family Residence","08/02/2023","$249,990","$246,000","8","Resale (occupied at least once)","1927","Fairmount Park","1,018","0.09","2","1.1","Public Water","Sewer - Public","Conventional","Corporate"
"1001","2314428","718-66-98-35-400-000","CLOSD","7513 Blue Cedar Place, Chesterfield VA 23832","23832","Chesterfield","Single Family Residence","08/02/2023","$329,990","$348,000","2","Resale (occupied at least once)","1999","Ashbrook","1,202","0.23","3","2.0","Public Water","Sewer - Public","Conventional","Individuals"
"1001","2314356","787-752-1830","CLOSD","513 La Von Drive, Henrico VA 23227","23227","Henrico","Single Family Residence","08/02/2023","$399,995","$382,000","15","Resale (occupied at least once)","2015","Lakeside Terrace","1,794","0.08","3","2.1","Public Water","Sewer - Public","VA New","Individuals"
"1001","2313080","772-735-5697.130","CLOSD","5100 Monument Avenue #Unit914, Henrico VA 23230","23230","Henrico","Condominium","08/02/2023","$225,000","$220,000","55","Resale (occupied at least once)","1961","5100 Monument","1,015","0.02","1","1.0","Public Water","Sewer - Public","Cash","Individuals"
"1001","2312771","815-65-72-46-300-000","CLOSD","12708 Hogans Alley, Chesterfield VA 23836","23836","Chesterfield","Single Family Residence","08/02/2023","$455,000","$475,000","11","Resale (occupied at least once)","1996","Rivers Bend","2,545","0.59","4","2.1","Public Water","Sewer - Public","Conventional","Individuals"
"1001","2312412","725-71-60-82-500-000","CLOSD","2506 Pagehurst Drive, Chesterfield VA 23113","23113","Chesterfield","Townhouse","08/02/2023","$825,000","$799,000","10","New (never occupied)","2022","Salisbury","3,231","","4","3.1","Public Water","Sewer - Public","Conventional","Corporate"
"1001","2232094","728-70-65-92-200-000","CLOSD","305 Randolph View Drive, Chesterfield VA 23114","23114","Chesterfield","Townhouse","08/02/2023","$440,460","$435,460","168","New (never occupied)","2022","Randolph Pond","2,139","","3","2.1","Public Water","Sewer - Public","Conventional","Corporate"
"1001","2230437","728-70-66-91-600-000","CLOSD","13872 Randolph Pond Lane, Chesterfield VA 23114","23114","Chesterfield","Townhouse","08/02/2023","$386,950","$391,990","0","New (never occupied)","2022","Randolph Pond","2,139","","2","2.1","Public Water","Sewer - Public","Conventional","Corporate"
"1001","2224782","W000-0735-056","CLOSD","1625 West Grace Street #Unit2, Richmond City VA 23220","23220","Richmond City","Condominium","08/02/2023","$399,950","$375,000","150","Resale (occupied at least once)","1915","West Grace Street Condo","1,751","0.04","2","2.0","Public Water","Sewer - Public","Conventional","Individuals"
"1001","2222041","763-65-62-65-500-000","CLOSD","8500 Waterfowl flyway, Chesterfield VA 23838","23838","Chesterfield","Single Family Residence","08/02/2023","$620,950","$906,584","0","New (never occupied)","2022","The Highlands","4,121","","4","4.0","Public Water","Septic - Conventional","Conventional","Corporate"
"1001","BRTVAHA2000466","7824-93-2710","CLOSD","16044 Parsons Road, Hanover VA 23015","23015","Hanover","Single Family Residence","08/02/2023","$375,000","$387,500","3","Resale (occupied at least once)","1997","PARSONS RIDGE","2,130","2.00","4","3.0","Well","Septic","",""
"1001","2306696","785-759-9986","CLOSD","633 McCormick Farm Drive, Henrico VA 23060","23060","Henrico","Townhouse","08/03/2023","$334,240","$325,000","20","New (never occupied)","2023","Retreat at One","1,470","","3","2.1","Public Water","Sewer - Public","Conventional","Corporate"
"1001","2305658","785-757-7998","CLOSD","8293 Scott Commons Drive, Henrico VA 23227","23227","Henrico","Townhouse","08/03/2023","$364,990","$364,990","39","New (never occupied)","2023","Glens at Scott Place","1,474","0.05","3","2.1","Public Water","Sewer - Public","Conventional","Corporate"
"1001","2304135","713-67-06-78-800-000","CLOSD","7109 Leire Lane, Chesterfield VA 23832","23832","Chesterfield","Townhouse","08/03/2023","$363,365","$361,685","14","New (never occupied)","2023","Cosby Village Townhomes","2,144","","4","3.1","Public Water","Sewer - Public","Conventional","Corporate"
"1001","2207825","E16-2583-4319","CLOSD","9430 Pocahontas Trail, New Kent VA 23140","23140","New Kent","Single Family Residence","08/03/2023","$536,950","$654,743","108","New (never occupied)","2023","None","2,631","5.50","4","2.1","Well","Septic - Conventional","Conventional","Corporate"
"1001","2309104","765-748-5855.183","CLOSD","2717 St. Elias Drive #UnitA, Henrico VA 23294","23294","Henrico","Condominium","08/03/2023","$359,740","$359,740","10","New (never occupied)","2023","West Broad Landing","1,608","","3","2.1","Public Water","Sewer - Public","Conventional","Corporate"
"1001","2314595","S009-0065-040","CLOSD","3820 Meridian Avenue, Richmond City VA 23234","23234","Richmond City","Single Family Residence","08/03/2023","$322,950","$323,000","12","New (never occupied)","2023","Villa Heights","1,748","0.17","4","2.1","Public Water","Sewer - Public","Conventional","Corporate"
"1001","2230171","779-773-3806","CLOSD","10673 Emeline Drive, Henrico VA 23059","23059","Henrico","Single Family Residence","08/03/2023","$566,550","$598,970","0","New (never occupied)","2022","River Mill","2,205","","3","2.1","Public Water","Sewer - Public","Conventional","Corporate"
"1001","2315712","803-707-4452","CLOSD","1120 Darjoy Lane, Henrico VA 23231","23231","Henrico","Single Family Residence","08/03/2023","$255,000","$275,000","5","Resale (occupied at least once)","1997","Pine Forest","1,556","0.29","3","2.1","Public Water","Sewer - Public","Conventional","Individuals"
"1001","2316023","786-60-93-01-700-000","CLOSD","5003 Gilritchie Court, Chesterfield VA 23803","23803","Chesterfield","Single Family Residence","08/03/2023","$280,000","$297,000","2","Resale (occupied at least once)","1991","Gilritchie","1,510","0.54","3","2.0","Public Water","Sewer - Public","Conventional","Other"
"1001","2312539","738-746-3804","CLOSD","1613 Swansbury Drive, Henrico VA 23238","23238","Henrico","Single Family Residence","08/03/2023","$650,000","$650,000","30","Resale (occupied at least once)","1978","Kingsley","4,754","0.64","6","4.0","Public Water","Sewer - Public","Cash","Individuals"
"1001","2316049","769-760-6002.068","CLOSD","10213 Wolfe Manor Court #Unit608, Henrico VA 23060","23060","Henrico","Condominium","08/03/2023","$218,000","$220,000","4","Resale (occupied at least once)","1991","Laurel Lakes Condo","1,065","0.02","2","2.0","Public Water","Sewer - Public","Conventional","Individuals"
"1001","2313241","805-733-1149","CLOSD","3601 Reynolds Road, Henrico VA 23223","23223","Henrico","Single Family Residence","08/03/2023","$225,000","$254,000","3","Resale (occupied at least once)","1955","Garden City","1,796","0.29","3","1.1","Public Water","Sewer - Public","FHA New","Estate, Individuals"
"1001","2315582","751-715-02-09-00115","CLOSD","10340 Iron Mill Road #Unit10340, Chesterfield VA 23235","23235","Chesterfield","Condominium","08/03/2023","$168,000","$168,000","1","Resale (occupied at least once)","1973","Edgehill Condo","1,272","","3","2.0","Public Water","Sewer - Public","FHA New","Individuals"
"1001","2315659","720-67-87-02-000-000","CLOSD","14606 Back Bay Court, Chesterfield VA 23112","23112","Chesterfield","Townhouse","08/03/2023","$242,900","$242,900","3","Resale (occupied at least once)","1989","Beacon Hill","1,042","0.05","2","2.1","Public Water","Sewer - Public","FHA New","Individuals"
"1001","2315930","751-71-68-91-100-000","CLOSD","9519 Groundhog Drive, Chesterfield VA 23235","23235","Chesterfield","Townhouse","08/03/2023","$289,900","$282,000","13","Resale (occupied at least once)","1981","Edgehill Townhouses","1,778","0.05","3","2.1","Public Water","Sewer - Public","Conventional","Corporate"
"1001","2316319","791-64-77-89-000-000","CLOSD","13109 Bluemont Road, Chesterfield VA 23831","23831","Chesterfield","Single Family Residence","08/03/2023","$269,900","$262,450","9","Resale (occupied at least once)","1976","Hidden Valley Estates","2,285","0.34","3","2.1","Public Water","Sewer - Public","Cash","Corporate"
"1001","2315932","739-69-55-77-000-000","CLOSD","1501 Walden Springs Drive, Chesterfield VA 23114","23114","Chesterfield","Single Family Residence","08/03/2023","$424,990","$480,000","2","Resale (occupied at least once)","1994","Exbury","2,328","0.24","4","2.1","Public Water","Sewer - Public","Conventional","Individuals"
"1001","2315753","704-67-27-45-300-000","CLOSD","6906 Stafford Park Drive, Chesterfield VA 23120","23120","Chesterfield","Single Family Residence","08/03/2023","$575,000","$572,500","4","Resale (occupied at least once)","2017","Magnolia Green","2,694","0.17","4","3.0","Public Water","Sewer - Public","Conventional","Individuals"
"1001","2315408","764-775-5117","CLOSD","11425 Abbots Cross Lane, Henrico VA 23059","23059","Henrico","Townhouse","08/03/2023","$312,000","$323,000","3","Resale (occupied at least once)","2005","The Townes At Hunton Park","1,596","0.07","3","2.1","Public Water","Sewer - Public","Conventional","Individuals"
"1001","2315407","728-62-86-24-600-000","CLOSD","13531 Marsh Elder Court, Chesterfield VA 23838","23838","Chesterfield","Single Family Residence","08/03/2023","$699,950","$700,000","6","Resale (occupied at least once)","2006","Chesdin Landing","5,516","3.59","6","5.2","Public Water","Septic - Engineered","VA New","Individuals"
"1001","2315363","773-68-50-91-400-000","CLOSD","5500 Backwater Terrace, Chesterfield VA 23234","23234","Chesterfield","Single Family Residence","08/03/2023","$350,000","$350,000","20","Resale (occupied at least once)","2004","Meadowbrook Farm","1,987","0.35","4","2.1","Public Water","Sewer - Public","Conventional","Individuals"
"1001","2314970","747-67-59-77-300-000","CLOSD","9712 Qualla Farms Terrace, Chesterfield VA 23832","23832","Chesterfield","Single Family Residence","08/03/2023","$399,900","$425,000","2","Resale (occupied at least once)","2014","Qualla Farms","2,130","0.22","4","2.1","Public Water","Sewer - Public","Conventional","Individuals"
"1001","2314869","754-71-67-70-200-000","CLOSD","8840 Quaker Lane, Chesterfield VA 23235","23235","Chesterfield","Single Family Residence","08/03/2023","$365,000","$325,000","13","Resale (occupied at least once)","1955","Bon Air","1,488","0.92","3","2.0","Public Water","Septic - Conventional","Cash","Individuals"
"1001","2314179","745-769-8363","CLOSD","5086 Willows Green Road, Henrico VA 23059","23059","Henrico","Single Family Residence","08/03/2023","$725,000","$716,000","12","Resale (occupied at least once)","2005","Willows Bend","3,824","0.18","5","3.1","Public Water","Sewer - Public","Conventional","Individuals"
"1001","2314164","736-780-5782","CLOSD","6028 Collinstone Drive, Henrico VA 23059","23059","Henrico","Single Family Residence","08/03/2023","$649,500","$655,000","13","Resale (occupied at least once)","2000","Collinstone Manor At Wyndham","2,697","0.25","4","2.1","Public Water","Sewer - Public","Conventional","Individuals"
"1001","2313978","747-746-3559.120","CLOSD","1500 Largo Road #Unit201, Henrico VA 23238","23238","Henrico","Condominium","08/03/2023","$200,000","$228,000","12","Resale (occupied at least once)","1977","Regency Woods Condominiums","1,364","0.03","3","2.0","Public Water","Sewer - Public","Conventional","REO"
"1001","2313913","7796-76-5698","CLOSD","9108 Spring Green Loop, Hanover VA 23116","23116","Hanover","Townhouse","08/03/2023","$415,000","$408,500","11","Resale (occupied at least once)","2019","Giles Farm","1,824","0.06","3","2.1","Public Water","Sewer - Public","Conventional","Individuals"
"1001","2313880","742-767-6636.013","CLOSD","4660 Twin Hickory Lake Drive #UnitE, Henrico VA 23059","23059","Henrico","Condominium","08/03/2023","$309,950","$320,000","11","Resale (occupied at least once)","2002","Holly Glen","1,440","","2","2.0","Public Water","Sewer - Public","Conventional","Individuals"
"1001","2313643","754-736-9387","CLOSD","8704 September Drive, Henrico VA 23229","23229","Henrico","Single Family Residence","08/03/2023","$649,950","$871,000","7","Resale (occupied at least once)","1958","Roslyn Hills","2,435","0.40","4","2.2","Public Water","Sewer - Public","Cash","Individuals"
"1001","2312912","764-69-90-63-300-000","CLOSD","1701 Forestdale Drive, Chesterfield VA 23235","23235","Chesterfield","Single Family Residence","08/03/2023","$350,000","$325,000","25","Resale (occupied at least once)","1975","Forestdale","2,700","0.29","4","2.1","Public Water","Sewer - Public","Cash","Individuals"
"1001","2303571","775656892600000","CLOSD","6524 Bolles Landing Court, Chesterfield VA 23831","23831","Chesterfield","Townhouse","08/03/2023","$344,745","$344,745","124","New (never occupied)","2023","IronBridge Townhomes","1,639","","3","2.1","Public Water","Sewer - Public","Conventional","Corporate"
"1001","2302810","777-68-53-01-300-000","CLOSD","4903 Crispin Court, Chesterfield VA 23234","23234","Chesterfield","Single Family Residence","08/03/2023","$350,000","$345,000","176","Resale (occupied at least once)","1991","Braxton","1,863","0.17","2","2.0","Public Water","Sewer - Public","VA New","Individuals"
"1001","REIN10482236","000298","CLOSD","3716 Maidens Road, Powhatan VA 23139","23139","Powhatan","Single Family Residence","08/03/2023","$275,500","$272,000","63","Resale (occupied at least once)","1984","POWHATAN - 004","1,116","1.00","3","2.0","Well","Septic","",""
"1001","2314967","725-71-41-94-100-000","CLOSD","2220 Winterfield Road, Chesterfield VA 23113","23113","Chesterfield","Single Family Residence","08/04/2023","$650,000","$650,000","13","Resale (occupied at least once)","1963","Salisbury","2,693","1.11","4","3.0","Public Water","Septic - Conventional","Conventional","Individuals"
"1001","2227291","47-40-1-7-0","CLOSD","2121 Tuckahoe Bridge Drive, Goochland VA 23103","23103","Goochland","Single Family Residence","08/04/2023","$683,950","$818,240","0","New (never occupied)","2023","Tuckahoe Bridge","2,814","0.55","3","3.0","Public Water","Sewer - Public","Conventional","Corporate"
"1001","BRTVAHA2000462","8765-99-3648","CLOSD","2031 Piping Tree Ferry Road, Hanover VA 23111","23111","Hanover","Single Family Residence","08/04/2023","$469,900","$480,000","3","Resale (occupied at least once)","2003","NONE AVAILABLE","2,230","3.00","3","3.0","Well","","",""
"1001","2306268","TBD","CLOSD","9918 Craftsbury Drive, Chesterfield VA 23112","23112","Chesterfield","Single Family Residence","08/04/2023","$565,793","$555,253","36","New (never occupied)","2023","Collington East","2,484","","3","3.1","Public Water","Sewer - Public","Conventional","Corporate"
"1001","2308718","017C-3-12","CLOSD","3402 Upper Tillman Way, Powhatan VA 23139","23139","Powhatan","Single Family Residence","08/04/2023","$399,850","$390,000","50","Resale (occupied at least once)","2005","None","1,769","2.56","3","2.1","Well","Septic - Conventional","FHA New","Individuals"
"1001","2232074","837-691-7714","CLOSD","4800 Darbytown Road, Henrico VA 23231","23231","Henrico","Single Family Residence","08/04/2023","$355,500","$360,000","121","Resale (occupied at least once)","1977","Acreage","2,308","1.02","3","2.1","Well","Septic - Conventional","FHA New","Individuals"
"1001","2316233","029B-10-29","CLOSD","1951 Autumn Oaks Lane, Powhatan VA 23139","23139","Powhatan","Single Family Residence","08/04/2023","$380,000","$385,320","5","Resale (occupied at least once)","1999","Flint Hill","1,667","2.00","3","2.1","Well","Septic - Conventional","FHA New","Individuals"
"1001","2302360","7779-99-5735","CLOSD","220 Randolph Street, Hanover VA 23005","23005","Hanover","Single Family Residence","08/04/2023","$232,000","$225,000","112","Resale (occupied at least once)","2005","None","1,404","0.17","3","2.0","Public Water","Sewer - Public","VA New","Individuals"
"1001","2315033","755-770-0057","CLOSD","5500 Wintercreek Drive, Henrico VA 23060","23060","Henrico","Single Family Residence","08/04/2023","$449,950","$440,000","27","Resale (occupied at least once)","1998","Winterberry","2,024","0.21","4","2.1","Public Water","Sewer - Public","Cash","Individuals"
"1001","2314823","818-65-38-24-600-000","CLOSD","500 Fulcher Lane, Chesterfield VA 23836","23836","Chesterfield","Single Family Residence","08/04/2023","$372,000","$360,000","10","Resale (occupied at least once)","1993","Woodvale","1,998","0.51","5","3.0","Public Water","Septic - Conventional","VA New","Individuals"
"1001","2316460","782-66-63-67-600-000","CLOSD","9311 Rainwood Road, Chesterfield VA 23237","23237","Chesterfield","Single Family Residence","08/04/2023","$280,000","$282,000","3","Resale (occupied at least once)","1980","Chesswood","1,104","0.20","3","2.0","Public Water","Sewer - Public","VA New","Individuals"
"1001","2316474","766-748-8470","CLOSD","7304 Fountain Avenue, Henrico VA 23228","23228","Henrico","Single Family Residence","08/04/2023","$285,000","$278,100","12","Resale (occupied at least once)","1954","West Broad Street Gardens","1,326","0.26","3","2.0","Public Water","None","Conventional","Individuals"
"1001","2310768","33B13-32M-4","CLOSD","11794 Kings Pond Drive, New Kent VA 23140","23140","New Kent","Single Family Residence","08/04/2023","$729,950","$729,950","17","Resale (occupied at least once)","2006","Brickshire","4,685","0.53","5","3.1","Public Water","Sewer - Public","Conventional","Individuals"
"1001","2308076","N000-0975-008","CLOSD","3006 Barton Avenue, Richmond City VA 23224","23224","Richmond City","Single Family Residence","08/04/2023","$330,000","$326,500","73","Resale (occupied at least once)","1922","Brookland Park","1,728","0.12","3","2.1","Public Water","Sewer - Public","Conventional","Other"
"1001","2311787","7841-20-4937","CLOSD","14056 Little Bear Court, Hanover VA 23192","23192","Hanover","Single Family Residence","08/04/2023","$624,900","$625,000","10","Resale (occupied at least once)","2005","The Hollows","3,688","3.32","4","3.1","Well","Septic - Engineered","Conventional","Individuals"
"1001","2301712","C007-0133-044","CLOSD","6261 Warwick Road, Richmond City VA 23225","23225","Richmond City","Single Family Residence","08/04/2023","$315,000","$305,000","133","New (never occupied)","2023","Worthington Farms","1,850","0.28","3","2.1","Public Water","Sewer - Public","FHA New","Individuals"
"1001","2313862","778-69-19-05-000-000","CLOSD","4657 Downland Road, Chesterfield VA 23234","23234","Chesterfield","Single Family Residence","08/04/2023","$300,000","$315,000","7","Resale (occupied at least once)","1963","Garland Heights","3,200","0.57","4","2.0","Public Water","Sewer - Public","Conventional","Estate"
"1001","2313335","817-679-2611","CLOSD","8874 Strath Road, Henrico VA 23231","23231","Henrico","Single Family Residence","08/04/2023","$228,500","$219,000","7","Resale (occupied at least once)","1947","Varina","750","1.25","3","1.0","Well","Septic - Conventional","Conventional","Corporate"
"1001","2315393","817-65-50-64-400-000","CLOSD","506 Greenside Court, Chesterfield VA 23836","23836","Chesterfield","Single Family Residence","08/04/2023","$425,000","$425,000","10","Resale (occupied at least once)","1999","Rivers Bend","2,753","0.28","5","2.1","Public Water","Sewer - Public","VA New","Individuals"
"1001","2316237","N000-1162-005","CLOSD","3412 Maryland Avenue, Richmond City VA 23222","23222","Richmond City","Single Family Residence","08/04/2023","$355,000","$370,000","6","Resale (occupied at least once)","1915","North Highland Park","2,088","0.11","3","2.1","Public Water","Sewer - Public","Conventional","Individuals"
"1001","2310261","19H 1 31","CLOSD","3542 Rock Creek Villa Drive, New Kent VA 23141","23141","New Kent","Single Family Residence","08/04/2023","$385,000","$385,000","60","Resale (occupied at least once)","2014","Rock Creek Villas","1,826","0.13","3","2.0","Public Water","Sewer - Public","Conventional","Individuals"
"1001","2315360","7797-27-5162","CLOSD","9371 Windsor Shade Drive, Hanover VA 23116","23116","Hanover","Single Family Residence","08/04/2023","$464,900","$465,000","6","Resale (occupied at least once)","1995","Kings Charter","2,118","0.24","4","2.1","Public Water","Sewer - Public","VA New","Individuals"
"1001","2312894","761-64-95-79-100-000","CLOSD","11702 Glendevon Terrace, Chesterfield VA 23838","23838","Chesterfield","Single Family Residence","08/04/2023","$589,950","$590,000","14","Resale (occupied at least once)","1993","The Highlands","3,761","1.04","5","3.1","Public Water","Septic - Conventional","VA New","Individuals"
"1001","2312981","736-755-6315.024","CLOSD","2670 Trellis Green Circle, Henrico VA 23233","23233","Henrico","Condominium","08/04/2023","$559,000","$552,000","23","Resale (occupied at least once)","2010","Church Road Commons Condos Ph 4","2,785","0.12","4","2.1","Public Water","Sewer - Public","Cash","Individuals"
"1001","2232187","TBD","CLOSD","13252 Coalfield Station Lane, Chesterfield VA 23114","23114","Chesterfield","Condominium","08/04/2023","$331,190","$326,190","25","New (never occupied)","2023","Coalfield Station","1,623","","2","2.1","Public Water","Sewer - Public","Cash","Corporate"
"1001","2317274","723-70-60-84-900-000","CLOSD","501 Colony Oak Lane, Chesterfield VA 23114","23114","Chesterfield","Single Family Residence","08/04/2023","$565,000","$565,000","3","Resale (occupied at least once)","2009","Haywood Village At Charter Colony","2,904","0.33","4","2.1","Public Water","Sewer - Public","Cash","Individuals"
"1001","2317078","781-68-16-95-700-000","CLOSD","4223 Cedardale Lane, Chesterfield VA 23234","23234","Chesterfield","Single Family Residence","08/04/2023","$240,000","$265,000","2","Resale (occupied at least once)","1977","Cedar Acres","1,144","0.24","3","1.0","Public Water","Sewer - Public","Conventional","Individuals"
"1001","2317010","782-762-0317","CLOSD","1421 Rhode Island Avenue, Henrico VA 23060","23060","Henrico","Single Family Residence","08/04/2023","$299,950","$315,000","6","Resale (occupied at least once)","1955","Biltmore","1,596","0.42","3","1.1","Public Water","Sewer - Public","Cash","Estate"
"1001","2316928","W020-0185-019","CLOSD","106 Granite Avenue, Richmond City VA 23226","23226","Richmond City","Single Family Residence","08/04/2023","$525,000","$630,000","10","Resale (occupied at least once)","1922","Westview","1,620","0.18","2","1.1","Public Water","Sewer - Public","Conventional","Individuals"
"1001","2316680","753-755-6717","CLOSD","2975 Queensland Drive #Unit2975, Henrico VA 23294","23294","Henrico","Townhouse","08/04/2023","$289,950","$300,319","5","Resale (occupied at least once)","1999","Pemberton Oaks Townhouses","1,280","0.04","3","2.1","Public Water","Sewer - Public","Cash","Individuals"
"1001","2316651","769-736-7088","CLOSD","5704 Wythe Avenue, Henrico VA 23226","23226","Henrico","Single Family Residence","08/04/2023","$289,000","$361,000","4","Resale (occupied at least once)","1952","Monument Ave Crest","1,026","0.20","3","1.0","Public Water","Sewer - Public","Cash","Individuals"
"1001","2316622","730-751-4166","CLOSD","12308 Lullington Drive, Henrico VA 23238","23238","Henrico","Single Family Residence","08/04/2023","$379,900","$420,000","1","Resale (occupied at least once)","1976","Tuckahoe Village West","2,617","0.38","3","2.1","Public Water","Sewer - Public","Conventional","Individuals"
"1001","2316588","748-750-6738","CLOSD","9601 January Way, Henrico VA 23238","23238","Henrico","Single Family Residence","08/04/2023","$500,000","$550,000","5","Resale (occupied at least once)","1983","Oldhouse Run","2,428","0.45","4","2.1","Public Water","Sewer - Public","Conventional","Individuals"
"1001","2316568","C001-1004-066","CLOSD","10023 Hobby Hill Road, Richmond City VA 23235","23235","Richmond City","Single Family Residence","08/04/2023","$462,000","$561,500","5","Resale (occupied at least once)","1959","Hobby Hill Farms","2,032","0.66","3","2.0","Public Water","Sewer - Public","Cash","Individuals"
"1001","2316554","7880-12-4311","CLOSD","811 Sweet Tessa Drive, Hanover VA 23005","23005","Hanover","Townhouse","08/04/2023","$270,000","$287,000","2","Resale (occupied at least once)","2009","Cottage Green Townes","1,502","0.03","3","2.1","Public Water","Sewer - Public","Conventional","Individuals"
"1001","2316550","735-70-06-61-500-000","CLOSD","12508 Triton Springs Drive, Chesterfield VA 23114","23114","Chesterfield","Single Family Residence","08/04/2023","$529,000","$550,000","2","Resale (occupied at least once)","1996","Walton Lake","2,876","0.36","5","2.1","Public Water","Sewer - Public","Conventional","Individuals"
"1001","2316260","757-765-9359","CLOSD","9208 Crystal Pointe Place, Henrico VA 23060","23060","Henrico","Single Family Residence","08/04/2023","$399,900","$425,000","1","Resale (occupied at least once)","1988","Reids Pointe","1,861","0.27","4","2.1","Public Water","Sewer - Public","Cash","Individuals"
"1001","2316159","7863-48-8618","CLOSD","12397 New Market Mill Road, Hanover VA 23015","23015","Hanover","Single Family Residence","08/04/2023","$385,000","$422,500","4","Resale (occupied at least once)","1979","None","1,740","3.21","4","2.0","Well","Septic - Conventional","Conventional","Individuals"
"1001","2315928","735-66-98-89-500-000","CLOSD","12801 Bailey Valley Drive, Chesterfield VA 23112","23112","Chesterfield","Single Family Residence","08/04/2023","$500,000","$500,000","2","Resale (occupied at least once)","2016","Bayhill Pointe","2,804","0.40","4","2.1","Public Water","Sewer - Public","Cash","Individuals"
"1001","2315893","S007-0815-004","CLOSD","3008 Stockton Street, Richmond City VA 23224","23224","Richmond City","Single Family Residence","08/04/2023","$235,000","$245,000","4","Resale (occupied at least once)","1920","Burfoot Addition","1,155","0.12","3","2.0","Public Water","Sewer - Public","FHA New","Corporate"
"1001","2315877","756-65-04-50-400-000","CLOSD","11530 Park Branch Lane, Chesterfield VA 23838","23838","Chesterfield","Single Family Residence","08/04/2023","$810,000","$810,000","2","Resale (occupied at least once)","2004","Woodland Pond","4,089","1.23","4","4.1","Public Water","Septic - Conventional","Cash","Individuals"
"1001","2315842","785-751-8189","CLOSD","803 Lakeside Boulevard, Henrico VA 23227","23227","Henrico","Single Family Residence","08/04/2023","$325,000","$368,000","4","Resale (occupied at least once)","2014","Lakeside Terrace","1,429","0.18","3","3.0","Public Water","Sewer - Public","Conventional","Individuals"
"1001","2315839","W020-0062-025","CLOSD","5310 Horne Street, Richmond City VA 23226","23226","Richmond City","Single Family Residence","08/04/2023","$215,000","$252,000","4","Resale (occupied at least once)","1962","Westwood","888","0.09","3","1.0","Public Water","Sewer - Public","Cash","Individuals"
"1001","2315826","W000-0162-046","CLOSD","721 Holly Street #Unit721, Richmond City VA 23220","23220","Richmond City","Townhouse","08/04/2023","$382,500","$375,000","6","Resale (occupied at least once)","2005","Overlook Townhouses","1,580","0.04","2","2.1","Public Water","Sewer - Public","Cash","Individuals"
"1001","2315758","7883-78-1533","CLOSD","10591 Farm Hill Lane, Hanover VA 23047","23047","Hanover","Single Family Residence","08/04/2023","$199,000","$199,000","7","Resale (occupied at least once)","2001","None","2,079","6.95","4","2.0","Well","Septic - Conventional","Cash","Individuals"
"1001","2315752","707-68-24-10-000-000","CLOSD","4713 Crosswycke Drive, Chesterfield VA 23120","23120","Chesterfield","Single Family Residence","08/04/2023","$645,000","$645,000","4","Resale (occupied at least once)","2016","Westerleigh","3,776","0.28","5","3.0","Public Water","Sewer - Public","Conventional","Individuals"
"1001","2315626","730-71-42-68-500-000","CLOSD","13371 Kingsmill Road, Chesterfield VA 23113","23113","Chesterfield","Single Family Residence","08/04/2023","$629,000","$650,000","10","Resale (occupied at least once)","1966","Salisbury","2,807","1.12","5","3.1","Public Water","Septic - Conventional","Conventional","Individuals"
"1001","2315512","807-716-8974","CLOSD","2605 Gay Avenue, Henrico VA 23231","23231","Henrico","Single Family Residence","08/04/2023","$215,000","$232,000","6","Resale (occupied at least once)","1955","Shurm Heights","1,098","0.29","3","1.0","Public Water","Sewer - Public","FHA New","Individuals"
"1001","2315490","731-753-5680","CLOSD","2603 Towngate Court, Henrico VA 23233","23233","Henrico","Townhouse","08/04/2023","$285,000","$307,000","8","Resale (occupied at least once)","1985","Cedar Hill","1,500","0.04","2","2.0","Public Water","Sewer - Public","Conventional","Corporate, Individuals"
"1001","2315038","748-773-0772","CLOSD","12025 Wheat Ridge Court, Henrico VA 23059","23059","Henrico","Single Family Residence","08/04/2023","$669,500","$704,099","5","Resale (occupied at least once)","2003","Wyndham Forest","3,390","0.37","4","2.1","Public Water","Sewer - Public","Conventional","Individuals"
"1001","2315015","826-725-1007","CLOSD","248 North New Avenue, Henrico VA 23075","23075","Henrico","Single Family Residence","08/04/2023","$235,000","$237,000","7","Resale (occupied at least once)","1999","Highland Springs","1,056","0.21","3","2.0","Public Water","Sewer - Public","FHA New","Individuals"
"1001","2314883","779-66-20-22-500-000","CLOSD","5603 Oakdell Place, Chesterfield VA 23237","23237","Chesterfield","Single Family Residence","08/04/2023","$415,000","$395,500","10","Resale (occupied at least once)","1996","North Oaks","2,088","0.39","4","2.1","Public Water","Sewer - Public","Conventional","Individuals"
"1001","2314858","809-720-9809","CLOSD","4405 Foxfire Lane, Henrico VA 23223","23223","Henrico","Townhouse","08/04/2023","$225,000","$225,000","3","Resale (occupied at least once)","1975","Foxhill Townhouses","1,325","0.05","3","1.1","Public Water","Sewer - Public","FHA New","Individuals"
"1001","2314598","W000-1199-006","CLOSD","206 South Mulberry Street, Richmond City VA 23220","23220","Richmond City","Single Family Residence","08/04/2023","$440,000","$515,000","6","Resale (occupied at least once)","1921","None","1,414","0.05","3","2.0","Public Water","Sewer - Public","Conventional","Individuals"
"1001","2314516","S000-0760-018","CLOSD","1713 Ingram Avenue, Richmond City VA 23224","23224","Richmond City","Single Family Residence","08/04/2023","$235,000","$240,000","5","Resale (occupied at least once)","1933","Mason Park","894","0.11","2","2.0","Public Water","Sewer - Public","VHDA ","Individuals"
"1001","2314423","744-747-3051","CLOSD","1717 Foxcreek Circle #UnitEnd unit, Henrico VA 23238","23238","Henrico","Townhouse","08/04/2023","$335,000","$320,000","16","Resale (occupied at least once)","1979","Foxfire","1,588","0.11","3","2.0","Public Water","Sewer - Public","Conventional","Individuals"
"1001","2314419","8714-91-3119","CLOSD","7142 Mccauley Lane, Hanover VA 23111","23111","Hanover","Single Family Residence","08/04/2023","$365,000","$365,000","10","Resale (occupied at least once)","2020","Milton Woods At Highpoint","2,184","0.64","3","2.1","Public Water","Sewer - Public","Conventional","Individuals"
"1001","2314384","724-67-86-91-300-000","CLOSD","5514 West Bay Court, Chesterfield VA 23112","23112","Chesterfield","Single Family Residence","08/04/2023","$599,000","$550,000","6","Resale (occupied at least once)","1987","Woodlake","3,441","0.44","4","2.2","Public Water","Sewer - Public","Conventional","Individuals"
"1001","2314186","728-70-65-92-000-000","CLOSD","309 Randolph View Drive, Chesterfield VA 23114","23114","Chesterfield","Townhouse","08/04/2023","$407,000","$402,000","3","New (never occupied)","2022","Randolph Pond","2,122","","3","3.1","Public Water","Sewer - Public","Conventional","Corporate"
"1001","2314131","8727-60-1716","CLOSD","6211 Studley Road, Hanover VA 23116","23116","Hanover","Single Family Residence","08/04/2023","$450,000","$460,000","2","Resale (occupied at least once)","1971","None","2,088","8.07","3","2.0","Well","Septic - Conventional","Conventional","Individuals"
"1001","2314092","8705-24-6953","CLOSD","8490 Windsor Walk Lane, Hanover VA 23116","23116","Hanover","Single Family Residence","08/04/2023","$475,000","$522,000","4","Resale (occupied at least once)","1997","Summer Walk","2,973","0.53","4","3.1","Public Water","Sewer - Public","Conventional","Individuals"
"1001","2313778","7758-38-0294","CLOSD","13396 Greenwood Road, Hanover VA 23059","23059","Hanover","Single Family Residence","08/04/2023","$375,000","$390,000","3","Resale (occupied at least once)","1966","None","2,200","1.00","3","2.1","Well","Septic - Conventional","Conventional","Corporate"
"1001","2313506","714-66-39-26-800-000","CLOSD","8649 Corsica Drive, Chesterfield VA 23832","23832","Chesterfield","Single Family Residence","08/04/2023","$539,950","$532,500","14","Resale (occupied at least once)","2016","Harpers Mill","3,088","0.49","5","2.1","Public Water","Sewer - Public","VA New","Individuals"
"1001","2313412","E000-0811-013","CLOSD","306 North 33rd Street, Richmond City VA 23223","23223","Richmond City","Single Family Residence","08/04/2023","$399,000","$405,000","14","Resale (occupied at least once)","1911","East End","1,680","0.03","3","1.1","Public Water","Sewer - Public","Conventional","Individuals"
"1001","2313326","747-738-6173.083","CLOSD","9008 Wood Sorrel Drive, Henrico VA 23229","23229","Henrico","Condominium","08/04/2023","$525,000","$530,000","5","Resale (occupied at least once)","1982","Mooreland Commons","2,140","0.06","3","2.1","Public Water","Sewer - Public","Cash","Individuals"
"1001","2313222","753-754-3774","CLOSD","3042 Montfort Loop, Henrico VA 23294","23294","Henrico","Townhouse","08/04/2023","$275,000","$286,000","5","Resale (occupied at least once)","1995","Pemberton Oaks Townhouses","1,180","0.06","3","2.1","Public Water","Sewer - Public","Conventional","Individuals"
"1001","2311398","823-722-4089","CLOSD","509 Highland Drive, Henrico VA 23075","23075","Henrico","Single Family Residence","08/04/2023","$270,000","$270,000","40","Resale (occupied at least once)","1951","Highland Village","1,413","0.17","4","2.0","Public Water","Sewer - Public","FHA New","Individuals"
"1001","2310875","W000-0735-074","CLOSD","1630 Monument Avenue #UnitU18, Richmond City VA 23220","23220","Richmond City","Condominium","08/04/2023","$239,000","$290,000","6","Resale (occupied at least once)","1925","Monument Terrace","897","0.02","2","1.0","Public Water","Sewer - Public","Conventional","Individuals"
"1001","2310769","798-63-49-81-800-000","CLOSD","2805 Mimi Avenue, Chesterfield VA 23831","23831","Chesterfield","Single Family Residence","08/04/2023","$230,000","$240,000","5","Resale (occupied at least once)","1978","Searcy","1,056","0.30","3","1.0","Public Water","Sewer - Public","Conventional","Individuals"
"1001","2310686","730-71-56-62-600-000","CLOSD","13329 Starcross Road, Chesterfield VA 23113","23113","Chesterfield","Single Family Residence","08/04/2023","$550,000","$505,000","50","Resale (occupied at least once)","1967","Salisbury","2,464","0.92","4","2.1","Public Water","Septic - Conventional","Conventional","Individuals"
"1001","2310407","W000-1790-025","CLOSD","4010 Wythe Avenue, Richmond City VA 23221","23221","Richmond City","Single Family Residence","08/04/2023","$749,000","$700,000","66","Resale (occupied at least once)","1933","Monument Avenue Gardens","1,702","0.15","3","2.1","Public Water","Sewer - Public","Conventional","Individuals"
"1001","2309717","761-68-47-72-300-000","CLOSD","5018 Wilconna Road, Chesterfield VA 23832","23832","Chesterfield","Single Family Residence","08/04/2023","$315,000","$325,000","9","Resale (occupied at least once)","1986","Glen Wood","1,356","0.27","4","2.0","Public Water","Sewer - Public","VHDA/FHA","Individuals"
"1001","2308651","7850-70-4298","CLOSD","13125 Greenwood Creek Drive, Hanover VA 23005","23005","Hanover","Single Family Residence","08/04/2023","$774,999","$774,999","30","Resale (occupied at least once)","2006","None","3,918","5.62","4","2.1","Well","Septic - Conventional","Conventional","Individuals"
"1001","2308517","43-32-0-2-0","CLOSD","2588 Sheppard Town Road, Goochland VA 23102","23102","Goochland","Single Family Residence","08/04/2023","$455,000","$455,000","51","Resale (occupied at least once)","1998","Longwood Iv","2,104","4.42","4","3.0","Well","Septic - Conventional","Conventional","Corporate"
"1001","2307282","815-65-77-16-400-000","CLOSD","425 Villas Court, Chesterfield VA 23836","23836","Chesterfield","Single Family Residence","08/04/2023","$449,900","$425,000","88","Resale (occupied at least once)","2002","Rivers Bend","2,405","0.17","3","2.1","Public Water","None","Cash","Individuals"
"1001","BRTVACF2000586","707682410000000","CLOSD","4713 Crosswycke Drive, Chesterfield VA 23120","23120","Chesterfield","Single Family Residence","08/04/2023","$645,000","$645,000","0","Resale (occupied at least once)","2016","WESTERLEIGH","3,776","0.28","5","3.0","Public Water","Public Sewer On Site","",""
"1001","BRTVAHN2000286","855-698-6828","CLOSD","4749 Red Coach Lane, Henrico VA 23150","23150","Henrico","Single Family Residence","08/04/2023","$345,900","$340,000","34","Resale (occupied at least once)","1986","NONE AVAILABLE","1,934","0.75","3","3.0","Well","","",""
"1001","REIN10489658","19H 1 31","CLOSD","3542 Rock Creek Villa Drive, New Kent VA 23141","23141","New Kent","Single Family Residence","08/04/2023","$399,990","$385,000","28","Resale (occupied at least once)","2014","ALL OTHERS AREA 140","1,826","","3","2.0","Public Water","Public Sewer On Site","",""
"1001","REIN10485581","33B13-32M-4","CLOSD","11794 Kings Pond Drive, New Kent VA 23140","23140","New Kent","Single Family Residence","08/04/2023","$729,950","$729,950","16","Resale (occupied at least once)","2006","BRICKSHIRE","4,685","0.53","5","4.0","Public Water","Public Sewer On Site","",""
"1001","REIN10485264","798-63-49-81-800-000","CLOSD","2805 Mimi Avenue, Chesterfield VA 23831","23831","Chesterfield","Single Family Residence","08/04/2023","$230,000","$240,000","69","Resale (occupied at least once)","1978","ALL OTHERS AREA 143","1,056","0.30","3","1.0","Public Water","Public Sewer On Site","",""
"1001","2318812","756620049300000","CLOSD","10325 Westland Way, Chesterfield VA 23803","23803","Chesterfield","Single Family Residence","08/04/2023","$448,380","$448,990","1","New (never occupied)","2023","None","2,632","","4","2.1","Public Water","Sewer - Public","VA New","Corporate"
"1001","2313707","743-766-1416","CLOSD","4517 Hickory Lake Court, Henrico VA 23059","23059","Henrico","Single Family Residence","08/05/2023","$749,000","$841,000","4","Resale (occupied at least once)","2003","Waters Edge At Twin Hickory","4,074","0.32","5","4.1","Public Water","Sewer - Public","Conventional","Individuals"
"1001","2305544","33B13 22Q 47","CLOSD","4955 Ashborough Drive #Unit4955, New Kent VA 23140","23140","New Kent","Single Family Residence","08/07/2023","$599,000","$585,000","115","Resale (occupied at least once)","2003","Brickshire","3,800","0.78","5","3.1","Public Water","Sewer - Public","VA New","Individuals"
"1001","BRTVAGO2000136","43-1-0-7-C","CLOSD","2491 Fairground Road, Goochland VA 23102","23102","Goochland","","08/07/2023","$289,900","$300,000","6","Resale (occupied at least once)","1997","NONE AVAILABLE","2,156","1.68","4","2.0","Well","Septic","",""
"1001","2231648","761643207800000","CLOSD","8701 Mckibben Drive, Chesterfield VA 23838","23838","Chesterfield","Single Family Residence","08/07/2023","$588,935","$598,125","0","New (never occupied)","2022","Lake Margaret","3,766","","5","4.0","Public Water","Sewer - Public","VA New","Corporate"
"1001","2312655","740-69-02-85-000-000","CLOSD","2505 Colgrave Road, Chesterfield VA 23112","23112","Chesterfield","Single Family Residence","08/07/2023","$292,000","$300,000","6","Resale (occupied at least once)","1986","Clarendon","1,346","0.32","3","2.0","Public Water","Sewer - Public","FHA New","Individuals"
"1001","2302237","J13-3760-4423","CLOSD","7991 Winter Fog Drive, New Kent VA 23124","23124","New Kent","Single Family Residence","08/07/2023","$434,245","$437,635","0","New (never occupied)","2022","Renaissance at Four Seasons","2,627","","3","3.0","Public Water","Sewer - Public","Conventional","Corporate"
"1001","2306516","755-69-07-84-500-000","CLOSD","2918 Broadstone Court, Chesterfield VA 23236","23236","Chesterfield","Single Family Residence","08/07/2023","$588,913","$578,543","62","New (never occupied)","2023","Bexley East","2,830","","4","2.1","Public Water","Sewer - Public","Conventional","Corporate"
"1001","2314146","N000-0861-010","CLOSD","2905 Northumberland Avenue, Richmond City VA 23220","23220","Richmond City","Single Family Residence","08/07/2023","$479,000","$462,200","23","Resale (occupied at least once)","1925","Hammond Place","2,246","0.24","5","3.0","Public Water","Sewer - Public","Conventional","Corporate"
"1001","2312335","E000-0336-023","CLOSD","511 North 24th Street, Richmond City VA 23223","23223","Richmond City","Single Family Residence","08/07/2023","$549,000","$597,000","14","Resale (occupied at least once)","1856","None","2,361","0.08","3","3.1","Public Water","Sewer - Public","Conventional","Individuals"
"1001","2312888","803-733-2384","CLOSD","2601 Byron Street, Henrico VA 23223","23223","Henrico","Single Family Residence","08/07/2023","$245,900","$248,000","18","Resale (occupied at least once)","1951","Pemberton Place","1,392","0.22","4","2.0","Public Water","Sewer - Public","FHA New","Individuals"
"1001","2316252","19B2 1CE 22","CLOSD","3731 Horseshoe Drive, New Kent VA 23141","23141","New Kent","Single Family Residence","08/07/2023","$349,950","$371,000","4","Resale (occupied at least once)","1978","Five Lakes","1,897","0.48","4","2.1","Community Well","Septic - Conventional","VA New","Individuals"
"1001","2315643","718-67-52-32-300-000","CLOSD","6300 Walnut Bend Terrace, Chesterfield VA 23112","23112","Chesterfield","Single Family Residence","08/07/2023","$499,900","$495,000","12","Resale (occupied at least once)","1989","Woodlake","2,893","0.28","4","2.1","Public Water","Sewer - Public","Conventional","Individuals"
"1001","2315602","762-763-6239","CLOSD","3704 Coles Point Way, Henrico VA 23060","23060","Henrico","Townhouse","08/07/2023","$415,000","$427,000","3","Resale (occupied at least once)","2004","Townes At Crossridge","2,020","0.08","3","2.1","Public Water","Sewer - Public","Conventional","Individuals"
"1001","2313588","821-64-40-18-400-000","CLOSD","14312 Traywick Drive, Chesterfield VA 23836","23836","Chesterfield","Single Family Residence","08/07/2023","$329,000","$340,000","17","Resale (occupied at least once)","1989","Point Of Rocks Estates","1,526","0.22","3","2.0","Public Water","Sewer - Public","FHA New","Individuals"
"1001","2309779","715-69-36-53-800-000","CLOSD","15309 Willowvale Drive, Chesterfield VA 23112","23112","Chesterfield","Single Family Residence","08/07/2023","$575,000","$570,000","73","Resale (occupied at least once)","2022","Newmarket","3,026","0.17","5","3.1","Public Water","Sewer - Public","Conventional","Individuals"
"1001","2305499","728706691800000","CLOSD","13876 Randolph Pond Lane, Chesterfield VA 23114","23114","Chesterfield","Townhouse","08/07/2023","$437,860","$432,860","98","New (never occupied)","2023","Randolph Pond","2,059","","3","3.1","Public Water","Sewer - Public","Conventional","Corporate"
"1001","2314311","779-745-0609","CLOSD","2608 Dumbarton Road, Henrico VA 23228","23228","Henrico","Single Family Residence","08/07/2023","$360,000","$360,000","19","Resale (occupied at least once)","1950","Lakeside","1,586","0.23","4","2.0","Public Water","Sewer - Public","Conventional","Individuals"
"1001","2312800","800-728-2051","CLOSD","1805 Cleary Road, Henrico VA 23223","23223","Henrico","Single Family Residence","08/07/2023","$269,990","$275,000","17","Resale (occupied at least once)","1957","Central Gardens","1,266","0.22","3","2.0","Public Water","Sewer - Public","FHA New","Individuals"
"1001","2316999","795-738-4307","CLOSD","621 Ratcliffe Avenue, Henrico VA 23222","23222","Henrico","Single Family Residence","08/07/2023","$284,999","$295,000","5","Resale (occupied at least once)","1953","Highland Gardens","1,528","0.19","4","2.0","Public Water","Sewer - Public","Conventional","Individuals"
"1001","2316737","721-67-21-67-700-018","CLOSD","206 Water Pointe Court, Chesterfield VA 23112","23112","Chesterfield","Condominium","08/07/2023","$250,000","$267,000","2","Resale (occupied at least once)","1986","Water Pointe Condo","1,216","2.46","2","2.0","Public Water","None","Conventional","Individuals"
"1001","2316608","N0000491005","CLOSD","2210 Monteiro, Richmond City VA 23222","23222","Richmond City","Single Family Residence","08/07/2023","$199,000","$190,000","13","Resale (occupied at least once)","1948","Barton Heights","1,930","","4","2.0","Public Water","Sewer - Public","Cash","Individuals"
"1001","2316537","W020-0077-002","CLOSD","813 Parrish Street, Richmond City VA 23226","23226","Richmond City","Single Family Residence","08/07/2023","$250,000","$260,000","3","Resale (occupied at least once)","1960","Westwood","1,562","0.16","4","1.0","Public Water","Sewer - Public","Cash","Individuals"
"1001","2316131","785-752-4300","CLOSD","1000 Lakeside Boulevard, Henrico VA 23227","23227","Henrico","Single Family Residence","08/07/2023","$299,900","$300,000","3","Resale (occupied at least once)","1968","Lakeside Terrace","1,776","0.15","3","2.0","Public Water","Sewer - Public","Conventional","Individuals"
"1001","2315874","S008-0885-051","CLOSD","2403 Bells Road, Richmond City VA 23234","23234","Richmond City","Single Family Residence","08/07/2023","$225,000","$225,000","9","Resale (occupied at least once)","1974","Carbury Park","1,468","0.47","2","1.1","Public Water","Sewer - Public","Conventional","Individuals"
"1001","2315755","710-66-57-68-500-000","CLOSD","8232 Hampton Green Drive, Chesterfield VA 23832","23832","Chesterfield","Single Family Residence","08/07/2023","$499,900","$515,000","2","Resale (occupied at least once)","2003","Hampton Park","3,101","0.26","4","2.1","Public Water","Sewer - Public","Conventional","Individuals"
"1001","2315503","750-742-8262","CLOSD","9023 Weldon Drive, Henrico VA 23229","23229","Henrico","Single Family Residence","08/07/2023","$299,950","$321,000","6","Resale (occupied at least once)","1955","Greenbriar Hills","1,172","0.34","3","1.0","Public Water","Sewer - Public","Cash","Individuals"
"1001","2315339","757-764-4025","CLOSD","9308 Howze Road, Henrico VA 23060","23060","Henrico","Single Family Residence","08/07/2023","$330,000","$357,500","5","Resale (occupied at least once)","1978","Broad Meadows","1,568","0.19","3","2.1","Public Water","Sewer - Public","Conventional","Individuals"
"1001","2315143","782-761-7564","CLOSD","1405 Pennsylvania Avenue, Henrico VA 23060","23060","Henrico","Single Family Residence","08/07/2023","$325,000","$350,000","6","Resale (occupied at least once)","2017","Biltmore","1,623","0.16","3","2.1","Public Water","Sewer - Public","Conventional","Individuals"
"1001","2315078","780-68-90-00-300-000","CLOSD","5208 South Prestonwood Avenue, Chesterfield VA 23234","23234","Chesterfield","Single Family Residence","08/07/2023","$270,000","$301,100","4","Resale (occupied at least once)","1962","Beechwood","1,456","0.46","3","1.1","Public Water","Sewer - Public","Conventional","Individuals"
"1001","2315020","8734-83-1166","CLOSD","5086 Old Traveller Lane, Hanover VA 23111","23111","Hanover","Single Family Residence","08/07/2023","$575,000","$575,000","5","Resale (occupied at least once)","1990","Cold Harbor Forest","3,485","2.21","4","2.1","Well","Septic - Conventional","FHA New","Individuals"
"1001","2315003","8717-03-1140","CLOSD","7698 Rural Point Road, Hanover VA 23116","23116","Hanover","Single Family Residence","08/07/2023","$475,000","$516,000","3","Resale (occupied at least once)","2007","None","2,519","1.21","4","2.1","Well","Septic - Conventional","VA New","Individuals"
"1001","2314710","793-737-0633","CLOSD","3917 Grayson Street, Henrico VA 23222","23222","Henrico","Single Family Residence","08/07/2023","$284,000","$277,500","0","Resale (occupied at least once)","1982","Providence Park Annex","1,375","0.17","3","2.0","Public Water","Sewer - Public","Conventional","Individuals"
"1001","2314617","8743-11-8444","CLOSD","5318 Cold Harbor Road, Hanover VA 23111","23111","Hanover","Single Family Residence","08/07/2023","$299,000","$275,000","15","Resale (occupied at least once)","1952","Cold Harbor","1,436","6.61","2","1.0","Well","Septic - Conventional","Cash","Individuals"
"1001","2314568","E000-0616-001","CLOSD","1320 North 23rd Street, Richmond City VA 23223","23223","Richmond City","Single Family Residence","08/07/2023","$424,950","$425,000","32","Resale (occupied at least once)","1900","Fairmount Park","2,444","0.13","4","4.1","Public Water","Sewer - Public","Conventional","Other"
"1001","2313389","786-751-1793","CLOSD","711 Lakeside Boulevard, Henrico VA 23227","23227","Henrico","Single Family Residence","08/07/2023","$235,000","$265,000","5","Resale (occupied at least once)","1940","Lakeside Terrace","921","0.27","2","1.0","Public Water","Sewer - Public","Cash","Individuals"
"1001","2313142","709-68-40-49-400-000","CLOSD","4506 Lake Summer Mews, Chesterfield VA 23120","23120","Chesterfield","Single Family Residence","08/07/2023","$625,000","$645,000","2","Resale (occupied at least once)","2006","Summer Lake","4,128","0.30","6","3.1","Public Water","Sewer - Public","Conventional","Individuals"
"1001","2312428","750-68-12-25-700-000","CLOSD","4424 Oxbridge Road, Chesterfield VA 23236","23236","Chesterfield","Single Family Residence","08/07/2023","$495,000","$479,000","13","Resale (occupied at least once)","1996","Mayfair Estates","3,037","0.27","5","3.1","Public Water","Sewer - Public","Conventional","Individuals"
"1001","2309817","038A-5-1","CLOSD","1280 Mill Quarter Road, Powhatan VA 23139","23139","Powhatan","Single Family Residence","08/07/2023","$729,950","$729,950","66","New (never occupied)","2023","Mill Quarter","2,844","3.37","4","3.1","Well","Septic - Conventional","Conventional","Individuals"
"1001","2233139","64-27-A-9-0","CLOSD","126 Lindenhurst, Goochland VA 23238","23238","Goochland","Single Family Residence","08/07/2023","$925,000","$900,000","125","Resale (occupied at least once)","2006","West Oak","4,491","","4","3.1","Public Water","Sewer - Public","Cash","Individuals"
"1001","2220328","7870-45-1845","CLOSD","216 Lauradell Road #Unit92, Hanover VA 23005","23005","Hanover","Townhouse","08/07/2023","$494,910","$484,000","349","New (never occupied)","2023","Lauradell","2,325","","3","2.1","Public Water","Sewer - Public","FHA New","Corporate"
"1001","REIN10501856","721672167700018","CLOSD","206 Water Pointe Court, Chesterfield VA 23112","23112","Chesterfield","Condominium","08/07/2023","$267,000","$267,000","0","Resale (occupied at least once)","1986","ALL OTHERS AREA 143","1,216","","2","2.0","Public Water","Public Sewer On Site","",""
"1001","2226781","7797-60-5343","CLOSD","10155 Peach Blossom Road, Hanover VA 23116","23116","Hanover","Single Family Residence","08/08/2023","$679,990","$679,990","247","New (never occupied)","2022","Honey Meadows","3,197","0.20","5","3.1","Public Water","Sewer - Public","Other","Corporate, Partnership"
"1001","BRTVAGO2000094","5-3-0-8-0","CLOSD","4300 Windsor Lake Drive, Goochland VA 23093","23093","Goochland","Single Family Residence","08/08/2023","$374,900","$367,500","122","New (never occupied)","2023","WINDSOR PARK","1,859","1.34","3","2.0","Well","","",""
"1001","2307207","796-60-91-29-000-000","CLOSD","3406 Main Street, Chesterfield VA 23803","23803","Chesterfield","Single Family Residence","08/08/2023","$224,950","$224,950","54","Resale (occupied at least once)","2007","Ettrick","1,332","0.29","4","2.0","Public Water","Sewer - Public","FHA New","Individuals"
"1001","2314002","771-64-31-88-000-000","CLOSD","7218 Creekbluff Ridge Drive, Chesterfield VA 23838","23838","Chesterfield","Single Family Residence","08/08/2023","$489,900","$485,000","36","Resale (occupied at least once)","2005","Amstel Bluff","3,208","1.22","4","2.1","Public Water","Septic - Conventional","Conventional","Individuals"
"1001","2310542","789-765-5168","CLOSD","2836 Fairway Homes Way, Henrico VA 23059","23059","Henrico","Single Family Residence","08/08/2023","$388,900","$388,000","64","Resale (occupied at least once)","2001","Cross Point","2,235","0.26","3","2.1","Public Water","Sewer - Public","Conventional","Individuals"
"1001","2305714","785-758-7800","CLOSD","8295 Scott Commons Drive, Henrico VA 23227","23227","Henrico","Townhouse","08/08/2023","$389,990","$389,990","56","New (never occupied)","2023","Glens at Scott Place","1,763","0.08","3","2.1","Public Water","Sewer - Public","Conventional","Corporate"
"1001","2300335","726709270500000","CLOSD","1321 EWING PARK Loop, Chesterfield VA 23113","23113","Chesterfield","Townhouse","08/08/2023","$329,990","$342,760","45","New (never occupied)","2023","Promenade at Winterfield","1,383","","2","2.2","Public Water","Sewer - Public","Conventional","Corporate"
"1001","2316940","S005-3301-005","CLOSD","711 West 49th Street, Richmond City VA 23225","23225","Richmond City","Single Family Residence","08/08/2023","$265,000","$270,000","3","Resale (occupied at least once)","1948","Forest View Heights","878","0.17","2","1.0","Public Water","Sewer - Public","Conventional","Corporate"
"1001","2229587","8707-70-8863","CLOSD","8478 Chimney Rock Drive #UnitD3, Hanover VA 23116","23116","Hanover","Townhouse","08/08/2023","$591,053","$591,053","5","New (never occupied)","2022","None","2,284","","3","3.0","Public Water","Sewer - Public","Cash","Corporate"
"1001","2223045","779-772-5896","CLOSD","10689 Emeline Drive, Henrico VA 23059","23059","Henrico","Single Family Residence","08/08/2023","$565,730","$606,855","1","New (never occupied)","2022","River Mill","2,568","","4","3.1","Public Water","Sewer - Public","Conventional","Corporate"
"1001","2316558","7797-31-1068","CLOSD","10054 Aragon Drive, Hanover VA 23116","23116","Hanover","Single Family Residence","08/08/2023","$299,950","$299,950","4","Resale (occupied at least once)","1972","Beechwood Farms","1,934","0.34","3","2.0","Public Water","Sewer - Public","Conventional","Individuals"
"1001","2311338","7797-41-2653","CLOSD","10063 Berry Pond Lane, Hanover VA 23116","23116","Hanover","Townhouse","08/08/2023","$536,950","$521,950","51","Resale (occupied at least once)","2018","Atlee Station Village","2,024","","3","2.0","Public Water","Sewer - Public","Conventional","Estate, Individuals"
"1001","2310797","755-737-2448.101","CLOSD","524 St Albans Way, Henrico VA 23229","23229","Henrico","Condominium","08/08/2023","$615,000","$595,000","48","Resale (occupied at least once)","1986","St Albans Condominium","2,547","0.05","3","2.1","Public Water","Sewer - Public","Cash","Individuals"
"1001","2317826","788-66-06-75-400-000","CLOSD","4001 Kings Gate Road, Chesterfield VA 23831","23831","Chesterfield","Single Family Residence","08/08/2023","$300,000","$310,000","1","Resale (occupied at least once)","1994","Hamlins Reach","2,252","0.31","5","2.1","Public Water","Sewer - Public","Conventional","Individuals"
"1001","2317214","738-71-09-32-500-070","CLOSD","1311 Tannery Circle, Chesterfield VA 23113","23113","Chesterfield","Condominium","08/08/2023","$389,000","$394,000","1","Resale (occupied at least once)","2000","Buckingham Wood","1,625","16.56","3","2.0","Public Water","Sewer - Public","Cash","Individuals"
"1001","2316624","809-715-9016","CLOSD","3100 Emporia Street, Henrico VA 23231","23231","Henrico","Single Family Residence","08/08/2023","$159,900","$165,000","3","Resale (occupied at least once)","1947","Gilbert Gardens","918","0.34","2","1.0","Public Water","Sewer - Public","Cash","Corporate, Individuals"
"1001","2316515","769-760-6002.023","CLOSD","10216 Wolfe Manor Court #Unit211, Henrico VA 23060","23060","Henrico","Condominium","08/08/2023","$274,950","$260,000","7","Resale (occupied at least once)","1995","Landings At Laurel","971","0.02","2","2.0","Public Water","Sewer - Public","Cash","Individuals"
"1001","2316231","8714-85-8790","CLOSD","7058 Cornfield Lane, Hanover VA 23111","23111","Hanover","Single Family Residence","08/08/2023","$299,950","$300,000","10","Resale (occupied at least once)","1975","Walnut Grove","1,512","0.43","4","2.0","Public Water","Sewer - Public","Cash","Individuals"
"1001","2316066","W000-1036-025","CLOSD","20 South Addison Street, Richmond City VA 23220","23220","Richmond City","Single Family Residence","08/08/2023","$515,000","$600,000","5","Resale (occupied at least once)","1915","None","1,716","0.04","3","2.1","Public Water","Sewer - Public","Conventional","Individuals"
"1001","2316006","712-66-78-86-300-000","CLOSD","7861 Hampton Meadows Lane, Chesterfield VA 23832","23832","Chesterfield","Single Family Residence","08/08/2023","$439,000","$450,000","4","Resale (occupied at least once)","2001","Hampton Park","2,354","0.21","4","2.1","Public Water","Sewer - Public","FHA New","Individuals"
"1001","2315942","769-69-02-49-900-000","CLOSD","4100 Bronholly Road, Chesterfield VA 23832","23832","Chesterfield","Single Family Residence","08/08/2023","$265,000","$270,000","6","Resale (occupied at least once)","1978","Belmont Hills","1,152","0.30","3","2.0","Public Water","Sewer - Public","Conventional","Individuals"
"1001","2315628","763-762-5905","CLOSD","9729 Wares Wharf Circle, Henrico VA 23060","23060","Henrico","Single Family Residence","08/08/2023","$525,000","$540,950","6","Resale (occupied at least once)","2006","The Cottages At Crossridge","2,591","0.30","3","2.1","Public Water","Sewer - Public","Cash","Individuals"
"1001","2315592","823-64-63-39-000-000","CLOSD","14205 Barberry Court, Chesterfield VA 23836","23836","Chesterfield","Single Family Residence","08/08/2023","$269,999","$270,000","9","Resale (occupied at least once)","1979","Bermuda Gardens","1,104","0.19","3","1.0","Public Water","Sewer - Public","Conventional","Individuals"
"1001","2315470","773-760-7960","CLOSD","9805 Woodman Road, Henrico VA 23228","23228","Henrico","Single Family Residence","08/08/2023","$249,000","$246,000","4","Resale (occupied at least once)","1950","None","1,013","0.25","2","1.0","Community Well","Sewer - Public","Conventional","Individuals"
"1001","2315058","54-5-0-5-0","CLOSD","1387 River Cliff Drive, Goochland VA 23102","23102","Goochland","Single Family Residence","08/08/2023","$749,500","$790,000","3","Resale (occupied at least once)","1986","River Cliff","3,280","5.97","4","4.0","Well","Septic - Conventional","Conventional","Individuals"
"1001","2314775","805-706-8240","CLOSD","6204 Oakvale Street, Henrico VA 23231","23231","Henrico","Single Family Residence","08/08/2023","$289,900","$297,000","7","Resale (occupied at least once)","2002","Buena Vista","1,552","0.27","3","2.0","Public Water","Sewer - Public","Conventional","Individuals"
"1001","2314643","764-68-73-28-400-000","CLOSD","4356 Collingswood Drive, Chesterfield VA 23832","23832","Chesterfield","Single Family Residence","08/08/2023","$379,000","$379,000","21","Resale (occupied at least once)","1983","Creekwood","2,232","0.32","4","2.1","Public Water","Sewer - Public","Conventional","Individuals"
"1001","2314601","19G1 7 4   8","CLOSD","7634 North Franklins Way, New Kent VA 23141","23141","New Kent","Single Family Residence","08/08/2023","$389,500","$408,500","4","Resale (occupied at least once)","2014","Patriots Landing","2,112","0.17","3","2.1","Public Water","Sewer - Public","Conventional","Individuals"
"1001","2314393","786-60-99-56-300-000","CLOSD","21315 Deodora Drive, Chesterfield VA 23803","23803","Chesterfield","Single Family Residence","08/08/2023","$285,000","$285,000","19","Resale (occupied at least once)","1996","Gilritchie","1,510","0.35","3","2.0","Public Water","Sewer - Public","VA New","Individuals"
"1001","2313566","C005-0298-011","CLOSD","1807 Cedarhurst Drive, Richmond City VA 23225","23225","Richmond City","Single Family Residence","08/08/2023","$270,000","$249,000","16","Resale (occupied at least once)","1956","Forest Hill Farms","1,358","0.55","3","1.1","Public Water","Sewer - Public","Other","Individuals"
"1001","2313470","769-762-9605","CLOSD","2924 Sara Jean Terrace, Henrico VA 23060","23060","Henrico","Townhouse","08/08/2023","$259,950","$277,000","5","Resale (occupied at least once)","1995","Laurel Lakes Ths","1,292","0.04","3","1.1","Public Water","Sewer - Public","Conventional","Individuals"
"1001","2312424","775-68-50-11-500-000","CLOSD","5332 West Rock Spring Drive, Chesterfield VA 23234","23234","Chesterfield","Single Family Residence","08/08/2023","$339,000","$380,000","11","Resale (occupied at least once)","1962","Rock Spring Farms","2,325","0.43","4","2.1","Public Water","Septic - Conventional","Conventional","Individuals"
"1001","2311986","788-68-55-23-000-000","CLOSD","6200 Strathcona, Chesterfield VA 23234","23234","Chesterfield","Single Family Residence","08/08/2023","$269,000","$250,000","21","Resale (occupied at least once)","1959","Falling Creek Hills","1,040","0.26","3","1.0","Public Water","Sewer - Public","FHA New","Individuals"
"1001","2311380","783-69-00-00-700-000","CLOSD","5038 Grassmere Road, Chesterfield VA 23234","23234","Chesterfield","Single Family Residence","08/08/2023","$379,950","$360,000","19","Resale (occupied at least once)","1963","Meadowbrook","2,077","0.54","3","2.1","Public Water","Sewer - Public","FHA New","Individuals"
"1001","2310908","C001-0354-026","CLOSD","10320 Cherokee Road, Richmond City VA 23235","23235","Richmond City","Single Family Residence","08/08/2023","$2,800,000","$2,750,000","10","Resale (occupied at least once)","1974","None","4,858","2.90","4","5.2","Public Water","Sewer - Public","Cash","Individuals"
"1001","2309294","8715-60-0090","CLOSD","7998 Wynbrook Lane, Hanover VA 23111","23111","Hanover","Single Family Residence","08/08/2023","$315,000","$292,500","71","Resale (occupied at least once)","1964","Spring Meadows","1,326","0.39","3","1.1","Public Water","Sewer - Public","Cash","Individuals"
"1001","2307570","E010-0138-002","CLOSD","5305 Salem Street, Richmond City VA 23231","23231","Richmond City","Single Family Residence","08/08/2023","$380,000","$380,000","2","New (never occupied)","2023","Powhatan Place","1,808","0.16","3","2.1","Public Water","Sewer - Public","Conventional","Corporate"
"1001","2306266","740-758-7766","CLOSD","3800 Barrington Branch Court, Henrico VA 23233","23233","Henrico","Single Family Residence","08/08/2023","$1,249,900","$1,200,000","40","Resale (occupied at least once)","2000","Barrington Valley","5,787","1.05","5","4.1","Public Water","Sewer - Public","Conventional","Individuals"
"1001","2305398","5-3-0-8-0","CLOSD","4300 Windsor Lake Drive, Goochland VA 23093","23093","Goochland","Single Family Residence","08/08/2023","$374,900","$367,500","116","New (never occupied)","2023","Windsor Park","1,859","1.34","3","2.0","Well","Septic - Conventional","Conventional","Corporate"
"1001","2210368","060-9","CLOSD","281 Petersburg Road, Powhatan VA 23139","23139","Powhatan","Single Family Residence","08/08/2023","$1,500,000","$1,350,000","2","Resale (occupied at least once)","1900","None","1,968","176.56","2","1.1","Well","Septic - Conventional","Other","Individuals"
"1001","2317554","729-68-40-08-800-000","CLOSD","3705 Muirfield Green Drive, Chesterfield VA 23112","23112","Chesterfield","Single Family Residence","08/09/2023","$379,000","$390,000","5","Resale (occupied at least once)","1997","Brandermill","1,785","0.22","3","2.1","Public Water","Sewer - Public","Conventional","Individuals"
"1001","2315950","52A3 3  31","CLOSD","520 COLONY Trail, New Kent VA 23089","23089","New Kent","Single Family Residence","08/09/2023","$678,000","$657,000","8","Resale (occupied at least once)","1989","The Colonies - New Kent","2,154","0.50","3","3.0","Public Water","Septic - Conventional","Cash","Estate"
"1001","BRTVACF2000420","714694944300000","CLOSD","15437 Sultree Drive, Chesterfield VA 23112","23112","Chesterfield","Single Family Residence","08/09/2023","$834,800","$825,000","76","Resale (occupied at least once)","2017","NONE AVAILABLE","3,503","0.36","5","4.0","Public Water","Public Sewer On Site","",""
"1001","2308690","714-69-49-44-300-000","CLOSD","15437 Sultree Drive, Chesterfield VA 23112","23112","Chesterfield","Single Family Residence","08/09/2023","$829,500","$825,000","87","Resale (occupied at least once)","2017","Newmarket","3,503","0.36","5","3.1","Public Water","Sewer - Public","Other","Individuals"
"1001","2315743","745-70-42-35-400-000","CLOSD","10950 Haverford Lane, Chesterfield VA 23236","23236","Chesterfield","Single Family Residence","08/09/2023","$319,950","$330,000","2","Resale (occupied at least once)","1965","Hylton Park","1,508","0.62","3","1.1","Public Water","Sewer - Public","Conventional","Individuals"
"1001","2313224","761-71-16-38-800-000","CLOSD","1035 Southam Drive, Chesterfield VA 23235","23235","Chesterfield","Single Family Residence","08/09/2023","$395,000","$400,000","35","Resale (occupied at least once)","1961","Southam","2,386","0.29","4","3.0","Public Water","Sewer - Public","FHA New","Individuals"
"1001","2314185","N000-1562-013","CLOSD","3704 Patrick Avenue, Henrico VA 23222","23222","Henrico","Single Family Residence","08/09/2023","$249,900","$250,000","11","Resale (occupied at least once)","1940","Highland Gardens","1,122","0.19","3","1.0","Public Water","Sewer - Public","FHA New","Corporate"
"1001","2315706","N000-2458-029","CLOSD","4521 East Seminary Avenue, Richmond City VA 23227","23227","Richmond City","Single Family Residence","08/09/2023","$565,000","$575,000","8","Resale (occupied at least once)","1926","North Ginter Park","2,796","0.18","4","3.1","Public Water","Sewer - Public","Conventional","Individuals"
"1001","2311457","768-760-9151.206","CLOSD","9353 Kempton Manor Court #Unit1802, Henrico VA 23060","23060","Henrico","Condominium","08/09/2023","$219,900","$220,000","28","Resale (occupied at least once)","1990","Laurel Lakes Condo","1,040","22.49","2","2.0","Public Water","Sewer - Public","FHA New Assumption","Corporate, REO"
"1001","2310781","698-66-40-07-200-000","CLOSD","8507 Beaver Bridge Road, Chesterfield VA 23120","23120","Chesterfield","Single Family Residence","08/09/2023","$389,500","$390,000","35","Resale (occupied at least once)","1978","None","1,674","3.11","4","2.0","Well","Septic - Conventional","USDA","Other"
"1001","2316329","792-737-1748","CLOSD","103 Alton Street, Henrico VA 23222","23222","Henrico","Single Family Residence","08/09/2023","$215,000","$215,000","6","Resale (occupied at least once)","1948","Stratford Village","852","0.18","3","1.0","Public Water","Sewer - Public","Conventional","Corporate"
"1001","2317252","760-763-9463","CLOSD","9001 Covewood Road, Henrico VA 23060","23060","Henrico","Single Family Residence","08/09/2023","$265,000","$335,000","4","Resale (occupied at least once)","1981","Dunncroft","1,716","0.28","3","2.0","Public Water","Sewer - Public","Cash","Individuals"
"1001","2316990","C003-0061-048","CLOSD","3220 Kenmore Road, Richmond City VA 23225","23225","Richmond City","Single Family Residence","08/09/2023","$575,000","$615,000","3","Resale (occupied at least once)","1960","Stratford Hills","2,776","0.57","4","3.0","Public Water","Sewer - Public","Conventional","Individuals"
"1001","2316694","740-753-0826","CLOSD","12505 Cambie Place, Henrico VA 23233","23233","Henrico","Single Family Residence","08/09/2023","$435,000","$500,000","2","Resale (occupied at least once)","1996","Sutton","2,114","0.26","4","2.1","Public Water","Sewer - Public","Conventional","Individuals"
"1001","2316457","W021-0154-006","CLOSD","6511 Kensington Avenue, Richmond City VA 23226","23226","Richmond City","Single Family Residence","08/09/2023","$515,000","$611,000","7","Resale (occupied at least once)","1949","Westhampton Heights Annex","1,833","0.18","3","2.0","Public Water","Sewer - Public","Cash","Individuals"
"1001","2316365","766-743-3576","CLOSD","1918 Charles Street, Henrico VA 23226","23226","Henrico","Single Family Residence","08/09/2023","$489,000","$530,000","4","Resale (occupied at least once)","2002","Charles Glen","2,049","0.20","4","2.1","Public Water","Sewer - Public","Conventional","Individuals"
"1001","2316337","780-65-97-59-100-000","CLOSD","10810 Red Leaf Road, Chesterfield VA 23237","23237","Chesterfield","Single Family Residence","08/09/2023","$325,000","$335,000","2","Resale (occupied at least once)","1984","Autumn Oaks","1,870","0.91","3","2.1","Public Water","Septic - Conventional","Conventional","Individuals"
"1001","2316320","W020-0194-018","CLOSD","16 Lexington Road, Richmond City VA 23226","23226","Richmond City","Single Family Residence","08/09/2023","$925,000","$1,125,000","7","Resale (occupied at least once)","1938","Stonewall Court","3,242","0.16","4","2.2","Public Water","Sewer - Public","Other","Individuals"
"1001","2316284","C007-0128-007","CLOSD","320 Oak Glen Street, Richmond City VA 23225","23225","Richmond City","Single Family Residence","08/09/2023","$289,950","$297,500","2","Resale (occupied at least once)","1957","Pine Hurst","1,440","0.83","3","2.1","Public Water","Sewer - Public","Conventional","Corporate"
"1001","2316278","762-743-9813","CLOSD","7301 Townes Road, Henrico VA 23226","23226","Henrico","Single Family Residence","08/09/2023","$329,000","$287,500","9","Resale (occupied at least once)","1954","Buckingham Park","1,296","0.25","4","1.0","Public Water","Sewer - Public","Cash","Individuals"
"1001","2316160","S000-0423-017","CLOSD","2141 Boro Ridge Street, Richmond City VA 23225","23225","Richmond City","Townhouse","08/09/2023","$394,950","$400,000","5","Resale (occupied at least once)","2021","Belle Heights","1,760","0.03","3","2.1","Public Water","Sewer - Public","Conventional","Individuals"
"1001","2316045","S006-0141-019","CLOSD","5109 New Kent Road, Richmond City VA 23225","23225","Richmond City","Single Family Residence","08/09/2023","$379,000","$480,000","5","Resale (occupied at least once)","1951","Westover Hills","1,446","0.19","3","2.0","Public Water","Sewer - Public","Cash","Individuals"
"1001","2315805","730-70-25-83-000-000","CLOSD","1024 Kingham Drive, Chesterfield VA 23114","23114","Chesterfield","Single Family Residence","08/09/2023","$629,000","$640,000","4","Resale (occupied at least once)","2003","The Grove","3,062","0.34","4","3.1","Public Water","Sewer - Public","Conventional","Estate, Individuals"
"1001","2315316","740-68-80-16-100-000","CLOSD","2930 Mcmanaway Drive, Chesterfield VA 23112","23112","Chesterfield","Single Family Residence","08/09/2023","$210,000","$226,500","37","Resale (occupied at least once)","1982","Clarendon","1,912","0.34","4","2.1","Public Water","Sewer - Public","Cash","Individuals"
"1001","2315024","N016-0203-005","CLOSD","3211 Noble Avenue, Richmond City VA 23222","23222","Richmond City","Single Family Residence","08/09/2023","$600,000","$600,000","5","Resale (occupied at least once)","1951","Ladies Mile Terrace","2,266","0.28","3","3.0","Public Water","Sewer - Public","Cash","Individuals"
"1001","2314996","E000-0429-006","CLOSD","910 North 25th Street, Richmond City VA 23223","23223","Richmond City","Single Family Residence","08/09/2023","$499,950","$482,500","31","New (never occupied)","2023","None","2,018","","3","3.1","Public Water","Sewer - Public","Conventional","Corporate"
"1001","2314639","738-780-8537","CLOSD","12204 Renwick Place, Henrico VA 23059","23059","Henrico","Single Family Residence","08/09/2023","$994,950","$1,120,000","7","Resale (occupied at least once)","1996","Renwick At Wyndham","4,275","0.34","5","3.1","Public Water","Sewer - Public","Conventional","Individuals"
"1001","2314348","67-23-B-24-0","CLOSD","24 Mystic Road, Goochland VA 23238","23238","Goochland","Single Family Residence","08/09/2023","$1,749,000","$1,700,000","7","Resale (occupied at least once)","1995","Lower Tuckahoe","6,769","1.80","5","5.2","Public Water","Sewer - Public","Cash","Individuals"
"1001","2314067","783-761-4812","CLOSD","1307 Virginia Avenue, Henrico VA 23060","23060","Henrico","Single Family Residence","08/09/2023","$299,999","$330,000","6","Resale (occupied at least once)","2004","Biltmore","1,632","0.17","3","2.1","Public Water","Sewer - Public","Conventional","Individuals"
"1001","2313678","821-64-50-94-100-000","CLOSD","14402 Bermuda Avenue, Chesterfield VA 23836","23836","Chesterfield","Single Family Residence","08/09/2023","$239,950","$245,000","3","Resale (occupied at least once)","1992","Point Of Rocks Estates","1,040","0.23","3","2.0","Public Water","Sewer - Public","FHA New","Individuals"
"1001","2313573","742-775-4369","CLOSD","11821 Norwich Parkway, Henrico VA 23059","23059","Henrico","Single Family Residence","08/09/2023","$1,199,900","$1,199,900","21","Resale (occupied at least once)","2005","Hampshire","6,044","0.44","5","4.1","Public Water","Sewer - Public","Cash","Individuals"
"1001","2313279","727-65-85-37-600-000","CLOSD","13806 Brandycrest Drive, Chesterfield VA 23832","23832","Chesterfield","Single Family Residence","08/09/2023","$459,950","$450,000","21","Resale (occupied at least once)","1996","Brandy Oaks","2,348","1.80","4","2.1","Public Water","Septic - Conventional","FHA New","Individuals"
"1001","2311821","740-771-1371","CLOSD","11808 Westcott Landing Court, Henrico VA 23059","23059","Henrico","Single Family Residence","08/09/2023","$1,149,000","$1,100,000","63","Resale (occupied at least once)","2007","Westcott At Grey Oaks","5,309","0.34","4","4.1","Public Water","Sewer - Public","Conventional","Individuals"
"1001","2311151","692-69-16-67-400-000","CLOSD","20001 Genito Road, Chesterfield VA 23120","23120","Chesterfield","Single Family Residence","08/09/2023","$730,000","$710,000","45","Resale (occupied at least once)","2006","None","4,401","2.60","4","3.1","Well","Septic - Conventional","VA New","Individuals"
"1001","2308731","7827-35-7129","CLOSD","20261 Ben Gayle Road, Hanover VA 23015","23015","Hanover","Single Family Residence","08/09/2023","$319,950","$319,950","26","New (never occupied)","2023","None","1,196","","3","2.0","Well","Septic - Conventional","Conventional","Corporate"
"1001","2230442","728-70-66-90-900-000","CLOSD","13860 Randolph Pond Lane, Chesterfield VA 23114","23114","Chesterfield","Townhouse","08/09/2023","$381,950","$401,270","0","New (never occupied)","2022","Randolph Pond","2,059","","2","3.1","Public Water","Sewer - Public","Conventional","Corporate"
"1001","2229761","8707-70-8890","CLOSD","Chimney Rock Drive, Hanover VA 23116","23116","Hanover","Townhouse","08/09/2023","$521,681","$525,481","0","New (never occupied)","2022","None","2,284","0.00","3","3.0","Public Water","Sewer - Public","Conventional","Corporate"
"1001","2229307","732-760-0494.302","CLOSD","3808 Old Burleigh Lane, Henrico VA 23233","23233","Henrico","Condominium","08/09/2023","$861,375","$1,001,224","2","New (never occupied)","2022","None","3,350","","4","3.1","Public Water","Sewer - Public","Conventional","Corporate"
"1001","2229082","7778-00-1770","CLOSD","11063 Holly Berry Road, Hanover VA 23005","23005","Hanover","Single Family Residence","08/09/2023","$583,479","$586,669","0","New (never occupied)","2022","None","2,121","5.80","3","3.0","Well","Septic - Conventional, Septic - Engineered","Conventional","Corporate"
"1001","REIN10493138","52A3 3 31","CLOSD","520 Colony Trail, New Kent VA 23089","23089","New Kent","Single Family Residence","08/09/2023","$678,000","$657,000","7","Resale (occupied at least once)","1989","THE COLONIES","2,154","0.50","3","3.0","Public Water","Septic","","Estate"
"1001","BRTVAHA2000492","7890-56-0431","CLOSD","13132 Winding White Rose Lane, Hanover VA 23005","23005","Hanover","Single Family Residence","08/10/2023","$1,138,319","$1,138,319","0","New (never occupied)","2023","HICKORY HILL","0","1.00","5","5.0","Well","Septic","",""
"1001","2315369","813-734-6929","CLOSD","1009 County Park Place, Henrico VA 23223","23223","Henrico","Single Family Residence","08/10/2023","$385,000","$385,000","5","Resale (occupied at least once)","2001","Clarendon Farms","2,328","0.27","4","3.1","Public Water","Sewer - Public","FHA New","Individuals"
"1001","2303944","33-4-0-30-0","CLOSD","2209 Long Drive, Goochland VA 23146","23146","Goochland","Single Family Residence","08/10/2023","$577,500","$567,000","74","Resale (occupied at least once)","1990","Smokey Hollow","2,972","3.17","4","3.1","Well","Septic - Conventional","Conventional","Individuals"
"1001","2302880","024-4H","CLOSD","5364 Anderson Highway, Powhatan VA 23139","23139","Powhatan","Single Family Residence","08/10/2023","$479,950","$483,825","3","New (never occupied)","2023","None","1,818","10.15","3","2.1","Well","Septic - Conventional","Conventional","Corporate"
"1001","2228278","779-773-2994","CLOSD","10680 Fern Basket Road, Henrico VA 23059","23059","Henrico","Single Family Residence","08/10/2023","$648,550","$729,810","0","New (never occupied)","2022","River Mill","3,225","","4","3.1","Public Water","Sewer - Public","Conventional","Corporate"
"1001","2206175","13-24-0-17-0","CLOSD","3753 Boundary Run Road, Goochland VA 23065","23065","Goochland","Single Family Residence","08/10/2023","$480,000","$563,535","222","New (never occupied)","2022","Boundary Run","2,311","3.98","3","2.1","Well","Septic - Conventional","Conventional","Corporate"
"1001","2316688","744-68-79-02-300-000","CLOSD","3018 Tanya Terrace, Chesterfield VA 23112","23112","Chesterfield","Single Family Residence","08/10/2023","$249,500","$250,000","4","Resale (occupied at least once)","1980","William Gwyn Estates","993","0.28","3","1.0","Public Water","Sewer - Public","VHDA/FHA","Individuals"
"1001","2316396","816-65-06-78-200-000","CLOSD","410 Derbycreek Lane, Chesterfield VA 23836","23836","Chesterfield","Single Family Residence","08/10/2023","$387,000","$390,000","6","Resale (occupied at least once)","1990","Chesterfield Downs","2,084","0.78","3","2.1","Public Water","Community - Sewer/Septic, Sewer - Public","FHA New","Individuals"
"1001","2316879","756-768-5631","CLOSD","5608 Stone Lake Drive, Henrico VA 23060","23060","Henrico","Single Family Residence","08/10/2023","$399,950","$420,000","5","Resale (occupied at least once)","1995","Linsey Lakes","1,563","0.30","4","2.0","Public Water","Sewer - Public","Conventional","Individuals"
"1001","2313060","779-67-11-44-600-000","CLOSD","8406 Sir Sagamore Court, Chesterfield VA 23237","23237","Chesterfield","Single Family Residence","08/10/2023","$369,000","$355,000","15","Resale (occupied at least once)","1986","Kingsland Woods","2,357","0.27","5","2.1","Public Water","Sewer - Public","Conventional","Individuals"
"1001","2317468","S000-2603-006","CLOSD","3500 Lawson Street, Richmond City VA 23224","23224","Richmond City","Single Family Residence","08/10/2023","$95,000","$110,000","6","Resale (occupied at least once)","1950","Burfoot Addition","720","0.12","2","1.0","Public Water","Sewer - Public","Cash","Individuals"
"1001","2317332","827-717-0080","CLOSD","4 West Sedgwick Street, Henrico VA 23150","23150","Henrico","Single Family Residence","08/10/2023","$259,999","$259,999","10","Resale (occupied at least once)","1943","Sandston","1,236","0.21","3","2.0","Public Water","Sewer - Public","Cash","Corporate"
"1001","2317173","813-733-5679","CLOSD","4328 Bridle Run Lane, Henrico VA 23223","23223","Henrico","Single Family Residence","08/10/2023","$439,990","$440,000","3","Resale (occupied at least once)","2012","Hillcrest Farms","3,154","0.52","6","3.0","Public Water","Sewer - Public","Cash","Individuals"
"1001","2317033","723-70-41-65-000-005","CLOSD","1001 Briars Court #Unit201, Chesterfield VA 23114","23114","Chesterfield","Condominium","08/10/2023","$324,500","$324,500","1","Resale (occupied at least once)","2017","Westwood Village At Charter Colony","1,547","0.25","2","2.0","Public Water","Sewer - Public","Conventional","Individuals"
"1001","2316992","729-67-39-73-800-000","CLOSD","7324 Port Side Drive, Chesterfield VA 23112","23112","Chesterfield","Single Family Residence","08/10/2023","$399,000","$405,000","5","Resale (occupied at least once)","2000","Harbour Green","1,944","0.26","4","2.1","Public Water","Sewer - Public","Conventional","Individuals"
"1001","2316966","7797-98-4915","CLOSD","9025 Forest Haze Court, Hanover VA 23116","23116","Hanover","Single Family Residence","08/10/2023","$479,000","$487,500","6","Resale (occupied at least once)","1998","Ashcake Station","2,682","0.38","5","3.0","Public Water","Sewer - Public","Conventional","Estate"
"1001","2316833","753-766-4024","CLOSD","4621 Fort Mchenry, Henrico VA 23060","23060","Henrico","Single Family Residence","08/10/2023","$374,950","$388,000","5","Resale (occupied at least once)","1988","Woods At Innsbrook","1,638","0.26","3","2.1","Public Water","Sewer - Public","Cash","Individuals"
"1001","2316754","8704-77-0216","CLOSD","8146 Dunfee Lane, Hanover VA 23111","23111","Hanover","Single Family Residence","08/10/2023","$384,950","$384,900","8","Resale (occupied at least once)","1989","Windsor Sub","1,804","0.34","3","2.0","Public Water","Sewer - Public","Cash","Individuals"
"1001","2316740","776-746-9362","CLOSD","2903 Briar Lane, Henrico VA 23228","23228","Henrico","Single Family Residence","08/10/2023","$289,900","$300,000","7","Resale (occupied at least once)","1955","None","1,359","","3","1.0","Public Water","Sewer - Public","FHA New","Individuals"
"1001","2316639","S006-0244-002","CLOSD","5030 Sylvan Road, Richmond City VA 23225","23225","Richmond City","Single Family Residence","08/10/2023","$574,000","$675,000","9","Resale (occupied at least once)","1946","Westover Hills","1,700","0.15","3","1.1","Public Water","Sewer - Public","Conventional","Individuals"
"1001","2316258","744-67-81-11-500-000","CLOSD","5006 Alberta Mews, Chesterfield VA 23832","23832","Chesterfield","Single Family Residence","08/10/2023","$342,000","$335,000","13","Resale (occupied at least once)","2007","Sunnybrook","1,636","0.62","3","2.1","Public Water","Sewer - Public","VA New","Individuals"
"1001","2316077","774-744-3490.095","CLOSD","29 Red Fox Lane, Henrico VA 23228","23228","Henrico","Condominium","08/10/2023","$179,950","$166,500","7","Resale (occupied at least once)","1962","Hamlet Condominium","1,031","0.02","2","1.1","Public Water","Sewer - Public","Conventional","Individuals"
"1001","2315998","754-70-27-37-500-000","CLOSD","610 Wadsworth Drive, Chesterfield VA 23236","23236","Chesterfield","Single Family Residence","08/10/2023","$365,000","$400,000","2","Resale (occupied at least once)","1975","Scottingham","2,220","0.54","4","2.1","Public Water","Sewer - Public","Conventional","Individuals"
"1001","2315609","710-68-76-22-300-000","CLOSD","16261 Hunters Ridge Lane, Chesterfield VA 23120","23120","Chesterfield","Single Family Residence","08/10/2023","$450,000","$470,000","1","Resale (occupied at least once)","1985","Hunters Ridge","2,413","1.19","3","2.1","Public Water","Septic - Conventional","Other","Individuals"
"1001","2315064","830-716-3245","CLOSD","313 Seven Pines Avenue, Henrico VA 23150","23150","Henrico","Single Family Residence","08/10/2023","$165,000","$158,750","14","Resale (occupied at least once)","1944","Woodlawn Terrace","744","0.20","3","1.0","Public Water","Sewer - Public","Cash","Individuals"
"1001","2314400","769-69-43-60-500-000","CLOSD","6432 Sexton Drive #Unit6432, Chesterfield VA 23224","23224","Chesterfield","Townhouse","08/10/2023","$225,000","$238,000","6","Resale (occupied at least once)","2006","Ashley Village","1,292","0.04","3","2.1","Public Water","Sewer - Public","FHA New","Individuals"
"1001","2314123","S000-0412-042","CLOSD","79 Pilkington Street, Richmond City VA 23225","23225","Richmond City","Single Family Residence","08/10/2023","$115,000","$115,000","10","Resale (occupied at least once)","1910","Atkinsons Plan","1,100","0.07","2","1.0","Public Water","Sewer - Public","Other","Individuals"
"1001","2314003","731-750-1265.098","CLOSD","2514 Wanstead Court, Henrico VA 23238","23238","Henrico","Condominium","08/10/2023","$425,000","$425,000","11","Resale (occupied at least once)","2005","Villas Of Autumn Run","1,934","0.55","3","2.1","Public Water","Sewer - Public","Cash","Individuals"
"1001","2313829","118653","CLOSD","7217 George Wythe Lane, New Kent VA 23124","23124","New Kent","Townhouse","08/10/2023","$309,370","$305,000","38","Resale (occupied at least once)","2022","Townhomes at Four Seasons","1,568","0.05","3","2.1","Public Water","Sewer - Public","Conventional","Individuals"
"1001","2313157","736-773-6709","CLOSD","5291 Pouncey Tract Road, Henrico VA 23059","23059","Henrico","Single Family Residence","08/10/2023","$459,950","$511,850","14","Resale (occupied at least once)","1954","Acreage","1,748","2.20","2","1.0","Public Water","Septic - Conventional","Conventional","Other"
"1001","2312148","S006-0271-014","CLOSD","1509 Westover Hills Boulevard, Richmond City VA 23225","23225","Richmond City","Single Family Residence","08/10/2023","$739,000","$955,000","8","Resale (occupied at least once)","1939","Westover Hills","2,779","0.21","3","2.1","Public Water","Sewer - Public","Conventional","Individuals"
"1001","2312123","739-65-90-77-400-000","CLOSD","10305 Donegal Court, Chesterfield VA 23832","23832","Chesterfield","Single Family Residence","08/10/2023","$359,900","$365,900","14","Resale (occupied at least once)","1977","Rocky Run","2,400","1.28","3","1.1","Well","Septic - Conventional","Conventional","Individuals"
"1001","2311463","713-67-98-13-600-000","CLOSD","5719 Fire Light Terrace, Chesterfield VA 23120","23120","Chesterfield","Single Family Residence","08/10/2023","$695,000","$685,000","15","Resale (occupied at least once)","2001","Foxfire","4,792","0.39","6","4.1","Public Water","Sewer - Public","Conventional","Individuals"
"1001","2305765","750-747-5717","CLOSD","9402 Sir Barry Drive, Henrico VA 23229","23229","Henrico","Single Family Residence","08/10/2023","$465,000","$465,000","19","Resale (occupied at least once)","1983","Pinedale West","2,711","0.67","4","3.0","Public Water","Sewer - Public","Conventional","Individuals"
"1001","2304628","728706691200000","CLOSD","13864 Randolph Pond Lane, Chesterfield VA 23114","23114","Chesterfield","Townhouse","08/10/2023","$396,950","$418,842","0","New (never occupied)","2023","Randolph Pond","2,156","","4","3.1","Public Water","Sewer - Public","Conventional","Corporate"
"1001","2303051","S000-0151-018","CLOSD","116 East 15th Street, Richmond City VA 23224","23224","Richmond City","Single Family Residence","08/10/2023","$249,950","$210,000","43","Resale (occupied at least once)","1918","None","1,452","0.06","4","2.0","Public Water","Sewer - Public","Conventional","Individuals"
"1001","2302867","W000-0528-007","CLOSD","1415 Park Avenue, Richmond City VA 23220","23220","Richmond City","Single Family Residence","08/10/2023","$1,099,000","$1,095,000","83","Resale (occupied at least once)","1897","None","2,745","0.06","3","2.1","Public Water","Sewer - Public","Conventional","Corporate"
"1001","2300181","TBD","CLOSD","13250 Coalfield Station Lane, Chesterfield VA 23114","23114","Chesterfield","Condominium","08/10/2023","$369,485","$359,485","22","New (never occupied)","2023","Coalfield Station","1,974","","3","2.1","Public Water","Sewer - Public","Conventional","Corporate"
"1001","2227524","58-54-3-76-0","CLOSD","9210 Cerulean Place, Goochland VA 23238","23238","Goochland","Townhouse","08/10/2023","$593,275","$593,275","0","New (never occupied)","2022","Mosaic at West Creek","2,336","","3","3.0","Public Water","Sewer - Public","Cash","Corporate"
"1001","REIN10489779","118653","CLOSD","7217 George Wythe Lane, New Kent VA 23124","23124","New Kent","Townhouse","08/10/2023","$309,370","$305,000","37","Resale (occupied at least once)","2022","ALL OTHERS AREA 140","1,568","0.05","3","3.0","Public Water","Public Sewer On Site","",""
"1001","2317180","737-71-49-78-400-000","CLOSD","2120 Keith Lane, Chesterfield VA 23113","23113","Chesterfield","Single Family Residence","08/11/2023","$549,500","$563,000","3","Resale (occupied at least once)","1970","Briarwood","2,472","0.67","4","2.1","Public Water","Sewer - Public","Cash","Individuals"
