"#","ML #","PID","Status","Address","Zip","County/City","Type","Sales Date","List Price","Sales Price","Days On Market","New/Resale","Year Built","Subdivision","SqFtTotal","Acres","# Bedrooms","Total Baths","Water","Sewer","Sold Terms","Owned By"
"1","2424991","732-756-0004","CLOSD","12345 Shore View DR","23233","Henrico","Townhouse","04/04/2025","$345,000","$315,000","147","Resale (occupied at least once)","1987","Bay Cove","1,248","0.04","2","2.1","Public Water","Sewer - Public","Conventional","Individuals"
"1","BRTVAHN2000812","762-744-6685","CLOSD","1654 Foster RD","23226","Henrico","Single Family Residence","04/04/2025","$285,000","$280,000","0","Resale (occupied at least once)","1954","NONE AVAILABLE","925","0.00","2","1.0","Public Water","Public Sewer On Site, Septic - Shared","",""
"1","2416623","706-68-11-29-400-000","CLOSD","17119 Westington RD","23120","Chesterfield","Single Family Residence","04/04/2025","$625,950","$719,409","0","New (never occupied)","2025","Westerleigh","2,893","","4","3.1","Public Water","Sewer - Public","Conventional","Corporate"
"1","2431579","717-66-76-72-900-000","CLOSD","15506 Winding Ash DR","23832","Chesterfield","Single Family Residence","04/04/2025","$379,000","$379,000","76","Resale (occupied at least once)","2003","Ashbrook","1,650","0.21","3","2.1","Public Water","Sewer - Public","FHA New","Corporate"
"1","2430153","TBD","CLOSD","13269 Garland LN","23114","Chesterfield","Condominium","04/04/2025","$369,585","$369,585","38","New (never occupied)","2024","Coalfield Station","1,623","","2","2.0","Public Water","Sewer - Public","Conventional","Corporate"
"1","2503778","N000-1036-004","CLOSD","3220 Fendall","23222","Richmond City","Single Family Residence","04/04/2025","$535,000","$535,000","12","Resale (occupied at least once)","1923","Brightwood","2,184","","4","3.1","Public Water","Sewer - Public","Conventional","Corporate"
"1","2504700","8716-35-5003","CLOSD","9252 Tadcaster CIR","23116","Hanover","Single Family Residence","04/04/2025","$399,000","$405,000","15","Resale (occupied at least once)","1977","Avondale","2,085","0.48","4","2.1","Public Water","Septic - Conventional","Conventional","Individuals"
"1","2428864","804-726-7908","CLOSD","3204 Glenwood Ridge LN","23223","Henrico","Single Family Residence","04/04/2025","$456,910","$459,000","0","New (never occupied)","2024","Fairways","1,823","0.20","4","2.1","Public Water","Sewer - Public","VA New","Corporate"
"1","2505059","8724-30-2794","CLOSD","6351 Tammy LN","23111","Hanover","Single Family Residence","04/04/2025","$365,000","$360,000","3","Resale (occupied at least once)","1972","High Point Farms","1,225","0.48","4","2.0","Public Water","Septic - Conventional","Conventional","Individuals"
"1","2501860","769-746-5353","CLOSD","6610 Bethlehem RD","23230","Henrico","Single Family Residence","04/04/2025","$540,000","$540,000","45","New (never occupied)","2024","Greendale Forest","2,160","0.18","4","3.0","Public Water","Sewer - Public","Conventional","Individuals"
"1","2431665","826-692-2662","CLOSD","7067 Ravenscraig CRES","23231","Henrico","Single Family Residence","04/04/2025","$448,000","$448,000","55","Resale (occupied at least once)","2017","Castleton","2,481","0.46","4","2.0","Public Water","Sewer - Public","VA New","Individuals"
"1","2424137","743-68-16-67-800-000","CLOSD","4212 Stigall DR","23112","Chesterfield","Single Family Residence","04/04/2025","$389,950","$392,520","149","Resale (occupied at least once)","2002","Frederick Farms","1,876","0.81","5","3.1","Public Water","Sewer - Public","FHA New","Individuals"
"1","2423349","30-7-0-5-0","CLOSD","3130 Kensington LN","23063","Goochland","Single Family Residence","04/04/2025","$778,950","$778,950","182","New (never occupied)","2024","Kensington Creek","3,216","2.82","4","3.1","Well","Septic - Conventional","Conventional","Corporate"
"1","2501599","726-691-19-81-00000","CLOSD","13911 Turtle Hill RD","23112","Chesterfield","Single Family Residence","04/04/2025","$415,000","$442,000","4","Resale (occupied at least once)","1989","Turtle Hill","1,961","","4","2.1","Public Water","Sewer - Public","Conventional","Individuals"
"1","2500545","TBD","CLOSD","13271 Garland LN","23114","Chesterfield","Condominium","04/04/2025","$385,090","$380,000","36","New (never occupied)","2024","Coalfield Station","1,974","","3","2.1","Public Water","Sewer - Public","Conventional","Corporate"
"1","2505510","8704-76-3571","CLOSD","7333 Strain AVE","23111","Hanover","Single Family Residence","04/04/2025","$319,000","$319,000","3","Resale (occupied at least once)","1948","Mechanicsville Farms","1,608","0.31","3","2.0","Public Water","Sewer - Public","Conventional","Individuals"
"1","2506260","C005-0729-011","CLOSD","1005 Boroughbridge RD","23225","Richmond City","Single Family Residence","04/04/2025","$265,000","$285,000","4","Resale (occupied at least once)","1950","Forest View Heights","935","0.34","2","1.0","Public Water","Sewer - Public","Conventional","Individuals"
"1","2501737","E012-0320-011","CLOSD","2208 N 29th ST","23223","Richmond City","Single Family Residence","04/04/2025","$224,900","$223,000","40","Resale (occupied at least once)","1958","None","862","0.18","3","1.0","Public Water","Sewer - Public","VA New","Corporate"
"1","2505084","751-749-7831","CLOSD","1800 Verona RD","23229","Henrico","Single Family Residence","04/04/2025","$350,000","$377,600","2","Resale (occupied at least once)","1961","Pinedale Farms","2,538","0.33","4","3.0","Public Water","Sewer - Public","Conventional","Individuals"
"1","2506393","760-765-4295","CLOSD","9020 Merlin CT","23060","Henrico","Single Family Residence","04/04/2025","$399,900","$400,000","3","Resale (occupied at least once)","1989","Castle Point","1,872","0.26","3","2.1","Public Water","Sewer - Public","Conventional","Individuals"
"1","2505246","C007-0202-010","CLOSD","1049 Kingsway RD","23225","Richmond City","Single Family Residence","04/04/2025","$290,000","$300,000","4","Resale (occupied at least once)","1965","Barleth Heights","1,249","0.22","3","1.0","Public Water","Sewer - Public","Conventional","Individuals"
"1","2504583","771-67-94-54-800-000","CLOSD","6119 Manuel CT","23234","Chesterfield","Single Family Residence","04/04/2025","$315,000","$310,000","7","Resale (occupied at least once)","1990","Kings Forest","1,128","0.16","4","1.0","Public Water","Sewer - Public","FHA New","Individuals"
"1","2429094","815-728-8878","CLOSD","429 Westover Pines DR","23223","Henrico","Townhouse","04/04/2025","$275,000","$281,000","20","Resale (occupied at least once)","2006","Westover Pines Townhouses","1,740","0.04","3","3.1","Public Water","Sewer - Public","FHA New","Individuals"
"1","2505540","028A2-1C-34A2","CLOSD","2567 Georges RD","23139","Powhatan","Single Family Residence","04/04/2025","$289,900","$312,200","5","Resale (occupied at least once)","1976","Red Lane","1,092","1.09","3","1.1","Well","Septic - Conventional","Conventional","Individuals"
"1","2431958","794-61-58-70-000-000","CLOSD","20204 Laurel RD","23803","Chesterfield","Single Family Residence","04/04/2025","$250,000","$250,000","55","Resale (occupied at least once)","1957","Laurel Branch Farms","1,802","0.45","3","2.0","Public Water","Sewer - Public","FHA New","Individuals"
"1","2502875","62-31-C-9-0","CLOSD","737 Woodson PL","23103","Goochland","Single Family Residence","04/04/2025","$1,475,000","$1,375,000","6","Resale (occupied at least once)","1997","Meadows At Manakin","4,520","3.97","4","3.1","Well","Septic - Conventional","Conventional","Individuals"
"1","2432019","N000-0655-001","CLOSD","2516 3 AVE","23222","Richmond City","Single Family Residence","04/04/2025","$549,999","$549,999","5","Resale (occupied at least once)","1910","Chestnut Hills","2,376","0.19","4","2.1","Public Water","Sewer - Public","Conventional","Corporate"
"1","2427018","750-62-82-21-200-000","CLOSD","15412 Saddlebrook RD","23838","Chesterfield","Single Family Residence","04/04/2025","$325,000","$325,000","121","Resale (occupied at least once)","2023","Bright Oaks Estates","1,214","0.41","3","2.0","Public Water","Septic - Engineered","FHA New","Individuals"
"1","2500076","758-64-76-26-600-000","CLOSD","8801 First Branch LN","23838","Chesterfield","Single Family Residence","04/04/2025","$649,900","$650,000","5","Resale (occupied at least once)","2002","First Branch @ Woodland Pond","","1.22","4","4.0","Public Water","Septic - Conventional","Conventional","Individuals"
"1","2504535","747-69-51-57-000-000","CLOSD","10310 Princess Margaret PL","23236","Chesterfield","Single Family Residence","04/04/2025","$419,900","$416,000","12","Resale (occupied at least once)","2005","Runnymede","2,041","0.53","4","2.1","Public Water","Sewer - Public","FHA New","Corporate"
"1","2504586","737-69-85-51-500-000","CLOSD","11943 Sunflower LN","23236","Chesterfield","Single Family Residence","04/04/2025","$399,950","$440,000","5","Resale (occupied at least once)","1983","Smoketree","2,037","0.24","4","2.1","Public Water","Sewer - Public","Conventional","Individuals"
"1","2505092","717-66-63-09-500-000","CLOSD","15612 Winding Ash DR","23832","Chesterfield","Single Family Residence","04/04/2025","$349,900","$360,000","3","Resale (occupied at least once)","2003","Ashbrook","1,400","0.21","3","2.0","Public Water","Sewer - Public","Conventional","Individuals"
"1","2503081","737-779-3253","CLOSD","6016 Maybrook WAY","23059","Henrico","Single Family Residence","04/04/2025","$549,950","$585,000","6","Resale (occupied at least once)","1994","Maybrook At Wyndham","2,114","0.20","4","2.1","Public Water","Sewer - Public","Conventional","Individuals"
"1","2504780","825-722-5154","CLOSD","103 N Spruce AVE","23075","Henrico","Single Family Residence","04/04/2025","$245,000","$239,000","20","Resale (occupied at least once)","1980","Highland Springs","980","0.17","3","1.0","Public Water","Sewer - Public","Conventional","Individuals"
"1","2501204","700-68-84-43-900-000","CLOSD","4013 Tuckmar Pond DR","23120","Chesterfield","Single Family Residence","04/04/2025","$718,950","$715,210","47","New (never occupied)","2024","Tuckmar Farm","3,322","0.37","4","3.1","Public Water","Sewer - Public","Conventional","Corporate"
"1","2416788","7717-92-6895","CLOSD","2224 Osborne Hill DR","23146","Goochland","Single Family Residence","04/04/2025","$747,950","$920,261","0","New (never occupied)","2025","Tuckahoe Bridge","2,899","0.37","5","4.0","Public Water","Sewer - Public","Conventional","Corporate"
"1","2505526","801-734-7753","CLOSD","2305 Byron ST","23222","Henrico","Single Family Residence","04/04/2025","$265,000","$265,000","3","Resale (occupied at least once)","1976","Pemberton Place","1,067","0.17","3","1.1","Public Water","Sewer - Public","Conventional","Corporate"
"1","2501040","709-66-62-64-800-000","CLOSD","8400 Foster Ridge TER","23120","Chesterfield","Single Family Residence","04/04/2025","$645,000","$635,000","30","Resale (occupied at least once)","2014","Hampton Farms","3,344","0.45","4","2.1","Public Water","Sewer - Public","Conventional","Individuals"
"1","2506526","N000-1330-030","CLOSD","1350 Westwood AVE Unit#U208","23227","Richmond City","Condominium","04/04/2025","$575,000","$599,000","2","Resale (occupied at least once)","1954","Ginter Place Condos","2,357","0.05","3","2.0","Public Water","Sewer - Public","Cash","Individuals"
"1","2506433","760-753-8081.047","CLOSD","3109 N Parham RD Unit#47","23294","Henrico","Condominium","04/04/2025","$210,000","$210,000","7","Resale (occupied at least once)","1964","Westshire On Parham Condos","863","0.02","2","1.0","Public Water","Sewer - Public","Cash","Individuals"
"1","2506258","8725-96-9710","CLOSD","8340 Devils Den LN","23111","Hanover","Single Family Residence","04/04/2025","$339,900","$340,000","2","Resale (occupied at least once)","1991","Battlefield Green","1,536","0.19","4","2.0","Public Water","Sewer - Public","Cash","Estate"
"1","2506218","E0100047012","CLOSD","5105 Salem ST","23231","Richmond City","Single Family Residence","04/04/2025","$200,000","$232,000","4","Resale (occupied at least once)","1951","Powhatan Place","","0.23","3","1.1","Public Water","Sewer - Public","Cash","Individuals"
"1","2506056","750-745-1430","CLOSD","9211 Holbrook DR","23229","Henrico","Single Family Residence","04/04/2025","$315,000","$325,500","6","Resale (occupied at least once)","1959","Farmington","2,261","0.25","5","2.0","Public Water","None","Cash","Individuals"
"1","2505833","S006-0192-012","CLOSD","5103 King William RD","23225","Richmond City","Single Family Residence","04/04/2025","$330,000","$395,000","3","Resale (occupied at least once)","1925","Westover Hills","1,235","0.15","2","1.0","Public Water","Sewer - Public","Cash","Estate"
"1","2505743","756-741-8980","CLOSD","1205 Santa Anna RD","23229","Henrico","Single Family Residence","04/04/2025","$299,950","$342,000","3","Resale (occupied at least once)","1952","Beverly Hills","1,224","0.25","3","1.0","Public Water","Sewer - Public","Conventional","Individuals"
"1","2505663","751-752-8511","CLOSD","2111 Manlyn RD","23229","Henrico","Single Family Residence","04/04/2025","$279,950","$291,500","7","Resale (occupied at least once)","1958","Roxbury","1,628","0.27","3","1.1","Public Water","Sewer - Public","Cash","Individuals"
"1","2505651","780-743-4161","CLOSD","2317 Kenmore RD","23228","Henrico","Single Family Residence","04/04/2025","$387,500","$430,500","7","Resale (occupied at least once)","1949","Bryan Parkway","1,350","0.17","3","1.0","Public Water","Sewer - Public","Conventional","Individuals"
"1","2505072","S000-2606-001","CLOSD","100 E 35th ST","23224","Richmond City","Single Family Residence","04/04/2025","$229,950","$250,000","2","Resale (occupied at least once)","1941","Swansboro","854","0.14","3","1.0","Public Water","Sewer - Public","Conventional","Individuals"
"1","2504777","742-71-91-90-000-000","CLOSD","2810 Park Ridge RD","23113","Chesterfield","Single Family Residence","04/04/2025","$650,000","$675,000","18","Resale (occupied at least once)","1988","Queenspark","2,813","0.60","4","3.1","Public Water","Sewer - Public","Cash","Individuals"
"1","2504667","782-762-9443","CLOSD","1313 Rhode Island AVE","23060","Henrico","Single Family Residence","04/04/2025","$349,900","$370,000","3","Resale (occupied at least once)","1952","Biltmore","1,254","0.25","3","1.0","Public Water","Sewer - Public","Conventional","Individuals"
"1","2504628","780-751-0209","CLOSD","7218 Margaret AVE","23228","Henrico","Single Family Residence","04/04/2025","$349,950","$382,500","2","Resale (occupied at least once)","1946","Ginter Gardens Addition","1,224","0.25","3","1.1","Public Water","Sewer - Public","Conventional","Individuals"
"1","2504623","766-740-7101","CLOSD","6502 Monument AVE","23226","Henrico","Single Family Residence","04/04/2025","$624,900","$650,000","5","Resale (occupied at least once)","1950","West Haven","2,296","0.28","3","3.1","Public Water","Sewer - Public","Conventional","Individuals"
"1","2504561","N000-1036-040","CLOSD","3129 Griffin AVE","23222","Richmond City","Single Family Residence","04/04/2025","$445,000","$480,000","5","Resale (occupied at least once)","1926","Brightwood","1,492","0.16","3","2.1","Public Water","Sewer - Public","Conventional","Individuals"
"1","2504483","724-66-44-44-200-000","CLOSD","8909 Royal Birkdale DR","23832","Chesterfield","Single Family Residence","04/04/2025","$595,000","$605,000","5","Resale (occupied at least once)","1997","Birkdale","3,264","0.52","4","2.1","Public Water","Sewer - Public","Conventional","Individuals"
"1","2504457","729-66-57-28-400-000","CLOSD","7607 Whirlaway DR","23112","Chesterfield","Single Family Residence","04/04/2025","$379,950","$381,000","8","Resale (occupied at least once)","1996","Deer Run","1,692","0.33","4","2.0","Public Water","Sewer - Public","Conventional","Individuals"
"1","2504441","W019-0110-013","CLOSD","4709 W Grace ST","23230","Richmond City","Single Family Residence","04/04/2025","$599,000","$599,000","6","Resale (occupied at least once)","1952","Monument Avenue Park","1,793","0.22","4","2.0","Public Water","Sewer - Public","Conventional","Individuals"
"1","2504385","C004-0544-035","CLOSD","2956 Hathaway RD Unit#U311","23225","Richmond City","Condominium","04/04/2025","$330,000","$330,000","3","Resale (occupied at least once)","1972","Hathaway Tower Condominiums","1,729","4.02","3","2.0","Public Water","Sewer - Public","Cash","Individuals"
"1","2504214","C001-0508-002","CLOSD","8941 Elm RD","23235","Richmond City","Single Family Residence","04/04/2025","$399,950","$455,000","6","Resale (occupied at least once)","1948","Southampton","1,311","0.30","3","2.0","Public Water","Sewer - Public","Conventional","Individuals"
"1","2504192","720-71-31-23-200-000","CLOSD","14800 Creekbrook PL","23113","Chesterfield","Single Family Residence","04/04/2025","$749,900","$775,000","4","Resale (occupied at least once)","2014","Brookcreek Crossing","3,908","0.43","5","5.1","Public Water","Sewer - Public","Conventional","Individuals"
"1","2504140","735-750-3399","CLOSD","2035 Cambridge DR","23238","Henrico","Single Family Residence","04/04/2025","$480,000","$480,000","8","Resale (occupied at least once)","1990","Stonequarter","2,118","0.29","4","2.1","Public Water","Sewer - Public","Conventional","Individuals"
"1","2504088","012-74B","CLOSD","3217 Duke RD","23139","Powhatan","Single Family Residence","04/04/2025","$335,000","$340,000","2","Resale (occupied at least once)","1997","None","1,160","2.12","3","2.0","Well","Septic - Conventional","Cash","Individuals"
"1","2503877","762-744-6685","CLOSD","1654 Foster RD","23226","Henrico","Single Family Residence","04/04/2025","$285,000","$280,000","2","Resale (occupied at least once)","1954","Berkshire Park","925","0.26","2","1.0","Public Water","Sewer - Public","Conventional","Individuals"
"1","2503650","N017-0576-010","CLOSD","1918 Seddon RD","23227","Richmond City","Single Family Residence","04/04/2025","$399,950","$420,000","6","Resale (occupied at least once)","1945","West Ginter Park","1,378","0.14","3","2.0","Public Water","Sewer - Public","Conventional","Individuals"
"1","2503595","726-69-79-82-400-000","CLOSD","2101 Cantina LN","23114","Chesterfield","Townhouse","04/04/2025","$485,000","$485,000","9","Resale (occupied at least once)","2022","Centerpointe Townes","2,191","0.06","4","3.1","Public Water","Sewer - Public","Conventional","Individuals"
"1","2503492","N000-1142-021","CLOSD","3205 Cliff AVE","23222","Richmond City","Single Family Residence","04/04/2025","$365,000","$365,000","34","Resale (occupied at least once)","1923","Alvista Heights","1,320","0.14","3","1.1","Public Water","Sewer - Public","Conventional","Other"
"1","2503375","734-71-76-58-300-000","CLOSD","12501 Robious RD","23113","Chesterfield","Single Family Residence","04/04/2025","$675,000","$675,000","1","Resale (occupied at least once)","1957","None","2,950","6.40","4","2.1","Well","Septic - Conventional","Cash","Individuals"
"1","2503279","756-64-98-69-000-000","CLOSD","11543 Park Branch LN","23838","Chesterfield","Single Family Residence","04/04/2025","$725,000","$707,000","7","Resale (occupied at least once)","2003","Woodland Pond","4,149","1.32","6","4.1","Public Water","Septic - Conventional","Conventional","Individuals"
"1","2503275","741-68-82-40-200-000","CLOSD","3206 Rimswell CT","23112","Chesterfield","Single Family Residence","04/04/2025","$482,500","$475,000","16","Resale (occupied at least once)","2019","Walnut Grove","2,292","0.35","4","2.1","Public Water","Sewer - Public","Conventional","Individuals"
"1","2502802","753-71-56-78-000-000","CLOSD","2224 Waters Mill CIR","23235","Chesterfield","Townhouse","04/04/2025","$450,000","$420,000","33","Resale (occupied at least once)","2000","Bon Air Villas","2,162","0.11","4","2.1","Public Water","Sewer - Public","Conventional","Individuals"
"1","2502344","764-759-0287","CLOSD","4452 Honey LN","23060","Henrico","Single Family Residence","04/04/2025","$370,000","$759,000","33","Resale (occupied at least once)","1975","None","2,324","7.90","3","2.0","Well","Septic - Conventional","Cash","Individuals"
"1","2501264","7327481471","CLOSD","2235 Brightmoor CT","23238","Henrico","Townhouse","04/04/2025","$324,950","$317,000","45","Resale (occupied at least once)","1974","Windsor Park Townhouses","1,320","","3","1.2","Public Water","Sewer - Public","Conventional","Individuals"
"1","2501038","730-758-8814","CLOSD","12412 Northlake PL","23233","Henrico","Single Family Residence","04/04/2025","$889,000","$879,000","30","Resale (occupied at least once)","1992","The Colonies At Wilde Lake","4,212","0.80","5","3.1","Public Water","Sewer - Public","Conventional","Individuals"
"1","2500914","46-39-0-6-0","CLOSD","503 Harolds DR","23103","Goochland","Single Family Residence","04/04/2025","$948,000","$897,500","63","Resale (occupied at least once)","2004","Nuckols Forest","3,551","3.66","4","3.1","Well","Septic - Conventional","Cash","Individuals"
"1","2500854","028B1-6-24","CLOSD","2829 Maple Lake CIR","23139","Powhatan","Single Family Residence","04/04/2025","$849,900","$850,000","19","Resale (occupied at least once)","2023","Maple Grove","3,308","2.01","4","3.1","Well","Septic - Conventional","Cash","Individuals"
"1","2500510","733-757-8878","CLOSD","2905 Stonebriar PL","23233","Henrico","Single Family Residence","04/04/2025","$699,950","$675,000","37","Resale (occupied at least once)","1995","Creekwood - Henrico","3,260","0.43","5","3.1","Public Water","Sewer - Public","Conventional","Individuals"
"1","2432123","727-68-85-14-200-025","CLOSD","2846 Woodbridge Crossing CT","23112","Chesterfield","Condominium","04/04/2025","$250,000","$245,000","12","Resale (occupied at least once)","1980","Woodbridge Crossing","1,462","","3","2.0","Public Water","Sewer - Public","Conventional","Individuals"
"1","2431684","104401","CLOSD","5839 Yellow Jasmine TER","23140","New Kent","Single Family Residence","04/04/2025","$420,000","$403,000","92","Resale (occupied at least once)","2007","Oakmont Villas","2,434","0.14","4","3.0","Public Water","Sewer - Public","Cash","Individuals"
"1","2431123","029B-4B-16","CLOSD","2228 Fall Line DR","23139","Powhatan","Single Family Residence","04/04/2025","$337,500","$335,000","66","Resale (occupied at least once)","1979","Chestnut Oaks","1,275","1.61","3","2.0","Well","Septic - Conventional","FHA New","Individuals"
"1","2430184","790-61-28-23-000-000","CLOSD","4307 Butler LN","23803","Chesterfield","Single Family Residence","04/04/2025","$224,900","$220,000","108","Resale (occupied at least once)","1979","Holly Acres","960","0.18","3","1.0","Public Water","Sewer - Public","FHA New","Individuals"
"1","2428119","8707-11-9337","CLOSD","10065 Cool Spring RD","23116","Hanover","Single Family Residence","04/04/2025","$829,950","$750,000","119","Resale (occupied at least once)","1999","Cool Spring Farms","3,461","7.49","4","3.1","Well","Septic - Conventional","Conventional","Individuals"
"1","2428040","8705-33-7515","CLOSD","8192 Newman DR","23116","Hanover","Single Family Residence","04/04/2025","$450,000","$450,000","103","Resale (occupied at least once)","1958","Burnside Farms","2,845","0.51","4","3.0","Public Water","Sewer - Public","FHA New","Individuals"
"1","2423512","7779-47-7193","CLOSD","8047 Cabernet LN","23116","Hanover","Single Family Residence","04/04/2025","$695,345","$742,469","0","New (never occupied)","2021","Stags Leap","2,218","","3","3.0","Well","Sewer - Public","Conventional","Corporate"
"1","2406002","7860-66-4745","CLOSD","13453 Poplar Valley PL","23005","Hanover","Single Family Residence","04/04/2025","$899,000","$960,485","75","New (never occupied)","2024","Falling Creek Estates","3,150","1.38","5","3.1","Community Well","Septic - Conventional","Conventional","Corporate"
"1","BRTVAHA2000938","7850-39-5703","CLOSD","13518 Deer Creek RD","23005","Hanover","Single Family Residence","04/04/2025","$400,000","$400,000","2","Resale (occupied at least once)","1973","NONE AVAILABLE","0","5.41","3","2.0","Well","Septic","",""
"1","REIN10572976","37        29C","CLOSD","6021 Tuckers Pines LN","23011","New Kent","Single Family Residence","04/04/2025","$445,000","$461,200","5","Resale (occupied at least once)","2004","ALL OTHERS AREA 140","1,760","3.74","3","2.0","Well","Septic","",""
"1","2501736","780-744-3715","CLOSD","2316 Buckingham AVE","23228","Henrico","Single Family Residence","04/05/2025","$399,500","$465,000","3","Resale (occupied at least once)","1941","Bryan Parkway","1,650","0.20","3","2.1","Public Water","Sewer - Public","Cash","Individuals"
"1","2504047","815-714-3263","CLOSD","4935 Summerest AVE","23231","Henrico","Single Family Residence","04/07/2025","$319,500","$328,000","0","New (never occupied)","2025","Larchmont","1,410","0.23","3","2.1","Public Water","Sewer - Public","FHA New","Corporate"
"1","2418803","7870-65-6257","CLOSD","233 Amburn LN","23005","Hanover","Single Family Residence","04/07/2025","$559,990","$654,894","0","New (never occupied)","2025","Amburn","2,974","","4","4.1","Public Water","Sewer - Public","Conventional","Corporate"
"1","2504081","746-750-6270","CLOSD","1900 Sorrento PL","23238","Henrico","Single Family Residence","04/07/2025","$464,500","$460,000","10","Resale (occupied at least once)","1979","Raintree","2,044","0.36","4","2.1","Public Water","Sewer - Public","Conventional","Individuals"
"1","2504516","743-68-52-92-200-000","CLOSD","3426 Avocado DR","23112","Chesterfield","Townhouse","04/07/2025","$359,000","$359,000","19","Resale (occupied at least once)","2014","Genito Townes","1,796","","3","2.1","Public Water","Sewer - Public","Conventional","Corporate"
"1","2503620","815-64-85-16-000-000","CLOSD","13605 Thornhill PL","23836","Chesterfield","Single Family Residence","04/07/2025","$407,000","$397,800","22","Resale (occupied at least once)","1993","Thornhill","2,340","0.71","3","2.1","Public Water","Sewer - Public","Conventional","Individuals"
"1","2417478","7870-65-5320","CLOSD","245 Amburn LN","23005","Hanover","Single Family Residence","04/07/2025","$564,990","$647,636","0","New (never occupied)","2024","Amburn","2,974","","4","4.1","Public Water","Sewer - Public","Conventional","Corporate"
"1","2501787","848-691-2852","CLOSD","5819 Hines RD","23231","Henrico","Single Family Residence","04/07/2025","$335,000","$325,000","26","Resale (occupied at least once)","1959","Acreage","1,612","1.01","3","1.1","Well","Septic - Conventional","Conventional","Corporate"
"1","2502140","TBD","CLOSD","13263 Garland LN","23114","Chesterfield","Condominium","04/07/2025","$392,090","$392,090","22","New (never occupied)","2024","Coalfield Station","1,623","","2","2.0","Public Water","Sewer - Public","Conventional","Corporate"
"1","2430325","731-765-1305","CLOSD","510 Chapman Grove WALK Unit#A","23233","Henrico","Condominium","04/07/2025","$409,990","$409,990","71","New (never occupied)","2024","Gateway Square","1,573","","2","2.1","Public Water","Sewer - Public","Conventional","Corporate"
"1","2501678","803-703-5724","CLOSD","1401 Wilderness DR","23231","Henrico","Single Family Residence","04/07/2025","$365,000","$365,000","9","Resale (occupied at least once)","1977","New Market Farms","2,238","0.27","5","3.0","Public Water","Sewer - Public","FHA New","Individuals"
"1","2505451","778-746-5540","CLOSD","2631 Dellrose AVE","23228","Henrico","Single Family Residence","04/07/2025","$310,000","$310,000","4","Resale (occupied at least once)","1942","Hermitage Park","1,293","0.13","3","1.1","Public Water","Sewer - Public","Conventional","Individuals"
"1","2503260","E000-0717-002","CLOSD","1424 N 30th ST","23223","Richmond City","Single Family Residence","04/07/2025","$245,999","$245,000","34","Resale (occupied at least once)","1945","Woodville","756","0.15","2","1.0","Public Water","Sewer - Public","Cash","Individuals"
"1","2505382","766-69-30-51-600-000","CLOSD","6851 Melville DR","23832","Chesterfield","Single Family Residence","04/07/2025","$399,950","$399,950","2","Resale (occupied at least once)","1959","North Lake Hills","1,860","0.72","6","4.0","Well","Sewer - Public","FHA New","Partnership"
"1","2505366","825-718-7738","CLOSD","206 W McClellan ST","23150","Henrico","Single Family Residence","04/07/2025","$314,950","$315,000","3","Resale (occupied at least once)","1951","Sandston","1,116","0.23","4","2.0","Public Water","Sewer - Public","FHA New","Individuals"
"1","2504000","C005-0095-001","CLOSD","5992 Fairlee RD","23225","Richmond City","Single Family Residence","04/07/2025","$419,000","$417,000","11","Resale (occupied at least once)","1959","Shirley Hills","1,484","0.42","3","2.0","Public Water","None","Conventional","Corporate"
"1","2417245","8724-23-9496","CLOSD","7196 Lereve DR","23111","Hanover","Single Family Residence","04/07/2025","$427,000","$410,000","123","Resale (occupied at least once)","1987","Lereve Manor","2,902","0.48","5","3.1","Public Water","Sewer - Public","Conventional","Individuals"
"1","2430437","784-770-1496","CLOSD","10140 All Star BLVD","23059","Henrico","Townhouse","04/07/2025","$435,930","$420,930","61","New (never occupied)","2024","Village at Virginia Center Commons","1,943","","4","3.1","Public Water","Sewer - Public","Conventional","Corporate"
"1","2503819","S000-0916-003","CLOSD","314 W 27th ST","23225","Richmond City","Single Family Residence","04/07/2025","$495,000","$505,000","7","Resale (occupied at least once)","1924","Fonticello Park","1,650","0.21","3","2.0","Public Water","Sewer - Public","Conventional","Individuals"
"1","2503839","738-758-2115","CLOSD","3030 Crossfield RD","23233","Henrico","Single Family Residence","04/07/2025","$615,000","$625,000","5","Resale (occupied at least once)","1989","Sherbrooke","2,845","0.22","5","2.1","Public Water","Sewer - Public","Conventional","Individuals"
"1","2506202","7797-27-9214","CLOSD","10359 Agecroft Manor CT","23116","Hanover","Single Family Residence","04/07/2025","$439,950","$468,000","5","Resale (occupied at least once)","1988","Kings Charter","1,929","0.37","4","2.1","Public Water","Sewer - Public","Conventional","Individuals"
"1","2505178","726-70-74-57-300-000","CLOSD","14205 Martinet XING","23114","Chesterfield","Townhouse","04/07/2025","$384,950","$384,950","3","Resale (occupied at least once)","2017","Crofton Village At Charter Colony","1,757","0.04","3","2.1","Public Water","Sewer - Public","Conventional","Individuals"
"1","2504304","W000-0436-097","CLOSD","1208 Dance ST","23220","Richmond City","Single Family Residence","04/07/2025","$384,995","$360,000","13","Resale (occupied at least once)","1989","Wallace Manor","1,410","0.08","3","1.1","Public Water","Sewer - Public","Conventional","Individuals"
"1","2432299","N000-0538-001","CLOSD","117 Overbrook RD","23222","Richmond City","Single Family Residence","04/07/2025","$495,000","$485,000","53","Resale (occupied at least once)","1919","Battery Park","2,160","0.16","5","3.1","Public Water","Sewer - Public","Conventional","Corporate"
"1","2505885","804-728-1788","CLOSD","2301 Binford LN","23223","Henrico","Single Family Residence","04/07/2025","$210,000","$206,500","1","Resale (occupied at least once)","1970","Montezuma Gardens","1,092","0.27","3","1.0","Public Water","Sewer - Public","Cash","Individuals"
"1","2505420","786-68-93-10-600-042","CLOSD","5208 Castlewood RD Unit#F","23234","Chesterfield","Condominium","04/07/2025","$138,950","$141,269","4","Resale (occupied at least once)","1968","Tree Top Condominium","861","0.00","2","1.0","Public Water","Community - Sewer/Septic","Conventional","Estate"
"1","2505393","S0001123035","CLOSD","11 E 29th ST","23224","Richmond City","Single Family Residence","04/07/2025","$429,950","$428,500","0","New (never occupied)","2025","Swansboro","1,690","0.07","3","2.1","Public Water","Sewer - Public","Conventional","Corporate"
"1","2504546","796-61-51-86-900-000","CLOSD","3412 Dupuy RD","23834","Chesterfield","Single Family Residence","04/07/2025","$319,500","$319,500","6","Resale (occupied at least once)","1970","College Park","1,943","0.19","4","2.0","Public Water","Sewer - Public","Conventional","Corporate"
"1","2504418","E000-0726-015","CLOSD","708 N 32nd ST","23223","Richmond City","Single Family Residence","04/07/2025","$284,950","$281,200","5","Resale (occupied at least once)","1941","None","750","0.09","2","1.0","Public Water","Sewer - Public","Conventional","Individuals"
"1","2504242","C009-0372-061","CLOSD","2037 Orlando RD","23224","Richmond City","Single Family Residence","04/07/2025","$319,000","$320,000","16","Resale (occupied at least once)","1948","Rolando","1,520","0.25","4","3.0","Public Water","Sewer - Public","Conventional","Corporate"
"1","2504128","749-68-24-00-300-000","CLOSD","4511 Courthouse RD","23832","Chesterfield","Single Family Residence","04/07/2025","$400,000","$400,000","4","Resale (occupied at least once)","1967","Horner C H","1,392","0.82","3","1.1","Well","Septic - Conventional","VA New","Individuals"
"1","2504056","N000-0596-016","CLOSD","316 Overbrook RD","23222","Richmond City","Single Family Residence","04/07/2025","$365,000","$406,000","5","Resale (occupied at least once)","1919","Battery Park","1,629","0.13","3","1.1","Public Water","Sewer - Public","Conventional","Individuals"
"1","2503836","C005-0792-076","CLOSD","1041 Forest View School DR","23225","Richmond City","Single Family Residence","04/07/2025","$379,950","$395,000","7","Resale (occupied at least once)","2007","Molanna Acres","1,928","0.35","3","2.1","Public Water","Sewer - Public","Conventional","Individuals"
"1","2503630","8714-90-1069","CLOSD","7011 Poteet LN","23111","Hanover","Single Family Residence","04/07/2025","$330,000","$335,000","4","Resale (occupied at least once)","1986","High Point Farms","1,510","0.23","4","2.0","Public Water","Sewer - Public","FHA New","Individuals"
"1","2503043","725-67-89-76-100-000","CLOSD","13708 Sunrise Bluff RD","23112","Chesterfield","Single Family Residence","04/07/2025","$535,000","$575,000","7","Resale (occupied at least once)","1987","Woodlake","2,728","0.51","5","2.1","Public Water","Sewer - Public","Conventional","Individuals"
"1","2502596","713-67-62-17-000-000","CLOSD","5718 Red Setter LN","23120","Chesterfield","Single Family Residence","04/07/2025","$775,000","$750,000","33","Resale (occupied at least once)","2008","Foxcreek","5,119","0.38","5","5.0","Public Water","Sewer - Public","Cash","Individuals"
"1","2501884","724-69-60-83-600-000","CLOSD","1036 Water Beech RD","23114","Chesterfield","Single Family Residence","04/07/2025","$639,990","$635,000","11","Resale (occupied at least once)","2018","Centerpointe Crossing","3,333","0.26","3","3.0","Public Water","Sewer - Public","Conventional","Individuals"
"1","2501605","712-69-67-55-700-000","CLOSD","2307 Showning LN","23112","Chesterfield","Single Family Residence","04/07/2025","$1,175,000","$1,210,000","4","Resale (occupied at least once)","2020","Hallsley","4,190","0.46","4","3.2","Public Water","Sewer - Public","Conventional","Individuals"
"1","2501573","740-67-80-36-000-000","CLOSD","4601 Bridgewood RD","23112","Chesterfield","Single Family Residence","04/07/2025","$285,000","$270,000","3","Resale (occupied at least once)","1980","Glen Tara","1,056","0.27","3","1.0","Public Water","Sewer - Public","Other","Other"
"1","2501426","727-70-31-93-500-252","CLOSD","724 Bristol Village DR Unit#308","23114","Chesterfield","Condominium","04/07/2025","$259,900","$259,500","22","Resale (occupied at least once)","2005","Bristol Village @ Charter Colony","1,431","","2","2.0","Public Water","Sewer - Public","Other","Individuals"
"1","2501151","100704","CLOSD","5328 Pine Needles CT","23140","New Kent","Single Family Residence","04/07/2025","$619,990","$619,990","50","Resale (occupied at least once)","2009","Brickshire","3,620","0.42","4","2.2","Public Water","Sewer - Public","VA New","Individuals"
"1","2500870","741717953600000","CLOSD","2706 Sugarberry LN","23113","Chesterfield","Single Family Residence","04/07/2025","$949,900","$900,000","60","Resale (occupied at least once)","1994","The Gardens At Bellgrade","3,765","0.61","4","3.1","Public Water","Sewer - Public","Cash","Individuals"
"1","2430348","802-726-2071","CLOSD","2011 Holly ST","23223","Henrico","Single Family Residence","04/07/2025","$175,000","$183,000","23","Resale (occupied at least once)","1959","Central Gardens","1,052","0.24","3","1.0","Public Water","Sewer - Public","Private","Individuals"
"1","2427878","739-754-4157","CLOSD","11914 Shire Walk TRL","23233","Henrico","Townhouse","04/07/2025","$577,100","$562,900","143","New (never occupied)","2024","Shire Walk","2,206","","4","3.1","Public Water","Sewer - Public","Cash","Corporate"
"1","2426705","7906512820","CLOSD","4343 Poplar Village DR","23831","Chesterfield","Single Family Residence","04/07/2025","$489,979","$542,814","0","New (never occupied)","2024","Poplar Village","2,503","0.68","4","3.0","Public Water","Sewer - Public","FHA New","Corporate"
"1","2415416","727-70-43-59-100-000","CLOSD","504 Coalfield RD","23114","Chesterfield","Single Family Residence","04/07/2025","$895,000","$220,000","212","New (never occupied)","2024","None","3,294","1.44","4","3.1","Public Water","Septic - Conventional, Septic - Engineered","Conventional","Individuals"
"1","REIN10569241","22A14 2 103","CLOSD","7577 Southamptonshire WAY","23124","New Kent","Single Family Residence","04/07/2025","$415,000","$415,000","31","Resale (occupied at least once)","2021","LIFESTYLE AT FOUR SEASONS","1,692","","3","2.0","Public Water","Public Sewer On Site","",""
"1","2428304","E000-0578-023","CLOSD","2902 E Franklin ST","23223","Richmond City","Single Family Residence","04/08/2025","$645,000","$645,000","94","New (never occupied)","2024","None","2,270","0.07","3","2.1","Public Water","Sewer - Public","Conventional","Corporate"
"1","REIN10572553","740-69-55-07-600-000","CLOSD","11613 Explorer DR","23114","Chesterfield","Single Family Residence","04/08/2025","$555,000","$555,000","20","Resale (occupied at least once)","2003","ALL OTHERS AREA 143","3,109","0.62","5","3.0","Public Water","Public Sewer On Site","",""
"1","2416685","744-772-8795","CLOSD","11448 Pinedale DR","23059","Henrico","Single Family Residence","04/08/2025","$418,000","$418,000","174","Resale (occupied at least once)","1999","Avery Green","1,374","0.14","3","2.0","Public Water","Sewer - Public","FHA New","Corporate"
"1","2505065","045-1-32","CLOSD","2375 Mosby RD","23139","Powhatan","Single Family Residence","04/08/2025","$339,000","$354,000","3","New (never occupied)","2024","None","1,737","1.62","3","2.1","Well","Septic - Conventional","FHA New","Other"
"1","2506007","739-68-46-82-200-000","CLOSD","3640 Markey RD","23112","Chesterfield","Single Family Residence","04/08/2025","$425,000","$450,000","4","Resale (occupied at least once)","2002","St Regents Lake","2,046","0.58","4","2.1","Public Water","Sewer - Public","Conventional","Individuals"
"1","2505804","742-67-68-72-600-000","CLOSD","11519 Parrish Creek LN","23832","Chesterfield","Single Family Residence","04/08/2025","$425,000","$440,000","26","Resale (occupied at least once)","2009","Colony Pointe","2,057","0.37","4","3.0","Public Water","Sewer - Public","FHA New","Individuals"
"1","2503557","7096753436","CLOSD","6605 Cassia LOOP","23120","Chesterfield","Single Family Residence","04/08/2025","$525,040","$510,000","25","New (never occupied)","2025","Wynwood at Foxcreek","2,226","0.12","4","2.1","Public Water","Sewer - Public","Conventional","Other"
"1","2502911","790-753-5610","CLOSD","6000 Chamberlayne RD","23227","Henrico","Single Family Residence","04/08/2025","$449,950","$460,000","25","Resale (occupied at least once)","1950","Chamberlayne Farms","1,950","0.64","4","2.1","Public Water","Sewer - Public","VA New","Individuals"
"1","2502121","765-68-50-90-800-000","CLOSD","4900 Michaelwood RD","23832","Chesterfield","Single Family Residence","04/08/2025","$369,000","$369,000","38","Resale (occupied at least once)","2021","Pennwood Estates","1,680","0.29","3","2.1","Public Water","Sewer - Public","Conventional","Individuals"
"1","2501471","811-700-2792","CLOSD","6688 Willson RD","23231","Henrico","Single Family Residence","04/08/2025","$299,950","$270,000","12","Resale (occupied at least once)","1959","Acreage","2,100","2.40","4","1.1","Public Water","Septic - Conventional","Conventional","Individuals"
"1","2430832","784-762-3246","CLOSD","1113 New York AVE","23060","Henrico","Single Family Residence","04/08/2025","$365,000","$362,500","74","Resale (occupied at least once)","1951","Biltmore","1,676","0.20","3","2.1","Public Water","Sewer - Public","Conventional","Individuals"
"1","2423196","714660453700000","CLOSD","9113 Verneham CT","23832","Chesterfield","Single Family Residence","04/08/2025","$712,250","$772,118","171","New (never occupied)","2024","Harpers Mill","3,738","","5","4.1","Public Water","Sewer - Public","VA New","Corporate"
"1","2421944","8707705522","CLOSD","10553 Goosecross Way","23116","Hanover","Townhouse","04/08/2025","$613,843","$675,168","2","New (never occupied)","2024","Stags Leap","2,551","","3","3.0","Community Well","Sewer - Public","Conventional","Corporate"
"1","2501534","745-746-0504","CLOSD","10101 Stonemark CT","23238","Henrico","Single Family Residence","04/08/2025","$499,900","$491,250","38","Resale (occupied at least once)","1973","Raintree","2,224","0.60","4","3.0","Public Water","Sewer - Public","Conventional","Individuals"
"1","2502888","730-765-2430.158","CLOSD","506 Chapman Grove WALK Unit#A","23233","Henrico","Condominium","04/08/2025","$437,685","$432,685","7","New (never occupied)","2024","Gateway Square","1,573","","2","2.1","Public Water","Sewer - Public","Conventional","Corporate"
"1","2428886","9-1-35-F","CLOSD","3880 Shannon Hill RD","23038","Goochland","Single Family Residence","04/08/2025","$135,950","$144,627","26","Resale (occupied at least once)","1985","None","840","","2","1.0","Well","Septic - Conventional","VHDA/FHA","Partnership"
"1","2505310","8706-05-7373","CLOSD","9610 Leighfield WAY","23116","Hanover","Single Family Residence","04/08/2025","$710,000","$706,137","4","Resale (occupied at least once)","2013","Rutland","3,469","0.18","7","3.1","Public Water","Sewer - Public","Conventional","Individuals"
"1","2502453","21E 1 A 13","CLOSD","5735 Quinton Estates DR","23141","New Kent","Single Family Residence","04/08/2025","$339,900","$339,000","27","Resale (occupied at least once)","1998","Quinton Estates","1,214","0.62","3","2.0","Public Water","Septic - Conventional","Conventional","Individuals"
"1","2505018","C003-0149-008","CLOSD","2700 Lansdale RD","23225","Richmond City","Single Family Residence","04/08/2025","$479,950","$485,000","2","Resale (occupied at least once)","1998","Stratford Hills","1,969","0.61","3","2.1","Public Water","Sewer - Public","Conventional","Individuals"
"1","2502765","720669455900","CLOSD","14605 Helmsman CT","23832","Chesterfield","Single Family Residence","04/08/2025","$320,000","$320,000","5","Resale (occupied at least once)","1986","Ashbrook","1,120","","3","2.0","Public Water","Sewer - Public","Conventional","Corporate"
"1","2503895","732-72-57-88-900-000","CLOSD","4001 Welby DR","23113","Chesterfield","Single Family Residence","04/08/2025","$1,000,000","$1,000,000","7","Resale (occupied at least once)","2005","Tarrington","5,074","0.62","6","4.0","Public Water","Sewer - Public","Conventional","Individuals"
"1","2506099","732-747-3075","CLOSD","2207 Lochwood CT","23238","Henrico","Single Family Residence","04/08/2025","$409,900","$435,000","4","Resale (occupied at least once)","1972","Tuckahoe Village West","1,941","0.51","3","2.1","Public Water","Sewer - Public","Conventional","Individuals"
"1","2505946","821-64-58-72-900-000","CLOSD","14308 Central AVE","23836","Chesterfield","Single Family Residence","04/08/2025","$255,000","$251,600","4","Resale (occupied at least once)","1955","Morrisdale","957","0.30","3","1.0","Public Water","Sewer - Public","Cash","Individuals"
"1","2505542","767-737-9611","CLOSD","913 Sabot ST","23226","Henrico","Single Family Residence","04/08/2025","$625,000","$715,000","4","Resale (occupied at least once)","1948","Westview","1,911","0.26","3","2.0","Public Water","Sewer - Public","Conventional","Individuals"
"1","2505534","7779-29-7059","CLOSD","11387 Hanover AVE","23005","Hanover","Single Family Residence","04/08/2025","$274,950","$288,000","6","Resale (occupied at least once)","1960","None","872","0.65","2","1.0","Well","Septic - Conventional","FHA New","Individuals"
"1","2505475","N005-1182-036","CLOSD","3359 Dill AVE","23222","Richmond City","Townhouse","04/08/2025","$137,500","$120,000","13","Resale (occupied at least once)","1972","Highland Park","1,036","0.04","3","1.0","Public Water","Sewer - Public","Cash","Corporate"
"1","2505255","028-6-2B","CLOSD","3175 Academy Farms DR","23139","Powhatan","Single Family Residence","04/08/2025","$615,000","$625,000","2","Resale (occupied at least once)","1986","None","1,943","7.50","3","2.1","Well","Septic - Conventional","Conventional","Individuals"
"1","2505159","760-67-88-32-000-000","CLOSD","9019 Scotts Bluff LN","23832","Chesterfield","Single Family Residence","04/08/2025","$395,900","$430,000","2","Resale (occupied at least once)","2004","Five Forks Village","2,337","0.22","3","2.1","Public Water","Sewer - Public","FHA New","Individuals"
"1","2505125","739-780-3001","CLOSD","6003 Morgans Glen PL","23059","Henrico","Townhouse","04/08/2025","$479,900","$480,000","3","Resale (occupied at least once)","1996","Morgans Glen At Wyndham","1,776","0.07","3","2.1","Public Water","Sewer - Public","Cash","Individuals"
"1","2505115","753-70-76-67-100-000","CLOSD","9345 Donachy DR","23235","Chesterfield","Single Family Residence","04/08/2025","$450,000","$461,100","8","Resale (occupied at least once)","1968","Brighton Green","2,535","0.40","4","3.0","Public Water","Sewer - Public","Conventional","Individuals"
"1","2504679","58-36-5-1-0","CLOSD","520 Hunt Field RD","23103","Goochland","Single Family Residence","04/08/2025","$995,000","$1,100,000","10","Resale (occupied at least once)","2006","Kinloch","3,567","0.49","4","3.1","Public Water","Sewer - Public","Cash","Individuals"
"1","2504626","714-66-88-12-800-000","CLOSD","7825 Hampton Forest LN","23832","Chesterfield","Single Family Residence","04/08/2025","$559,000","$610,000","6","Resale (occupied at least once)","2000","Hampton Park","2,528","0.26","5","2.1","Public Water","Sewer - Public","Conventional","Individuals"
"1","2504454","7846-75-6141","CLOSD","19274 Landora Bridge","22546","Hanover","Single Family Residence","04/08/2025","$589,000","$589,000","2","Resale (occupied at least once)","2022","Landora Bridge Estates","2,124","9.80","4","2.0","Well","Septic - Conventional","VA New","Individuals"
"1","2504098","20        53A","CLOSD","3670 Old Woods RD","23141","New Kent","Single Family Residence","04/08/2025","$575,000","$568,500","13","Resale (occupied at least once)","2016","None","3,170","2.69","4","3.0","Well","Septic - Conventional","VA New","Individuals"
"1","2503982","W000-0699-008","CLOSD","1911 Carter ST","23220","Richmond City","Single Family Residence","04/08/2025","$589,000","$607,000","4","Resale (occupied at least once)","2014","Riverview","1,624","0.14","3","2.1","Public Water","Sewer - Public","Conventional","Individuals"
"1","2503868","749-70-43-15-800-000","CLOSD","101 Aldersmead RD","23236","Chesterfield","Single Family Residence","04/08/2025","$379,950","$408,500","8","Resale (occupied at least once)","1975","Shenandoah","2,184","0.40","4","2.1","Public Water","Sewer - Public","Conventional","Individuals"
"1","2503608","746-70-27-16-700-000","CLOSD","10407 Marbleridge CT","23236","Chesterfield","Single Family Residence","04/08/2025","$309,950","$310,000","4","Resale (occupied at least once)","1977","Briarcliff Section 2","1,332","0.38","3","1.1","Public Water","Sewer - Public","FHA New","Individuals"
"1","2503496","014-75A","CLOSD","4792 Bell RD","23139","Powhatan","Single Family Residence","04/08/2025","$850,000","$850,000","5","New (never occupied)","2024","None","2,967","10.00","4","3.1","Well","Septic - Conventional","Conventional","Individuals"
"1","2503468","735-748-8733","CLOSD","10800 Stanton WAY","23238","Henrico","Single Family Residence","04/08/2025","$395,000","$395,000","5","Resale (occupied at least once)","1990","Sussex Wood","1,360","0.16","3","2.0","Public Water","Sewer - Public","Conventional","Individuals"
"1","2503236","C007-0140-020","CLOSD","5717 Warwick RD","23224","Richmond City","Single Family Residence","04/08/2025","$210,000","$200,000","10","Resale (occupied at least once)","1940","None","1,157","0.89","3","1.0","Public Water","Sewer - Public","Cash","Other"
"1","2500700","8707-70-6500","CLOSD","10545 Goosecross WAY Unit#P2","23116","Hanover","Townhouse","04/08/2025","$529,101","$529,101","44","New (never occupied)","2024","Stags Leap","1,814","0.10","2","2.0","Public Water","Sewer - Public","Cash","Corporate"
"1","2429139","64-32-0-4-0","CLOSD","171 Blair Estates CT","23238","Goochland","Single Family Residence","04/08/2025","$1,425,000","$1,425,000","98","New (never occupied)","2024","Blair Estates","5,522","","4","4.1","Public Water","Sewer - Public","Private","Corporate"
"1","2421663","779-771-4982","CLOSD","10872 Farmstead Mill LN","23059","Henrico","Townhouse","04/08/2025","$467,215","$467,215","131","New (never occupied)","2024","River Mill","1,921","","3","2.1","Public Water","Sewer - Public","Conventional","Corporate"
"1","BRTVACF2001036","732725788900000","CLOSD","4001 Welby DR","23113","Chesterfield","Single Family Residence","04/08/2025","$1,000,000","$1,000,000","6","Resale (occupied at least once)","2005","NONE AVAILABLE","5,018","0.61","6","4.0","Public Water","Public Sewer On Site","",""
"1","BRTVAHA2000918","7846-75-6141","CLOSD","19274 Landora Bridge RD","22546","Hanover","Single Family Residence","04/08/2025","$589,000","$589,000","1","Resale (occupied at least once)","2022","LANDORA BRIDGE EST","2,124","9.80","4","2.0","Well","Septic","",""
"1","2506645","S000-0701-001","CLOSD","518 W 25th ST","23225","Richmond City","Single Family Residence","04/09/2025","$619,000","$655,000","3","Resale (occupied at least once)","1919","Woodland Heights","2,214","0.19","3","3.0","Public Water","Sewer - Public","Conventional","Individuals"
"1","2501839","42-4","CLOSD","9030 Old Elam Cemetary RD","23030","Charles City County","Single Family Residence","04/09/2025","$224,000","$234,000","29","Resale (occupied at least once)","1976","None","1,056","0.69","3","1.0","Well","Septic - Conventional","FHA New","Individuals"
"1","2431216","22A14 3 138","CLOSD","7249 Lyon Taylor LN","23124","New Kent","Townhouse","04/09/2025","$319,990","$318,990","29","New (never occupied)","2024","Townhomes at Four Seasons","1,635","","3","2.1","Public Water","Sewer - Public","Cash","Corporate"
"1","2429723","771-69-06-74-900-000","CLOSD","4400 Fieldstone CT","23234","Chesterfield","Single Family Residence","04/09/2025","$329,000","$305,000","98","Resale (occupied at least once)","1979","Whale Rock","2,088","0.29","4","3.0","Public Water","Sewer - Public","Conventional","Corporate"
"1","2504428","737-72-40-12-800-000","CLOSD","12211 Iron Forge DR","23113","Chesterfield","Single Family Residence","04/09/2025","$1,475,000","$1,525,000","5","Resale (occupied at least once)","1999","Clarkes Forge","8,492","2.83","6","5.1","Public Water","Sewer - Public","Conventional","Individuals"
"1","2501834","763-764-6180.046","CLOSD","10317 White Marsh RD","23060","Henrico","Condominium","04/09/2025","$549,950","$550,000","41","Resale (occupied at least once)","2004","The Carriage Homes @ Crossridge","2,503","0.16","3","2.1","Public Water","Sewer - Public","Cash","Individuals"
"1","2501169","821-690-5495","CLOSD","7600 Danrett CT","23231","Henrico","Single Family Residence","04/09/2025","$399,950","$399,950","34","Resale (occupied at least once)","2004","Doran Forest","2,087","1.00","4","2.1","Public Water","Sewer - Public","VA New","Individuals"
"1","2502915","N000-1037-013","CLOSD","3220 Hanes AVE","23222","Richmond City","Single Family Residence","04/09/2025","$535,000","$525,000","16","Resale (occupied at least once)","1926","None","3,040","0.16","3","3.1","Public Water","Sewer - Public","Conventional","Individuals"
"1","2505681","C004-0654-028","CLOSD","7501 Potters CT","23225","Richmond City","Townhouse","04/09/2025","$285,000","$285,000","5","Resale (occupied at least once)","1985","Southampton Hills","1,101","0.03","2","2.0","Public Water","Sewer - Public","Conventional","Individuals"
"1","2505112","768-760-9151.107","CLOSD","9377 Manowar CT Unit#911","23060","Henrico","Condominium","04/09/2025","$229,000","$232,835","5","Resale (occupied at least once)","1988","Laurel Lakes Condo","971","22.49","2","2.0","Public Water","Sewer - Public","Conventional","Individuals"
"1","2505327","783-746-8075","CLOSD","2036 Cedarbird WAY","23227","Henrico","Townhouse","04/09/2025","$349,950","$354,000","4","Resale (occupied at least once)","2022","Lakeside Landing","1,464","0.05","3","2.1","Public Water","Sewer - Public","Conventional","Individuals"
"1","2507438","W000-2033-003","CLOSD","4523 Fitzhugh AVE","23230","Richmond City","Single Family Residence","04/09/2025","$539,000","$569,000","4","Resale (occupied at least once)","1941","Monument Avenue Park","1,344","0.14","4","2.0","Public Water","Sewer - Public","Cash","Individuals"
"1","2506932","767-764-1313","CLOSD","10304 Warren RD","23060","Henrico","Single Family Residence","04/09/2025","$499,000","$490,000","5","Resale (occupied at least once)","1978","Bretton Woods","","0.04","4","2.1","Public Water","Sewer - Public","Cash","Individuals"
"1","2506311","35   3    44","CLOSD","4590 Hidden LN","23089","New Kent","Single Family Residence","04/09/2025","$385,000","$394,500","6","Resale (occupied at least once)","1999","New Kent Colony Estates","1,795","5.04","3","2.0","Well","Septic - Conventional","Cash","Estate"
"1","2506250","730-66-74-14-700-000","CLOSD","7742 Bold Forbes LN","23112","Chesterfield","Single Family Residence","04/09/2025","$349,900","$350,000","4","Resale (occupied at least once)","1993","Deer Run","1,775","0.29","3","2.1","Public Water","Sewer - Public","Conventional","Individuals"
"1","2506201","W019-0306-096","CLOSD","34 W Locke LN Unit#U3","23226","Richmond City","Condominium","04/09/2025","$589,000","$590,000","3","Resale (occupied at least once)","1930","Lock Lane Condominium","1,524","0.04","3","2.1","Public Water","Sewer - Public","Cash","Other"
"1","2506021","7797-40-7547","CLOSD","10133 Stags Leap DR","23116","Hanover","Single Family Residence","04/09/2025","$499,950","$541,500","6","Resale (occupied at least once)","2005","Madison Springs","2,052","0.26","3","2.0","Public Water","Sewer - Public","Conventional","Individuals"
"1","2505913","W019-0341-039","CLOSD","4312 Cary Street RD","23221","Richmond City","Single Family Residence","04/09/2025","$1,274,950","$1,280,000","4","New (never occupied)","2025","None","","0.16","4","3.1","Public Water","Sewer - Public","Cash","Individuals"
"1","2505353","S0000457002","CLOSD","2014 Edwards Ave","23224","Richmond City","Single Family Residence","04/09/2025","$135,000","$181,000","5","Resale (occupied at least once)","1960","Mason Park","","0.13","3","0.0","Public Water","Sewer - Public","Cash","Individuals"
"1","2505329","744-774-9096","CLOSD","5806 Gate House DR","23059","Henrico","Townhouse","04/09/2025","$535,000","$537,000","4","Resale (occupied at least once)","2004","Townes At Shady Grove","2,229","0.12","3","2.1","Public Water","Sewer - Public","Cash","Individuals"
"1","2505238","746-777-9807","CLOSD","12004 Holman LN","23059","Henrico","Single Family Residence","04/09/2025","$625,000","$650,000","2","Resale (occupied at least once)","2001","Wyndham Forest","2,484","0.26","4","2.1","Public Water","Sewer - Public","Conventional","Individuals"
"1","2503588","N000-1037-005","CLOSD","3302 Hanes AVE","23222","Richmond City","Single Family Residence","04/09/2025","$535,000","$535,000","5","Resale (occupied at least once)","2017","North Richmond Terrace","2,070","0.13","3","2.1","Public Water","Sewer - Public","VA New","Individuals"
"1","2503067","C009-0688-030","CLOSD","3030 Glenan DR","23234","Richmond City","Single Family Residence","04/09/2025","$245,000","$215,000","32","Resale (occupied at least once)","1964","Deerbourne","1,540","0.22","3","1.1","Public Water","Sewer - Public","Conventional","Individuals"
"1","2503015","W000-0994-050","CLOSD","2217 Uptown ALY","23220","Richmond City","Single Family Residence","04/09/2025","$765,000","$782,500","6","Resale (occupied at least once)","2021","None","2,106","0.03","3","2.1","Public Water","Sewer - Public","Conventional","Individuals"
"1","2502863","822-691-9862","CLOSD","2909 Clifford Tower DR","23231","Henrico","Single Family Residence","04/09/2025","$519,990","$505,000","24","New (never occupied)","2018","Castleton","2,763","0.23","4","2.1","Public Water","Sewer - Public","FHA New","Corporate"
"1","2502614","782-69-07-01-200-000","CLOSD","3825 Falstone RD","23234","Chesterfield","Single Family Residence","04/09/2025","$430,000","$420,000","20","Resale (occupied at least once)","1976","Meadowbrook","2,797","0.37","4","3.0","Public Water","Sewer - Public","VA New","Individuals"
"1","2502187","33B7 4 1  77","CLOSD","5826 Yellow Jasmine TER","23140","New Kent","Single Family Residence","04/09/2025","$450,000","$450,000","46","Resale (occupied at least once)","2008","Oakmont Villas","2,589","0.17","4","3.0","Public Water","Sewer - Public","Cash","Individuals"
"1","2430104","Not Yet Assigned","CLOSD","203 Whiteside RD","23150","Henrico","Townhouse","04/09/2025","$319,190","$298,190","96","New (never occupied)","2025","Parkside Townes","1,318","","3","2.1","Public Water","Sewer - Public","Conventional","Corporate"
"1","2429818","723-68-05-30-600-000","CLOSD","14211 Watercrest CT","23112","Chesterfield","Single Family Residence","04/09/2025","$599,900","$600,000","99","Resale (occupied at least once)","1988","Woodlake","3,545","0.37","5","2.1","Public Water","Sewer - Public","Other","Individuals"
"1","2428583","721-67-76-21-200-000","CLOSD","5709 Oak Knoll LN","23112","Chesterfield","Single Family Residence","04/09/2025","$458,000","$471,000","81","Resale (occupied at least once)","1985","Woodlake","2,617","0.28","5","2.1","Public Water","Sewer - Public","Other","Estate"
"1","2428455","794-750-4823","CLOSD","7700 Jennifer Scott CT","23227","Henrico","Single Family Residence","04/09/2025","$395,000","$365,000","115","Resale (occupied at least once)","1990","Wilkinson Estates","1,872","0.45","4","2.1","Public Water","Sewer - Public","Conventional","Individuals"
"1","2427642","36-131","CLOSD","8801 The New RD","23030","Charles City County","Single Family Residence","04/09/2025","$339,000","$339,000","130","Resale (occupied at least once)","1975","None","1,514","0.75","3","2.0","Public Water","Sewer - Public","Conventional","Corporate"
"1","2415337","739-754-4354","CLOSD","11910 Shire Walk TRL","23233","Henrico","Townhouse","04/09/2025","$509,990","$531,140","0","New (never occupied)","2024","Shire Walk","2,023","","4","3.1","Public Water","Sewer - Public","Conventional","Corporate"
"1","BRTVANK2000094","NO TAX RECORD","CLOSD","4590 Hidden LN","23089","New Kent","Single Family Residence","04/09/2025","$385,000","$394,500","7","Resale (occupied at least once)","1999","NONE","1,795","5.04","3","2.0","Well","Septic","",""
"1","REIN10556364","36-131","CLOSD","8801 The New RD","23030","Charles City County","Single Family Residence","04/09/2025","$339,000","$339,000","117","Resale (occupied at least once)","1975","ALL OTHERS AREA 142","1,514","0.75","3","2.0","Public Water","Public Sewer On Site","",""
"1","REIN10569506","51A1 5  31","CLOSD","13715 Cypress DR","23089","New Kent","Single Family Residence","04/09/2025","$273,000","$275,000","36","Resale (occupied at least once)","1972","CHICKAHOMINY SHORES","920","","3","1.0","Well","Septic","",""
"1","2502541","733-70-09-18-400-000","CLOSD","1000 Whisperlake CT","23114","Chesterfield","Single Family Residence","04/10/2025","$506,000","$495,000","36","Resale (occupied at least once)","2001","Walton Lake","2,454","0.31","4","2.1","Public Water","Sewer - Public","Conventional","Corporate"
"1","2504362","804-708-9512","CLOSD","5928 Almond Tree TER","23231","Henrico","Single Family Residence","04/10/2025","$305,000","$320,000","2","Resale (occupied at least once)","1999","Almond Creek Estates","1,488","0.19","3","2.1","Public Water","Sewer - Public","FHA New","Individuals"
"1","2506177","731-67-10-35-300-000","CLOSD","7012 Whistlers Cove DR","23112","Chesterfield","Single Family Residence","04/10/2025","$345,990","$350,000","10","Resale (occupied at least once)","1990","Spring Trace","1,584","0.25","4","2.0","Public Water","Sewer - Public","Conventional","Individuals"
"1","2506461","764-69-05-33-700-000","CLOSD","3925 Round Hill CT","23832","Chesterfield","Single Family Residence","04/10/2025","$392,500","$395,000","6","Resale (occupied at least once)","1998","Creekwood","2,121","0.39","4","2.1","Public Water","Sewer - Public","Conventional","Individuals"
"1","2503291","8724-05-1112","CLOSD","6995 Cornfield LN","23111","Hanover","Single Family Residence","04/10/2025","$399,900","$399,900","11","Resale (occupied at least once)","1976","Walnut Grove","2,058","0.42","4","2.2","Public Water","Sewer - Public","VA New","Individuals"
"1","2502098","730-765-2430.162","CLOSD","512 Chapman Grove WALK Unit#B","23233","Henrico","Condominium","04/10/2025","$479,085","$474,085","5","New (never occupied)","2024","Gateway Square","2,345","","3","2.1","Public Water","Sewer - Public","Conventional","Corporate"
"1","2427620","22A14 3 175","CLOSD","7264 Lyon Taylor LN","23124","New Kent","Townhouse","04/10/2025","$335,160","$335,555","0","New (never occupied)","2024","Townhomes at Four Seasons","1,635","","3","2.1","Public Water","Sewer - Public","Cash","Corporate"
"1","2502522","828-721-1668","CLOSD","1404 Green Pasture RD","23150","Henrico","Single Family Residence","04/10/2025","$265,000","$260,500","11","Resale (occupied at least once)","1978","Fairlawn Estates","1,040","0.21","3","1.0","Public Water","Sewer - Public","Conventional","Individuals"
"1","2501305","N000-1039-020","CLOSD","3107 Garland AVE","23222","Richmond City","Single Family Residence","04/10/2025","$420,000","$415,000","38","Resale (occupied at least once)","2011","Brookland Park","2,121","0.11","5","2.1","Public Water","Sewer - Public","Conventional","Corporate"
"1","2501913","043D-1-9","CLOSD","2230 Preservation DR","23113","Powhatan","Single Family Residence","04/10/2025","$1,239,000","$1,180,000","16","Resale (occupied at least once)","2019","The Preserve At Huguenot Springs","4,568","7.26","4","4.1","Well","Septic - Engineered","Conventional","Individuals"
"1","2503445","775-770-9230","CLOSD","2708 Forest Trace CT","23059","Henrico","Single Family Residence","04/10/2025","$515,000","$515,000","20","Resale (occupied at least once)","1994","Forest Trace","1,938","0.28","4","2.1","Public Water","Sewer - Public","Conventional","Individuals"
"1","2503297","730-66-22-51-900-000","CLOSD","13031 Fieldfare DR","23112","Chesterfield","Single Family Residence","04/10/2025","$574,900","$574,900","19","Resale (occupied at least once)","2023","Collington East","2,966","0.16","5","2.1","Public Water","Sewer - Public","Conventional","Individuals"
"1","2502864","S0000226015","CLOSD","420 1/2 E 15th ST","23224","Richmond City","Single Family Residence","04/10/2025","$349,950","$353,150","19","New (never occupied)","2025","Blackwell","1,792","0.05","3","2.1","Public Water","Sewer - Public","Conventional","Corporate"
"1","2502584","819-727-4250","CLOSD","209 Forest AVE","23223","Henrico","Single Family Residence","04/10/2025","$244,900","$244,000","18","Resale (occupied at least once)","1937","Beechwood Park","974","0.13","2","2.0","Public Water","Sewer - Public","FHA New","Corporate"
"1","2503970","761-741-2723","CLOSD","7501 Glebe RD","23229","Henrico","Single Family Residence","04/10/2025","$520,000","$500,000","11","Resale (occupied at least once)","1949","Clovelly Gardens","1,354","0.24","3","1.1","Public Water","Sewer - Public","Conventional","Individuals"
"1","2503823","777-751-7280","CLOSD","2416 Bransford DR","23228","Henrico","Single Family Residence","04/10/2025","$282,000","$275,000","32","Resale (occupied at least once)","1947","Woodland Hills","1,000","0.23","3","1.0","Public Water","Sewer - Public","Conventional","Corporate"
"1","2500674","7768-85-5131","CLOSD","12075 Cedar LN","23005","Hanover","Single Family Residence","04/10/2025","$699,000","$702,000","6","Resale (occupied at least once)","1994","Woodstock Heights","2,676","4.03","4","3.1","Well","Septic - Conventional","Conventional","Individuals"
"1","2507409","W000-1513-065","CLOSD","117 N Crenshaw AVE Unit#U2N","23221","Richmond City","Condominium","04/10/2025","$300,000","$341,000","5","Resale (occupied at least once)","1922","None","863","0.02","2","1.0","Public Water","Sewer - Public","Cash","Individuals"
"1","2506778","724-65-80-20-000-000","CLOSD","15407 Willow Hill LN","23832","Chesterfield","Single Family Residence","04/10/2025","$512,500","$515,000","5","Resale (occupied at least once)","2014","Willow Creek","2,602","0.37","4","3.1","Public Water","Sewer - Public","Cash","Individuals"
"1","2506649","733-70-89-18-100-000","CLOSD","1010 Mill Forest DR","23113","Chesterfield","Single Family Residence","04/10/2025","$400,000","$430,000","2","Resale (occupied at least once)","1986","Millstone Creek","1,915","0.24","4","2.1","Public Water","Sewer - Public","Conventional","Individuals"
"1","2506361","757-761-8700","CLOSD","4220 Lanver LN","23294","Henrico","Single Family Residence","04/10/2025","$425,000","$510,000","4","Resale (occupied at least once)","1996","Claiborne","1,774","0.26","4","2.1","Public Water","Sewer - Public","Conventional","Individuals"
"1","2506143","E000-0529-017","CLOSD","2820 E Marshall ST","23223","Richmond City","Single Family Residence","04/10/2025","$500,000","$517,500","8","Resale (occupied at least once)","1895","None","1,698","0.04","3","2.1","Public Water","Sewer - Public","Cash","Individuals"
"1","2505849","781-749-8575","CLOSD","1901 Hilliard RD","23228","Henrico","Single Family Residence","04/10/2025","$359,000","$359,000","4","Resale (occupied at least once)","1939","Hermitage Court","1,634","0.16","3","1.0","Public Water","Sewer - Public","Conventional","Individuals"
"1","2505847","S000-2923-046","CLOSD","4030 Forest Hill TER Unit#1","23225","Richmond City","Condominium","04/10/2025","$174,100","$170,000","2","Resale (occupied at least once)","1961","Forest Oaks Condominiums","","3.80","2","1.0","Public Water","Sewer - Public","Conventional","Individuals"
"1","2505653","720-67-63-43-100-000","CLOSD","5924 Acorn Ridge CT","23112","Chesterfield","Single Family Residence","04/10/2025","$359,900","$367,500","1","Resale (occupied at least once)","1988","Woodlake","1,360","0.15","3","2.1","Public Water","Sewer - Public","Conventional","Individuals"
"1","2505495","766-757-1160","CLOSD","8631 Millstream DR","23228","Henrico","Townhouse","04/10/2025","$289,993","$286,000","2","Resale (occupied at least once)","2003","Millspring Townes","1,376","0.04","3","2.0","Public Water","Sewer - Public","Conventional","Corporate"
"1","2505489","743-747-9693","CLOSD","1811 Ivystone DR","23238","Henrico","Townhouse","04/10/2025","$319,000","$325,000","4","Resale (occupied at least once)","1975","Ivystone Village At Raintree","1,737","0.07","4","2.0","Public Water","Sewer - Public","FHA New","Individuals"
"1","2505431","767-68-78-19-800-000","CLOSD","6536 Gills Gate DR","23832","Chesterfield","Single Family Residence","04/10/2025","$355,000","$333,000","16","Resale (occupied at least once)","2003","Gills Gate","2,322","0.24","4","2.1","Public Water","Sewer - Public","Conventional","Individuals"
"1","2504872","S000-0087-006","CLOSD","216 W 12th ST","23224","Richmond City","Single Family Residence","04/10/2025","$389,950","$400,000","15","Resale (occupied at least once)","2007","None","1,760","0.06","3","2.1","Public Water","Sewer - Public","Conventional","Individuals"
"1","2504797","761-757-3494","CLOSD","8700 Traditional CT","23294","Henrico","Single Family Residence","04/10/2025","$425,000","$435,000","5","Resale (occupied at least once)","1974","West End Manor","2,252","0.67","4","2.1","Public Water","Sewer - Public","VHDA/FHA","Individuals"
"1","2504748","831-713-3141","CLOSD","321 Taylor Farm LN","23150","Henrico","Single Family Residence","04/10/2025","$385,000","$390,000","2","Resale (occupied at least once)","2014","Anderson Mill","2,112","0.27","3","2.1","Public Water","Sewer - Public","Conventional","Individuals"
"1","2504712","780-752-2472","CLOSD","7504 N Pinehill DR","23228","Henrico","Single Family Residence","04/10/2025","$419,000","$440,000","5","Resale (occupied at least once)","1955","Lakewood","1,734","0.28","3","2.0","Public Water","Sewer - Public","Conventional","Individuals"
"1","2504421","760-760-0848","CLOSD","9106 Crystalwood LN","23294","Henrico","Single Family Residence","04/10/2025","$429,950","$435,000","11","Resale (occupied at least once)","1966","West End Manor","1,920","0.26","3","2.1","Public Water","Sewer - Public","Conventional","Corporate"
"1","2504138","735-72-66-33-600-000","CLOSD","3519 Seaford Crossing DR","23113","Chesterfield","Single Family Residence","04/10/2025","$725,000","$770,000","3","Resale (occupied at least once)","2019","Tarrington","2,651","0.31","3","3.0","Public Water","Sewer - Public","Conventional","Individuals"
"1","2504095","731-754-4810","CLOSD","2631 Towngate CT","23233","Henrico","Townhouse","04/10/2025","$289,950","$289,950","7","Resale (occupied at least once)","1984","Cedar Hill Townhouses","1,500","0.05","2","2.0","Public Water","Sewer - Public","Conventional","Individuals"
"1","2503176","739-67-63-75-700-000","CLOSD","5001 King Cotton LN","23112","Chesterfield","Single Family Residence","04/10/2025","$300,000","$300,000","4","Resale (occupied at least once)","1992","Glen Tara","960","0.30","3","2.0","Public Water","Sewer - Public","Conventional","Individuals"
"1","2502939","738-755-9688","CLOSD","11713 Thaddeus DR","23233","Henrico","Single Family Residence","04/10/2025","$699,999","$710,000","29","Resale (occupied at least once)","2014","Clay Crest Section I","2,890","0.44","4","2.1","Public Water","Sewer - Public","Conventional","Individuals"
"1","2501466","E000-0385-098","CLOSD","306 N 26th ST Unit#U228","23223","Richmond City","Condominium","04/10/2025","$325,000","$305,000","17","Resale (occupied at least once)","1920","Nolde Bakery Condo","845","0.02","1","1.0","Public Water","Sewer - Public","Cash","Other"
"1","2501005","752-68-88-15-800-000","CLOSD","9037 Amberhill LOOP","23236","Chesterfield","Townhouse","04/10/2025","$480,000","$480,000","21","Resale (occupied at least once)","2006","Amberleigh","2,046","0.12","2","2.1","Public Water","Sewer - Public","Conventional","Individuals"
"1","2500996","725-65-74-73-000-000","CLOSD","11024 Wooferton CT","23112","Chesterfield","Single Family Residence","04/10/2025","$549,950","$560,000","7","Resale (occupied at least once)","2007","Collington","2,958","0.35","5","2.1","Public Water","Sewer - Public","Conventional","Individuals"
"1","2500294","747-70-75-24-800-000","CLOSD","600 Lemoine LN","23236","Chesterfield","Single Family Residence","04/10/2025","$375,000","$380,000","20","Resale (occupied at least once)","1983","Pocono","2,049","0.97","3","2.0","Public Water","Sewer - Public","Conventional","Individuals"
"1","2500121","726-69-66-59-100-000","CLOSD","14365 Revelry blvd","23114","Chesterfield","Townhouse","04/10/2025","$474,000","$474,000","68","Resale (occupied at least once)","2021","Centerpointe Townes","2,177","","4","3.1","Public Water","Sewer - Public","Conventional","Corporate"
"1","2500072","726-69-97-74-200-000","CLOSD","1225 Gravatt WAY","23114","Chesterfield","Single Family Residence","04/10/2025","$700,000","$700,000","56","Resale (occupied at least once)","2004","Hartley Village At Charter Colony","5,027","0.38","5","3.1","Public Water","Sewer - Public","FHA New","Other"
"1","2431008","E000-0069-125","CLOSD","301 Virginia ST Unit#U1510","23219","Richmond City","Condominium","04/10/2025","$355,000","$347,500","98","Resale (occupied at least once)","2006","Vistas On The James","969","0.02","1","2.0","Public Water","Sewer - Public","Conventional","Individuals"
"1","2430320","C001-0491-064","CLOSD","9519 Creek Summit CIR","23235","Richmond City","Townhouse","04/10/2025","$515,000","$503,000","95","Resale (occupied at least once)","2012","Creeks Edge At Stony Point","2,736","0.06","4","3.1","Public Water","Sewer - Public","Conventional","Individuals"
"1","2428774","n/a","CLOSD","9910 River RD","23803","Chesterfield","Single Family Residence","04/10/2025","$295,877","$275,000","67","New (never occupied)","2024","None","1,475","","3","2.0","Public Water","Septic - Engineered","Cash","Individuals"
"1","2428225","762-774-5118.144","CLOSD","417 Siena LN","23059","Henrico","Townhouse","04/10/2025","$479,950","$475,000","99","Resale (occupied at least once)","2013","The Villas At Hunton Park","3,048","0.07","3","3.1","Public Water","Sewer - Public","Conventional","Individuals"
"1","2402828","7864-29-7994","CLOSD","TBD Level DR","23047","Hanover","Single Family Residence","04/10/2025","$603,095","$620,185","141","New (never occupied)","2024","None","3,460","3.41","4","2.5","Well","Septic - Conventional","Conventional","Corporate"
"1","2504055","E010-0071-010","CLOSD","1003 Garber ST","23231","Richmond City","Single Family Residence","04/11/2025","$250,000","$245,000","9","Resale (occupied at least once)","1946","None","1,434","0.15","3","1.0","Public Water","Sewer - Public","Conventional","Corporate"
"1","2504894","E000-0879-027","CLOSD","3300 O ST","23223","Richmond City","Single Family Residence","04/11/2025","$485,000","$480,000","10","Resale (occupied at least once)","2017","None","1,864","0.06","3","2.1","Public Water","Sewer - Public","Conventional","Individuals"
"1","2506039","757-747-6356","CLOSD","8009 Yolanda RD","23229","Henrico","Single Family Residence","04/11/2025","$425,000","$405,000","7","Resale (occupied at least once)","1992","None","1,431","0.61","3","2.0","Public Water","Sewer - Public","Conventional","Individuals"
"1","2504193","761-745-1696","CLOSD","7510 Greengate DR","23229","Henrico","Single Family Residence","04/11/2025","$400,000","$400,000","6","Resale (occupied at least once)","1956","Westgate","1,771","0.27","4","2.0","Public Water","Sewer - Public","Conventional","Individuals"
"1","2502830","705-68-28-93-600-000","CLOSD","4712 Melbrook WAY","23120","Chesterfield","Single Family Residence","04/11/2025","$648,950","$648,950","46","New (never occupied)","2024","Westerleigh","2,946","","4","3.1","Public Water","Sewer - Public","Conventional","Corporate"
"1","2503771","791-64-19-13-900-000","CLOSD","14325 Shallow Creek LN","23831","Chesterfield","Single Family Residence","04/11/2025","$504,000","$504,000","25","Resale (occupied at least once)","2015","Wellspring","3,219","0.37","4","2.1","Public Water","Sewer - Public","Conventional","Corporate"
"1","2503366","757-70-28-45-600-000","CLOSD","900 Hartford LN","23236","Chesterfield","Single Family Residence","04/11/2025","$274,900","$280,000","12","Resale (occupied at least once)","1985","Brookfield South","1,232","0.22","3","2.0","Public Water","Sewer - Public","Conventional","Individuals"
"1","2426040","730-66-35-04-000-000","CLOSD","13706 Tyberton DR","23112","Chesterfield","Single Family Residence","04/11/2025","$569,950","$576,685","33","New (never occupied)","2024","Collington East","2,068","","3","2.0","Public Water","Sewer - Public","Cash","Corporate"
"1","2424436","8725832920","CLOSD","6087 Perryville TER","23111","Hanover","Single Family Residence","04/11/2025","$458,500","$468,500","93","Resale (occupied at least once)","1990","Battlefield Green","2,676","0.42","4","2.0","Public Water","Sewer - Public","VA New","Individuals"
"1","2504212","N000-1454-023","CLOSD","3205 Jeter AVE","23222","Richmond City","Single Family Residence","04/11/2025","$450,000","$438,000","19","Resale (occupied at least once)","2025","Brookland Terrace","1,703","0.09","3","2.1","Public Water","Sewer - Public","Conventional","Corporate"
"1","2427195","8707-33-2377","CLOSD","10168 Springton RD","23116","Hanover","Single Family Residence","04/11/2025","$597,922","$597,922","69","New (never occupied)","2024","Patrick Henry Heights","2,302","1.42","4","2.1","Well","Septic - Engineered","Conventional","Corporate"
"1","2418084","824-694-1450","CLOSD","7107 Hepworth DR","23231","Henrico","Single Family Residence","04/11/2025","$479,745","$472,500","580","New (never occupied)","2024","Castleton","2,303","0.22","4","3.1","Public Water","Sewer - Public","FHA New","Corporate"
"1","2431493","824659266900000","CLOSD","12207 Twin Rivers DR","23836","Chesterfield","Single Family Residence","04/11/2025","$415,000","$425,000","98","New (never occupied)","2025","Twin Rivers","1,679","","3","3.0","Public Water","Sewer - Public","Conventional","Corporate"
"1","2504041","33B13 32M  18","CLOSD","4850 Kings Pond PL","23140","New Kent","Single Family Residence","04/11/2025","$690,000","$700,000","7","Resale (occupied at least once)","2007","Brickshire","3,883","1.08","5","3.1","Public Water","Sewer - Public","Conventional","Individuals"
"1","2507084","720-67-68-89-600-000","CLOSD","5801 Mill Spring RD","23112","Chesterfield","Single Family Residence","04/11/2025","$399,950","$414,270","3","Resale (occupied at least once)","1985","Mill Spring","1,825","0.22","4","2.1","Public Water","Sewer - Public","Conventional","Individuals"
"1","2501286","7870-80-5498","CLOSD","128 Arlington SQ","23005","Hanover","Townhouse","04/11/2025","$274,950","$274,950","29","Resale (occupied at least once)","1992","Arlington Square Townhouses","1,121","","2","2.1","Public Water","Sewer - Public","Conventional","Individuals"
"1","2504409","754-70-29-75-000-000","CLOSD","8702 Wadsworth CT","23236","Chesterfield","Single Family Residence","04/11/2025","$514,950","$510,000","6","Resale (occupied at least once)","1974","Scottingham","2,985","0.49","5","3.1","Public Water","Sewer - Public","Conventional","Individuals"
"1","2506325","856-703-6992","CLOSD","6390 White Oak RD","23150","Henrico","Single Family Residence","04/11/2025","$484,900","$484,900","0","Resale (occupied at least once)","2006","None","2,562","1.05","4","2.1","Well","Sewer - Public","Conventional","Individuals"
"1","2427136","744-65-12-60-100-000","CLOSD","11604 Bundle RD","23838","Chesterfield","Single Family Residence","04/11/2025","$598,000","$570,000","124","Resale (occupied at least once)","1983","None","2,902","2.11","5","3.0","Well","Septic - Conventional","Conventional","Individuals"
"1","2504705","755-69-57-13-200-000","CLOSD","2203 Cardiff CT","23236","Chesterfield","Single Family Residence","04/11/2025","$570,000","$578,550","3","Resale (occupied at least once)","1987","Bexley","3,475","0.85","5","2.1","Public Water","Sewer - Public","Conventional","Individuals"
"1","2506081","798-63-73-49-600-000","CLOSD","15503 Silvertree CT","23834","Chesterfield","Single Family Residence","04/11/2025","$295,000","$310,000","2","Resale (occupied at least once)","1984","Tinsberry Trace","1,584","0.58","3","2.0","Public Water","Sewer - Public","FHA New","Individuals"
"1","2504991","8707-32-2562","CLOSD","8350 New Ashcake RD","23116","Hanover","Single Family Residence","04/11/2025","$319,000","$342,000","3","Resale (occupied at least once)","1950","None","990","1.00","3","2.0","Well","Septic - Engineered","Conventional","Individuals"
"1","2503866","S0000226010","CLOSD","420 E 15th ST","23224","Richmond City","Single Family Residence","04/11/2025","$349,950","$353,100","0","New (never occupied)","2025","Blackwell","1,792","0.05","3","2.1","Public Water","Sewer - Public","Conventional","Corporate"
"1","2501661","690-68-24-43-300-000","CLOSD","5026 Moseley RD","23120","Chesterfield","Single Family Residence","04/11/2025","$425,000","$425,000","0","Resale (occupied at least once)","1994","None","1,778","5.21","3","2.0","Well","Septic - Conventional","Conventional","Individuals"
"1","2431235","E000-0528-010","CLOSD","504 N 29th ST","23223","Richmond City","Single Family Residence","04/11/2025","$799,995","$799,995","67","Resale (occupied at least once)","1890","None","2,796","0.11","4","3.1","Public Water","Sewer - Public","Conventional","Partnership"
"1","2413403","025-35C","CLOSD","4643 Bell RD","23139","Powhatan","Single Family Residence","04/11/2025","$499,950","$495,000","98","New (never occupied)","2024","None","2,281","6.77","4","2.1","Well","Septic - Conventional","Conventional","Corporate"
"1","2506022","798-64-50-32-600-000","CLOSD","14200 Kentwood Forest DR","23831","Chesterfield","Single Family Residence","04/11/2025","$379,990","$369,000","5","Resale (occupied at least once)","1999","Kentwood Forest","1,814","0.29","3","2.1","Public Water","None","FHA New","Individuals"
"1","2428490","757-61-93-71-900-000","CLOSD","9813 Graves RD","23803","Chesterfield","Single Family Residence","04/11/2025","$299,900","$298,000","93","Resale (occupied at least once)","1972","None","1,425","1.00","3","2.0","Well","Septic - Conventional","FHA New","Individuals"
"1","2428301","809-715-3592","CLOSD","4606 Greatwood DR","23231","Henrico","Single Family Residence","04/11/2025","$260,000","$260,000","61","Resale (occupied at least once)","1979","Village Green","1,090","0.20","3","1.1","Public Water","Sewer - Public","VHDA/FHA","Individuals"
"1","2427633","834-719-1764","CLOSD","236 Taylor RD","23150","Henrico","Single Family Residence","04/11/2025","$389,029","$389,029","115","New (never occupied)","2024","None","1,880","0.24","4","2.1","Well","Septic - Engineered","Conventional","Corporate"
"1","2432463","8724-63-5700","CLOSD","7192 Marimel LN","23111","Hanover","Single Family Residence","04/11/2025","$339,900","$340,000","66","Resale (occupied at least once)","1982","The Ridges","1,512","0.56","4","2.0","Public Water","Septic - Conventional","Conventional","Corporate"
"1","2503911","759-769-8775","CLOSD","9109 Rigney TER","23060","Henrico","Single Family Residence","04/11/2025","$800,000","$832,000","5","Resale (occupied at least once)","2003","Springfield Farm","3,970","0.43","5","3.1","Public Water","Sewer - Public","Conventional","Individuals"
"1","2500362","756-69-72-72-500-000","CLOSD","1701 Treewood LN","23235","Chesterfield","Single Family Residence","04/11/2025","$319,000","$315,000","9","Resale (occupied at least once)","1982","Providence Pines","1,368","0.24","3","2.0","Public Water","Sewer - Public","Conventional","Individuals"
"1","2507950","W000-0518-038","CLOSD","1410 Lakeview AVE","23220","Richmond City","Single Family Residence","04/11/2025","$389,900","$389,900","4","Resale (occupied at least once)","1990","Wallace Manor","1,452","0.05","3","1.1","Public Water","Sewer - Public","Conventional","Corporate"
"1","2506760","7796-79-8664","CLOSD","10112 Cool Hive PL","23116","Hanover","Townhouse","04/11/2025","$409,900","$405,000","3","Resale (occupied at least once)","2007","Honey Meadows","2,100","0.09","3","2.1","Public Water","Sewer - Public","Cash","Individuals"
"1","2501006","33B7 6 2  LE","CLOSD","5693 Flowering Peach LN","23140","New Kent","Townhouse","04/11/2025","$266,000","$266,000","40","Resale (occupied at least once)","2009","Oakmont Villas","1,280","","3","2.1","Public Water","Sewer - Public","Conventional","Corporate"
"1","2431733","830-714-3188","CLOSD","402 Virginia AVE","23150","Henrico","Single Family Residence","04/11/2025","$345,000","$345,000","59","Resale (occupied at least once)","2021","Crass Plan","1,560","0.29","3","2.1","Public Water","Sewer - Public","FHA New","Individuals"
"1","2431632","753-767-7409","CLOSD","4682 Fort McHenry PKY","23060","Henrico","Single Family Residence","04/11/2025","$469,000","$455,000","73","Resale (occupied at least once)","1987","The Forest At Innsbrook","2,042","0.29","4","2.1","Public Water","Sewer - Public","Conventional","Individuals"
"1","2507785","773-758-4722","CLOSD","2407 Agra DR","23228","Henrico","Single Family Residence","04/11/2025","$325,000","$325,000","4","Resale (occupied at least once)","1947","Laurel Dell","1,182","0.21","3","2.0","Public Water","Sewer - Public","Cash","Individuals"
"1","2506688","795-63-25-17-100-000","CLOSD","3803 Seasigh CT","23831","Chesterfield","Single Family Residence","04/11/2025","$285,000","$319,999","3","Resale (occupied at least once)","1978","None","1,324","0.25","3","2.0","Public Water","Sewer - Public","FHA New","Individuals"
"1","2506677","782-745-5402","CLOSD","5415 Bloomingdale AVE","23228","Henrico","Single Family Residence","04/11/2025","$120,000","$120,000","0","Resale (occupied at least once)","1937","Bloomingdale","698","0.18","2","1.0","Public Water","Sewer - Public","Cash","Individuals"
"1","2506618","W000-1204-054","CLOSD","2705 Hanover AVE Unit#U9","23220","Richmond City","Condominium","04/11/2025","$290,000","$310,500","4","Resale (occupied at least once)","1928","None","725","0.16","2","1.0","Public Water","Sewer - Public","Cash","Individuals"
"1","2506603","806-736-8150","CLOSD","4112 Bolling RD","23223","Henrico","Single Family Residence","04/11/2025","$360,000","$360,000","3","Resale (occupied at least once)","1992","River Bluffs","2,028","0.31","4","2.1","Public Water","Sewer - Public","FHA New","Individuals"
"1","2506570","N000-1740-006","CLOSD","1615 W Laburnum AVE","23227","Richmond City","Single Family Residence","04/11/2025","$350,000","$350,000","5","Resale (occupied at least once)","1921","Laburnum Court","1,750","0.36","4","1.2","Public Water","Sewer - Public","Conventional","Individuals"
"1","2506528","834-723-2812","CLOSD","1808 Evanrude PL","23150","Henrico","Single Family Residence","04/11/2025","$358,000","$345,000","4","Resale (occupied at least once)","1990","Oak Hill Estates","1,632","0.70","3","2.1","Public Water","Septic - Conventional","Conventional","Individuals"
"1","2506416","E000-0864-016","CLOSD","1630 N 28th ST","23223","Richmond City","Single Family Residence","04/11/2025","$98,500","$98,500","2","Resale (occupied at least once)","1910","Valentine Hechler Plan","1,320","0.09","2","1.0","Public Water","Sewer - Public","Cash","Corporate"
"1","2506384","749-739-6450","CLOSD","8909 Avalon DR","23229","Henrico","Single Family Residence","04/11/2025","$339,950","$365,000","5","Resale (occupied at least once)","1957","Sharon Hills","1,404","0.44","3","1.1","Public Water","Sewer - Public","Cash","Individuals"
"1","2506376","C005-0615-024","CLOSD","1000 Worth ST","23225","Richmond City","Single Family Residence","04/11/2025","$290,000","$285,000","5","Resale (occupied at least once)","1955","Westover Park","1,319","0.25","3","1.1","Public Water","Sewer - Public","Conventional","Individuals"
"1","2506058","108389","CLOSD","6197 Antler Hill CT","23124","New Kent","Single Family Residence","04/11/2025","$559,000","$580,000","4","Resale (occupied at least once)","2014","Deerlake","","0.59","4","3.0","Public Water","Septic - Conventional","Conventional","Individuals"
"1","2506050","762-64-86-04-400-000","CLOSD","8430 Kintail DR","23838","Chesterfield","Single Family Residence","04/11/2025","$964,000","$959,000","3","Resale (occupied at least once)","2000","The Highlands","3,276","1.58","4","3.1","Public Water","Septic - Conventional","Cash","Individuals"
"1","2505944","761-69-76-81-800-000","CLOSD","2200 Lancashire DR","23235","Chesterfield","Single Family Residence","04/11/2025","$435,000","$452,500","5","Resale (occupied at least once)","1968","Surreywood","2,530","0.34","4","2.1","Public Water","Sewer - Public","Conventional","Individuals"
"1","2505925","756-68-67-15-300-000","CLOSD","9106 Welhaven DR","23236","Chesterfield","Single Family Residence","04/11/2025","$349,950","$375,000","6","Resale (occupied at least once)","1991","Fernbrook","1,802","0.33","3","2.1","Public Water","Sewer - Public","Conventional","Individuals"
"1","2505683","S007-1634-023","CLOSD","2114 Ridgemont RD","23224","Richmond City","Single Family Residence","04/11/2025","$195,000","$175,000","9","Resale (occupied at least once)","1955","Southmont Village","1,168","0.19","3","1.0","Public Water","Sewer - Public","Cash","Individuals"
"1","2505618","23A  1    11","CLOSD","8773 Rock Cedar RD","23124","New Kent","Single Family Residence","04/11/2025","$430,000","$442,500","3","Resale (occupied at least once)","2017","Cedar Lane Farm","1,790","2.01","3","2.1","Well","Septic - Conventional","Conventional","Individuals"
"1","2505481","W000-1240-015","CLOSD","208 S Arthur Ashe BLVD","23220","Richmond City","Single Family Residence","04/11/2025","$799,000","$800,000","9","Resale (occupied at least once)","1923","None","2,553","0.07","3","3.0","Public Water","Sewer - Public","Cash","Individuals"
"1","2505251","8745-00-8813","CLOSD","4488 Sandy Valley RD","23111","Hanover","Single Family Residence","04/11/2025","$650,000","$680,000","6","Resale (occupied at least once)","2006","None","2,192","10.00","3","2.1","Well","Septic - Conventional","Conventional","Individuals"
"1","2505236","763-761-5693","CLOSD","3508 Poquoson CT","23060","Henrico","Single Family Residence","04/11/2025","$545,000","$565,000","4","Resale (occupied at least once)","2009","The Cottages At Crossridge","2,158","0.34","3","3.0","Public Water","Sewer - Public","Cash","Individuals"
"1","2505192","761-761-3396","CLOSD","4609 Kingsrow CT","23060","Henrico","Single Family Residence","04/11/2025","$380,000","$387,000","3","Resale (occupied at least once)","1978","Dunncroft","1,480","0.34","3","2.0","Public Water","Sewer - Public","VA New","Individuals"
"1","2505166","7797-55-0121","CLOSD","10256 Henderson Hall RD","23116","Hanover","Single Family Residence","04/11/2025","$525,000","$540,000","6","Resale (occupied at least once)","1990","Kings Charter","2,506","0.34","4","2.1","Public Water","Sewer - Public","Conventional","Individuals"
"1","2505070","747-69-27-20-600-000","CLOSD","2309 Grassy Knoll LN","23236","Chesterfield","Single Family Residence","04/11/2025","$349,000","$347,500","5","Resale (occupied at least once)","1972","Chestnut Hills","1,840","0.42","3","1.1","Public Water","Sewer - Public","FHA New","Individuals"
"1","2504928","763-742-7733","CLOSD","7103 W Grace ST","23226","Henrico","Single Family Residence","04/11/2025","$285,000","$301,250","6","Resale (occupied at least once)","1955","Sunset Hills Addition","1,467","0.24","3","2.0","Public Water","Sewer - Public","Cash","Estate"
"1","2504879","743-753-1546","CLOSD","2208 Persimmon Trek","23233","Henrico","Single Family Residence","04/11/2025","$540,000","$560,000","4","Resale (occupied at least once)","1983","Covered Bridge","2,028","0.78","4","2.1","Public Water","Sewer - Public","Conventional","Individuals"
"1","2504785","793-65-08-53-500-000","CLOSD","12920 Percival ST","23831","Chesterfield","Single Family Residence","04/11/2025","$450,000","$460,000","6","Resale (occupied at least once)","1972","Chester","2,548","0.52","5","3.0","Public Water","Sewer - Public","Conventional","Individuals"
"1","2504685","731-764-3516","CLOSD","12356 Purbrook WALK","23233","Henrico","Townhouse","04/11/2025","$918,000","$900,000","22","Resale (occupied at least once)","2019","Greengate","2,918","0.06","4","3.2","Public Water","Sewer - Public","Conventional","Other"
"1","2504675","7870-89-7467","CLOSD","11203 Hill Ridge CT","23005","Hanover","Single Family Residence","04/11/2025","$410,000","$427,000","4","Resale (occupied at least once)","2019","Ashland Park","","0.14","3","2.1","Public Water","Sewer - Public","Conventional","Individuals"
"1","2504636","774-66-93-91-900-000","CLOSD","6200 Huntingcreek DR","23237","Chesterfield","Single Family Residence","04/11/2025","$330,000","$330,000","15","Resale (occupied at least once)","1983","Huntingcreek Hills","1,056","0.22","3","2.0","Public Water","Sewer - Public","Conventional","Individuals"
"1","2504514","8612","CLOSD","8060 Station Point DR","23181","New Kent","Single Family Residence","04/11/2025","$195,000","$185,000","2","Resale (occupied at least once)","1994","Plum Point","1,338","0.53","3","2.1","Well","Septic - Conventional","VA New","Individuals"
"1","2504489","8704-77-4530","CLOSD","7372 Sunshine CT","23111","Hanover","Single Family Residence","04/11/2025","$440,000","$440,000","0","Resale (occupied at least once)","1993","Windsor Sub","2,090","0.31","3","2.1","Public Water","Sewer - Public","Conventional","Individuals"
"1","2504238","33B8 1B1 133","CLOSD","11120 Royal LN","23140","New Kent","Single Family Residence","04/11/2025","$740,000","$720,000","14","Resale (occupied at least once)","2022","Brickshire","3,259","0.68","4","2.1","Public Water","Sewer - Public","Conventional","Individuals"
"1","2504049","N000-2346-004","CLOSD","1229 Stanhope AVE","23227","Richmond City","Single Family Residence","04/11/2025","$459,960","$459,960","13","Resale (occupied at least once)","1932","Bellevue Court","1,488","0.16","3","1.0","Public Water","Sewer - Public","Conventional","Individuals"
"1","2503613","C001-0491-004","CLOSD","4255 Cheyenne RD","23235","Richmond City","Single Family Residence","04/11/2025","$635,000","$635,000","9","Resale (occupied at least once)","1964","Huguenot Farms","2,881","0.69","4","2.1","Public Water","Sewer - Public","Conventional","Individuals"
"1","2503563","N000-0895-028","CLOSD","2915 Barton AVE","23222","Richmond City","Single Family Residence","04/11/2025","$439,950","$445,000","6","Resale (occupied at least once)","1924","Brookland Park","1,572","0.12","3","2.1","Public Water","Sewer - Public","Conventional","Individuals"
"1","2503497","784-748-3238.033","CLOSD","5906 Whitehurst LN Unit#A","23227","Henrico","Condominium","04/11/2025","$310,000","$323,000","8","Resale (occupied at least once)","2020","Lakeside Landing","1,524","2.79","2","2.1","Public Water","Sewer - Public","VHDA ","Individuals"
"1","2503483","767-760-9102","CLOSD","9612 Pointe Laurel LN","23060","Henrico","Townhouse","04/11/2025","$419,990","$419,990","16","New (never occupied)","2025","None","1,741","","3","2.2","Public Water","Sewer - Public","Conventional","Corporate"
"1","2503481","715-69-39-11-500-000","CLOSD","2520 Lilybank CT","23112","Chesterfield","Single Family Residence","04/11/2025","$550,000","$535,000","27","Resale (occupied at least once)","2022","Newmarket","2,690","0.18","5","3.0","Public Water","Sewer - Public","FHA New","Individuals"
"1","2503431","716-66-20-79-300-000","CLOSD","8606 Freebridge RD","23832","Chesterfield","Single Family Residence","04/11/2025","$799,000","$790,000","12","Resale (occupied at least once)","2024","Harpers Mill","3,400","0.34","4","3.0","Public Water","Sewer - Public","Conventional","Individuals"
"1","2503323","753-766-4024","CLOSD","4621 Fort McHenry PKY","23060","Henrico","Single Family Residence","04/11/2025","$425,000","$435,000","7","Resale (occupied at least once)","1988","Woods At Innsbrook","1,638","0.26","3","2.1","Public Water","Sewer - Public","Cash","Individuals"
"1","2503225","736-67-47-24-500-000","CLOSD","6012 Cameron Bridge DR","23112","Chesterfield","Single Family Residence","04/11/2025","$429,900","$429,900","30","Resale (occupied at least once)","2003","Cameron Bay","2,024","0.50","4","2.1","Public Water","Sewer - Public","Conventional","Individuals"
"1","2503208","745-770-4859.035","CLOSD","11801 Park Commons CT","23059","Henrico","Condominium","04/11/2025","$599,000","$585,000","4","Resale (occupied at least once)","2004","Park Commons At Twin Hickory","2,464","0.16","4","2.1","Public Water","Sewer - Public","Conventional","Individuals"
"1","2502990","701-67-06-11-500-000","CLOSD","6904 Desert Candle DR","23120","Chesterfield","Townhouse","04/11/2025","$445,000","$460,000","1","Resale (occupied at least once)","2019","Magnolia Green","2,042","0.12","3","2.1","Public Water","Sewer - Public","VA New","Individuals"
"1","2502897","739-756-0198","CLOSD","2916 Vanna LN","23233","Henrico","Single Family Residence","04/11/2025","$474,950","$525,000","8","Resale (occupied at least once)","1995","Summerwood","1,909","0.24","4","2.1","Public Water","Sewer - Public","Cash","Individuals"
"1","2502854","728-70-99-78-800-051","CLOSD","1504 Sycamore Square DR","23113","Chesterfield","Condominium","04/11/2025","$305,000","$315,000","8","Resale (occupied at least once)","1985","Sycamore Mews Condo","1,540","","3","2.1","Public Water","Sewer - Public","Conventional","Individuals"
"1","2502754","737-67-99-54-100-143","CLOSD","3700 Maze Runner DR Unit#306","23112","Chesterfield","Condominium","04/11/2025","$299,950","$300,000","44","Resale (occupied at least once)","2023","Wescott","1,524","","2","2.0","Public Water","Sewer - Public","Conventional","Individuals"
"1","2502558","W022-0094-005","CLOSD","121 E Hillcrest AVE","23226","Richmond City","Single Family Residence","04/11/2025","$2,795,000","$2,925,000","11","Resale (occupied at least once)","1930","Hillcrest","5,035","1.78","5","4.1","Public Water","Sewer - Public","Cash","Individuals"
"1","2501817","807-703-4508","CLOSD","6516 Varina Station DR","23231","Henrico","Single Family Residence","04/11/2025","$358,000","$350,000","30","Resale (occupied at least once)","1995","Varina Station","2,073","0.25","4","2.1","Public Water","Sewer - Public","FHA New","Individuals"
"1","2501509","741-68-05-90-000-000","CLOSD","11619 Parrish Branch CIR","23112","Chesterfield","Single Family Residence","04/11/2025","$315,000","$342,500","2","Resale (occupied at least once)","1991","Bailey Ridge Estates","1,144","0.21","3","2.0","Public Water","Sewer - Public","VA New","Individuals"
"1","2500837","024-2-3","CLOSD","2451 Old Tavern RD","23139","Powhatan","Single Family Residence","04/11/2025","$650,000","$650,000","43","New (never occupied)","2025","None","2,513","10.20","4","3.1","Well","Septic - Conventional","Conventional","Individuals"
"1","2500713","717-68-73-59-600-000","CLOSD","15112 Endstone TRL","23112","Chesterfield","Single Family Residence","04/11/2025","$874,900","$865,000","41","Resale (occupied at least once)","2018","Rountrey","3,967","0.22","6","5.1","Public Water","Sewer - Public","Conventional","Individuals"
"1","2500350","C009-1057-045","CLOSD","3140 Walmsley BLVD","23234","Richmond City","Single Family Residence","04/11/2025","$300,000","$300,000","15","Resale (occupied at least once)","2008","Ampthill Heights","1,600","0.17","4","2.1","Public Water","Sewer - Public","Conventional","Individuals"
"1","2500288","N0001294087","CLOSD","2433 Ownby LN Unit#B10","23220","Richmond City","Townhouse","04/11/2025","$519,990","$519,990","36","New (never occupied)","2025","The Outpost at Brewers Row","2,517","","3","2.1","Public Water","Sewer - Public","Conventional","Corporate"
"1","2432549","8724-04-1974","CLOSD","7250 Drewce CT","23111","Hanover","Single Family Residence","04/11/2025","$335,000","$341,000","10","Resale (occupied at least once)","1983","Walnut Grove","1,296","0.74","4","2.0","Public Water","Sewer - Public","Conventional","Partnership"
"1","2428766","823-693-1636","CLOSD","7217 Shining Armor CT","23231","Henrico","Single Family Residence","04/11/2025","$432,075","$432,075","67","New (never occupied)","2024","Castleton","2,153","0.25","3","2.1","Public Water","Sewer - Public","USDA","Corporate"
"1","2428755","789667292100000","CLOSD","9551 Chester RD","23237","Chesterfield","Single Family Residence","04/11/2025","$75,000","$80,000","6","Resale (occupied at least once)","1940","Proctors Point","1,068","1.00","3","1.0","Other","None","Cash","Estate"
"1","2421049","052-58E","CLOSD","1260 Schroeder RD","23139","Powhatan","Single Family Residence","04/11/2025","$1,499,000","$1,400,000","186","Resale (occupied at least once)","2005","None","5,251","10.05","4","4.1","Well","Septic - Conventional","Conventional","Individuals"
"1","2418813","739-754-4552","CLOSD","11908 Shire Walk TRL","23233","Henrico","Townhouse","04/11/2025","$530,990","$544,125","0","New (never occupied)","2024","Shire Walk","2,105","","2","3.1","Public Water","Sewer - Public","Conventional","Corporate"
"1","2416014","715-68-94-95-600-000","CLOSD","15406 Heaton DR","23112","Chesterfield","Single Family Residence","04/11/2025","$884,508","$970,765","5","New (never occupied)","2024","Rountrey","3,350","","5","5.1","Public Water","Sewer - Public","Conventional","Corporate"
"1","2415493","8715-01-5874","CLOSD","8684 Hope Farm LN","23111","Hanover","Townhouse","04/11/2025","$502,250","$574,067","210","New (never occupied)","2024","Brunswick at Hope Farm","2,330","","3","3.0","Public Water","Sewer - Public","Conventional","Corporate"
"1","2410608","7798-24-0321","CLOSD","0 Egypt RD","23005","Hanover","Single Family Residence","04/11/2025","$450,000","$450,000","107","New (never occupied)","2024","None","1,800","1.40","3","2.0","Well","Septic - Conventional","Conventional","Individuals"
"1","REIN10570910","33B8Â 1B1Â 133","CLOSD","11120 Royal LN","23140","New Kent","Single Family Residence","04/11/2025","$740,000","$720,000","13","Resale (occupied at least once)","2022","BRICKSHIRE","3,259","0.68","4","3.0","Public Water","Public Sewer On Site","",""
"1","REIN10571260","28A3Â Â 14Â Â 16","CLOSD","8060 Station Point DR","23181","New Kent","Single Family Residence","04/11/2025","$195,000","$185,000","0","Resale (occupied at least once)","1994","PLUM POINT","1,334","0.53","3","3.0","Well","Septic","",""
"1","REIN10568502","33B13 22Q  69","CLOSD","5211 Brandon Pines DR","23140","New Kent","Single Family Residence","04/11/2025","$549,900","$555,000","2","Resale (occupied at least once)","2005","BRICKSHIRE","3,238","0.81","5","4.0","Public Water","Public Sewer On Site","",""
"1","2503728","8725-08-5518","CLOSD","8504 Chippingford LN","23116","Hanover","Single Family Residence","04/14/2025","$629,900","$640,000","6","Resale (occupied at least once)","2019","Bishops Park","2,968","0.21","5","3.0","Public Water","Sewer - Public","Conventional","Individuals"
"1","2506540","754-739-6967","CLOSD","701 Glendale DR","23229","Henrico","Single Family Residence","04/14/2025","$629,000","$733,000","5","Resale (occupied at least once)","1956","Rivermont","2,173","0.52","4","3.0","Public Water","Sewer - Public","Conventional","Individuals"
"1","2505001","708-68-36-17-900-000","CLOSD","4619 Easter RD","23120","Chesterfield","Single Family Residence","04/14/2025","$769,125","$769,000","15","Resale (occupied at least once)","2016","Summer Lake","","","5","4.1","Public Water","Sewer - Public","VA New","Individuals"
"1","2505043","752-69-02-56-700-000","CLOSD","9733 Ashworth DR","23236","Chesterfield","Single Family Residence","04/14/2025","$349,000","$359,000","2","Resale (occupied at least once)","1982","Loch Braemar","1,907","0.35","3","2.1","Public Water","Sewer - Public","Conventional","Individuals"
"1","2505338","E000-2301-003","CLOSD","1209 Williamsburg RD","23231","Richmond City","Single Family Residence","04/14/2025","$397,900","$400,000","4","Resale (occupied at least once)","1925","East Lawn","1,782","0.14","3","2.1","Public Water","Sewer - Public","Conventional","Individuals"
"1","2504938","S000-1874-022","CLOSD","28 E 32nd ST","23224","Richmond City","Single Family Residence","04/14/2025","$399,950","$400,000","21","New (never occupied)","2024","Swansboro","1,600","0.11","3","2.1","Public Water","Sewer - Public","Conventional","Corporate"
"1","2424724","Not Yet Assigned","CLOSD","4718 Tuscany Sun WAY","23120","Chesterfield","Single Family Residence","04/14/2025","$630,140","$628,990","0","New (never occupied)","2024","East Estates At Mount Hermon","2,586","","3","2.1","Public Water","Sewer - Public","VA New","Corporate"
"1","2506449","720-68-67-95-200-000","CLOSD","14518 Waters Shore DR","23112","Chesterfield","Single Family Residence","04/14/2025","$459,950","$492,000","6","Resale (occupied at least once)","2007","Edgewater At The Reservoir","2,465","0.14","3","2.1","Public Water","Sewer - Public","Conventional","Individuals"
"1","2505667","847-709-4034","CLOSD","403 Iroquois DR","23150","Henrico","Single Family Residence","04/14/2025","$330,000","$330,000","3","Resale (occupied at least once)","1972","Old Cannon Estates","1,539","1.00","3","2.0","Public Water","Septic - Conventional","VHDA/FHA","Estate"
"1","2501986","734-760-2405","CLOSD","13212 Autumn Chase PL","23233","Henrico","Single Family Residence","04/14/2025","$554,950","$555,000","11","Resale (occupied at least once)","1990","Autumn Chase@Wellesley","2,052","0.32","4","2.1","Public Water","Sewer - Public","Conventional","Corporate, Individuals"
"1","2506323","774-66-14-84-500-000","CLOSD","9910 Oldbern CT","23832","Chesterfield","Single Family Residence","04/14/2025","$299,950","$320,000","3","Resale (occupied at least once)","1993","Holly Trace","1,056","0.23","3","2.0","Public Water","Sewer - Public","Conventional","Individuals"
"1","2431837","784-67-75-40-000-000","CLOSD","3806 Cannington DR","23237","Chesterfield","Single Family Residence","04/14/2025","$440,000","$425,000","91","Resale (occupied at least once)","2010","Silverleaf","2,487","0.18","5","3.0","Public Water","Sewer - Public","Conventional","Individuals"
"1","2431043","755-69-69-91-100-000","CLOSD","2015 Hicks RD","23235","Chesterfield","Single Family Residence","04/14/2025","$299,000","$299,000","65","Resale (occupied at least once)","1935","None","960","2.04","2","1.0","Well","Septic - Conventional","Conventional","Individuals"
"1","2504681","805-737-5728","CLOSD","2801 Valley Side CT","23223","Henrico","Single Family Residence","04/14/2025","$330,000","$330,000","2","Resale (occupied at least once)","1988","Maplewood Farms","1,675","0.18","3","3.0","Public Water","Sewer - Public","Conventional","Individuals"
"1","2503968","33B14 11R 135","CLOSD","4463 Wigeon DR","23140","New Kent","Single Family Residence","04/14/2025","$535,000","$535,000","5","Resale (occupied at least once)","2005","Brickshire","2,809","0.64","3","2.1","Public Water","Sewer - Public","FHA New","Individuals"
"1","2507413","C005-0603-120","CLOSD","6754 S Grand Brook CIR","23225","Richmond City","Townhouse","04/14/2025","$310,000","$297,500","7","Resale (occupied at least once)","2007","Townes At Grand Oaks","1,426","0.06","3","2.1","Public Water","Sewer - Public","Cash","Individuals"
"1","2506836","8725-73-5954","CLOSD","6184 Rolling Forest CIR","23111","Hanover","Townhouse","04/14/2025","$285,000","$295,000","7","Resale (occupied at least once)","1987","Battlefield Green","1,473","0.05","2","2.0","Public Water","Sewer - Public","Cash","Individuals"
"1","2506635","805-730-0494","CLOSD","3105 Reynolds RD","23223","Henrico","Single Family Residence","04/14/2025","$314,950","$321,500","5","Resale (occupied at least once)","1976","Fordham Village","1,752","0.21","4","2.1","Public Water","Sewer - Public","FHA New","Individuals"
"1","2506634","S006-0137-034","CLOSD","5307 Sylvan RD","23225","Richmond City","Single Family Residence","04/14/2025","$699,000","$725,000","6","Resale (occupied at least once)","1990","Westover Hills","2,272","0.19","4","3.0","Public Water","Sewer - Public","Conventional","Individuals"
"1","2506599","733-70-22-63-100-000","CLOSD","706 Watch Hill RD","23114","Chesterfield","Single Family Residence","04/14/2025","$459,950","$485,000","6","Resale (occupied at least once)","1981","Walton Park","1,857","0.25","4","2.1","Public Water","Sewer - Public","Conventional","Individuals"
"1","2506497","763-69-67-27-500-000","CLOSD","2257 Ives LN","23235","Chesterfield","Single Family Residence","04/14/2025","$260,000","$275,000","3","Resale (occupied at least once)","1986","Pocoshock","905","0.22","3","1.0","Public Water","Sewer - Public","Conventional","Individuals"
"1","2506363","750-746-4297","CLOSD","9403 Sir Barry DR","23229","Henrico","Single Family Residence","04/14/2025","$395,000","$425,000","4","Resale (occupied at least once)","1983","Pinedale West","1,367","0.30","3","2.0","Public Water","Sewer - Public","Conventional","Individuals"
"1","2505739","S006-0223-014","CLOSD","4710 New Kent RD","23225","Richmond City","Single Family Residence","04/14/2025","$415,000","$515,000","7","Resale (occupied at least once)","1936","Westover Hills","1,239","0.26","2","2.0","Public Water","Sewer - Public","Cash","Estate"
"1","2505524","20-15-0-3-0","CLOSD","3465 Cedar Plains RD","23153","Goochland","Single Family Residence","04/14/2025","$315,000","$315,000","5","Resale (occupied at least once)","1989","None","1,274","2.08","3","2.0","Well","Septic - Conventional","Conventional","Individuals"
"1","2505180","032-4-10B","CLOSD","2847 Huguenot Springs RD","23113","Powhatan","Single Family Residence","04/14/2025","$480,000","$455,000","5","Resale (occupied at least once)","1980","Huguenot Springs","1,664","2.74","3","2.1","Well","Septic - Conventional","Conventional","Individuals"
"1","2505113","753-730-2790","CLOSD","8703 River RD","23229","Henrico","Single Family Residence","04/14/2025","$8,250,000","$9,000,000","12","Resale (occupied at least once)","1948","Acreage","1,150","143.00","2","1.0","Well","Septic - Conventional","Cash","Other"
"1","2504562","8715-32-7051","CLOSD","7329 Beechbark LN","23111","Hanover","Townhouse","04/14/2025","$459,950","$465,000","11","Resale (occupied at least once)","2018","Cherry Grove Section 1 - Hanover","","0.11","3","2.0","Public Water","Sewer - Public","Conventional","Individuals"
"1","2504309","731-755-9080","CLOSD","12419 Shore View DR","23233","Henrico","Townhouse","04/14/2025","$358,500","$357,500","0","Resale (occupied at least once)","1989","Bay Cove","1,844","0.06","3","3.1","Public Water","Sewer - Public","Conventional","Individuals"
"1","2504298","791-66-08-38-800-000","CLOSD","3524 E Chagford TER","23831","Chesterfield","Single Family Residence","04/14/2025","$316,000","$312,000","3","Resale (occupied at least once)","1990","Mineola","1,207","0.35","3","2.0","Public Water","Sewer - Public","Conventional","Individuals"
"1","2504148","739-69-61-84-500-000","CLOSD","1407 Winbury DR","23114","Chesterfield","Single Family Residence","04/14/2025","$410,000","$440,000","5","Resale (occupied at least once)","1994","Exbury","2,102","0.32","4","2.1","Public Water","Sewer - Public","Conventional","Individuals"
"1","2503757","793652557500000","CLOSD","12541 Winfree ST","23831","Chesterfield","Single Family Residence","04/14/2025","$400,000","$405,000","10","Resale (occupied at least once)","1960","Chester","2,760","0.49","4","2.0","Public Water","Sewer - Public","VA New","Individuals"
"1","2503624","811-733-3991","CLOSD","3921 Meadowview LN","23223","Henrico","Single Family Residence","04/14/2025","$340,000","$342,000","9","Resale (occupied at least once)","1998","Clarendon Farms","1,817","0.65","3","2.1","Public Water","Sewer - Public","Conventional","Individuals"
"1","2503562","739-70-51-33-000-000","CLOSD","501 Farnham DR","23236","Chesterfield","Single Family Residence","04/14/2025","$600,000","$590,000","17","Resale (occupied at least once)","1985","Stonehenge","2,822","0.64","4","3.1","Public Water","Septic - Conventional","Conventional","Individuals"
"1","2503540","C004-0370-012","CLOSD","7654 Cherokee RD","23225","Richmond City","Single Family Residence","04/14/2025","$515,000","$465,000","8","Resale (occupied at least once)","1955","Stratford Hills","2,075","0.54","3","2.0","Public Water","Sewer - Public","Other","Individuals"
"1","2503320","743-71-64-29-400-000","CLOSD","2311 Castle Hill RD","23113","Chesterfield","Single Family Residence","04/14/2025","$669,950","$669,950","3","Resale (occupied at least once)","1986","Queenspark","2,655","0.66","5","2.1","Public Water","Sewer - Public","Cash","Individuals"
"1","2503278","736-754-9276","CLOSD","2552 Brookstone LN","23233","Henrico","Single Family Residence","04/14/2025","$545,000","$545,000","10","Resale (occupied at least once)","1990","Kingcrest","2,116","0.18","4","2.1","Public Water","Sewer - Public","Conventional","Individuals"
"1","2502981","812-64-92-13-400-000","CLOSD","13900 Marsham RD","23836","Chesterfield","Single Family Residence","04/14/2025","$518,000","$500,000","30","Resale (occupied at least once)","2021","Ramblewood Estates","2,757","0.48","4","3.0","Public Water","Sewer - Public","FHA New","Individuals"
"1","2502039","744-771-8971","CLOSD","5140 Dorin Hill CT","23059","Henrico","Single Family Residence","04/14/2025","$675,000","$650,000","10","Resale (occupied at least once)","1998","Scotsglen","3,540","0.29","5","3.1","Public Water","Sewer - Public","Conventional","Individuals, Partnership"
"1","2501407","778-758-5916","CLOSD","9007 Lydell DR","23228","Henrico","Single Family Residence","04/14/2025","$420,000","$425,000","15","Resale (occupied at least once)","1964","North Run Hills","1,825","0.43","3","2.0","Public Water","Sewer - Public","VA New","Individuals"
"1","2501138","721-68-61-73-200-000","CLOSD","3107 Cove View LN","23112","Chesterfield","Single Family Residence","04/14/2025","$824,950","$806,000","17","Resale (occupied at least once)","2007","Edgewater At The Reservoir","4,657","0.18","6","4.1","Public Water","Sewer - Public","Conventional","Individuals"
"1","2500659","W019-0078-013","CLOSD","4805 Augusta AVE","23230","Richmond City","Single Family Residence","04/14/2025","$899,950","$880,000","60","New (never occupied)","2024","Monument Avenue Park","3,076","0.14","4","3.0","Public Water","Sewer - Public","Private","Individuals"
"1","2429958","8725-74-1146","CLOSD","8210 Skirmish LN","23111","Hanover","Single Family Residence","04/14/2025","$250,000","$250,000","0","Resale (occupied at least once)","1987","Battlefield Green","1,332","0.11","3","2.0","Public Water","Sewer - Public","Assumption","Individuals"
"1","2429630","722-71-88-33-500-000","CLOSD","14161 Grangewood RD","23113","Chesterfield","Single Family Residence","04/14/2025","$795,000","$770,000","99","Resale (occupied at least once)","1989","Salisbury","2,934","0.67","4","2.1","Public Water","Sewer - Public","Conventional","Individuals"
"1","2423699","722-67-55-34-000-000","CLOSD","14306 Shelter Cove RD","23112","Chesterfield","Single Family Residence","04/14/2025","$355,000","$355,000","25","Resale (occupied at least once)","1986","Woodlake","1,620","0.17","3","2.0","Public Water","Sewer - Public","Conventional","Individuals"
"1","2423431","W000-0861-110","CLOSD","1833 Monument AVE","23220","Richmond City","Single Family Residence","04/14/2025","$2,750,000","$3,000,000","15","Resale (occupied at least once)","2006","None","6,084","0.11","5","4.1","Public Water","Sewer - Public","Cash","Individuals"
"1","2330368","22 7E","CLOSD","TBD Olivet Church RD","23124","New Kent","Single Family Residence","04/14/2025","$633,900","$742,797","120","New (never occupied)","2023","None","2,727","9.00","4","2.1","Well","Septic - Conventional","Conventional","Other"
"1","BRTVACF2000884","737698407600000","CLOSD","12029 Yucca DR","23224","Chesterfield","Single Family Residence","04/14/2025","$365,000","$286,500","32","Resale (occupied at least once)","1981","SMOKETREE","1,560","0.27","4","3.0","Public Water","Public Sewer On Site","",""
"1","2503965","041A-1B-12","CLOSD","2128 Urbine RD","23139","Powhatan","Single Family Residence","04/15/2025","$489,000","$494,000","11","Resale (occupied at least once)","1996","None","2,279","2.27","3","2.1","Well","Septic - Conventional","FHA New","Individuals"
"1","2414529","771678306500000","CLOSD","6136 Belay DR","23234","Chesterfield","Townhouse","04/15/2025","$349,990","$349,990","516","New (never occupied)","2024","Watermark","1,474","","3","2.1","Public Water","Sewer - Public","FHA New","Corporate"
"1","2502171","8725-26-7977","CLOSD","8395 Sherrington DR","23111","Hanover","Single Family Residence","04/15/2025","$500,000","$487,000","24","Resale (occupied at least once)","2002","Sherrington","2,530","0.27","4","2.0","Public Water","Sewer - Public","Conventional","Corporate"
"1","2504101","761-70-00-86-800-000","CLOSD","1317 Turnmill DR","23235","Chesterfield","Single Family Residence","04/15/2025","$425,000","$425,000","7","Resale (occupied at least once)","1978","Surreywood North","2,227","0.34","4","2.1","Public Water","Sewer - Public","FHA New Assumption","Individuals"
"1","2430385","046-52","CLOSD","6235 Old Buckingham RD","23139","Powhatan","Single Family Residence","04/15/2025","$419,000","$419,000","80","Resale (occupied at least once)","2022","None","1,800","2.00","3","2.1","Well","Septic - Conventional","VA New","Individuals"
"1","2422910","Not Yet Assigned","CLOSD","207 Whiteside RD","23150","Henrico","Townhouse","04/15/2025","$318,540","$319,540","66","New (never occupied)","2024","Parkside Townes","1,318","","3","2.1","Public Water","Sewer - Public","FHA New","Corporate"
"1","2503963","749-766-5507","CLOSD","4508 Cedar Forest RD","23060","Henrico","Single Family Residence","04/15/2025","$570,000","$565,000","11","Resale (occupied at least once)","1993","Cedars At Innsbrook","2,276","0.29","4","2.1","Public Water","None","FHA New","Individuals"
"1","2432033","N0001793020","CLOSD","3436 Carlton ST Unit#4-9B","23230","Richmond City","Condominium","04/15/2025","$514,510","$514,510","0","New (never occupied)","2024","Mason Yards","1,517","","3","2.1","Public Water","Sewer - Public","Conventional","Corporate"
"1","2502094","784-758-8354","CLOSD","328 Camerons Ferry DR","23060","Henrico","Single Family Residence","04/15/2025","$449,664","$446,664","52","New (never occupied)","2024","Retreat at One","1,760","","4","2.1","Public Water","Sewer - Public","Conventional","Corporate"
"1","2431882","696671412500000","CLOSD","18712 Palisades Cove TRL","23120","Chesterfield","Townhouse","04/15/2025","$428,890","$428,890","75","New (never occupied)","2025","Magnolia Green","1,829","","3","2.1","Public Water","Sewer - Public","Conventional","Corporate"
"1","2426712","790-64-33-84-700-000","CLOSD","13817 Laurel Spring RD","23831","Chesterfield","Single Family Residence","04/15/2025","$434,900","$435,000","147","Resale (occupied at least once)","1988","Stoney Glen South","2,708","0.31","4","2.1","Public Water","Sewer - Public","Conventional","Corporate"
"1","2504408","S007-1234-024","CLOSD","1439 Minefee ST","23224","Richmond City","Single Family Residence","04/15/2025","$225,000","$222,000","19","Resale (occupied at least once)","1950","Center Hill","864","0.13","2","1.0","Public Water","Sewer - Public","Conventional","Corporate"
"1","2505108","824-64-32-52-100-000","CLOSD","14809 Esther LN","23836","Chesterfield","Single Family Residence","04/15/2025","$355,000","$355,000","5","Resale (occupied at least once)","1977","Prestwould Farms","1,642","0.27","4","2.0","Public Water","Sewer - Public","VA New","Individuals"
"1","2427300","802-735-4853","CLOSD","3819 Ronnie AVE","23222","Henrico","Single Family Residence","04/15/2025","$283,000","$285,000","137","Resale (occupied at least once)","1954","Tazewell Place","1,044","0.22","4","1.0","Public Water","Sewer - Public","FHA New","Corporate"
"1","2505563","808-721-9064","CLOSD","4306 2nd ST","23223","Henrico","Single Family Residence","04/15/2025","$335,000","$345,000","2","New (never occupied)","2025","Windsor Place","","0.10","3","2.1","Public Water","Sewer - Public","FHA New","Individuals"
"1","2504937","046A-2A-8","CLOSD","6330 Springside DR","23139","Powhatan","Single Family Residence","04/15/2025","$294,000","$297,000","6","Resale (occupied at least once)","2003","None","1,056","1.31","3","2.0","Well","Septic - Conventional","Conventional","Individuals"
"1","2502120","731-70-60-67-900-080","CLOSD","13281 Coalfield Station LN","23114","Chesterfield","Condominium","04/15/2025","$450,000","$456,000","39","Resale (occupied at least once)","2023","Coalfield Station","2,451","","3","2.1","Public Water","Sewer - Public","FHA New","Individuals"
"1","2426158","E000-1763-081","CLOSD","3516 E Richmond RD Unit#U20","23223","Richmond City","Condominium","04/15/2025","$126,900","$120,000","158","Resale (occupied at least once)","1966","Villas Of Oakwood South","780","0.02","2","1.0","Public Water","Sewer - Public","Conventional","Individuals"
"1","2503207","7787-37-2304","CLOSD","10526 Stony Bluff DR Unit#304","23005","Hanover","Condominium","04/15/2025","$350,000","$350,000","15","New (never occupied)","2024","Stony Run","1,256","","2","2.0","Public Water","Sewer - Public","Conventional","Corporate"
"1","2506616","028A3-2-1","CLOSD","2277 Red Lane RD","23139","Powhatan","Single Family Residence","04/15/2025","$379,999","$380,000","3","Resale (occupied at least once)","1990","Red Lane","1,314","1.63","3","2.0","Well","Septic - Conventional","Cash","Individuals"
"1","2504568","808-64-04-27-800-000","CLOSD","15130 Majestic Creek DR","23834","Chesterfield","Single Family Residence","04/15/2025","$380,000","$406,000","4","Resale (occupied at least once)","2001","Southcreek","2,100","0.41","4","2.1","Public Water","Sewer - Public","FHA New","Individuals"
"1","2425847","696670739400000","CLOSD","18711 Palisades RDG","23120","Chesterfield","Townhouse","04/15/2025","$407,705","$407,705","21","New (never occupied)","2024","Magnolia Green","1,656","","3","2.1","Public Water","Sewer - Public","VA New","Corporate"
"1","2505888","7827-50-0457","CLOSD","20073 Beaver Dam RD","23015","Hanover","Single Family Residence","04/15/2025","$275,000","$286,000","7","Resale (occupied at least once)","1947","None","936","2.00","1","1.0","Well","Septic - Conventional","USDA","Individuals"
"1","2506727","816-65-53-60-300-000","CLOSD","12654 Green Garden WAY","23836","Chesterfield","Single Family Residence","04/15/2025","$430,000","$440,000","3","Resale (occupied at least once)","1998","Rivers Bend","2,140","0.24","4","2.1","Public Water","Sewer - Public","Conventional","Individuals"
"1","2507187","W000-0433-011","CLOSD","1310 Blair ST","23220","Richmond City","Single Family Residence","04/15/2025","$320,000","$334,000","7","Resale (occupied at least once)","1989","Randolph West","1,312","0.14","3","2.0","Public Water","Sewer - Public","Cash","Individuals"
"1","2506041","718-66-70-70-600-000","CLOSD","7959 Featherchase TER","23832","Chesterfield","Single Family Residence","04/15/2025","$389,000","$389,000","2","Resale (occupied at least once)","1997","Ashbrook","1,630","0.22","4","2.1","Public Water","Sewer - Public","FHA New","Individuals"
"1","2423443","723-65-70-05-800-000","CLOSD","11201 Crump Landing TRL","23832","Chesterfield","Single Family Residence","04/15/2025","$599,999","$586,999","139","Resale (occupied at least once)","2018","Willow Creek","3,172","0.65","5","3.1","Public Water","Sewer - Public","Conventional","Individuals"
"1","2507676","774-66-35-91-200-000","CLOSD","6221 Gatesgreen DR","23832","Chesterfield","Single Family Residence","04/15/2025","$250,000","$263,000","3","Resale (occupied at least once)","1973","Courthouse Green","1,938","0.33","4","2.0","Public Water","Sewer - Public","Conventional","Individuals"
"1","2507038","761-68-08-44-700-000","CLOSD","7806 Mill River LN","23832","Chesterfield","Single Family Residence","04/15/2025","$420,000","$420,000","4","Resale (occupied at least once)","2000","Five Forks Village","","0.25","4","2.1","Public Water","Sewer - Public","Conventional","Individuals"
"1","2506590","E000-0340-009","CLOSD","2419 E Grace ST","23223","Richmond City","Single Family Residence","04/15/2025","$875,000","$880,000","5","Resale (occupied at least once)","1895","None","2,214","0.07","3","2.1","Public Water","Sewer - Public","Conventional","Other"
"1","2506280","019B-1-2","CLOSD","3059 St Marys WAY","23139","Powhatan","Single Family Residence","04/15/2025","$949,950","$965,000","4","Resale (occupied at least once)","2003","St. Marys","3,224","4.66","5","3.1","Well","Septic - Conventional","Conventional","Individuals"
"1","2506180","W000-0527-019","CLOSD","100 N Harvie ST","23220","Richmond City","Single Family Residence","04/15/2025","$889,000","$901,000","8","Resale (occupied at least once)","1910","None","2,226","0.06","3","2.1","Public Water","Sewer - Public","Cash","Individuals"
"1","2505961","C001-0491-073","CLOSD","9539 Creek Summit CIR","23235","Richmond City","Single Family Residence","04/15/2025","$770,000","$816,000","8","Resale (occupied at least once)","2017","Creeks Edge At Stony Point","2,715","0.16","4","2.0","Public Water","Sewer - Public","Conventional","Individuals"
"1","2505835","7788-56-9124","CLOSD","11333 Winding Brook Terrace DR","23005","Hanover","Townhouse","04/15/2025","$364,900","$368,000","3","Resale (occupied at least once)","2020","Winding Brook Townhomes","","0.04","3","2.1","Public Water","Sewer - Public","Conventional","Individuals"
"1","2505640","759-739-8978","CLOSD","7702 Rock Creek RD","23229","Henrico","Single Family Residence","04/15/2025","$560,000","$650,000","3","Resale (occupied at least once)","1950","Rollingwood","1,552","0.25","3","2.1","Public Water","Sewer - Public","Conventional","Individuals"
"1","2505375","19-1-0-6-0","CLOSD","3424 Forest Grove RD","23153","Goochland","Single Family Residence","04/15/2025","$653,250","$653,250","4","Resale (occupied at least once)","2004","None","1,494","10.06","4","4.1","Well","Septic - Conventional","Conventional","Individuals"
"1","2505282","726-65-74-65-500-000","CLOSD","14600 Collington CT","23112","Chesterfield","Single Family Residence","04/15/2025","$695,000","$715,000","2","Resale (occupied at least once)","2007","Collington","4,056","0.71","6","4.0","Public Water","Sewer - Public","VA New","Individuals"
"1","2505253","776-744-8820","CLOSD","2912 Oakland AVE","23228","Henrico","Single Family Residence","04/15/2025","$318,000","$348,000","3","Resale (occupied at least once)","1954","Parkdale","1,098","0.29","3","1.0","Public Water","Sewer - Public","Conventional","Individuals"
"1","2505162","769-751-2868","CLOSD","4409 Wistar RD","23228","Henrico","Single Family Residence","04/15/2025","$324,950","$343,000","7","Resale (occupied at least once)","1971","Wistar Village","2,106","0.25","4","2.0","Public Water","Sewer - Public","Conventional","Individuals"
"1","2505160","736-755-6315.005","CLOSD","2679 Trellis Green CIR","23233","Henrico","Condominium","04/15/2025","$575,000","$592,000","4","Resale (occupied at least once)","2007","Church Road Commons Condos Ph 4","2,787","0.16","3","2.1","Public Water","Sewer - Public","Cash","Individuals"
"1","2505158","732-764-1882.043","CLOSD","364 Souldren WALK Unit#24B","23233","Henrico","Condominium","04/15/2025","$649,900","$658,172","3","New (never occupied)","2024","Greengate","2,487","","3","2.1","Public Water","Sewer - Public","Cash","Corporate"
"1","2505093","751-748-7691","CLOSD","9313 Newhall RD","23229","Henrico","Single Family Residence","04/15/2025","$399,900","$426,000","6","Resale (occupied at least once)","1961","Pinedale Farms","1,720","0.37","3","2.0","Public Water","Sewer - Public","Cash","Individuals"
"1","2504781","053C-4-19","CLOSD","2105 Pine Oak CT","23120","Powhatan","Single Family Residence","04/15/2025","$399,950","$390,000","10","Resale (occupied at least once)","2000","Genito West","1,760","3.25","3","2.0","Well","Septic - Conventional","Conventional","Estate"
"1","2504677","W022-0272-003","CLOSD","220 Queen Charlotte RD","23221","Richmond City","Single Family Residence","04/15/2025","$1,495,000","$1,800,000","9","Resale (occupied at least once)","1962","Windsor Farms","3,571","0.65","4","3.2","Public Water","Sewer - Public","Cash","Individuals"
"1","2504177","Highland Springs SC 9 BL C LT 28 11 A1 2","CLOSD","222 S Fern AVE","23075","Henrico","Single Family Residence","04/15/2025","$279,950","$276,000","10","Resale (occupied at least once)","1951","None","984","0.13","3","2.0","Public Water","Sewer - Public","Conventional","Corporate"
"1","2503603","758-734-0832","CLOSD","12 Westham PKY","23229","Henrico","Single Family Residence","04/15/2025","$1,675,000","$1,760,000","16","Resale (occupied at least once)","1938","Westham","4,623","0.66","4","3.2","Public Water","Sewer - Public","Cash","Individuals"
"1","2503287","748-738-3376.086","CLOSD","9133 Derbyshire RD Unit#G","23229","Henrico","Condominium","04/15/2025","$194,500","$191,700","37","Resale (occupied at least once)","1964","Deerwood Condominium","602","0.01","1","1.0","Public Water","Sewer - Public","Cash","Individuals"
"1","2503127","47-38-0-70-0","CLOSD","1312 Hounslow DR","23103","Goochland","Single Family Residence","04/15/2025","$895,000","$900,000","6","Resale (occupied at least once)","2015","Parke At Saddlecreek","3,674","0.20","4","3.1","Public Water","Sewer - Public","Other","Individuals"
"1","2503094","737-758-6543","CLOSD","2800 Woodmark CT","23233","Henrico","Single Family Residence","04/15/2025","$749,950","$780,000","6","Resale (occupied at least once)","1989","Woodmark At Wellesley","3,401","0.29","4","2.1","Public Water","Sewer - Public","VA New","Individuals"
"1","2503039","777-744-7959","CLOSD","2814 Battery AVE","23228","Henrico","Single Family Residence","04/15/2025","$465,000","$457,000","15","Resale (occupied at least once)","1979","Battery Park","2,069","0.25","4","2.2","Public Water","Sewer - Public","VA New","Individuals"
"1","2501713","W019-0230-039","CLOSD","4634 Kensington AVE","23226","Richmond City","Single Family Residence","04/15/2025","$489,200","$545,000","8","Resale (occupied at least once)","1941","Kensington Place","1,300","0.16","3","2.0","Public Water","Sewer - Public","Conventional","Individuals"
"1","2501633","5-35-0-4-0","CLOSD","3851 County Line RD","23084","Goochland","Single Family Residence","04/15/2025","$489,950","$489,950","29","New (never occupied)","2025","None","2,206","2.65","3","3.0","Well","Septic - Conventional","Conventional","Corporate"
"1","2501219","8728-43-0685","CLOSD","11394 Poplar Gate DR","23116","Hanover","Single Family Residence","04/15/2025","$810,000","$800,000","28","Resale (occupied at least once)","2022","Glebe Hill","3,048","1.36","6","4.1","Well","Septic - Conventional","Conventional","Individuals"
"1","2500878","771-67-71-79-000-000","CLOSD","6900 Hawser LN","23234","Chesterfield","Townhouse","04/15/2025","$369,950","$372,000","36","Resale (occupied at least once)","2017","Watermark","1,824","0.07","3","2.1","Public Water","Sewer - Public","Conventional","Individuals"
"1","2432635","732-70-06-20-800-000","CLOSD","1007 Cedar Crossing TER","23114","Chesterfield","Single Family Residence","04/15/2025","$575,000","$590,000","4","Resale (occupied at least once)","1988","Cedar Crossing","2,698","0.33","4","2.1","Public Water","Sewer - Public","Conventional","Individuals"
"1","2431927","722670030900145","CLOSD","14623 Hancock Towns DR Unit#N2","23832","Chesterfield","Townhouse","04/15/2025","$414,709","$407,208","65","New (never occupied)","2025","Hancock Village","2,265","","4","3.1","Public Water","Sewer - Public","Conventional","Corporate"
"1","2431339","776684918700000","CLOSD","5902 Lakemere DR","23234","Chesterfield","Single Family Residence","04/15/2025","$355,900","$353,400","97","Resale (occupied at least once)","1999","Braxton","1,750","","2","2.0","Public Water","Sewer - Public","Conventional","Estate"
"1","2430047","8708-15-5590","CLOSD","8459 Stumpy RD","23069","Hanover","Single Family Residence","04/15/2025","$535,000","$530,000","92","Resale (occupied at least once)","1953","None","2,370","3.01","4","3.0","Well","Septic - Engineered","Conventional","Individuals"
"1","2427977","739-754-4749","CLOSD","11904 Shire Walk TRL","23233","Henrico","Townhouse","04/15/2025","$534,950","$534,950","125","New (never occupied)","2024","Shire Walk","2,097","","3","3.1","Public Water","Sewer - Public","Conventional","Corporate"
"1","2427897","739-754-4651","CLOSD","11906 Shire Walk TRL","23233","Henrico","Townhouse","04/15/2025","$554,425","$533,425","107","New (never occupied)","2024","Shire Walk","1,995","","3","3.1","Public Water","Sewer - Public","Cash","Corporate"
"1","2405789","728707590700000","CLOSD","200 Avenda LN","23114","Chesterfield","Townhouse","04/15/2025","$409,950","$414,060","319","New (never occupied)","2024","Sycamore Place","1,792","0.04","4","3.1","Public Water","Sewer - Public","VA New","Corporate"
"1","2502099","822646358000000","CLOSD","14115 STATE AVE","23836","Chesterfield","Single Family Residence","04/16/2025","$289,900","$295,000","8","Resale (occupied at least once)","1967","Morrisdale","1,107","0.28","3","2.0","Public Water","Sewer - Public","VA New","Corporate"
"1","2427491","734682111600000","CLOSD","4243 Mill Manor DR","23112","Chesterfield","Single Family Residence","04/16/2025","$532,990","$575,100","0","New (never occupied)","2024","Old Hundred Mill","2,718","","5","3.1","Public Water","Sewer - Public","FHA New","Corporate"
"1","2419315","765-69-11-81-500-000","CLOSD","7200 Madras CT","23832","Chesterfield","Single Family Residence","04/16/2025","$311,000","$305,000","227","Resale (occupied at least once)","1988","Old Creek West","1,540","0.33","3","2.0","Public Water","Sewer - Public","FHA New","Corporate"
"1","2427752","119807","CLOSD","7895 Arbor Marsh TER","23124","New Kent","Single Family Residence","04/16/2025","$428,990","$428,990","86","New (never occupied)","2024","The Arbors At New Kent Winery","1,953","","4","2.1","Public Water","Sewer - Public","FHA New","Corporate"
"1","2432145","781-756-5960.290","CLOSD","1505 Yellow Tavern CT","23228","Henrico","Condominium","04/16/2025","$233,000","$225,000","90","Resale (occupied at least once)","1980","Stonewall Manor Condominiums","1,058","","3","1.1","Public Water","Sewer - Public","Cash","Corporate"
"1","2414989","732-754-4001","CLOSD","12421 Gaytoncrest LN","23233","Henrico","Townhouse","04/16/2025","$479,950","$465,000","273","New (never occupied)","2024","Discovery Ridge Townhomes","1,955","","3","2.2","Public Water","Sewer - Public","Conventional","Corporate"
"1","2504302","774-64-37-52-700-000","CLOSD","6809 Berkley Davis TER","23838","Chesterfield","Single Family Residence","04/16/2025","$412,000","$430,000","7","Resale (occupied at least once)","1991","Berkley Place","2,169","0.56","4","2.1","Public Water","Septic - Conventional","VA New","Individuals"
"1","2508270","772-735-5697.165","CLOSD","5100 Monument AVE Unit#1116","23230","Henrico","Condominium","04/16/2025","$220,000","$220,000","0","Resale (occupied at least once)","1961","5100 Monument","730","0.01","1","1.0","Public Water","Sewer - Public","Cash","Estate"
"1","2429023","777-748-1839","CLOSD","6623 Carmel RD","23228","Henrico","Single Family Residence","04/16/2025","$318,000","$285,000","95","Resale (occupied at least once)","2000","Gordons Glen","1,107","0.25","3","2.0","Public Water","Sewer - Public","Conventional","Individuals"
"1","2505280","E000-0809-005","CLOSD","518 N 33rd ST","23223","Richmond City","Single Family Residence","04/16/2025","$550,000","$570,000","5","Resale (occupied at least once)","1907","Chimborazo","2,172","0.07","3","3.0","Public Water","Sewer - Public","Conventional","Individuals"
"1","2508069","029B-3C-13","CLOSD","2243 Fall Line DR","23139","Powhatan","Single Family Residence","04/16/2025","$345,000","$345,000","2","Resale (occupied at least once)","1988","Chestnut Oaks","1,239","0.83","3","2.0","Well","Septic - Conventional","Conventional","Individuals"
"1","2507120","W000-1044-033","CLOSD","2320 Stuart AVE","23220","Richmond City","Single Family Residence","04/16/2025","$975,000","$1,057,000","4","Resale (occupied at least once)","1913","None","2,280","0.05","4","2.1","Public Water","Sewer - Public","Cash","Individuals"
"1","2506385","732-754-1587","CLOSD","2780 Old Point DR","23233","Henrico","Townhouse","04/16/2025","$299,000","$323,000","8","Resale (occupied at least once)","1984","Harbour Cove Townhouses","1,545","0.05","3","2.1","Public Water","Sewer - Public","Conventional","Individuals"
"1","2506354","751-761-2766","CLOSD","10901 Tray WAY","23060","Henrico","Single Family Residence","04/16/2025","$485,000","$500,000","4","Resale (occupied at least once)","1995","Lexington","2,027","0.37","4","2.1","Public Water","Sewer - Public","Conventional","Individuals"
"1","2506333","776-740-0095","CLOSD","4801 Morrison RD","23230","Henrico","Single Family Residence","04/16/2025","$500,000","$550,000","4","Resale (occupied at least once)","1948","Brittons Hill","1,962","0.49","3","1.1","Public Water","Sewer - Public","Conventional","Individuals"
"1","2505904","S000-3055-008","CLOSD","1000 W 43rd ST","23225","Richmond City","Single Family Residence","04/16/2025","$675,000","$730,000","5","Resale (occupied at least once)","1918","None","2,500","0.50","4","3.0","Public Water","Sewer - Public","Conventional","Individuals"
"1","2505786","765-69-94-49-300-000","CLOSD","2001 Buggy DR","23225","Chesterfield","Single Family Residence","04/16/2025","$345,000","$355,000","7","Resale (occupied at least once)","2002","Andersons Forge","1,436","0.22","3","2.1","Public Water","Sewer - Public","Conventional","Individuals"
"1","2505693","753-756-2480","CLOSD","3403 Bryson DR","23233","Henrico","Single Family Residence","04/16/2025","$385,000","$400,000","7","Resale (occupied at least once)","1986","Woodside","1,457","0.19","3","2.1","Public Water","Sewer - Public","Conventional","Individuals"
"1","2505555","S000-2610-005","CLOSD","8 E 35th ST","23224","Richmond City","Single Family Residence","04/16/2025","$269,950","$296,000","7","Resale (occupied at least once)","1941","Swansboro","1,329","0.15","3","1.0","Public Water","Sewer - Public","Conventional","Individuals"
"1","2504948","795-64-75-59-400-000","CLOSD","13200 Stockleigh DR","23831","Chesterfield","Single Family Residence","04/16/2025","$415,900","$420,900","9","Resale (occupied at least once)","2006","Stockleigh","2,647","0.36","5","2.1","Public Water","Sewer - Public","Conventional","Corporate"
"1","2504791","789-746-7517","CLOSD","603 Elmfield DR","23227","Henrico","Single Family Residence","04/16/2025","$359,950","$350,000","30","Resale (occupied at least once)","1981","Village Of Azalea","1,583","0.27","4","2.1","Public Water","Sewer - Public","Conventional","Individuals"
"1","2504456","W021-0305-008","CLOSD","6107 Bay ST","23226","Richmond City","Single Family Residence","04/16/2025","$875,000","$1,100,000","13","Resale (occupied at least once)","1950","Westhampton Terrace","2,543","0.25","3","2.1","Public Water","Sewer - Public","Cash","Individuals"
"1","2504401","HIGHLAND PARK L20 B33; 003","CLOSD","3412 2nd AVE","23222","Richmond City","Single Family Residence","04/16/2025","$395,500","$395,500","12","Resale (occupied at least once)","1925","North Highland Park","1,261","","4","2.1","Public Water","Sewer - Public","Conventional","Corporate"
"1","2504158","738-753-9865","CLOSD","11841 Blandfield ST","23233","Henrico","Single Family Residence","04/16/2025","$539,950","$529,200","10","Resale (occupied at least once)","1997","Keswick","2,236","0.33","4","2.1","Public Water","Sewer - Public","Cash","Individuals"
"1","2504053","7796-97-4478","CLOSD","8945 Ringview DR","23116","Hanover","Townhouse","04/16/2025","$365,000","$357,000","9","Resale (occupied at least once)","2017","Cool Spring West","1,562","0.08","3","2.1","Public Water","Sewer - Public","Conventional","Individuals"
"1","2503814","19-10-0-B-0","CLOSD","4517 Hewitt LN","23063","Goochland","Single Family Residence","04/16/2025","$105,000","$108,500","7","Resale (occupied at least once)","1993","None","1,008","3.06","3","2.0","Well","Septic - Conventional","Cash","Individuals"
"1","2503767","C001-1100-044","CLOSD","3142 Lake Village DR","23235","Richmond City","Condominium","04/16/2025","$307,000","$302,000","17","Resale (occupied at least once)","1987","Summerhill At Stony Point Condo","1,030","0.03","2","2.0","Public Water","Sewer - Public","Cash","Individuals"
"1","2503672","8705-62-2348","CLOSD","8233 N Mayfield LN","23111","Hanover","Single Family Residence","04/16/2025","$450,000","$470,000","4","Resale (occupied at least once)","1958","Mayfield Farms","2,397","0.52","4","2.1","Public Water","Sewer - Public","Conventional","Individuals"
"1","2503458","C0040470020","CLOSD","6407 Buckhill","23225","Richmond City","Single Family Residence","04/16/2025","$799,950","$985,000","9","Resale (occupied at least once)","1978","Willow Oaks","3,107","0.53","4","4.0","Public Water","Sewer - Public","Cash","Individuals"
"1","2502694","717-66-51-45-100-000","CLOSD","8330 Amington LN","23832","Chesterfield","Single Family Residence","04/16/2025","$549,950","$550,000","23","Resale (occupied at least once)","2021","Harpers Mill","2,802","0.32","4","3.1","Public Water","Sewer - Public","Conventional","Individuals"
"501","2502397","732-68-64-15-400-000","CLOSD","12401 Petrel XING","23112","Chesterfield","Townhouse","04/16/2025","$420,000","$420,000","4","Resale (occupied at least once)","2022","Townes at Swift Creek","2,066","0.08","3","2.1","Public Water","Sewer - Public","Conventional","Individuals"
"501","2502003","727-69-63-58-700-000","CLOSD","2241 Cantina LN","23114","Chesterfield","Townhouse","04/16/2025","$499,000","$450,000","25","Resale (occupied at least once)","2022","Centerpointe Townes","2,170","0.09","3","3.1","Public Water","Community - Sewer/Septic","Conventional","Individuals"
"501","2501378","733-71-00-90-700-000","CLOSD","1304 Staffordshire CT","23113","Chesterfield","Single Family Residence","04/16/2025","$350,000","$354,000","3","Resale (occupied at least once)","1983","Buckingham","1,526","0.23","3","1.1","Public Water","Sewer - Public","FHA New","Individuals"
"501","2429986","N005-1182-041","CLOSD","3369 Dill AVE","23222","Richmond City","Townhouse","04/16/2025","$169,000","$155,000","96","Resale (occupied at least once)","1972","None","1,080","0.06","3","1.0","Public Water","Sewer - Public","Cash","Individuals"
"501","2419510","739-754-4256","CLOSD","11912 Shire Walk TRL","23233","Henrico","Townhouse","04/16/2025","$525,990","$535,395","0","New (never occupied)","2024","Shire Walk","2,097","","3","3.1","Public Water","Sewer - Public","Conventional","Corporate"
"501","2414406","739-754-8882","CLOSD","12125 Morning WALK","23233","Henrico","Townhouse","04/16/2025","$519,990","$540,140","0","New (never occupied)","2024","Shire Walk","2,017","","2","3.1","Public Water","Sewer - Public","Conventional","Corporate"
"501","2506242","E000-1542-009","CLOSD","1603 Oakwood AVE","23223","Richmond City","Single Family Residence","04/17/2025","$450,000","$450,000","3","Resale (occupied at least once)","1925","None","1,760","0.06","3","2.1","Public Water","Sewer - Public","Conventional","Corporate"
"501","2501105","785-67-73-89-400-000","CLOSD","3706 Spratling WAY","23237","Chesterfield","Single Family Residence","04/17/2025","$397,000","$400,000","64","Resale (occupied at least once)","2009","Silver Mews Section A","2,016","0.22","4","2.1","Public Water","Sewer - Public","VA New","Corporate"
"501","2504303","764-774-6333","CLOSD","11425 Ridgegate LN","23059","Henrico","Single Family Residence","04/17/2025","$670,000","$674,000","7","Resale (occupied at least once)","2010","The Ridge At Hunton Park","3,225","0.36","4","2.1","Public Water","Sewer - Public","Conventional","Corporate"
"501","2504664","726-66-43-93-600-000","CLOSD","8925 Sawgrass PL","23832","Chesterfield","Single Family Residence","04/17/2025","$468,000","$461,500","17","Resale (occupied at least once)","2005","Birkdale","2,108","0.17","4","3.0","Public Water","Sewer - Public","Conventional","Corporate"
"501","2422327","696671532800000","CLOSD","18707 Palisades RDG","23120","Chesterfield","Townhouse","04/17/2025","$418,245","$418,245","9","New (never occupied)","2024","Magnolia Green","1,656","","3","2.1","Public Water","Sewer - Public","FHA New","Corporate"
"501","2431667","732-754-3801","CLOSD","12423 Gaytoncrest LN","23233","Henrico","Townhouse","04/17/2025","$481,905","$430,000","84","New (never occupied)","2024","Discovery Ridge Townhomes","1,970","","3","2.2","Public Water","Sewer - Public","Conventional","Corporate"
"501","2427619","836-713-3233","CLOSD","2209 Palm CT","23150","Henrico","Townhouse","04/17/2025","$320,680","$322,870","0","New (never occupied)","2024","Landmark","1,280","","3","2.1","Public Water","Sewer - Public","FHA New","Corporate"
"501","2506697","760-762-1483","CLOSD","4801 Kellywood DR","23060","Henrico","Single Family Residence","04/17/2025","$350,000","$350,000","2","Resale (occupied at least once)","1983","Dunncroft","1,104","0.20","3","1.1","Public Water","Sewer - Public","FHA New","Individuals"
"501","2424311","7870-54-6595","CLOSD","436 Haley CT","23005","Hanover","Single Family Residence","04/17/2025","$573,690","$573,690","2","New (never occupied)","2024","Haley Meadows","2,750","0.24","5","3.0","Public Water","Sewer - Public","Conventional","Corporate"
"501","2501315","N000-1034-033","CLOSD","3005 Montrose AVE","23222","Richmond City","Single Family Residence","04/17/2025","$610,000","$610,000","14","Resale (occupied at least once)","1924","Ginter Park Terrace","2,153","0.16","3","3.0","Public Water","Sewer - Public","Conventional","Individuals"
"501","2503590","788-68-59-00-900-000","CLOSD","2900 Stanwix LN","23234","Chesterfield","Single Family Residence","04/17/2025","$300,000","$305,000","6","Resale (occupied at least once)","1967","Falling Creek Hills","1,242","0.34","3","1.1","Public Water","Sewer - Public","Conventional","Individuals"
"501","2424243","716712431000000","CLOSD","15925 Misty Blue ALY Unit#48-1","23113","Chesterfield","Townhouse","04/17/2025","$468,676","$468,676","96","New (never occupied)","2024","Edge at Westchester","2,050","","3","3.1","Public Water","Sewer - Public","Cash","Corporate"
"501","2505003","741-68-75-10-300-000","CLOSD","11907 Rimswell MEWS","23112","Chesterfield","Single Family Residence","04/17/2025","$450,000","$470,000","4","Resale (occupied at least once)","2005","Walnut Grove","2,228","0.21","4","2.1","Public Water","Sewer - Public","Conventional","Individuals"
"501","2503401","731-72-58-58-200-000","CLOSD","13424 Welby CT","23113","Chesterfield","Single Family Residence","04/17/2025","$999,900","$979,900","16","Resale (occupied at least once)","2006","Tarrington","4,239","0.47","6","5.0","Public Water","Sewer - Public","Conventional","Individuals"
"501","2501675","827-720-2563","CLOSD","1801 Beaver RD","23075","Henrico","Townhouse","04/17/2025","$175,000","$185,000","4","Resale (occupied at least once)","1972","Fairlawn Townhouses","1,060","0.04","3","1.1","Public Water","Sewer - Public","Conventional","Partnership"
"501","2506088","8734-25-2489","CLOSD","7281 Colts Neck RD","23111","Hanover","Single Family Residence","04/17/2025","$250,000","$233,000","2","Resale (occupied at least once)","1975","Cold Harbor","1,296","0.64","4","2.0","Public Water","Sewer - Public","Conventional","Individuals"
"501","2431528","807-716-2058","CLOSD","2502 Merle ST","23231","Henrico","Single Family Residence","04/17/2025","$244,900","$245,000","86","Resale (occupied at least once)","1950","Kings Hill","848","0.17","2","1.1","Public Water","Sewer - Public","Conventional","Corporate"
"501","2504584","744-65-34-64-400-000","CLOSD","11630 Beach RD","23838","Chesterfield","Single Family Residence","04/17/2025","$599,000","$610,000","2","Resale (occupied at least once)","1998","None","3,180","6.17","4","3.0","Well","Septic - Conventional","Conventional","Individuals"
"501","2428945","759-68-02-14-700-000","CLOSD","5512 Garden Grove RD","23832","Chesterfield","Single Family Residence","04/17/2025","$575,000","$560,000","128","Resale (occupied at least once)","2007","Five Forks Village","4,306","0.45","5","4.0","Public Water","Sewer - Public","Conventional","Individuals"
"501","2505765","788-746-5297.027","CLOSD","5612 Crenshaw RD Unit#1122","23227","Henrico","Condominium","04/17/2025","$199,950","$195,000","13","Resale (occupied at least once)","1963","Ashley Terrace Condo","","","2","1.0","Public Water","Sewer - Public","Conventional","Individuals"
"501","2506468","761-748-6993","CLOSD","2300 Thousand Oaks DR","23294","Henrico","Single Family Residence","04/17/2025","$369,950","$403,000","4","Resale (occupied at least once)","1978","Thousand Oaks","1,703","0.45","3","2.0","Public Water","Sewer - Public","Conventional","Individuals"
"501","2507049","800-728-8930","CLOSD","1906 Cleary RD","23223","Henrico","Single Family Residence","04/17/2025","$315,000","$315,000","8","Resale (occupied at least once)","1956","Central Gardens","1,514","0.23","4","2.0","Public Water","None","Conventional","Individuals"
"501","2507715","746-64-91-20-800-000","CLOSD","11841 Beechwood Forest DR","23838","Chesterfield","Single Family Residence","04/17/2025","$399,000","$422,000","5","Resale (occupied at least once)","2007","Beechwood Forest","1,808","1.15","3","2.0","Well","Septic - Engineered","Conventional","Individuals"
"501","2507606","772-758-6273","CLOSD","2513 Hungary RD","23228","Henrico","Single Family Residence","04/17/2025","$319,950","$319,950","0","Resale (occupied at least once)","1937","Laurel Park","1,043","0.26","3","2.0","Public Water","Septic - Conventional","Cash","Individuals"
"501","2507370","821-64-76-13-200-000","CLOSD","1219 River Shore PL","23836","Chesterfield","Single Family Residence","04/17/2025","$325,000","$335,000","2","Resale (occupied at least once)","2011","River Walk At Rivermont Crossing","1,369","0.20","3","2.0","Public Water","Sewer - Public","Conventional","Individuals"
"501","2506953","46        17A","CLOSD","17830 Stage RD","23011","New Kent","Single Family Residence","04/17/2025","$550,000","$605,000","6","Resale (occupied at least once)","1989","None","1,914","17.78","3","2.0","Well","Septic - Conventional","VA New","Estate"
"501","2506673","729-750-5707","CLOSD","2213 Lashley LN","23238","Henrico","Townhouse","04/17/2025","$309,500","$313,000","5","Resale (occupied at least once)","1979","Old Coach Square","1,380","0.05","3","1.2","Public Water","Sewer - Public","Conventional","Individuals"
"501","2506562","735-748-4121","CLOSD","11817 Goodwick SQ","23238","Henrico","Townhouse","04/17/2025","$422,500","$425,000","2","Resale (occupied at least once)","1980","Sussex Square","2,094","0.09","3","3.0","Public Water","Sewer - Public","Conventional","Individuals"
"501","2506265","717-68-91-76-900-000","CLOSD","15013 Enmore DR","23112","Chesterfield","Single Family Residence","04/17/2025","$749,000","$775,000","3","Resale (occupied at least once)","2022","Rountrey","3,381","0.22","5","4.0","Public Water","Sewer - Public","Conventional","Individuals"
"501","2506263","W000-1409-017","CLOSD","210 N Belmont AVE","23221","Richmond City","Single Family Residence","04/17/2025","$450,000","$457,000","5","Resale (occupied at least once)","1914","None","1,428","0.05","3","1.0","Public Water","Sewer - Public","Cash","Individuals"
"501","2506236","750-68-41-35-900-000","CLOSD","3910 Oxbridge RD","23236","Chesterfield","Single Family Residence","04/17/2025","$379,000","$365,000","15","Resale (occupied at least once)","1972","Mayfair Estates","2,253","0.83","3","2.0","Public Water","Septic - Conventional","Cash","Individuals"
"501","2505966","750-743-7646","CLOSD","1220 Blue Jay LN","23229","Henrico","Single Family Residence","04/17/2025","$345,000","$350,000","2","Resale (occupied at least once)","1956","Greenbrier Hills","1,088","0.23","3","1.0","Public Water","Sewer - Public","Conventional","Individuals"
"501","2505657","749-748-5615","CLOSD","9507 Pine Shadow DR","23238","Henrico","Single Family Residence","04/17/2025","$535,000","$535,000","6","Resale (occupied at least once)","1985","Springtree","2,172","0.34","4","2.1","Public Water","Sewer - Public","Conventional","Individuals"
"501","2505602","829-717-8638","CLOSD","226 Defense AVE","23150","Henrico","Single Family Residence","04/17/2025","$199,000","$199,000","7","Resale (occupied at least once)","1947","Woodlawn Terrace","846","0.22","2","1.0","Public Water","Septic - Conventional, Sewer - Public","VHDA/FHA","Individuals"
"501","2505588","736-749-3790","CLOSD","1838 Rolfe WAY","23238","Henrico","Single Family Residence","04/17/2025","$609,950","$621,000","4","Resale (occupied at least once)","2001","Rolfield","2,724","0.22","4","2.1","Public Water","Sewer - Public","Conventional","Individuals"
"501","2505585","778-752-6102","CLOSD","2307 Norman AVE","23228","Henrico","Single Family Residence","04/17/2025","$439,990","$447,550","4","Resale (occupied at least once)","1941","Green Acres","1,773","0.26","3","2.0","Public Water","Sewer - Public","Conventional","Individuals"
"501","2505561","S006-0216-008","CLOSD","5108 King William RD","23225","Richmond City","Single Family Residence","04/17/2025","$689,950","$705,000","5","Resale (occupied at least once)","1945","Westover Hills","1,898","0.24","3","1.1","Public Water","Sewer - Public","Conventional","Individuals"
"501","2504616","738-752-5992","CLOSD","2535 Hawkesbury CT","23233","Henrico","Single Family Residence","04/17/2025","$554,500","$578,000","3","Resale (occupied at least once)","1999","Keswick","2,395","0.29","4","2.1","Public Water","Sewer - Public","Conventional","Individuals"
"501","2504573","10B  1 C   9","CLOSD","9071 Deerlake DR","23124","New Kent","Single Family Residence","04/17/2025","$540,000","$552,000","5","Resale (occupied at least once)","2019","Rochambeau Estates","2,368","0.51","4","2.1","Public Water","Septic - Conventional","VA New","Individuals"
"501","2504564","759-740-4416","CLOSD","7711 Hollins RD","23229","Henrico","Single Family Residence","04/17/2025","$735,000","$700,000","18","Resale (occupied at least once)","1941","Westham","2,034","0.27","4","2.0","Public Water","Sewer - Public","Cash","Individuals"
"501","2504507","748-751-4242","CLOSD","2022 Boardman LN","23238","Henrico","Single Family Residence","04/17/2025","$600,000","$601,000","6","Resale (occupied at least once)","1999","Rockstone","2,796","0.60","5","3.1","Public Water","Sewer - Public","Conventional","Individuals"
"501","2504452","E011-0184-014","CLOSD","1824 Carlisle AVE","23231","Richmond City","Single Family Residence","04/17/2025","$155,000","$155,000","0","Resale (occupied at least once)","1948","Montrose","471","0.23","1","1.0","Public Water","Sewer - Public","Conventional","Other"
"501","2504169","808-726-8146","CLOSD","428 Kingsridge RD","23223","Henrico","Townhouse","04/17/2025","$265,500","$265,500","8","Resale (occupied at least once)","2008","None","1,452","0.06","3","2.1","Public Water","Sewer - Public","FHA New","Individuals"
"501","2504144","770-66-34-64-800-000","CLOSD","9616 Tree Line TER","23832","Chesterfield","Townhouse","04/17/2025","$230,000","$227,000","4","Resale (occupied at least once)","1986","Branchs Trace","1,008","0.04","2","1.1","Public Water","Sewer - Public","Conventional","Individuals"
"501","2503692","728-67-60-21-100-000","CLOSD","5629 Promontory Pointe RD","23112","Chesterfield","Single Family Residence","04/17/2025","$635,000","$630,000","7","Resale (occupied at least once)","1998","Harbour Pointe","3,094","0.25","4","3.0","Public Water","Sewer - Public","Conventional","Individuals"
"501","2503435","777-760-1543","CLOSD","1820 Palmer DR","23228","Henrico","Single Family Residence","04/17/2025","$409,000","$430,000","5","Resale (occupied at least once)","1970","Woodman Terrace","1,773","0.29","3","2.1","Public Water","Sewer - Public","Conventional","Corporate"
"501","2502500","762-756-4736","CLOSD","4886 Wild Horse LN","23294","Henrico","Townhouse","04/17/2025","$482,900","$482,900","43","New (never occupied)","2025","Westchase","2,085","0.07","3","2.1","Public Water","Sewer - Public","Conventional","Corporate"
"501","2502305","719-68-81-48-000-000","CLOSD","14713 Yarcombe RD","23112","Chesterfield","Single Family Residence","04/17/2025","$750,000","$750,000","16","Resale (occupied at least once)","2007","Rountrey","3,965","0.30","5","3.1","Public Water","Sewer - Public","Conventional","Individuals"
"501","2502215","712-67-25-55-200-062","CLOSD","6713 Liege HL","23120","Chesterfield","Condominium","04/17/2025","$530,000","$530,000","49","Resale (occupied at least once)","2018","Greenwich Walk At Foxcreek","2,572","","3","3.0","Public Water","Sewer - Public","Cash","Individuals"
"501","2501993","4-2-0-7-0","CLOSD","4963 Shannon Hill RD","23084","Goochland","Single Family Residence","04/17/2025","$575,000","$560,000","53","Resale (occupied at least once)","2016","None","2,797","2.51","4","3.1","Well","Septic - Conventional","Conventional","Individuals"
"501","2500531","48-19-0-7-0","CLOSD","7293 Ellingham CT","23059","Goochland","Single Family Residence","04/17/2025","$629,950","$629,950","65","Resale (occupied at least once)","2017","Parkside Village","2,731","0.20","3","3.0","Public Water","Sewer - Public","Conventional","Individuals"
"501","2431994","722670030900147","CLOSD","14627 Hancock Towns DR Unit#N4","23832","Chesterfield","Townhouse","04/17/2025","$410,790","$405,790","84","New (never occupied)","2025","Hancock Village","2,261","","3","2.1","Public Water","Sewer - Public","Conventional","Corporate"
"501","2430105","Not Yet Assigned","CLOSD","209 Whiteside RD","23150","Henrico","Townhouse","04/17/2025","$303,805","$303,805","74","New (never occupied)","2025","Parkside Townes","1,336","","3","2.1","Public Water","Sewer - Public","FHA New","Corporate"
"501","2426941","7827-71-1868","CLOSD","15451 Beaver Den LN","23015","Hanover","Single Family Residence","04/17/2025","$739,950","$726,950","132","Resale (occupied at least once)","2006","Anderson Mill","3,744","10.00","5","2.1","Well","Septic - Conventional","VA New","Individuals"
"501","2420660","739-754-9179","CLOSD","12121 Morning WALK","23233","Henrico","Townhouse","04/17/2025","$564,990","$558,830","0","New (never occupied)","2024","Shire Walk","2,205","","4","3.1","Public Water","Sewer - Public","Conventional","Corporate"
"501","BRTVACF2001054","746649120800000","CLOSD","11841 Bechwood Forest DR","23838","Chesterfield","Single Family Residence","04/17/2025","$399,000","$422,000","6","Resale (occupied at least once)","2007","NONE AVAILABLE","1,808","1.15","3","2.0","Well","Septic","",""
"501","BRTVAHN2000792","827-720-2563","CLOSD","1801 Beaver RD","23238","Henrico","Townhouse","04/17/2025","$175,000","$185,000","4","Resale (occupied at least once)","1972","FAIRLAWN TOWNHOUSES","1,060","0.00","3","2.0","Public Water","Public Sewer On Site, Septic - Shared","",""
"501","REIN10575452","746-64-91-20-800-000","CLOSD","11841 Beechwood Forest DR","23838","Chesterfield","Single Family Residence","04/17/2025","$399,000","$422,000","4","Resale (occupied at least once)","2007","ALL OTHERS AREA 143","1,808","","3","2.0","Well","Septic","",""
"501","BRTVARC2000608","C0010891237","CLOSD","8640 Devara CT","23235","Richmond City","Single Family Residence","04/18/2025","$620,000","$600,000","25","Resale (occupied at least once)","2015","NONE AVAILABLE","3,430","0.13","5","5.0","Public Water","Public Sewer On Site","",""
"501","2505161","S000-2282-015","CLOSD","3315 Decatur ST","23224","Richmond City","Single Family Residence","04/18/2025","$265,000","$260,000","16","Resale (occupied at least once)","1927","Weisigers Addition","1,300","0.23","2","1.0","Public Water","Sewer - Public","Conventional","Corporate"
"501","REIN10574631","31        51D","CLOSD","5601 Golden Wheel RD","23140","New Kent","Single Family Residence","04/18/2025","$99,900","$90,000","9","Resale (occupied at least once)","1968","ALL OTHERS AREA 140","480","1.00","2","1.0","Well","None","",""
"501","2504426","N000-0594-006","CLOSD","613 1/2 W Lancaster RD","23222","Richmond City","Single Family Residence","04/18/2025","$549,900","$550,000","15","New (never occupied)","2024","Battery Court Addition","3,742","0.06","3","2.1","Public Water","Sewer - Public","Conventional","Corporate"
"501","2423421","761641507300000","CLOSD","13007 Thornford TER","23838","Chesterfield","Single Family Residence","04/18/2025","$645,625","$648,620","0","New (never occupied)","2024","Lake Margaret","4,165","1.61","5","4.0","Public Water","Septic - Conventional","Conventional","Corporate"
"501","2503631","W000-1069-009","CLOSD","2403 Maplewood AVE","23220","Richmond City","Single Family Residence","04/18/2025","$599,000","$585,000","14","Resale (occupied at least once)","1922","None","1,456","0.06","3","1.2","Public Water","Sewer - Public","Conventional","Individuals"
"501","2506999","732-72-53-39-100-000","CLOSD","13415 Welby MEWS","23113","Chesterfield","Single Family Residence","04/18/2025","$875,000","$850,000","0","Resale (occupied at least once)","2007","Tarrington","3,793","0.48","4","3.1","Public Water","Sewer - Public","Conventional","Individuals"
"501","2506185","752-70-09-17-900-000","CLOSD","9036 Resaca RD","23236","Chesterfield","Single Family Residence","04/18/2025","$369,000","$365,000","14","Resale (occupied at least once)","1977","Archbrooke","1,832","0.31","4","2.1","Public Water","Sewer - Public","Conventional","Individuals"
"501","2503305","795-62-09-62-100-000","CLOSD","19108 Temple AVE","23834","Chesterfield","Single Family Residence","04/18/2025","$340,000","$345,000","43","Resale (occupied at least once)","1989","Colonial Pine Estates","1,300","0.30","4","3.0","Public Water","Sewer - Public","FHA New","Individuals"
"501","2431487","696670579700000","CLOSD","18618 Palisades Cove CT","23120","Chesterfield","Townhouse","04/18/2025","$440,405","$440,405","76","New (never occupied)","2025","Magnolia Green","1,829","","3","2.1","Public Water","Sewer - Public","Conventional","Corporate"
"501","2422979","779-771-2372","CLOSD","10896 Farmstead Mill LN","23059","Henrico","Townhouse","04/18/2025","$564,140","$564,140","0","New (never occupied)","2024","River Mill","2,460","","4","3.1","Public Water","Sewer - Public","FHA New","Corporate"
"501","2427074","734-69-42-89-500-000","CLOSD","12503 Spring Cress CT","23114","Chesterfield","Single Family Residence","04/18/2025","$257,300","$257,500","16","Resale (occupied at least once)","1987","Sachems Head","1,028","0.16","2","2.0","Public Water","Sewer - Public","Conventional","Individuals"
"501","2430232","716712411100000","CLOSD","15931 Misty Blue ALY","23113","Chesterfield","Townhouse","04/18/2025","$449,477","$449,477","0","New (never occupied)","2024","Edge at Westchester","2,050","","3","3.1","Public Water","Sewer - Public","Conventional","Corporate"
"501","2507240","S000-2455-015","CLOSD","3413 Lawson ST","23224","Richmond City","Single Family Residence","04/18/2025","$199,950","$210,000","2","Resale (occupied at least once)","1920","Manchester","1,007","0.12","3","1.0","Public Water","Sewer - Public","FHA New","Individuals"
"501","2505819","757-69-41-45-200-000","CLOSD","8504 Den Bark PL","23235","Chesterfield","Single Family Residence","04/18/2025","$349,950","$349,950","9","Resale (occupied at least once)","1985","Foxberry","1,516","0.65","3","2.1","Public Water","Sewer - Public","FHA New","Partnership"
"501","2506254","826-714-8316","CLOSD","3 E Gray ST","23150","Henrico","Single Family Residence","04/18/2025","$259,000","$259,000","10","Resale (occupied at least once)","1952","Sandston","912","0.28","3","1.0","Public Water","Sewer - Public","VHDA/FHA","Corporate"
"501","2507797","8704-45-6619","CLOSD","7299 Clark CIR","23111","Hanover","Single Family Residence","04/18/2025","$385,000","$385,000","3","Resale (occupied at least once)","1968","Windy Hill Estates","1,848","0.61","3","2.1","Public Water","Septic - Conventional","Conventional","Individuals"
"501","2509659","823-64-10-05-800-000","CLOSD","1501 Point Of Rocks RD","23836","Chesterfield","Single Family Residence","04/18/2025","$125,000","$160,000","3","Resale (occupied at least once)","1956","None","2,048","1.69","3","1.1","Public Water","Septic - Conventional","Cash","Individuals"
"501","2508761","782-744-9291","CLOSD","5409 Smith AVE","23228","Henrico","Single Family Residence","04/18/2025","$150,000","$186,500","5","Resale (occupied at least once)","1956","Bloomingdale","792","0.17","3","1.0","Public Water","Sewer - Public","Cash","Individuals"
"501","2508142","780-750-4373","CLOSD","7206 Prospect AVE","23228","Henrico","Single Family Residence","04/18/2025","$389,000","$430,000","3","Resale (occupied at least once)","1938","Ginter Gardens","1,224","0.22","3","1.1","Public Water","Sewer - Public","Cash","Individuals"
"501","2507666","739-67-04-20-600-000","CLOSD","8007 Hillcreek DR","23112","Chesterfield","Single Family Residence","04/18/2025","$434,950","$452,550","4","Resale (occupied at least once)","2001","Bayhill Pointe","2,261","0.37","4","2.1","Public Water","Sewer - Public","Conventional","Individuals"
"501","2507232","755-69-77-16-400-000","CLOSD","8643 Shadymist DR","23235","Chesterfield","Single Family Residence","04/18/2025","$365,000","$375,000","3","Resale (occupied at least once)","1980","Providence Pines","1,678","0.21","3","2.1","Public Water","Sewer - Public","Conventional","Corporate"
"501","2507230","C005-0937-030","CLOSD","301 Byswick LN","23225","Richmond City","Single Family Residence","04/18/2025","$229,000","$245,000","4","Resale (occupied at least once)","1955","Forest View Heights","1,124","0.35","3","1.0","Public Water","Sewer - Public","Cash","Individuals"
"501","2507217","62-13-A-7-0","CLOSD","105 Birch CIR","23103","Goochland","Single Family Residence","04/18/2025","$465,000","$475,000","0","Resale (occupied at least once)","1962","Manakin Farms","1,736","0.58","3","3.0","Public Water","Sewer - Public","Conventional","Individuals"
"501","2507150","726-71-10-45-900-000","CLOSD","14100 Rigney DR","23113","Chesterfield","Single Family Residence","04/18/2025","$714,000","$837,500","4","Resale (occupied at least once)","2012","Winterfield Station","3,077","0.46","5","4.0","Public Water","Sewer - Public","Cash","Individuals"
"501","2507099","711668622300000","CLOSD","7879 Alexandria DR","23120","Chesterfield","Townhouse","04/18/2025","$455,108","$435,108","280","New (never occupied)","2024","Hampton Park","1,966","","4","3.1","Public Water","Sewer - Public","Conventional","Corporate"
"501","2506921","780-747-7449","CLOSD","5900 Hermitage RD","23228","Henrico","Single Family Residence","04/18/2025","$295,000","$295,000","8","Resale (occupied at least once)","1939","Hermitage Park","904","0.15","2","1.0","Public Water","Sewer - Public","Conventional","Individuals"
"501","2506487","N000-1350-008","CLOSD","3414 Cliff AVE","23222","Richmond City","Single Family Residence","04/18/2025","$324,999","$325,000","3","Resale (occupied at least once)","1941","None","1,312","0.16","4","2.0","Public Water","Sewer - Public","Conventional","Partnership"
"501","2506443","744-69-91-83-400-060","CLOSD","10922 Lantern WAY","23236","Chesterfield","Condominium","04/18/2025","$465,000","$485,000","6","Resale (occupied at least once)","2010","Harvest Glen","1,876","","3","2.0","Public Water","Sewer - Public","Cash","Individuals"
"501","2506215","760-762-8447","CLOSD","4717 Mill Park CIR","23060","Henrico","Single Family Residence","04/18/2025","$329,950","$355,000","6","Resale (occupied at least once)","1982","Dunncroft","1,988","0.21","4","3.0","Public Water","Sewer - Public","Conventional","Individuals"
"501","2506208","C008-0420-026","CLOSD","5124 Orcutt LN","23224","Richmond City","Single Family Residence","04/18/2025","$284,000","$284,000","3","Resale (occupied at least once)","1957","Hollandale","1,008","0.28","3","2.0","Public Water","Sewer - Public","Conventional","Individuals"
"501","2506167","763690362700000","CLOSD","7508 Lantern Ridge CT","23832","Chesterfield","Single Family Residence","04/18/2025","$275,000","$277,000","4","Resale (occupied at least once)","1977","Creekwood","","0.39","4","2.1","Public Water","Sewer - Public","Cash","Individuals"
"501","2506040","824-727-0418","CLOSD","402 N Daisy AVE","23075","Henrico","Single Family Residence","04/18/2025","$275,000","$275,000","8","Resale (occupied at least once)","1961","Meadowview","1,240","0.31","3","2.0","Public Water","Sewer - Public","FHA New","Individuals"
"501","2505986","8714-19-1594","CLOSD","7441 Zorbas LN","23111","Hanover","Single Family Residence","04/18/2025","$350,000","$365,000","4","Resale (occupied at least once)","1999","Shady Grove Forest","1,612","0.24","3","2.1","Public Water","Sewer - Public","Conventional","Individuals"
"501","2505933","744-760-8904.014","CLOSD","1706 Old Brick RD Unit#11B","23060","Henrico","Condominium","04/18/2025","$615,000","$596,550","12","Resale (occupied at least once)","2022","West Broad Village","2,509","3.69","3","2.1","Public Water","Sewer - Public","Cash","Individuals"
"501","2505601","780-747-4665","CLOSD","2309 Maplewood RD","23228","Henrico","Single Family Residence","04/18/2025","$324,990","$322,500","7","Resale (occupied at least once)","1939","Hermitage Park","998","0.18","2","1.0","Public Water","Sewer - Public","Cash","Individuals"
"501","2505562","766-739-0353","CLOSD","6516 Park AVE","23226","Henrico","Single Family Residence","04/18/2025","$649,950","$769,000","3","Resale (occupied at least once)","1956","Belle Air","2,211","0.29","4","2.1","Public Water","Sewer - Public","Conventional","Individuals"
"501","2505518","E000-0721-036","CLOSD","1221 1/2 N 31st ST","23223","Richmond City","Single Family Residence","04/18/2025","$525,000","$530,000","8","Resale (occupied at least once)","2023","None","1,968","0.05","3","2.1","Public Water","Sewer - Public","Conventional","Individuals"
"501","2505466","773-68-70-10-100-000","CLOSD","5713 Holden RD","23234","Chesterfield","Single Family Residence","04/18/2025","$375,000","$366,000","23","Resale (occupied at least once)","2000","Jessup Station","1,717","0.24","3","2.0","Public Water","Sewer - Public","Cash","Individuals"
"501","2505360","7769-96-9396","CLOSD","12319 Wildwood BLVD","23005","Hanover","Single Family Residence","04/18/2025","$310,000","$320,100","6","Resale (occupied at least once)","1976","Oak Hill Estates","1,288","0.74","3","1.1","Public Water","Sewer - Public","Conventional","Individuals"
"501","2505347","W000-0728-050","CLOSD","1708 W Cary ST Unit#9","23220","Richmond City","Condominium","04/18/2025","$399,000","$385,000","11","Resale (occupied at least once)","1940","None","1,240","0.03","2","1.1","Public Water","Sewer - Public","Cash","Individuals"
"501","2505279","777-753-0888","CLOSD","2207 Viking LN","23228","Henrico","Single Family Residence","04/18/2025","$389,950","$393,000","4","Resale (occupied at least once)","1975","Rock Hills","2,907","0.34","4","3.0","Public Water","Sewer - Public","Conventional","Individuals"
"501","2505094","739-774-9299","CLOSD","12049 Cameron Creek RD","23059","Henrico","Single Family Residence","04/18/2025","$995,950","$1,150,000","2","Resale (occupied at least once)","2016","Cameron At Grey Oaks","3,897","0.31","5","4.0","Public Water","Sewer - Public","Conventional","Individuals"
"501","2505021","774-766-6187","CLOSD","2620 Pinkerton PL","23060","Henrico","Single Family Residence","04/18/2025","$469,999","$475,000","3","Resale (occupied at least once)","1995","Mountain Glen","1,959","0.25","4","2.1","Public Water","Sewer - Public","Conventional","Individuals"
"501","2504941","E000-1768-002","CLOSD","1203 N 38th ST","23223","Richmond City","Single Family Residence","04/18/2025","$215,000","$215,000","7","Resale (occupied at least once)","1925","None","1,004","0.14","2","0.0","Public Water","Sewer - Public","Cash","Individuals"
"501","2504728","7799-58-9702","CLOSD","9221 E Patrick Henry RD","23005","Hanover","Single Family Residence","04/18/2025","$399,000","$440,000","6","Resale (occupied at least once)","1964","None","1,556","5.16","3","1.0","Well","Septic - Conventional","Conventional","Individuals"
"501","2504714","42-42-0-1-0","CLOSD","2801 River Road West","23102","Goochland","Single Family Residence","04/18/2025","$475,000","$465,000","23","Resale (occupied at least once)","1960","None","2,115","4.00","4","2.0","Well","Septic - Conventional","Conventional","Individuals"
"501","2504474","C001-0891-237","CLOSD","8640 Devara CT","23235","Richmond City","Single Family Residence","04/18/2025","$620,000","$600,000","25","Resale (occupied at least once)","2015","James River Commons","3,430","0.13","5","4.1","Public Water","Sewer - Public","Cash","Individuals"
"501","2504443","740-781-2953.049","CLOSD","6204 Kershaw DR","23059","Henrico","Condominium","04/18/2025","$529,900","$534,200","2","Resale (occupied at least once)","1995","Kelston Green At Wyndham","2,039","11.94","3","2.1","Public Water","Sewer - Public","Cash","Individuals"
"501","2504371","772-754-8596","CLOSD","8516 Ackley AVE","23228","Henrico","Single Family Residence","04/18/2025","$394,000","$394,000","17","New (never occupied)","2025","Brookland Gardens","1,440","0.54","3","2.1","Public Water","Sewer - Public","Conventional","Individuals"
"501","2504014","754-739-0014","CLOSD","511 Cokesburg LN","23229","Henrico","Single Family Residence","04/18/2025","$495,000","$552,501","9","Resale (occupied at least once)","1957","Ridgeview","1,601","0.26","3","2.0","Public Water","Community - Sewer/Septic","Conventional","Individuals"
"501","2503788","736-777-1416","CLOSD","5712 Hinsdale PL","23059","Henrico","Single Family Residence","04/18/2025","$849,000","$867,500","3","Resale (occupied at least once)","1997","Benning Oaks At Wyndham","4,054","0.33","6","3.1","Public Water","Sewer - Public","Cash","Individuals"
"501","2503335","21D  31B  25","CLOSD","5907 Stingray Point BLVD","23124","New Kent","Single Family Residence","04/18/2025","$425,000","$430,000","9","Resale (occupied at least once)","2018","Greenwood Estates","1,803","0.57","3","2.0","Public Water","Septic - Conventional","Conventional","Individuals"
"501","2502714","742-748-9359","CLOSD","1912 Hickoryridge RD","23238","Henrico","Single Family Residence","04/18/2025","$679,950","$662,500","21","Resale (occupied at least once)","1984","Gayton Forest West","3,605","0.29","4","2.1","Public Water","Sewer - Public","Conventional","Individuals"
"501","2502266","760-71-55-48-900-000","CLOSD","1828 Bloomfield RD","23225","Chesterfield","Single Family Residence","04/18/2025","$424,900","$450,000","5","Resale (occupied at least once)","1960","Crestwood Farms","","0.93","4","2.1","Public Water","Sewer - Public","Conventional","Individuals"
"501","2502019","W000-1992-028","CLOSD","4410 W Franklin ST","23221","Richmond City","Single Family Residence","04/18/2025","$699,000","$650,000","47","Resale (occupied at least once)","1957","Colonial Place","2,700","0.15","4","2.0","Public Water","Sewer - Public","Conventional","Individuals"
"501","2430892","743-68-07-36-800-000","CLOSD","4421 Stigall DR","23112","Chesterfield","Single Family Residence","04/18/2025","$339,000","$330,000","97","Resale (occupied at least once)","1964","Clifton Farms","1,485","0.45","3","2.0","Well","Septic - Conventional","Conventional","Individuals"
"501","2419821","825-719-7427","CLOSD","1811 Gatewood AVE","23075","Henrico","Single Family Residence","04/18/2025","$339,950","$339,950","211","New (never occupied)","2024","Shelton Park","1,600","0.39","3","2.1","Well","Septic - Conventional","Cash","Corporate"
"501","2419551","734682015000000","CLOSD","4219 Mill Manor DR","23112","Chesterfield","Single Family Residence","04/18/2025","$515,985","$622,323","97","New (never occupied)","2024","Old Hundred Mill","2,423","","4","2.1","Public Water","Sewer - Public","Conventional","Corporate"
"501","2406487","711-68-44-04-000-000","CLOSD","4519 Summer Camp CT","23120","Chesterfield","Single Family Residence","04/18/2025","$768,550","$870,763","0","New (never occupied)","2024","Summer Lake","3,121","0.40","4","3.1","Public Water","Sewer - Public","Conventional","Corporate"
"501","BRTVAGO2000346","NO TAX RECORD","CLOSD","2801 River RD","23102","Goochland","Single Family Residence","04/18/2025","$475,000","$465,000","41","Resale (occupied at least once)","1960","NONE AVAILABLE","2,115","4.00","4","2.0","Well","Sewer - Public, Septic","",""
"501","REIN10575149","8714421414","CLOSD","7296 Old Cold Harbor RD","23111","Hanover","Single Family Residence","04/18/2025","$316,000","$270,000","7","Resale (occupied at least once)","1993","ALL OTHERS AREA 146","1,298","0.37","4","3.0","Public Water","Public Sewer On Site","",""
"501","REIN10566034","19F 1 B 5","CLOSD","3075 Quinton Park TRL","23141","New Kent","Single Family Residence","04/18/2025","$348,500","$355,000","35","Resale (occupied at least once)","2004","QUINTON PARK","1,440","","3","2.0","Well","Septic","",""
"501","2505799","7796-68-7985","CLOSD","10105 Hollythorne LN","23116","Hanover","Single Family Residence","04/19/2025","$695,000","$700,000","9","Resale (occupied at least once)","2021","Taylor Farm","","0.21","5","2.1","Public Water","Sewer - Public","Conventional","Individuals"
"501","2506141","C0050307032","CLOSD","5519 Devonshire CT","23225","Richmond City","Single Family Residence","04/21/2025","$639,950","$677,000","9","Resale (occupied at least once)","2000","Westover Hills West","","0.33","3","2.0","Public Water","Sewer - Public","Cash","Individuals"
"501","2506873","730668540700000","CLOSD","7700 Northern Dancer CT","23112","Chesterfield","Single Family Residence","04/21/2025","$349,000","$390,000","12","Resale (occupied at least once)","1993","Deer Run","","0.34","3","2.1","Public Water","Sewer - Public","Conventional","Individuals"
"501","2508531","790-756-6715","CLOSD","8202 Colebrook RD","23227","Henrico","Single Family Residence","04/21/2025","$349,900","$366,000","5","Resale (occupied at least once)","1968","Wildwood","1,952","0.40","4","2.1","Public Water","Sewer - Public","Conventional","Individuals"
"501","BRTVAGO2000332","29-3-0-17-0","CLOSD","3785 Riddles Bridge RD","23063","Goochland","","04/21/2025","$229,900","$229,000","11","Resale (occupied at least once)","1997","NONE AVAILABLE","1,216","3.42","3","2.0","Well","Septic","",""
"501","2420878","7870-65-5468","CLOSD","244 Amburn LN","23005","Hanover","Townhouse","04/21/2025","$481,950","$502,495","0","New (never occupied)","2025","Amburn","2,545","","3","3.1","Public Water","Sewer - Public","Conventional","Corporate"
"501","2413946","118958","CLOSD","3924 New Kent HWY","23141","New Kent","Single Family Residence","04/21/2025","$549,990","$560,000","295","New (never occupied)","2024","None","2,244","2.95","4","3.0","Well","Septic - Conventional","VA New","Corporate"
"501","2503130","771-68-40-26-500-000","CLOSD","5913 Jessup Meadows DR","23234","Chesterfield","Single Family Residence","04/21/2025","$399,950","$390,000","7","Resale (occupied at least once)","2019","Jessup Meadows","2,114","0.46","3","2.1","Public Water","Sewer - Public","FHA New","Individuals"
"501","2506421","771-67-82-52-500-000","CLOSD","6141 Bowline LN","23234","Chesterfield","Townhouse","04/21/2025","$325,000","$331,500","4","Resale (occupied at least once)","2020","Watermark","1,536","0.05","3","2.1","Public Water","Sewer - Public","FHA New","Individuals"
"501","2503330","752-70-11-38-000-000","CLOSD","9332 Becar RD","23236","Chesterfield","Single Family Residence","04/21/2025","$350,000","$350,000","17","Resale (occupied at least once)","1973","Archway","2,238","0.37","5","3.0","Public Water","Sewer - Public","FHA New","Individuals"
"501","2418555","716712391100000","CLOSD","15937 Misty Blue ALY Unit#50-1","23113","Chesterfield","Townhouse","04/21/2025","$696,408","$696,408","0","New (never occupied)","2024","Edge at Westchester","2,852","","4","3.1","Public Water","Sewer - Public","Conventional","Corporate"
"501","2503761","29-3-0-17-0","CLOSD","3785 Riddles Bridge RD","23063","Goochland","Single Family Residence","04/21/2025","$229,900","$229,000","7","Resale (occupied at least once)","1997","None","1,216","3.42","3","2.0","Well","Septic - Conventional","FHA New","Individuals"
"501","2500272","781-756-5960.145","CLOSD","1510 Front Royal DR","23228","Henrico","Townhouse","04/21/2025","$219,000","$225,000","44","Resale (occupied at least once)","1977","Stonewall Manor","1,015","","2","1.1","Public Water","Sewer - Public","FHA New","Individuals"
"501","2502589","784-65-54-23-700-000","CLOSD","11418 Dunmore Mill CT","23831","Chesterfield","Townhouse","04/21/2025","$350,000","$350,000","46","Resale (occupied at least once)","2024","Iron Mill Section 1","1,644","0.07","3","2.1","Public Water","Sewer - Public","Conventional","Individuals"
"501","2412819","8725-41-6614","CLOSD","8219 Creekside Bluffs LN","23111","Hanover","Townhouse","04/21/2025","$329,000","$329,000","4","Resale (occupied at least once)","2013","Creekside Village","1,848","0.04","3","2.1","Public Water","Sewer - Public","Conventional","Individuals"
"501","2508026","742-698-13-34-00000","CLOSD","1025 Coralberry DR","23236","Chesterfield","Single Family Residence","04/21/2025","$409,777","$412,000","3","Resale (occupied at least once)","1988","Monacan Hills","","0.43","4","2.1","Public Water","Sewer - Public","Cash","Individuals"
"501","2502909","712672555200224","CLOSD","6655 Citory WAY Unit#205","23120","Chesterfield","Condominium","04/21/2025","$324,990","$324,990","29","New (never occupied)","2025","Greenwich Walk At Foxcreek","1,330","","2","2.0","Public Water","Sewer - Public","Conventional","Corporate"
"501","2503675","7796-49-8457","CLOSD","9997 Red Deer CT","23116","Hanover","Single Family Residence","04/21/2025","$450,000","$440,000","20","Resale (occupied at least once)","2000","Chickahominy Oaks","2,036","0.24","3","2.0","Public Water","Sewer - Public","Conventional","Other"
"501","2501926","794-64-68-26-700-000","CLOSD","3500 Thornsett DR","23831","Chesterfield","Single Family Residence","04/21/2025","$365,000","$365,000","36","Resale (occupied at least once)","2007","Thornsett","1,728","0.29","3","2.1","Public Water","Sewer - Public","FHA New","Individuals"
"501","2504444","S007-1377-008","CLOSD","1612 Columbia ST","23224","Richmond City","Single Family Residence","04/21/2025","$159,900","$135,000","27","Resale (occupied at least once)","1941","Bellemeade Addition","884","0.17","3","1.0","Public Water","Sewer - Public","Private","Corporate"
"501","2504399","S007-1377-005","CLOSD","1606 Columbia ST","23224","Richmond City","Single Family Residence","04/21/2025","$169,900","$165,000","25","Resale (occupied at least once)","1955","Bellemeade Addition","1,135","0.70","3","1.0","Public Water","Sewer - Public","Private","Corporate"
"501","2506196","053-91E","CLOSD","1208 Dorset RD","23139","Powhatan","Single Family Residence","04/21/2025","$475,000","$480,000","4","Resale (occupied at least once)","1977","None","1,444","10.50","3","1.1","Well","Septic - Conventional","VA New","Individuals"
"501","2507119","716-67-78-50-600-000","CLOSD","15107 Martin Glen TER","23112","Chesterfield","Single Family Residence","04/21/2025","$509,950","$515,000","6","Resale (occupied at least once)","1992","Martin Glen","2,398","0.21","4","2.1","Public Water","Sewer - Public","FHA New","Individuals"
"501","2506130","744-68-08-76-700-000","CLOSD","11041 Moravia RD","23112","Chesterfield","Single Family Residence","04/21/2025","$285,000","$293,000","2","Resale (occupied at least once)","1984","Clifton Farms","1,056","0.43","3","1.1","Public Water","Sewer - Public","Conventional","Individuals"
"501","2501608","E010-0134-001","CLOSD","5201 Euclid AVE","23231","Richmond City","Single Family Residence","04/21/2025","$280,000","$275,000","49","Resale (occupied at least once)","1958","Waverly Place","912","0.20","3","1.0","Public Water","Sewer - Public","Conventional","Individuals"
"501","2504281","W000-0728-053","CLOSD","1708 W Cary ST Unit#U12","23220","Richmond City","Condominium","04/21/2025","$415,000","$415,000","9","Resale (occupied at least once)","1940","None","1,151","0.03","2","1.1","Public Water","Sewer - Public","Cash","Individuals"
"501","2503994","E000-0069-052","CLOSD","301 Virginia ST Unit#907","23219","Richmond City","Condominium","04/21/2025","$267,500","$260,000","3","Resale (occupied at least once)","2007","Vistas On The James","890","","1","1.0","Public Water","Sewer - Public","Cash","Individuals"
"501","2508448","825-717-9133","CLOSD","105 Pickett AVE","23150","Henrico","Single Family Residence","04/21/2025","$299,950","$310,000","2","Resale (occupied at least once)","1959","Sandston","1,482","0.39","3","2.0","Public Water","Sewer - Public","Conventional","Individuals"
"501","2507963","C006-0426-032","CLOSD","624 Arizona DR","23224","Richmond City","Single Family Residence","04/21/2025","$299,990","$320,000","5","Resale (occupied at least once)","1965","Woodstock","1,378","0.38","3","1.1","Public Water","Sewer - Public","Conventional","Individuals"
"501","2507365","8724-89-1076","CLOSD","6184 Pond Grass RD","23111","Hanover","Single Family Residence","04/21/2025","$475,000","$475,000","5","Resale (occupied at least once)","2004","Pebble Creek","2,151","0.35","4","2.1","Public Water","Sewer - Public","Conventional","Individuals"
"501","2507115","W021-0305-004","CLOSD","507 Saint Christophers RD","23226","Richmond City","Single Family Residence","04/21/2025","$699,950","$800,000","0","Resale (occupied at least once)","1931","Westhampton Terrace","1,152","0.16","2","1.1","Public Water","Sewer - Public","Cash","Individuals"
"501","2506950","727-70-06-39-200-000","CLOSD","1207 Hawkins Wood CIR","23114","Chesterfield","Single Family Residence","04/21/2025","$588,200","$635,000","4","Resale (occupied at least once)","2000","The Grove","2,974","0.33","5","3.0","Public Water","Sewer - Public","Conventional","Individuals"
"501","2506790","030C-1-25","CLOSD","1825 Countrytown RD","23139","Powhatan","Single Family Residence","04/21/2025","$499,900","$515,000","6","Resale (occupied at least once)","1977","Countrytown","1,944","2.00","4","2.1","Well","Septic - Conventional","Conventional","Individuals"
"501","2506648","778-68-46-86-900-000","CLOSD","4812 Cogbill RD","23234","Chesterfield","Single Family Residence","04/21/2025","$259,500","$263,000","3","Resale (occupied at least once)","1948","Meadow Ridge","1,392","0.31","3","2.0","Public Water","Sewer - Public","Conventional","Individuals"
"501","2506556","772-69-23-75-500-000","CLOSD","5515 Belle Pond DR","23234","Chesterfield","Single Family Residence","04/21/2025","$285,000","$285,000","0","Resale (occupied at least once)","2009","Belle Spring Townes","1,452","0.04","3","2.1","Public Water","Sewer - Public","Conventional","Individuals"
"501","2506440","732-68-35-02-000-000","CLOSD","3907 Echo Ridge PL","23112","Chesterfield","Single Family Residence","04/21/2025","$364,950","$396,875","6","Resale (occupied at least once)","1984","Echo Ridge","1,766","0.24","3","2.1","Public Water","Sewer - Public","Conventional","Other"
"501","2506332","738-743-4043","CLOSD","1311 Careybrook DR","23238","Henrico","Single Family Residence","04/21/2025","$434,900","$440,000","3","Resale (occupied at least once)","1964","Tuckahoe Village","1,598","0.36","3","2.0","Public Water","Sewer - Public","Cash","Individuals"
"501","2505945","723-70-34-37-500-011","CLOSD","1220 Westwood Village LN Unit#403","23114","Chesterfield","Condominium","04/21/2025","$336,000","$330,000","5","Resale (occupied at least once)","2016","Westwood Village At Charter Colony","1,768","","2","2.0","Public Water","Sewer - Public","Conventional","Individuals"
"501","2505508","776-746-8414","CLOSD","2914 Irisdale AVE","23228","Henrico","Single Family Residence","04/21/2025","$250,000","$265,000","5","Resale (occupied at least once)","1945","West Hermitage Park","1,140","0.15","2","1.0","Public Water","Sewer - Public","FHA New","Individuals"
"501","2505476","E012-0224-009","CLOSD","2421 Whitcomb ST","23223","Richmond City","Single Family Residence","04/21/2025","$125,000","$115,000","17","Resale (occupied at least once)","1910","None","1,632","0.11","3","1.0","Public Water","Sewer - Public","Cash","Corporate"
"501","2504632","730-66-99-71-700-000","CLOSD","13618 Lucky Debonair LN","23112","Chesterfield","Single Family Residence","04/21/2025","$339,900","$334,000","3","Resale (occupied at least once)","1991","Deer Run","1,602","0.31","3","2.1","Public Water","Sewer - Public","Conventional","Individuals"
"501","2504154","776-747-4548","CLOSD","2909 OVERTON RD","23228","Henrico","Single Family Residence","04/21/2025","$299,500","$305,000","6","Resale (occupied at least once)","1968","Pinehurst Gardens","1,132","0.25","3","2.0","Public Water","Sewer - Public","Cash","Estate"
"501","2504106","753-70-13-43-000-000","CLOSD","907 Arch Hill PL","23236","Chesterfield","Single Family Residence","04/21/2025","$350,000","$350,000","4","Resale (occupied at least once)","1980","The Woods","1,607","0.20","3","2.1","Public Water","Septic - Engineered, Sewer - Public","Conventional","Corporate"
"501","2503612","8716-35-1458","CLOSD","9282 Blagdon DR","23116","Hanover","Single Family Residence","04/21/2025","$455,000","$455,000","3","Resale (occupied at least once)","1977","Avondale","2,401","0.52","4","2.1","Public Water","Septic - Conventional","Cash","Individuals"
"501","2503462","728-70-15-55-700-000","CLOSD","13624 Goswick LN","23114","Chesterfield","Single Family Residence","04/21/2025","$624,950","$590,000","2","Resale (occupied at least once)","1999","The Grove","3,008","0.34","4","2.1","Public Water","Community - Sewer/Septic","Conventional","Individuals"
"501","2503372","698-67-09-36-900-000","CLOSD","18178 Jones Run TRL","23120","Chesterfield","Single Family Residence","04/21/2025","$607,000","$607,000","32","Resale (occupied at least once)","2022","Magnolia Green","4,032","0.17","5","3.1","Public Water","Sewer - Public","Conventional","Individuals"
"501","2501919","C008-0825-064","CLOSD","3207 Mark RD","23234","Richmond City","Single Family Residence","04/21/2025","$250,000","$225,000","10","Resale (occupied at least once)","1988","Markham Forest","1,576","0.24","3","2.1","Public Water","Sewer - Public","Private","Individuals"
"501","2501614","781-772-9681","CLOSD","11054 Little Five LOOP","23059","Henrico","Single Family Residence","04/21/2025","$784,950","$735,000","58","Resale (occupied at least once)","2022","River Mill","3,048","0.18","5","3.1","Public Water","Sewer - Public","Conventional","Individuals"
"501","2501354","747-746-3559.091","CLOSD","1503 Regency Woods RD Unit#104","23238","Henrico","Condominium","04/21/2025","$259,900","$235,000","51","Resale (occupied at least once)","1976","Regency Woods Condominiums","1,364","0.03","3","2.0","Public Water","Sewer - Public","Conventional","Individuals"
"501","2432606","E000-0570-064","CLOSD","2905 P ST","23223","Richmond City","Single Family Residence","04/21/2025","$444,950","$445,000","35","New (never occupied)","2025","East Payne Square","1,830","0.04","3","2.1","Public Water","Sewer - Public","Cash","Corporate"
"501","2426081","58-54-8-1-0","CLOSD","7036 Bisque TER","23238","Goochland","Single Family Residence","04/21/2025","$925,000","$925,000","143","New (never occupied)","2023","Mosaic at West Creek","3,029","","4","3.1","Public Water","Sewer - Public","Conventional","Corporate"
"501","2413921","S0000007052","CLOSD","421 W 7th ST","23224","Richmond City","Townhouse","04/21/2025","$945,000","$949,069","298","New (never occupied)","2024","Manchester","3,068","","3","3.1","Public Water","Sewer - Public","Conventional","Corporate"
"501","BRTVAHA2000898","8716-35-1458","CLOSD","9282 Blagdon DR","23116","Hanover","Single Family Residence","04/21/2025","$455,000","$455,000","3","Resale (occupied at least once)","1977","NONE AVAILABLE","2,401","0.52","4","3.0","Public Water","","",""
"501","BRTVANK2000066","NO TAX RECORD","CLOSD","3924 New Kent HWY","23141","New Kent","Single Family Residence","04/21/2025","$549,990","$560,000","263","New (never occupied)","2024","NONE","2,244","2.95","4","3.0","Well","Septic","",""
"501","2430879","815-64-31-27-100-000","CLOSD","14757 Ramblewood DR","23836","Chesterfield","Single Family Residence","04/22/2025","$499,900","$491,000","54","Resale (occupied at least once)","1989","None","3,008","1.09","4","3.0","Public Water","Septic - Engineered","Conventional","Individuals"
"501","2506285","774-741-6284","CLOSD","2517 Tarry LN","23230","Henrico","Single Family Residence","04/22/2025","$339,000","$340,000","12","Resale (occupied at least once)","1987","Kildare","1,008","0.29","3","2.0","Public Water","Sewer - Public","VA New","Individuals"
"501","2504638","715660518200000","CLOSD","15337 Scranton DR","23832","Chesterfield","Single Family Residence","04/22/2025","$679,999","$679,999","23","New (never occupied)","2024","Harpers Mill","3,750","0.32","5","3.1","Public Water","Sewer - Public","Conventional","Corporate"
"501","2506074","756-769-9787","CLOSD","5189 Hart Mill DR","23060","Henrico","Single Family Residence","04/22/2025","$499,950","$535,000","6","Resale (occupied at least once)","1999","Springcreek","2,056","0.19","4","2.1","Public Water","Sewer - Public","FHA New","Individuals"
"501","2503769","759-70-36-15-600-000","CLOSD","8114 Providence Forest CT","23235","Chesterfield","Single Family Residence","04/22/2025","$345,000","$352,599","30","Resale (occupied at least once)","1985","Providence Forest","1,832","0.16","4","2.1","Public Water","Sewer - Public","Conventional","Corporate"
"501","2500033","775-767-5799","CLOSD","10808 Weigela CT","23060","Henrico","Single Family Residence","04/22/2025","$679,990","$679,990","82","New (never occupied)","2024","Greenhouse","2,438","0.17","4","3.0","Public Water","Sewer - Public","Conventional","Corporate"
"501","2432205","S000-0767-005","CLOSD","2406 Halifax AVE","23224","Richmond City","Single Family Residence","04/22/2025","$180,000","$180,000","68","Resale (occupied at least once)","1925","Mason Park","920","0.11","2","1.0","Public Water","Sewer - Public","Conventional","Individuals"
"501","2503300","783-67-79-18-200-000","CLOSD","4007 Clodfelter DR","23237","Chesterfield","Single Family Residence","04/22/2025","$369,500","$368,500","29","Resale (occupied at least once)","1966","North Beulah Village","1,932","0.33","3","2.0","Public Water","Sewer - Public","FHA New","Individuals"
"501","2507195","786-67-19-14-300-000","CLOSD","8718 Firethorne LN","23237","Chesterfield","Single Family Residence","04/22/2025","$266,500","$255,000","4","Resale (occupied at least once)","1987","Kingsland Acres","1,056","0.26","3","1.1","Public Water","Sewer - Public","FHA New","Individuals"
"501","2506534","782-68-15-47-500-500","CLOSD","6431 Brookshire DR","23234","Chesterfield","Single Family Residence","04/22/2025","$310,000","$302,500","5","Resale (occupied at least once)","1973","Ravensdale","","0.30","3","1.1","Public Water","Sewer - Public","Conventional","Individuals"
"501","2505344","790-65-49-94-100-000","CLOSD","3920 Gill ST","23831","Chesterfield","Single Family Residence","04/22/2025","$330,000","$337,500","8","Resale (occupied at least once)","2005","Chester","1,412","0.47","3","2.1","Public Water","Septic - Conventional","FHA New","Individuals"
"501","2427953","722-67-00-30-900-082","CLOSD","14412 Hancock Towns DR","23832","Chesterfield","Condominium","04/22/2025","$347,000","$337,000","124","Resale (occupied at least once)","2022","Hancock Village","1,543","","2","2.1","Public Water","Sewer - Public","FHA New","Individuals"
"501","2506595","759-752-1600","CLOSD","2803 Lawland DR","23294","Henrico","Single Family Residence","04/22/2025","$270,000","$275,000","3","Resale (occupied at least once)","1965","Mark Lawn","1,104","0.27","3","1.0","Public Water","Sewer - Public","Conventional","Individuals"
"501","2504663","736-759-5329.011","CLOSD","3015 Anglican PL","23233","Henrico","Condominium","04/22/2025","$524,500","$485,000","29","Resale (occupied at least once)","1991","English Oaks At Wellesley","2,240","5.43","3","3.0","Public Water","Sewer - Public","Conventional","Individuals"
"501","2501870","N000-0242-004","CLOSD","515 Catherine ST","23220","Richmond City","Single Family Residence","04/22/2025","$349,945","$335,000","10","Resale (occupied at least once)","1990","None","1,363","0.08","3","1.1","Public Water","Sewer - Public","Other","Corporate"
"501","2507090","754-754-4486","CLOSD","2867 Queensland DR","23294","Henrico","Townhouse","04/22/2025","$344,999","$345,000","3","Resale (occupied at least once)","1997","Pemberton Oaks Townhouses","1,992","0.04","2","3.1","Public Water","Sewer - Public","Conventional","Individuals"
"501","2501858","N000-0242-005","CLOSD","513 Catherine ST","23220","Richmond City","Single Family Residence","04/22/2025","$420,000","$405,000","10","Resale (occupied at least once)","1990","None","1,367","0.06","4","4.0","Public Water","Sewer - Public","Other","Corporate"
"501","2503905","737-67-33-67-600-000","CLOSD","12418 Cameron Bridge PL","23112","Chesterfield","Single Family Residence","04/22/2025","$429,000","$412,000","32","Resale (occupied at least once)","2003","Cameron Bay","2,158","0.22","5","2.1","Public Water","Sewer - Public","VA New","Individuals"
"501","2507726","741-66-60-62-300-000","CLOSD","9450 Springhouse DR","23832","Chesterfield","Single Family Residence","04/22/2025","$550,000","$550,000","5","Resale (occupied at least once)","1990","Reedy Mill","2,700","0.94","4","2.1","Well","Septic - Conventional","Conventional","Individuals"
"501","2506476","801-708-3368","CLOSD","1209 Sydnor RD","23231","Henrico","Single Family Residence","04/22/2025","$274,900","$275,000","4","Resale (occupied at least once)","1913","Acreage","2,014","0.17","4","1.1","Public Water","Sewer - Public","Conventional","Individuals"
"501","2508302","715-66-40-01-600-000","CLOSD","8618 Corsica DR","23832","Chesterfield","Single Family Residence","04/22/2025","$617,000","$600,490","9","Resale (occupied at least once)","2017","Harpers Mill","3,245","0.34","5","3.0","Public Water","Sewer - Public","Conventional","Individuals"
"501","2508080","039-50N","CLOSD","1552 Palmore RD","23139","Powhatan","Single Family Residence","04/22/2025","$649,950","$649,950","5","New (never occupied)","2024","None","2,503","2.31","4","3.1","Well","Septic - Conventional","Cash","Individuals"
"501","2507780","8705-92-0206","CLOSD","8129 Shady Grove RD","23111","Hanover","Single Family Residence","04/22/2025","$285,000","$290,000","4","Resale (occupied at least once)","1954","None","1,116","0.49","2","1.0","Public Water","Septic - Conventional","Conventional","Individuals"
"501","2507738","C004-0423-004","CLOSD","6926 South DR","23225","Richmond City","Single Family Residence","04/22/2025","$383,000","$387,000","3","Resale (occupied at least once)","1951","Stratford Hills","1,443","0.34","4","1.1","Public Water","Sewer - Public","Conventional","Individuals"
"501","2507482","768-760-9151.212","CLOSD","9353 Kempton Manor CT Unit#1808","23060","Henrico","Condominium","04/22/2025","$230,000","$237,000","1","Resale (occupied at least once)","1990","Laurel Lakes Condo","1,065","","2","2.0","Public Water","Community - Sewer/Septic","Cash","Individuals"
"501","2507138","727-70-31-93-500-039","CLOSD","621 Fern Meadow LOOP Unit#303","23114","Chesterfield","Condominium","04/22/2025","$219,500","$235,000","5","Resale (occupied at least once)","2005","Bristol Village @ Charter Colony","1,014","","1","1.0","Public Water","Sewer - Public","Other","Individuals"
"501","2506858","760-69-61-09-200-000","CLOSD","2200 Lake Surrey DR","23235","Chesterfield","Single Family Residence","04/22/2025","$450,000","$480,000","6","Resale (occupied at least once)","1973","Surreywood","2,466","0.45","4","2.1","Public Water","Sewer - Public","Conventional","Individuals"
"501","2506835","8705-37-7580","CLOSD","8320 Holly Ridge RD","23116","Hanover","Single Family Residence","04/22/2025","$400,000","$405,000","1","Resale (occupied at least once)","1970","Holly Ridge","1,608","0.70","3","2.0","Public Water","Sewer - Public","FHA New","Individuals"
"501","2506619","755683768000000","CLOSD","4906 Land Grant DR","23236","Chesterfield","Single Family Residence","04/22/2025","$359,000","$369,000","5","Resale (occupied at least once)","1998","Fernbrook","","","4","2.1","Public Water","Sewer - Public","VA New","Individuals"
"501","2506582","719-71-82-64-900-000","CLOSD","14325 Lander RD","23113","Chesterfield","Single Family Residence","04/22/2025","$1,300,000","$1,289,887","3","Resale (occupied at least once)","2002","Rosemont","5,072","0.85","5","4.1","Public Water","Sewer - Public","Cash","Individuals"
"501","2506489","735-750-3980","CLOSD","2104 Stonehollow RD","23238","Henrico","Single Family Residence","04/22/2025","$524,000","$540,000","4","Resale (occupied at least once)","1988","Stonequarter","2,216","0.24","4","2.1","Public Water","Sewer - Public","Conventional","Individuals"
"501","2506358","S000-0698-001","CLOSD","227 W 26th ST","23225","Richmond City","Single Family Residence","04/22/2025","$275,000","$275,000","4","Resale (occupied at least once)","1930","Swansboro","1,920","0.06","3","1.0","Public Water","Sewer - Public","Conventional","Individuals"
"501","2506239","710-66-64-98-000-000","CLOSD","7851 Hampton Green DR","23832","Chesterfield","Single Family Residence","04/22/2025","$515,000","$530,000","4","Resale (occupied at least once)","2003","Hampton Park","2,499","0.23","4","2.0","Public Water","Sewer - Public","Cash","Individuals"
"501","2506037","824-692-2504","CLOSD","6945 Sir Galahad RD","23231","Henrico","Single Family Residence","04/22/2025","$525,000","$517,000","11","Resale (occupied at least once)","2021","Castleton","2,552","0.28","4","3.0","Public Water","Sewer - Public","VA New","Individuals"
"501","2505993","751-752-6082","CLOSD","2207 Sommie LN","23229","Henrico","Single Family Residence","04/22/2025","$379,950","$406,000","6","Resale (occupied at least once)","1959","Roxbury","1,508","0.25","3","2.0","Public Water","Sewer - Public","Cash","Estate"
"501","2505991","779-744-3818","CLOSD","2424 Buckingham AVE","23228","Henrico","Single Family Residence","04/22/2025","$350,000","$425,000","7","Resale (occupied at least once)","1948","Bryan Parkway","1,932","0.19","3","1.1","Public Water","Sewer - Public","Conventional","Individuals"
"501","2505949","C003-0257-012","CLOSD","2200 Stratford RD","23225","Richmond City","Single Family Residence","04/22/2025","$429,950","$429,050","14","Resale (occupied at least once)","1966","Stratford Hills Addition","1,622","0.32","4","2.0","Public Water","Sewer - Public","Conventional","Partnership"
"501","2505889","731-69-63-94-100-000","CLOSD","1360 Braisden RD","23114","Chesterfield","Single Family Residence","04/22/2025","$595,000","$621,000","3","Resale (occupied at least once)","2016","Queensbluff","3,263","0.36","4","3.1","Public Water","Sewer - Public","Conventional","Individuals"
"501","2505848","W019-0182-010","CLOSD","4900 Park AVE","23226","Richmond City","Single Family Residence","04/22/2025","$925,000","$925,000","7","Resale (occupied at least once)","1949","Patterson Place","2,518","0.22","5","3.0","Public Water","Sewer - Public","Conventional","Individuals"
"501","2505821","W000-1080-022","CLOSD","2410 Floyd AVE","23220","Richmond City","Single Family Residence","04/22/2025","$725,000","$768,500","8","Resale (occupied at least once)","1910","None","1,748","0.07","3","2.0","Public Water","Sewer - Public","Conventional","Individuals"
"501","2505388","773-66-22-40-300-000","CLOSD","9901 Husting CT","23832","Chesterfield","Single Family Residence","04/22/2025","$269,950","$271,500","26","Resale (occupied at least once)","1981","Courthouse Green South","1,640","0.26","4","2.0","Public Water","Sewer - Public","Conventional","Individuals"
"501","2504988","735-67-51-49-000-036","CLOSD","5414 Creek Heights DR Unit#5414","23112","Chesterfield","Condominium","04/22/2025","$395,000","$395,000","10","Resale (occupied at least once)","2013","Terraces At Swift Creek","2,152","","3","2.1","Public Water","Sewer - Public","Conventional","Individuals"
"501","2504579","7797-41-2563","CLOSD","10055 Berry Pond LN","23116","Hanover","Townhouse","04/22/2025","$635,000","$625,000","18","Resale (occupied at least once)","2019","Atlee Station Village","","0.13","4","3.0","Public Water","Sewer - Public","Cash","Individuals"
"501","2504461","726-67-41-12-100-000","CLOSD","13900 N Point RD","23112","Chesterfield","Single Family Residence","04/22/2025","$535,000","$510,000","25","Resale (occupied at least once)","1984","North Point","3,428","0.54","5","3.1","Public Water","Sewer - Public","Conventional","Individuals"
"501","2504400","36   8     1","CLOSD","15270 George Warren Franklin PKY","23089","New Kent","Single Family Residence","04/22/2025","$725,000","$725,000","3","Resale (occupied at least once)","2022","None","3,408","4.56","4","3.0","Well","Septic - Conventional","Conventional","Individuals"
"501","2503978","TBD","CLOSD","13293 Garland LN","23114","Chesterfield","Condominium","04/22/2025","$396,090","$396,090","9","New (never occupied)","2024","Coalfield Station","1,623","","2","2.0","Public Water","Sewer - Public","Conventional","Corporate"
"501","2503263","814-714-6468","CLOSD","4914 Wall AVE","23231","Henrico","Single Family Residence","04/22/2025","$334,950","$340,000","8","Resale (occupied at least once)","1937","Larchmont","1,664","0.59","3","2.0","Public Water","Sewer - Public","Conventional","Individuals"
"501","2502800","8755-15-9956","CLOSD","3394 Wood Valley RD","23111","Hanover","Single Family Residence","04/22/2025","$1,295,000","$1,250,000","43","Resale (occupied at least once)","1998","Idylwild","4,908","10.20","5","3.1","Well","Septic - Conventional","Cash","Individuals"
"501","2502742","734-748-5590","CLOSD","1937 Airy CIR","23238","Henrico","Townhouse","04/22/2025","$270,000","$270,000","14","Resale (occupied at least once)","1984","Knollingwood","","0.04","2","1.1","Public Water","Sewer - Public","Conventional","Individuals"
"501","2502526","018-12C","CLOSD","3131 Lees Landing RD","23139","Powhatan","Single Family Residence","04/22/2025","$259,900","$265,000","6","Resale (occupied at least once)","1997","None","1,319","1.44","3","2.0","Well","Septic - Conventional","Conventional","Other"
"501","2501752","S007-1326-009","CLOSD","1503 Columbia ST","23224","Richmond City","Single Family Residence","04/22/2025","$165,000","$145,000","30","Resale (occupied at least once)","1946","Bellemeade Addition","923","0.17","2","1.0","Public Water","Sewer - Public","Cash","Individuals"
"501","2501034","771-762-3631","CLOSD","2716 Terry DR","23228","Henrico","Single Family Residence","04/22/2025","$399,000","$380,000","20","Resale (occupied at least once)","1967","Terry Heights","1,532","0.25","4","2.0","Public Water","Sewer - Public","Conventional","Individuals"
"501","2410753","Not Yet Assigned","CLOSD","3901 Maze Runner DR","23112","Chesterfield","Condominium","04/22/2025","$377,565","$377,455","22","New (never occupied)","2024","Wescott","1,976","","3","2.1","Public Water","Sewer - Public","Conventional","Corporate"
"501","2406341","TBD","CLOSD","XXX Mayland Ridge LN","23120","Chesterfield","Condominium","04/22/2025","$506,390","$520,392","0","New (never occupied)","2024","The Villas at Swift Creek","1,893","","2","2.0","Public Water","Sewer - Public","Cash","Corporate"
"501","REIN10579729","713-68-77-34-600-000","CLOSD","3618 Knighton CIR","23112","Chesterfield","Single Family Residence","04/22/2025","$565,000","$565,000","0","Resale (occupied at least once)","2020","ALL OTHERS VA AREA 51","3,533","","5","4.0","Public Water","Public Sewer On Site","",""
"501","BRTVAHA2000950","8705-92-0206","CLOSD","8129 Shady Grove RD","23111","Hanover","Single Family Residence","04/22/2025","$285,000","$290,000","5","Resale (occupied at least once)","1954","NONE","1,116","0.49","2","1.0","Public Water","Septic","",""
"501","2502131","7186626595","CLOSD","15525 Greenhart DR","23832","Chesterfield","Single Family Residence","04/23/2025","$591,930","$591,930","24","New (never occupied)","2025","Harpers Mill","2,929","0.30","5","3.1","Public Water","Sewer - Public","Conventional","Other"
"501","2504622","789-66-39-82-500-000","CLOSD","3606 Ethens Point LN","23831","Chesterfield","Single Family Residence","04/23/2025","$425,000","$420,000","12","Resale (occupied at least once)","2014","Brooks Chapel","2,124","0.33","3","2.2","Public Water","Community - Sewer/Septic","FHA New","Individuals"
"501","2431988","717-66-00-56-700-000","CLOSD","9054 Hereford CT","23832","Chesterfield","Single Family Residence","04/23/2025","$679,500","$686,000","89","New (never occupied)","2024","Harpers Mill","3,580","0.30","5","4.1","Public Water","Sewer - Public","Conventional","Other"
"501","2505134","731-65-70-17-300-000","CLOSD","10801 Brandy Oaks BLVD","23832","Chesterfield","Single Family Residence","04/23/2025","$510,000","$520,410","19","Resale (occupied at least once)","2003","Brandy Oaks","3,563","1.08","4","2.1","Public Water","Septic - Conventional","Other","Individuals"
"501","2507399","C005-0861-012","CLOSD","318 Erich RD","23225","Richmond City","Single Family Residence","04/23/2025","$325,000","$320,000","6","Resale (occupied at least once)","1968","Westover South","1,588","0.24","3","2.0","Public Water","Sewer - Public","Conventional","Individuals"
"501","2403373","6726-95-6253","CLOSD","Lot 6 Rock Castle RD","23063","Goochland","Single Family Residence","04/23/2025","$679,950","$825,541","2","Resale (occupied at least once)","2024","None","3,718","6.72","5","3.1","Well","Septic - Conventional","Conventional","Corporate"
"501","2410764","Not Yet Assigned","CLOSD","3917 Maze Runner DR","23112","Chesterfield","Condominium","04/23/2025","$273,350","$273,350","65","New (never occupied)","2024","Wescott","1,116","","1","1.1","Public Water","Sewer - Public","Conventional","Corporate"
"501","2506511","788-60-80-29-900-000","CLOSD","4802 River RD","23803","Chesterfield","Single Family Residence","04/23/2025","$245,900","$248,865","7","Resale (occupied at least once)","1965","Perdue Property","1,101","0.23","3","1.1","Public Water","Septic - Conventional","FHA New","Other"
"501","2505435","21E  1 A  48","CLOSD","5990 Quinton Estates DR","23141","New Kent","Single Family Residence","04/23/2025","$345,000","$345,000","19","Resale (occupied at least once)","2001","Quinton Estates","1,400","2.44","3","2.0","Public Water","Septic - Conventional","VA New","Individuals"
"501","2505141","764-756-2095.181","CLOSD","8416 Oconnor CT Unit#1","23228","Henrico","Condominium","04/23/2025","$195,000","$195,000","4","Resale (occupied at least once)","1985","Shannon Green Condo","848","0.01","2","2.0","Public Water","Sewer - Public","Cash","Individuals"
"501","2506175","743-753-8464","CLOSD","10205 Spinning Wheel WAY","23233","Henrico","Single Family Residence","04/23/2025","$485,000","$500,000","4","Resale (occupied at least once)","1982","Stonegate","1,786","0.26","3","2.0","Public Water","Sewer - Public","Conventional","Individuals"
"501","2506907","785-752-1430","CLOSD","7405 Seminary AVE","23227","Henrico","Single Family Residence","04/23/2025","$349,950","$367,000","6","Resale (occupied at least once)","1990","Lakeside Terrace","1,268","0.18","3","2.0","Public Water","Sewer - Public","Conventional","Individuals"
"501","2506905","C007-0261-107","CLOSD","5701 Jasonwood CT","23225","Richmond City","Single Family Residence","04/23/2025","$339,900","$339,900","5","Resale (occupied at least once)","2000","Swanson Woods","1,872","0.22","3","2.1","Public Water","Sewer - Public","Conventional","Partnership"
"501","2505389","748-775-8070","CLOSD","4909 Hickory Meadows CT","23059","Henrico","Single Family Residence","04/23/2025","$824,500","$807,500","11","Resale (occupied at least once)","2013","Stable Hill","3,537","0.28","4","3.1","Public Water","Sewer - Public","Conventional","Individuals"
"501","2507412","719-66-78-73-800-000","CLOSD","7937 Halyard TER","23832","Chesterfield","Single Family Residence","04/23/2025","$359,900","$365,000","6","Resale (occupied at least once)","1990","Ashbrook","1,656","0.14","3","2.0","Public Water","Sewer - Public","Conventional","Corporate, Individuals"
"501","2501971","N000-0062-076","CLOSD","516 N 2nd ST Unit#U3D","23219","Richmond City","Condominium","04/23/2025","$125,000","$125,000","21","Resale (occupied at least once)","1898","Carver","428","0.01","1","1.0","Public Water","Sewer - Public","Cash","Individuals"
"501","2508732","S006-0392-021","CLOSD","919 Hill Top DR","23225","Richmond City","Single Family Residence","04/23/2025","$299,000","$323,500","4","Resale (occupied at least once)","1947","Forest View Heights","1,230","0.13","3","2.0","Public Water","Sewer - Public","Cash","Individuals"
"501","2508025","W000-1777-004","CLOSD","3909 Kensington AVE","23221","Richmond City","Single Family Residence","04/23/2025","$699,500","$795,000","8","Resale (occupied at least once)","1938","Colonial Place","3,068","0.20","3","2.0","Public Water","Sewer - Public","Conventional","Individuals"
"501","2507086","7870-62-1169","CLOSD","205 Henry Clay RD","23005","Hanover","Single Family Residence","04/23/2025","$274,900","$280,000","17","Resale (occupied at least once)","1909","None","3,229","0.48","4","4.0","Public Water","Sewer - Public","Cash","Corporate"
"501","2507028","N000-1037-006","CLOSD","3300 Hanes AVE","23222","Richmond City","Single Family Residence","04/23/2025","$540,000","$550,000","6","Resale (occupied at least once)","1920","North Richmond Terrace","2,793","0.13","4","3.1","Public Water","Sewer - Public","Conventional","Individuals"
"501","2506925","767-738-6732","CLOSD","6210 Jeffrey RD","23226","Henrico","Single Family Residence","04/23/2025","$485,000","$565,000","3","Resale (occupied at least once)","1947","Westview Manor","1,490","0.21","3","1.1","Public Water","Sewer - Public","Conventional","Individuals"
"501","2506829","715-66-48-99-400-000","CLOSD","15507 Crowden RD","23832","Chesterfield","Single Family Residence","04/23/2025","$609,000","$616,000","5","Resale (occupied at least once)","2021","Harpers Mill","3,292","0.34","4","3.1","Public Water","Sewer - Public","Conventional","Individuals"
"501","2506761","C001-0596-010","CLOSD","8705 Waxford RD","23235","Richmond City","Single Family Residence","04/23/2025","$530,000","$600,000","3","Resale (occupied at least once)","1954","Nottingham","2,215","0.63","4","2.1","Public Water","Sewer - Public","Cash","Individuals"
"501","2506704","E000-2813-007","CLOSD","1521 Carlisle AVE","23231","Richmond City","Single Family Residence","04/23/2025","$314,950","$330,000","6","Resale (occupied at least once)","1920","Fulton Manor","1,572","0.14","4","1.1","Public Water","Sewer - Public","Conventional","Individuals"
"501","2506642","S000-2933-026","CLOSD","1215 Taylor AVE","23225","Richmond City","Single Family Residence","04/23/2025","$519,000","$611,300","9","Resale (occupied at least once)","1922","Forest Hill Terrace","1,592","0.21","3","3.0","Public Water","Sewer - Public","Cash","Individuals"
"501","2506589","W000-1283-025","CLOSD","2916 Ellwood AVE","23221","Richmond City","Townhouse","04/23/2025","$599,000","$599,000","9","Resale (occupied at least once)","1913","None","1,748","0.05","3","2.0","Public Water","Sewer - Public","Conventional","Individuals"
"501","2506572","783-68-00-50-700-000","CLOSD","4008 Beulah RD","23237","Chesterfield","Single Family Residence","04/23/2025","$280,000","$275,000","11","Resale (occupied at least once)","1972","Ravensdale","1,520","0.27","3","1.1","Public Water","Sewer - Public","Conventional","Individuals"
"501","2506359","C008-0804-008","CLOSD","6417 Shadybrook LN","23224","Richmond City","Single Family Residence","04/23/2025","$315,000","$315,000","4","Resale (occupied at least once)","2018","Elkhardt Home Sites","1,572","0.90","3","2.1","Public Water","Sewer - Public","Conventional","Individuals"
"501","2506257","727-67-01-35-900-000","CLOSD","7112 Branched Antler CIR","23112","Chesterfield","Single Family Residence","04/23/2025","$365,000","$400,000","4","Resale (occupied at least once)","1989","Deer Run","1,746","0.34","3","2.1","Public Water","Sewer - Public","Conventional","Individuals"
"501","2506026","718-68-26-91-600-000","CLOSD","4807 Hidden Falls CT","23120","Chesterfield","Single Family Residence","04/23/2025","$694,500","$700,000","12","Resale (occupied at least once)","2018","The Landing At Swift Creek","3,114","0.61","5","4.0","Public Water","Sewer - Public","Conventional","Individuals"
"501","2506001","710-69-96-20-400-000","CLOSD","16212 Saville Chase LN","23112","Chesterfield","Single Family Residence","04/23/2025","$1,179,000","$1,150,000","13","Resale (occupied at least once)","2015","Hallsley","3,879","0.44","4","3.1","Public Water","Sewer - Public","Cash","Individuals"
"501","2505932","N000-2043-005","CLOSD","1215 Claremont AVE","23227","Richmond City","Single Family Residence","04/23/2025","$389,950","$400,000","3","Resale (occupied at least once)","1928","Brookdale","1,041","0.12","3","1.0","Public Water","Sewer - Public","Conventional","Individuals"
"501","2505631","S006-0442-014","CLOSD","900 Hill Top DR","23225","Richmond City","Single Family Residence","04/23/2025","$215,000","$222,110","9","Resale (occupied at least once)","1950","None","837","0.13","2","1.0","Public Water","Sewer - Public","Conventional","Individuals"
"501","2505486","741-768-5952","CLOSD","5216 Harvest Glen DR","23059","Henrico","Single Family Residence","04/23/2025","$875,000","$1,000,000","3","Resale (occupied at least once)","2001","Harvest Glen At Twin Hickory","4,201","0.32","5","4.1","Public Water","Sewer - Public","Conventional","Individuals"
"501","2505372","767-69-03-56-100-000","CLOSD","3901 Old Creek RD","23832","Chesterfield","Single Family Residence","04/23/2025","$225,000","$215,000","2","Resale (occupied at least once)","1982","Old Creek West","1,400","0.21","3","1.1","Public Water","Sewer - Public","Cash","Individuals"
"501","2505283","768-65-14-45-500-000","CLOSD","11107 Sterling Cove DR","23838","Chesterfield","Single Family Residence","04/23/2025","$689,000","$689,000","4","Resale (occupied at least once)","2002","The Highlands","4,344","1.00","5","3.1","Public Water","Septic - Conventional","Conventional","Individuals"
"501","2504985","W020-0193-001","CLOSD","5000 Cary Street RD","23226","Richmond City","Single Family Residence","04/23/2025","$1,376,000","$1,325,000","14","Resale (occupied at least once)","1924","Stonewall Court","3,035","0.35","3","2.1","Public Water","Sewer - Public","Conventional","Individuals"
"501","2504721","7798-81-5332","CLOSD","9072 Edgewater CIR","23116","Hanover","Single Family Residence","04/23/2025","$424,995","$420,000","16","Resale (occupied at least once)","1966","Forest Lake Hills","1,736","0.92","3","2.1","Well","Septic - Conventional","Conventional","Corporate"
"501","2503899","719-71-97-41-600-000","CLOSD","16000 Pine Vale PL","23113","Chesterfield","Single Family Residence","04/23/2025","$950,000","$940,000","20","Resale (occupied at least once)","2006","Founders Bridge","4,294","0.63","5","4.1","Public Water","Sewer - Public","Conventional","Individuals"
"501","2503711","C005-0863-026","CLOSD","5601 Larrymore RD","23225","Richmond City","Single Family Residence","04/23/2025","$289,900","$275,000","12","Resale (occupied at least once)","1966","Westover South","1,581","0.28","4","1.1","Public Water","Sewer - Public","Conventional","Estate"
"501","2431061","S000-0420-008","CLOSD","2100 Old Manchester ST","23225","Richmond City","Townhouse","04/23/2025","$430,000","$425,000","90","Resale (occupied at least once)","2022","Belle Heights","1,960","0.05","3","2.2","Public Water","Sewer - Public","VA New","Individuals"
"501","BRTVACF2001124","NO TAX RECORD","CLOSD"," 15525 Greenhart Dr","23832","Chesterfield","Single Family Residence","04/23/2025","$591,930","$591,930","0","New (never occupied)","2025","CHESTERFIELD","3,629","0.00","5","4.0","Other","Other - See Remarks","",""
"501","BRTVAHN2000848","757-741-2375","CLOSD","1117 Beverly DR","23229","Henrico","Single Family Residence","04/23/2025","$390,000","$500,000","21","Resale (occupied at least once)","1950","BEVERLY HILLS","2,076","0.36","4","2.0","Public Water","Public Sewer On Site","",""
"501","BRTVACF2001034","719719741600000","CLOSD","16000 Pine Vale PL","23113","Chesterfield","Single Family Residence","04/23/2025","$950,000","$940,000","19","Resale (occupied at least once)","2006","FOUNDERS BRIDGE","4,294","0.63","5","5.0","Public Water","Public Sewer On Site","",""
"501","BRTVARC2000630","C0050934048","CLOSD","513 Faye ST","23225","Richmond City","Single Family Residence","04/24/2025","$334,900","$335,000","5","Resale (occupied at least once)","1971","NONE AVAILABLE","1,579","0.21","3","2.0","Public Water","Public Sewer On Site","",""
"501","2506471","776-67-18-97-800-000","CLOSD","5813 Reedy Springs DR","23237","Chesterfield","Single Family Residence","04/24/2025","$535,000","$540,000","2","Resale (occupied at least once)","2020","Reedy Springs","2,574","0.50","4","3.0","Public Water","Sewer - Public","FHA New","Individuals"
"501","2431865","748-764-7493","CLOSD","4404 Dominion Forest CIR","23060","Henrico","Townhouse","04/24/2025","$583,565","$568,565","70","New (never occupied)","2025","Innsbrook Dominion Residences","2,151","","3","3.2","Public Water","Sewer - Public","Conventional","Corporate"
"501","2506719","732-68-46-03-000-000","CLOSD","3806 Mill Meadow DR","23112","Chesterfield","Single Family Residence","04/24/2025","$484,950","$484,950","10","Resale (occupied at least once)","2003","Old Hundred Mill","2,416","0.29","4","2.1","Public Water","Sewer - Public","Conventional","Individuals"
"501","2500839","C008-0297-032","CLOSD","5316 Germain RD","23224","Richmond City","Single Family Residence","04/24/2025","$234,999","$216,352","87","Resale (occupied at least once)","1966","Lancedale","1,053","0.28","3","1.1","Public Water","Sewer - Public","Conventional","Individuals"
"501","2505492","C007-0134-008","CLOSD","613 Holdcroft DR","23225","Richmond City","Single Family Residence","04/24/2025","$265,000","$270,000","2","Resale (occupied at least once)","1969","Warwick Acres","1,036","0.38","3","1.1","Public Water","Sewer - Public","Conventional","Corporate"
"501","2430229","716712450900000","CLOSD","15913 Misty Blue ALY","23113","Chesterfield","Townhouse","04/24/2025","$445,320","$445,320","0","New (never occupied)","2024","Edge at Westchester","2,050","","3","3.1","Public Water","Sewer - Public","Conventional","Corporate"
"501","2408962","Not Yet Assigned","CLOSD","3909 Maze Runner DR","23112","Chesterfield","Condominium","04/24/2025","$325,055","$325,305","0","New (never occupied)","2024","Wescott","1,287","","2","2.0","Public Water","Sewer - Public","Conventional","Corporate"
"501","2507483","808-716-2132","CLOSD","4604 Craddock AVE","23231","Henrico","Single Family Residence","04/24/2025","$238,500","$243,625","6","Resale (occupied at least once)","1980","Easthaven Village","960","0.18","3","1.0","Public Water","Sewer - Public","Conventional","Individuals"
"501","2504233","773-68-34-46-400-000","CLOSD","5831 Ironhorse RD","23234","Chesterfield","Single Family Residence","04/24/2025","$399,900","$406,000","4","Resale (occupied at least once)","2003","Meadowbrook Farm","2,194","0.21","4","3.0","Public Water","Sewer - Public","VA New","Individuals"
"501","2425532","822-689-7291","CLOSD","3001 Ruddy Duck CT","23231","Henrico","Single Family Residence","04/24/2025","$394,900","$405,000","74","Resale (occupied at least once)","2006","Four Mile Run","2,176","0.33","4","2.1","Public Water","Sewer - Public","USDA","Individuals"
"501","2502084","TBD","CLOSD","1016 Bowe ST Unit#A","23220","Richmond City","Condominium","04/24/2025","$399,840","$394,840","72","New (never occupied)","2024","Carver Square","1,573","","2","2.1","Public Water","Sewer - Public","Cash","Corporate"
"501","2507043","823-726-9696","CLOSD","501 Wales DR","23075","Henrico","Single Family Residence","04/24/2025","$259,950","$259,950","4","Resale (occupied at least once)","1957","Meadowview","1,404","0.21","3","1.0","Public Water","Sewer - Public","VA New","Partnership"
"501","2507446","720-67-33-06-900-011","CLOSD","14700 Boyces Cove DR","23112","Chesterfield","Condominium","04/24/2025","$360,000","$375,000","5","Resale (occupied at least once)","1988","Boyces Cove","1,675","","3","3.0","Public Water","Sewer - Public","Conventional","Individuals"
"501","2502452","838-683-7693","CLOSD","8397 Bradbury RD","23231","Henrico","Single Family Residence","04/24/2025","$374,950","$359,950","10","Resale (occupied at least once)","1966","None","1,690","5.60","4","2.0","Well","Septic - Conventional","Conventional","Individuals"
"501","2507366","782-67-00-53-300-000","CLOSD","4313 Green Cedar LN","23237","Chesterfield","Single Family Residence","04/24/2025","$375,000","$375,000","7","Resale (occupied at least once)","1983","Treemont","1,686","0.43","3","2.0","Public Water","Sewer - Public","Conventional","Partnership"
"501","2504558","N000-1380-003","CLOSD","914 Young ST","23222","Richmond City","Single Family Residence","04/24/2025","$409,000","$391,500","30","Resale (occupied at least once)","1928","North Highland Park","2,501","0.18","4","2.0","Public Water","Sewer - Public","FHA New","Individuals"
"501","2506370","736-749-9463","CLOSD","11642 Timberly Waye","23238","Henrico","Townhouse","04/24/2025","$295,000","$305,000","3","Resale (occupied at least once)","1983","Sussex Wood","1,240","0.04","3","1.1","Public Water","Sewer - Public","Conventional","Individuals"
"501","2507539","770-762-6564","CLOSD","10112 Purcell RD","23228","Henrico","Townhouse","04/24/2025","$275,000","$274,000","13","Resale (occupied at least once)","1972","Laurel Square Townhouses","1,452","0.04","3","1.2","Public Water","Sewer - Public","Cash","Individuals"
"501","2505203","783-65-47-87-300-000","CLOSD","5412 Ellerbee Mill CT","23831","Chesterfield","Single Family Residence","04/24/2025","$459,950","$452,250","21","Resale (occupied at least once)","2022","The Villas at Iron Mill","2,185","0.19","2","2.1","Public Water","Sewer - Public","Conventional","Individuals"
"501","2504517","7797-63-1925","CLOSD","9150 Kings Charter DR","23116","Hanover","Single Family Residence","04/24/2025","$529,950","$534,950","24","Resale (occupied at least once)","1993","Kings Charter","3,107","0.39","4","2.1","Public Water","Sewer - Public","Conventional","Individuals"
"501","2508119","7769-85-8850","CLOSD","12055 Sunset DR","23005","Hanover","Single Family Residence","04/24/2025","$281,000","$281,000","5","Resale (occupied at least once)","1972","Oakhill Estates","","0.05","3","2.1","Public Water","Sewer - Public","Conventional","Individuals"
"501","2507302","776-66-75-88-600-000","CLOSD","5973 Sara Kay DR","23237","Chesterfield","Single Family Residence","04/24/2025","$285,000","$286,000","5","Resale (occupied at least once)","1986","Afton","1,288","0.28","3","1.1","Public Water","Sewer - Public","FHA New","Individuals"
"501","2507061","771-763-2484","CLOSD","2721 Reba CT","23060","Henrico","Single Family Residence","04/24/2025","$385,000","$385,000","8","Resale (occupied at least once)","1991","Glen Hollow","1,275","0.19","3","2.0","Public Water","Sewer - Public","Conventional","Individuals"
"501","2506908","772-761-3458","CLOSD","2410 Omega RD","23228","Henrico","Single Family Residence","04/24/2025","$325,000","$350,000","5","Resale (occupied at least once)","1958","Laurel Park","1,040","0.49","3","1.1","Public Water","Sewer - Public","Conventional","Individuals"
"501","2506853","809-64-33-60-300-000","CLOSD","14500 Pleasant Creek DR","23834","Chesterfield","Single Family Residence","04/24/2025","$499,950","$500,000","5","Resale (occupied at least once)","2005","Southcreek","4,121","0.48","5","3.1","Public Water","Sewer - Public","Conventional","Individuals"
"501","2506826","829-716-3130","CLOSD","23 Monterey AVE","23150","Henrico","Single Family Residence","04/24/2025","$209,950","$220,500","6","Resale (occupied at least once)","1953","None","1,091","0.19","2","2.0","Public Water","Sewer - Public","Conventional","Individuals"
"501","2506322","803-707-5552","CLOSD","1124 Darjoy LN","23231","Henrico","Single Family Residence","04/24/2025","$350,000","$350,000","4","Resale (occupied at least once)","1996","Pine Forest","2,303","0.28","3","2.1","Public Water","Sewer - Public","FHA New","Individuals"
"501","2506217","N000-0445-008","CLOSD","2104 Greenwood AVE","23222","Richmond City","Single Family Residence","04/24/2025","$399,950","$400,000","7","Resale (occupied at least once)","2013","Barton Heights","1,708","0.17","3","2.1","Public Water","Sewer - Public","Conventional","Individuals"
"501","2506133","749-71-89-02-300-000","CLOSD","2621 Cromwell RD","23235","Chesterfield","Single Family Residence","04/24/2025","$395,000","$466,000","5","Resale (occupied at least once)","1984","Cambridge","2,806","0.40","4","0.3","Public Water","Sewer - Public","Cash","Estate"
"501","2505907","709-66-62-17-500-000","CLOSD","16706 Hampton Farms CT","23120","Chesterfield","Single Family Residence","04/24/2025","$875,000","$950,000","6","Resale (occupied at least once)","2013","Hampton Farms","5,338","0.50","5","4.1","Public Water","Sewer - Public","Conventional","Individuals"
"501","2505883","8714-58-9434","CLOSD","7967 Wynbrook LN","23111","Hanover","Single Family Residence","04/24/2025","$359,000","$359,000","8","Resale (occupied at least once)","1963","Spring Meadows","1,507","0.53","3","2.0","Public Water","Sewer - Public","Conventional","Corporate"
"501","2505386","757-740-2419","CLOSD","9200 University BLVD","23229","Henrico","Single Family Residence","04/24/2025","$1,395,000","$1,800,000","8","Resale (occupied at least once)","1936","University Heights","3,168","1.17","4","4.1","Public Water","Sewer - Public","Conventional","Individuals"
"501","2505248","801-727-7448","CLOSD","2302 Delrio DR","23223","Henrico","Single Family Residence","04/24/2025","$339,900","$342,000","5","Resale (occupied at least once)","1958","Central Gardens","1,444","0.30","4","2.1","Public Water","Sewer - Public","FHA New","Individuals"
"501","2504795","787-756-8788","CLOSD","1126 Clauson RD","23227","Henrico","Single Family Residence","04/24/2025","$433,250","$450,000","5","Resale (occupied at least once)","1957","Chamberlayne Farms","2,392","0.36","4","2.1","Public Water","None","Conventional","Individuals"
"501","2504772","740-69-76-97-200-026","CLOSD","1106 Woodlet Meadow LN","23114","Chesterfield","Condominium","04/24/2025","$484,950","$480,000","20","Resale (occupied at least once)","2021","The Grove at Lucks Lane","1,908","","2","2.1","Public Water","Sewer - Public","Cash","Individuals"
"501","2504724","792-63-91-35-800-000","CLOSD","14806 Tosh TER","23831","Chesterfield","Single Family Residence","04/24/2025","$508,000","$495,000","29","New (never occupied)","2024","Greenbriar Woods","","0.55","5","3.0","Public Water","Sewer - Public","Conventional","Corporate"
"501","2504545","840-685-4971","CLOSD","5121 Hunters Meadow PL","23231","Henrico","Single Family Residence","04/24/2025","$450,000","$450,000","3","Resale (occupied at least once)","2021","Hunters Knoll","2,268","1.90","3","2.1","Well","Septic - Conventional","Other","Individuals"
"501","2504490","W000-1522-028","CLOSD","3322 Monument AVE","23221","Richmond City","Single Family Residence","04/24/2025","$1,175,000","$1,410,000","7","Resale (occupied at least once)","1949","None","2,510","0.29","3","2.2","Public Water","Sewer - Public","Cash","Other"
"501","2504479","716-66-47-82-200-000","CLOSD","8525 Amington LN","23832","Chesterfield","Single Family Residence","04/24/2025","$590,000","$590,000","19","Resale (occupied at least once)","2019","Harpers Mill","2,964","0.28","5","4.0","Public Water","Sewer - Public","FHA New","Individuals"
"501","2504034","N000-0352-014","CLOSD","808 W Clay ST","23220","Richmond City","Single Family Residence","04/24/2025","$395,000","$451,000","9","Resale (occupied at least once)","1842","Carver","1,782","0.06","4","3.0","Public Water","Sewer - Public","Conventional","Corporate"
"501","2503694","767-68-73-76-900-000","CLOSD","6719 Gills Gate TER","23832","Chesterfield","Single Family Residence","04/24/2025","$365,000","$370,000","35","Resale (occupied at least once)","2001","Gills Gate","2,578","0.21","4","2.1","Public Water","Sewer - Public","FHA New","Individuals"
"501","2503673","W000-1086-050","CLOSD","2416 Park AVE Unit#4","23220","Richmond City","Condominium","04/24/2025","$650,000","$650,000","6","Resale (occupied at least once)","1914","None","1,324","0.08","2","2.0","Public Water","Sewer - Public","Cash","Individuals"
"501","2502823","805-693-7616","CLOSD","7421 Red Hill Club CT","23231","Henrico","Single Family Residence","04/24/2025","$305,000","$305,000","23","Resale (occupied at least once)","2006","Settlers Ridge","1,396","0.22","2","2.0","Public Water","Sewer - Public","Conventional","Corporate"
"501","2502530","778-746-7041","CLOSD","2625 Dellrose AVE","23228","Henrico","Single Family Residence","04/24/2025","$399,940","$415,000","6","Resale (occupied at least once)","1951","Hermitage Park","1,483","0.15","3","2.0","Public Water","Sewer - Public","Conventional","Individuals"
"501","2431155","744-760-7007","CLOSD","1724 Old Brick RD Unit#18B","23060","Henrico","Condominium","04/24/2025","$624,900","$624,900","103","New (never occupied)","2024","West Broad Village","2,487","","3","2.1","Public Water","Sewer - Public","Conventional","Corporate"
"501","2425239","806-709-6466","CLOSD","1647 Darbytown RD","23231","Henrico","Single Family Residence","04/24/2025","$267,950","$264,900","136","Resale (occupied at least once)","2006","Edgehill Lawn","1,152","0.18","3","2.0","Public Water","Sewer - Public","FHA New","Individuals"
"501","2420502","718-68-73-75-800-000","CLOSD","2601 Port Savage DR","23112","Chesterfield","Single Family Residence","04/24/2025","$719,000","$700,000","234","Resale (occupied at least once)","2016","Rountrey","3,449","0.24","4","3.1","Public Water","Sewer - Public","Conventional","Individuals"
"501","2411900","696671483600000","CLOSD","18723 Palisades RDG","23120","Chesterfield","Townhouse","04/24/2025","$506,900","$506,900","37","New (never occupied)","2024","Magnolia Green","2,446","","3","2.1","Public Water","Sewer - Public","Cash","Corporate"
"501","REIN10561761","805-693-7616","CLOSD","7421 Red Hill Club CT","23231","Henrico","Single Family Residence","04/24/2025","$305,000","$305,000","133","Resale (occupied at least once)","2006","ALL OTHERS AREA 150","1,396","","2","2.0","Public Water","Public Sewer On Site","","REO"
"501","2501453","789-61-00-70-400-000","CLOSD","21316 Trojan DR","23803","Chesterfield","Single Family Residence","04/25/2025","$275,000","$285,000","24","Resale (occupied at least once)","1975","Trojan Woods","2,052","0.27","4","2.1","Public Water","Sewer - Public","FHA New","Individuals"
"501","2417445","706-68-22-65-300-000","CLOSD","4619 Melbrook WAY","23120","Chesterfield","Single Family Residence","04/25/2025","$623,950","$687,656","0","New (never occupied)","2025","Westerleigh","2,897","","5","4.0","Public Water","Sewer - Public","Conventional","Corporate"
"501","2500032","775-767-7991","CLOSD","10809 Weigela CT","23060","Henrico","Single Family Residence","04/25/2025","$749,990","$749,990","71","New (never occupied)","2024","Greenhouse","3,427","0.24","6","4.0","Public Water","Sewer - Public","Conventional","Corporate"
"501","2501634","N0000563017","CLOSD","2219 4th Avenue","23222","Richmond City","Single Family Residence","04/25/2025","$320,000","$314,000","21","Resale (occupied at least once)","2004","Chestnut Hills","1,800","","3","2.1","Public Water","None","FHA New","Other"
"501","2430678","7096756675","CLOSD","6649 Cassia LOOP","23120","Chesterfield","Single Family Residence","04/25/2025","$476,190","$476,190","129","New (never occupied)","2024","Wynwood at Foxcreek","1,989","0.11","3","2.1","Public Water","Sewer - Public","Conventional","Other"
"501","2426478","779-771-2873","CLOSD","10892 Farmstead Mill LN","23059","Henrico","Townhouse","04/25/2025","$507,245","$507,245","101","New (never occupied)","2025","River Mill","2,538","","4","3.1","Public Water","Sewer - Public","Conventional","Corporate"
"501","2503355","748-764-6377","CLOSD","4376 Dominion Forest CIR","23060","Henrico","Townhouse","04/25/2025","$559,950","$548,950","12","New (never occupied)","2024","Innsbrook Dominion Residences","2,040","","4","3.2","Public Water","Sewer - Public","Conventional","Corporate"
"501","2504329","N000-0753-014","CLOSD","2510 Seminary AVE","23220","Richmond City","Single Family Residence","04/25/2025","$364,000","$364,000","6","Resale (occupied at least once)","1928","Chamberlayne Court","1,536","0.12","3","2.0","Public Water","Sewer - Public","Conventional","Individuals"
"501","2503026","753-70-10-86-200-000","CLOSD","912 Arch Hill DR","23236","Chesterfield","Single Family Residence","04/25/2025","$280,000","$285,000","31","Resale (occupied at least once)","1980","The Woods","1,074","0.22","2","1.1","Public Water","Sewer - Public","FHA New","Individuals"
"501","2500131","770-67-89-43-100-000","CLOSD","6193 Bowline LN","23234","Chesterfield","Townhouse","04/25/2025","$338,000","$330,000","81","Resale (occupied at least once)","2021","Watermark","1,480","0.05","3","2.1","Public Water","Sewer - Public","Conventional","Individuals"
"501","2426473","779-771-3074","CLOSD","10890 Farmstead Mill LN","23059","Henrico","Townhouse","04/25/2025","$517,300","$517,300","36","New (never occupied)","2024","River Mill","2,446","","4","3.1","Public Water","Sewer - Public","Conventional","Corporate"
"501","2401539","7870-54-7326","CLOSD","420 Haley CT","23005","Hanover","Single Family Residence","04/25/2025","$558,626","$558,626","283","New (never occupied)","2024","Haley Meadows","1,752","0.27","3","2.0","Public Water","Sewer - Public","FHA New","Corporate"
"501","2504856","732-756-0832","CLOSD","2711 Main Sail CT","23233","Henrico","Townhouse","04/25/2025","$285,000","$285,000","3","Resale (occupied at least once)","1987","Bay Cove","1,248","0.07","2","2.1","Public Water","Sewer - Public","FHA New","Individuals"
"501","2504983","767-767-8967","CLOSD","3202 Forest Lodge DR","23060","Henrico","Single Family Residence","04/25/2025","$449,500","$454,000","8","Resale (occupied at least once)","1986","Forest Lodge Acres","2,308","0.47","4","2.1","Public Water","Sewer - Public","Conventional","Estate"
"501","2506178","7841-39-7515","CLOSD","14482 Three Oaks CT","23192","Hanover","Single Family Residence","04/25/2025","$1,095,000","$1,247,000","6","Resale (occupied at least once)","1990","Claybank","3,898","5.00","4","4.1","Well","Septic - Conventional","Cash","Individuals"
"501","2506612","786-65-53-17-700-000","CLOSD","11907 Ken DR","23831","Chesterfield","Single Family Residence","04/25/2025","$305,000","$310,000","10","Resale (occupied at least once)","1971","Hillandale","1,431","0.35","3","1.1","Public Water","Septic - Conventional","FHA New","Individuals"
"501","2408964","Not Yet Assigned","CLOSD","3913 Maze Runner DR","23112","Chesterfield","Condominium","04/25/2025","$322,500","$322,500","0","New (never occupied)","2024","Wescott","1,287","","2","2.0","Public Water","Sewer - Public","Cash","Corporate"
"501","2501016","38-2-0-2-0","CLOSD","1887 Cartersville RD","23063","Goochland","Single Family Residence","04/25/2025","$399,990","$389,900","80","New (never occupied)","2025","None","1,547","1.18","3","2.0","Well","Septic - Conventional","VA New","Individuals"
"501","2508137","W000-0994-043","CLOSD","2202 W Cary ST","23220","Richmond City","Townhouse","04/25/2025","$739,900","$739,900","0","New (never occupied)","2023","None","2,006","0.03","3","2.1","Public Water","Sewer - Public","Conventional","Partnership"
"501","2506544","33B6 3 1 10","CLOSD","5859 Ginger DR","23140","New Kent","Townhouse","04/25/2025","$325,740","$290,000","11","New (never occupied)","2025","None","1,658","0.00","3","2.1","Public Water","Sewer - Public","Conventional","Corporate"
"501","2505244","780-745-9275","CLOSD","2132 Ginter ST","23228","Henrico","Single Family Residence","04/25/2025","$275,000","$281,000","10","Resale (occupied at least once)","1937","Bryan Park Heights","1,260","0.22","3","1.1","Public Water","Sewer - Public","Conventional","Individuals"
"501","2504336","716712490800000","CLOSD","15901 Misty Blue ALY","23113","Chesterfield","Townhouse","04/25/2025","$649,243","$649,243","18","New (never occupied)","2025","Edge at Westchester","2,852","","4","3.1","Public Water","Sewer - Public","Conventional","Corporate"
"501","2502509","784-65-45-45-100-000","CLOSD","11556 Claimont Mill DR","23831","Chesterfield","Townhouse","04/25/2025","$349,900","$333,000","22","Resale (occupied at least once)","2014","Iron Mill Section 1","1,848","0.11","3","2.1","Public Water","Sewer - Public","FHA New","Individuals"
"501","2502489","780-747-3283","CLOSD","2312 Maplewood RD","23228","Henrico","Single Family Residence","04/25/2025","$415,000","$415,000","7","Resale (occupied at least once)","1979","Hermitage Park","1,428","0.23","4","2.0","Public Water","Sewer - Public","Conventional","Individuals"
"501","2429313","51-3-0-D-0","CLOSD","1448 New Town","23063","Goochland","Single Family Residence","04/25/2025","$369,500","$377,096","113","New (never occupied)","2024","None","1,400","1.32","3","2.0","Well","Septic - Conventional","Conventional","Corporate"
"501","2504590","E000-0433-027","CLOSD","717 N 26th ST","23223","Richmond City","Single Family Residence","04/25/2025","$417,900","$421,000","38","Resale (occupied at least once)","1920","None","1,478","0.06","4","2.0","Public Water","None","Conventional","Individuals"
"501","2505836","794-63-21-94-300-000","CLOSD","15913 Searchlight CT","23831","Chesterfield","Single Family Residence","04/25/2025","$390,000","$392,000","4","Resale (occupied at least once)","2003","Harrowgate Place","2,164","0.24","4","2.1","Public Water","Sewer - Public","FHA New","Individuals"
"501","2428595","C006-0351-020","CLOSD","15 Chuckatuck AVE","23224","Richmond City","Single Family Residence","04/25/2025","$223,300","$220,000","136","Resale (occupied at least once)","1948","Green Acres","720","0.21","2","1.0","Public Water","Sewer - Public","FHA New","Other"
"501","2502001","803-692-7125","CLOSD","1357 Bartlett RD","23231","Henrico","Single Family Residence","04/25/2025","$230,000","$236,000","4","Resale (occupied at least once)","1957","Media Park","1,062","0.41","3","1.0","Well","Septic - Conventional","Conventional","Individuals"
"501","2501558","818-722-4150","CLOSD","743 Pleasant ST","23075","Henrico","Townhouse","04/25/2025","$249,000","$240,000","37","Resale (occupied at least once)","1973","Vivania Hall","1,334","0.07","3","1.3","Public Water","Sewer - Public","Other","Individuals"
"501","2420923","C0070176239","CLOSD","1245 Canterbury Ridge RD","23224","Richmond City","Townhouse","04/25/2025","$281,885","$289,465","14","New (never occupied)","2024","None","1,220","","3","2.1","Public Water","Sewer - Public","VA New","Corporate"
"501","2509025","718-71-29-70-400-000","CLOSD","400 Bridge Creek CT","23113","Chesterfield","Single Family Residence","04/25/2025","$530,000","$530,000","5","Resale (occupied at least once)","2017","Brookcreek Crossing","2,547","0.45","4","3.0","Public Water","Community - Sewer/Septic","Conventional","Corporate, Individuals, Relocation"
"501","2507682","N000-1467-007","CLOSD","3522 Missouri AVE","23222","Richmond City","Single Family Residence","04/25/2025","$349,950","$350,000","5","Resale (occupied at least once)","1939","North Highland Park","1,577","0.16","4","2.0","Public Water","Sewer - Public","FHA New","Individuals"
"501","2506225","E000-0082-039","CLOSD","1205 E Main ST Unit#U3E","23219","Richmond City","Condominium","04/25/2025","$349,950","$333,000","18","Resale (occupied at least once)","1870","Gotham Condominiums","1,449","0.04","3","2.0","Public Water","Sewer - Public","Cash","Individuals"
"501","2505712","772-735-5697.126","CLOSD","5100 Monument AVE Unit#910","23230","Henrico","Condominium","04/25/2025","$249,900","$234,000","10","Resale (occupied at least once)","1961","5100 Monument","1,125","0.02","2","2.0","Public Water","Sewer - Public","Cash","Individuals"
"501","2508556","741-70-49-49-700-000","CLOSD","312 Huddersfield DR","23236","Chesterfield","Single Family Residence","04/25/2025","$625,000","$665,000","2","Resale (occupied at least once)","1974","Stonehenge","3,320","0.76","5","3.0","Public Water","Septic - Conventional","Conventional","Individuals"
"501","2508389","823-64-44-59-000-000","CLOSD","1524 Walnut DR","23836","Chesterfield","Single Family Residence","04/25/2025","$310,000","$310,000","3","Resale (occupied at least once)","1955","Forest Glenn","2,250","0.34","4","2.1","Public Water","Sewer - Public","Conventional","Individuals"
"501","2508193","W019-0078-012","CLOSD","4807 Augusta AVE","23230","Richmond City","Single Family Residence","04/25/2025","$400,000","$463,500","2","Resale (occupied at least once)","1954","Monument Avenue Park","976","0.14","3","1.0","Public Water","Sewer - Public","Cash","Individuals"
"501","2507777","795-61-81-16-900-000","CLOSD","3718 Julep DR","23834","Chesterfield","Single Family Residence","04/25/2025","$284,900","$285,000","3","Resale (occupied at least once)","1980","Colonial Pine Estates","1,056","0.34","3","1.1","Public Water","Sewer - Public","Conventional","Individuals"
"501","2507558","741-66-21-75-600-000","CLOSD","9813 Qualla RD","23832","Chesterfield","Single Family Residence","04/25/2025","$420,000","$420,000","10","Resale (occupied at least once)","1971","None","2,223","1.01","3","2.0","Well","Septic - Conventional","VA New","Individuals"
"501","2507508","828-716-5381","CLOSD","204 Garland AVE","23150","Henrico","Single Family Residence","04/25/2025","$315,000","$330,000","4","Resale (occupied at least once)","1947","Sandston","996","0.24","3","2.1","Public Water","Sewer - Public","Conventional","Individuals"
"501","2507346","782-743-6785","CLOSD","5215 Bloomingdale AVE","23228","Henrico","Single Family Residence","04/25/2025","$269,000","$269,000","4","Resale (occupied at least once)","1938","Lakeside","995","0.16","2","1.0","Public Water","Sewer - Public","Conventional","Individuals"
"501","2507248","756-746-8874","CLOSD","1710 Terrell DR","23229","Henrico","Single Family Residence","04/25/2025","$297,950","$333,000","12","Resale (occupied at least once)","1956","Michael Hills","1,280","0.46","3","1.0","Public Water","Community - Sewer/Septic","Cash","Individuals"
"501","2507207","774-756-0028","CLOSD","8705 Gillis ST","23228","Henrico","Single Family Residence","04/25/2025","$397,500","$397,500","7","Resale (occupied at least once)","1998","Brookhaven","1,638","0.19","4","2.1","Public Water","Sewer - Public","Conventional","Individuals"
"501","2507116","W021-0175-001","CLOSD","6733 Stuart AVE","23226","Richmond City","Single Family Residence","04/25/2025","$595,000","$675,000","10","Resale (occupied at least once)","1939","College View","1,771","0.17","3","1.1","Public Water","Sewer - Public","VA New","Individuals"
"501","2507068","723-69-16-10-300-000","CLOSD","14408 Birnam Woods RD","23112","Chesterfield","Single Family Residence","04/25/2025","$440,000","$450,000","2","Resale (occupied at least once)","1986","Brandermill","2,332","0.22","5","2.1","Public Water","Sewer - Public","Conventional","Individuals"
"501","2507046","774-744-3490.108","CLOSD","15 Snughaven RD","23228","Henrico","Condominium","04/25/2025","$175,000","$175,000","10","Resale (occupied at least once)","1962","Hamlet Condominium","923","0.02","2","1.1","Public Water","Sewer - Public","Conventional","Individuals"
"501","2506861","763-756-0402","CLOSD","4847 Wild Horse LN","23294","Henrico","Townhouse","04/25/2025","$494,000","$494,000","8","Resale (occupied at least once)","2020","Westchase","2,149","0.07","3","2.1","Public Water","Sewer - Public","Cash","Individuals"
"501","2506653","W000-1031-024","CLOSD","2318 Rosewood AVE","23220","Richmond City","Single Family Residence","04/25/2025","$689,000","$730,000","5","Resale (occupied at least once)","1924","None","1,754","0.06","3","2.1","Public Water","Sewer - Public","Conventional","Individuals"
"501","2506509","62-21-0-8-0","CLOSD","495 Ada Ash LN","23103","Goochland","Single Family Residence","04/25/2025","$1,125,000","$1,255,000","8","Resale (occupied at least once)","1987","Ashwoods","3,208","8.01","4","3.1","Well","Septic - Conventional","Conventional","Individuals"
"501","2506364","716-67-87-36-000-000","CLOSD","15306 Foxvale WAY","23112","Chesterfield","Single Family Residence","04/25/2025","$575,000","$610,000","3","Resale (occupied at least once)","1994","Foxcroft","3,090","0.54","4","2.1","Public Water","Sewer - Public","Conventional","Individuals"
"501","2506304","745-71-43-66-300-000","CLOSD","10924 Savoy RD","23235","Chesterfield","Single Family Residence","04/25/2025","$308,500","$336,000","8","Resale (occupied at least once)","1966","Greenfield","1,372","0.25","3","1.1","Public Water","Sewer - Public","Conventional","Individuals"
"501","2506076","756-68-34-97-800-000","CLOSD","4832 Fordham RD","23236","Chesterfield","Single Family Residence","04/25/2025","$350,000","$352,000","6","Resale (occupied at least once)","1980","Fernbrook","1,622","0.39","3","2.0","Public Water","Sewer - Public","Conventional","Individuals"
"501","2505935","747-746-3559.260","CLOSD","1513 Regency Woods RD Unit#202","23238","Henrico","Condominium","04/25/2025","$254,500","$254,000","7","Resale (occupied at least once)","1980","Regency Woods Condominiums","1,345","","3","2.0","Public Water","Sewer - Public","Conventional","Individuals"
"501","2505798","768-760-9151.099","CLOSD","9377 Manowar CT Unit#903","23060","Henrico","Condominium","04/25/2025","$224,000","$230,000","4","Resale (occupied at least once)","1988","Laurel Lakes Condo","946","22.49","2","2.0","Public Water","Sewer - Public","Conventional","Individuals"
"501","2505609","789676026500000","CLOSD","7825 Senate ST","23237","Chesterfield","Single Family Residence","04/25/2025","$280,000","$260,000","8","Resale (occupied at least once)","1963","Rayon Park","","0.50","4","2.0","Public Water","Sewer - Public","Conventional","Individuals"
"501","2505532","N000-2347-017","CLOSD","1213 Westminster AVE","23227","Richmond City","Single Family Residence","04/25/2025","$624,950","$617,500","12","Resale (occupied at least once)","1936","Bellevue Court","2,036","0.16","3","2.0","Public Water","Sewer - Public","Conventional","Individuals"
"501","2505391","766-749-9486","CLOSD","7312 Erskine ST","23228","Henrico","Single Family Residence","04/25/2025","$215,000","$260,000","5","Resale (occupied at least once)","1969","West Broad Street Gardens","1,040","0.25","3","1.0","Public Water","Sewer - Public","Cash","Individuals"
"501","2504790","737-72-35-84-500-000","CLOSD","3511 W Old Gun RD","23113","Chesterfield","Single Family Residence","04/25/2025","$695,000","$850,000","7","Resale (occupied at least once)","1979","None","2,506","3.14","4","3.0","Public Water","Septic - Conventional","Conventional","Individuals"
"501","2504576","026-4-7","CLOSD","4408 Lockin RD","23139","Powhatan","Single Family Residence","04/25/2025","$330,000","$330,000","9","Resale (occupied at least once)","1994","None","1,169","1.06","3","2.0","Well","Septic - Conventional","FHA New","Individuals"
"501","2504530","786-67-51-08-000-000","CLOSD","7841 Old Guild RD","23237","Chesterfield","Townhouse","04/25/2025","$377,000","$365,000","14","Resale (occupied at least once)","2021","Silverleaf","1,871","0.09","3","2.1","Public Water","Sewer - Public","VA New","Individuals"
"501","2504521","708-67-58-24-800-000","CLOSD","17036 Thornapple CT","23120","Chesterfield","Townhouse","04/25/2025","$405,000","$395,000","11","Resale (occupied at least once)","2022","Wynwood at Foxcreek","1,872","0.04","3","2.2","Public Water","Sewer - Public","Conventional","Individuals"
"501","2504518","E000-1766-047","CLOSD","1306 N 38th ST","23223","Richmond City","Single Family Residence","04/25/2025","$449,950","$449,950","10","New (never occupied)","2025","None","","0.08","3","2.1","Public Water","Sewer - Public","Private","Individuals"
"501","2504287","19G  1 1 142","CLOSD","2862 Patriots Landing DR","23141","New Kent","Single Family Residence","04/25/2025","$475,000","$475,000","15","Resale (occupied at least once)","2007","Patriots Landing","2,548","0.25","4","2.1","Public Water","Sewer - Public","VA New","Individuals"
"501","2504149","W000-1797-010","CLOSD","4007 Augusta AVE","23230","Richmond City","Single Family Residence","04/25/2025","$525,000","$525,000","17","Resale (occupied at least once)","1948","Monument Annex","1,549","0.18","3","1.1","Public Water","Sewer - Public","Conventional","Individuals"
"501","2503760","772-739-7195","CLOSD","5412 Masons LN","23230","Henrico","Townhouse","04/25/2025","$517,950","$520,000","4","Resale (occupied at least once)","2017","Libbie Mill Townhomes","1,876","0.02","3","3.1","Public Water","Sewer - Public","Conventional","Individuals"
"501","2503745","N000-0786-020","CLOSD","2809 1/2 Barton AVE","23222","Richmond City","Single Family Residence","04/25/2025","$572,000","$560,000","29","Resale (occupied at least once)","2019","Barton Heights","2,442","0.12","3","2.1","Public Water","Sewer - Public","VA New","Individuals"
"501","2503539","W022-0109-009","CLOSD","3900 Dover RD","23221","Richmond City","Single Family Residence","04/25/2025","$1,690,000","$2,210,000","7","Resale (occupied at least once)","1952","Windsor Farms","4,307","0.63","5","4.1","Public Water","Sewer - Public","Cash","Individuals"
"501","2503365","N000-0615-068","CLOSD","1414 W Marshall ST Unit#U506","23220","Richmond City","Condominium","04/25/2025","$250,000","$245,000","41","Resale (occupied at least once)","2006","Eagles Mill Towers Condos","641","0.01","2","1.0","Public Water","Sewer - Public","Cash","Individuals"
"501","2503334","748-774-4908","CLOSD","5228 Chappell Ridge PL","23059","Henrico","Single Family Residence","04/25/2025","$669,900","$665,000","20","Resale (occupied at least once)","2001","Wyndham Forest","2,688","0.24","4","2.1","Public Water","Sewer - Public","Conventional","Individuals"
"501","2503152","N000-0813-003","CLOSD","1509 Victor ST","23222","Richmond City","Single Family Residence","04/25/2025","$349,950","$350,000","55","Resale (occupied at least once)","1923","The Plateau","1,384","0.10","3","2.1","Public Water","Sewer - Public","Conventional","Individuals"
"501","2502155","809-720-5931","CLOSD","4315 7th ST","23223","Henrico","Single Family Residence","04/25/2025","$175,000","$175,000","18","Resale (occupied at least once)","1937","Windsor Place","715","","2","1.0","Public Water","Septic - Conventional","VHDA/FHA","Individuals"
"501","2501990","815-65-57-48-500-000","CLOSD","12508 Bay Hill DR","23836","Chesterfield","Single Family Residence","04/25/2025","$686,000","$678,375","63","Resale (occupied at least once)","1990","Rivers Bend","4,275","0.56","4","3.1","Public Water","Sewer - Public","Cash","Individuals"
"501","2501095","722-68-02-75-700-000","CLOSD","5304 Clipper Cove RD","23112","Chesterfield","Single Family Residence","04/25/2025","$780,000","$780,000","64","Resale (occupied at least once)","1992","Woodlake","4,823","0.39","5","3.2","Public Water","Sewer - Public","Conventional","Individuals"
"501","2500357","718-66-73-74-400-000","CLOSD","7926 Featherchase CT","23832","Chesterfield","Single Family Residence","04/25/2025","$415,000","$425,000","48","Resale (occupied at least once)","1998","Ashbrook","2,028","0.21","5","3.1","Public Water","Sewer - Public","Conventional","Individuals"
"501","2432523","043-1A-3","CLOSD","1509 Page RD","23139","Powhatan","Single Family Residence","04/25/2025","$609,950","$577,500","90","Resale (occupied at least once)","1972","High Hills","3,181","2.00","3","3.0","Well","Septic - Conventional","Cash","Individuals"
"501","2432246","C005-0544-032","CLOSD","6024 Jahnke RD","23225","Richmond City","Single Family Residence","04/25/2025","$290,000","$275,000","36","Resale (occupied at least once)","1960","Claremont","1,250","0.22","3","1.1","Public Water","Sewer - Public","Conventional","Estate"
"501","2426224","779-771-2673","CLOSD","10894 Farmstead Mill LN","23059","Henrico","Townhouse","04/25/2025","$484,950","$484,950","41","New (never occupied)","2025","River Mill","2,531","","4","3.1","Public Water","Sewer - Public","Cash","Corporate"
"501","BRTVACF2001078","823644459000000","CLOSD","1524 Walnut DR","23836","Chesterfield","Single Family Residence","04/25/2025","$310,000","$310,000","3","Resale (occupied at least once)","1955","NONE AVAILABLE","2,250","0.34","4","3.0","Public Water","Public Sewer On Site","",""
"501","2501144","7186630332","CLOSD","8631 Centerline DR","23832","Chesterfield","Single Family Residence","04/26/2025","$678,455","$668,000","68","New (never occupied)","2025","Harpers Mill","3,289","0.30","5","3.1","Public Water","Sewer - Public","Conventional","Other"
"501","2505300","717-66-70-71-700-000","CLOSD","7831 Winding Ash CT","23832","Chesterfield","Single Family Residence","04/28/2025","$380,000","$380,000","3","Resale (occupied at least once)","2003","Ashbrook","1,657","0.21","3","2.1","Public Water","Sewer - Public","Conventional","Individuals"
"501","2420172","705-68-27-11-200-000","CLOSD","4812 Melbrook WAY","23120","Chesterfield","Single Family Residence","04/28/2025","$605,950","$673,252","0","New (never occupied)","2025","Westerleigh","3,016","","4","2.1","Public Water","Sewer - Public","Conventional","Corporate"
"501","2502020","775-767-5188","CLOSD","10800 Weigela CT","23060","Henrico","Single Family Residence","04/28/2025","$729,990","$729,990","70","New (never occupied)","2025","Greenhouse","3,197","0.20","5","3.1","Public Water","Sewer - Public","Conventional","Corporate"
"501","2422869","TBD","CLOSD","12128 Calgary LOOP","23836","Chesterfield","Condominium","04/28/2025","$359,985","$364,975","46","New (never occupied)","2024","Moore's Lake","1,606","","3","2.1","Public Water","Sewer - Public","FHA New","Corporate"
"501","2503670","7186627178","CLOSD","15601 Greenhart DR","23832","Chesterfield","Townhouse","04/28/2025","$575,480","$575,480","44","New (never occupied)","2025","Harpers Mill","2,535","0.30","4","2.1","Public Water","Sewer - Public","Conventional","Other"
"501","2428213","7840-12-1158","CLOSD","13136 Ashleys Boreen LN","23059","Hanover","Single Family Residence","04/28/2025","$825,000","$770,000","104","Resale (occupied at least once)","2006","Mountain Run","3,686","1.00","4","3.1","Public Water","Sewer - Public","Conventional","Individuals"
"501","2420922","C0070176238","CLOSD","1249 Canterbury Ridge RD","23224","Richmond City","Townhouse","04/28/2025","$279,990","$283,680","5","New (never occupied)","2024","None","1,220","","3","2.1","Public Water","Sewer - Public","FHA New","Corporate"
"501","2503042","744-62-43-14-200-000","CLOSD","11819 St Audries DR","23838","Chesterfield","Single Family Residence","04/28/2025","$415,000","$410,000","33","Resale (occupied at least once)","2017","Rivers Trace","2,051","0.90","4","2.1","Public Water","Septic - Conventional","Conventional","Individuals"
"501","2504382","19A 1 C 5","CLOSD","8828 Black Creek RD","23141","New Kent","Single Family Residence","04/28/2025","$339,000","$350,000","11","Resale (occupied at least once)","1965","Orapax Farms","1,712","1.20","3","2.1","Well","Septic - Conventional","FHA New","Individuals"
"501","2508131","16-3-B-4","CLOSD","5801 Collins Run PKY","23140","Charles City County","Single Family Residence","04/28/2025","$310,000","$310,000","0","Resale (occupied at least once)","1994","None","","1.93","3","2.0","Well","Septic - Conventional","Conventional","Individuals"
"501","2507071","813-716-6571","CLOSD","4600 Mizar RD","23231","Henrico","Single Family Residence","04/28/2025","$345,000","$355,000","5","Resale (occupied at least once)","1962","Lawndale Farms","1,920","0.41","5","2.1","Public Water","Sewer - Public","FHA New","Individuals"
"501","2503069","7797-84-0681","CLOSD","9114 Stephens Manor DR","23116","Hanover","Single Family Residence","04/28/2025","$699,000","$685,000","16","Resale (occupied at least once)","1997","Kings Charter","3,787","0.75","4","2.1","Public Water","Sewer - Public","Conventional","Individuals"
"501","2429495","119809","CLOSD","7883 Arbor Marsh TER","23124","New Kent","Single Family Residence","04/28/2025","$389,990","$410,990","71","New (never occupied)","2024","The Arbors At New Kent Winery","1,657","","3","2.1","Public Water","Sewer - Public","VA New","Corporate"
"501","2416198","8764-29-1510","CLOSD","8370 Roden DR","23111","Hanover","Single Family Residence","04/28/2025","$899,990","$864,990","264","New (never occupied)","2024","Rock Creek","3,738","","5","4.1","Well","Septic - Conventional","VA New","Corporate"
"501","2501805","C007-0161-018","CLOSD","6401 Binns AVE","23225","Richmond City","Single Family Residence","04/28/2025","$220,000","$195,000","2","Resale (occupied at least once)","1967","Warwick Acres","1,097","0.34","3","2.0","Public Water","Sewer - Public","Conventional","Individuals"
"501","2503979","784-770-1493","CLOSD","10138 All Star BLVD","23059","Henrico","Townhouse","04/28/2025","$434,085","$422,085","15","New (never occupied)","2025","Village at Virginia Center Commons","1,943","","4","3.1","Public Water","Sewer - Public","Conventional","Corporate"
"501","2508042","823-724-0760","CLOSD","5 N Holly AVE","23075","Henrico","Single Family Residence","04/28/2025","$215,000","$220,000","5","Resale (occupied at least once)","1937","Highland Springs","1,460","0.21","3","2.0","Public Water","Sewer - Public","FHA New","Individuals"
"501","2506923","772-67-82-58-300-000","CLOSD","6725 Hill RD","23234","Chesterfield","Single Family Residence","04/28/2025","$339,950","$335,000","20","Resale (occupied at least once)","1995","Ampthill Gardens","1,594","0.58","3","2.1","Well","Sewer - Public","Conventional","Individuals"
"501","2506412","W020-0190-022","CLOSD","22 Greenway LN","23226","Richmond City","Single Family Residence","04/28/2025","$1,499,950","$1,499,950","7","Resale (occupied at least once)","1946","Hampton Gardens","3,067","0.40","5","3.0","Public Water","Sewer - Public","Conventional","Individuals"
"501","2507836","733-70-85-28-900-000","CLOSD","1106 Southwick BLVD","23113","Chesterfield","Single Family Residence","04/28/2025","$425,000","$435,000","5","Resale (occupied at least once)","1980","Buckingham","2,238","0.25","5","3.0","Public Water","Sewer - Public","Conventional","Individuals"
"501","2507358","720-68-68-55-200-000","CLOSD","14512 Waters Shore DR","23112","Chesterfield","Single Family Residence","04/28/2025","$530,000","$530,000","3","Resale (occupied at least once)","2007","Edgewater At The Reservoir","3,147","0.14","5","2.1","Public Water","Sewer - Public","FHA New","Individuals"
"501","2507020","C005-0603-094","CLOSD","1121 Grand Brook DR","23225","Richmond City","Townhouse","04/28/2025","$299,990","$305,000","3","Resale (occupied at least once)","2007","Townes At Grand Oaks","1,414","0.04","3","2.1","Public Water","Sewer - Public","Conventional","Individuals"
"501","2429186","825-724-2737","CLOSD","204 N New AVE","23075","Henrico","Single Family Residence","04/28/2025","$298,500","$290,000","111","Resale (occupied at least once)","1966","Highland Springs","1,770","0.22","2","2.0","Public Water","Sewer - Public","Conventional","Individuals"
"501","2502602","E011=0166-001","CLOSD","2018 Bailey AVE","23231","Richmond City","Single Family Residence","04/28/2025","$299,950","$290,000","23","Resale (occupied at least once)","1946","Montrose Heights","2,103","","4","1.1","Public Water","Sewer - Public","Cash","Estate"
"501","2507741","7834-11-4155","CLOSD","17066 Goshen RD","23192","Hanover","Single Family Residence","04/28/2025","$415,000","$415,000","4","Resale (occupied at least once)","2016","Goshen Woods","1,400","3.50","3","2.0","Well","Septic - Aerobic","Conventional","Individuals"
"501","2506169","793-66-13-03-800-000","CLOSD","10921 Weybridge RD","23831","Chesterfield","Single Family Residence","04/28/2025","$394,950","$394,950","6","Resale (occupied at least once)","1968","Shady Springs","2,660","0.80","4","2.1","Public Water","Septic - Conventional","Conventional","Individuals"
"501","2505156","738-756-2851","CLOSD","12013 Willbrook CT","23233","Henrico","Single Family Residence","04/28/2025","$439,900","$450,000","3","Resale (occupied at least once)","1997","Willbrook","1,715","0.25","3","2.1","Public Water","Sewer - Public","Conventional","Individuals"
"501","2507689","735-69-43-84-600-000","CLOSD","12403 Trumbull CT","23114","Chesterfield","Townhouse","04/28/2025","$250,000","$260,000","3","Resale (occupied at least once)","1989","Sugar Creek","1,042","0.05","2","1.1","Public Water","Sewer - Public","Conventional","Individuals"
"501","2507906","794-65-19-17-900-000","CLOSD","12706 Petersburg ST","23831","Chesterfield","Single Family Residence","04/28/2025","$389,000","$375,000","5","Resale (occupied at least once)","1998","Winfrees Colony","1,888","0.47","3","2.0","Public Water","Sewer - Public","Cash","Other"
"501","2506550","783-747-8824","CLOSD","5534 Wenrich DR","23227","Henrico","Townhouse","04/28/2025","$369,000","$369,000","2","Resale (occupied at least once)","2022","Lakeside Landing","1,464","0.07","3","2.1","Public Water","Sewer - Public","Conventional","Individuals"
"501","2503060","698-67-07-35-800-000","CLOSD","18207 Jones Run TRL","23120","Chesterfield","Single Family Residence","04/28/2025","$559,950","$555,000","41","Resale (occupied at least once)","2022","Magnolia Green","2,692","0.14","4","3.0","Public Water","Sewer - Public","Conventional","Individuals"
"501","2509619","62-20-B-11-0","CLOSD","412 Hickory DR","23103","Goochland","Single Family Residence","04/28/2025","$579,000","$579,000","5","Resale (occupied at least once)","1990","Manakin Farms","2,379","0.57","3","2.1","Community Well","Community - Sewer/Septic","Cash","Individuals"
"501","2509504","C007-0553-170","CLOSD","1515 Stowmarket CT","23225","Richmond City","Condominium","04/28/2025","$135,000","$130,000","6","Resale (occupied at least once)","1970","The Madison Place Condos","976","10.02","2","1.1","Public Water","Sewer - Public","Cash","Individuals"
"501","2509060","E000-0254-005","CLOSD","514 N 22nd ST","23223","Richmond City","Single Family Residence","04/28/2025","$530,000","$545,000","7","Resale (occupied at least once)","1890","None","1,948","0.04","2","2.1","Public Water","Sewer - Public","Cash","Individuals"
"501","2508808","7814-58-2970","CLOSD","17255 Summer Meadow RD","23015","Hanover","Single Family Residence","04/28/2025","$550,000","$550,000","5","Resale (occupied at least once)","1997","Summer Meadow (Resub)","2,872","10.17","5","2.1","Well","Septic - Conventional","Conventional","Individuals"
"501","2508639","764-743-0605","CLOSD","1512 Glenside DR","23226","Henrico","Single Family Residence","04/28/2025","$235,000","$230,000","7","Resale (occupied at least once)","1950","Fort Hill","864","0.24","3","1.0","Public Water","Sewer - Public","Private","Individuals"
"501","2508557","732-69-97-24-500-000","CLOSD","13124 Lauren LN","23114","Chesterfield","Single Family Residence","04/28/2025","$629,950","$640,000","2","Resale (occupied at least once)","1990","Cedar Crossing","3,068","0.41","4","2.1","Public Water","Sewer - Public","Conventional","Individuals"
"501","2508493","731-66-51-08-000-000","CLOSD","7825 Secretariat DR","23112","Chesterfield","Single Family Residence","04/28/2025","$355,000","$335,000","4","Resale (occupied at least once)","1994","Deer Run","1,760","0.48","3","2.1","Public Water","Sewer - Public","Conventional","Individuals"
"501","2508463","778-750-6628","CLOSD","2509 Lafayette AVE","23228","Henrico","Single Family Residence","04/28/2025","$310,000","$330,000","5","Resale (occupied at least once)","1950","Hilliard Park","1,296","0.42","3","2.0","Public Water","Sewer - Public","Cash","Individuals"
"501","2507957","791-66-06-05-100-000","CLOSD","3612 Chagford DR","23831","Chesterfield","Single Family Residence","04/28/2025","$250,000","$231,000","3","Resale (occupied at least once)","1988","Mineola","1,324","0.37","3","2.0","Public Water","Sewer - Public","Cash","Individuals"
"501","2507849","828-64-81-48-300-000","CLOSD","2600 Burgess RD","23836","Chesterfield","Single Family Residence","04/28/2025","$239,900","$200,000","6","Resale (occupied at least once)","1974","Homeacres","1,726","1.97","3","1.1","Well","Septic - Conventional","Private","Individuals"
"501","2507831","764-741-9273","CLOSD","6910 W Grace ST","23226","Henrico","Single Family Residence","04/28/2025","$439,000","$439,000","5","Resale (occupied at least once)","1980","Duntreath","2,036","0.25","4","2.1","Public Water","Sewer - Public","Conventional","Estate, Individuals"
"501","2507712","8706-04-9806","CLOSD","9452 Selborne CIR","23116","Hanover","Single Family Residence","04/28/2025","$499,950","$508,000","5","Resale (occupied at least once)","2011","Rutland","2,026","0.21","3","2.1","Public Water","Sewer - Public","Conventional","Individuals"
"501","2507650","783-65-39-06-600-000","CLOSD","11842 Ellerbee Mill AVE","23831","Chesterfield","Single Family Residence","04/28/2025","$500,000","$510,000","7","Resale (occupied at least once)","2021","The Villas at Iron Mill","2,179","0.41","3","2.1","Public Water","Sewer - Public","Cash","Individuals"
"501","2507592","776-745-5962","CLOSD","3004 Greenway AVE","23228","Henrico","Single Family Residence","04/28/2025","$440,000","$455,000","3","Resale (occupied at least once)","2020","Lakeside","1,857","0.22","4","2.1","Public Water","Sewer - Public","Conventional","Individuals"
"501","2507165","W019-0278-059","CLOSD","4524 Grove AVE Unit#U11","23221","Richmond City","Condominium","04/28/2025","$265,000","$272,000","5","Resale (occupied at least once)","1930","West Grove Condos","750","0.02","2","1.0","Public Water","Sewer - Public","Conventional","Individuals"
"501","2507164","763-748-4965","CLOSD","7405 Biscayne RD","23294","Henrico","Single Family Residence","04/28/2025","$325,000","$325,000","6","Resale (occupied at least once)","1955","Whispering Pines Henr","1,472","0.31","3","2.1","Public Water","Sewer - Public","Conventional","Individuals"
"501","2507130","N000-1035-014","CLOSD","3114 Griffin AVE","23222","Richmond City","Single Family Residence","04/28/2025","$419,900","$419,900","9","Resale (occupied at least once)","1922","Brightwood","2,184","0.16","3","2.1","Public Water","Sewer - Public","Cash","Individuals"
"501","2507027","724-71-18-89-200-000","CLOSD","14246 Amajess LN","23113","Chesterfield","Single Family Residence","04/28/2025","$929,000","$935,000","3","Resale (occupied at least once)","2006","Winterfield Station","4,621","0.66","5","4.1","Public Water","Sewer - Public","Conventional","Individuals"
"501","2506775","N000-0538-010","CLOSD","200 W Graham RD","23222","Richmond City","Single Family Residence","04/28/2025","$275,000","$260,000","9","Resale (occupied at least once)","1962","Battery Court","1,248","0.17","2","2.0","Public Water","Sewer - Public","Other","Estate, Individuals"
"501","2506650","8746-43-7331","CLOSD","9180 Linneys CT","23116","Hanover","Single Family Residence","04/28/2025","$449,950","$455,000","7","Resale (occupied at least once)","1979","Linneys Corner","1,430","3.10","3","2.0","Well","Septic - Conventional","Conventional","Individuals"
"501","2506529","747-746-3559.102","CLOSD","1505 Regency Woods RD Unit#101","23238","Henrico","Condominium","04/28/2025","$190,000","$178,000","22","Resale (occupied at least once)","1977","Regency Woods Condominiums","878","0.02","1","1.0","Public Water","Sewer - Public","Cash","Individuals"
"501","2506427","729-71-11-83-400-000","CLOSD","13606 Danbury DR","23113","Chesterfield","Single Family Residence","04/28/2025","$384,950","$413,375","4","Resale (occupied at least once)","1990","Danhurst Woods","1,680","0.15","3","2.1","Public Water","Sewer - Public","Conventional","Individuals"
"501","2506314","756-761-5414","CLOSD","9423 Greenhill CT","23294","Henrico","Townhouse","04/28/2025","$289,950","$288,000","27","Resale (occupied at least once)","1978","Pheasant Run Townhouses","1,120","0.04","3","1.1","Public Water","Sewer - Public","Conventional","Individuals"
"501","2506223","W000-2027-018","CLOSD","4509 Bromley LN","23221","Richmond City","Single Family Residence","04/28/2025","$949,000","$1,200,000","7","Resale (occupied at least once)","1942","None","2,891","0.15","3","2.1","Public Water","Sewer - Public","Cash","Individuals"
"501","2506051","8725-80-3137","CLOSD","8002 Lake Haven DR","23111","Hanover","Single Family Residence","04/28/2025","$529,950","$500,000","17","Resale (occupied at least once)","1997","Pebble Creek","2,846","0.42","4","2.1","Public Water","Sewer - Public","Cash","Individuals"
"501","2505923","64-27-A-6-0","CLOSD","120 Lindenhurst","23238","Goochland","Single Family Residence","04/28/2025","$1,195,000","$1,235,000","7","Resale (occupied at least once)","2006","West Oak","4,287","0.42","4","3.1","Public Water","Sewer - Public","Cash","Individuals"
"501","2505787","767-65-18-41-400-000","CLOSD","11155 Sterling Cove DR","23838","Chesterfield","Single Family Residence","04/28/2025","$562,000","$567,000","2","Resale (occupied at least once)","2001","The Highlands","3,018","1.33","4","2.1","Public Water","Septic - Conventional","Conventional","Individuals"
"501","2505627","745-69-83-95-900-000","CLOSD","810 Clearlake CT","23236","Chesterfield","Single Family Residence","04/28/2025","$424,950","$435,150","4","Resale (occupied at least once)","1974","Lake Crystal Farms","2,429","0.51","4","3.0","Public Water","Septic - Conventional","Cash","Individuals"
"501","2505590","42-41-1-15-0","CLOSD","1703 Reed Marsh LN","23063","Goochland","Single Family Residence","04/28/2025","$677,615","$677,615","15","New (never occupied)","2024","Reed Marsh","3,588","0.46","4","3.2","Public Water","Sewer - Public","Conventional","Corporate"
"501","2505589","8737-31-1079","CLOSD","10055 Studley Farms DR","23116","Hanover","Single Family Residence","04/28/2025","$584,950","$592,500","5","Resale (occupied at least once)","1984","Studley Farms","2,882","1.00","4","2.1","Well","Septic - Conventional","Conventional","Individuals"
"501","2505443","774-744-3490.115","CLOSD","20 Stillwater LN","23228","Henrico","Condominium","04/28/2025","$169,900","$181,200","3","Resale (occupied at least once)","1962","Hamlet Condominium","914","0.02","2","1.1","Public Water","Sewer - Public","Conventional","Individuals"
"501","2505381","757-741-2375","CLOSD","1117 Beverly DR","23229","Henrico","Single Family Residence","04/28/2025","$500,000","$500,000","31","Resale (occupied at least once)","1950","Beverly Hills","2,076","0.36","3","2.0","Public Water","Sewer - Public","Cash","Individuals"
"501","2505075","W019-0125-006","CLOSD","4711 Monument Ave","23230","Richmond City","Single Family Residence","04/28/2025","$650,000","$650,000","0","Resale (occupied at least once)","1954","Monument Avenue Park","","","3","2.1","Public Water","Sewer - Public","Cash","Individuals"
"501","2504552","763-762-5905","CLOSD","9729 Wares Wharf CIR","23060","Henrico","Single Family Residence","04/28/2025","$549,950","$552,250","20","Resale (occupied at least once)","2006","The Cottages At Crossridge","2,591","0.30","3","2.1","Public Water","Sewer - Public","Cash","Individuals"
"501","2503373","8726-15-8496","CLOSD","9275 Salem Creek PL","23116","Hanover","Single Family Residence","04/28/2025","$728,500","$728,500","20","Resale (occupied at least once)","1990","Pine Slash","3,062","10.01","4","2.1","Well","Septic - Conventional","Conventional","Individuals"
"501","2503193","759-762-8141","CLOSD","4707 Kellywood DR","23060","Henrico","Single Family Residence","04/28/2025","$300,000","$300,000","2","Resale (occupied at least once)","1983","Dunncroft","1,188","0.34","3","2.0","Public Water","Sewer - Public","Cash","Individuals"
"501","2502798","712-67-25-55-200-352","CLOSD","6920 Welara RUN","23120","Chesterfield","Townhouse","04/28/2025","$425,000","$425,000","35","Resale (occupied at least once)","2023","Greenwich Walk At Foxcreek","1,743","","2","2.1","Public Water","Sewer - Public","Cash","Individuals"
"501","2501342","C001-1100-033","CLOSD","3120 Lake Village DR","23235","Richmond City","Condominium","04/28/2025","$267,500","$259,000","48","Resale (occupied at least once)","1987","Summerhill At Stony Point Condo","910","0.03","1","1.0","Public Water","Sewer - Public","Cash","Individuals"
"501","2500902","030D-8-26","CLOSD","1575 Ole Bert DR","23139","Powhatan","Single Family Residence","04/28/2025","$774,500","$765,000","23","Resale (occupied at least once)","2021","Norwood Creek","3,853","2.96","4","3.1","Well","Septic - Conventional","Conventional","Individuals"
"501","2431742","777-754-1821","CLOSD","2202 Viking LN","23228","Henrico","Single Family Residence","04/28/2025","$399,950","$399,950","91","Resale (occupied at least once)","1979","Rock Hills","2,484","0.36","5","3.0","Public Water","Sewer - Public","Conventional","Individuals"
"501","2420237","716-68-26-11-700-000","CLOSD","15930 Hidden Falls DR","23120","Chesterfield","Single Family Residence","04/28/2025","$1,028,500","$1,146,698","2","New (never occupied)","2024","Woolridge Landing","2,773","0.36","4","4.1","Public Water","Sewer - Public","Other","Corporate"
"501","BRTVAHN2000854","823-724-0760","CLOSD","5 Holly AVE","23075","Henrico","Single Family Residence","04/28/2025","$219,900","$220,000","6","Resale (occupied at least once)","1937","HIGHLAND SPRINGS","1,460","0.00","3","2.0","Public Water","Public Sewer On Site","",""
"501","2501853","812-687-7159","CLOSD","2284 Mill RD","23231","Henrico","Single Family Residence","04/29/2025","$419,950","$422,950","31","Resale (occupied at least once)","1974","None","2,470","2.00","4","3.0","Well","Septic - Conventional","Conventional","Individuals"
"501","2423721","748-764-7692","CLOSD","4400 Dominion Forest CIR","23060","Henrico","Townhouse","04/29/2025","$614,150","$614,150","0","New (never occupied)","2024","Innsbrook Dominion Residences","2,040","","3","3.2","Public Water","Sewer - Public","Conventional","Corporate"
"501","2508216","7146609391","CLOSD","15424 Millwright RD","23832","Chesterfield","Single Family Residence","04/29/2025","$699,999","$659,999","0","New (never occupied)","2024","Harpers Mill","2,720","0.31","4","2.1","Public Water","Sewer - Public","Conventional","Corporate"
"501","2508141","787-65-60-48-500-000","CLOSD","4801 McAllister DR","23831","Chesterfield","Single Family Residence","04/29/2025","$315,000","$325,000","3","Resale (occupied at least once)","1973","Chesterbrook Farms","1,425","0.47","2","2.0","Public Water","Septic - Conventional","FHA New","Individuals"
"501","2507912","C005-0532-002","CLOSD","1355 Castleton RD","23225","Richmond City","Single Family Residence","04/29/2025","$379,900","$400,000","5","Resale (occupied at least once)","1965","Canterbury Hills","2,400","0.74","4","2.1","Public Water","Sewer - Public","Conventional","Individuals"
"501","2432306","794-63-23-74-300-000","CLOSD","15952 Sandwave RD","23831","Chesterfield","Single Family Residence","04/29/2025","$324,900","$327,000","98","Resale (occupied at least once)","1989","Somerset","1,604","0.22","4","3.0","Public Water","Sewer - Public","VA New","Individuals"
"501","2419290","Not Yet Assigned","CLOSD","12423 Wescott AVE","23112","Chesterfield","Condominium","04/29/2025","$321,305","$321,335","0","New (never occupied)","2024","Wescott","1,139","","2","2.0","Public Water","Sewer - Public","Cash","Corporate"
"501","2401528","W0000081034","CLOSD","9 E Main ST","23219","Richmond City","Townhouse","04/29/2025","$749,900","$758,272","341","New (never occupied)","2024","None","2,350","","3","3.1","Public Water","Sewer - Public","Conventional","Corporate"
"501","2506773","745-70-47-73-900-000","CLOSD","80 Reykin DR","23236","Chesterfield","Single Family Residence","04/29/2025","$398,000","$398,000","9","Resale (occupied at least once)","1965","Hylton Park","1,857","0.74","3","2.1","Public Water, Well","Sewer - Public","Cash","Individuals"
"501","2431935","771-743-2029","CLOSD","2328 Lenora Ln","23230","Henrico","Single Family Residence","04/29/2025","$324,500","$312,000","83","Resale (occupied at least once)","1954","Dickensdale","1,016","","3","1.0","Public Water","Sewer - Public","Conventional","Individuals"
"501","2507367","N0000908008","CLOSD","1016 Fourqurean LN","23222","Richmond City","Single Family Residence","04/29/2025","$296,000","$301,000","8","Resale (occupied at least once)","1951","Green Park","","0.20","4","2.0","Public Water","Sewer - Public","Conventional","Individuals"
"501","2505999","760-751-9290","CLOSD","7514 Donder RD","23294","Henrico","Single Family Residence","04/29/2025","$359,950","$360,000","11","Resale (occupied at least once)","1956","Tuckahoe Park","1,420","0.28","3","1.1","Public Water","Sewer - Public","Conventional","Individuals"
"501","2408663","728707631500000","CLOSD","118 Avenda LN","23114","Chesterfield","Townhouse","04/29/2025","$409,950","$405,000","327","New (never occupied)","2024","Sycamore Place","1,777","","3","3.1","Public Water","Sewer - Public","VA New","Corporate"
"501","2432382","743-768-7330","CLOSD","4709 Hearthstone RD","23059","Henrico","Single Family Residence","04/29/2025","$760,000","$755,000","90","Resale (occupied at least once)","2001","Hearthstone At Twin Hickory","3,409","0.27","5","3.1","Public Water","Sewer - Public","Conventional","Individuals"
"501","2502613","772-735-5697.029","CLOSD","5100 Monument AVE Unit#311","23230","Henrico","Condominium","04/29/2025","$220,000","$220,000","15","Resale (occupied at least once)","1961","5100 Monument","880","0.02","1","1.0","Public Water","Sewer - Public","Conventional","Individuals"
"501","2507449","20B-2-3","CLOSD","3750 Elliot Field Trace","23140","New Kent","Single Family Residence","04/29/2025","$449,950","$460,000","5","Resale (occupied at least once)","2022","Kingsfield","","0.52","4","1.2","Well","Septic - Conventional","Conventional","Individuals"
"1001","2416347","706-68-11-77-800-000","CLOSD","5618 Cabretta DR","23120","Chesterfield","Single Family Residence","04/29/2025","$579,950","$640,519","0","New (never occupied)","2025","Westerleigh","2,630","","4","2.1","Public Water","Sewer - Public","Conventional","Corporate"
"1001","2509161","808-716-1140","CLOSD","2533 Merle ST","23231","Henrico","Single Family Residence","04/29/2025","$175,000","$168,000","4","Resale (occupied at least once)","1980","Westhaven","960","0.24","3","1.0","Public Water","Sewer - Public","Cash","Individuals"
"1001","2508961","S006-0137-025","CLOSD","5306 Dorchester RD","23225","Richmond City","Single Family Residence","04/29/2025","$650,000","$777,000","8","Resale (occupied at least once)","1949","Westover Hills","2,844","0.20","3","2.1","Public Water","Sewer - Public","Cash","Individuals"
"1001","2508312","W000-1416-011","CLOSD","3113 W Grace ST","23221","Richmond City","Single Family Residence","04/29/2025","$1,150,000","$1,150,000","8","Resale (occupied at least once)","2023","Sheppard Estates","3,018","0.07","4","4.1","Public Water","Sewer - Public","Cash","Individuals"
"1001","2507745","W022-0191-017","CLOSD","207 Queen Charlotte RD","23221","Richmond City","Single Family Residence","04/29/2025","$1,750,000","$2,350,000","10","Resale (occupied at least once)","1949","Windsor Farms","4,326","0.48","4","3.2","Public Water","Sewer - Public","Cash","Individuals"
"1001","2507739","731-755-6145","CLOSD","2609 Quarterpath PL","23233","Henrico","Townhouse","04/29/2025","$375,000","$380,000","2","Resale (occupied at least once)","1987","Berkeley Pointe","1,408","0.04","3","2.1","Public Water","Sewer - Public","Conventional","Individuals"
"1001","2507524","749-70-24-25-400-000","CLOSD","200 Reams CT","23236","Chesterfield","Single Family Residence","04/29/2025","$359,950","$367,500","8","Resale (occupied at least once)","1978","Pleasant Ridge","1,536","0.17","3","1.1","Public Water","Sewer - Public","Conventional","Individuals"
"1001","2507389","28-10-0-2-0","CLOSD","2237 Humble LN","23063","Goochland","Single Family Residence","04/29/2025","$375,000","$375,000","4","New (never occupied)","2025","None","","3.00","3","2.0","Well","Septic - Conventional","Conventional","Individuals"
"1001","2507372","727-70-31-93-500-288","CLOSD","721 Woodland Creek WAY","23114","Chesterfield","Condominium","04/29/2025","$279,900","$305,000","2","Resale (occupied at least once)","2005","Bristol Village @ Charter Colony","1,340","","2","2.1","Public Water","Sewer - Public","Cash","Individuals"
"1001","2506844","773-762-0213","CLOSD","10102 Flanders RD","23228","Henrico","Single Family Residence","04/29/2025","$299,950","$355,614","4","Resale (occupied at least once)","1968","Terry Heights","1,170","0.32","3","2.0","Public Water","Sewer - Public","Conventional","Estate"
"1001","2506762","747-69-30-29-300-000","CLOSD","10421 Claybar TRL","23236","Chesterfield","Single Family Residence","04/29/2025","$274,950","$290,000","3","Resale (occupied at least once)","1982","Arrowhead","1,200","0.24","3","1.0","Public Water","Sewer - Public","FHA New","Individuals"
"1001","2506747","812-716-6730","CLOSD","4733 Altair RD","23231","Henrico","Single Family Residence","04/29/2025","$275,000","$280,000","5","Resale (occupied at least once)","2004","None","1,144","0.22","3","2.0","Public Water","Sewer - Public","Conventional","Individuals"
"1001","2506510","756-734-0986","CLOSD","218 Ralston RD","23229","Henrico","Single Family Residence","04/29/2025","$1,075,000","$1,218,000","13","Resale (occupied at least once)","1958","River Road Hills","3,683","0.33","5","4.0","Public Water","Sewer - Public","Cash","Individuals"
"1001","2506335","745-71-34-53-800-000","CLOSD","10811 Greenfield CT","23235","Chesterfield","Single Family Residence","04/29/2025","$399,900","$404,250","5","Resale (occupied at least once)","1968","Greenfield","1,724","0.41","3","1.2","Public Water","Sewer - Public","Conventional","Individuals"
"1001","2505749","W000-2029-003","CLOSD","4513 Monument AVE","23230","Richmond City","Single Family Residence","04/29/2025","$1,295,000","$1,440,000","2","Resale (occupied at least once)","1997","Monument Avenue Park","2,819","0.15","4","3.1","Public Water","Sewer - Public","Conventional","Individuals"
"1001","2505714","W019-0230-009","CLOSD","4625 Leonard PKY","23226","Richmond City","Single Family Residence","04/29/2025","$725,000","$832,000","11","Resale (occupied at least once)","1950","None","1,728","0.18","3","2.0","Public Water","Sewer - Public","Cash","Individuals"
"1001","2505392","8704-48-4418","CLOSD","7430 Tangle Ridge DR","23111","Hanover","Single Family Residence","04/29/2025","$490,000","$510,000","4","Resale (occupied at least once)","1987","Barnette Oaks","2,584","0.46","4","2.1","Public Water","Sewer - Public","Conventional","Individuals"
"1001","2505095","767-738-1276","CLOSD","1016 Pepper AVE","23226","Henrico","Single Family Residence","04/29/2025","$624,900","$618,000","5","Resale (occupied at least once)","1948","Acreage","1,582","0.20","3","2.0","Public Water","Sewer - Public","Conventional","Individuals"
"1001","2505036","22A13 1 1 199","CLOSD","7747 Sedge DR","23124","New Kent","Single Family Residence","04/29/2025","$590,000","$575,000","2","Resale (occupied at least once)","2019","The Arbors At New Kent Winery","2,072","0.29","4","4.0","Public Water","Sewer - Public","Conventional","Individuals"
"1001","2504427","796-66-52-94-000-000","CLOSD","10351 Ramona AVE","23237","Chesterfield","Single Family Residence","04/29/2025","$364,950","$367,200","9","New (never occupied)","2025","Halfway House Heights","1,400","0.29","3","2.1","Public Water","Sewer - Public","FHA New","Other"
"1001","2502803","W022-0083-034","CLOSD","116 Tempsford LN","23226","Richmond City","Single Family Residence","04/29/2025","$1,950,000","$1,750,000","52","Resale (occupied at least once)","1981","Wilton Rd","4,669","1.51","4","3.1","Public Water","Sewer - Public","Conventional","Individuals"
"1001","2502641","8737-04-4904","CLOSD","5480 Haws Shop TRL","23069","Hanover","Single Family Residence","04/29/2025","$524,400","$531,000","1","Resale (occupied at least once)","1986","None","2,760","2.67","4","3.0","Well","Septic - Conventional","VA New","Estate"
"1001","2501070","028B1-7-25","CLOSD","2825 Maple Lake TURN","23139","Powhatan","Single Family Residence","04/29/2025","$840,000","$832,500","32","Resale (occupied at least once)","2024","Maple Grove","3,140","2.28","4","3.1","Well","Septic - Conventional","Cash","Individuals"
"1001","2426567","747-745-6585","CLOSD","9601 Quioccasin RD","23238","Henrico","Single Family Residence","04/29/2025","$305,000","$337,850","3","Resale (occupied at least once)","1963","Farmington","2,068","0.30","4","2.1","Public Water","Sewer - Public","Cash","Estate"
"1001","2422104","755698740100000","CLOSD","8731 Bethany Creek AVE","23236","Chesterfield","Single Family Residence","04/29/2025","$489,990","$521,548","175","New (never occupied)","2024","Bethany Creek Park","1,664","","3","2.1","Public Water","Sewer - Public","Conventional","Corporate"
"1001","2413590","739-755-7201","CLOSD","12165 Morning WALK","23233","Henrico","Townhouse","04/29/2025","$523,990","$536,995","0","New (never occupied)","2024","Shire Walk","2,103","","3","3.1","Public Water","Sewer - Public","Conventional","Corporate"
"1001","2230635","708-69-72-07-700-000","CLOSD","2036 Tulip Hill DR","23112","Chesterfield","Single Family Residence","04/29/2025","$975,000","$1,403,063","371","New (never occupied)","2022","Hallsley","3,508","0.42","4","3.1","Public Water","Sewer - Public","Conventional","Corporate"
"1001","BRTVACF2001082","753702197000000","CLOSD","9051 Redbridge RD","23224","Chesterfield","Single Family Residence","04/29/2025","$260,000","$200,000","4","Resale (occupied at least once)","1973","CHESTERFIELD","1,542","0.45","5","3.0","Public Water","Public Sewer On Site, Septic - Shared","",""
"1001","BRTVAHA2000916","8726-15-8496","CLOSD","9275 Salem Creek PL","23162","Hanover","Single Family Residence","04/29/2025","$728,500","$728,500","21","Resale (occupied at least once)","1990","PINE SLASH","3,782","10.01","4","3.0","Well","Septic","",""
"1001","2500709","799-63-75-85-500-000","CLOSD","2721 Tinstree DR","23834","Chesterfield","Single Family Residence","04/30/2025","$330,000","$325,000","72","Resale (occupied at least once)","1980","Tinsberry Trace","1,788","0.18","4","2.0","Public Water","Sewer - Public","FHA New","Individuals"
"1001","2432664","771-776-1197","CLOSD","3245 Greenwood CT","23059","Henrico","Single Family Residence","04/30/2025","$589,950","$560,000","19","Resale (occupied at least once)","1990","None","2,348","1.46","4","2.0","Well","Septic - Conventional","Conventional","Individuals"
"1001","BRTVAHA2000902","7826-32-7589","CLOSD","16410 Tyler Station RD","23015","Hanover","Single Family Residence","04/30/2025","$495,000","$495,000","37","Resale (occupied at least once)","2022","NONE","1,856","10.17","3","3.0","Well","","",""
"1001","2412140","8754-99-0455","CLOSD","3315 Craftmaster CT","23111","Hanover","Single Family Residence","04/30/2025","$805,895","$850,818","88","New (never occupied)","2024","None","2,572","18.90","4","2.1","Well","Septic - Conventional","Conventional","Corporate"
"1001","2505580","N0001793050","CLOSD","3446 Carlton ST Unit#6-7A","23230","Richmond City","Condominium","04/30/2025","$569,974","$569,974","37","New (never occupied)","2025","Mason Yards","2,529","","3","2.1","Public Water","Sewer - Public","Conventional","Corporate"
"1001","2432694","723-66-68-21-100-000","CLOSD","14503 Leamington DR","23832","Chesterfield","Single Family Residence","04/30/2025","$475,000","$475,000","80","Resale (occupied at least once)","1989","Birkdale","2,708","0.37","4","2.1","Public Water","None","FHA New","Individuals"
"1001","2430101","779-771-6387","CLOSD","10860 Farmstead Mill LN","23059","Henrico","Townhouse","04/30/2025","$467,755","$467,755","86","New (never occupied)","2025","River Mill","1,657","","3","2.1","Public Water","Sewer - Public","Conventional","Corporate"
"1001","2425494","Not Yet Assigned","CLOSD","4706 Tuscany PL","23120","Chesterfield","Single Family Residence","04/30/2025","$939,895","$939,895","33","New (never occupied)","2024","East Estates At Mount Hermon","5,105","","7","6.1","Public Water","Sewer - Public","Cash","Corporate"
"1001","2504219","7826-32-7589","CLOSD","16410 Tyler Station RD","23015","Hanover","Single Family Residence","04/30/2025","$495,000","$495,000","36","Resale (occupied at least once)","2022","Tyler Station","1,856","10.17","3","3.0","Well","Septic - Conventional","FHA New","Individuals"
"1001","2500548","TBD","CLOSD","13287 Garland LN","23114","Chesterfield","Condominium","04/30/2025","$372,585","$363,505","16","New (never occupied)","2024","Coalfield Station","1,974","","2","2.0","Public Water","Sewer - Public","Conventional","Corporate"
"1001","2427743","798661695700000","CLOSD","2100 Seminole AVE","23831","Chesterfield","Single Family Residence","04/30/2025","$559,990","$549,990","147","New (never occupied)","2024","Rolling Ridge","2,974","","5","3.0","Public Water","Sewer - Public","VA New","Corporate"
"1001","2506308","761-68-82-75-100-000","CLOSD","8005 Sussex PL","23832","Chesterfield","Single Family Residence","04/30/2025","$345,000","$365,000","8","Resale (occupied at least once)","1981","Sussex Estate","1,248","0.30","3","2.1","Public Water","Sewer - Public","Conventional","Corporate"
"1001","2501281","700-68-94-21-000-000","CLOSD","3901 Tuckmar Pond DR","23120","Chesterfield","Single Family Residence","04/30/2025","$679,950","$679,950","55","New (never occupied)","2025","Tuckmar Farm","2,857","0.37","4","3.0","Public Water","Sewer - Public","Conventional","Corporate"
"1001","2503955","42-28-0-22-0","CLOSD","918 Newsome CT","23063","Goochland","Single Family Residence","04/30/2025","$599,000","$555,000","45","Resale (occupied at least once)","2004","Village Hill","3,119","0.55","5","2.1","Public Water","Sewer - Public","Conventional","Individuals"
"1001","2501356","33B6 3 1 21","CLOSD","5800 Ginger DR","23140","New Kent","Townhouse","04/30/2025","$384,440","$384,440","14","New (never occupied)","2025","None","1,915","0.00","3","2.1","Public Water","Sewer - Public","Conventional","Corporate"
"1001","2428934","119751","CLOSD","7894 Arbor Marsh TER","23124","New Kent","Single Family Residence","04/30/2025","$471,990","$471,990","148","New (never occupied)","2024","The Arbors At New Kent Winery","2,237","","4","2.1","Public Water","Sewer - Public","FHA New","Corporate"
"1001","2428913","792-64-73-30-600-000","CLOSD","4018 Hidden Valley RD","23831","Chesterfield","Single Family Residence","04/30/2025","$399,950","$409,000","112","Resale (occupied at least once)","1975","Hidden Valley Estates","2,553","0.40","4","2.1","Public Water","Sewer - Public","Conventional","Individuals"
"1001","2508094","770-69-14-18-400-000","CLOSD","4045 Laurelwood RD","23234","Chesterfield","Single Family Residence","04/30/2025","$295,000","$315,000","6","Resale (occupied at least once)","1972","Belfair","1,840","0.35","3","1.1","Public Water","Sewer - Public","Conventional","Individuals"
"1001","2501639","743-766-2707","CLOSD","4816 Cobblestone Landing PL","23059","Henrico","Single Family Residence","04/30/2025","$925,000","$925,000","16","Resale (occupied at least once)","2005","Cobblestone Landing @ Twin Hickory","4,765","0.29","6","4.2","Public Water","Sewer - Public","Conventional","Individuals"
"1001","2507751","792668885800000","CLOSD","2724 Galena AVE","23237","Chesterfield","Single Family Residence","04/30/2025","$255,000","$264,500","7","Resale (occupied at least once)","1959","Quail Oaks","","0.79","2","1.0","Public Water","Sewer - Public","FHA New","Individuals"
"1001","2508066","N000-1269-022","CLOSD","3617 Maryland AVE","23222","Richmond City","Single Family Residence","04/30/2025","$329,000","$345,000","4","Resale (occupied at least once)","1941","North Highland Park","1,584","0.27","3","1.1","Public Water","Sewer - Public","Conventional","Corporate"
"1001","2506269","716712460900000","CLOSD","15907 Misty Blue ALY","23113","Chesterfield","Townhouse","04/30/2025","$449,808","$449,807","28","New (never occupied)","2025","Edge at Westchester","2,050","","3","3.1","Public Water","Sewer - Public","Conventional","Corporate"
"1001","2501273","770-69-49-79-300-000","CLOSD","2901 Haddington CT","23224","Chesterfield","Townhouse","04/30/2025","$255,000","$255,000","62","Resale (occupied at least once)","1973","Newberry Towne","1,584","0.08","3","2.1","Public Water","Sewer - Public","FHA New","Corporate"
"1001","2504160","736-66-97-14-400-000","CLOSD","8825 Bailey Hill RD","23112","Chesterfield","Single Family Residence","04/30/2025","$624,999","$624,999","38","Resale (occupied at least once)","2017","Bayhill Pointe","4,030","0.54","5","4.1","Public Water","Sewer - Public","Conventional","Individuals"
"1001","2501283","30-26-0-2-0","CLOSD","2164 Sandy Hook RD","23063","Goochland","Single Family Residence","04/30/2025","$639,950","$640,000","27","New (never occupied)","2024","None","2,352","4.00","3","3.1","Well","Septic - Conventional","FHA New","Corporate"
"1001","2425350","755698740100000","CLOSD","8830 Bethany Creek AVE","23236","Chesterfield","Single Family Residence","04/30/2025","$524,990","$524,990","123","New (never occupied)","2024","Bethany Creek Park","1,664","","3","2.1","Public Water","Sewer - Public","FHA New","Corporate"
"1001","2501216","789-64-88-77-500-000","CLOSD","12935 Erlene DR","23831","Chesterfield","Single Family Residence","04/30/2025","$450,000","$450,000","58","Resale (occupied at least once)","1965","Victoria Hills","2,912","","4","4.1","Public Water","Septic - Conventional","Cash","Individuals"
"1001","2429824","774-67-78-40-900-000","CLOSD","5716 Winterleaf DR","23234","Chesterfield","Single Family Residence","04/30/2025","$325,000","$321,500","117","Resale (occupied at least once)","1994","Hilmar","1,568","0.52","3","2.1","Public Water","Sewer - Public","Conventional","Individuals"
"1001","2430013","778-755-0370","CLOSD","2108 Buckeye DR","23228","Henrico","Single Family Residence","04/30/2025","$450,000","$450,000","14","Resale (occupied at least once)","1955","Valentine Hills","2,408","0.36","3","2.0","Public Water","Sewer - Public","Conventional","Corporate"
"1001","2505290","730-68-70-93-200-000","CLOSD","3201 Quail Hill DR","23112","Chesterfield","Single Family Residence","04/30/2025","$420,000","$430,000","5","Resale (occupied at least once)","1979","Brandermill","1,548","0.37","3","2.1","Public Water","Sewer - Public","Conventional","Individuals"
"1001","2501996","791-66-86-53-900-000","CLOSD","2942 Galena AVE","23237","Chesterfield","Single Family Residence","04/30/2025","$250,000","$250,000","58","Resale (occupied at least once)","1962","Quail Oaks","1,040","0.28","3","1.0","Public Water","Sewer - Public","FHA New","Individuals"
"1001","2501635","718-66-66-57-500-000","CLOSD","7901 Hartridge DR","23832","Chesterfield","Single Family Residence","04/30/2025","$659,900","$659,900","61","Resale (occupied at least once)","2023","Harpers Mill","3,060","0.41","5","3.0","Public Water","Sewer - Public","Conventional","Individuals"
"1001","2507273","118060","CLOSD","11399 Oakbow CT","23124","New Kent","Single Family Residence","04/30/2025","$378,900","$378,900","4","Resale (occupied at least once)","2021","The Oaks","","","4","2.1","Public Water","Sewer - Public","VHDA/FHA","Individuals"
"1001","2430025","C001-1004-018","CLOSD","10012 Oldfield DR","23235","Richmond City","Single Family Residence","04/30/2025","$510,000","$478,500","114","Resale (occupied at least once)","1961","Hobby Hill Farms","3,040","0.49","4","3.0","Public Water","Sewer - Public","Conventional","Individuals"
"1001","2507573","827-713-9390","CLOSD","107 E Gray ST","23150","Henrico","Single Family Residence","04/30/2025","$255,000","$260,000","3","Resale (occupied at least once)","1955","Sandston","1,040","0.26","3","1.0","Public Water","Sewer - Public","FHA New","Individuals"
"1001","2505529","708661404200000","CLOSD","8842 Farthing DR","23832","Chesterfield","Single Family Residence","04/30/2025","$660,990","$618,494","19","New (never occupied)","2025","Harpers Mill","","","5","3.0","Public Water","Sewer - Public","Cash","Corporate"
"1001","2502712","811-716-3749","CLOSD","4507 Eastover AVE","23231","Henrico","Single Family Residence","04/30/2025","$224,950","$224,950","46","Resale (occupied at least once)","1948","Gilbert Gardens","846","0.20","3","1.0","Public Water","Sewer - Public","Conventional","Corporate"
"1001","2500723","771-69-45-36-600-000","CLOSD","6008 Newington DR","23224","Chesterfield","Townhouse","04/30/2025","$250,000","$258,000","87","Resale (occupied at least once)","1975","Newberry Towne","1,760","0.07","3","2.0","Public Water","Sewer - Public","VA New","Individuals"
"1001","2432503","793-66-62-67-300-000","CLOSD","9936 Brandywine AVE","23237","Chesterfield","Single Family Residence","04/30/2025","$289,900","$294,900","94","Resale (occupied at least once)","1995","Central Park","1,120","0.26","3","2.0","Public Water","Septic - Conventional","FHA New","Corporate"
"1001","2432135","8705-69-2305","CLOSD","8515 Shady Grove RD","23116","Hanover","Single Family Residence","04/30/2025","$299,999","$305,000","16","Resale (occupied at least once)","1953","Sharon Park","1,096","0.55","3","1.0","Well","Septic - Conventional","FHA New","Corporate"
"1001","2507553","758-741-2044","CLOSD","1103 Ocala RD","23229","Henrico","Single Family Residence","04/30/2025","$459,000","$449,000","17","Resale (occupied at least once)","1952","West Forest Heights","1,592","0.26","3","2.0","Public Water","Sewer - Public","Conventional","Individuals"
"1001","2507410","751-751-4943","CLOSD","9701 Fort King RD","23229","Henrico","Single Family Residence","04/30/2025","$384,950","$385,000","6","Resale (occupied at least once)","1985","Fort King Estates","1,328","0.32","3","2.1","Public Water","Sewer - Public","Conventional","Corporate, Individuals"
"1001","2412814","728707611200000","CLOSD","130 Avenda LN","23114","Chesterfield","Townhouse","04/30/2025","$424,950","$430,000","273","New (never occupied)","2024","Sycamore Place","1,792","","4","3.1","Public Water","Sewer - Public","Conventional","Corporate"
"1001","2501882","826-717-1669","CLOSD","206 Pickett AVE","23150","Henrico","Single Family Residence","04/30/2025","$362,000","$362,000","25","Resale (occupied at least once)","1946","None","1,757","0.23","3","2.0","Public Water","Sewer - Public","Conventional","Partnership"
"1001","2508133","S000-0641-015","CLOSD","1805 Halifax AVE","23224","Richmond City","Single Family Residence","04/30/2025","$199,500","$200,000","5","Resale (occupied at least once)","1940","Mason Park","670","0.13","2","1.0","Public Water","Sewer - Public","FHA New","Individuals"
"1001","2508483","7797-44-1342","CLOSD","10220 Thor LN","23116","Hanover","Single Family Residence","04/30/2025","$449,950","$460,000","6","Resale (occupied at least once)","1973","Kingswood Court","2,164","0.41","4","2.1","Public Water","Sewer - Public","Conventional","Individuals"
"1001","2500491","7787-37-2108","CLOSD","10526 Stony Bluff Drive Unit#102","23005","Hanover","Condominium","04/30/2025","$300,000","$300,000","40","New (never occupied)","2024","Stony Run","1,156","","2","2.0","Public Water","Sewer - Public","Conventional","Corporate"
"1001","2507828","782-744-6132","CLOSD","5315 Bloomingdale AVE","23228","Henrico","Single Family Residence","04/30/2025","$289,000","$290,000","2","Resale (occupied at least once)","1953","Bloomingdale","","0.17","2","1.0","Public Water","Sewer - Public","FHA New","Individuals"
"1001","2507253","C001-1100-070","CLOSD","3116 Lake Shire CT","23235","Richmond City","Condominium","04/30/2025","$275,000","$275,000","3","Resale (occupied at least once)","1987","Summerhill At Stony Point Condo","910","0.03","2","1.0","Public Water","Sewer - Public","Cash","Individuals"
"1001","2500478","739-776-7061.038","CLOSD","5603 Ashton Park CT","23059","Henrico","Condominium","04/30/2025","$579,000","$553,000","38","Resale (occupied at least once)","1998","Ashton Park","2,572","0.16","4","3.1","Public Water","Sewer - Public","Conventional","Estate"
"1001","2504504","742-760-8822","CLOSD","3823 Duckling WALK","23060","Henrico","Townhouse","04/30/2025","$720,000","$720,000","6","Resale (occupied at least once)","2011","West Broad Village","3,166","0.04","4","4.1","Public Water","Sewer - Public","Conventional","Individuals"
"1001","2505722","TBD","CLOSD","332 Camerons Ferry DR","23060","Henrico","Single Family Residence","04/30/2025","$510,864","$510,864","12","New (never occupied)","2025","Retreat at One","2,210","","4","2.1","Public Water","Sewer - Public","Conventional","Corporate"
"1001","2509867","738710932500020","CLOSD","1432 Tannery CIR","22313","Chesterfield","Condominium","04/30/2025","$355,000","$350,000","0","Resale (occupied at least once)","1999","Buckingham Wood","","","2","1.1","Public Water","Sewer - Public","Cash","Individuals"
"1001","2505621","758-68-96-74-000-000","CLOSD","8409 Bagette RD","23235","Chesterfield","Single Family Residence","04/30/2025","$395,000","$410,000","6","Resale (occupied at least once)","1967","Longwood Acres","1,947","0.39","3","2.1","Public Water","Septic - Conventional","FHA New","Individuals"
"1001","2502550","C007-0166-146","CLOSD","925 Derrymore RD","23225","Richmond City","Single Family Residence","04/30/2025","$295,000","$300,000","2","Resale (occupied at least once)","1987","Derrymore Court","1,526","0.18","3","1.1","Public Water","Sewer - Public","Conventional","Individuals"
"1001","2421799","739-68-95-53-200-000","CLOSD","2811 McManaway DR","23112","Chesterfield","Single Family Residence","04/30/2025","$349,990","$330,000","179","Resale (occupied at least once)","1981","Clarendon","1,820","0.41","3","2.0","Public Water","Sewer - Public","FHA New","Individuals"
"1001","2507691","785-764-7615","CLOSD","9711 Telegraph RD","23060","Henrico","Single Family Residence","04/30/2025","$334,000","$334,000","3","Resale (occupied at least once)","1924","Stonefield","1,600","0.35","3","1.1","Public Water","Sewer - Public","FHA New","Individuals"
"1001","2506105","789-756-3448","CLOSD","8303 St Charles RD","23227","Henrico","Single Family Residence","04/30/2025","$359,000","$347,000","17","Resale (occupied at least once)","1986","Wildwood","1,152","0.35","3","2.0","Public Water","Sewer - Public","Cash","Individuals"
"1001","2501009","S008-0747-010","CLOSD","3300 Davee RD","23234","Richmond City","Single Family Residence","04/30/2025","$239,900","$250,000","58","Resale (occupied at least once)","1948","Davee Gardens","1,332","0.22","3","2.0","Public Water","Sewer - Public","FHA New","Corporate"
"1001","2509978","8725-56-2382","CLOSD","8323 Raven Run DR","23111","Hanover","Single Family Residence","04/30/2025","$225,000","$238,000","3","Resale (occupied at least once)","1980","Raven Run","2,326","0.49","5","1.1","Public Water","Sewer - Public","Private","Corporate"
"1001","2508881","758-68-83-67-000-000","CLOSD","8511 Lyndale DR","23235","Chesterfield","Single Family Residence","04/30/2025","$375,000","$400,000","5","Resale (occupied at least once)","1965","Longwood Acres","2,647","0.46","5","2.0","Public Water","Septic - Conventional","FHA New","Individuals"
"1001","2508799","W022-0266-004","CLOSD","4201 Oxford CIR","23221","Richmond City","Single Family Residence","04/30/2025","$1,650,000","$1,815,000","8","Resale (occupied at least once)","1958","Windsor Farms","5,783","0.50","5","4.0","Public Water","Sewer - Public","Cash","Individuals"
"1001","2508527","738-69-88-77-100-000","CLOSD","812 Glenhaven RD","23236","Chesterfield","Single Family Residence","04/30/2025","$439,900","$430,000","2","Resale (occupied at least once)","1982","Smoketree","2,272","0.25","3","3.0","Public Water","Sewer - Public","Conventional","Individuals"
"1001","2508470","774-768-9810","CLOSD","2659 Forget Me Not LN","23060","Henrico","Single Family Residence","04/30/2025","$649,990","$644,990","4","New (never occupied)","2025","Greenhouse","","0.28","4","3.0","Public Water","Sewer - Public","Conventional","Corporate"
"1001","2508217","N000-0420-006","CLOSD","1706 5th AVE","23222","Richmond City","Single Family Residence","04/30/2025","$275,000","$287,000","4","Resale (occupied at least once)","1900","Chestnut Hills","2,976","0.11","3","2.1","Public Water","Sewer - Public","FHA New","Individuals"
"1001","2508170","745-738-9467","CLOSD","9403 Wishart RD","23229","Henrico","Single Family Residence","04/30/2025","$725,000","$805,000","5","Resale (occupied at least once)","1965","Brandon West","3,088","0.66","4","3.1","Public Water","Sewer - Public","Conventional","Individuals"
"1001","2508095","N000-0968-026","CLOSD","3005 Moss Side AVE","23222","Richmond City","Single Family Residence","04/30/2025","$385,000","$400,000","4","Resale (occupied at least once)","1923","Ginter Park Terrace","2,369","0.17","3","2.1","Public Water","Sewer - Public","Cash","Individuals"
"1001","2508051","041A-4-19","CLOSD","1659 Huntington Woods TRL","23139","Powhatan","Single Family Residence","04/30/2025","$1,400,000","$1,395,000","4","New (never occupied)","2025","Trails At Huntington","","4.34","5","4.1","Well","Septic - Conventional","Conventional","Corporate"
"1001","2507914","N000-1147-017","CLOSD","516 Arnold AVE","23222","Richmond City","Single Family Residence","04/30/2025","$298,000","$300,000","7","Resale (occupied at least once)","1924","North Manor","2,250","0.12","3","1.1","Public Water","Sewer - Public","Conventional","Individuals"
"1001","2507632","8714-69-8765","CLOSD","7992 Meadow DR","23111","Hanover","Single Family Residence","04/30/2025","$359,950","$359,950","3","Resale (occupied at least once)","1957","Spring Meadows","1,552","0.36","3","2.0","Public Water","Sewer - Public","Conventional","Individuals"
"1001","2507613","727-70-31-93-500-200","CLOSD","624 Bristol Village DR Unit#308","23114","Chesterfield","Condominium","04/30/2025","$219,000","$214,000","12","Resale (occupied at least once)","2005","Bristol Village @ Charter Colony","1,140","","1","1.0","Public Water","Sewer - Public","Cash","Individuals"
"1001","2507603","758-765-0884","CLOSD","5124 Fairlake LN","23060","Henrico","Single Family Residence","04/30/2025","$424,900","$436,000","5","Resale (occupied at least once)","1988","Reids Pointe","1,471","0.18","4","2.0","Public Water","Sewer - Public","Conventional","Individuals"
"1001","2507544","N017-0443-003","CLOSD","3908 Teakwood AVE","23227","Richmond City","Single Family Residence","04/30/2025","$380,000","$412,000","2","Resale (occupied at least once)","1954","Rosedale","1,339","0.16","2","1.0","Public Water","Sewer - Public","Conventional","Individuals"
"1001","2507424","W000-1704-201","CLOSD","703 N Hamilton ST Unit#D","23221","Richmond City","Condominium","04/30/2025","$304,997","$325,000","8","Resale (occupied at least once)","1962","Mount Vernon Condominiums","828","0.02","2","1.1","Public Water","Sewer - Public","Conventional","Individuals"
"1001","2507423","811-64-78-77-100-000","CLOSD","518 Rebel Ridge RD","23834","Chesterfield","Single Family Residence","04/30/2025","$480,000","$475,000","5","Resale (occupied at least once)","1996","Walthallmill","2,218","2.58","3","2.0","Public Water","Septic - Conventional","Conventional","Individuals"
"1001","2507418","8724-44-1924","CLOSD","6292 Kennedy CT","23111","Hanover","Single Family Residence","04/30/2025","$415,000","$420,000","5","Resale (occupied at least once)","1987","Lincoln Hills","1,903","0.41","4","2.1","Public Water","Sewer - Public","Conventional","Individuals"
"1001","2507402","793-66-20-40-200-000","CLOSD","10907 Crofton RD","23831","Chesterfield","Single Family Residence","04/30/2025","$340,000","$342,000","3","Resale (occupied at least once)","1987","Chipchase At Mineola","1,638","0.38","3","2.1","Public Water","Sewer - Public","Conventional","Individuals"
"1001","2507065","802-729-4119","CLOSD","2107 Binford LN","23223","Henrico","Townhouse","04/30/2025","$229,000","$215,000","7","Resale (occupied at least once)","1973","Montezuma Village","1,330","0.06","3","1.1","Public Water","Sewer - Public","Other","Individuals"
"1001","2507026","740-66-92-30-800-000","CLOSD","11807 Longfellow DR","23112","Chesterfield","Single Family Residence","04/30/2025","$475,000","$488,000","5","Resale (occupied at least once)","2006","Bayhill Pointe","","0.49","4","2.1","Public Water","Sewer - Public","Conventional","Individuals"
"1001","2506959","13-12-3","CLOSD","6409 Salem Run RD","23030","Charles City County","Single Family Residence","04/30/2025","$379,000","$396,289","3","Resale (occupied at least once)","2002","None","","5.71","3","2.0","Well","Septic - Conventional","FHA New","Individuals"
"1001","2506686","S000-2917-024","CLOSD","4013 Crutchfield ST","23225","Richmond City","Single Family Residence","04/30/2025","$265,000","$295,000","3","Resale (occupied at least once)","1932","Forest Hill Park Annex","936","0.24","2","1.0","Public Water","Sewer - Public","Conventional","Individuals"
"1001","2506626","759-760-3707","CLOSD","4200 Donaldwood DR","23294","Henrico","Single Family Residence","04/30/2025","$369,900","$385,000","3","Resale (occupied at least once)","1965","West End Manor","1,774","0.26","4","2.1","Public Water","Sewer - Public","Conventional","Individuals"
"1001","2506623","747-734-9733","CLOSD","8912 River RD","23229","Henrico","Single Family Residence","04/30/2025","$1,175,000","$1,440,000","9","Resale (occupied at least once)","1968","Sleepy Hollow Estates","3,714","0.60","5","5.0","Public Water","Sewer - Public","Cash","Individuals"
"1001","2506611","706-66-96-37-800-000","CLOSD","7625 Rock Cress DR","23120","Chesterfield","Single Family Residence","04/30/2025","$989,000","$950,000","4","Resale (occupied at least once)","2016","Magnolia Green","4,410","0.35","5","4.1","Public Water","Sewer - Public","Conventional","Individuals"
"1001","2506426","768-773-0823","CLOSD","3812 Nightmuse WAY","23059","Henrico","Single Family Residence","04/30/2025","$729,000","$742,500","5","Resale (occupied at least once)","2002","Hunton Estates","3,596","0.51","5","3.1","Public Water","Sewer - Public","Conventional","Individuals"
"1001","2506327","8715-79-0597","CLOSD","7320 Dress Blue CIR","23116","Hanover","Condominium","04/30/2025","$400,000","$400,000","4","Resale (occupied at least once)","2005","The Bluffs At Bell Creek","","","2","2.0","Community Well, Public Water","Sewer - Public","Conventional","Individuals"
"1001","2506324","732-68-45-39-800-000","CLOSD","12800 Forest Mill DR","23112","Chesterfield","Single Family Residence","04/30/2025","$500,000","$511,200","5","Resale (occupied at least once)","2003","Old Hundred Mill","2,649","0.24","5","3.0","Public Water","Sewer - Public","Conventional","Individuals"
"1001","2506293","N000-0707-017","CLOSD","2707 Woodrow AVE","23222","Richmond City","Single Family Residence","04/30/2025","$459,900","$465,000","5","Resale (occupied at least once)","1923","Brookland Park","2,008","0.17","4","2.1","Public Water","Sewer - Public","Conventional","Other"
"1001","2506232","785-67-67-07-200-000","CLOSD","3742 Lacroix WAY","23237","Chesterfield","Single Family Residence","04/30/2025","$419,950","$410,000","10","Resale (occupied at least once)","2021","Silverleaf","2,260","0.29","3","2.1","Public Water","Sewer - Public","FHA New","Individuals"
"1001","2506179","738-68-86-33-800-000","CLOSD","3006 Shiloh Church RD","23112","Chesterfield","Single Family Residence","04/30/2025","$299,950","$300,000","6","Resale (occupied at least once)","1985","South Ridge","1,008","0.23","3","2.0","Public Water","Sewer - Public","FHA New","Individuals"
"1001","2506162","740-755-3511.037","CLOSD","2468 Gold Leaf CIR","23233","Henrico","Condominium","04/30/2025","$690,000","$690,000","3","Resale (occupied at least once)","2018","John Rolfe Square","2,741","","3","2.1","Public Water","Sewer - Public","Cash","Individuals"
"1001","2506119","758-68-29-60-800-000","CLOSD","8608 Sunnygrove RD","23832","Chesterfield","Single Family Residence","04/30/2025","$475,000","$415,000","9","Resale (occupied at least once)","1988","None","2,495","1.98","2","2.0","Public Water","Septic - Conventional","Cash","Estate"
"1001","2506095","W000-0998-030","CLOSD","2222 Floyd AVE","23220","Richmond City","Single Family Residence","04/30/2025","$775,000","$928,299","6","Resale (occupied at least once)","1911","None","1,912","0.06","3","2.1","Public Water","Sewer - Public","Conventional","Individuals"
"1001","2506061","733-71-56-88-900-000","CLOSD","12604 Swanhurst CIR","23113","Chesterfield","Single Family Residence","04/30/2025","$819,000","$820,000","7","Resale (occupied at least once)","1990","Roxshire","3,982","0.77","5","4.1","Public Water","Sewer - Public","Conventional","Individuals"
"1001","2506048","720-67-70-36-300-000","CLOSD","5703 Grove Forest CT","23112","Chesterfield","Single Family Residence","04/30/2025","$495,000","$495,000","6","Resale (occupied at least once)","1989","Woodlake","2,327","0.25","5","2.1","Public Water","Sewer - Public","Conventional","Individuals"
"1001","2505941","750-736-0734","CLOSD","8655 Riverwood DR","23229","Henrico","Single Family Residence","04/30/2025","$789,000","$855,000","6","Resale (occupied at least once)","1959","Sleepy Hollow","2,712","0.59","3","2.1","Public Water","Sewer - Public","Cash","Individuals"
"1001","2505846","729-763-9558","CLOSD","12507 Gayton Station BLVD","23233","Henrico","Single Family Residence","04/30/2025","$499,950","$505,000","12","Resale (occupied at least once)","1994","Gayton Station","1,762","0.21","4","2.1","Public Water","Sewer - Public","Conventional","Corporate, Individuals"
"1001","2505666","745-770-4859.016","CLOSD","5060 Park Commons LOOP","23059","Henrico","Condominium","04/30/2025","$599,500","$599,500","4","Resale (occupied at least once)","2005","Park Commons At Twin Hickory","2,145","0.15","3","2.0","Public Water","Sewer - Public","Cash","Individuals"
"1001","2505616","8764-49-2860","CLOSD","7507 Flannigan Mill RD","23111","Hanover","Single Family Residence","04/30/2025","$400,000","$450,000","5","Resale (occupied at least once)","1976","Hidden Lake Estates","1,762","1.20","3","2.1","Well","Septic - Conventional","Conventional","Individuals"
"1001","2505546","737-67-25-00-200-000","CLOSD","12612 Erika Hill PL","23112","Chesterfield","Single Family Residence","04/30/2025","$480,000","$480,000","2","Resale (occupied at least once)","2003","Bayhill Pointe","2,486","0.64","4","2.1","Public Water","Sewer - Public","Cash","Individuals"
"1001","2505530","812-694-3260","CLOSD","7338 Willson RD","23231","Henrico","Single Family Residence","04/30/2025","$225,000","$265,000","7","Resale (occupied at least once)","1957","Acreage","950","1.07","3","1.0","Well","Septic - Conventional","Conventional","Individuals"
"1001","2505507","W019-0080-014","CLOSD","4709 Augusta AVE","23230","Richmond City","Single Family Residence","04/30/2025","$400,000","$461,250","9","Resale (occupied at least once)","1952","Monument Avenue Park","983","0.14","3","1.0","Public Water","Sewer - Public","Conventional","Individuals"
"1001","2505309","015-23B","CLOSD","4346 Three Bridge RD","23139","Powhatan","Single Family Residence","04/30/2025","$635,000","$635,000","7","Resale (occupied at least once)","2023","None","2,371","2.21","4","2.1","Well","Septic - Conventional","Conventional","Individuals"
"1001","2505287","809-721-0051","CLOSD","4309 2nd ST","23223","Henrico","Single Family Residence","04/30/2025","$233,900","$212,000","19","Resale (occupied at least once)","1937","Windsor Place","760","0.20","2","1.0","Public Water","Sewer - Public","Cash","Individuals"
"1001","2505197","58-34-3-10-0","CLOSD","203 Kinloch RD","23103","Goochland","Single Family Residence","04/30/2025","$2,400,000","$2,400,000","11","Resale (occupied at least once)","2007","Kinloch","5,706","1.48","4","4.1","Public Water","Sewer - Public","Cash","Individuals"
"1001","2505138","769-741-3906","CLOSD","6319 Morningside DR","23226","Henrico","Single Family Residence","04/30/2025","$390,000","$412,000","5","Resale (occupied at least once)","1951","Westwood Terrace","1,008","0.25","3","1.0","Public Water","Sewer - Public","Conventional","Corporate"
"1001","2505085","753691071600000","CLOSD","9605 St. Regis CT","23236","Chesterfield","Single Family Residence","04/30/2025","$625,000","$625,000","5","Resale (occupied at least once)","1988","Bexley West","","","5","2.1","Public Water","Sewer - Public","Conventional","Individuals"
"1001","2505083","718-71-66-75-300-000","CLOSD","14706 Felbridge WAY","23113","Chesterfield","Single Family Residence","04/30/2025","$1,200,000","$1,175,000","7","Resale (occupied at least once)","2005","Rosemont","5,794","1.00","5","5.1","Public Water","Sewer - Public","Conventional","Estate"
"1001","2504953","N000-0642-004","CLOSD","2610 Barton AVE","23222","Richmond City","Single Family Residence","04/30/2025","$535,000","$555,000","3","Resale (occupied at least once)","1920","Barton Heights","2,951","0.16","4","3.0","Public Water","Sewer - Public","Conventional","Individuals"
"1001","2504779","800-735-3227","CLOSD","1900 Byron ST","23222","Henrico","Single Family Residence","04/30/2025","$259,900","$255,000","26","Resale (occupied at least once)","1938","Ratcliffe","1,500","0.15","3","1.0","Public Water","Sewer - Public","FHA New","Individuals"
"1001","2504538","806-711-4952","CLOSD","5603 Randall AVE","23231","Henrico","Single Family Residence","04/30/2025","$305,000","$315,000","8","Resale (occupied at least once)","1947","Richland Heights","1,758","0.36","4","3.0","Public Water","Sewer - Public","FHA New","Individuals"
"1001","2504249","770-66-41-25-400-000","CLOSD","7028 Pine Orchard CT Unit#7028","23832","Chesterfield","Townhouse","04/30/2025","$245,000","$245,000","4","Resale (occupied at least once)","1996","Branchs Trace","1,228","0.04","2","1.1","Public Water","Sewer - Public","Conventional","Individuals"
"1001","2504134","N000-0450-006","CLOSD","2101 Barton AVE","23222","Richmond City","Single Family Residence","04/30/2025","$390,000","$382,500","12","Resale (occupied at least once)","2004","Barton Heights","1,996","0.13","3","2.1","Public Water","Sewer - Public","Conventional","Individuals"
"1001","2503959","741-750-1339","CLOSD","10720 Old Prescott RD","23238","Henrico","Single Family Residence","04/30/2025","$729,000","$810,000","5","Resale (occupied at least once)","1991","Prescott","3,339","0.34","4","3.1","Public Water","Sewer - Public","Conventional","Individuals"
"1001","2503932","8725-07-4230","CLOSD","8198 Janice AVE","23111","Hanover","Single Family Residence","04/30/2025","$435,000","$444,000","3","Resale (occupied at least once)","2014","Meredith Place","2,173","0.13","3","2.0","Public Water","Sewer - Public","Conventional","Individuals"
"1001","2503879","7841-39-7880","CLOSD","14500 Three Oaks CT","23192","Hanover","Single Family Residence","04/30/2025","$1,150,000","$1,038,000","11","Resale (occupied at least once)","1997","Claybank","6,073","5.00","5","3.2","Well","Septic - Conventional","Conventional","Individuals"
"1001","2503589","723-71-80-05-800-000","CLOSD","14162 Grangewood RD","23113","Chesterfield","Single Family Residence","04/30/2025","$749,950","$813,450","4","Resale (occupied at least once)","1989","Salisbury","3,212","0.89","5","3.1","Public Water","Sewer - Public","Conventional","Individuals"
"1001","2503495","C001-0253-006","CLOSD","8654 Fieldcrest RD","23235","Richmond City","Single Family Residence","04/30/2025","$785,000","$801,000","7","Resale (occupied at least once)","1954","Southampton","2,458","0.50","3","3.0","Public Water","Sewer - Public","Conventional","Individuals"
"1001","2503314","8775-22-7155","CLOSD","8107 Candleberry DR","23111","Hanover","Single Family Residence","04/30/2025","$449,950","$438,000","52","Resale (occupied at least once)","1996","Old Church Place","2,026","2.30","4","2.1","Well","Septic - Conventional","Conventional","Individuals"
"1001","2502557","734-72-51-40-200-000","CLOSD","3642 Edenfield RD","23113","Chesterfield","Single Family Residence","04/30/2025","$685,000","$685,000","10","Resale (occupied at least once)","2016","Tarrington","2,637","0.23","4","2.1","Public Water","Sewer - Public","Cash","Individuals"
"1001","2501704","5-35-0-1-0","CLOSD","3855 County Line RD","23084","Goochland","Single Family Residence","04/30/2025","$384,950","$384,950","42","New (never occupied)","2025","None","1,600","3.48","3","2.0","Well","Septic - Conventional","Conventional","Corporate"
"1001","2501703","038C-6-40","CLOSD","4360 Worsham RD","23139","Powhatan","Single Family Residence","04/30/2025","$529,999","$505,000","47","Resale (occupied at least once)","2001","Mattox Crossing","2,740","2.21","5","2.1","Well","Septic - Conventional","Conventional","Individuals"
"1001","2501372","S007-1282-009","CLOSD","1505 Drewry ST","23224","Richmond City","Single Family Residence","04/30/2025","$212,000","$212,000","33","Resale (occupied at least once)","1942","Center Hill","1,630","0.15","2","2.0","Public Water","Sewer - Public","FHA New","REO"
"1001","2432326","786-66-03-54-300-000","CLOSD","4512 Amalthea LN","23831","Chesterfield","Single Family Residence","04/30/2025","$564,900","$525,000","77","Resale (occupied at least once)","2019","Centralia Station","3,007","0.29","5","3.0","Public Water","Sewer - Public","Conventional","Individuals"
"1001","2432121","S000-0861-030","CLOSD","1801 Joplin AVE","23224","Richmond City","Single Family Residence","04/30/2025","$160,000","$160,000","62","Resale (occupied at least once)","1940","None","756","0.11","2","1.0","Public Water","Sewer - Public","FHA New","Individuals"
"1001","2428993","N000-0558-014","CLOSD","2115 2nd AVE","23222","Richmond City","Single Family Residence","04/30/2025","$599,900","$605,000","72","New (never occupied)","2024","Chestnut Hills","2,540","0.10","4","3.1","Public Water","None","Conventional","Corporate"
"1001","2414544","741-67-42-06-800-000","CLOSD","12013 Beaver Spring PL","23112","Chesterfield","Single Family Residence","04/30/2025","$445,000","$445,000","296","Resale (occupied at least once)","1999","Swift Creek Crossing","2,103","0.35","4","2.1","Public Water","Sewer - Public","VA New","Individuals"
"1001","BRTVACF2001114","731724642600000","CLOSD","13303 Ellerton Terrace","23113","Chesterfield","Single Family Residence","04/30/2025","$1,000,000","$1,000,000","4","Resale (occupied at least once)","2006","NONE AVAILABLE","4,271","0.64","5","5.0","Public Water","Public Sewer On Site","",""
"1001","BRTVACF2000926","788649321800000","CLOSD","13000 Silver Crest RD","23831","Chesterfield","Single Family Residence","04/30/2025","$419,000","$409,000","124","Resale (occupied at least once)","1973","NONE AVAILABLE","2,596","0.52","4","4.0","Public Water","Septic","",""
"1001","2502957","031A1-1A-11C","CLOSD","1411 King William Woods RD","23113","Powhatan","Single Family Residence","05/01/2025","$969,950","$950,000","22","Resale (occupied at least once)","1977","King William Woods","4,688","5.90","4","3.1","Well","Septic - Conventional","VA New","Individuals"
"1001","2506948","E000-0778-033","CLOSD","1515 N 22nd ST","23223","Richmond City","Single Family Residence","05/01/2025","$399,950","$399,950","11","New (never occupied)","2025","None","","0.07","3","2.1","Public Water","Sewer - Public","Conventional","Corporate"
"1001","2506315","747-745-0312","CLOSD","1322 Westridge RD","23229","Henrico","Single Family Residence","05/01/2025","$400,000","$400,000","10","Resale (occupied at least once)","1957","Farmington","1,588","0.24","4","2.0","Public Water","None","Cash","Individuals"
"1001","2430670","7096753660","CLOSD","6624 Cassia LOOP","23120","Chesterfield","Single Family Residence","05/01/2025","$517,250","$514,450","54","New (never occupied)","2024","Wynwood at Foxcreek","2,433","0.10","4","2.1","Public Water","Sewer - Public","Conventional","Other"
"1001","2505234","C003-0257-002","CLOSD","2432 Stratford RD","23225","Richmond City","Single Family Residence","05/01/2025","$425,000","$423,500","8","Resale (occupied at least once)","1970","Stratford Hills","1,646","0.45","3","2.0","Public Water","Sewer - Public","Conventional","Individuals"
"1001","2503821","7797-85-9885","CLOSD","10275 Tarleton DR","23116","Hanover","Single Family Residence","05/01/2025","$595,000","$595,000","19","Resale (occupied at least once)","2001","Ash Creek","3,108","0.34","5","2.1","Public Water","Sewer - Public","Conventional","Individuals"
"1001","2502907","33B8 6P1   4","CLOSD","5301 Linkshire LN","23140","New Kent","Single Family Residence","05/01/2025","$547,000","$545,000","31","Resale (occupied at least once)","2013","Brickshire","2,858","0.41","4","2.1","Public Water","Sewer - Public","VA New","Individuals"
"1001","2504592","TBD","CLOSD","1028 Bowe ST Unit#A","23220","Richmond City","Condominium","05/01/2025","$419,840","$419,840","23","New (never occupied)","2025","Carver Square","1,573","","2","2.1","Public Water","Sewer - Public","Conventional","Corporate"
"1001","2505741","N000-1356-013","CLOSD","3306 Barton AVE","23222","Richmond City","Single Family Residence","05/01/2025","$538,000","$525,000","33","Resale (occupied at least once)","1938","Brookland Park","1,634","0.15","4","3.0","Public Water","Sewer - Public","Conventional","Individuals"
"1001","2507620","719-67-54-69-500-000","CLOSD","6201 Heather Glen RD","23112","Chesterfield","Single Family Residence","05/01/2025","$460,000","$475,000","5","Resale (occupied at least once)","1989","Woodlake","1,954","0.19","3","2.1","Public Water","Sewer - Public","Conventional","Individuals"
"1001","2502363","N000-0719-051","CLOSD","1617 Pulaski ST","23222","Richmond City","Townhouse","05/01/2025","$434,950","$443,950","0","New (never occupied)","2024","Chestnut Flats","1,694","0.04","3","2.1","Public Water","Sewer - Public","VA New","Partnership"
"1001","2506198","761-61-07-81-000-000","CLOSD","20018 Oak River CT","23803","Chesterfield","Single Family Residence","05/01/2025","$419,900","$432,000","4","New (never occupied)","2025","Eagle Cove","","0.88","4","2.1","Public Water","Septic - Conventional","VA New","Individuals"
"1001","2504283","792657986200000","CLOSD","11740 DEWBERRY LN","23831","Chesterfield","Single Family Residence","05/01/2025","$409,900","$412,900","32","Resale (occupied at least once)","1970","Thompson Estates","2,996","0.55","4","3.0","Public Water","Sewer - Public","VA New","Individuals"
"1001","2508178","780-762-8697","CLOSD","10024 Greenwood RD","23060","Henrico","Single Family Residence","05/01/2025","$400,000","$430,000","8","Resale (occupied at least once)","2023","Acreage","1,925","0.23","4","2.1","Public Water","Sewer - Public","FHA New","Individuals"
"1001","2501249","796-67-08-25-900-000","CLOSD","9365 Quinnford BLVD","23237","Chesterfield","Single Family Residence","05/01/2025","$299,900","$306,000","54","Resale (occupied at least once)","1975","Bellwood Manor","1,456","0.34","3","2.0","Public Water","Sewer - Public","VA New","Corporate"
"1001","2501053","725-71-62-94-600-.24","CLOSD","13969 Pagehurst TER","23113","Chesterfield","Condominium","05/01/2025","$499,999","$490,000","35","Resale (occupied at least once)","1981","Salisbury","2,707","","4","3.0","Public Water","Sewer - Public","Conventional","Individuals"
"1001","2429874","034-11B","CLOSD","1845 Ballsville RD","23139","Powhatan","Single Family Residence","05/01/2025","$499,500","$470,000","116","Resale (occupied at least once)","1999","None","1,422","10.84","2","2.0","Well","Septic - Conventional","FHA New","Individuals"
"1001","2423928","779-771-9173","CLOSD","10886 Farmstead Mill LN","23059","Henrico","Townhouse","05/01/2025","$496,545","$496,545","0","New (never occupied)","2024","River Mill","1,921","","3","2.1","Public Water","Sewer - Public","Conventional","Corporate"
"1001","2505174","Not Yet Assigned","CLOSD","205 Whiteside RD","23150","Henrico","Townhouse","05/01/2025","$307,975","$307,975","28","New (never occupied)","2025","Parkside Townes","1,336","","2","2.1","Public Water","Sewer - Public","FHA New","Corporate"
"1001","2505634","763-68-57-29-500-000","CLOSD","7430 Barkbridge RD","23832","Chesterfield","Single Family Residence","05/01/2025","$345,000","$345,000","13","Resale (occupied at least once)","1991","Pennwood","","","4","2.0","Public Water","Sewer - Public","Conventional","Individuals"
"1001","2504920","802-728-2936","CLOSD","429 Hollybrook Ridge LN","23223","Henrico","Townhouse","05/01/2025","$269,950","$275,000","19","Resale (occupied at least once)","2006","Hollybrook Ridge","1,440","0.04","3","1.1","Public Water","Sewer - Public","FHA New","Individuals"
"1001","2505831","731-755-3843","CLOSD","2712 Coachouse LN","23233","Henrico","Townhouse","05/01/2025","$325,000","$325,000","24","Resale (occupied at least once)","1987","Berkeley Pointe","1,200","0.07","2","2.1","Public Water","Sewer - Public","Conventional","Individuals"
"1001","2425042","824-65-90-77-100-000","CLOSD","12206 Twin Rivers DR","23836","Chesterfield","Single Family Residence","05/01/2025","$528,405","$562,303","520","New (never occupied)","2024","Twin Rivers","2,020","0.15","4","3.0","Public Water","Sewer - Public","VA New","Corporate"
"1001","2506418","732-67-00-10-700-000","CLOSD","13507 Pharlap CT","23112","Chesterfield","Single Family Residence","05/01/2025","$355,000","$355,000","16","Resale (occupied at least once)","1992","Deerwood","1,632","0.43","3","2.1","Public Water","Sewer - Public","VA New","Individuals"
"1001","2502745","814-728-5760","CLOSD","301 Buffalo RD","23223","Henrico","Single Family Residence","05/01/2025","$269,950","$266,000","42","Resale (occupied at least once)","1983","Tiffany Meadows","1,020","0.23","2","1.0","Public Water","Sewer - Public","FHA New","Individuals"
"1001","2506780","786-64-54-65-400-000","CLOSD","5330 Nairn LN","23831","Chesterfield","Single Family Residence","05/01/2025","$490,000","$500,000","3","Resale (occupied at least once)","1999","Stoney Glen West","2,635","0.52","4","3.1","Public Water","Sewer - Public","Conventional","Individuals"
"1001","2504493","S000-0423-023","CLOSD","2117 Boro Ridge ST","23225","Richmond City","Townhouse","05/01/2025","$419,950","$420,000","16","Resale (occupied at least once)","2022","Belle Heights","1,760","0.05","3","2.2","Public Water","Sewer - Public","FHA New","Individuals"
"1001","2506961","C004-0383-008","CLOSD","6912 Longview DR","23225","Richmond City","Single Family Residence","05/01/2025","$525,000","$525,000","16","Resale (occupied at least once)","1956","East Grandview","2,365","0.53","3","2.1","Public Water","Sewer - Public","Conventional","Individuals"
"1001","2507323","748-71-48-39-000-000","CLOSD","2445 Early Settlers RD","23235","Chesterfield","Single Family Residence","05/01/2025","$499,000","$499,000","5","Resale (occupied at least once)","1994","North Settlers Landing","2,506","0.40","4","2.1","Public Water","Sewer - Public","Conventional","Individuals"
"1001","2508695","043B-3-18","CLOSD","1801 High Hill DR","23139","Powhatan","Single Family Residence","05/01/2025","$649,950","$650,000","2","Resale (occupied at least once)","1994","Woolridge","1,904","2.00","4","3.1","Well","Septic - Conventional","Conventional","Individuals"
"1001","2506403","016C-5-1","CLOSD","3622 Walkers Creek","23139","Powhatan","Single Family Residence","05/01/2025","$685,000","$685,000","5","Resale (occupied at least once)","2020","Aston","3,201","3.50","5","3.1","Well","Septic - Conventional","Cash","Individuals"
"1001","2507332","751-752-3890","CLOSD","2200 Sommie LN","23229","Henrico","Single Family Residence","05/01/2025","$350,000","$361,000","7","Resale (occupied at least once)","1959","Roxbury","1,508","0.02","3","2.0","Public Water","Sewer - Public","Conventional","Individuals"
"1001","2509204","713-68-89-41-200-000","CLOSD","3730 Knighton CIR","23112","Chesterfield","Single Family Residence","05/01/2025","$575,000","$575,000","10","Resale (occupied at least once)","2019","Cambria Cove","2,856","0.21","5","3.1","Public Water","Sewer - Public","Conventional","Individuals"
"1001","2506140","W000-1476-025","CLOSD","3218 Monument AVE","23221","Richmond City","Single Family Residence","05/01/2025","$1,250,000","$1,260,000","14","Resale (occupied at least once)","1926","None","2,762","0.09","3","4.1","Public Water","Sewer - Public","Cash","Individuals"
"1001","2509049","767-763-5014","CLOSD","10113 Christiano DR","23060","Henrico","Single Family Residence","05/01/2025","$367,000","$422,000","2","Resale (occupied at least once)","1985","Tall Timbers","1,786","0.28","3","2.1","Public Water","Sewer - Public","Conventional","Individuals"
"1001","2509046","733-753-2535","CLOSD","11214 Warren View RD","23233","Henrico","Single Family Residence","05/01/2025","$588,000","$621,500","5","Resale (occupied at least once)","1985","Ridgefield","2,612","0.33","4","2.1","Public Water","Sewer - Public","Conventional","Individuals"
"1001","2508775","746-70-34-19-600-000","CLOSD","49 Moorwood Ridge DR","23236","Chesterfield","Single Family Residence","05/01/2025","$335,000","$350,000","2","Resale (occupied at least once)","1986","Ridgefield","1,856","0.21","3","2.0","Public Water","Sewer - Public","Conventional","Individuals"
"1001","2508537","739-752-1436","CLOSD","2405 Bridgeview LN","23233","Henrico","Single Family Residence","05/01/2025","$429,950","$441,000","5","Resale (occupied at least once)","1995","Steveston","1,724","0.19","3","2.1","Public Water","Sewer - Public","Other","Individuals"
"1001","2508314","737-742-0609","CLOSD","1009 Westbriar DR","23238","Henrico","Single Family Residence","05/01/2025","$384,950","$410,000","5","Resale (occupied at least once)","1964","Tuckahoe Village","1,576","0.36","3","2.0","Public Water","Sewer - Public","Conventional","Individuals"
"1001","2508286","N000-1738-037","CLOSD","1812 Maple Shade LN","23227","Richmond City","Single Family Residence","05/01/2025","$450,000","$530,000","5","Resale (occupied at least once)","1937","Rosedale","1,638","0.17","3","1.1","Public Water","Sewer - Public","Cash","Individuals"
"1001","2508257","756-734-5829","CLOSD","8107 Kingston RD","23229","Henrico","Single Family Residence","05/01/2025","$1,089,000","$1,350,000","10","Resale (occupied at least once)","1957","River Road Hills","3,404","0.60","4","3.0","Public Water","Sewer - Public","Cash","Individuals"
"1001","2508088","S000-0236-004","CLOSD","1708 Decatur ST","23224","Richmond City","Single Family Residence","05/01/2025","$75,000","$80,000","13","Resale (occupied at least once)","1961","None","532","0.06","1","1.0","Public Water","Sewer - Public","Cash","Individuals"
"1001","2508075","818-65-24-19-300-000","CLOSD","518 Bermuda Hundred RD","23836","Chesterfield","Single Family Residence","05/01/2025","$239,900","$260,000","5","Resale (occupied at least once)","1965","Fulcher Harold","2,912","1.08","3","2.0","Well","Septic - Conventional","Conventional","Corporate"
"1001","2507976","775-766-5925","CLOSD","10631 Marions PL","23060","Henrico","Townhouse","05/01/2025","$414,950","$425,000","3","Resale (occupied at least once)","2016","Townes At Woodman","2,071","0.10","3","3.1","Public Water","Sewer - Public","Conventional","Individuals"
"1001","2507842","738-777-3882","CLOSD","12320 Creek Mill PL","23059","Henrico","Single Family Residence","05/01/2025","$569,950","$580,000","7","Resale (occupied at least once)","1992","Creek Mill At Millstone","2,419","0.24","4","2.1","Public Water","Sewer - Public","Conventional","Individuals"
"1001","2507763","714-67-40-26-600-000","CLOSD","6312 Dovechrist MEWS","23120","Chesterfield","Single Family Residence","05/01/2025","$925,000","$925,000","0","Resale (occupied at least once)","2014","Foxcreek","5,786","0.40","4","5.0","Public Water","Sewer - Public","Cash","Individuals"
"1001","2507609","023-42B","CLOSD","5800 Anderson HWY","23139","Powhatan","Single Family Residence","05/01/2025","$429,950","$480,000","5","Resale (occupied at least once)","2018","None","1,288","13.87","3","2.0","Well","Septic - Conventional","Conventional","Individuals"
"1001","2507513","738-757-6726","CLOSD","2707 Robson CT","23233","Henrico","Single Family Residence","05/01/2025","$599,950","$610,000","8","Resale (occupied at least once)","1989","Shebrooke","2,551","0.24","4","2.1","Public Water","Sewer - Public","Conventional","Individuals"
"1001","2507417","732-747-8479","CLOSD","2115 Lauderdale DR","23238","Henrico","Townhouse","05/01/2025","$294,950","$291,000","13","Resale (occupied at least once)","1971","Tuckahoe Village W. Townhouses","1,380","0.04","3","1.2","Public Water","Sewer - Public","Conventional","Individuals"
"1001","2507134","S0000487003","CLOSD","2220.5 Perry ST","23225","Richmond City","Single Family Residence","05/01/2025","$449,950","$445,000","9","New (never occupied)","2024","Hollands Addition","1,906","0.07","3","2.1","Public Water","Sewer - Public","Conventional","Corporate"
"1001","2506955","724-71-84-21-200-000","CLOSD","2760 W Brigstock RD","23113","Chesterfield","Single Family Residence","05/01/2025","$725,000","$754,000","3","Resale (occupied at least once)","1970","Salisbury","2,711","1.05","4","2.1","Public Water","Septic - Conventional","Conventional","Individuals"
"1001","2506951","C009-0096-016","CLOSD","3312 Chapel DR","23224","Richmond City","Single Family Residence","05/01/2025","$219,000","$212,000","6","Resale (occupied at least once)","1950","Mcguire Homes","882","0.21","2","1.0","Public Water","Sewer - Public","Other","Individuals"
"1001","2506918","731-71-56-80-500-000","CLOSD","2311 Kings Lynn RD","23113","Chesterfield","Single Family Residence","05/01/2025","$925,000","$900,000","12","Resale (occupied at least once)","2006","Salisbury","4,312","0.91","4","4.1","Public Water","Septic - Conventional","Cash","Individuals"
"1001","2506802","701-66-98-45-400-000","CLOSD","7016 Desert Candle DR","23120","Chesterfield","Townhouse","05/01/2025","$439,950","$439,950","8","Resale (occupied at least once)","2018","Magnolia Green","2,053","0.10","3","2.1","Public Water","Sewer - Public","Conventional","Individuals"
"1001","2506782","N000-0864-017","CLOSD","2905 Seminary AVE","23220","Richmond City","Single Family Residence","05/01/2025","$499,995","$479,000","18","Resale (occupied at least once)","1920","Hammond Place","1,838","0.41","3","2.1","Public Water","Sewer - Public","Conventional","Individuals"
"1001","2506781","13-24-0-27-0","CLOSD","4883 Oakdale DR","23065","Goochland","Single Family Residence","05/01/2025","$569,700","$587,500","5","Resale (occupied at least once)","2023","Boundary Run","","4.72","3","2.1","Well","Septic - Conventional","Conventional","Individuals"
"1001","2506617","C004-0384-008","CLOSD","3338 Warner RD","23225","Richmond City","Single Family Residence","05/01/2025","$474,900","$535,000","5","Resale (occupied at least once)","1958","East Grandview","1,781","0.35","3","2.0","Public Water","Sewer - Public","Conventional","Individuals"
"1001","2506442","735-760-5266","CLOSD","13121 Langtree DR","23233","Henrico","Single Family Residence","05/01/2025","$529,950","$598,500","5","Resale (occupied at least once)","1992","Langtree At Wellesley","2,184","0.31","4","2.1","Public Water","Sewer - Public","Conventional","Individuals"
"1001","2506183","742-740-7052","CLOSD","418 Weston WAY","23238","Henrico","Single Family Residence","05/01/2025","$905,000","$1,010,000","8","Resale (occupied at least once)","1996","Weston","3,402","0.45","5","3.1","Public Water","Sewer - Public","Conventional","Individuals"
"1001","2506163","814-722-7749","CLOSD","5301 Antigo RD","23223","Henrico","Single Family Residence","05/01/2025","$263,900","$275,000","17","Resale (occupied at least once)","1970","Hechler Village","1,768","0.28","4","2.0","Public Water","Sewer - Public","Conventional","Corporate"
"1001","2506128","8716-72-1223","CLOSD","9087 Haversack LN","23116","Hanover","Single Family Residence","05/01/2025","$529,950","$540,450","3","Resale (occupied at least once)","2003","The Bluffs At Bell Creek","3,362","0.17","5","2.1","Public Water","Sewer - Public","Conventional","Individuals"
"1001","2505463","8725-08-1912","CLOSD","8444 Broadwing LN","23116","Hanover","Single Family Residence","05/01/2025","$564,950","$570,000","6","Resale (occupied at least once)","2022","Bishops Park","","0.21","4","2.0","Public Water","Sewer - Public","VA New","Individuals"
"1001","2505383","734-782-7108","CLOSD","12487 Donahue RD","23059","Henrico","Single Family Residence","05/01/2025","$875,000","$915,000","11","Resale (occupied at least once)","2022","Dominion Park At Wyndham","2,948","0.30","5","4.1","Public Water","Sewer - Public","Cash","Individuals"
"1001","2505239","W000-0952-023","CLOSD","504 N Meadow ST","23220","Richmond City","Single Family Residence","05/01/2025","$965,000","$980,000","6","Resale (occupied at least once)","1908","None","2,628","0.07","4","1.2","Public Water","Sewer - Public","Conventional","Individuals"
"1001","2504997","016C-2-13","CLOSD","3755 Aston TRL","23139","Powhatan","Single Family Residence","05/01/2025","$774,950","$779,950","5","Resale (occupied at least once)","2016","Aston","3,362","3.80","4","3.1","Well","Septic - Conventional","Conventional","Individuals"
"1001","2504982","765-748-5855.101","CLOSD","2741 St Elias DR Unit#A","23294","Henrico","Condominium","05/01/2025","$365,000","$357,500","16","Resale (occupied at least once)","2022","West Broad Landing","1,523","","2","2.1","Public Water","Sewer - Public","Conventional","Individuals"
"1001","2504980","E000-0388-046","CLOSD","9 N 25th ST Unit#PH5","23223","Richmond City","Condominium","05/01/2025","$899,900","$880,000","4","Resale (occupied at least once)","2007","None","2,440","0.06","3","4.0","Public Water","Sewer - Public","Cash","Individuals"
"1001","2504798","62-36-A-11-0","CLOSD","338 Willway DR","23103","Goochland","Single Family Residence","05/01/2025","$740,000","$747,400","5","Resale (occupied at least once)","2001","Hillside Estates","2,964","0.84","4","2.1","Community Well","Sewer - Public","Conventional","Individuals"
"1001","2504746","742-745-4273","CLOSD","10507 Gayton RD","23238","Henrico","Single Family Residence","05/01/2025","$460,000","$465,000","3","Resale (occupied at least once)","1965","None","2,138","0.43","4","2.1","Public Water","Sewer - Public","Conventional","Individuals"
"1001","2504151","731-752-6038.115","CLOSD","2504 Thicket Green CT Unit#2504","23233","Henrico","Condominium","05/01/2025","$269,900","$261,500","17","Resale (occupied at least once)","1988","Westleyen Condo","","","2","2.1","Public Water","Sewer - Public","Conventional","Individuals"
"1001","2503865","Not Yet Assigned","CLOSD","3921 Maze Runner DR","23112","Chesterfield","Condominium","05/01/2025","$389,950","$389,950","2","New (never occupied)","2025","Wescott","2,276","","3","2.1","Public Water","Sewer - Public","Cash","Corporate"
"1001","2501551","7880-83-3609","CLOSD","10220 Toliver Trail CIR","23005","Hanover","Single Family Residence","05/01/2025","$575,000","$570,000","40","Resale (occupied at least once)","2015","Providence","2,877","0.23","4","2.1","Public Water","Sewer - Public","Conventional","Individuals"
"1001","2500498","S0000487027","CLOSD","2222 Perry ST","23225","Richmond City","Single Family Residence","05/01/2025","$449,950","$445,000","79","New (never occupied)","2024","Hollands Addition","1,906","0.07","3","2.1","Public Water","Sewer - Public","Conventional","Corporate"
"1001","2500417","732-764-2532","CLOSD","308 Becklow AVE","23233","Henrico","Townhouse","05/01/2025","$919,900","$929,969","21","New (never occupied)","2024","Greengate","3,033","","4","4.1","Public Water","Sewer - Public","Conventional","Corporate"
"1001","2429704","W000-0853-018","CLOSD","2 N Granby ST","23220","Richmond City","Single Family Residence","05/01/2025","$849,950","$855,000","6","Resale (occupied at least once)","1900","None","2,303","0.08","4","2.1","Public Water","Sewer - Public","Cash","Corporate"
"1001","2426780","711668844600035","CLOSD","16101 Cedarwood Tree CT","23832","Chesterfield","Single Family Residence","05/01/2025","$409,950","$409,950","148","New (never occupied)","2024","None","1,976","","3","2.1","Public Water","Sewer - Public","FHA New","Corporate"
"1001","2423432","764662623700000","CLOSD","9955 Boschen Woods PL","23838","Chesterfield","Single Family Residence","05/01/2025","$615,950","$639,759","0","New (never occupied)","2024","Boschen Woods","2,521","","3","2.0","Public Water","Septic - Conventional","Conventional","Corporate"
"1001","2504861","C003-0049-012","CLOSD","7446 Laneview DR","23225","Richmond City","Single Family Residence","05/02/2025","$339,900","$353,500","4","Resale (occupied at least once)","1984","Laneview","1,344","0.23","3","3.0","Public Water","Sewer - Public","Conventional","Individuals"
"1001","2504265","782-68-36-05-700-000","CLOSD","6024 Meadowburm DR","23234","Chesterfield","Single Family Residence","05/02/2025","$290,000","$275,000","17","Resale (occupied at least once)","1967","Meadowdale","1,746","0.23","4","2.0","Public Water","Sewer - Public","Conventional","Estate"
"1001","2425416","733682381800000","CLOSD","4218 Mill View DR","23112","Chesterfield","Single Family Residence","05/02/2025","$514,990","$531,285","41","New (never occupied)","2024","Old Hundred Mill","2,530","","4","3.1","Public Water","Sewer - Public","FHA New","Corporate"
"1001","2504921","753-750-7433","CLOSD","1905 Haviland DR","23229","Henrico","Single Family Residence","05/02/2025","$445,000","$440,000","24","Resale (occupied at least once)","1962","Wedgewood Park","2,050","0.36","3","2.0","Public Water","Sewer - Public","Conventional","Individuals"
"1001","2509101","7864-58-1803","CLOSD","17481 Sleepy Hollow LN","23047","Hanover","Single Family Residence","05/02/2025","$549,950","$550,000","4","Resale (occupied at least once)","2022","None","1,474","13.00","3","2.0","Well","Septic - Conventional","VA New","Individuals"
"1001","2507218","024-2-3","CLOSD","2080 Stemcreek TRL","23139","Powhatan","Single Family Residence","05/02/2025","$665,000","$680,500","3","New (never occupied)","2025","None","2,513","10.04","4","3.1","Well","Septic - Conventional","Conventional","Individuals"
"1001","2506896","740-782-0034","CLOSD","12133 Manor Park DR","23059","Henrico","Single Family Residence","05/02/2025","$799,950","$799,950","14","Resale (occupied at least once)","1994","Manor Park At Wyndham","","0.25","4","3.1","Public Water","Sewer - Public","Conventional","Individuals"
"1001","2506541","736-778-4572","CLOSD","12305 Melcroft PL","23059","Henrico","Single Family Residence","05/02/2025","$745,000","$740,000","16","Resale (occupied at least once)","1996","Glen Abbey At Wyndham","2,705","0.26","5","2.1","Public Water","Sewer - Public","Conventional","Individuals"
"1001","2503351","69667075890000","CLOSD","18715 Palisades RDG","23120","Chesterfield","Townhouse","05/02/2025","$412,005","$412,005","27","New (never occupied)","2025","Magnolia Green","1,656","","3","2.1","Public Water","Sewer - Public","FHA New","Corporate"
"1001","2500982","716-66-58-67-100-000","CLOSD","8218 Spiral DR","23832","Chesterfield","Single Family Residence","05/02/2025","$519,000","$504,000","34","Resale (occupied at least once)","2021","Harpers Mill","1,954","0.31","3","2.1","Public Water","Sewer - Public","VA New","Individuals"
"1001","2431287","W000-103-3066","CLOSD","2311 Apple ALY","23220","Richmond City","Single Family Residence","05/02/2025","$825,000","$815,000","111","New (never occupied)","2024","None","2,304","0.02","3","3.1","Public Water","Sewer - Public","Conventional","Corporate"
"1001","2422033","762640844400000","CLOSD","13031 Alsandair DR","23838","Chesterfield","Single Family Residence","05/02/2025","$713,655","$724,197","560","New (never occupied)","2024","Lake Margaret","3,690","1.63","5","4.0","Public Water","Septic - Conventional","FHA New","Corporate"
"1001","2414294","732-754-2900","CLOSD","12431 Gaytoncrest LN","23233","Henrico","Townhouse","05/02/2025","$479,950","$450,000","264","New (never occupied)","2024","Discovery Ridge Townhomes","1,955","0.04","3","2.2","Public Water","Sewer - Public","Conventional","Corporate"
"1001","2501459","767-69-14-87-700-000","CLOSD","6700 Welch DR","23832","Chesterfield","Single Family Residence","05/02/2025","$325,000","$315,000","67","Resale (occupied at least once)","1971","Belmont Hills","1,566","0.35","3","2.0","Public Water","Sewer - Public","Conventional","Individuals"
"1001","2505460","783-744-8921","CLOSD","5304 Michael AVE","23228","Henrico","Single Family Residence","05/02/2025","$285,000","$285,000","15","Resale (occupied at least once)","1949","Bloomingdale","720","0.17","2","1.0","Public Water","Sewer - Public","FHA New","Individuals"
"1001","2421307","Not Yet Assigned","CLOSD","12421 Wescott AVE","23112","Chesterfield","Condominium","05/02/2025","$386,425","$386,425","0","New (never occupied)","2024","Wescott","1,728","","3","2.0","Public Water","Sewer - Public","FHA New","Corporate"
"1001","2422660","731-753-2596","CLOSD","2634 Chancer DR","23233","Henrico","Townhouse","05/02/2025","$299,400","$306,000","161","Resale (occupied at least once)","1985","Cedar Hill Townhouses","1,500","0.05","2","2.0","Public Water","Sewer - Public","Conventional","Individuals"
"1001","2506450","8704-48-6739","CLOSD","7444 Tangle Ridge DR","23111","Hanover","Single Family Residence","05/02/2025","$429,950","$430,000","19","Resale (occupied at least once)","1987","Barnette Oaks","2,120","0.47","4","2.1","Public Water","Sewer - Public","Conventional","Individuals"
"1001","2508800","028-32F","CLOSD","2617 Red Lane RD","23139","Powhatan","Single Family Residence","05/02/2025","$359,000","$365,000","2","Resale (occupied at least once)","1969","Red Lane","1,424","3.05","3","2.0","Well","Septic - Conventional","Conventional","Individuals"
"1001","2507617","756-68-57-74-000-000","CLOSD","4206 Boonesboro DR","23236","Chesterfield","Single Family Residence","05/02/2025","$326,900","$326,900","9","Resale (occupied at least once)","1991","Fernbrook","1,464","0.34","3","1.2","Public Water","Sewer - Public","Conventional","Individuals"
"1001","2506713","E000-0470-005","CLOSD","2309 Carrington ST","23223","Richmond City","Single Family Residence","05/02/2025","$624,950","$629,950","9","Resale (occupied at least once)","2022","None","2,640","0.05","4","3.1","Public Water","Sewer - Public","VA New","Individuals"
"1001","2419622","783-761-0973","CLOSD","1311 Pennsylvania AVE","23060","Henrico","Single Family Residence","05/02/2025","$320,000","$315,000","223","Resale (occupied at least once)","1954","Biltmore","1,422","0.46","3","1.1","Public Water","Sewer - Public","Conventional","Corporate"
"1001","2506087","822-721-0887","CLOSD","302 Sag Harbor PL Unit#F","23075","Henrico","Townhouse","05/02/2025","$295,000","$295,000","12","Resale (occupied at least once)","2022","Easthampton","1,280","0.08","3","2.1","Public Water","Sewer - Public","VHDA ","Individuals"
"1001","2506145","814-728-5506","CLOSD","213 Buffalo RD","23223","Henrico","Single Family Residence","05/02/2025","$260,000","$260,000","11","Resale (occupied at least once)","1980","Tiffany Meadows","956","0.20","3","1.0","Public Water","Sewer - Public","Conventional","Individuals"
"1001","2504207","821-722-5154","CLOSD","114 E Jerald ST","23075","Henrico","Single Family Residence","05/02/2025","$210,000","$215,000","3","Resale (occupied at least once)","1952","Highland Springs","1,036","0.12","3","2.0","Public Water","Sewer - Public","FHA New","Individuals"
"1001","2505659","854-699-7930","CLOSD","102 Riva Ridge CIR","23150","Henrico","Single Family Residence","05/02/2025","$375,000","$350,000","29","Resale (occupied at least once)","1980","Cedar Ridge","1,225","0.57","3","2.0","Well","Septic - Conventional","Conventional","Corporate"
"1001","2508420","8706-30-3965","CLOSD","9054 RUTLAND RD","23116","Hanover","Single Family Residence","05/02/2025","$375,000","$390,000","7","Resale (occupied at least once)","1971","Hanover Heights South","1,655","0.44","3","1.1","Public Water","Septic - Conventional","FHA New","Individuals"
"1001","2507877","7797-39-6470","CLOSD","10608 Tuckerman CT","23116","Hanover","Single Family Residence","05/02/2025","$659,000","$636,000","2","Resale (occupied at least once)","2002","Milestone","2,638","0.72","4","2.1","Public Water","Sewer - Public","Conventional","Individuals"
"1001","2505453","743-759-9595","CLOSD","1913 Liesfeld PKY","23060","Henrico","Townhouse","05/02/2025","$589,950","$580,000","20","Resale (occupied at least once)","2010","West Broad Village","2,892","0.04","4","3.1","Public Water","Sewer - Public","VA New","Individuals"
"1001","2508169","C001-1100-094","CLOSD","3118 Lake Terrace CT","23235","Richmond City","Condominium","05/02/2025","$250,000","$257,000","5","Resale (occupied at least once)","1996","Summerhill At Stony Point Condo","910","0.03","1","1.0","Public Water","Sewer - Public","Cash","Estate, Individuals"
"1001","2506800","845-717-9040","CLOSD","3230 Meadow RD","23150","Henrico","Single Family Residence","05/02/2025","$267,000","$295,000","3","Resale (occupied at least once)","2005","None","1,490","1.00","3","2.0","Well","Septic - Conventional","Conventional","Individuals"
"1001","2507287","727-70-05-67-000-000","CLOSD","1225 Hawkins Wood CIR","23114","Chesterfield","Single Family Residence","05/02/2025","$535,000","$540,000","2","Resale (occupied at least once)","2001","The Grove","2,305","0.44","4","2.1","Public Water","Sewer - Public","Conventional","Individuals"
"1001","2510303","8   4    15","CLOSD","2801 Larkwood RD","23141","New Kent","Single Family Residence","05/02/2025","$535,000","$550,000","4","Resale (occupied at least once)","2002","Sherwood Estates","5,220","5.13","3","2.1","Well","Septic - Conventional","Cash","Individuals"
"1001","2507526","N000-0685-029","CLOSD","2601 Brook RD","23220","Richmond City","Single Family Residence","05/02/2025","$425,000","$415,000","23","Resale (occupied at least once)","1958","Chamberlayne Court","1,824","0.17","4","1.1","Public Water","Sewer - Public","Conventional","Corporate"
"1001","2507079","C005-0462-010","CLOSD","1435 Spring Grove DR","23225","Richmond City","Single Family Residence","05/02/2025","$429,900","$442,500","2","Resale (occupied at least once)","1953","Westover Gardens","2,049","0.29","3","2.0","Public Water","Sewer - Public","Conventional","Individuals"
"1001","2510711","776-760-0937","CLOSD","1823 Bandera DR","23228","Henrico","Single Family Residence","05/02/2025","$400,000","$398,000","4","Resale (occupied at least once)","1961","Woodman Terrace","1,440","0.26","3","2.0","Public Water","Sewer - Public","Cash","Individuals"
"1001","2509935","724-68-69-03-800-000","CLOSD","3112 Cottage Oaks CT","23112","Chesterfield","Single Family Residence","05/02/2025","$225,000","$230,000","6","Resale (occupied at least once)","1980","Brandermill","1,446","0.21","3","2.0","Public Water","Sewer - Public","Cash","Corporate"
"1001","2509916","780-66-77-30-500-000","CLOSD","9300 Greatbridge RD","23237","Chesterfield","Single Family Residence","05/02/2025","$209,950","$240,000","5","Resale (occupied at least once)","1981","Chesswood","1,344","0.38","4","1.1","Public Water","Sewer - Public","Cash","Individuals"
"1001","2509053","778-66-42-69-400-000","CLOSD","5606 Baume CIR","23237","Chesterfield","Single Family Residence","05/02/2025","$339,999","$340,000","4","Resale (occupied at least once)","1976","Salem Woods","1,248","0.25","4","2.1","Public Water","Sewer - Public","VHDA ","Individuals"
"1001","2508982","810-716-4560","CLOSD","3200 Kenbridge ST","23231","Henrico","Single Family Residence","05/02/2025","$235,000","$235,000","7","Resale (occupied at least once)","1948","Gilbert Garden","846","0.26","3","1.0","Public Water","Sewer - Public","Conventional","Corporate"
"1001","2508980","734694960900000","CLOSD","12539 St Croix Place","23114","Chesterfield","Single Family Residence","05/02/2025","$419,000","$436,000","6","Resale (occupied at least once)","1998","Paget","","","4","2.1","Public Water","Sewer - Public","Conventional","Individuals"
"1001","2508845","744-752-6586.174","CLOSD","2115 Turtle Run DR Unit#6","23233","Henrico","Condominium","05/02/2025","$250,000","$238,000","10","Resale (occupied at least once)","1986","Turtle Creek West Condominiums","1,120","0.02","2","2.0","Public Water","Sewer - Public","Cash","Individuals"
"1001","2508807","785-66-95-15-900-000","CLOSD","9100 Hopkins RD","23237","Chesterfield","Single Family Residence","05/02/2025","$169,900","$181,250","9","Resale (occupied at least once)","1964","None","1,056","1.00","3","1.1","Public Water","Septic - Conventional","Cash","REO"
"1001","2508689","789-765-8416","CLOSD","2876 Fairway Homes WAY","23059","Henrico","Single Family Residence","05/02/2025","$425,000","$437,000","5","Resale (occupied at least once)","2001","Cross Point","2,532","0.20","3","2.0","Public Water","Sewer - Public","Cash","Individuals"
"1001","2507813","7797-36-6102","CLOSD","10323 Berkeley Manor DR","23116","Hanover","Single Family Residence","05/02/2025","$449,000","$483,000","4","Resale (occupied at least once)","1989","Kings Charter","1,989","0.39","4","2.1","Public Water","Sewer - Public","Conventional","Individuals"
"1001","2507769","754-752-5181","CLOSD","2426 Vandover RD","23229","Henrico","Single Family Residence","05/02/2025","$375,000","$380,000","7","Resale (occupied at least once)","1965","Westbriar","1,680","0.23","3","2.0","Public Water","Sewer - Public","Cash","Individuals"
"1001","2507717","8714-68-9259","CLOSD","7962 Meadow DR","23111","Hanover","Single Family Residence","05/02/2025","$350,000","$350,000","4","Resale (occupied at least once)","1961","Spring Meadows","1,506","0.43","3","2.0","Public Water","Sewer - Public","Conventional","Individuals"
"1001","2507648","7890-52-4863","CLOSD","9444 Wickham Crossing WAY","23005","Hanover","Single Family Residence","05/02/2025","$1,150,000","$1,130,000","14","Resale (occupied at least once)","2021","Hickory Hill","4,070","1.00","4","3.1","Well","Septic - Engineered","Conventional","Individuals"
"1001","2507533","775-749-7514","CLOSD","2913 Lincoln AVE","23228","Henrico","Single Family Residence","05/02/2025","$300,000","$311,500","7","Resale (occupied at least once)","1955","Putney Place","1,058","0.19","2","1.0","Public Water","Sewer - Public","Conventional","Individuals"
"1001","2507473","729-752-8371","CLOSD","2616 Pleasant Run DR","23233","Henrico","Single Family Residence","05/02/2025","$425,000","$460,000","9","Resale (occupied at least once)","1979","Tuckahoe Village West","2,060","0.33","4","2.1","Public Water","Sewer - Public","Conventional","Individuals"
"1001","2507405","8725-73-4932","CLOSD","6138 Rolling Forest CIR","23111","Hanover","Townhouse","05/02/2025","$289,900","$295,000","6","Resale (occupied at least once)","1986","Battlefield Green","1,473","0.05","2","2.0","Public Water","Sewer - Public","Cash","Individuals"
"1001","2507360","735-66-38-55-600-000","CLOSD","9741 Bending Oak DR","23112","Chesterfield","Single Family Residence","05/02/2025","$575,000","$550,000","15","Resale (occupied at least once)","1975","Clover Hill Farms","2,352","1.47","3","2.1","Well","Septic - Conventional","Cash","Individuals"
"1001","2507289","774-68-51-97-700-000","CLOSD","5509 Jamson RD","23234","Chesterfield","Single Family Residence","05/02/2025","$390,000","$410,000","3","Resale (occupied at least once)","1964","Rock Spring Farms","1,539","0.50","4","2.1","Public Water","Sewer - Public","Conventional","Individuals"
"1001","2507241","E000-1118-009","CLOSD","314 N 36th ST","23223","Richmond City","Single Family Residence","05/02/2025","$494,950","$500,000","4","Resale (occupied at least once)","1910","Chimborazo","1,696","0.04","3","2.1","Public Water","Sewer - Public","Conventional","Individuals"
"1001","2507063","22A13 1 2 153","CLOSD","7614 Sedge DR","23124","New Kent","Single Family Residence","05/02/2025","$475,000","$468,400","11","Resale (occupied at least once)","2020","The Arbors At New Kent Winery","2,568","0.33","5","4.0","Public Water","Sewer - Public","VA New","Individuals"
"1001","2507001","W000-0666-073","CLOSD","1618 Park AVE Unit#U2D","23220","Richmond City","Condominium","05/02/2025","$225,000","$230,000","2","Resale (occupied at least once)","1919","None","650","0.01","1","1.0","Public Water","Sewer - Public","Conventional","Individuals"
"1001","2506755","762-68-97-47-400-000","CLOSD","4018 Litchfield DR","23832","Chesterfield","Single Family Residence","05/02/2025","$379,000","$379,000","15","Resale (occupied at least once)","1979","Creekwood","2,142","0.38","3","2.1","Public Water","Sewer - Public","Conventional","Individuals"
"1001","2506695","783-65-53-14-100-000","CLOSD","11501 Teterling RD","23831","Chesterfield","Single Family Residence","05/02/2025","$424,900","$425,000","5","Resale (occupied at least once)","1996","Lakewood Farms","1,558","1.31","3","2.1","Public Water","Septic - Conventional","Conventional","Individuals"
"1001","2506690","W000-1130-014","CLOSD","2500 W Grace ST","23220","Richmond City","Single Family Residence","05/02/2025","$1,060,000","$1,060,000","8","Resale (occupied at least once)","1898","None","2,960","0.11","4","3.1","Public Water","Sewer - Public","Conventional","Individuals"
"1001","2506405","731-764-6731","CLOSD","12337 Purbrook WALK","23233","Henrico","Townhouse","05/02/2025","$960,000","$930,000","47","Resale (occupied at least once)","2019","Greengate","3,512","0.06","4","4.1","Public Water","Sewer - Public","Cash","Individuals"
"1001","2506337","747-71-40-18-400-000","CLOSD","2318 Wrens Nest RD","23235","Chesterfield","Single Family Residence","05/02/2025","$399,950","$405,000","2","Resale (occupied at least once)","1978","Settlers Landing","1,712","0.32","3","2.1","Public Water","Sewer - Public","Conventional","Individuals"
"1001","2506220","748-69-70-99-000-000","CLOSD","1125 Francill DR","23236","Chesterfield","Single Family Residence","05/02/2025","$399,950","$401,000","14","Resale (occupied at least once)","1963","Forest Acres","2,025","0.35","5","2.1","Public Water","Sewer - Public","VA New","Individuals"
"1001","2506079","794-64-88-42-900-000","CLOSD","3443 Ellenbrook DR","23831","Chesterfield","Single Family Residence","05/02/2025","$425,000","$425,000","7","Resale (occupied at least once)","2007","Rossington","2,639","0.23","5","2.1","Public Water","Sewer - Public","Conventional","Individuals"
"1001","2505956","58-2-0-2-0","CLOSD","1586 Whippoorwill RD","23233","Goochland","Single Family Residence","05/02/2025","$545,000","$500,000","26","Resale (occupied at least once)","1960","Samary Forest","1,288","0.50","4","3.0","Public Water","Septic - Conventional","Conventional","Individuals"
"1001","2505908","734-758-6085","CLOSD","3413 Ridgemere DR","23233","Henrico","Single Family Residence","05/02/2025","$620,000","$615,000","18","Resale (occupied at least once)","1988","Ridgemere At Wellesley","2,284","0.21","4","2.1","Public Water","Sewer - Public","Conventional","Individuals"
"1001","2505781","740-778-6702","CLOSD","6016 Brentmoor DR","23059","Henrico","Single Family Residence","05/02/2025","$825,000","$835,000","7","Resale (occupied at least once)","1996","Brentmoor At Wyndham","3,174","0.37","4","3.0","Public Water","Sewer - Public","Conventional","Individuals"
"1001","2505428","E000-2300-002","CLOSD","1203 Apperson ST","23231","Richmond City","Single Family Residence","05/02/2025","$325,000","$300,000","28","Resale (occupied at least once)","1941","East Lawn","1,403","0.11","4","1.0","Public Water","Sewer - Public","Conventional","Corporate"
"1001","2505385","709-69-67-73-700-000","CLOSD","15806 Old Castle RD","23112","Chesterfield","Single Family Residence","05/02/2025","$849,900","$825,000","12","Resale (occupied at least once)","2016","Hallsley","3,051","0.48","4","2.1","Public Water","Sewer - Public","Conventional","Individuals"
"1001","2505142","769-761-0043","CLOSD","9464 Tracey Lynne CIR","23060","Henrico","Townhouse","05/02/2025","$280,000","$280,000","3","Resale (occupied at least once)","1988","Laurel Lakes Ths","1,220","0.06","3","2.1","Public Water","Sewer - Public","Conventional","Individuals"
"1001","2504875","796-63-47-95-600-000","CLOSD","16003 Meridian AVE","23831","Chesterfield","Single Family Residence","05/02/2025","$240,000","$245,000","2","Resale (occupied at least once)","1967","Timsberry Gardens","1,008","0.36","3","1.1","Public Water","Septic - Conventional","FHA New","Individuals"
"1001","2504609","764-68-26-30-800-000","CLOSD","7400 Cannock RD","23832","Chesterfield","Single Family Residence","05/02/2025","$409,900","$415,000","3","Resale (occupied at least once)","1989","Land-O-Pines","2,504","0.46","5","2.1","Public Water","Sewer - Public","VA New","Individuals"
"1001","2504046","746-738-6619","CLOSD","9305 Wishart RD","23229","Henrico","Single Family Residence","05/02/2025","$509,950","$505,000","6","Resale (occupied at least once)","1964","Brandon","1,593","0.40","3","2.0","Public Water","Sewer - Public","Conventional","Individuals"
"1001","2503909","E000-1290-025","CLOSD","215 N 36th ST","23223","Richmond City","Single Family Residence","05/02/2025","$569,000","$570,000","9","Resale (occupied at least once)","1890","Chimborazo","1,859","0.06","3","1.1","Public Water","Sewer - Public","Conventional","Individuals"
"1001","2503241","760657633100000","CLOSD","8801 Waterfowl Flyway","23838","Chesterfield","Single Family Residence","05/02/2025","$625,000","$620,000","37","Resale (occupied at least once)","1990","Woodland Pond","3,559","0.96","4","3.1","Public Water","Septic - Conventional","VA New","Individuals"
"1001","2503138","750-734-9135","CLOSD","4 Raven Rock LN","23229","Henrico","Single Family Residence","05/02/2025","$947,950","$945,000","30","New (never occupied)","2023","Sleepy Hollow","4,020","0.57","5","4.1","Public Water","Sewer - Public","Conventional","Corporate"
"1001","2502831","N000-1044-022","CLOSD","3115 Cliff AVE","23222","Richmond City","Single Family Residence","05/02/2025","$329,950","$340,000","13","Resale (occupied at least once)","1924","Alvista Heights","1,540","0.18","3","2.0","Public Water","Sewer - Public","Conventional","Individuals"
"1001","2502466","0020.07X0155.74 0000.000","CLOSD","211 E Ladies Mile RD","23222","Richmond City","Townhouse","05/02/2025","$190,000","$190,000","17","New (never occupied)","2024","Brookland Terrace","1,400","","3","2.1","Public Water","Sewer - Public","Conventional","Other"
"1001","2502391","W000-1514-004","CLOSD","3331 Hanover AVE","23221","Richmond City","Single Family Residence","05/02/2025","$899,950","$925,000","12","Resale (occupied at least once)","1925","None","","0.08","4","3.0","Public Water","Sewer - Public","Cash","Individuals"
"1001","2431674","8765-95-1613","CLOSD","2042 Old Church RD","23111","Hanover","Single Family Residence","05/02/2025","$850,000","$800,000","95","Resale (occupied at least once)","2006","Copeland Meadows","3,549","10.00","4","3.2","Well","Septic - Conventional","Cash","Individuals"
"1001","2421653","7797-70-6912","CLOSD","10100 Peach Blossom RD","23116","Hanover","Single Family Residence","05/02/2025","$699,990","$695,000","215","New (never occupied)","2021","Honey Meadows","2,853","0.24","5","4.0","Public Water","Sewer - Public","FHA New","Corporate"
"1001","2409886","028B1-7-18","CLOSD","3180 Lake Stone TER","23139","Powhatan","Single Family Residence","05/02/2025","$815,000","$835,000","55","New (never occupied)","2024","Maple Grove","3,171","2.56","4","3.1","Well","Septic - Conventional","Cash","Corporate"
"1001","BRTVAHN2000874","776-760-0937","CLOSD","1823 Bandera DR","23228","Henrico","Single Family Residence","05/02/2025","$400,000","$398,000","4","Resale (occupied at least once)","1961","NONE AVAILABLE","1,440","0.00","4","2.0","Public Water","Public Sewer On Site, Septic - Shared","",""
"1001","BRTVAHN2000694","754-750-5782","CLOSD","8802 Basswood RD","23238","Henrico","Single Family Residence","05/02/2025","$421,900","$410,000","140","Resale (occupied at least once)","1963","WEDGEWOOD PARK","2,050","0.30","4","2.0","Public Water","Public Sewer On Site","",""
"1001","REIN10572231","9003","CLOSD","10360 Old Towne LN","23124","New Kent","Single Family Residence","05/02/2025","$650,000","$650,000","3","Resale (occupied at least once)","2004","ALL OTHERS AREA 140","2,981","3.80","3","3.0","Well","Septic","","Estate"
"1001","2508719","N000-1136-022","CLOSD","3221 Barton AVE","23222","Richmond City","Single Family Residence","05/03/2025","$250,000","$250,000","0","Resale (occupied at least once)","1929","North Richmond Terrace","2,640","0.16","4","2.0","Public Water","Sewer - Public","Cash","Individuals"
"1001","2507696","770-751-3848","CLOSD","4205 Wistar RD","23228","Henrico","Single Family Residence","05/03/2025","$415,000","$425,000","3","Resale (occupied at least once)","1964","None","2,418","1.72","4","2.0","Public Water","Sewer - Public","Conventional","Individuals"
"1001","2506564","N000-1159-012","CLOSD","3303 Maryland AVE","23222","Richmond City","Single Family Residence","05/05/2025","$299,900","$315,000","12","Resale (occupied at least once)","1922","Highland Park","1,424","0.11","3","1.1","Public Water","Sewer - Public","Conventional","Partnership"
"1001","2422796","707-68-34-56-500-000","CLOSD","17119 Old Westridge Drive","23120","Chesterfield","Single Family Residence","05/05/2025","$625,950","$688,274","0","New (never occupied)","2025","Westerleigh","3,016","","4","3.1","Public Water","Sewer - Public","Conventional","Corporate"
"1001","2424606","Not Yet Assigned","CLOSD","4825 Tuscany CT","23120","Chesterfield","Single Family Residence","05/05/2025","$717,635","$717,635","64","New (never occupied)","2024","East Estates At Mount Hermon","3,466","","5","3.1","Public Water","Sewer - Public","VA New","Corporate"
"1001","2500748","760-70-59-83-800-000","CLOSD","7912 Provincetown DR","23235","Chesterfield","Townhouse","05/05/2025","$234,000","$226,000","40","Resale (occupied at least once)","1976","Providence Green","1,200","","2","1.1","Public Water","Sewer - Public","FHA New","Corporate"
"1001","2504589","8706-51-3459","CLOSD","8494 Squires Passage DR","23116","Hanover","Single Family Residence","05/05/2025","$750,000","$740,000","21","Resale (occupied at least once)","2003","Atlee Lake Estates","4,054","0.47","5","3.1","Public Water","Sewer - Public","Conventional","Individuals"
"1001","2509571","792-737-7059","CLOSD","3605 Conway ST","23222","Henrico","Single Family Residence","05/05/2025","$260,000","$270,000","10","Resale (occupied at least once)","1947","Stratford Village","816","0.22","3","1.1","Public Water","Sewer - Public","VHDA ","Individuals"
"1001","2507129","765-65-52-50-300-000","CLOSD","11001 Nash RD","23838","Chesterfield","Single Family Residence","05/05/2025","$574,900","$581,000","10","Resale (occupied at least once)","1967","None","3,287","3.40","5","3.1","Well","Septic - Conventional","FHA New","Individuals"
"1001","2502716","E000-0756-011","CLOSD","2205 Hildreth ST","23223","Richmond City","Single Family Residence","05/05/2025","$275,000","$280,000","37","Resale (occupied at least once)","1954","Eastview","1,672","0.20","4","2.0","Public Water","Sewer - Public","FHA New","Individuals"
"1001","2421206","541774","CLOSD","3405 Hopkins RD","23234","Richmond City","Townhouse","05/05/2025","$303,870","$303,870","42","New (never occupied)","2024","Kinwick","1,318","","3","2.1","Public Water","Sewer - Public","VA New","Corporate"
"1001","2504912","730-68-52-38-700-000","CLOSD","13609 Quail Hollow CT","23112","Chesterfield","Single Family Residence","05/05/2025","$342,500","$340,000","31","Resale (occupied at least once)","1977","Quail Hill","1,602","0.24","3","1.1","Public Water","Sewer - Public","Conventional","Individuals, Other"
"1001","2430421","S000-0681-020","CLOSD","2403 Decatur ST","23224","Richmond City","Single Family Residence","05/05/2025","$189,000","$189,000","119","Resale (occupied at least once)","1910","None","919","0.12","2","1.0","Public Water","Sewer - Public","Conventional","Individuals"
"1001","2428769","794-64-59-01-600-000","CLOSD","14101 Ramsey CT","23831","Chesterfield","Single Family Residence","05/05/2025","$384,993","$384,993","128","Resale (occupied at least once)","1995","Somersby","2,337","0.31","5","2.1","Public Water","Sewer - Public","Conventional","Corporate"
"1001","2508598","768-69-30-23-700-000","CLOSD","6558 N Stevens Hollow DR","23832","Chesterfield","Single Family Residence","05/05/2025","$337,500","$340,000","4","Resale (occupied at least once)","1980","Stevens Hollow","1,524","0.22","4","2.0","Public Water","Sewer - Public","Conventional","Individuals"
"1001","2508752","8A  1 C   8","CLOSD","9421 Sherwood DR","23141","New Kent","Single Family Residence","05/05/2025","$394,900","$400,000","5","Resale (occupied at least once)","1989","Sherwood Estates","4,060","0.49","3","2.1","Community Well","Septic - Conventional","USDA","Individuals"
"1001","2504353","825-723-4996","CLOSD","201 N Oak AVE","23075","Henrico","Single Family Residence","05/05/2025","$265,000","$260,000","21","Resale (occupied at least once)","1937","Highland Springs","1,274","0.13","3","1.0","Public Water","Sewer - Public","Conventional","Individuals"
"1001","2502564","751-71-50-20-900-081","CLOSD","10266 Iron Mill RD","23235","Chesterfield","Condominium","05/05/2025","$185,000","$185,000","3","Resale (occupied at least once)","1973","Edgehill Condo","962","","2","1.1","Public Water","Sewer - Public","Cash","Individuals"
"1001","2507875","803-687-2459","CLOSD","1242 Archie LN","23231","Henrico","Single Family Residence","05/05/2025","$369,000","$390,000","2","Resale (occupied at least once)","1999","None","1,994","1.13","3","2.0","Well","Septic - Conventional","Conventional","Individuals"
"1001","2503056","19B4 3AG   7","CLOSD","6800 Forest DR","23141","New Kent","Single Family Residence","05/05/2025","$379,999","$377,000","43","Resale (occupied at least once)","1987","Five Lakes Forest","1,762","0.47","3","2.1","Community Well","Septic - Conventional","FHA New","Individuals"
"1001","2509279","770-62-79-22-700-000","CLOSD","16310 Rhodes LN","23838","Chesterfield","Single Family Residence","05/05/2025","$319,990","$337,000","5","Resale (occupied at least once)","1987","None","1,368","3.20","4","2.0","Well","Septic - Conventional","Conventional","Individuals"
"1001","2508953","757-69-83-74-600-000","CLOSD","1532 Rayburn RD","23235","Chesterfield","Single Family Residence","05/05/2025","$285,000","$290,000","3","Resale (occupied at least once)","1980","Pocoshock","960","0.26","3","2.0","Public Water","Sewer - Public","Conventional","Partnership"
"1001","2508835","724-70-41-32-400-009","CLOSD","910 Westwood Village WAY Unit#301","23114","Chesterfield","Condominium","05/05/2025","$289,900","$279,900","18","Resale (occupied at least once)","2010","Westwood Village At Charter Colony","1,658","","2","2.0","Public Water","Sewer - Public","Conventional","Individuals"
"1001","2507711","E000-0256-031","CLOSD","510 N 23rd ST","23223","Richmond City","Single Family Residence","05/05/2025","$445,000","$455,000","6","Resale (occupied at least once)","1890","None","1,620","0.04","3","2.0","Public Water","Sewer - Public","Conventional","Individuals"
"1001","2507645","7890-83-0614","CLOSD","13185 Rooney Lee DR","23005","Hanover","Single Family Residence","05/05/2025","$669,950","$693,000","7","Resale (occupied at least once)","2017","Hickory Hill","2,508","1.09","3","2.1","Well","Septic - Conventional","Conventional","Individuals"
"1001","2506789","802-734-0971","CLOSD","3605 Ronnie AVE","23222","Henrico","Single Family Residence","05/05/2025","$218,000","$225,000","4","Resale (occupied at least once)","2005","Pemberton","912","0.20","3","1.0","Public Water","Community - Sewer/Septic","FHA New","Individuals"
"1001","2506746","7636881500300000","CLOSD","4400 Litchfield DR","23832","Chesterfield","Single Family Residence","05/05/2025","$379,000","$388,500","5","Resale (occupied at least once)","1983","Creekwood","","0.43","4","2.1","Public Water","Sewer - Public","Conventional","Individuals"
"1001","2506712","21-9-0-40-0","CLOSD","2719 Parkhouse CT","23153","Goochland","Single Family Residence","05/05/2025","$525,000","$515,000","10","Resale (occupied at least once)","2006","High Grove","2,106","3.22","3","2.1","Well","Septic - Conventional","Conventional","Individuals"
"1001","2506641","019D-1-4","CLOSD","3159 Shadow Creek DR","23139","Powhatan","Single Family Residence","05/05/2025","$600,000","$650,000","8","Resale (occupied at least once)","1999","Shadow Creek","2,430","2.22","3","2.1","Well","Septic - Conventional","Conventional","Individuals"
"1001","2506569","726-66-04-70-100-000","CLOSD","9918 Fawnhope CT","23112","Chesterfield","Single Family Residence","05/05/2025","$492,000","$492,000","2","Resale (occupied at least once)","2017","Collington","2,560","0.30","3","2.0","Public Water","Sewer - Public","Cash","Individuals"
"1001","2506519","726-66-16-88-800-000","CLOSD","10006 Brading LN","23112","Chesterfield","Single Family Residence","05/05/2025","$480,000","$485,000","5","Resale (occupied at least once)","2013","Collington","2,293","0.29","4","3.0","Public Water","Sewer - Public","Conventional","Individuals"
"1001","2506278","778-68-00-75-500-000","CLOSD","6624 Bryanbell DR","23234","Chesterfield","Single Family Residence","05/05/2025","$349,900","$377,000","4","Resale (occupied at least once)","1985","Irongate","2,016","0.41","3","2.1","Public Water","Sewer - Public","Conventional","Individuals"
"1001","2506228","E000-1411-038","CLOSD","1206 N 38th ST","23223","Richmond City","Single Family Residence","05/05/2025","$254,900","$245,000","22","Resale (occupied at least once)","1925","None","864","0.08","2","1.0","Public Water","Sewer - Public","Conventional","Corporate"
"1001","2505982","W000-0660-022","CLOSD","22 N Lombardy ST","23220","Richmond City","Single Family Residence","05/05/2025","$549,900","$549,000","6","Resale (occupied at least once)","1890","None","1,548","0.03","3","2.1","Public Water","Sewer - Public","Conventional","Estate"
"1001","2505855","738-755-1253","CLOSD","11832 Marnelan PL","23233","Henrico","Single Family Residence","05/05/2025","$524,599","$528,000","2","Resale (occupied at least once)","1989","Coventry","1,952","0.24","4","2.1","Public Water","Sewer - Public","Conventional","Individuals"
"1001","2505467","710-67-21-75-700-000","CLOSD","6912 Winters Prey TRL","23120","Chesterfield","Single Family Residence","05/05/2025","$669,000","$669,000","4","Resale (occupied at least once)","2016","Foxcreek","3,418","0.48","5","3.1","Public Water","Sewer - Public","Conventional","Individuals"
"1001","2505123","782-743-8472","CLOSD","5204 Smith AVE","23228","Henrico","Single Family Residence","05/05/2025","$365,000","$356,000","22","Resale (occupied at least once)","1947","Bloomingdale","1,200","0.18","3","2.0","Public Water","Sewer - Public","Conventional","Individuals"
"1001","2504698","729-68-61-42-700-000","CLOSD","3211 Fox Chase DR","23112","Chesterfield","Single Family Residence","05/05/2025","$290,000","$206,000","26","Resale (occupied at least once)","1978","Brandermill","1,486","0.25","3","2.0","Public Water","Sewer - Public","Cash","Individuals"
"1001","2504662","732-72-32-48-000-000","CLOSD","3519 Kendal Crossing TER","23113","Chesterfield","Single Family Residence","05/05/2025","$740,000","$785,000","5","Resale (occupied at least once)","2015","Tarrington","2,793","0.23","3","3.0","Public Water","Sewer - Public","Cash","Individuals"
"1001","2504261","770-761-1387","CLOSD","2913 Sara Jean TER","23060","Henrico","Townhouse","05/05/2025","$300,000","$300,000","5","Resale (occupied at least once)","1995","Laurel Lakes Ths","1,292","0.04","2","2.1","Public Water","Sewer - Public","Conventional","Individuals"
"1001","2503790","S000-1343-018","CLOSD","205 E 30th ST","23224","Richmond City","Single Family Residence","05/05/2025","$399,000","$389,000","34","New (never occupied)","2024","Burfoot Addition","1,721","0.08","3","2.1","Public Water","Sewer - Public","Conventional","Corporate"
"1001","2503064","24-43","CLOSD","8501 Barnetts RD","23030","Charles City County","Single Family Residence","05/05/2025","$325,000","$330,000","5","Resale (occupied at least once)","1950","None","","5.84","3","2.0","Well","Septic - Conventional","VA New","Individuals"
"1001","2501987","N000-1561-028","CLOSD","3511 Meadowbridge RD","23222","Richmond City","Single Family Residence","05/05/2025","$209,875","$202,000","69","Resale (occupied at least once)","1947","North Highland Park","680","","2","1.0","Public Water","Sewer - Public","Conventional","Individuals"
"1001","2500732","781-756-5960.129","CLOSD","1511 Front Royal DR","23228","Henrico","Condominium","05/05/2025","$199,950","$200,000","17","Resale (occupied at least once)","1977","Stonewall Manor Condominiums","978","35.71","2","1.1","Public Water","Sewer - Public","FHA New","Individuals"
"1001","2414574","Portion of 6726-94-4854/PIN2: 51-1-0-43-0","CLOSD","1323 Rock Castle RD","23063","Goochland","Single Family Residence","05/05/2025","$589,950","$575,241","88","New (never occupied)","2024","None","3,718","4.04","5","3.1","Well","Septic - Conventional","VHDA/FHA","Corporate"
"1001","BRTVAHA2000940","7840-15-1176","CLOSD","14431 Winding Cedar LN","23192","Hanover","Single Family Residence","05/05/2025","$710,000","$710,000","11","Resale (occupied at least once)","1999","NONE AVAILABLE","3,459","2.13","4","3.0","Well","Septic","",""
"1001","2507887","739-751-5920","CLOSD","2505 Eagles View CT","23233","Henrico","Single Family Residence","05/06/2025","$499,000","$515,000","8","Resale (occupied at least once)","1993","Eagles Ridge","2,459","0.33","4","2.1","Community Well, Public Water","Community - Sewer/Septic","Conventional","Individuals"
"1001","2507091","779-66-67-38-800-000","CLOSD","5166 Croft Crossing DR","23237","Chesterfield","Single Family Residence","05/06/2025","$300,000","$300,000","0","Resale (occupied at least once)","2004","Hollymeade","1,318","0.29","3","2.0","Public Water","Sewer - Public","VA New","Estate"
"1001","2508226","738-778-6530","CLOSD","5750 Creek Mill WAY","23059","Henrico","Single Family Residence","05/06/2025","$565,000","$574,000","6","Resale (occupied at least once)","1994","Creek Mill At Millstone","2,848","0.25","4","2.1","Public Water","Sewer - Public","Conventional","Individuals"
"1001","2430107","Not Yet Assigned","CLOSD","211 Whiteside RD","23150","Henrico","Townhouse","05/06/2025","$307,455","$314,955","74","New (never occupied)","2025","Parkside Townes","1,318","","3","2.1","Public Water","Sewer - Public","FHA New","Corporate"
"1001","2417078","Not Yet Assigned","CLOSD","12419 Wescott AVE","23112","Chesterfield","Condominium","05/06/2025","$356,100","$356,210","0","New (never occupied)","2024","Wescott","1,389","","2","2.0","Public Water","Sewer - Public","Cash","Corporate"
"1001","2507271","767-738-2340","CLOSD","6221 Jeffrey RD","23226","Henrico","Single Family Residence","05/06/2025","$469,950","$469,950","14","Resale (occupied at least once)","1947","Westview Manor","1,440","0.21","3","1.1","Public Water","Sewer - Public","Conventional","Individuals"
"1001","2507391","803-735-9032","CLOSD","3800 Candlegrove CT","23223","Henrico","Single Family Residence","05/06/2025","$399,500","$405,000","17","Resale (occupied at least once)","2006","Candlelight Estates","2,352","0.52","5","3.0","Public Water","Sewer - Public","VA New","Individuals"
"1001","2507567","788-69-14-35-200-000","CLOSD","4904 Caldwell AVE","23234","Chesterfield","Single Family Residence","05/06/2025","$225,000","$232,000","2","Resale (occupied at least once)","1945","Grindall Creek Park","792","0.36","2","1.0","Public Water","Sewer - Public","VA New","Individuals"
"1001","2508499","837-716-1063","CLOSD","35 Drybridge CT","23150","Henrico","Single Family Residence","05/06/2025","$289,900","$305,000","3","Resale (occupied at least once)","1985","Acreage","1,440","1.12","4","2.0","Well","Septic - Conventional","VA New","Individuals"
"1001","2507518","733-67-08-03-800-000","CLOSD","13027 Holly View TER","23112","Chesterfield","Single Family Residence","05/06/2025","$339,000","$339,000","4","Resale (occupied at least once)","1993","Spring Trace","1,572","0.48","3","2.1","Public Water","Sewer - Public","Conventional","Estate"
"1001","2505229","7870-40-8546","CLOSD","112 Lee AVE","23005","Hanover","Single Family Residence","05/06/2025","$399,946","$370,000","34","Resale (occupied at least once)","1984","Loving Heights","1,970","0.45","2","2.0","Public Water","Sewer - Public","Conventional","Individuals"
"1001","2423849","748-764-6895","CLOSD","4416 Dominion Forest CIR","23060","Henrico","Townhouse","05/06/2025","$627,130","$627,130","0","New (never occupied)","2024","Innsbrook Dominion Residences","2,040","","3","3.2","Public Water","Sewer - Public","Cash","Corporate"
"1001","2507226","7797-46-9617","CLOSD","10334 Parahunt Pathway","23005","Hanover","Single Family Residence","05/06/2025","$370,000","$365,000","7","Resale (occupied at least once)","1970","Totopotomoy","1,224","0.40","3","2.1","Public Water","Sewer - Public","Conventional","Individuals"
"1001","2509545","751-71-75-47-100-000","CLOSD","9522 Beckham DR","23235","Chesterfield","Single Family Residence","05/06/2025","$434,950","$425,000","4","Resale (occupied at least once)","1959","Englewood","1,575","0.57","3","2.1","Public Water","Sewer - Public","Conventional","Individuals"
"1001","2509469","751-69-77-54-000-000","CLOSD","9031 Gallatin RD","23236","Chesterfield","Single Family Residence","05/06/2025","$465,000","$500,000","2","Resale (occupied at least once)","2017","Gatewood","2,039","0.72","4","3.0","Public Water","Sewer - Public","Conventional","Individuals"
"1001","2508959","W000-1006-058","CLOSD","503 Strawberry ST Unit#U5","23220","Richmond City","Condominium","05/06/2025","$335,000","$410,000","3","Resale (occupied at least once)","1910","Claremont","1,030","0.09","2","1.0","Public Water","Community - Sewer/Septic","Cash","Individuals"
"1001","2508787","745-71-15-68-800-000","CLOSD","1605 Marble Head CT","23235","Chesterfield","Single Family Residence","05/06/2025","$375,000","$390,000","4","Resale (occupied at least once)","1982","Heritage Commons","1,440","0.25","3","2.1","Public Water","Sewer - Public","Conventional","Individuals"
"1001","2508680","720-68-67-63-600-000","CLOSD","14525 Waters Shore DR","23112","Chesterfield","Single Family Residence","05/06/2025","$410,000","$430,000","4","Resale (occupied at least once)","2005","Edgewater At The Reservoir","2,142","0.15","3","2.1","Public Water","Sewer - Public","Cash","Individuals"
"1001","2508586","768-69-00-18-200-000","CLOSD","4019 Old Creek RD","23832","Chesterfield","Single Family Residence","05/06/2025","$325,000","$335,000","4","Resale (occupied at least once)","1983","Old Creek West","1,248","0.23","3","2.0","Public Water","Sewer - Public","Cash","Corporate"
"1001","2508450","820-721-2341","CLOSD","516 S Kalmia AVE","23075","Henrico","Single Family Residence","05/06/2025","$350,000","$355,000","14","Resale (occupied at least once)","1988","Highland Springs","1,536","0.34","4","2.1","Public Water","Sewer - Public","Conventional","Other"
"1001","2508442","766-738-4529","CLOSD","910 Orchard RD","23226","Henrico","Single Family Residence","05/06/2025","$519,000","$611,500","5","Resale (occupied at least once)","1948","Pine Ridge","1,618","0.20","3","1.1","Public Water","Sewer - Public","Conventional","Individuals"
"1001","2508333","741-745-0607","CLOSD","1612 Westcastle DR","23238","Henrico","Single Family Residence","05/06/2025","$589,950","$565,000","6","Resale (occupied at least once)","1970","Canterbury","4,344","0.42","5","3.0","Public Water","Sewer - Public","Cash","Estate"
"1001","2508177","N000-0119-037","CLOSD","101 W Marshall ST Unit#U24","23220","Richmond City","Condominium","05/06/2025","$285,000","$287,000","3","Resale (occupied at least once)","1925","None","1,032","0.02","1","1.1","Public Water","Sewer - Public","Conventional","Individuals"
"1001","2508138","W019-0215-007","CLOSD","4709 Patterson AVE","23226","Richmond City","Single Family Residence","05/06/2025","$399,000","$430,155","6","Resale (occupied at least once)","1953","Colonial Place","1,055","0.17","2","1.0","Public Water","Sewer - Public","Conventional","Individuals"
"1001","2507987","751-753-4734","CLOSD","2206 Aspen WAY","23233","Henrico","Single Family Residence","05/06/2025","$349,000","$375,000","7","Resale (occupied at least once)","1982","Aspen Grove","1,463","0.15","3","2.0","Public Water","Sewer - Public","Conventional","Individuals"
"1001","2507861","8714-81-4118","CLOSD","7095 Brooking WAY","23111","Hanover","Single Family Residence","05/06/2025","$355,000","$370,000","3","Resale (occupied at least once)","1991","High Point Farms","1,274","2.35","3","2.0","Public Water","Sewer - Public","Conventional","Individuals"
"1001","2507815","702-67-01-05-200-000","CLOSD","6943 Carden Park DR","23120","Chesterfield","Single Family Residence","05/06/2025","$749,000","$749,000","3","Resale (occupied at least once)","2017","Magnolia Green","3,364","0.36","4","3.1","Public Water","Sewer - Public","Conventional","Individuals"
"1001","2507796","778-66-41-33-100-000","CLOSD","9756 Ladue RD","23237","Chesterfield","Single Family Residence","05/06/2025","$325,000","$325,000","3","Resale (occupied at least once)","1988","Salem Woods","1,664","0.30","3","2.1","Public Water","Community - Sewer/Septic","VA New","Individuals"
"1001","2507671","772-66-88-58-000-000","CLOSD","6512 Leisure CT","23237","Chesterfield","Single Family Residence","05/06/2025","$319,950","$330,000","5","Resale (occupied at least once)","1991","The Park","1,200","0.25","3","2.0","Public Water","Sewer - Public","Conventional","Individuals"
"1001","2507454","33B6 3 2  67","CLOSD","5835 Pilmour DR","23140","New Kent","Single Family Residence","05/06/2025","$385,000","$390,000","7","Resale (occupied at least once)","2017","Oakmont Villas","1,728","0.14","3","2.0","Public Water","Sewer - Public","FHA New","Individuals"
"1001","2507431","749-744-9853","CLOSD","9138 Farmington DR","23229","Henrico","Single Family Residence","05/06/2025","$425,000","$425,000","14","Resale (occupied at least once)","1958","Farmington","1,953","0.28","5","2.0","Public Water","Sewer - Public","Cash","Individuals"
"1001","2507328","753-62-90-60-100-000","CLOSD","10900 Buttevant DR","23838","Chesterfield","Single Family Residence","05/06/2025","$265,000","$265,000","3","Resale (occupied at least once)","1979","Nash Grove","1,008","0.89","3","1.1","Well","Septic - Conventional","USDA","Individuals"
"1001","2507042","838-720-8260","CLOSD","2601 Lacywood LN","23150","Henrico","Single Family Residence","05/06/2025","$92,000","$80,000","8","Resale (occupied at least once)","1943","Acreage","999","2.00","2","1.0","Well","Septic - Conventional","Cash","Individuals"
"1001","2507036","741-67-46-14-800-000","CLOSD","5236 Misty Spring DR","23112","Chesterfield","Single Family Residence","05/06/2025","$430,000","$452,250","7","Resale (occupied at least once)","2004","Swift Creek Crossing","2,374","0.47","4","2.1","Public Water","Sewer - Public","Conventional","Individuals"
"1001","2507005","N000-0870-007","CLOSD","2910 Noble AVE","23222","Richmond City","Single Family Residence","05/06/2025","$595,000","$605,000","5","Resale (occupied at least once)","1920","Roland Park","2,681","0.16","3","3.1","Public Water","Sewer - Public","Conventional","Individuals"
"1001","2506813","780-69-17-28-300-000","CLOSD","4501 Whitestone DR","23234","Chesterfield","Single Family Residence","05/06/2025","$457,000","$462,000","3","Resale (occupied at least once)","1990","Meadowbrook West","3,204","0.97","4","3.0","Public Water","Sewer - Public","Conventional","Individuals"
"1001","2506636","8705-57-1544","CLOSD","8420 Atlee RD","23116","Hanover","Single Family Residence","05/06/2025","$340,000","$340,000","3","Resale (occupied at least once)","1954","None","1,275","0.62","3","1.0","Public Water","Septic - Conventional","Conventional","Individuals"
"1001","2506601","723-70-41-01-400-008","CLOSD","1100 Westwood Village LN Unit#304","23114","Chesterfield","Condominium","05/06/2025","$310,000","$305,000","6","Resale (occupied at least once)","2018","Westwood Village At Charter Colony","1,547","","2","2.0","Public Water","Sewer - Public","Conventional","Individuals"
"1001","2505694","754-755-4695","CLOSD","9529 Pine Trails CT","23294","Henrico","Single Family Residence","05/06/2025","$500,000","$530,000","13","Resale (occupied at least once)","2004","Andover Hills","2,252","0.20","3","2.1","Public Water","Sewer - Public","FHA New","Individuals"
"1001","2505188","W019-0082-030","CLOSD","4614 Cutshaw AVE","23230","Richmond City","Single Family Residence","05/06/2025","$1,350,000","$1,350,000","3","New (never occupied)","2024","Monument Avenue Park","3,812","0.14","4","4.1","Public Water","Sewer - Public","Conventional","Partnership"
"1001","2505014","745-772-1812","CLOSD","5239 Scotsglen DR","23059","Henrico","Single Family Residence","05/06/2025","$620,000","$650,000","3","Resale (occupied at least once)","1998","Scotsglen","2,640","0.23","4","2.1","Public Water","Sewer - Public","FHA New","Individuals"
"1001","2504494","N000-1235-001","CLOSD","3218 Hawthorne AVE","23222","Richmond City","Single Family Residence","05/06/2025","$875,000","$875,000","35","Resale (occupied at least once)","1930","Ginter Park","3,072","0.59","4","2.1","Public Water","Sewer - Public","Conventional","Estate, Individuals"
"1001","2431093","771-736-2305.004","CLOSD","1213 Byrd AVE","23226","Henrico","Condominium","05/06/2025","$749,950","$750,000","5","Resale (occupied at least once)","2008","Monument Square Condo","2,408","0.06","3","3.2","Public Water","Sewer - Public","Conventional","Individuals"
"1001","2428600","N016-0205-050","CLOSD","3101 Montrose AVE","23222","Richmond City","Single Family Residence","05/06/2025","$365,000","$325,000","26","Resale (occupied at least once)","1972","Ladies Mile Terrace","1,786","0.25","3","2.0","Public Water","Sewer - Public","Conventional","Estate"
"1001","2414570","7853-01-7591","CLOSD","15540 Toread Didd LN","23015","Hanover","Single Family Residence","05/06/2025","$1,025,000","$1,055,180","122","New (never occupied)","2024","None","3,433","21.80","5","4.1","Well","Septic - Conventional","Conventional","Corporate"
"1001","2400401","20-28-2-3-0","CLOSD","3406 Nickel Spring CT","23153","Goochland","Single Family Residence","05/06/2025","$747,990","$743,500","646","New (never occupied)","2023","Rocketts Ridge","3,192","2.87","4","3.1","Public Water","Sewer - Public","Cash","Corporate"
"1001","BRTVAHN2000808","767-737-6865","CLOSD","6109 Hampstead AVE","23226","Henrico","Single Family Residence","05/07/2025","$499,900","$488,000","51","Resale (occupied at least once)","1947","WESTVIEW MANOR","1,344","0.00","3","2.0","Public Water","","",""
"1001","BRTVARC2000668","N0001553026","CLOSD","314 Hunt AVE","23222","Richmond City","Single Family Residence","05/07/2025","$340,000","$340,000","0","New (never occupied)","2025","NONE AVAILABLE","1,360","0.09","3","3.0","Public Water","Public Sewer On Site","",""
"1001","2422781","707-68-33-94-400-000","CLOSD","17112 Ellerby CT","23120","Chesterfield","Single Family Residence","05/07/2025","$652,950","$734,511","0","New (never occupied)","2025","Westerleigh","3,341","","4","4.1","Public Water","Sewer - Public","Conventional","Corporate"
"1001","2500479","672-66-30-54-300-000","CLOSD","24221 Pear Orchard RD","23120","Chesterfield","Single Family Residence","05/07/2025","$624,975","$620,000","61","Resale (occupied at least once)","1997","None","2,375","5.83","4","3.1","Well","Septic - Conventional","VA New","Individuals"
"1001","2507928","N000-1553-026","CLOSD","314 Hunt AVE","23222","Richmond City","Single Family Residence","05/07/2025","$340,000","$340,000","24","New (never occupied)","2025","Providence Park","","0.09","3","2.1","Public Water","Sewer - Public","FHA New","Individuals"
"1001","2506003","762-71-31-20-900-000","CLOSD","1242 Southam DR","23235","Chesterfield","Single Family Residence","05/07/2025","$370,000","$365,000","34","Resale (occupied at least once)","1959","Southam","1,758","0.30","3","2.0","Public Water","Sewer - Public","Conventional","Individuals"
"1001","2506491","724-68-91-69-500-000","CLOSD","14205 Long Hill RD","23112","Chesterfield","Single Family Residence","05/07/2025","$399,950","$438,900","6","Resale (occupied at least once)","1984","Longhill","2,188","0.20","4","2.1","Public Water","Sewer - Public","Conventional","Individuals"
"1001","2504873","C005-0685-052","CLOSD","913 Blandy AVE","23225","Richmond City","Single Family Residence","05/07/2025","$285,000","$280,000","12","Resale (occupied at least once)","1949","None","996","0.26","3","1.0","Public Water","Sewer - Public","Conventional","Individuals"
"1001","2419773","Not Yet Assigned","CLOSD","3903 Maze Runner DR","23112","Chesterfield","Condominium","05/07/2025","$310,300","$310,300","64","New (never occupied)","2024","Wescott","1,227","","1","2.0","Public Water","Sewer - Public","Conventional","Corporate"
"1001","2508357","746-768-1751","CLOSD","857 Parkland PL","23059","Henrico","Townhouse","05/07/2025","$435,000","$435,000","5","Resale (occupied at least once)","2006","Jamerson Park","1,896","0.07","3","2.1","Public Water","Sewer - Public","Conventional","Individuals"
"1001","2506910","808-714-4732","CLOSD","2802 Williamsburg RD","23231","Henrico","Single Family Residence","05/07/2025","$212,000","$215,000","8","Resale (occupied at least once)","1937","None","937","0.16","3","1.0","Public Water","Septic - Conventional","VHDA/FHA","Individuals"
"1001","2507654","722-67-52-32-500-000","CLOSD","6007 Country Walk RD","23112","Chesterfield","Single Family Residence","05/07/2025","$859,000","$865,000","4","Resale (occupied at least once)","1989","Woodlake","4,448","1.04","5","4.1","Public Water","Sewer - Public","Conventional","Individuals"
"1001","2500875","E000-0340-002","CLOSD","2403 E Grace ST","23223","Richmond City","Single Family Residence","05/07/2025","$1,250,000","$1,200,000","58","Resale (occupied at least once)","1844","None","4,400","0.11","4","2.1","Public Water","Sewer - Public","Conventional","Individuals"
"1001","2504267","744-67-81-11-500-000","CLOSD","5006 Alberta MEWS","23832","Chesterfield","Single Family Residence","05/07/2025","$380,000","$365,000","36","Resale (occupied at least once)","2007","Sunnybrook","1,636","0.62","3","2.1","Public Water","Sewer - Public","Conventional","Individuals"
"1001","2429460","541774","CLOSD","3409 Hopkins RD","23234","Richmond City","Townhouse","05/07/2025","$291,480","$291,480","78","New (never occupied)","2025","Kinwick","1,336","","2","2.1","Public Water","Sewer - Public","Conventional","Corporate"
"1001","2510051","732-70-44-12-200-000","CLOSD","13119 Glenmeadow CT","23114","Chesterfield","Single Family Residence","05/07/2025","$369,999","$375,000","0","Resale (occupied at least once)","1979","Walton Park","2,186","0.22","4","2.1","Public Water","Sewer - Public","Other","Individuals"
"1001","2509995","S000-1131-012","CLOSD","203 W 30th ST","23225","Richmond City","Single Family Residence","05/07/2025","$450,000","$450,000","2","Resale (occupied at least once)","1940","Fonticello Park","2,059","0.11","3","2.0","Public Water","Sewer - Public","Cash","Individuals"
"1001","2509677","713-67-17-45-700-000","CLOSD","6933 Dunton RD","23832","Chesterfield","Townhouse","05/07/2025","$435,000","$435,000","3","Resale (occupied at least once)","2022","Cosby Village Townhomes","2,904","0.06","4","3.1","Public Water","Sewer - Public","Conventional","Individuals"
"1001","2509458","727-71-85-38-400-000","CLOSD","2731 Barrow PL","23113","Chesterfield","Single Family Residence","05/07/2025","$925,000","$1,050,000","2","Resale (occupied at least once)","1991","Salisbury","3,649","0.97","5","3.1","Public Water","Sewer - Public","Conventional","Individuals"
"1001","2509457","7796-71-4481","CLOSD","9166 Craney Island RD","23116","Hanover","Single Family Residence","05/07/2025","$474,950","$470,000","9","Resale (occupied at least once)","1961","Craney Island Estates","1,196","0.66","4","3.1","Public Water","Sewer - Public","Cash","Individuals"
"1001","2509280","W000-1871-012","CLOSD","4002 Stuart AVE","23221","Richmond City","Single Family Residence","05/07/2025","$1,350,000","$1,550,000","7","Resale (occupied at least once)","1945","Grove Avenue Crest","4,165","0.23","4","2.1","Public Water","Sewer - Public","Conventional","Individuals"
"1001","2508522","797-713-4204.409","CLOSD","4940 Old Main ST Unit#409","23231","Henrico","Condominium","05/07/2025","$875,000","$845,000","8","Resale (occupied at least once)","2007","Village Of Rocketts Landing","2,194","0.05","2","2.1","Public Water","Sewer - Public","Conventional","Individuals"
"1001","2508506","753-751-6439","CLOSD","9306 Lawndell RD","23229","Henrico","Single Family Residence","05/07/2025","$385,000","$412,000","8","Resale (occupied at least once)","1960","Roxbury","1,456","0.38","3","2.0","Public Water","Sewer - Public","Conventional","Individuals"
"1001","2508353","815-65-48-29-400-000","CLOSD","12608 Green Garden TER","23836","Chesterfield","Single Family Residence","05/07/2025","$465,000","$475,000","2","Resale (occupied at least once)","2002","Rivers Bend","2,670","0.22","5","2.1","Public Water","Sewer - Public","Conventional","Individuals"
"1001","2508214","733-761-6215","CLOSD","13408 Shelbourne DR","23233","Henrico","Single Family Residence","05/07/2025","$689,950","$741,000","5","Resale (occupied at least once)","1994","Shelbourne At Wellesley","3,377","0.30","4","3.1","Public Water","Sewer - Public","Conventional","Individuals"
"1001","2508183","771-749-6315","CLOSD","7101 Aspen View DR","23228","Henrico","Townhouse","05/07/2025","$390,000","$380,000","19","Resale (occupied at least once)","2007","Glenside Woods","2,096","0.10","3","2.1","Public Water","Sewer - Public","Cash","Individuals"
"1001","2508171","769-67-98-56-300-000","CLOSD","6349 Macbeth CT","23234","Chesterfield","Single Family Residence","05/07/2025","$264,000","$282,000","5","Resale (occupied at least once)","1983","Kings Forest","978","0.18","3","2.0","Public Water","Sewer - Public","Conventional","Individuals"
"1001","2507594","734-760-9858","CLOSD","3800 Danewood DR","23233","Henrico","Single Family Residence","05/07/2025","$519,000","$535,000","4","Resale (occupied at least once)","1992","Langtree At Wellesley","2,060","0.26","4","2.1","Public Water","Sewer - Public","Conventional","Individuals"
"1001","2507492","734-780-2794.037","CLOSD","12475 Donahue RD Unit#37","23059","Henrico","Condominium","05/07/2025","$899,950","$930,000","7","Resale (occupied at least once)","2021","Dominion Park At Wyndham","3,432","23.20","5","5.1","Public Water","Sewer - Public","VA Assumption","Individuals"
"1001","2507267","739-754-3770","CLOSD","11943 Shire View WAY","23233","Henrico","Townhouse","05/07/2025","$459,999","$460,000","2","Resale (occupied at least once)","2018","Shire Walk","2,134","0.05","4","3.1","Public Water","Sewer - Public","Conventional","Individuals"
"1001","2507251","739-778-3778","CLOSD","12304 Bradington TER","23059","Henrico","Single Family Residence","05/07/2025","$633,500","$659,500","5","Resale (occupied at least once)","1997","Bradington At Wyndham","2,284","0.50","3","2.1","Public Water","Sewer - Public","Cash","Individuals"
"1001","2507227","20-26-0-9-0","CLOSD","3847 Sage RD","23153","Goochland","Single Family Residence","05/07/2025","$542,000","$525,000","16","Resale (occupied at least once)","2015","Willoughbys Bend","2,202","4.00","4","2.1","Well","Septic - Conventional","Cash","Individuals"
"1001","2507050","711-66-12-42-000-000","CLOSD","16013 Clawton CT","23832","Chesterfield","Single Family Residence","05/07/2025","$830,000","$830,000","4","Resale (occupied at least once)","2021","Harpers Mill","4,010","0.33","5","4.1","Public Water","Sewer - Public","Conventional","Individuals"
"1001","2506976","742-70-46-93-800-032","CLOSD","104 Ashford Hill LOOP","23236","Chesterfield","Single Family Residence","05/07/2025","$425,000","$426,000","5","Resale (occupied at least once)","2019","Villas At Ashford Hill","1,571","","3","2.0","Public Water","Sewer - Public","Conventional","Estate"
"1001","2506922","C008-0510-042","CLOSD","4118 Welford AVE","23234","Richmond City","Single Family Residence","05/07/2025","$250,000","$271,100","5","Resale (occupied at least once)","1948","Chesterfield Court","1,329","0.47","4","1.0","Public Water","Sewer - Public","Conventional","Individuals"
"1001","2506710","788-66-28-16-800-000","CLOSD","10326 Glen Oaks DR","23831","Chesterfield","Single Family Residence","05/07/2025","$349,950","$372,000","5","Resale (occupied at least once)","1987","Glen Oaks","1,838","0.29","3","2.1","Public Water","Sewer - Public","Conventional","Individuals"
"1001","2506235","7840-15-1176","CLOSD","14431 Winding Cedar LN","23192","Hanover","Single Family Residence","05/07/2025","$710,000","$710,000","19","Resale (occupied at least once)","1998","Riverview Estates","","2.20","4","2.1","Well","Septic - Conventional","Conventional","Individuals"
"1001","2505730","752-736-4118","CLOSD","403 Berwickshire DR","23229","Henrico","Single Family Residence","05/07/2025","$400,000","$616,000","31","Resale (occupied at least once)","1974","Sleepy Hollow","2,332","0.96","3","2.0","Public Water","Sewer - Public","Cash","Individuals"
"1001","2505491","804-713-7825","CLOSD","5100 Futura AVE","23231","Henrico","Single Family Residence","05/07/2025","$199,000","$222,500","4","Resale (occupied at least once)","1988","Overhill Park","960","0.16","3","2.0","Public Water","Sewer - Public","Conventional","Corporate"
"1001","2504757","712-67-25-55-200-246","CLOSD","6606 Liege HL","23120","Chesterfield","Condominium","05/07/2025","$535,000","$530,000","8","Resale (occupied at least once)","2021","Greenwich Walk At Foxcreek","2,159","","3","2.0","Public Water","Sewer - Public","Conventional","Individuals"
"1001","2504707","739-755-6401","CLOSD","12067 Corner PATH","23233","Henrico","Townhouse","05/07/2025","$569,950","$554,850","24","New (never occupied)","2024","Shire Walk","2,324","","4","3.1","Public Water","Sewer - Public","Conventional","Corporate"
"1001","2503422","783658259200000","CLOSD","10703 Kriserin Cir","23831","Chesterfield","Single Family Residence","05/07/2025","$429,900","$426,000","63","Resale (occupied at least once)","1994","Wellington Farms","2,703","","4","3.1","Public Water","Sewer - Public","Other","Corporate, REO"
"1001","2503237","720-71-45-55-000-000","CLOSD","14631 Castleford DR","23113","Chesterfield","Single Family Residence","05/07/2025","$899,000","$890,000","5","Resale (occupied at least once)","1987","Salisbury","4,698","0.87","5","4.1","Public Water","Sewer - Public","Conventional","Individuals"
"1001","2502308","E000-0864-020","CLOSD","1620 N 28th ST","23223","Richmond City","Single Family Residence","05/07/2025","$224,900","$225,000","63","Resale (occupied at least once)","1900","Peter Paul Tract","752","0.09","2","1.0","Public Water","Sewer - Public","Cash","Individuals"
"1001","2501530","N0001382009","CLOSD","1016 Young Street","23222","Richmond City","Single Family Residence","05/07/2025","$285,000","$280,000","38","Resale (occupied at least once)","2011","North Highland Park","1,080","","3","2.0","Public Water","Sewer - Public","VHDA/FHA","Corporate"
"1001","2416241","8743-25-0135","CLOSD","4608 Battleline DR","23111","Hanover","Single Family Residence","05/07/2025","$759,990","$759,990","599","New (never occupied)","2024","McGhees Outlook","3,691","1.17","5","4.1","Well","Septic - Conventional","Conventional","Corporate"
"1001","2413628","W000-1008-031","CLOSD","2226 Monument AVE","23220","Richmond City","Single Family Residence","05/07/2025","$1,925,000","$1,900,000","238","Resale (occupied at least once)","1905","None","4,339","0.09","4","4.1","Public Water","Sewer - Public","Cash","Corporate"
"1001","2507640","761-69-85-86-500-000","CLOSD","7800 Millcreek DR","23235","Chesterfield","Single Family Residence","06/05/2025","$479,000","$466,000","39","Resale (occupied at least once)","1974","Surreywood North","2,852","0.38","5","2.1","Public Water","Sewer - Public","Conventional","Corporate"
