"#","ML #","PID","Status","Address Line","Zip","County/City","Type","Sales Date","List Price","Sales Price","Days On Market","New/Resale","Year Built","Subdivision","SqFtTotal","Acres","# Bedrooms","Total Baths","Water","Sewer","Sold Terms","Owned By"
"1","2025075","749-744-8824","CLOSD","9133 Farmington Drive, Henrico VA 23229","23229","Henrico","Single Family Residence","10/23/2020","$259,950","$255,000","38","Resale (occupied at least once)","1958","Farmington","1,732","0.27","3","2.0","Public Water","Sewer - Public","Conventional","Individuals"
"1","2027309","754-736-8937","CLOSD","221 Roslyn Hills Drive, Henrico VA 23229","23229","Henrico","Single Family Residence","11/04/2020","$499,000","$515,000","8","Resale (occupied at least once)","1958","Roslyn Hills","1,848","0.40","3","2.0","Public Water","Sewer - Public","Conventional","Individuals"
"1","2023085","722-65-67-52-200-000","CLOSD","15113 Longtown Court, Chesterfield VA 23832","23832","Chesterfield","Single Family Residence","11/04/2020","$445,352","$445,352","2","New (never occupied)","2020","Willow Creek","2,820","0.32","3","2.0","Public Water","Sewer - Public","Conventional","Corporate"
"1","2030243","732-69-72-09-700-000","CLOSD","1431 Wesanne Lane, Chesterfield VA 23114","23114","Chesterfield","Single Family Residence","11/04/2020","$400,000","$395,000","3","Resale (occupied at least once)","1986","Cedar Crossing","2,977","0.58","5","3.1","Public Water","Sewer - Public","Conventional","Individuals"
"1","2028989","739-67-07-98-200-000","CLOSD","12107 Sunset Point Court, Chesterfield VA 23112","23112","Chesterfield","Single Family Residence","11/04/2020","$349,000","$349,000","3","Resale (occupied at least once)","2001","Bayhill Pointe","2,721","0.35","4","2.1","Public Water","Sewer - Public","Conventional","Individuals"
"1","2028771","814-65-78-38-300-000","CLOSD","12805 Hogans Alley, Chesterfield VA 23836","23836","Chesterfield","Single Family Residence","11/04/2020","$464,900","$475,000","3","Resale (occupied at least once)","1997","Rivers Bend","3,874","0.54","5","3.1","Public Water","Sewer - Public","VA New","Individuals"
"1","2027596","763-748-5991","CLOSD","2403 Sunnybrook Road, Henrico VA 23294","23294","Henrico","Single Family Residence","11/04/2020","$235,000","$255,000","2","Resale (occupied at least once)","1955","Whispering Pines Henr","1,930","0.33","3","1.1","Public Water","Sewer - Public","FHA New","Individuals"
"1","2005426","736669233000000","CLOSD","9019 Buffalo Springs Drive, Chesterfield VA 23112","23112","Chesterfield","Single Family Residence","11/04/2020","$398,715","$401,765","48","New (never occupied)","2020","Bayhill Pointe","3,262","","5","3.1","Public Water","Sewer - Public","FHA New","Corporate"
"1","2017019","749-69-89-89-400-000","CLOSD","1029 Robmont Road, Chesterfield VA 23236","23236","Chesterfield","Single Family Residence","11/04/2020","$215,000","$220,000","43","Resale (occupied at least once)","1976","The Meadows","1,632","0.26","3","2.0","Public Water","Sewer - Public","VA Assumption","Individuals"
"1","2019830","743-72-68-50-800-000","CLOSD","10771 Cherokee Road, Chesterfield VA 23113","23113","Chesterfield","Single Family Residence","11/04/2020","$699,000","$695,000","63","Resale (occupied at least once)","1977","Huguenot Hundred","4,456","1.95","4","5.0","Public Water","Septic - Conventional","Conventional","Individuals"
"1","2029698","750-69-54-37-900-000","CLOSD","9948 North Wagstaff Circle, Chesterfield VA 23236","23236","Chesterfield","Single Family Residence","11/04/2020","$224,950","$237,000","6","Resale (occupied at least once)","1950","Wagstaff Circle","1,480","0.82","3","2.0","Public Water","Sewer - Public","Conventional","Individuals"
"1","2026738","761-753-4358","CLOSD","3101 Skipwith Road, Henrico VA 23294","23294","Henrico","Single Family Residence","11/04/2020","$234,950","$245,000","4","Resale (occupied at least once)","1946","Pine Dale","1,597","0.69","4","3.0","Public Water","Sewer - Public","Conventional","Individuals"
"1","2027530","038D-2-12","CLOSD","1605 Hollow Log Drive, Powhatan VA 23139","23139","Powhatan","Single Family Residence","11/04/2020","$314,950","$305,000","15","Resale (occupied at least once)","2002","Foxrest","2,266","2.00","4","2.1","Well","Septic - Conventional","FHA New","Individuals"
"1","2029958","19G1 7 4  11","CLOSD","7608 North Franklins Way, New Kent VA 23141","23141","New Kent","Single Family Residence","11/04/2020","$330,000","$330,000","9","Resale (occupied at least once)","2015","Patriots Landing","2,410","0.32","4","2.1","Public Water","Sewer - Public","Conventional","Individuals"
"1","2029537","012-41B","CLOSD","3315 Trenholm Road, Powhatan VA 23139","23139","Powhatan","Single Family Residence","11/04/2020","$365,000","$370,000","5","Resale (occupied at least once)","1994","None","2,340","8.00","4","2.1","Well","Septic - Conventional","Conventional","Individuals"
"1","2028430","790-61-53-66-200-000","CLOSD","20207 Stonewood Manor Drive, Chesterfield VA 23803","23803","Chesterfield","Single Family Residence","11/04/2020","$204,950","$216,000","6","Resale (occupied at least once)","1993","Stonewood Manor","1,552","0.39","4","2.0","Public Water","Sewer - Public","VHDA/FHA","Individuals"
"1","2027785","825-716-8984","CLOSD","9 Pickett Avenue, Henrico VA 23150","23150","Henrico","Single Family Residence","11/04/2020","$236,000","$216,000","7","Resale (occupied at least once)","1940","Sandston","2,819","0.33","3","2.1","Public Water","Sewer - Public","Other","Individuals"
"1","2024542","795-64-59-18-100-000","CLOSD","3006 Appleford Drive, Chesterfield VA 23831","23831","Chesterfield","Single Family Residence","11/04/2020","$242,000","$247,000","12","Resale (occupied at least once)","1996","Long Meadow","1,716","0.29","3","2.1","Public Water","Sewer - Public","FHA New","Individuals"
"1","2019610","783-60-90-45-300-000","CLOSD","5632 River Road, Chesterfield VA 23803","23803","Chesterfield","Single Family Residence","11/04/2020","$184,950","$187,500","19","Resale (occupied at least once)","1965","None","1,543","0.31","3","1.1","Public Water","Sewer - Public","FHA New","Individuals"
"1","2029964","C004-0305-030","CLOSD","3430 Blithewood Drive, Richmond City VA 23225","23225","Richmond City","Single Family Residence","11/04/2020","$345,000","$362,000","4","Resale (occupied at least once)","1957","Stratford Hills","2,465","0.39","3","3.0","Public Water","Sewer - Public","Conventional","Individuals"
"1","2027367","782-762-2408","CLOSD","1418 New York Avenue, Henrico VA 23060","23060","Henrico","Single Family Residence","11/04/2020","$219,000","$219,000","8","Resale (occupied at least once)","1950","Biltmore","1,561","0.35","3","1.1","Public Water, Well","Sewer - Public","Conventional","Estate"
"1","2029846","801-738-8035","CLOSD","1908 Parlow Drive, Henrico VA 23222","23222","Henrico","Single Family Residence","11/04/2020","$174,950","$194,500","5","Resale (occupied at least once)","1952","Sunny Side Hills","1,440","0.27","3","2.0","Public Water","Sewer - Public","Conventional","Individuals"
"1","2026177","720-67-93-13-700-000","CLOSD","5321 Chestnut Bluff Terrace, Chesterfield VA 23112","23112","Chesterfield","Single Family Residence","11/04/2020","$335,000","$345,000","2","Resale (occupied at least once)","1990","Woodlake","2,257","0.35","5","3.1","Public Water","Sewer - Public","Conventional","Individuals"
"1","2028155","755-740-5580","CLOSD","9614 University Boulevard, Henrico VA 23229","23229","Henrico","Single Family Residence","11/04/2020","$359,900","$340,000","12","Resale (occupied at least once)","1990","Glen Ridge","1,893","0.38","3","2.1","Public Water","Sewer - Public","Cash","Individuals"
"1","2030184","732-70-52-90-700-000","CLOSD","319 Glenpark Lane, Chesterfield VA 23114","23114","Chesterfield","Single Family Residence","11/04/2020","$298,950","$295,000","2","Resale (occupied at least once)","1982","Walton Park","1,927","0.27","4","3.0","Public Water","Sewer - Public","Conventional","Individuals"
"1","2015266","747682425700000","CLOSD","10678 Braden Woods Court #UnitTC, Chesterfield VA 23832","23832","Chesterfield","Townhouse","11/04/2020","$250,075","$247,980","8","New (never occupied)","2020","Braden Townes","1,576","","3","2.1","Public Water","Sewer - Public","Conventional","Corporate"
"1","2027622","727-68-61-45-800-000","CLOSD","3103 Sterlings Bridge Terrace, Chesterfield VA 23112","23112","Chesterfield","Single Family Residence","11/04/2020","$275,000","$280,000","3","Resale (occupied at least once)","1979","Brandermill","1,930","0.27","3","2.1","Public Water","Sewer - Public","Cash","Individuals"
"1","2022389","797-63-66-52-800-000","CLOSD","3200 Roland View Court, Chesterfield VA 23831","23831","Chesterfield","Single Family Residence","11/04/2020","$175,000","$178,000","8","Resale (occupied at least once)","1987","Millcreek","1,398","0.20","4","2.0","Public Water","Sewer - Public","VHDA ","Individuals"
"1","2023670","764-762-1110","CLOSD","3405 Edwardsville Drive, Henrico VA 23060","23060","Henrico","Single Family Residence","11/04/2020","$436,500","$428,000","8","Resale (occupied at least once)","2006","The Cottages At Crossridge","2,583","0.18","3","3.0","Public Water","Sewer - Public","VA New","Individuals"
"1","2027586","719-67-78-57-100-000","CLOSD","5704 Grove Forest Court, Chesterfield VA 23112","23112","Chesterfield","Single Family Residence","11/04/2020","$310,000","$312,000","2","Resale (occupied at least once)","1989","Grove Forest","2,074","0.30","4","2.1","Public Water","Sewer - Public","FHA New","Individuals"
"1","2029986","728-66-94-44-500-000","CLOSD","13930 War Admiral Drive, Chesterfield VA 23112","23112","Chesterfield","Single Family Residence","11/04/2020","$239,950","$253,000","4","Resale (occupied at least once)","1992","Triple Crown","1,728","0.39","4","2.0","Public Water","Sewer - Public","Conventional","Individuals"
"1","2015262","K12-3438-0179","CLOSD","7510 Sedge Drive, New Kent VA 23124","23124","New Kent","Single Family Residence","11/04/2020","$329,810","$326,670","113","New (never occupied)","2020","Arbors","2,511","","5","3.0","Public Water","Sewer - Public","Conventional","Corporate"
"1","2028380","W000-1990-029","CLOSD","4410 Patterson Avenue, Richmond City VA 23221","23221","Richmond City","Single Family Residence","11/04/2020","$304,995","$314,500","6","Resale (occupied at least once)","1939","Colonial Place","1,282","0.07","2","1.1","Public Water","Sewer - Public","Conventional","Individuals"
"1","2027877","C009-0066-024","CLOSD","1012 Bundy Avenue, Richmond City VA 23224","23224","Richmond City","Single Family Residence","11/04/2020","$164,950","$165,000","2","Resale (occupied at least once)","1953","Mcguire Homes","904","0.30","3","1.0","Public Water","Sewer - Public","Conventional","Individuals"
"1","2019911","BR2020-00179","CLOSD","10520 Orchard Blossom Drive, Hanover VA 23005","23005","Hanover","Townhouse","11/04/2020","$328,200","$330,178","32","New (never occupied)","2020","Chickahominy Falls","1,578","0.00","2","2.0","Public Water","Sewer - Public","VA New","Corporate"
"1","2030179","764-757-8973.038","CLOSD","7608 Portadown Court #Unit2602, Henrico VA 23228","23228","Henrico","Condominium","11/04/2020","$144,900","$142,000","7","Resale (occupied at least once)","1991","Shannon Green Condo","912","0.02","2","2.0","Public Water","Sewer - Public","Cash","Individuals"
"1","2029750","7796-79-7676","CLOSD","10100 Cool Hive Place, Hanover VA 23116","23116","Hanover","Townhouse","11/04/2020","$295,000","$295,000","5","Resale (occupied at least once)","2007","Honey Meadows","1,921","0.10","3","2.1","Public Water","Sewer - Public","Conventional","Individuals"
"1","2029409","792-63-40-75-500-000","CLOSD","4219 Cougar Trail, Chesterfield VA 23831","23831","Chesterfield","Single Family Residence","11/04/2020","$330,000","$330,000","3","Resale (occupied at least once)","2011","Harrowgate Meadows","2,247","0.73","4","3.0","Public Water","Sewer - Public","Conventional","Individuals"
"1","2029393","804-734-8611","CLOSD","3616 Reynolds Road, Henrico VA 23223","23223","Henrico","Single Family Residence","11/04/2020","$187,000","$185,000","3","Resale (occupied at least once)","1955","Glen Manor","1,244","0.34","3","1.1","Public Water","Sewer - Public","Conventional","Individuals"
"1","2029001","744-68-81-45-200-000","CLOSD","2713 Puckett Court, Chesterfield VA 23112","23112","Chesterfield","Single Family Residence","11/04/2020","$195,000","$200,000","2","Resale (occupied at least once)","1980","Lake Genito","1,215","0.24","3","1.1","Public Water","Sewer - Public","VHDA/FHA","Individuals"
"1","2028939","727-68-43-71-300-000","CLOSD","3610 Stoney Ridge Trail, Chesterfield VA 23112","23112","Chesterfield","Single Family Residence","11/04/2020","$317,950","$310,000","5","Resale (occupied at least once)","1979","Stoney Ridge","2,169","0.42","4","2.1","Public Water","Sewer - Public","Conventional","Individuals"
"1","2028745","7778-76-8080","CLOSD","11122 Cobbs Road, Hanover VA 23059","23059","Hanover","Single Family Residence","11/04/2020","$130,000","$141,000","16","Resale (occupied at least once)","1972","None","1,225","2.73","4","1.0","Well","Septic - Conventional","Cash","Estate"
"1","2028468","W021-0124-024","CLOSD","6812 Kensington Avenue, Richmond City VA 23226","23226","Richmond City","Single Family Residence","11/04/2020","$369,950","$355,000","14","Resale (occupied at least once)","1946","College View","1,607","0.19","3","2.0","Public Water","Sewer - Public","Conventional","Individuals"
"1","2028390","21        73","CLOSD","6050 Winsborough Lane, New Kent VA 23141","23141","New Kent","Single Family Residence","11/04/2020","$374,999","$385,000","8","Resale (occupied at least once)","2007","None","1,804","17.26","3","2.0","Well","Septic - Conventional","Conventional","Other"
"1","2028229","8714-95-8807","CLOSD","7012 Sunnyhill Drive, Hanover VA 23111","23111","Hanover","Single Family Residence","11/04/2020","$269,000","$269,000","7","Resale (occupied at least once)","1974","Aspen Hill Farms","2,207","0.47","3","2.0","Public Water","Sewer - Public","Conventional","Individuals"
"1","2027946","709-67-73-92-300-000","CLOSD","6255 Lilting Moon Drive, Chesterfield VA 23120","23120","Chesterfield","Single Family Residence","11/04/2020","$375,000","$375,000","5","Resale (occupied at least once)","2016","Foxcreek","2,625","0.12","4","3.1","Public Water","Sewer - Public","Conventional","Individuals"
"1","2027909","767-749-8077","CLOSD","3306 Hawkins Road, Henrico VA 23228","23228","Henrico","Single Family Residence","11/04/2020","$223,000","$224,000","1","Resale (occupied at least once)","1958","West Broad Street Gardens","1,140","0.31","3","1.0","Public Water","Sewer - Public","Conventional","Individuals"
"1","2027529","8725-66-2981","CLOSD","6185 Dijon Drive, Hanover VA 23111","23111","Hanover","Single Family Residence","11/04/2020","$304,950","$298,900","22","Resale (occupied at least once)","1998","Pole Green Station","2,032","0.22","4","2.1","Public Water","Sewer - Public","VA New","Individuals"
"1","2027400","824-723-2834","CLOSD","11 North New Avenue, Henrico VA 23075","23075","Henrico","Single Family Residence","11/04/2020","$164,900","$164,900","8","Resale (occupied at least once)","1939","Highland Springs","1,596","0.28","3","1.0","Public Water","Sewer - Public","Conventional","Individuals"
"1","2026965","750-743-0629","CLOSD","1206 Condover Road, Henrico VA 23229","23229","Henrico","Single Family Residence","11/04/2020","$229,950","$220,000","1","Resale (occupied at least once)","1959","Farmington","1,953","0.23","4","2.0","Public Water","Sewer - Public","Cash","Individuals"
"1","2026305","23A  1    26","CLOSD","9121 Rock Cedar Road, New Kent VA 23124","23124","New Kent","Single Family Residence","11/04/2020","$294,900","$294,900","24","New (never occupied)","2020","Cedar Lane Farm","1,560","2.02","3","2.0","Well","Septic - Conventional","Cash","Individuals"
"1","2026114","W022-0295-028","CLOSD","4908 Lockgreen Circle, Richmond City VA 23226","23226","Richmond City","Single Family Residence","11/04/2020","$1,325,000","$1,330,000","11","Resale (occupied at least once)","2000","Lockgreen","4,096","0.54","5","3.1","Public Water","Sewer - Public","Cash","Estate"
"1","2025823","846-718-2764","CLOSD","2806 Melanie Lane, Henrico VA 23150","23150","Henrico","Single Family Residence","11/04/2020","$259,000","$253,500","2","Resale (occupied at least once)","1974","Green Meadows","1,860","1.02","3","2.0","Well","Septic - Conventional","Conventional","Individuals"
"1","2025524","711-68-41-07-600-000","CLOSD","4501 Starlee Drive, Chesterfield VA 23120","23120","Chesterfield","Single Family Residence","11/04/2020","$495,000","$490,000","7","Resale (occupied at least once)","2005","Summer Lake","3,920","0.41","5","3.1","Public Water","Sewer - Public","Conventional","Individuals"
"1","2024992","715-67-83-02-300-000","CLOSD","15460 Foxvale Way, Chesterfield VA 23112","23112","Chesterfield","Single Family Residence","11/04/2020","$365,000","$370,000","3","Resale (occupied at least once)","1995","Foxcroft","2,608","0.37","4","2.1","Public Water","Sewer - Public","Conventional","Individuals"
"1","2024335","8706-03-1892","CLOSD","8057 Ellendale Drive, Hanover VA 23116","23116","Hanover","Townhouse","11/04/2020","$264,950","$264,950","23","Resale (occupied at least once)","2014","Rutland","1,531","0.03","2","2.1","Public Water","Sewer - Public","Cash","Individuals"
"1","2023207","022-1-21D","CLOSD","2342 Mosby Road, Powhatan VA 23139","23139","Powhatan","Single Family Residence","11/04/2020","$219,900","$214,000","74","Resale (occupied at least once)","1993","Atkins","1,680","1.00","3","2.1","Well","Septic - Conventional","Cash","Individuals"
"1","2021886","N000-0633-008","CLOSD","803 West Lancaster Road, Richmond City VA 23222","23222","Richmond City","Single Family Residence","11/04/2020","$299,000","$295,000","55","Resale (occupied at least once)","1921","Battery Court Addition","2,100","0.16","4","1.1","Public Water","Sewer - Public","Conventional","Individuals"
"1","2020195","016B-2G-5","CLOSD","3713 Whitechurch Court, Powhatan VA 23139","23139","Powhatan","Single Family Residence","11/04/2020","$639,950","$625,000","68","Resale (occupied at least once)","2015","Tilmans Farm","2,930","3.60","4","2.1","Community Well","Septic - Conventional","Conventional","Individuals"
"1","2017155","858-703-2071","CLOSD","5001 Hurop Road, Henrico VA 23150","23150","Henrico","Single Family Residence","11/04/2020","$190,000","$180,000","34","Resale (occupied at least once)","1966","Hurop Hills","1,954","3.83","3","1.0","Well","Septic - Conventional","Conventional","Corporate, REO"
"1","2013620","7870-79-9218","CLOSD","11233 Ashland Park Drive, Hanover VA 23005","23005","Hanover","Single Family Residence","11/04/2020","$477,249","$464,231","141","New (never occupied)","2020","Ashland Park","2,413","","3","3.0","Public Water","Sewer - Public","FHA New","Corporate"
"1","2006424","771-61-13-62-600-000","CLOSD","7900 Serena Lane, Chesterfield VA 23803","23803","Chesterfield","Single Family Residence","11/04/2020","$139,000","$117,000","178","Resale (occupied at least once)","1976","Beverly Acres","1,352","0.90","3","1.1","Public Water","Septic - Conventional","Cash","Individuals"
"1","2005276","718689234500000","CLOSD","3607 Graythorne Drive, Chesterfield VA 23112","23112","Chesterfield","Single Family Residence","11/04/2020","$590,000","$611,554","0","New (never occupied)","2020","Rountrey","3,338","","4","3.1","Public Water","Sewer - Public","Conventional","Corporate"
"1","2028242","S000-0700-010","CLOSD","408 West 25th Street, Richmond City VA 23225","23225","Richmond City","Single Family Residence","11/05/2020","$399,950","$400,000","7","Resale (occupied at least once)","1920","Woodland Heights","2,000","0.21","4","2.1","Public Water","Sewer - Public","Conventional","Individuals"
"1","2008836","7796-74-3062","CLOSD","9300 Rudder Point Cove, Hanover VA 23116","23116","Hanover","Single Family Residence","11/05/2020","$524,755","$524,755","80","New (never occupied)","2020","Giles Farm","4,033","","5","5.0","Public Water","Sewer - Public","Conventional","Corporate"
"1","2000852","C0050500006","CLOSD","1653 Bilder Court, Richmond City VA 23225","23225","Richmond City","Single Family Residence","11/05/2020","$370,980","$363,550","102","New (never occupied)","2020","Westlake","2,572","","4","2.1","Public Water","Sewer - Public","Conventional","Corporate"
"1","2021219","757-69-88-93-700-000","CLOSD","1442 Twilight Lane, Chesterfield VA 23235","23235","Chesterfield","Single Family Residence","11/05/2020","$284,167","$284,167","31","New (never occupied)","2020","Twilight Landing","1,800","","4","2.1","Public Water","Sewer - Public","FHA New","Corporate"
"1","2023997","732-64-45-04-400-000","CLOSD","12630 Second Branch Road, Chesterfield VA 23838","23838","Chesterfield","Single Family Residence","11/05/2020","$310,000","$296,500","41","Resale (occupied at least once)","1991","None","2,099","1.88","4","2.1","Well","Septic - Conventional","Conventional","Individuals"
"1","2025730","N000-1150-018","CLOSD","626 Arnold Avenue, Richmond City VA 23222","23222","Richmond City","Single Family Residence","11/05/2020","$184,000","$196,000","11","Resale (occupied at least once)","1935","Northside Place","1,100","0.06","2","1.0","Public Water","Sewer - Public","FHA New","Other"
"1","2027711","743-751-1831","CLOSD","10306 Maremont Place, Henrico VA 23238","23238","Henrico","Single Family Residence","11/05/2020","$474,000","$484,500","3","Resale (occupied at least once)","1979","Raintree","3,800","0.52","5","3.1","Public Water","Sewer - Public","Conventional","Individuals"
"1","2023041","719-712-22-00-00000","CLOSD","419 Bridge Creek Ct., Chesterfield VA 23113","23113","Chesterfield","Single Family Residence","11/05/2020","$355,000","$354,500","19","Resale (occupied at least once)","2015","Brookcreek Crossing","2,415","0.16","4","2.1","Public Water","Sewer - Public","Conventional","Individuals"
"1","2029955","769-68-08-23-800-000","CLOSD","6342 Omo Road, Chesterfield VA 23234","23234","Chesterfield","Single Family Residence","11/05/2020","$215,000","$212,000","4","Resale (occupied at least once)","1981","Kings Forest","1,318","0.20","4","2.0","Public Water","Sewer - Public","Conventional","Individuals"
"1","2025405","731-66-93-62-300-000","CLOSD","13601 Swale Lane, Chesterfield VA 23112","23112","Chesterfield","Single Family Residence","11/05/2020","$250,000","$260,000","9","Resale (occupied at least once)","1991","Deer Run","1,718","0.38","3","2.1","Public Water","Sewer - Public","Conventional","Individuals"
"1","1939047","704673392600000","CLOSD","17707 Twin Falls Lane, Chesterfield VA 23120","23120","Chesterfield","Single Family Residence","11/05/2020","$360,990","$362,435","16","New (never occupied)","2020","Magnolia Green","1,666","","3","2.0","Public Water","Sewer - Public","Cash","Corporate"
"1","2025710","764-742-8764","CLOSD","7007 Miami Avenue, Henrico VA 23226","23226","Henrico","Single Family Residence","11/05/2020","$345,000","$352,000","14","Resale (occupied at least once)","2003","Crestview","2,018","0.18","4","2.1","Public Water","Sewer - Public","Conventional","Individuals"
"1","2030301","736-749-4609","CLOSD","10707 Charlesfield Court, Henrico VA 23238","23238","Henrico","Townhouse","11/05/2020","$204,750","$209,000","4","Resale (occupied at least once)","1995","Sussex Wood","1,280","0.03","2","2.1","Public Water","Sewer - Public","Conventional","Individuals"
"1","2022848","788-765-9540","CLOSD","592 Virginia Center, Henrico VA 23059","23059","Henrico","Single Family Residence","11/05/2020","$324,900","$310,000","32","Resale (occupied at least once)","1999","Cross Point","1,915","0.19","3","2.1","Public Water","Sewer - Public","Conventional","Individuals"
"1","2022544","823-728-0591","CLOSD","312 Southern Court #Unit312, Henrico VA 23075","23075","Henrico","Townhouse","11/05/2020","$195,000","$195,000","10","Resale (occupied at least once)","1977","Lee Terrace Townhouses","2,241","0.05","3","2.1","Public Water","Sewer - Public","FHA New Assumption","Individuals"
"1","2028117","782-61-25-46-200-000","CLOSD","20919 Avery Mill Lane, Chesterfield VA 23803","23803","Chesterfield","Single Family Residence","11/05/2020","$235,000","$236,500","3","Resale (occupied at least once)","2019","Whittington Forest","1,292","0.21","3","2.0","Public Water","Sewer - Public","FHA New","Individuals"
"1","2028144","741-69-22-53-500-000","CLOSD","11518 West Providence Road, Chesterfield VA 23236","23236","Chesterfield","Single Family Residence","11/05/2020","$299,950","$300,000","17","Resale (occupied at least once)","1998","Providence Creek","2,053","0.22","3","3.1","Public Water","Sewer - Public","FHA New","Individuals"
"1","2029209","767-737-4756","CLOSD","6106 Bremo Road, Henrico VA 23226","23226","Henrico","Single Family Residence","11/05/2020","$365,000","$373,000","3","Resale (occupied at least once)","1946","Westview Manor","1,430","0.24","3","1.1","Public Water","Sewer - Public","Conventional","Individuals"
"1","2016536","723-70-47-14-100-001","CLOSD","1010 Westwood Village Way #Unit101, Chesterfield VA 23114","23114","Chesterfield","Condominium","11/05/2020","$225,000","$225,000","92","Resale (occupied at least once)","2008","Westwood Village At Charter Colony","1,658","0.25","2","2.0","Public Water","Sewer - Public","VA New","Estate"
"1","2029965","746-67-77-05-700-000","CLOSD","10606 Sarata Lane, Chesterfield VA 23832","23832","Chesterfield","Single Family Residence","11/05/2020","$185,000","$182,500","2","Resale (occupied at least once)","1980","Sunnybrook","1,040","0.45","3","1.0","Public Water","Sewer - Public","Cash","Individuals"
"1","2027000","713-65-08-63-000-000","CLOSD","11901 Winterpock Road, Chesterfield VA 23838","23838","Chesterfield","Single Family Residence","11/05/2020","$300,000","$300,000","5","Resale (occupied at least once)","1958","None","1,991","3.70","4","3.0","Well","Septic - Conventional","Conventional","Individuals"
"1","2028271","7846-61-5548","CLOSD","14231 Verdon Road, Hanover VA 23015","23015","Hanover","Single Family Residence","11/05/2020","$225,000","$230,000","6","Resale (occupied at least once)","2006","None","1,000","7.07","3","1.1","Well","Septic - Conventional","FHA New","Individuals"
"1","2029352","777-64-20-06-900-000","CLOSD","6640 Apamatica Lane, Chesterfield VA 23838","23838","Chesterfield","Single Family Residence","11/05/2020","$259,000","$255,000","14","Resale (occupied at least once)","2002","Matoax Hundred","1,624","0.58","3","2.0","Public Water","Septic - Conventional","Conventional","Individuals"
"1","2031993","W019-0278-052","CLOSD","4524 Grove Avenue #UnitU4, Richmond City VA 23221","23221","Richmond City","Condominium","11/05/2020","$199,950","$215,000","1","Resale (occupied at least once)","1930","Grove West Condo","750","0.02","2","1.0","Public Water","Sewer - Public","Cash","Individuals"
"1","2031115","E010-0227-004","CLOSD","5602 Simpson Avenue, Richmond City VA 23231","23231","Richmond City","Single Family Residence","11/05/2020","$139,900","$140,000","3","Resale (occupied at least once)","1961","Harrison Place","1,256","0.49","3","1.1","Public Water","Sewer - Public","Cash","Individuals"
"1","2030971","S000-2932-001","CLOSD","1201 West 43rd Street, Richmond City VA 23225","23225","Richmond City","Single Family Residence","11/05/2020","$535,000","$544,000","6","Resale (occupied at least once)","1928","Forest Hill Park","2,626","0.31","4","3.1","Public Water","Sewer - Public","Cash","Individuals"
"1","2030804","720-67-33-06-900-018","CLOSD","14738 Boyces Cove Drive #Unit7, Chesterfield VA 23112","23112","Chesterfield","Condominium","11/05/2020","$240,000","$240,000","2","Resale (occupied at least once)","1987","Boyces Cove","1,296","10.07","3","2.0","Public Water","Sewer - Public","Conventional","Individuals"
"1","2030382","Westbourne","CLOSD","6019 Westbourne Drive, Henrico VA 23230","23230","Henrico","Single Family Residence","11/05/2020","$230,000","$230,000","2","Resale (occupied at least once)","1956","Westbourne","1,536","0.48","4","2.0","Public Water","Sewer - Public","Conventional","Individuals"
"1","2030309","749-756-1557","CLOSD","3004 Blackthorn Way, Henrico VA 23233","23233","Henrico","Townhouse","11/05/2020","$310,000","$310,000","5","Resale (occupied at least once)","2006","Three Chopt Village","1,948","0.07","3","2.1","Public Water","Sewer - Public","Conventional","Individuals"
"1","2030269","728-66-85-94-800-000","CLOSD","7619 Belmont Stakes Drive, Chesterfield VA 23112","23112","Chesterfield","Single Family Residence","11/05/2020","$259,000","$259,000","5","Resale (occupied at least once)","1991","Triple Crown","2,188","0.30","4","2.1","Public Water","Sewer - Public","Conventional","Individuals"
"1","2030133","S0060298015","CLOSD","4608 Devonshire Road, Richmond City VA 23225","23225","Richmond City","Single Family Residence","11/05/2020","$419,950","$425,000","5","Resale (occupied at least once)","1936","Westover Hills","1,630","","3","2.0","Public Water","Sewer - Public","Conventional","Individuals"
"1","2029714","765-68-81-88-800-000","CLOSD","4313 Ketcham Drive, Chesterfield VA 23832","23832","Chesterfield","Single Family Residence","11/05/2020","$215,000","$215,000","2","Resale (occupied at least once)","1979","Creekwood","1,600","0.46","3","2.1","Public Water","Sewer - Public","FHA New","Individuals"
"1","2029522","C005-0254-031","CLOSD","1848 Glencove Lane, Richmond City VA 23225","23225","Richmond City","Single Family Residence","11/05/2020","$287,500","$300,000","3","Resale (occupied at least once)","1984","Westlake Hills","1,623","0.37","3","2.1","Public Water","Sewer - Public","Conventional","Individuals"
"1","2029304","825-725-1137","CLOSD","224 North Kalmia Avenue, Henrico VA 23075","23075","Henrico","Single Family Residence","11/05/2020","$119,950","$104,500","3","Resale (occupied at least once)","1954","Highland Springs","1,292","0.13","4","2.0","Public Water","Sewer - Public","Cash","Individuals"
"1","2028846","783-67-87-67-400-000","CLOSD","3908 Walworth Drive, Chesterfield VA 23237","23237","Chesterfield","Single Family Residence","11/05/2020","$249,950","$255,000","9","Resale (occupied at least once)","1966","Fuqua Farms","2,290","0.37","4","2.1","Public Water","Sewer - Public","FHA New","Individuals"
"1","2028596","749-68-41-10-200-000","CLOSD","4069 Trisha Trail, Chesterfield VA 23112","23112","Chesterfield","Townhouse","11/05/2020","$174,900","$186,250","4","Resale (occupied at least once)","2006","Rockwood Terrace Townhouse","1,328","0.04","2","2.1","Public Water","Sewer - Public","Conventional","Individuals"
"1","2028466","8714-31-4316","CLOSD","7344 Aquarius Loop, Hanover VA 23111","23111","Hanover","Single Family Residence","11/05/2020","$224,995","$226,000","8","Resale (occupied at least once)","1991","Beaverdam Bluffs","1,211","0.39","3","2.0","Public Water","Sewer - Public","Conventional","Individuals"
"1","2028356","C005-0340-030","CLOSD","5841 Riverside Trail, Richmond City VA 23225","23225","Richmond City","Townhouse","11/05/2020","$339,950","$339,950","3","Resale (occupied at least once)","2016","Riverside Heights","2,278","0.08","3","2.1","Public Water","Sewer - Public","Conventional","Individuals"
"1","2028253","763-772-8394","CLOSD","11052 Slenderleaf Drive, Henrico VA 23060","23060","Henrico","Single Family Residence","11/05/2020","$469,000","$469,000","4","Resale (occupied at least once)","2012","Hunton Meadows","3,360","0.48","4","3.1","Public Water","Sewer - Public","Conventional","Individuals"
"1","2028050","744-72-68-700-000","CLOSD","10690 Cherokee Road, Chesterfield VA 23113","23113","Chesterfield","Single Family Residence","11/05/2020","$1,395,000","$1,475,000","7","Resale (occupied at least once)","1984","Huguenot Hundred","3,914","2.08","5","3.1","Public Water","Septic - Conventional","Cash","Individuals"
"1","2027757","805-715-0497","CLOSD","2308 Rawlings Court, Henrico VA 23231","23231","Henrico","Single Family Residence","11/05/2020","$185,000","$220,000","4","Resale (occupied at least once)","1956","Montrose Heights","1,372","0.81","3","1.0","Public Water","Sewer - Public","Conventional","Individuals"
"1","2027740","780-747-1757","CLOSD","2321 Maplewood Road, Henrico VA 23228","23228","Henrico","Single Family Residence","11/05/2020","$210,000","$226,000","5","Resale (occupied at least once)","1937","Hermitage Park","1,295","0.17","4","1.0","Public Water","Sewer - Public","Conventional","Individuals"
"1","2027641","752-766-1246.515","CLOSD","4166 San Marco Drive, Henrico VA 23060","23060","Henrico","Condominium","11/05/2020","$255,000","$247,950","38","Resale (occupied at least once)","2006","Villas At Innsbrook","1,427","0.03","2","2.0","Public Water","Sewer - Public","Cash","Individuals"
"1","2027341","797-712-5510","CLOSD","5207 Old Main Street, Henrico VA 23231","23231","Henrico","Townhouse","11/05/2020","$545,000","$540,000","11","Resale (occupied at least once)","2018","Village Of Rocketts Landing","2,316","","2","3.2","Public Water","Sewer - Public","Conventional","Individuals"
"1","2027316","C004-0653-020","CLOSD","7564 Beauchamp Court, Richmond City VA 23225","23225","Richmond City","Townhouse","11/05/2020","$185,000","$187,500","3","Resale (occupied at least once)","1985","Southampton Hills","1,340","0.05","2","2.1","Public Water","Sewer - Public","Conventional","Estate"
"1","2027211","774-65-96-09-500-000","CLOSD","6021 Eagles Crest Drive, Chesterfield VA 23832","23832","Chesterfield","Townhouse","11/05/2020","$248,950","$244,000","2","Resale (occupied at least once)","2007","Eagles Crest","1,958","0.10","3","2.1","Public Water","Sewer - Public","Conventional","Individuals"
"1","2027031","794-64-06-05-800-000","CLOSD","15133 Alderwood Terrace, Chesterfield VA 23831","23831","Chesterfield","Single Family Residence","11/05/2020","$272,000","$272,000","4","Resale (occupied at least once)","2000","Ashley Forest","2,244","","4","3.0","Public Water","Sewer - Public","Other","Individuals"
"1","2027008","760-70-55-73-500-000","CLOSD","7944 Provincetown Drive, Chesterfield VA 23235","23235","Chesterfield","Townhouse","11/05/2020","$145,000","$140,000","4","Resale (occupied at least once)","1976","Providence Green","1,160","0.04","2","1.1","Public Water","Sewer - Public","Conventional","Individuals"
"1","2026878","8707-44-7380","CLOSD","8266 Patrick Henry Boulevard, Hanover VA 23116","23116","Hanover","Single Family Residence","11/05/2020","$234,950","$240,000","9","Resale (occupied at least once)","1962","Patrick Henry Heights","1,361","1.23","3","1.1","Well","Septic - Conventional","USDA","Individuals"
"1","2026375","C009-0688-026","CLOSD","3006 Glenan Drive, Richmond City VA 23234","23234","Richmond City","Single Family Residence","11/05/2020","$190,000","$180,000","9","Resale (occupied at least once)","1966","Deerbourne","3,388","0.21","4","3.0","Public Water","Community - Sewer/Septic","Conventional","Individuals"
"1","2025530","809-729-8282","CLOSD","4113 Dominion Townes Circle, Henrico VA 23223","23223","Henrico","Townhouse","11/05/2020","$194,950","$194,950","5","Resale (occupied at least once)","2006","Dominion Townes","1,500","0.07","3","2.1","Public Water","Sewer - Public","FHA New","Individuals"
"1","2024703","747-770-6977","CLOSD","10514 Swanee Mill Trace #UnitI-6, Henrico VA 23059","23059","Henrico","Townhouse","11/05/2020","$389,900","$381,500","6","Resale (occupied at least once)","2019","Bedford Falls At Hickory Grove","1,909","","4","3.1","Public Water","Sewer - Public","Conventional","Individuals"
"1","2024481","7797-40-4702","CLOSD","10242 Snap Dragon Road, Hanover VA 23116","23116","Hanover","Single Family Residence","11/05/2020","$419,950","$400,000","46","Resale (occupied at least once)","2006","Madison Springs","2,211","","3","2.0","Public Water","Sewer - Public","Conventional","Estate"
"1","2023975","E000-2024-038","CLOSD","4604 H Whiting Circle, Richmond City VA 23231","23231","Richmond City","Single Family Residence","11/05/2020","$199,950","$210,000","5","Resale (occupied at least once)","1983","Fulton Manor","1,449","0.16","4","2.0","Public Water","Sewer - Public","FHA New","Individuals"
"1","2021881","C001-0891-208","CLOSD","3464 Rivanna Drive, Richmond City VA 23235","23235","Richmond City","Single Family Residence","11/05/2020","$459,950","$450,000","65","Resale (occupied at least once)","2008","James River Commons","3,822","0.18","5","4.0","Public Water","Sewer - Public","Conventional","Individuals"
"1","2020116","703-67-40-81-700-000","CLOSD","18125 Twin Falls Lane, Chesterfield VA 23120","23120","Chesterfield","Single Family Residence","11/05/2020","$424,635","$422,000","52","New (never occupied)","2020","Magnolia Green","2,738","","4","2.1","Public Water","Sewer - Public","Conventional","Corporate"
"1","2017973","L11-0575-5297","CLOSD","9021 Deerlake Drive, New Kent VA 23124","23124","New Kent","Single Family Residence","11/05/2020","$450,000","$450,000","83","New (never occupied)","2020","Rochambeau Estates","2,673","0.57","4","2.1","Public Water","Septic - Conventional","Conventional","Corporate"
"1","2013594","7796-77-6085","CLOSD","9033 Spring Green Loop #UnitO-A, Hanover VA 23116","23116","Hanover","Townhouse","11/05/2020","$342,910","$342,910","11","New (never occupied)","2020","Giles Farm","1,799","","3","2.1","Public Water","Sewer - Public","Conventional","Corporate"
"1","2012745","736-781-0612","CLOSD","6311 Ellington Woods Terrace, Henrico VA 23059","23059","Henrico","Single Family Residence","11/05/2020","$976,315","$1,032,368","4","New (never occupied)","2020","Ellington Woods At Wyndham","4,409","0.40","5","5.0","Public Water","Sewer - Public","Conventional","Corporate"
"1","2012189","C004-0410-007","CLOSD","7659 Cherokee Road, Richmond City VA 23225","23225","Richmond City","Single Family Residence","11/05/2020","$324,950","$340,000","5","Resale (occupied at least once)","1949","Stratford Hills","1,618","0.44","3","2.0","Public Water","Sewer - Public","Conventional","Individuals"
"1","2011312","781-772-0345","CLOSD","10838 Ashton Poole Place, Henrico VA 23059","23059","Henrico","Townhouse","11/05/2020","$319,110","$331,305","0","New (never occupied)","2020","River Mill","1,755","","3","2.1","Public Water","Sewer - Public","Cash","Corporate"
"1","2009130","739-781-0300","CLOSD","12016 Drumore Way, Henrico VA 23059","23059","Henrico","Single Family Residence","11/05/2020","$739,999","$740,000","197","Resale (occupied at least once)","1998","Preston At Wyndham","4,799","0.35","5","3.1","Public Water","Sewer - Public","Conventional","Individuals"
"1","2028881","N000-0376-003","CLOSD","205 Poe Street, Richmond City VA 23222","23222","Richmond City","Single Family Residence","11/06/2020","$349,950","$345,000","8","Resale (occupied at least once)","1915","Barleth Heights","2,288","0.14","5","2.1","Public Water","Sewer - Public","VA New","Individuals"
"1","2026353","W000-0437-092","CLOSD","400 South Harrison Street, Richmond City VA 23220","23220","Richmond City","Single Family Residence","11/06/2020","$364,900","$355,000","29","Resale (occupied at least once)","2016","None","1,517","0.05","3","2.1","Public Water","Sewer - Public","Cash","Individuals"
"1","2008189","N000-0991-019","CLOSD","3113 2nd Avenue, Richmond City VA 23222","23222","Richmond City","Single Family Residence","11/06/2020","$321,400","$318,000","142","Resale (occupied at least once)","1900","Highland Park","2,668","0.23","4","3.0","Public Water","Sewer - Public","FHA New","Corporate"
"1","2009330","21F 1 A 8","CLOSD","7691 Shortleaf Pine Court, New Kent VA 23141","23141","New Kent","Single Family Residence","11/06/2020","$376,950","$473,237","0","New (never occupied)","2020","The Fields at Pine Fork","3,445","","5","3.0","Well","Septic - Conventional","Conventional","Corporate"
"1","2012177","7796-77-5094","CLOSD","9021 Spring Green Loop #UnitO-D, Hanover VA 23116","23116","Hanover","Townhouse","11/06/2020","$339,195","$339,195","0","New (never occupied)","2020","Giles Farm","1,798","","3","2.1","Public Water","Sewer - Public","Cash","Corporate"
"1","2023372","763-69-80-66-700-000","CLOSD","1806 Chevelle Drive, Chesterfield VA 23235","23235","Chesterfield","Single Family Residence","11/06/2020","$204,950","$201,250","19","Resale (occupied at least once)","1983","Forestdale","1,314","0.35","3","2.0","Public Water","Sewer - Public","Cash","Individuals"
"1","2027121","8726-35-0602","CLOSD","6359 Mattawan Trail, Hanover VA 23116","23116","Hanover","Single Family Residence","11/06/2020","$559,000","$565,000","26","Resale (occupied at least once)","1999","Mattawan","3,213","1.56","5","3.2","Well","Septic - Conventional","VA New","Individuals"
"1","2026174","019E-5-19","CLOSD","2216 French Hill Terrace, Powhatan VA 23139","23139","Powhatan","Single Family Residence","11/06/2020","$550,000","$550,000","37","Resale (occupied at least once)","2015","French Hill","4,931","2.70","6","4.1","Well","Septic - Conventional","VA New","Individuals"
"1","2022600","728-68-35-30-500-000","CLOSD","13801 McTyres Cove Place, Chesterfield VA 23112","23112","Chesterfield","Single Family Residence","11/06/2020","$450,000","$438,000","8","Resale (occupied at least once)","1982","Brandermill","3,946","0.42","5","3.1","Public Water","Sewer - Public","VA New","Individuals"
"1","2013056","702674182100000","CLOSD","6318 Bear Trace Way, Chesterfield VA 23120","23120","Chesterfield","Single Family Residence","11/06/2020","$488,270","$493,475","32","New (never occupied)","2020","Magnolia Green","3,731","","4","4.1","Public Water","Sewer - Public","Conventional","Corporate"
"1","2026749","760-68-27-68-000-000","CLOSD","8409 Copperpenny Terrace, Chesterfield VA 23832","23832","Chesterfield","Single Family Residence","11/06/2020","$315,000","$330,000","20","Resale (occupied at least once)","1985","Ashley Grove","2,651","0.58","4","2.1","Public Water","Septic - Conventional","Conventional","Individuals"
"1","2029239","804-728-9026","CLOSD","924 Poplar Cove Way, Henrico VA 23223","23223","Henrico","Single Family Residence","11/06/2020","$239,950","$250,000","5","Resale (occupied at least once)","2001","Glenwood Lakes","1,956","0.24","4","2.1","Public Water","Sewer - Public","FHA New","Individuals"
"1","2017488","8716-23-2867","CLOSD","7539 Studley Road, Hanover VA 23116","23116","Hanover","Single Family Residence","11/06/2020","$509,950","$509,950","105","New (never occupied)","2020","None","2,533","1.96","4","3.1","Public Water","Septic - Conventional","Conventional","Corporate"
"1","2021207","774-66-05-59-100-000","CLOSD","6303 Old Wrexham Circle, Chesterfield VA 23832","23832","Chesterfield","Single Family Residence","11/06/2020","$279,000","$290,000","11","Resale (occupied at least once)","1987","Wrexham Estates","2,264","0.33","5","3.0","Public Water","Sewer - Public","Conventional","Individuals"
"1","2013013","783676115800000","CLOSD","7625 Lower Falls Court, Chesterfield VA 23237","23237","Chesterfield","Single Family Residence","11/06/2020","$261,165","$261,165","6","New (never occupied)","2020","Hopkins Forest","1,296","","3","2.0","Public Water","Sewer - Public","FHA New","Corporate"
"1","2026037","757-750-4766","CLOSD","8315 Lansdowne Road, Henrico VA 23229","23229","Henrico","Single Family Residence","11/06/2020","$375,000","$355,000","27","Resale (occupied at least once)","1959","Fordson Acres","2,800","0.63","3","2.0","Public Water","Sewer - Public","Conventional","Corporate"
"1","2027026","775-754-3188","CLOSD","8304 Eden Street, Henrico VA 23228","23228","Henrico","Single Family Residence","11/06/2020","$274,500","$278,000","8","Resale (occupied at least once)","1975","Sedgefield Manor","2,396","0.35","4","2.1","Public Water","Sewer - Public","Conventional","Other"
"1","2025362","741-757-5603","CLOSD","11421 Barrington Bridge Court, Henrico VA 23233","23233","Henrico","Single Family Residence","11/06/2020","$925,000","$887,500","46","Resale (occupied at least once)","1990","Barrington","6,427","0.71","6","4.1","Public Water","Sewer - Public","Conventional","Individuals"
"1","2026369","779-67-50-19-300-000","CLOSD","4807 Black Oak Road, Chesterfield VA 23237","23237","Chesterfield","Single Family Residence","11/06/2020","$200,000","$230,000","15","Resale (occupied at least once)","1979","Brentwood","1,800","0.28","4","2.1","Public Water","Sewer - Public","Conventional","REO"
"1","2028554","029C-3E-4","CLOSD","2446 East Deerpath Drive, Powhatan VA 23139","23139","Powhatan","Single Family Residence","11/06/2020","$239,000","$227,900","0","Resale (occupied at least once)","1982","Wood Dale Acres","1,456","1.67","3","2.0","Well","Septic - Conventional","VHDA/FHA","Individuals"
"1","2026526","8725-22-2889","CLOSD","6387 Wedgewood Road, Hanover VA 23111","23111","Hanover","Single Family Residence","11/06/2020","$244,950","$245,500","19","Resale (occupied at least once)","1987","Cherrydale West","1,596","0.35","4","2.0","Community Well","Sewer - Public","Conventional","Individuals"
"1","2022418","C007-0133-030","CLOSD","610 Holdcroft Drive, Richmond City VA 23225","23225","Richmond City","Single Family Residence","11/06/2020","$179,900","$179,900","7","Resale (occupied at least once)","1955","Warwick Acres","1,286","0.52","3","2.0","Public Water","Sewer - Public","FHA New","Individuals"
"1","2014962","E000-0756-011","CLOSD","2205 Hildreth Street, Richmond City VA 23223","23223","Richmond City","Single Family Residence","11/06/2020","$205,000","$205,000","72","Resale (occupied at least once)","1954","Eastview","1,672","0.20","4","2.0","Public Water","Sewer - Public","VHDA ","Individuals"
"1","2029333","E000-0001-047","CLOSD","1101 Haxall Point #UnitU408, Richmond City VA 23219","23219","Richmond City","Condominium","11/06/2020","$239,900","$245,900","4","Resale (occupied at least once)","2005","Riverside On The James","773","0.02","1","1.0","Public Water","Sewer - Public","Conventional","Individuals"
"1","2011686","776-757-2572","CLOSD","2196 Craven Lane, Henrico VA 23228","23228","Henrico","Single Family Residence","11/06/2020","$395,845","$401,985","32","New (never occupied)","2020","Rocky Branch Farm","2,767","","4","3.1","Public Water","Sewer - Public","FHA New","Corporate"
"1","2029369","734-749-6547","CLOSD","2063 Airy Circle, Henrico VA 23238","23238","Henrico","Townhouse","11/06/2020","$189,000","$188,000","7","Resale (occupied at least once)","1986","Knollingwood","1,280","0.04","2","2.1","Public Water","Sewer - Public","FHA New","Individuals"
"1","2030394","30A  5   725","CLOSD","6527 Washington Road, New Kent VA 23141","23141","New Kent","Single Family Residence","11/06/2020","$219,000","$222,000","3","Resale (occupied at least once)","1976","Woodhaven Shores","1,212","0.30","3","2.0","Community Well","Septic - Conventional","Conventional","Estate"
"1","2029246","754-751-1454","CLOSD","2305 Vandover Road, Henrico VA 23229","23229","Henrico","Single Family Residence","11/06/2020","$249,000","$255,000","7","Resale (occupied at least once)","1964","Westbriar","1,526","0.32","3","2.0","Public Water","Sewer - Public","Conventional","Individuals"
"1","2028932","742-69-47-92-700-000","CLOSD","11400 Courthouse Acres Drive, Chesterfield VA 23114","23114","Chesterfield","Single Family Residence","11/06/2020","$280,000","$293,000","0","Resale (occupied at least once)","1999","St James Woods","2,228","0.72","4","2.1","Public Water","Sewer - Public","Conventional","Individuals"
"1","2028103","767-68-42-45-700-000","CLOSD","5412 Holly Pines Drive, Chesterfield VA 23832","23832","Chesterfield","Single Family Residence","11/06/2020","$234,900","$242,000","5","Resale (occupied at least once)","1993","Holly Pines Heights","1,434","0.52","3","2.1","Public Water","Sewer - Public","FHA New","Individuals"
"1","2028049","795-65-22-07-400-000","CLOSD","12520 Parker Lane, Chesterfield VA 23831","23831","Chesterfield","Single Family Residence","11/06/2020","$289,990","$305,000","9","Resale (occupied at least once)","1972","Gay Farms","2,984","1.41","4","3.0","Public Water","Septic - Conventional","VA New","Individuals"
"1","2027996","709-67-67-76-900-000","CLOSD","16621 Gossamer Drive, Chesterfield VA 23120","23120","Chesterfield","Townhouse","11/06/2020","$294,000","$294,000","4","Resale (occupied at least once)","2017","Wynwood at Foxcreek Section 2","1,817","0.08","3","2.1","Public Water","Sewer - Public","Conventional","Corporate"
"1","2027027","774-751-8029","CLOSD","7100 Galax Road, Henrico VA 23228","23228","Henrico","Single Family Residence","11/06/2020","$259,000","$253,000","19","Resale (occupied at least once)","1966","None","1,706","0.34","3","2.1","Public Water","Sewer - Public","Conventional","Individuals"
"1","2013258","21D-31B-28","CLOSD","9269 Stingray Point Ct, New Kent VA 23141","23141","New Kent","Single Family Residence","11/06/2020","$331,200","$331,200","156","New (never occupied)","2019","Greenwood Estates","1,814","0.63","3","2.0","Public Water","Septic - Conventional","VA New","Corporate"
"1","2026555","W020-0075-007","CLOSD","5405 Park Avenue, Richmond City VA 23226","23226","Richmond City","Single Family Residence","11/06/2020","$275,000","$240,000","22","Resale (occupied at least once)","1968","Westwood","2,080","0.28","3","2.0","Public Water","Sewer - Public","Conventional","Individuals"
"1","2022580","756-65-17-20-700-000","CLOSD","9318 Banff Court, Chesterfield VA 23838","23838","Chesterfield","Single Family Residence","11/06/2020","$615,000","$610,000","57","Resale (occupied at least once)","2007","Woodland Pond","4,827","1.49","5","5.0","Public Water","Septic - Conventional","Conventional","Individuals"
"1","2015939","E000-0622-026","CLOSD","1317 North 27th Street, Richmond City VA 23223","23223","Richmond City","Single Family Residence","11/06/2020","$195,000","$195,000","19","New (never occupied)","2018","None","1,866","","4","3.0","Public Water","Sewer - Public","VHDA/FHA","Corporate"
"1","2029626","026-5-4","CLOSD","2837 Madison Place Drive, Powhatan VA 23139","23139","Powhatan","Single Family Residence","11/06/2020","$270,000","$265,000","6","Resale (occupied at least once)","1996","Montpelier Place","1,440","3.09","3","2.0","Well","Septic - Conventional","Conventional","Individuals"
"1","2023043","776-67-01-32-500-000","CLOSD","8513 Rainwater Road, Chesterfield VA 23237","23237","Chesterfield","Single Family Residence","11/06/2020","$160,000","$175,000","6","Resale (occupied at least once)","1979","Huntingcreek Hills","1,056","0.23","3","1.1","Public Water","Sewer - Public","FHA New","Individuals"
"1","2017798","7627726027","CLOSD","4025 Benjamin Hill, Henrico VA 23060","23060","Henrico","Single Family Residence","11/06/2020","$515,900","$518,000","39","Resale (occupied at least once)","2013","Holladay Hill","4,141","0.33","4","4.1","Public Water","Community - Sewer/Septic","Conventional","Individuals"
"1","2031278","805-733-3030","CLOSD","3504 Montclair Road, Henrico VA 23223","23223","Henrico","Single Family Residence","11/06/2020","$129,950","$133,500","2","Resale (occupied at least once)","1955","Mayfair Place","825","0.24","3","1.0","Public Water","Sewer - Public","Cash","Individuals"
"1","2025300","768-69-34-28-700-000","CLOSD","6528 Sexton Drive, Chesterfield VA 23832","23832","Chesterfield","Single Family Residence","11/06/2020","$169,000","$190,500","5","Resale (occupied at least once)","1983","Stevens Hollow","1,188","0.19","3","2.0","Public Water","Sewer - Public","FHA New","Individuals"
"1","2030248","784-67-88-14-800-000","CLOSD","3830 Silver Mews Lane, Chesterfield VA 23237","23237","Chesterfield","Single Family Residence","11/06/2020","$305,000","$305,000","8","Resale (occupied at least once)","2009","Silver Mews Section A","2,344","0.23","4","2.1","Public Water","Sewer - Public","FHA New","Individuals"
"1","2028687","768-760-0282","CLOSD","9722 Candace Terrace, Henrico VA 23060","23060","Henrico","Townhouse","11/06/2020","$189,950","$193,700","4","Resale (occupied at least once)","1986","Laurel Lakes Ths","1,280","0.00","3","1.1","Public Water","Sewer - Public","Conventional","Individuals"
"1","2028637","To be determined","CLOSD","7612 Pocoshock Forest Drive #Unit1-2, Chesterfield VA 23235","23235","Chesterfield","Townhouse","11/06/2020","$341,253","$349,712","15","New (never occupied)","2020","The Townes At Notting Place","1,962","","3","2.0","Public Water","Sewer - Public","Conventional","Corporate"
"1","2025742","805-64-69-13-600-000","CLOSD","14112 Woodsacre Lane, Chesterfield VA 23834","23834","Chesterfield","Single Family Residence","11/06/2020","$220,000","$235,000","4","Resale (occupied at least once)","1995","Riggers Station","2,224","0.36","4","2.1","Public Water","Septic - Conventional","FHA New","Individuals"
"1","2028032","829-686-4787","CLOSD","3804 Bluefield Swamp Drive, Henrico VA 23231","23231","Henrico","Single Family Residence","11/06/2020","$450,000","$450,000","12","Resale (occupied at least once)","2010","Turner Forest","3,882","1.15","5","3.1","Well","Septic - Conventional","Conventional","Individuals"
"1","2025670","764-759-2241","CLOSD","9412 Hungary Woods Drive, Henrico VA 23060","23060","Henrico","Single Family Residence","11/06/2020","$320,000","$320,000","11","Resale (occupied at least once)","1999","Hungary Woods","1,971","0.23","4","2.1","Public Water","Sewer - Public","Conventional","Estate"
"1","2023124","E010-0107-004","CLOSD","5205 Salem Street, Richmond City VA 23231","23231","Richmond City","Single Family Residence","11/06/2020","$250,000","$250,000","40","New (never occupied)","2020","Powhatan Place","1,507","0.12","3","2.1","Public Water","Sewer - Public","Conventional","Corporate"
"1","2030157","762-760-1901","CLOSD","8700 Lonepine Road, Henrico VA 23294","23294","Henrico","Single Family Residence","11/06/2020","$235,000","$238,500","2","Resale (occupied at least once)","1966","West End Manor","1,178","0.28","3","1.0","Public Water","Sewer - Public","Conventional","Individuals"
"1","2028764","747-67-57-68-000-000","CLOSD","5602 Qualla Farms Court, Chesterfield VA 23832","23832","Chesterfield","Single Family Residence","11/06/2020","$299,950","$309,000","8","Resale (occupied at least once)","2007","Qualla Farms","2,370","0.21","4","2.1","Public Water","Sewer - Public","Conventional","Individuals"
"1","2027483","733-757-1396","CLOSD","12601 Hardings Trace Court, Henrico VA 23233","23233","Henrico","Single Family Residence","11/06/2020","$699,950","$680,000","28","Resale (occupied at least once)","1990","Hardings Trace","5,358","0.48","6","4.1","Public Water","Sewer - Public","Conventional","Individuals"
"1","2026209","819-64-64-43-300-000","CLOSD","837 Mountshire Terrace, Chesterfield VA 23836","23836","Chesterfield","Single Family Residence","11/06/2020","$375,000","$360,000","10","Resale (occupied at least once)","2003","Montclair","2,895","0.83","4","2.1","Public Water","Sewer - Public","Conventional","Individuals"
"1","2029984","723-68-98-24-200-000","CLOSD","2506 Chimney House Court, Chesterfield VA 23112","23112","Chesterfield","Single Family Residence","11/06/2020","$399,900","$400,000","3","Resale (occupied at least once)","1987","Chimney House","3,252","0.39","4","2.1","Public Water","Sewer - Public","Conventional","Individuals"
"1","2027298","734-71-11-14-700-000","CLOSD","12506 Sandbag Road, Chesterfield VA 23113","23113","Chesterfield","Single Family Residence","11/06/2020","$244,900","$257,500","8","Resale (occupied at least once)","1980","Old Buckingham Forest","1,539","0.35","3","1.1","Public Water","Sewer - Public","Conventional","Individuals"
"1","2025999","764-742-6995","CLOSD","7016 Miami Avenue, Henrico VA 23226","23226","Henrico","Single Family Residence","11/06/2020","$239,900","$256,000","12","Resale (occupied at least once)","1947","Charles Glen","1,149","0.19","4","1.0","Public Water","Sewer - Public","VHDA ","Individuals"
"1","2028857","781-65-31-94-300-018","CLOSD","5724 Magnolia Shore Lane, Chesterfield VA 23831","23831","Chesterfield","Condominium","11/06/2020","$299,000","$299,000","3","Resale (occupied at least once)","2008","Villas At Magnolia Lakes","1,624","26.28","2","2.0","Public Water","Sewer - Public","Cash","Estate"
"1","2020544","7854-61-2836","CLOSD","17080 Whitehouse Farm Drive, Hanover VA 23015","23015","Hanover","Single Family Residence","11/06/2020","$369,500","$365,000","55","Resale (occupied at least once)","2005","White House Farm","2,296","4.01","4","2.1","Well","Septic - Conventional","Conventional","Individuals"
"1","2029782","790-644-97-97-00000","CLOSD","13603 Stoney Creek Terrace, Chesterfield VA 23831","23831","Chesterfield","Single Family Residence","11/06/2020","$320,000","$320,000","2","Resale (occupied at least once)","1993","Greyfield Place","2,318","0.50","4","2.1","Public Water","Sewer - Public","Conventional","Individuals"
"1","2029390","8725-65-5927","CLOSD","8300 Southern Watch Place, Hanover VA 23111","23111","Hanover","Single Family Residence","11/06/2020","$314,000","$320,400","10","Resale (occupied at least once)","2000","Pole Green Station","1,944","0.23","4","2.1","Public Water","Sewer - Public","Conventional","Individuals"
"1","2010593","l03-3320-2025","CLOSD","8580 Sparks Terrace, New Kent VA 23141","23141","New Kent","Single Family Residence","11/06/2020","$373,997","$377,537","187","New (never occupied)","2020","Dispatch Station Section 1","2,307","0.88","4","2.1","Public Water","Septic - Alternative","Conventional","Corporate"
"1","2031423","791-63-51-20-200-000","CLOSD","3973 Harrmeadow Lane, Chesterfield VA 23831","23831","Chesterfield","Single Family Residence","11/06/2020","$269,950","$277,950","4","Resale (occupied at least once)","2011","Harrowgate Meadows","1,638","1.91","3","2.0","Public Water","Sewer - Public","Cash","Individuals"
"1","2030870","735-761-7181","CLOSD","12044 Foxfield Circle, Henrico VA 23233","23233","Henrico","Townhouse","11/06/2020","$292,500","$292,500","3","Resale (occupied at least once)","1994","Foxfield At Wellesley","1,837","0.07","3","3.1","Public Water","Sewer - Public","Cash","Individuals"
"1","2030741","8724-12-4150","CLOSD","7101 Lighthouse Place, Hanover VA 23111","23111","Hanover","Single Family Residence","11/06/2020","$324,950","$325,000","0","Resale (occupied at least once)","2001","Yorke Pointe","2,210","0.44","4","2.1","Public Water","Sewer - Public","Conventional","Individuals"
"1","2030731","728-67-19-71-100-000","CLOSD","7112 Deer Run Lane, Chesterfield VA 23112","23112","Chesterfield","Single Family Residence","11/06/2020","$185,000","$185,000","0","Resale (occupied at least once)","1989","Deer Run","1,296","0.85","4","2.0","Public Water","Sewer - Public","Cash","Individuals"
"1","2030627","741-760-2880","CLOSD","3925 Liesfeld Place, Henrico VA 23060","23060","Henrico","Townhouse","11/06/2020","$405,000","$400,000","4","Resale (occupied at least once)","2014","West Broad Village","1,936","0.03","3","3.1","Public Water","Sewer - Public","Conventional","Individuals"
"1","2030483","N000-1035-032","CLOSD","3123 Edgewood Avenue, Richmond City VA 23222","23222","Richmond City","Single Family Residence","11/06/2020","$399,950","$397,500","2","Resale (occupied at least once)","1922","Brookland Park","2,412","0.16","3","3.1","Public Water","Sewer - Public","Conventional","Individuals"
"1","2030251","730-66-71-24-400-000","CLOSD","7808 Bold Forbes Lane, Chesterfield VA 23112","23112","Chesterfield","Single Family Residence","11/06/2020","$260,000","$271,000","4","Resale (occupied at least once)","1992","Deer Run","1,775","0.41","3","2.1","Public Water","Sewer - Public","Conventional","Individuals"
"1","2030193","827-720-6131","CLOSD","1978 Repp Circle, Henrico VA 23075","23075","Henrico","Townhouse","11/06/2020","$110,000","$115,000","3","Resale (occupied at least once)","1974","Fairlawn Townhouses","1,060","0.06","3","1.1","Public Water","Sewer - Public","Conventional","Corporate"
"1","2030097","E011-0103-014","CLOSD","1708 Fenton Street, Richmond City VA 23231","23231","Richmond City","Single Family Residence","11/06/2020","$239,000","$249,000","5","Resale (occupied at least once)","1949","Montrose Heights","1,521","0.16","3","2.0","Public Water","Sewer - Public","Conventional","Corporate"
"1","2029994","788-746-7226","CLOSD","703 Brook Hill Road, Henrico VA 23227","23227","Henrico","Single Family Residence","11/06/2020","$185,000","$190,000","4","Resale (occupied at least once)","1974","The Oaks","1,404","0.46","3","2.0","Public Water","Sewer - Public","Conventional","Individuals"
"1","2029993","823-724-5260","CLOSD","19 North Ivy Avenue, Henrico VA 23075","23075","Henrico","Single Family Residence","11/06/2020","$155,000","$155,000","5","New (never occupied)","2020","Highland Springs","1,201","0.23","3","2.0","Public Water","Sewer - Public","FHA New","Corporate"
"1","2029854","758-71-71-92-600-000","CLOSD","8265 Ben Nevis Drive, Chesterfield VA 23235","23235","Chesterfield","Single Family Residence","11/06/2020","$260,000","$309,500","6","Resale (occupied at least once)","1956","Highland Hills","1,631","0.40","3","1.1","Public Water","Sewer - Public","Conventional","Individuals"
"1","2029844","745-754-3515","CLOSD","2613 Whiteclift Drive, Henrico VA 23233","23233","Henrico","Single Family Residence","11/06/2020","$335,000","$351,000","6","Resale (occupied at least once)","1987","Stonecliff","1,842","0.21","3","2.1","Public Water","Sewer - Public","Conventional","Individuals"
"1","2029601","789-753-5427","CLOSD","5921 Upham Drive, Henrico VA 23227","23227","Henrico","Single Family Residence","11/06/2020","$179,950","$198,975","3","Resale (occupied at least once)","1951","Chamberlayne Farms","1,109","0.46","2","1.0","Public Water","Sewer - Public","Conventional","Corporate"
"1","2029569","8706-38-2009","CLOSD","8394 Brittewood Circle, Hanover VA 23116","23116","Hanover","Single Family Residence","11/06/2020","$525,000","$525,000","4","Resale (occupied at least once)","1986","Knollwood","4,882","1.20","5","5.1","Well","Septic - Conventional","Conventional","Individuals"
"1","2029487","785-608-49-82-00000","CLOSD","5301 River Road, Chesterfield VA 23803","23803","Chesterfield","Single Family Residence","11/06/2020","$123,000","$123,000","2","Resale (occupied at least once)","1946","None","943","","2","1.0","Public Water","Septic - Conventional","Conventional","Individuals"
"1","2029437","N000-0845-015","CLOSD","1304 Overbrook Road, Richmond City VA 23220","23220","Richmond City","Single Family Residence","11/06/2020","$229,950","$229,950","7","Resale (occupied at least once)","1938","Frederick Douglas Court","792","0.09","2","1.0","Public Water","Sewer - Public","VA New","Corporate"
"1","2029319","739-754-2469","CLOSD","11930 Shire Walk Path, Henrico VA 23233","23233","Henrico","Townhouse","11/06/2020","$367,100","$354,000","15","Resale (occupied at least once)","2017","Shire Walk","2,120","0.08","3","2.1","Public Water","Sewer - Public","Conventional","Individuals"
"1","2029198","763-757-7263","CLOSD","7815 Balineen Court, Henrico VA 23228","23228","Henrico","Townhouse","11/06/2020","$190,000","$193,000","6","Resale (occupied at least once)","1990","Shannon Green","1,440","0.05","2","2.1","Public Water","Sewer - Public","Conventional","Individuals"
"1","2029189","793-751-0595","CLOSD","7914 Capistrano Drive, Henrico VA 23227","23227","Henrico","Single Family Residence","11/06/2020","$249,950","$265,000","4","Resale (occupied at least once)","1982","Three Fountains North","1,884","0.31","4","2.1","Public Water","Sewer - Public","Conventional","Corporate"
"1","2029119","W000-1587-006","CLOSD","3427 Rosewood Avenue, Richmond City VA 23221","23221","Richmond City","Single Family Residence","11/06/2020","$389,000","$421,700","4","Resale (occupied at least once)","1938","None","1,908","0.19","5","2.0","Public Water","Sewer - Public","Conventional","Individuals"
"1","2029106","723-72-38-96-100-000","CLOSD","3403 Post Mill Terrace, Chesterfield VA 23113","23113","Chesterfield","Single Family Residence","11/06/2020","$749,500","$755,000","3","Resale (occupied at least once)","2006","Kings Farm","4,391","0.76","5","4.1","Public Water","Sewer - Public","Conventional","Individuals"
"1","2029034","757-751-1326","CLOSD","8504 Lansdowne Road, Henrico VA 23229","23229","Henrico","Single Family Residence","11/06/2020","$262,000","$277,000","2","Resale (occupied at least once)","1952","Fordson Acres","1,608","0.79","3","2.0","Public Water","Sewer - Public","Conventional","Individuals"
"1","2028842","7822-73-5624","CLOSD","16146 West Patrick Henry Road, Hanover VA 23192","23192","Hanover","Single Family Residence","11/06/2020","$189,950","$200,000","5","Resale (occupied at least once)","1970","None","960","1.00","3","1.1","Well","Septic - Conventional","Cash","Corporate"
"1","2028801","741-745-1255","CLOSD","1620 Westcastle Drive, Henrico VA 23238","23238","Henrico","Single Family Residence","11/06/2020","$350,000","$380,150","3","Resale (occupied at least once)","1968","Canterbury","2,294","0.58","3","2.0","Public Water","Sewer - Public","Cash","Individuals"
"1","2028433","N000-1222-006","CLOSD","1411 Brookland Parkway, Richmond City VA 23227","23227","Richmond City","Single Family Residence","11/06/2020","$469,950","$500,000","4","Resale (occupied at least once)","1950","Sherwood Park","2,468","0.24","3","2.1","Public Water","Sewer - Public","Conventional","Individuals"
"1","2028317","747-738-6173.069","CLOSD","9025 Wood Sorrel Drive, Henrico VA 23229","23229","Henrico","Condominium","11/06/2020","$379,000","$357,500","17","Resale (occupied at least once)","1984","Mooreland Commons","1,913","0.06","3","2.1","Public Water","Sewer - Public","Cash","Individuals"
"1","2028275","801-737-1846","CLOSD","4008 Austin Avenue, Henrico VA 23222","23222","Henrico","Single Family Residence","11/06/2020","$150,000","$185,000","5","Resale (occupied at least once)","1983","None","1,296","0.28","4","2.0","Public Water","Sewer - Public","Conventional","Individuals"
"1","2028215","777-65-45-48-000-000","CLOSD","5719 Stephens Point Court, Chesterfield VA 23831","23831","Chesterfield","Single Family Residence","11/06/2020","$285,000","$285,000","3","Resale (occupied at least once)","1994","Arbor Landing","1,938","0.28","3","2.0","Public Water","Sewer - Public","VA New","Individuals"
"1","2028158","739-737-4244","CLOSD","10001 Drouin Drive, Henrico VA 23238","23238","Henrico","Single Family Residence","11/06/2020","$765,000","$765,000","5","Resale (occupied at least once)","1988","Drouin Hill","4,139","3.08","4","3.1","Public Water","Septic - Conventional","Conventional","Individuals"
"1","2028146","743-757-6889","CLOSD","11417 Ivy Home Place, Henrico VA 23233","23233","Henrico","Single Family Residence","11/06/2020","$639,950","$655,000","4","Resale (occupied at least once)","1994","Windsor Place West","4,249","0.27","4","3.1","Public Water","Sewer - Public","Cash","Individuals"
"1","2028107","030D-3-8","CLOSD","1730 Norwood Creek Way, Powhatan VA 23139","23139","Powhatan","Single Family Residence","11/06/2020","$335,000","$345,000","5","Resale (occupied at least once)","1995","Norwood Creek","2,098","3.03","4","2.1","Well","Septic - Conventional","Conventional","Individuals"
"1","2027967","732-69-84-73-200-000","CLOSD","1408 Cedar Crossing Trail, Chesterfield VA 23114","23114","Chesterfield","Single Family Residence","11/06/2020","$394,000","$410,000","2","Resale (occupied at least once)","1987","Cedar Crossing","3,132","0.75","5","2.1","Public Water","Sewer - Public","Conventional","Individuals"
"1","2027966","733-759-6368","CLOSD","13316 Teasdale Court, Henrico VA 23233","23233","Henrico","Single Family Residence","11/06/2020","$464,950","$475,000","3","Resale (occupied at least once)","1991","Bremerton At Wellesley","3,074","0.31","4","2.1","Public Water","Sewer - Public","Conventional","Individuals"
"1","2027868","808-716-0460","CLOSD","2528 Merle Street, Henrico VA 23231","23231","Henrico","Single Family Residence","11/06/2020","$175,000","$161,500","5","Resale (occupied at least once)","1980","Easthaven Village","960","0.21","3","1.0","Public Water","Sewer - Public","VHDA/FHA","Individuals"
"1","2027766","719-68-79-08-100-000","CLOSD","14701 Sailboat Circle, Chesterfield VA 23112","23112","Chesterfield","Single Family Residence","11/06/2020","$325,000","$330,000","3","Resale (occupied at least once)","2007","Edgewater At The Reservoir","2,088","0.17","3","2.1","Public Water","Sewer - Public","Conventional","Individuals"
"1","2027516","W000-0787-011","CLOSD","1604 Greenville Avenue, Richmond City VA 23220","23220","Richmond City","Single Family Residence","11/06/2020","$275,000","$286,100","0","Resale (occupied at least once)","1947","Riverview","1,400","0.15","3","2.0","Public Water","Sewer - Public","Conventional","Individuals"
"1","2027499","N000-0780-023","CLOSD","2819 Hanes Avenue, Richmond City VA 23222","23222","Richmond City","Single Family Residence","11/06/2020","$350,000","$350,000","3","Resale (occupied at least once)","1922","Brookland Park","1,944","0.11","4","3.0","Public Water","Sewer - Public","Conventional","Individuals"
"1","2027075","814-64-77-86-300-000","CLOSD","13820 Greyledge Terrace, Chesterfield VA 23836","23836","Chesterfield","Single Family Residence","11/06/2020","$259,950","$275,000","1","Resale (occupied at least once)","1996","Rockhaven","1,637","0.30","3","2.0","Public Water","Sewer - Public","Conventional","Individuals"
"1","2026740","796-64-70-35-000-000","CLOSD","3000 Burley Ridge Terrace, Chesterfield VA 23831","23831","Chesterfield","Single Family Residence","11/06/2020","$293,000","$316,000","3","Resale (occupied at least once)","2005","Burley Ridge","2,648","0.30","5","2.1","Public Water","Sewer - Public","VA New","Individuals"
"1","2026564","45   7     3A","CLOSD","4215 Good Hope Road, New Kent VA 23089","23089","New Kent","Single Family Residence","11/06/2020","$399,000","$418,560","3","Resale (occupied at least once)","2002","None","3,230","10.00","5","3.1","Well","Septic - Conventional","Conventional","Individuals"
"1","2026338","790-61-30-59-000-000","CLOSD","4507 Winterbourne Drive, Chesterfield VA 23803","23803","Chesterfield","Single Family Residence","11/06/2020","$191,950","$192,350","2","Resale (occupied at least once)","1972","Hickory Hill Estates","1,762","0.15","4","2.0","Public Water","Sewer - Public","Conventional","Corporate"
"1","2026235","753-69-45-40-300-000","CLOSD","9325 Cardiff Loop Road, Chesterfield VA 23236","23236","Chesterfield","Single Family Residence","11/06/2020","$600,000","$592,500","16","Resale (occupied at least once)","1971","Bexley","3,348","1.18","4","3.1","Public Water","Sewer - Public","Conventional","Individuals"
"1","2025674","770-66-43-71-500-000","CLOSD","7102 Stonington Court, Chesterfield VA 23832","23832","Chesterfield","Townhouse","11/06/2020","$185,990","$186,000","4","Resale (occupied at least once)","1993","Branchs Colony","1,402","0.05","3","2.1","Public Water","Sewer - Public","Other","Corporate, Individuals"
"1","2025603","746-746-1588","CLOSD","1554 Heritage Hill Drive, Henrico VA 23238","23238","Henrico","Townhouse","11/06/2020","$199,950","$199,950","23","Resale (occupied at least once)","1978","Heritage Hill Raintree","1,280","0.06","3","1.1","Public Water","Sewer - Public","Conventional","Individuals"
"1","2025201","738-71-18-60-400-000","CLOSD","11701 Olde Coach Drive, Chesterfield VA 23113","23113","Chesterfield","Single Family Residence","11/06/2020","$215,000","$235,000","4","Resale (occupied at least once)","1971","Olde Coach Village","2,236","0.34","4","3.0","Public Water","Sewer - Public","Conventional","Individuals"
"1","2025163","725-72-63-52-000-000","CLOSD","14212 Arborcraft Drive, Chesterfield VA 23113","23113","Chesterfield","Single Family Residence","11/06/2020","$477,950","$477,951","3","Resale (occupied at least once)","2000","Brookstone","3,067","0.73","5","2.1","Public Water","Sewer - Public","Conventional","Individuals"
"1","2024944","731-755-0740","CLOSD","2690 Berkeley Pointe Drive, Henrico VA 23233","23233","Henrico","Townhouse","11/06/2020","$249,900","$260,000","2","Resale (occupied at least once)","1985","Berkeley Pointe","1,224","0.08","3","2.0","Public Water","Sewer - Public","Conventional","Individuals"
"1","2022626","C008-0213-028","CLOSD","5506 CHESTERFIELD Drive, Richmond City VA 23224","23224","Richmond City","Single Family Residence","11/06/2020","$112,500","$112,500","57","Resale (occupied at least once)","1940","Chesterfield Gardens","849","0.24","2","1.0","Public Water","Sewer - Public","Conventional","Individuals"
"1","2020877","779-67-86-46-000-000","CLOSD","4610 Mason Run Court, Chesterfield VA 23234","23234","Chesterfield","Single Family Residence","11/06/2020","$179,995","$179,995","20","Resale (occupied at least once)","1987","Mason Woods","1,116","0.57","3","1.0","Public Water","Sewer - Public","VHDA ","Individuals"
"1","2019260","7797-74-8545","CLOSD","9122 Stephens Manor Drive, Hanover VA 23116","23116","Hanover","Single Family Residence","11/06/2020","$539,000","$525,000","69","Resale (occupied at least once)","1999","None","3,960","0.77","4","3.2","Public Water","Sewer - Public","Conventional","Individuals"
"1","2018656","805-711-8286","CLOSD","2023 Shirleydale Avenue, Henrico VA 23231","23231","Henrico","Single Family Residence","11/06/2020","$99,500","$95,550","26","Resale (occupied at least once)","1940","National Heights","702","0.29","2","1.0","Public Water","Sewer - Public","Cash","REO"
"1","2015283","8707-08-6757","CLOSD","10446 Malboro Road, Hanover VA 23116","23116","Hanover","Single Family Residence","11/06/2020","$289,950","$289,950","27","New (never occupied)","2020","Hanover Hills Small Farms","1,400","1.03","3","2.0","Well","Septic - Alternative","Conventional","Individuals"
"1","2011558","S006-0112-007","CLOSD","5404 New Kent Road, Richmond City VA 23225","23225","Richmond City","Single Family Residence","11/06/2020","$1,049,000","$1,025,000","148","New (never occupied)","2020","Westover Hills","2,942","0.31","3","3.1","Public Water","Sewer - Public","Conventional","Corporate"
"1","1939584","737678995300000","CLOSD","12529 Wescott Drive, Chesterfield VA 23112","23112","Chesterfield","Townhouse","11/06/2020","$315,495","$315,495","11","New (never occupied)","2019","Wescott","2,106","","3","2.1","Public Water","Sewer - Public","FHA New","Corporate"
"1","2026051","N000-0809-004","CLOSD","2706 4th Avenue, Richmond City VA 23222","23222","Richmond City","Single Family Residence","11/09/2020","$299,900","$298,660","21","Resale (occupied at least once)","1921","The Plateau","1,956","0.16","3","2.0","Public Water","Sewer - Public","Conventional","Corporate"
"1","2026932","W000-0944-039","CLOSD","17 North Shields Avenue, Richmond City VA 23220","23220","Richmond City","Single Family Residence","11/09/2020","$673,950","$673,750","22","Resale (occupied at least once)","1908","None","1,990","0.07","3","2.1","Public Water","Sewer - Public","Conventional","Individuals"
"1","2028095","C004-0209-028","CLOSD","7627 Rockfalls Drive, Richmond City VA 23225","23225","Richmond City","Single Family Residence","11/09/2020","$549,000","$520,000","11","Resale (occupied at least once)","2008","Stratford Hills","3,289","0.34","4","3.1","Public Water","Sewer - Public","Conventional","Individuals"
"1","2029824","708-68-18-14-300-000","CLOSD","16731 Cabretta Court, Chesterfield VA 23120","23120","Chesterfield","Single Family Residence","11/09/2020","$499,000","$520,000","6","Resale (occupied at least once)","2009","Westerleigh","3,917","0.33","5","4.1","Public Water","Sewer - Public","VA New","Individuals"
"1","2024589","W022-0352-014","CLOSD","305 St Davids Lane, Richmond City VA 23221","23221","Richmond City","Single Family Residence","11/09/2020","$1,749,500","$1,750,000","43","Resale (occupied at least once)","1940","Windsor Farms","4,913","0.73","5","4.1","Public Water","Sewer - Public","Conventional","Individuals"
"1","2025006","772-735-4445","CLOSD","5017 Monument Avenue, Henrico VA 23230","23230","Henrico","Single Family Residence","11/09/2020","$315,000","$320,000","32","Resale (occupied at least once)","1956","Westlyn Court","1,356","0.15","3","2.0","Public Water","Sewer - Public","Conventional","Other"
"1","2028672","808-64-22-55-200-000","CLOSD","1401 Walthall Creek Drive, Chesterfield VA 23834","23834","Chesterfield","Single Family Residence","11/09/2020","$359,900","$365,000","4","Resale (occupied at least once)","2002","Southcreek","3,126","0.45","4","3.1","Public Water","Sewer - Public","Conventional","Individuals"
"1","2028098","782-757-7915","CLOSD","1405 Hungary Road, Henrico VA 23060","23060","Henrico","Single Family Residence","11/09/2020","$269,950","$272,950","5","Resale (occupied at least once)","1969","Garden City","1,946","0.75","4","2.1","Public Water","Sewer - Public","Conventional","Individuals"
"1","2015925","7788-66-1113","CLOSD","11310 Winding Brook Terrace Drive #UnitHD, Hanover VA 23005","23005","Hanover","Townhouse","11/09/2020","$258,410","$263,309","9","New (never occupied)","2020","Winding Brook Townhomes","1,576","","3","2.1","Public Water","Sewer - Public","Conventional","Corporate"
"1","1936412","17-9-0-2-0","CLOSD","5318 Chimney Springs Drive, Goochland VA 23063","23063","Goochland","Single Family Residence","11/09/2020","$299,000","$302,500","323","New (never occupied)","2019","None","1,996","2.44","3","2.1","Well","Septic - Conventional","Conventional","Individuals"
"1","2028246","764-771-7643","CLOSD","3836 Mountain Road, Henrico VA 23060","23060","Henrico","Single Family Residence","11/09/2020","$314,500","$314,500","10","Resale (occupied at least once)","1979","Mountain Mill","1,968","0.43","3","2.1","Public Water","Septic - Conventional","Conventional","Individuals"
"1","2028667","E000-0482-003","CLOSD","2707 East Clay Street, Richmond City VA 23223","23223","Richmond City","Single Family Residence","11/09/2020","$297,000","$325,000","13","Resale (occupied at least once)","1910","None","1,320","0.04","2","1.1","Public Water","Sewer - Public","Conventional","Individuals"
"1","2023418","7870-79-6433","CLOSD","11246 Ashland Park Drive, Hanover VA 23005","23005","Hanover","Single Family Residence","11/09/2020","$365,000","$365,000","33","Resale (occupied at least once)","2019","Ashland Park","1,830","","3","2.0","Public Water","Sewer - Public","VA New","Individuals"
"1","2021603","772-67-53-35-000-000","CLOSD","6106 Faulkner Drive, Chesterfield VA 23234","23234","Chesterfield","Single Family Residence","11/09/2020","$299,900","$298,000","48","Resale (occupied at least once)","2011","Watermark","2,112","0.25","3","2.1","Public Water","Sewer - Public","FHA New","Individuals"
"1","2021181","7880-74-5087","CLOSD","13340 Folly Trail Place, Hanover VA 23005","23005","Hanover","Single Family Residence","11/09/2020","$405,000","$405,000","26","Resale (occupied at least once)","2013","Providence","2,845","0.18","3","2.1","Public Water","Sewer - Public","VA New","Individuals"
"1","2027871","014-1-28","CLOSD","4687 Bell Road, Powhatan VA 23139","23139","Powhatan","Single Family Residence","11/09/2020","$179,950","$180,000","14","Resale (occupied at least once)","1968","Hicks","1,025","1.34","3","1.0","Well","Septic - Conventional","VHDA ","Individuals"
"1","2029755","859-708-2235","CLOSD","6004 Jenkins Bluff Lane, Henrico VA 23150","23150","Henrico","Single Family Residence","11/09/2020","$349,900","$355,000","3","Resale (occupied at least once)","2015","Jenkins Bluff","2,654","2.88","4","2.1","Well","Septic - Conventional","VA New","Individuals"
"1","2026845","855-707-2703","CLOSD","1013 Rasmussen Drive, Henrico VA 23150","23150","Henrico","Single Family Residence","11/09/2020","$389,950","$389,950","12","Resale (occupied at least once)","1999","Shady Oaks","2,600","1.00","4","2.1","Well","Septic - Conventional","Conventional","Other"
"1","2023703","712-67-44-02-000-000","CLOSD","6412 Arwen Mews, Chesterfield VA 23120","23120","Chesterfield","Single Family Residence","11/09/2020","$550,000","$545,000","7","Resale (occupied at least once)","2008","Foxcreek","4,578","","7","5.0","Public Water","Sewer - Public","Conventional","Individuals"
"1","2020645","19G1 6 1  15","CLOSD","7730 Flowering Magnolia Lane, New Kent VA 23141","23141","New Kent","Single Family Residence","11/09/2020","$359,950","$365,000","71","Resale (occupied at least once)","2015","Patriots Landing","2,753","0.27","3","2.1","Public Water","Sewer - Public","Conventional","Individuals"
"1","2008072","718-71-91-15-700-000","CLOSD","2525 Maple Hall Court, Chesterfield VA 23113","23113","Chesterfield","Single Family Residence","11/09/2020","$1,345,000","$1,310,000","152","Resale (occupied at least once)","2006","Founders Bridge","7,900","0.63","6","5.1","Public Water","Sewer - Public","Conventional","Individuals"
"1","2030650","783-67-92-25-000-000","CLOSD","4000 Harvette Drive, Chesterfield VA 23237","23237","Chesterfield","Single Family Residence","11/09/2020","$274,950","$274,950","4","Resale (occupied at least once)","1964","Fuqua Farms","2,806","0.52","4","2.0","Public Water","Sewer - Public","Conventional","Individuals"
"1","2028774","8724-32-6990","CLOSD","6316 Dahlia Road, Hanover VA 23111","23111","Hanover","Single Family Residence","11/09/2020","$279,000","$275,000","3","Resale (occupied at least once)","1981","Lereve Manor","2,044","0.58","5","3.2","Public Water","Sewer - Public","Conventional","Individuals"
"1","2030277","748-67-54-06-300-000","CLOSD","5642 Charter Oak Drive, Chesterfield VA 23832","23832","Chesterfield","Single Family Residence","11/09/2020","$289,000","$293,000","8","Resale (occupied at least once)","2004","Qualla Farms","2,100","0.23","4","2.1","Public Water","Sewer - Public","Conventional","Individuals"
"1","2029115","C006-0566-054","CLOSD","5093 Warwick Road, Richmond City VA 23224","23224","Richmond City","Single Family Residence","11/09/2020","$210,990","$215,000","4","Resale (occupied at least once)","2015","Villas At Parker Green","1,798","0.11","3","2.1","Public Water","Sewer - Public","FHA New","Individuals"
"1","2011638","822-691-6954","CLOSD","6801 Clifford Tower Way, Henrico VA 23231","23231","Henrico","Single Family Residence","11/09/2020","$326,165","$335,000","39","New (never occupied)","2020","Castleton","2,594","","4","3.0","Public Water","Sewer - Public","VA New","Corporate"
"1","2003729","822-691-9498","CLOSD","2901 Seven Kings Court, Henrico VA 23231","23231","Henrico","Single Family Residence","11/09/2020","$316,555","$326,152","78","New (never occupied)","2020","Castleton","2,594","","4","3.0","Public Water","Sewer - Public","VA New","Corporate"
"1","2000878","822-692-7702","CLOSD","6900 Seven Kings Circle, Henrico VA 23231","23231","Henrico","Single Family Residence","11/09/2020","$315,580","$344,177","125","New (never occupied)","2020","Castleton","2,594","","4","3.0","Public Water","Sewer - Public","VA New","Corporate"
"1","2028490","806-64-15-13-100-000","CLOSD","1707 Southcreek Drive, Chesterfield VA 23834","23834","Chesterfield","Single Family Residence","11/09/2020","$305,000","$321,000","7","Resale (occupied at least once)","1997","Southcreek","2,122","0.46","4","2.1","Public Water","Sewer - Public","VA New","Individuals"
"1","2024910","8734-08-1269","CLOSD","7408 Melissa Paige Circle, Hanover VA 23111","23111","Hanover","Single Family Residence","11/09/2020","$289,999","$300,000","6","Resale (occupied at least once)","1985","Poinsettia","1,704","1.06","4","2.0","Well","Septic - Conventional","Conventional","Individuals"
"1","2029266","760-68-61-70-300-000","CLOSD","8217 Boones Trail Road, Chesterfield VA 23832","23832","Chesterfield","Single Family Residence","11/09/2020","$199,950","$210,250","3","Resale (occupied at least once)","1979","Cabin Creek","1,200","0.34","3","2.0","Public Water","Sewer - Public","Conventional","Individuals"
"1","2028729","752-741-0817","CLOSD","8811 Gayton Road, Henrico VA 23229","23229","Henrico","Single Family Residence","11/09/2020","$259,950","$270,000","4","Resale (occupied at least once)","1955","Hill And Dale","1,550","0.40","3","1.1","Public Water","Sewer - Public","Conventional","Individuals"
"1","2017209","to be determined","CLOSD","15752 Mosaic Creek Boulevard, Goochland VA 23238","23238","Goochland","Single Family Residence","11/09/2020","$435,058","$435,058","0","New (never occupied)","2020","Mosaic at West Creek","1,664","","2","2.0","Public Water","Sewer - Public","Cash","Corporate"
"1","2024666","to be determined","CLOSD","5016 Berkley Mill Drive #Unit14-5, Chesterfield VA 23831","23831","Chesterfield","Townhouse","11/09/2020","$276,345","$277,165","13","New (never occupied)","2020","Iron Mill Section 1","1,744","","3","2.1","Public Water","Sewer - Public","VHDA/FHA","Corporate"
"1","2014158","7796-77-6054","CLOSD","9029 Spring Green Loop #UnitO-B, Hanover VA 23116","23116","Hanover","Townhouse","11/09/2020","$329,670","$337,380","0","New (never occupied)","2020","Giles Farm","1,886","","3","2.1","Public Water","Sewer - Public","Other","Corporate"
"1","2005442","784-65-46-82-900-000","CLOSD","11575 Claimont Mill Drive, Chesterfield VA 23831","23831","Chesterfield","Townhouse","11/09/2020","$235,000","$235,000","125","Resale (occupied at least once)","2014","Iron Mill Section 1","1,584","0.08","3","2.1","Public Water","Sewer - Public","VHDA/FHA","Individuals"
"1","2025595","731-67-31-71-400-000","CLOSD","7100 Harbourside Court, Chesterfield VA 23112","23112","Chesterfield","Single Family Residence","11/09/2020","$292,500","$301,500","3","Resale (occupied at least once)","1994","Harbour Green","1,873","1.16","3","2.1","Public Water","Sewer - Public","FHA New","Estate"
"1","2028963","783-67-64-29-900-000","CLOSD","7608 Port Leon Road, Chesterfield VA 23237","23237","Chesterfield","Single Family Residence","11/09/2020","$134,950","$152,000","3","Resale (occupied at least once)","1956","Beulah Village","944","0.29","3","1.0","Public Water","Sewer - Public","FHA New","Individuals"
"1","2028559","W019-0278-057","CLOSD","4524 Grove Avenue #Unit9, Richmond City VA 23221","23221","Richmond City","Condominium","11/09/2020","$198,000","$203,000","5","Resale (occupied at least once)","1930","West Grove Condos","750","0.02","2","1.0","Public Water","Sewer - Public","Conventional","Individuals"
"1","2027455","740-747-4711","CLOSD","1703 Locust Hill Road, Henrico VA 23238","23238","Henrico","Single Family Residence","11/09/2020","$449,950","$483,000","6","Resale (occupied at least once)","1986","Whitaker Woods","3,293","0.48","4","2.1","Public Water","Sewer - Public","Conventional","Individuals"
"1","2030064","777-65-57-65-400-000","CLOSD","11607 Drayton Landing Drive, Chesterfield VA 23831","23831","Chesterfield","Single Family Residence","11/09/2020","$334,950","$305,000","0","Resale (occupied at least once)","2003","Arbor Landing","2,285","0.35","4","2.1","Public Water","Sewer - Public","Conventional","Individuals"
"1","2026776","7796-97-4307","CLOSD","8960 Ringview Drive, Hanover VA 23116","23116","Hanover","Townhouse","11/09/2020","$289,950","$285,000","3","Resale (occupied at least once)","2017","Cool Spring West","1,562","0.08","3","2.1","Public Water","Sewer - Public","Conventional","Individuals"
"1","2023312","N000-0490-008","CLOSD","2211 Barton Avenue, Richmond City VA 23222","23222","Richmond City","Single Family Residence","11/09/2020","$300,000","$310,000","1","Resale (occupied at least once)","1920","Barton Heights","1,808","0.11","3","2.1","Public Water","Sewer - Public","FHA New","Individuals"
"1","2025672","818-714-2064","CLOSD","4906 Kinloch Lane, Henrico VA 23231","23231","Henrico","Single Family Residence","11/09/2020","$164,950","$164,950","5","Resale (occupied at least once)","1957","Virginia Heights","1,314","0.33","3","1.0","Public Water","Sewer - Public","Conventional","Individuals"
"1","2031587","W021-0252-029","CLOSD","509 Chantecler Avenue, Richmond City VA 23226","23226","Richmond City","Single Family Residence","11/09/2020","$305,000","$344,050","5","Resale (occupied at least once)","1967","None","1,540","0.19","3","2.0","Public Water","Sewer - Public","Cash","Individuals"
"1","2031470","8735-05-3237","CLOSD","5492 Muzzle Court, Hanover VA 23111","23111","Hanover","Single Family Residence","11/09/2020","$234,950","$231,000","5","Resale (occupied at least once)","1994","Battlefield Green","1,428","","3","2.1","Public Water","Sewer - Public","Conventional","Individuals"
"1","2031373","725-69-95-75-000-000","CLOSD","1101 Alcorn Terrace, Chesterfield VA 23114","23114","Chesterfield","Single Family Residence","11/09/2020","$369,950","$375,000","2","Resale (occupied at least once)","2005","Leland Village At Charter Colony","2,396","0.15","3","2.1","Public Water","Sewer - Public","Conventional","Individuals"
"1","2031187","739-680-05-94-00000","CLOSD","12132 Brookview Drive, Chesterfield VA 23113","23113","Chesterfield","Single Family Residence","11/09/2020","$189,950","$170,000","9","Resale (occupied at least once)","1960","Kellersley","1,128","0.82","3","1.0","Public Water","Septic - Conventional","VA New","Individuals"
"1","2030688","S000-0685-040","CLOSD","27 West Clopton Street, Richmond City VA 23225","23225","Richmond City","Single Family Residence","11/09/2020","$74,000","$74,000","10","Resale (occupied at least once)","1920","Ted Patrick Subdivision","644","0.09","2","1.0","Public Water","Sewer - Public","Cash","REO"
"1","2030653","58-46-0-19-0","CLOSD","1679 Centerville Parke Lane, Goochland VA 23103","23103","Goochland","Single Family Residence","11/09/2020","$485,000","$490,000","4","Resale (occupied at least once)","2009","The Parke At Centerville","2,501","0.23","3","2.1","Public Water","Sewer - Public","Cash","Individuals"
"1","2030434","762-764-6308.134","CLOSD","931 Morattico Circle #Unit13D, Henrico VA 23060","23060","Henrico","Condominium","11/09/2020","$459,900","$451,000","4","Resale (occupied at least once)","2013","Edgewood At Crossridge","2,508","","3","2.1","Public Water","Sewer - Public","Conventional","Individuals"
"1","2030218","7871-96-1182","CLOSD","11047 Cross Corner Road, Hanover VA 23005","23005","Hanover","Single Family Residence","11/09/2020","$599,000","$599,000","4","Resale (occupied at least once)","2013","None","2,119","10.65","4","3.0","Well","Septic - Conventional","Conventional","Individuals"
"1","2030057","780-764-6044","CLOSD","10216 Richmond Road, Henrico VA 23060","23060","Henrico","Single Family Residence","11/09/2020","$289,000","$300,000","5","Resale (occupied at least once)","2007","Greenwood Park","1,738","0.24","3","2.1","Public Water","Sewer - Public","Conventional","Individuals"
"1","2029789","W000-0857-023","CLOSD","1908 Grove Avenue, Richmond City VA 23220","23220","Richmond City","Single Family Residence","11/09/2020","$885,000","$895,000","6","Resale (occupied at least once)","1910","None","2,976","0.07","4","3.1","Public Water","Sewer - Public","Cash","Individuals"
"1","2029712","755-70-79-20-600-000","CLOSD","8803 Brucewood Drive, Chesterfield VA 23235","23235","Chesterfield","Single Family Residence","11/09/2020","$263,000","$276,000","5","Resale (occupied at least once)","1977","Brighton Green","1,680","0.41","3","2.1","Public Water","Sewer - Public","Cash","Individuals"
"1","2029603","743-67-56-36-800-000","CLOSD","5301 Old Glory Road, Chesterfield VA 23832","23832","Chesterfield","Single Family Residence","11/09/2020","$299,950","$301,000","5","Resale (occupied at least once)","2013","Colony Pointe","2,051","0.51","4","2.1","Public Water","Sewer - Public","Conventional","Other"
"1","2029520","782-762-5052","CLOSD","1402 Rhode Island Avenue, Henrico VA 23060","23060","Henrico","Single Family Residence","11/09/2020","$189,950","$250,000","4","Resale (occupied at least once)","1939","Biltmore","1,016","0.17","3","2.0","Public Water","Sewer - Public","FHA New","Individuals"
"1","2029374","817-723-1703","CLOSD","501 Lowell Street, Henrico VA 23223","23223","Henrico","Single Family Residence","11/09/2020","$195,000","$216,000","3","Resale (occupied at least once)","1978","Wynfield","1,512","0.21","3","2.1","Public Water","Sewer - Public","Conventional","Individuals"
"1","2029275","731-69-77-25-800-000","CLOSD","13202 Boggs Circle, Chesterfield VA 23114","23114","Chesterfield","Single Family Residence","11/09/2020","$370,000","$392,500","5","Resale (occupied at least once)","1991","Queensmill","2,666","1.05","4","2.1","Public Water","Sewer - Public","Conventional","Individuals"
"1","2029274","741-68-98-36-400-000","CLOSD","3019 Barnack Road, Chesterfield VA 23112","23112","Chesterfield","Single Family Residence","11/09/2020","$335,000","$345,000","2","Resale (occupied at least once)","2015","Walnut Grove","2,259","0.33","4","2.1","Public Water","Sewer - Public","VA New","Individuals"
"1","2029245","774-68-46-15-100-000","CLOSD","5453 Gilling Road, Chesterfield VA 23234","23234","Chesterfield","Single Family Residence","11/09/2020","$215,000","$220,000","4","Resale (occupied at least once)","1960","Rock Spring Farms","1,508","0.48","3","2.0","Public Water","Sewer - Public","Conventional","Individuals"
"1","2029172","795-64-02-50-200-000","CLOSD","3136 Talleywood Lane, Chesterfield VA 23831","23831","Chesterfield","Single Family Residence","11/09/2020","$274,950","$298,000","6","Resale (occupied at least once)","1999","Farmview Estates","2,065","4.10","4","3.1","Public Water","Sewer - Public","FHA New","Individuals"
"1","2028960","5-1-0-45-0","CLOSD","5194 Broad Street Road, Goochland VA 23093","23093","Goochland","Single Family Residence","11/09/2020","$369,950","$369,950","7","Resale (occupied at least once)","2005","None","1,992","3.50","3","2.0","Well","Septic - Conventional","Cash","Individuals"
"1","2028838","N000-0619-075","CLOSD","1252 Moore Street, Richmond City VA 23220","23220","Richmond City","Townhouse","11/09/2020","$167,440","$167,440","1","Resale (occupied at least once)","1962","Hartshorn Townhouse","932","0.08","3","1.1","Public Water","Sewer - Public","Cash","Individuals"
"1","2028755","W021-0163-011","CLOSD","5913 Kensington Avenue, Richmond City VA 23226","23226","Richmond City","Single Family Residence","11/09/2020","$389,000","$360,000","27","Resale (occupied at least once)","1947","Westview","1,750","0.13","4","2.0","Public Water","Sewer - Public","Cash","Individuals"
"1","2028594","718-66-78-71-200-000","CLOSD","14955 Featherchase Drive, Chesterfield VA 23832","23832","Chesterfield","Single Family Residence","11/09/2020","$269,900","$275,000","3","Resale (occupied at least once)","1997","Ashbrook","1,887","0.38","4","2.1","Public Water","Sewer - Public","Conventional","Individuals"
"1","2028495","W019-0306-012","CLOSD","11 West Locke Lane #UnitU5, Richmond City VA 23226","23226","Richmond City","Cooperative","11/09/2020","$225,000","$214,000","29","Resale (occupied at least once)","1930","Lock Lane Condominium","758","0.02","1","1.1","Public Water","Sewer - Public","Cash","Individuals"
"1","2028378","W000-0950-026","CLOSD","2114 Hanover Avenue, Richmond City VA 23220","23220","Richmond City","Single Family Residence","11/09/2020","$875,000","$860,000","20","Resale (occupied at least once)","1908","None","2,962","0.07","4","2.1","Public Water","Sewer - Public","Cash","Individuals"
"1","2028181","780-67-90-72-200-000","CLOSD","4609 Cinderwood Drive, Chesterfield VA 23234","23234","Chesterfield","Single Family Residence","11/09/2020","$189,950","$195,000","5","Resale (occupied at least once)","1987","Mason Woods","1,542","0.44","4","2.0","Public Water","Sewer - Public","Conventional","Individuals"
"1","2028135","763-731-0250","CLOSD","6161 River Road #Unit12, Henrico VA 23226","23226","Henrico","Cooperative","11/09/2020","$465,000","$465,000","0","Resale (occupied at least once)","1967","None","1,826","10.12","3","2.1","Public Water","Sewer - Public","Other","Individuals"
"1","2027961","763-757-5233","CLOSD","7730 Balla Court, Henrico VA 23228","23228","Henrico","Townhouse","11/09/2020","$175,000","$185,000","4","Resale (occupied at least once)","1987","Shannon Green","1,140","0.04","3","1.1","Public Water","Sewer - Public","Conventional","Individuals"
"1","2027857","744-62-55-73-500-000","CLOSD","15807 Haggis Drive, Chesterfield VA 23838","23838","Chesterfield","Single Family Residence","11/09/2020","$293,500","$300,000","19","Resale (occupied at least once)","2012","Rivers Trace","2,071","1.11","4","2.1","Public Water","Septic - Conventional","VA New","Individuals"
"1","2027841","039-6A","CLOSD","3690 Old Buckingham Road, Powhatan VA 23139","23139","Powhatan","Single Family Residence","11/09/2020","$299,950","$290,000","11","Resale (occupied at least once)","1962","None","1,950","15.86","4","2.0","Well","Septic - Conventional","Cash","Individuals"
"1","2027805","33-9-0-4-0","CLOSD","2321 Temple Lane, Goochland VA 23146","23146","Goochland","Single Family Residence","11/09/2020","$439,000","$420,000","7","Resale (occupied at least once)","2002","Temple Heights","2,607","5.28","4","2.1","Well","Septic - Conventional","Conventional","Individuals"
"1","2027742","722-67-24-55-600-000","CLOSD","14443 Duckridge Terrace #Unit20, Chesterfield VA 23112","23112","Chesterfield","Townhouse","11/09/2020","$265,000","$265,000","4","Resale (occupied at least once)","1996","Lakepointe","1,480","0.06","3","2.1","Public Water","Sewer - Public","Conventional","Individuals"
"1","2027570","67-17-0-E-0","CLOSD","104 Fox Gate Lane, Goochland VA 23238","23238","Goochland","Single Family Residence","11/09/2020","$1,249,000","$1,325,000","9","Resale (occupied at least once)","1985","None","4,943","5.24","5","5.1","Well","Septic - Conventional","Conventional","Individuals"
"1","2027409","747-767-7350","CLOSD","11409 Willow Gate Drive, Henrico VA 23060","23060","Henrico","Single Family Residence","11/09/2020","$500,000","$482,500","16","Resale (occupied at least once)","2005","Willowgate","3,444","0.31","5","4.0","Public Water","Sewer - Public","Conventional","Individuals"
"1","2027062","746-70-54-88-400-000","CLOSD","10621 Keithwood, Chesterfield VA 23236","23236","Chesterfield","Single Family Residence","11/09/2020","$215,000","$227,000","5","Resale (occupied at least once)","1983","Hylton Park","1,368","0.31","4","2.0","Public Water","Sewer - Public","VHDA ","Individuals"
"1","2025692","765-67-65-08-000-000","CLOSD","7800 Cogbill Road, Chesterfield VA 23832","23832","Chesterfield","Single Family Residence","11/09/2020","$219,950","$230,000","1","Resale (occupied at least once)","1976","None","1,425","1.42","3","2.0","Well","Septic - Conventional","Conventional","Individuals"
"1","2025194","777-749-7206","CLOSD","6812 Linbrook Drive, Henrico VA 23228","23228","Henrico","Single Family Residence","11/09/2020","$250,000","$245,000","28","Resale (occupied at least once)","1951","Lakeside","1,785","0.23","4","2.0","Public Water","Sewer - Public","FHA New","REO"
"1","2019328","777-67-94-85-200-000","CLOSD","6806 Irongate Drive, Chesterfield VA 23234","23234","Chesterfield","Single Family Residence","11/09/2020","$257,000","$257,000","7","Resale (occupied at least once)","1985","Irongate","2,196","0.29","4","3.0","Public Water","Sewer - Public","FHA New","Estate"
"1","2012332","Not Yet Assigned","CLOSD","14005 Mosaic Nook, Goochland VA 23238","23238","Goochland","Townhouse","11/09/2020","$396,260","$421,795","0","New (never occupied)","2020","Mosaic at West Creek","2,239","","3","3.0","Public Water","Sewer - Public","Conventional","Corporate"
"1","2026234","47-28-0-8-0","CLOSD","2025 Sycamore Creek Drive, Goochland VA 23103","23103","Goochland","Single Family Residence","11/10/2020","$850,000","$847,000","8","Resale (occupied at least once)","1993","Sycamore Creek","5,569","1.50","5","4.1","Well","Septic - Conventional","Conventional","Individuals"
"1","2022783","7709-41-2787","CLOSD","18560 Willoughby Heights Lane, Hanover VA 23146","23146","Hanover","Single Family Residence","11/10/2020","$499,000","$499,000","28","Resale (occupied at least once)","2000","Willoughby","3,809","3.51","4","3.2","Well","Septic - Conventional","FHA New","Individuals"
"1","2023594","812650694800000","CLOSD","13413 Silverdust Lane, Chesterfield VA 23836","23836","Chesterfield","Single Family Residence","11/10/2020","$420,000","$425,000","31","Resale (occupied at least once)","2006","Cypress Woods","4,323","0.35","5","4.0","Public Water","Sewer - Public","FHA New","Individuals"
"1","2022704","58-4-E-11-0","CLOSD","1522 Hermitage Road, Goochland VA 23103","23103","Goochland","Single Family Residence","11/10/2020","$449,950","$450,000","50","Resale (occupied at least once)","1978","Homewood Park","2,942","1.11","4","3.1","Well","Septic - Conventional","Conventional","Individuals"
"1","1938240","702674280000000","CLOSD","6331 Bear Trace Way, Chesterfield VA 23120","23120","Chesterfield","Single Family Residence","11/10/2020","$514,935","$533,050","155","New (never occupied)","2020","Magnolia Green","4,417","","4","4.0","Public Water","Sewer - Public","Conventional","Corporate"
"1","2029695","729-64-96-14-700-000","CLOSD","13501 Carters Valley Road, Chesterfield VA 23838","23838","Chesterfield","Single Family Residence","11/10/2020","$390,000","$400,000","3","Resale (occupied at least once)","1999","Carters Mill","3,002","0.97","5","3.1","Public Water","Septic - Conventional","Conventional","Individuals"
"1","2017541","7796-77-6024","CLOSD","9025 Spring Green Loop #UnitO-C, Hanover VA 23116","23116","Hanover","Townhouse","11/10/2020","$315,575","$320,575","0","New (never occupied)","2020","Giles Farm","1,799","","3","2.1","Public Water","Sewer - Public","USDA","Corporate"
"1","2029035","776-770-9989","CLOSD","11071 Ryall Road, Henrico VA 23059","23059","Henrico","Single Family Residence","11/10/2020","$394,950","$399,950","2","Resale (occupied at least once)","1977","None","1,949","1.71","3","2.1","Well","Septic - Conventional","Conventional","Individuals"
"1","2027364","7779-88-3328","CLOSD","120 Sunny Drive, Hanover VA 23005","23005","Hanover","Single Family Residence","11/10/2020","$275,000","$275,000","13","Resale (occupied at least once)","1990","Slash Cottage","1,760","0.23","3","2.1","Public Water","Sewer - Public","VHDA/FHA","Individuals"
"1","2029229","755-752-4738","CLOSD","8716 Nesslewood Drive, Henrico VA 23229","23229","Henrico","Single Family Residence","11/10/2020","$259,950","$262,500","5","Resale (occupied at least once)","1962","Westbriar","1,689","0.37","3","1.1","Public Water","Sewer - Public","FHA New","Individuals"
"1","2027796","8725-84-0687","CLOSD","8236 Fourscore Drive, Hanover VA 23111","23111","Hanover","Single Family Residence","11/10/2020","$244,950","$247,500","6","Resale (occupied at least once)","1984","Battlefield Green","1,400","0.35","4","3.0","Public Water","Sewer - Public","FHA New","Individuals"
"1","2021526","62-31-C-4-0","CLOSD","717 Woodson Place, Goochland VA 23103","23103","Goochland","Single Family Residence","11/10/2020","$1,100,000","$1,050,000","53","Resale (occupied at least once)","1999","Meadows At Manakin","4,728","3.94","5","3.2","Well","Septic - Conventional","Cash","Individuals"
"1","2032657","789-66-14-83-600-000","CLOSD","10818 Erin Green Court, Chesterfield VA 23831","23831","Chesterfield","Single Family Residence","11/10/2020","$279,950","$275,000","2","Resale (occupied at least once)","1990","Erin Green","2,221","0.30","3","2.1","Public Water","Sewer - Public","Conventional","Individuals"
"1","2026902","830-716-4990","CLOSD","505 Dakar Drive, Henrico VA 23150","23150","Henrico","Single Family Residence","11/10/2020","$179,950","$179,950","11","Resale (occupied at least once)","1944","Woodlawn Terrace","1,552","0.19","3","1.1","Public Water","Sewer - Public","VHDA/FHA","Estate"
"1","2026316","7884-10-3439","CLOSD","10432 Verdon Road, Hanover VA 23047","23047","Hanover","Single Family Residence","11/10/2020","$199,900","$205,000","2","Resale (occupied at least once)","1941","None","1,162","1.15","1","1.0","Well","Septic - Alternative","FHA New","Individuals"
"1","2006580","797-64-43-86-600-000","CLOSD","2706 Mistwood Forest Drive, Chesterfield VA 23831","23831","Chesterfield","Single Family Residence","11/10/2020","$225,000","$220,000","130","Resale (occupied at least once)","1986","Mistwood Forest","2,033","0.32","4","2.1","Public Water","Sewer - Public","FHA New","Individuals"
"1","2030205","N000-2272-007","CLOSD","1311 Bellevue Avenue, Richmond City VA 23227","23227","Richmond City","Single Family Residence","11/10/2020","$349,950","$345,700","11","Resale (occupied at least once)","1924","Brookdale","1,643","0.24","3","2.0","Public Water","Sewer - Public","Conventional","Individuals"
"1","2028743","743-71-58-74-000-000","CLOSD","2114 Esquire Road, Chesterfield VA 23235","23235","Chesterfield","Single Family Residence","11/10/2020","$285,000","$285,000","0","Resale (occupied at least once)","1977","Greenfield","2,157","0.26","4","3.0","Public Water","Sewer - Public","FHA New","Individuals"
"1","2028404","730-68-60-82-600-000","CLOSD","3214 Fox Chase Road, Chesterfield VA 23112","23112","Chesterfield","Single Family Residence","11/10/2020","$319,950","$315,000","11","Resale (occupied at least once)","1977","Brandermill","2,441","0.28","5","2.1","Public Water","Community - Sewer/Septic","Conventional","Individuals"
"1","2028381","C007-0161-004","CLOSD","6406 Windcroft Road, Richmond City VA 23225","23225","Richmond City","Single Family Residence","11/10/2020","$184,900","$190,000","5","Resale (occupied at least once)","1965","Warwick Acres","1,061","0.21","3","2.0","Public Water","Community - Sewer/Septic","Conventional","Individuals"
"1","2025292","722-65-77-11-700-000","CLOSD","11512 Avening Road, Chesterfield VA 23832","23832","Chesterfield","Single Family Residence","11/10/2020","$349,400","$356,456","2","New (never occupied)","2020","Willow Creek","2,788","0.33","4","2.1","Public Water","Sewer - Public","Conventional","Corporate"
"1","2023282","708-67-23-65-600-000","CLOSD","16825 White Daisy Loop, Chesterfield VA 23120","23120","Chesterfield","Single Family Residence","11/10/2020","$454,900","$450,000","5","Resale (occupied at least once)","2015","Magnolia Green","3,262","0.29","4","2.1","Public Water","Sewer - Public","Conventional","Individuals"
"1","2015273","747682435600000","CLOSD","10672 Braden Woods Court #UnitTD, Chesterfield VA 23832","23832","Chesterfield","Townhouse","11/10/2020","$251,165","$252,460","4","New (never occupied)","2020","Braden Townes","1,576","","3","2.1","Public Water","Sewer - Public","Conventional","Corporate"
"1","2008813","26-56","CLOSD","15200 Cooks Mill Road, New Kent VA 23089","23089","New Kent","Single Family Residence","11/10/2020","$374,900","$383,400","181","New (never occupied)","2020","None","2,088","2.03","3","2.0","Well","Septic - Conventional","Conventional","Partnership"
"1","2014250","811-731-0581","CLOSD","3909 Seasons Lane, Henrico VA 23223","23223","Henrico","Single Family Residence","11/10/2020","$264,280","$264,280","0","New (never occupied)","2020","Kensington Meadows","1,561","","3","2.1","Public Water","Sewer - Public","Conventional","Corporate"
"1","2026841","742-739-2861","CLOSD","9800 Brooks Hall Place, Henrico VA 23238","23238","Henrico","Single Family Residence","11/10/2020","$724,500","$740,000","5","Resale (occupied at least once)","1998","Riverlake Colony","3,586","1.21","5","3.1","Public Water","Sewer - Public","Conventional","Individuals"
"1","2029857","767-741-7903","CLOSD","1720 Devers Road, Henrico VA 23226","23226","Henrico","Single Family Residence","11/10/2020","$239,900","$230,000","4","Resale (occupied at least once)","1949","Westhaven","1,224","0.22","3","1.0","Public Water","Sewer - Public","VHDA ","Individuals"
"1","2026584","790-65-82-79-000-000","CLOSD","3809 Terjo Lane, Chesterfield VA 23831","23831","Chesterfield","Single Family Residence","11/10/2020","$232,000","$229,400","6","Resale (occupied at least once)","1980","Terjo Village","2,511","0.44","4","3.0","Public Water","Septic - Conventional","Cash","Individuals"
"1","2017059","780-772-8754","CLOSD","10824 Ashton Poole Place, Henrico VA 23059","23059","Henrico","Townhouse","11/10/2020","$324,365","$333,495","22","New (never occupied)","2020","River Mill","1,755","","3","2.1","Public Water","Sewer - Public","FHA New","Corporate"
"1","2029783","W000-1366-037","CLOSD","3020 Patterson Avenue #UnitU5, Richmond City VA 23221","23221","Richmond City","Condominium","11/10/2020","$165,000","$165,000","9","Resale (occupied at least once)","1924","None","500","0.01","1","1.0","Public Water","Sewer - Public","Conventional","Individuals"
"1","2025157","821-728-7503","CLOSD","120 Beauregard Avenue, Henrico VA 23075","23075","Henrico","Single Family Residence","11/10/2020","$189,950","$193,000","7","Resale (occupied at least once)","1965","Confederate Terrace","1,844","0.49","4","2.0","Public Water","Sewer - Public","VHDA/FHA","Individuals"
"1","2024786","809-734-3111","CLOSD","3413 Logan Hill Place, Henrico VA 23223","23223","Henrico","Single Family Residence","11/10/2020","$312,500","$307,500","7","Resale (occupied at least once)","2003","Clarendon Woods","3,258","0.22","4","2.1","Public Water","Sewer - Public","Conventional","Individuals"
"1","2022929","790-64-23-66-300-000","CLOSD","4608 Oak Hollow Road, Chesterfield VA 23831","23831","Chesterfield","Single Family Residence","11/10/2020","$294,950","$295,950","8","Resale (occupied at least once)","1994","Stoney Glen","2,360","0.29","4","2.1","Public Water","Sewer - Public","VA New","Individuals"
"1","2019799","7870-66-6723","CLOSD","301 Carter Forest Drive, Hanover VA 23005","23005","Hanover","Single Family Residence","11/10/2020","$399,999","$382,000","81","Resale (occupied at least once)","2009","Carters Hill","2,410","","4","2.1","Public Water","Sewer - Public","FHA New","Estate"
"1","2028416","719-72-08-69-400-000","CLOSD","2801 Founders Bridge Road, Chesterfield VA 23113","23113","Chesterfield","Single Family Residence","11/10/2020","$750,000","$750,000","6","Resale (occupied at least once)","2003","Founders Bridge","4,129","0.63","5","4.1","Public Water","Sewer - Public","Cash","Individuals"
"1","2026829","735-748-2227","CLOSD","11805 Sussex Square Drive, Henrico VA 23238","23238","Henrico","Townhouse","11/10/2020","$300,000","$280,000","12","Resale (occupied at least once)","1980","Sussex Square","2,256","0.13","4","3.1","Public Water","Sewer - Public","Conventional","Individuals"
"1","2030317","736-69-69-72-500-000","CLOSD","1312 Manders Knoll Court, Chesterfield VA 23114","23114","Chesterfield","Single Family Residence","11/10/2020","$220,000","$231,000","5","Resale (occupied at least once)","1983","Smoketree South","1,146","0.21","3","2.0","Public Water","Sewer - Public","Conventional","Individuals"
"1","2030250","743-750-2475","CLOSD","10311 Maremont Drive, Henrico VA 23238","23238","Henrico","Single Family Residence","11/10/2020","$360,000","$370,000","4","Resale (occupied at least once)","1979","Raintree","2,242","0.28","4","2.1","Public Water","Sewer - Public","Conventional","Individuals"
"1","2032214","C009-0252-044","CLOSD","3112 Maurice Avenue, Richmond City VA 23224","23224","Richmond City","Single Family Residence","11/10/2020","$79,950","$80,000","7","Resale (occupied at least once)","1948","Mcguire Village","720","0.29","2","1.0","Public Water","Sewer - Public","Cash","Individuals"
"1","2030601","737-69-49-01-100-000","CLOSD","11901 Porters Mill Place, Chesterfield VA 23114","23114","Chesterfield","Single Family Residence","11/10/2020","$231,500","$238,000","3","Resale (occupied at least once)","1993","Smoketree South","1,440","0.31","3","2.1","Public Water","Sewer - Public","Conventional","Individuals"
"1","2030437","790-61-43-78-900-000","CLOSD","20315 Stonewood Manor Drive, Chesterfield VA 23803","23803","Chesterfield","Single Family Residence","11/10/2020","$150,500","$150,500","3","Resale (occupied at least once)","1990","Stonewood Manor","936","0.49","3","1.0","Public Water","Sewer - Public","Conventional","Individuals"
"1","2030334","776-770-0791","CLOSD","11606 Bent Pine Road, Henrico VA 23059","23059","Henrico","Single Family Residence","11/10/2020","$375,000","$381,000","5","Resale (occupied at least once)","1959","None","3,120","2.12","4","3.2","Well","Septic - Conventional","Conventional","Individuals"
"1","2030174","S006-0372-023","CLOSD","1018 West 46th Street, Richmond City VA 23225","23225","Richmond City","Single Family Residence","11/10/2020","$379,000","$372,000","6","Resale (occupied at least once)","1943","Forest Hill Terrace","1,691","0.17","3","2.0","Public Water","Sewer - Public","Conventional","Individuals"
"1","2030115","726-70-05-42-100-000","CLOSD","13823 Gorham Lane, Chesterfield VA 23114","23114","Chesterfield","Single Family Residence","11/10/2020","$350,000","$350,000","2","Resale (occupied at least once)","2006","Hawthorne Village","2,619","0.12","4","2.1","Public Water","Sewer - Public","Conventional","Individuals"
"1","2029995","8725-36-4131","CLOSD","6393 Harbour Mist Lane, Hanover VA 23111","23111","Hanover","Single Family Residence","11/10/2020","$371,950","$380,000","3","Resale (occupied at least once)","2003","Sherrington","2,876","0.27","4","2.1","Public Water","Sewer - Public","Conventional","Individuals"
"1","2029937","793-64-13-91-400-000","CLOSD","3619 Alderwood Way, Chesterfield VA 23831","23831","Chesterfield","Single Family Residence","11/10/2020","$259,000","$267,000","2","Resale (occupied at least once)","1999","Ashley Forest","2,157","0.70","4","2.1","Public Water","Sewer - Public","VA New","Individuals"
"1","2029904","733-755-8852","CLOSD","2619 Kleindale Drive, Henrico VA 23233","23233","Henrico","Single Family Residence","11/10/2020","$359,950","$380,000","5","Resale (occupied at least once)","1993","Cross Timbers","1,905","0.56","4","2.1","Public Water","Sewer - Public","Conventional","Individuals"
"1","2029895","782-764-9245","CLOSD","10133 Berrymeade Hills Terrace, Henrico VA 23060","23060","Henrico","Single Family Residence","11/10/2020","$250,000","$266,000","3","Resale (occupied at least once)","1998","Berrymeade","1,552","0.19","3","2.1","Public Water","Sewer - Public","Conventional","Individuals"
"1","2029892","830-713-5324","CLOSD","319 Sandston Avenue, Henrico VA 23150","23150","Henrico","Single Family Residence","11/10/2020","$169,950","$175,000","8","Resale (occupied at least once)","1959","Lee Park","1,116","0.23","3","1.0","Public Water","Sewer - Public","FHA New","Individuals"
"1","2029853","E000-0532-025","CLOSD","2802 East Franklin Street, Richmond City VA 23223","23223","Richmond City","Single Family Residence","11/10/2020","$499,000","$525,000","4","Resale (occupied at least once)","1894","None","2,049","0.04","3","2.0","Public Water","Sewer - Public","Conventional","Individuals"
"1","2029263","747-67-84-41-400-000","CLOSD","10500 Rollingway Court, Chesterfield VA 23832","23832","Chesterfield","Single Family Residence","11/10/2020","$195,000","$200,000","4","Resale (occupied at least once)","1981","Sunnybrook","1,040","0.40","3","1.0","Public Water","Sewer - Public","Conventional","Individuals"
"1","2029131","766-759-4241","CLOSD","9433 Willow Ridge Drive, Henrico VA 23060","23060","Henrico","Single Family Residence","11/10/2020","$314,950","$325,000","3","Resale (occupied at least once)","2000","Hungary Ridge","1,690","0.20","3","2.1","Public Water","Sewer - Public","Conventional","Individuals"
"1","2029088","743-68-43-37-500-000","CLOSD","3517 Banana Lane, Chesterfield VA 23112","23112","Chesterfield","Townhouse","11/10/2020","$275,000","$280,000","5","Resale (occupied at least once)","2016","Genito Townes","1,936","0.10","3","2.1","Public Water","Sewer - Public","Conventional","Individuals"
"1","2029072","8714-79-2616","CLOSD","7990 Willow Avenue, Hanover VA 23111","23111","Hanover","Single Family Residence","11/10/2020","$229,950","$235,000","5","Resale (occupied at least once)","1962","Spring Meadows","1,250","0.34","3","1.1","Public Water","Sewer - Public","Conventional","Individuals"
"1","2029061","753-71-72-05-600-000","CLOSD","2355 Brookwood Road, Chesterfield VA 23235","23235","Chesterfield","Single Family Residence","11/10/2020","$399,000","$431,000","5","Resale (occupied at least once)","1973","Brookwood","2,216","0.62","3","2.0","Public Water","Sewer - Public","Conventional","Individuals"
"1","2028847","773-66-87-44-600-000","CLOSD","6310 Leisure Terrace, Chesterfield VA 23237","23237","Chesterfield","Single Family Residence","11/10/2020","$189,950","$210,000","13","Resale (occupied at least once)","1990","The Park","1,336","0.22","3","2.0","Public Water","Sewer - Public","Conventional","Individuals"
"1","2028504","774-744-3490.104","CLOSD","7 Snughaven Road #Unit7, Henrico VA 23228","23228","Henrico","Condominium","11/10/2020","$98,500","$98,500","2","Resale (occupied at least once)","1962","Hamlet Condominium","923","0.02","2","1.1","Public Water","Sewer - Public","Conventional","Individuals"
"1","2028374","730-69-74-74-000-000","CLOSD","1524 Kingscross Road, Chesterfield VA 23114","23114","Chesterfield","Single Family Residence","11/10/2020","$360,000","$365,000","3","Resale (occupied at least once)","1985","Queensmill","2,362","0.49","5","2.1","Public Water","Sewer - Public","Conventional","Individuals"
"1","2028357","W000-1704-109","CLOSD","407 North Hamilton Street #UnitUH, Richmond City VA 23221","23221","Richmond City","Condominium","11/10/2020","$224,500","$230,000","1","Resale (occupied at least once)","1962","Mount Vernon Condominiums","880","8.50","2","1.1","Public Water","Sewer - Public","Other","Individuals"
"1","2028214","765-742-0801","CLOSD","6912 Horsepen Road, Henrico VA 23226","23226","Henrico","Single Family Residence","11/10/2020","$325,000","$325,000","14","Resale (occupied at least once)","2001","Charles Glen","1,707","0.21","3","2.1","Public Water","Sewer - Public","Conventional","Individuals"
"1","2027659","N000-2346-015","CLOSD","1207 Stanhope Avenue, Richmond City VA 23227","23227","Richmond City","Single Family Residence","11/10/2020","$299,000","$316,000","2","Resale (occupied at least once)","1933","Bellevue Court","1,764","0.16","4","1.0","Public Water","Sewer - Public","Conventional","Individuals"
"1","2027625","W020-0082-017","CLOSD","5001 West Franklin Street, Richmond City VA 23226","23226","Richmond City","Single Family Residence","11/10/2020","$325,000","$330,000","2","Resale (occupied at least once)","1964","Patterson Place","1,033","0.16","2","1.0","Public Water","Sewer - Public","Conventional","Individuals"
"1","2026206","723-70-46-12-900-009","CLOSD","1020 Westwood Village Way #Unit303, Chesterfield VA 23114","23114","Chesterfield","Condominium","11/10/2020","$279,500","$275,000","16","Resale (occupied at least once)","2013","Westwood Village At Charter Colony","1,658","0.25","2","2.0","Public Water","Sewer - Public","Conventional","Individuals"
"1","2024381","756-68-48-86-500-000","CLOSD","8937 South Boones Trail Road, Chesterfield VA 23236","23236","Chesterfield","Single Family Residence","11/10/2020","$250,000","$256,000","18","Resale (occupied at least once)","1984","Fernbrook","1,763","0.34","3","2.1","Public Water","Sewer - Public","Conventional","Individuals"
"1","2023863","710-66-34-27-000-000","CLOSD","16400 Aklers Court, Chesterfield VA 23832","23832","Chesterfield","Single Family Residence","11/10/2020","$415,000","$415,000","59","Resale (occupied at least once)","2018","Harpers Mill","2,738","0.30","4","2.1","Public Water","Sewer - Public","Conventional","Individuals"
"1","2023347","746-748-4803","CLOSD","1652 Heritage Hill Drive, Henrico VA 23238","23238","Henrico","Townhouse","11/10/2020","$224,950","$224,000","55","Resale (occupied at least once)","1982","Heritage Hill Raintree","1,920","0.04","4","2.0","Public Water","Sewer - Public","Conventional","Individuals"
"1","2022603","780-772-1047","CLOSD","10844 Ashton Poole Place, Henrico VA 23059","23059","Henrico","Townhouse","11/10/2020","$314,810","$314,810","62","New (never occupied)","2020","River Mill","1,517","","3","2.1","Public Water","Sewer - Public","Conventional","Corporate"
"1","2022198","27-16-0-4-0","CLOSD","4852 River Road W, Goochland VA 23063","23063","Goochland","Single Family Residence","11/10/2020","$319,950","$322,200","22","New (never occupied)","2020","None","1,818","3.02","3","2.1","Well","Septic - Conventional","FHA New","Corporate"
"1","2015800","749-744-5270","CLOSD","9205 Farmington Drive, Henrico VA 23229","23229","Henrico","Single Family Residence","11/10/2020","$284,900","$270,000","101","Resale (occupied at least once)","1958","Farmington","1,953","0.30","4","2.0","Public Water","Sewer - Public","Conventional","Estate"
"1","2009239","738678025500000","CLOSD","12525 Wescott Drive, Chesterfield VA 23112","23112","Chesterfield","Townhouse","11/10/2020","$270,675","$291,775","60","New (never occupied)","2020","Wescott","2,080","","3","2.1","Public Water","Sewer - Public","Conventional","Corporate"
"1","2027356","C0040306036","CLOSD","3408 Northview Place, Richmond City VA 23225","23225","Richmond City","Single Family Residence","11/11/2020","$389,000","$405,000","6","Resale (occupied at least once)","1962","Windsorview","3,235","0.35","4","3.0","Public Water","Sewer - Public","Conventional","Individuals"
"1","2026931","712-68-36-33-100-000","CLOSD","16430 Inchcape Road, Chesterfield VA 23120","23120","Chesterfield","Single Family Residence","11/11/2020","$394,900","$400,000","26","Resale (occupied at least once)","1999","Beckenham","3,080","0.57","4","2.1","Public Water","Sewer - Public","Conventional","Individuals"
"1","2028176","720-67-80-07-100-000","CLOSD","5501 Chestnut Bluff Road, Chesterfield VA 23112","23112","Chesterfield","Single Family Residence","11/11/2020","$314,950","$318,800","16","Resale (occupied at least once)","1990","Woodlake","1,902","0.22","4","2.1","Public Water","Sewer - Public","Conventional","Individuals"
"1","2025556","823-725-5600","CLOSD","105 North Holly Avenue, Henrico VA 23075","23075","Henrico","Single Family Residence","11/11/2020","$145,000","$145,000","4","Resale (occupied at least once)","1937","Highland Springs","1,104","0.20","2","1.0","Public Water","Sewer - Public","VHDA/FHA","Individuals"
"1","2025190","to be determined","CLOSD","15756 Mosaic Creek Boulevard, Goochland VA 23238","23238","Goochland","Single Family Residence","11/11/2020","$446,423","$446,423","0","New (never occupied)","2020","Mosaic at West Creek","1,999","","3","3.0","Public Water","Sewer - Public","Conventional","Corporate"
"1","2024694","to be determined","CLOSD","5020 Berkley Mill Drive #Unit15-5, Chesterfield VA 23831","23831","Chesterfield","Townhouse","11/11/2020","$244,990","$250,865","15","New (never occupied)","2020","Iron Mill Section 1","1,630","","3","2.1","Public Water","Sewer - Public","Conventional","Corporate"
"1","2027670","W000-1329-005","CLOSD","1105 Sunset Avenue, Richmond City VA 23221","23221","Richmond City","Single Family Residence","11/11/2020","$849,000","$840,000","7","Resale (occupied at least once)","1963","William Byrd","3,192","0.34","4","3.1","Public Water","Sewer - Public","Cash","Individuals"
"1","2027714","W019-0265-006","CLOSD","4409 Stuart Avenue, Richmond City VA 23221","23221","Richmond City","Single Family Residence","11/11/2020","$749,900","$749,900","5","Resale (occupied at least once)","1950","Colonial Place","2,747","0.17","4","3.1","Public Water","Sewer - Public","Conventional","Individuals"
"1","2032349","C005-0869-002","CLOSD","725 Boroughbridge Road, Richmond City VA 23225","23225","Richmond City","Single Family Residence","11/11/2020","$219,950","$235,000","5","Resale (occupied at least once)","1956","Forest View Heights","900","0.35","2","2.0","Public Water","Sewer - Public","Cash","Individuals"
"1","2029952","27-10-0-1-0","CLOSD","2300 Hobby Hill Drive, Goochland VA 23063","23063","Goochland","Single Family Residence","11/11/2020","$269,700","$269,700","2","Resale (occupied at least once)","1996","None","1,760","2.56","3","2.1","Well","Septic - Conventional","Conventional","Individuals"
"1","2029770","845-717-6254","CLOSD","3210 Meadow Road, Henrico VA 23150","23150","Henrico","Single Family Residence","11/11/2020","$235,000","$246,500","5","Resale (occupied at least once)","1973","Green Meadows","1,555","1.05","3","2.0","Well","Septic - Alternative","Cash","Individuals"
"1","2029348","029B-10-12","CLOSD","2125 Flint Hill Road, Powhatan VA 23139","23139","Powhatan","Single Family Residence","11/11/2020","$415,000","$415,000","8","Resale (occupied at least once)","1999","Flint Hill","2,224","2.08","4","2.1","Well","Septic - Conventional","Conventional","Individuals"
"1","2029082","W019-0238-017","CLOSD","4111 Kensington Avenue, Richmond City VA 23221","23221","Richmond City","Single Family Residence","11/11/2020","$599,950","$651,000","6","Resale (occupied at least once)","1938","None","2,601","0.21","4","3.1","Public Water","Community - Sewer/Septic","Conventional","Individuals"
"1","2015145","to be determined","CLOSD","12236 Haydon Place #Unit16-2, Chesterfield VA 23113","23113","Chesterfield","Townhouse","11/11/2020","$267,515","$267,200","10","New (never occupied)","2020","Hartford Hill Townes","1,759","","4","3.1","Public Water","Sewer - Public","Conventional","Corporate"
"1","2029705","E000-0434-022","CLOSD","605 North 26th Street, Richmond City VA 23223","23223","Richmond City","Single Family Residence","11/12/2020","$359,950","$359,950","2","Resale (occupied at least once)","1900","None","1,750","0.06","2","1.1","Public Water","Sewer - Public","Conventional","Corporate"
"1","2026943","756-741-8980","CLOSD","1205 Santa Anna Road, Henrico VA 23229","23229","Henrico","Single Family Residence","11/12/2020","$250,000","$252,000","10","Resale (occupied at least once)","1952","Beverly Hills","1,360","0.25","3","1.0","Public Water","Sewer - Public","Conventional","Individuals"
"1","2019874","7796-66-7193","CLOSD","9001 Airwell Court, Hanover VA 23116","23116","Hanover","Single Family Residence","11/12/2020","$414,990","$414,990","0","New (never occupied)","2020","Giles Farm","2,114","","4","2.1","Public Water","Sewer - Public","Conventional","Corporate"
"1","2021105","708-67-59-35-500-000","CLOSD","6430 Cassia Loop, Chesterfield VA 23120","23120","Chesterfield","Townhouse","11/12/2020","$299,990","$299,990","65","New (never occupied)","2020","Wynwood at Foxcreek","1,826","","4","3.1","Public Water","Sewer - Public","Conventional","Corporate"
"1","2027005","744-67-67-58-200-000","CLOSD","10212 Sandy Ridge Drive, Chesterfield VA 23832","23832","Chesterfield","Single Family Residence","11/12/2020","$359,950","$364,450","28","Resale (occupied at least once)","2018","Browns Bluff - Colony Pointe","2,797","0.30","4","3.1","Public Water","Sewer - Public","Conventional","Individuals"
"1","2030989","741-68-73-24-600-000","CLOSD","11902 Rimswell Terrace, Chesterfield VA 23112","23112","Chesterfield","Single Family Residence","11/12/2020","$300,000","$305,000","4","Resale (occupied at least once)","2010","Walnut Grove","1,853","0.28","4","2.1","Public Water","Sewer - Public","FHA New","Individuals"
"1","2027558","753-751-0553","CLOSD","1920 Barribee Lane, Henrico VA 23229","23229","Henrico","Single Family Residence","11/12/2020","$315,000","$315,000","16","Resale (occupied at least once)","1965","Three Chopt Estates","1,925","0.26","4","2.1","Public Water","Sewer - Public","Conventional","Individuals"
"1","2027021","720-67-92-05-800-000","CLOSD","5316 Chestnut Bluff Terrace, Chesterfield VA 23112","23112","Chesterfield","Single Family Residence","11/12/2020","$295,500","$295,500","4","Resale (occupied at least once)","1993","Woodlake","2,027","0.19","4","2.1","Public Water","Sewer - Public","FHA New","Individuals"
"1","2010056","817655504100000","CLOSD","12728 Prestonfield Drive #UnitI-D, Chesterfield VA 23836","23836","Chesterfield","Townhouse","11/12/2020","$280,675","$280,675","0","New (never occupied)","2020","Rivers Bend","1,768","","3","2.1","Public Water","Sewer - Public","VA New","Corporate"
"1","2023521","757-69-85-12-500-000","CLOSD","1512 Dusk Court, Chesterfield VA 23235","23235","Chesterfield","Single Family Residence","11/12/2020","$291,888","$291,888","10","New (never occupied)","2020","Twilight Landing","2,246","0.40","4","2.1","Public Water","Sewer - Public","FHA New","Corporate"
"1","2028094","809-64-30-72-100-000","CLOSD","14637 Grand Forest Terrace, Chesterfield VA 23834","23834","Chesterfield","Single Family Residence","11/12/2020","$389,900","$389,974","3","Resale (occupied at least once)","2003","Southcreek","3,842","0.42","6","4.0","Public Water","Sewer - Public","VA New","Individuals"
"1","2027486","N000-1161-013","CLOSD","904 Milton Street, Richmond City VA 23222","23222","Richmond City","Single Family Residence","11/12/2020","$296,500","$280,000","30","Resale (occupied at least once)","1930","Highland Park Addition","1,514","0.06","3","2.0","Public Water","Sewer - Public","Conventional","Individuals"
"1","2029268","N016-0134-015","CLOSD","3602 North Avenue, Richmond City VA 23222","23222","Richmond City","Single Family Residence","11/12/2020","$249,888","$256,000","3","Resale (occupied at least once)","1946","Edgewood","1,260","0.14","3","1.1","Public Water","Sewer - Public","Conventional","Individuals"
"1","2025127","007-20E","CLOSD","3702 Jefferson Landing Road, Powhatan VA 23139","23139","Powhatan","Single Family Residence","11/12/2020","$199,950","$199,950","25","Resale (occupied at least once)","1990","None","1,008","1.00","3","1.0","Well","Septic - Conventional","FHA New","Corporate"
"1","2017219","779-68-16-92-500-000","CLOSD","6547 Creekrun Drive, Chesterfield VA 23234","23234","Chesterfield","Single Family Residence","11/12/2020","$224,950","$224,950","5","Resale (occupied at least once)","1977","Watch Run","1,788","0.22","4","2.0","Public Water","Sewer - Public","FHA New","Individuals"
"1","2013827","716-69-50-43-800-000","CLOSD","2224 Apperly Terrace, Chesterfield VA 23112","23112","Chesterfield","Single Family Residence","11/12/2020","$600,000","$634,419","0","New (never occupied)","2020","Newmarket","3,600","0.28","5","4.1","Public Water","Sewer - Public","Conventional","Corporate"
"1","2025533","721-67-21-67-700-006","CLOSD","112 Water Pointe Court, Chesterfield VA 23112","23112","Chesterfield","Condominium","11/12/2020","$194,800","$194,800","9","Resale (occupied at least once)","1986","Water Pointe Condo","1,152","2.46","2","2.0","Public Water","Sewer - Public","Conventional","Individuals"
"1","2028510","744-68-78-08-800-000","CLOSD","2901 Speeks Drive, Chesterfield VA 23112","23112","Chesterfield","Single Family Residence","11/12/2020","$228,500","$230,000","12","Resale (occupied at least once)","1992","William Gwyn Estates","1,554","0.22","3","2.0","Public Water","Sewer - Public","FHA New","Individuals"
"1","2029200","W000-1783-016","CLOSD","3900 Park Avenue, Richmond City VA 23221","23221","Richmond City","Single Family Residence","11/12/2020","$650,000","$645,000","19","Resale (occupied at least once)","1930","None","2,595","0.12","3","3.1","Public Water","Sewer - Public","Conventional","Individuals"
"1","2027490","827-717-7058","CLOSD","209 Naglee Avenue, Henrico VA 23150","23150","Henrico","Single Family Residence","11/12/2020","$124,950","$135,000","3","Resale (occupied at least once)","1940","Sandston","868","0.16","2","1.0","Public Water","Community - Sewer/Septic","Conventional","Individuals"
"1","2026605","760-70-46-83-800-000","CLOSD","7925 Clovertree Court, Chesterfield VA 23235","23235","Chesterfield","Single Family Residence","11/12/2020","$189,900","$185,000","14","Resale (occupied at least once)","1984","Providence Court","1,000","0.20","3","2.0","Public Water","Sewer - Public","FHA New","Corporate"
"1","2023525","33B8-1C1-49","CLOSD","5781 Regal Lane, New Kent VA 23140","23140","New Kent","Single Family Residence","11/12/2020","$364,950","$373,421","14","New (never occupied)","2020","Brickshire","2,265","","3","2.0","Public Water","Sewer - Public","Conventional","Corporate"
"1","2007702","TBD","CLOSD","Evington Lane, Hanover VA 23005","23005","Hanover","Single Family Residence","11/12/2020","$415,999","$462,618","2","New (never occupied)","2020","Lauradell","2,177","","3","2.1","Public Water","Sewer - Public","VA New","Corporate"
"1","2004024","K07-1771-2076","CLOSD","7864 James Field Manor, New Kent VA 23141","23141","New Kent","Single Family Residence","11/12/2020","$256,080","$256,080","220","New (never occupied)","2020","Kingsfield","1,362","0.54","3","2.0","Well","Septic - Conventional","Conventional","Corporate"
"1","2015916","E000-0622-026","CLOSD","1313 North 27th Street, Richmond City VA 23223","23223","Richmond City","Single Family Residence","11/12/2020","$192,000","$192,000","12","New (never occupied)","2018","None","1,866","","4","3.0","Public Water","Sewer - Public","FHA New","Corporate"
"1","2029848","757-69-84-89-800-000","CLOSD","8603 Middle Road, Chesterfield VA 23235","23235","Chesterfield","Single Family Residence","11/12/2020","$179,500","$189,000","6","Resale (occupied at least once)","1979","Pocoshock Subd","980","0.18","3","2.0","Public Water","Sewer - Public","FHA New","Individuals"
"1","2030679","N000-0973-007","CLOSD","3016 Garland Avenue, Richmond City VA 23222","23222","Richmond City","Single Family Residence","11/12/2020","$199,900","$207,500","3","Resale (occupied at least once)","1924","Brookland Park","1,564","0.12","3","2.1","Public Water","Sewer - Public","Conventional","Individuals"
"1","2016303","814649696900000","CLOSD","207 Mason Orchard Drive, Chesterfield VA 23836","23836","Chesterfield","Single Family Residence","11/12/2020","$317,565","$317,565","0","New (never occupied)","2020","Bermuda Orchard","1,671","","3","2.0","Public Water","Sewer - Public","Conventional","Corporate"
"1","2026213","757-70-34-28-600-000","CLOSD","8620 Woodward Drive, Chesterfield VA 23236","23236","Chesterfield","Single Family Residence","11/12/2020","$240,000","$264,000","6","Resale (occupied at least once)","1970","Brookfield","1,448","0.36","3","2.0","Public Water","Sewer - Public","FHA New","Partnership"
"1","2029435","7797-59-6567","CLOSD","9453 Indianfield Drive, Hanover VA 23116","23116","Hanover","Single Family Residence","11/12/2020","$475,000","$480,000","1","Resale (occupied at least once)","2003","Milestone","3,910","0.41","6","4.0","Public Water","Sewer - Public","VA New","Individuals"
"1","2030930","770-66-38-58-700-000","CLOSD","6912 Fox Green, Chesterfield VA 23832","23832","Chesterfield","Townhouse","11/12/2020","$165,000","$167,000","4","Resale (occupied at least once)","1988","Branchs Trace","1,224","0.04","2","1.1","Public Water","Sewer - Public","FHA New","Individuals"
"1","2029951","C006-0571-062","CLOSD","1791 Clarkson Road, Richmond City VA 23224","23224","Richmond City","Single Family Residence","11/12/2020","$205,000","$205,000","2","Resale (occupied at least once)","2005","Woodstock Community","1,792","0.17","4","2.1","Public Water","Sewer - Public","Conventional","Corporate"
"1","2028469","745-69-93-81-900-000","CLOSD","710 Clearlake Court, Chesterfield VA 23236","23236","Chesterfield","Single Family Residence","11/12/2020","$329,000","$329,000","9","Resale (occupied at least once)","1974","Lake Crystal Farms","2,498","0.61","4","3.0","Public Water","Septic - Conventional","FHA New","Individuals"
"1","2028065","778-744-0663","CLOSD","2806 Battery Avenue, Henrico VA 23228","23228","Henrico","Single Family Residence","11/12/2020","$264,950","$285,250","4","Resale (occupied at least once)","1978","Battery Park","1,876","0.26","3","1.2","Public Water","Sewer - Public","Conventional","Individuals"
"1","2030504","798-65-03-05-000-000","CLOSD","2841 Pine Meadows Circle, Chesterfield VA 23831","23831","Chesterfield","Single Family Residence","11/12/2020","$205,000","$215,000","4","Resale (occupied at least once)","1986","Craddock Point","1,320","0.29","3","2.0","Public Water","Sewer - Public","Conventional","Estate"
"1","2018690","830-715-4004","CLOSD","407 East Williamsburg Road, Henrico VA 23150","23150","Henrico","Single Family Residence","11/12/2020","$237,100","$237,100","36","New (never occupied)","2020","Lee Park","1,640","0.26","4","2.1","Public Water","Sewer - Public","FHA New","Corporate"
"1","2029837","845-718-6421","CLOSD","2800 Malbrook Lane, Henrico VA 23150","23150","Henrico","Single Family Residence","11/12/2020","$299,950","$299,950","3","Resale (occupied at least once)","1971","Green Meadows","2,492","1.06","3","2.1","Well","Septic - Conventional","Conventional","Individuals"
"1","2030840","S000-1233-027","CLOSD","3013 Forest Hill Avenue, Richmond City VA 23225","23225","Richmond City","Single Family Residence","11/12/2020","$199,950","$216,600","3","Resale (occupied at least once)","1926","Fonticello Park","1,022","0.14","2","1.0","Public Water","Sewer - Public","Conventional","Corporate"
"1","2030677","S000-0249-018","CLOSD","503 West 19th Street, Richmond City VA 23225","23225","Richmond City","Single Family Residence","11/12/2020","$289,950","$310,000","4","Resale (occupied at least once)","1920","Bellevue","1,520","0.07","3","2.1","Public Water","Sewer - Public","Conventional","Individuals"
"1","2030846","775-748-2302","CLOSD","3010 Putney Road, Henrico VA 23228","23228","Henrico","Single Family Residence","11/12/2020","$226,000","$237,000","6","Resale (occupied at least once)","1976","Ruthland","1,146","0.16","3","1.1","Public Water","Sewer - Public","Conventional","Individuals"
"1","2010600","742-779-5570.031","CLOSD","10816 Dominion Fairways Drive, Henrico VA 23059","23059","Henrico","Condominium","11/12/2020","$465,000","$441,000","179","Resale (occupied at least once)","2000","Fairways At Wyndham","3,333","0.15","4","2.1","Public Water","Sewer - Public","FHA New","Individuals"
"1","2030797","W019-0248-022","CLOSD","4518 Stuart Avenue, Richmond City VA 23221","23221","Richmond City","Single Family Residence","11/12/2020","$550,000","$557,000","6","Resale (occupied at least once)","1939","Colonial Place","2,400","0.18","4","2.1","Public Water","Sewer - Public","Conventional","Individuals"
"1","2029418","755-739-6672","CLOSD","8202 SHELLEY Road, Henrico VA 23229","23229","Henrico","Single Family Residence","11/12/2020","$399,950","$400,000","8","Resale (occupied at least once)","1953","West University Heights","1,656","0.34","3","2.0","Public Water","Sewer - Public","Conventional","Individuals"
"1","2025941","7825-21-2793","CLOSD","18104 Pets Lane, Hanover VA 23015","23015","Hanover","Single Family Residence","11/12/2020","$349,950","$360,000","20","Resale (occupied at least once)","2002","None","1,530","15.12","3","2.0","Well","Septic - Conventional","VA New","Individuals"
"1","2020293","E000-0328-020","CLOSD","702 North 21st Street, Richmond City VA 23223","23223","Richmond City","Single Family Residence","11/12/2020","$310,000","$310,000","72","Resale (occupied at least once)","1900","None","1,325","0.06","2","2.1","Public Water","Sewer - Public","Conventional","Individuals"
"1","2029651","8706-95-1551","CLOSD","9328 Blacksmith Drive, Hanover VA 23116","23116","Hanover","Single Family Residence","11/12/2020","$340,000","$340,000","3","Resale (occupied at least once)","1987","Rural Point","1,504","1.00","3","2.0","Public Water","Septic - Conventional","Conventional","Individuals"
"1","2022053","715-69-47-06-900-000","CLOSD","2301 Farham Lane, Chesterfield VA 23112","23112","Chesterfield","Single Family Residence","11/12/2020","$584,900","$575,000","64","Resale (occupied at least once)","2018","Newmarket","4,092","0.33","4","4.0","Public Water","Sewer - Public","Conventional","Corporate"
"1","2031398","754-70-71-78-900-000","CLOSD","9125 Redington Drive, Chesterfield VA 23235","23235","Chesterfield","Single Family Residence","11/12/2020","$265,000","$275,000","3","Resale (occupied at least once)","1966","Brighton Green","2,352","0.37","4","2.0","Public Water","Sewer - Public","Conventional","Individuals"
"1","2027915","774662271200000","CLOSD","9811 Brenspark Road, Chesterfield VA 23832","23832","Chesterfield","Single Family Residence","11/12/2020","$215,000","$213,000","9","Resale (occupied at least once)","1989","Courthouse Woods","1,500","0.27","4","2.0","Public Water","Sewer - Public","FHA New","Individuals"
"1","2032434","S000-3054-009","CLOSD","1104 West 42nd Street, Richmond City VA 23225","23225","Richmond City","Single Family Residence","11/12/2020","$325,000","$339,000","6","Resale (occupied at least once)","1920","Forest Hill Park Land Co","1,462","0.17","3","2.0","Public Water","Sewer - Public","Cash","Individuals"
"1","2032206","732-753-0425","CLOSD","12323 Sir James Court, Henrico VA 23233","23233","Henrico","Townhouse","11/12/2020","$175,000","$165,000","6","Resale (occupied at least once)","1984","Olde Gayton Townhouses","1,091","0.04","2","1.0","Public Water","Sewer - Public","Cash","Individuals"
"1","2031865","761-68-82-75-100-000","CLOSD","8005 Sussex Place, Chesterfield VA 23832","23832","Chesterfield","Single Family Residence","11/12/2020","$169,950","$165,000","1","Resale (occupied at least once)","1981","Sussex Estate","1,248","0.30","3","1.1","Public Water","Sewer - Public","Cash","Individuals"
"1","2031356","737-66-93-54-000-000","CLOSD","12308 Penny Bridge Drive, Chesterfield VA 23112","23112","Chesterfield","Single Family Residence","11/12/2020","$345,000","$350,000","2","Resale (occupied at least once)","2007","Bayhill Pointe","2,341","0.40","3","2.0","Public Water","Sewer - Public","Cash","Individuals"
"1","2031078","751-71-60-68-900-000","CLOSD","9635 Iredell Road, Chesterfield VA 23235","23235","Chesterfield","Single Family Residence","11/12/2020","$389,000","$400,000","3","Resale (occupied at least once)","1966","Cambridge","2,412","0.49","4","2.1","Public Water","Sewer - Public","Conventional","Individuals"
"1","2031016","732-748-8110","CLOSD","1800 Cambridge Court, Henrico VA 23238","23238","Henrico","Townhouse","11/12/2020","$194,900","$206,000","3","Resale (occupied at least once)","1972","Tuckahoe Village W. Townhouses","1,320","0.04","3","1.2","Public Water","Sewer - Public","Conventional","Individuals"
"1","2030878","747-71-49-63-500-000","CLOSD","2258 Early Settlers Road, Chesterfield VA 23235","23235","Chesterfield","Single Family Residence","11/12/2020","$239,950","$245,000","5","Resale (occupied at least once)","1978","Settlers Landing","1,500","0.21","3","2.1","Public Water","Sewer - Public","FHA New","Individuals"
"1","2030844","S000-2917-028","CLOSD","4019 Crutchfield Street, Richmond City VA 23225","23225","Richmond City","Single Family Residence","11/12/2020","$210,000","$230,000","2","Resale (occupied at least once)","1953","Forest Hill Park Annex","941","0.29","3","1.0","Public Water","Sewer - Public","Conventional","Individuals"
"1","2030623","827-65-75-61-800-000","CLOSD","12505 Mount Blanco Court, Chesterfield VA 23836","23836","Chesterfield","Single Family Residence","11/12/2020","$309,900","$309,900","2","Resale (occupied at least once)","2013","Mount Blanco On The James","2,126","0.55","3","2.1","Public Water","Septic - Conventional","Cash","Individuals"
"1","2030458","791-66-24-51-700-000","CLOSD","10929 Timonium Drive, Chesterfield VA 23831","23831","Chesterfield","Single Family Residence","11/12/2020","$174,950","$180,000","2","Resale (occupied at least once)","1986","Mineola","1,056","0.29","3","1.1","Public Water","Sewer - Public","Cash","Individuals"
"1","2030388","C005-0327-008","CLOSD","6539 Hagueman Drive, Richmond City VA 23225","23225","Richmond City","Single Family Residence","11/12/2020","$260,000","$285,000","3","Resale (occupied at least once)","1958","Westlake Hills","1,419","0.29","3","1.1","Public Water","Sewer - Public","Conventional","Corporate"
"1","2030368","732-71-80-29-000-000","CLOSD","2731 Bosham Lane, Chesterfield VA 23113","23113","Chesterfield","Single Family Residence","11/12/2020","$315,000","$317,000","0","Resale (occupied at least once)","1981","Powderham","2,424","1.03","3","2.1","Public Water","Sewer - Public","Conventional","Individuals"
"1","2030200","809-726-1846","CLOSD","4200 Riding Place Road, Henrico VA 23223","23223","Henrico","Townhouse","11/12/2020","$204,990","$213,000","4","Resale (occupied at least once)","2008","Kingsbridge","1,452","0.06","3","2.1","Public Water","Sewer - Public","Conventional","Individuals"
"1","2029787","N000-1636-012","CLOSD","3610 Montrose Avenue, Richmond City VA 23222","23222","Richmond City","Single Family Residence","11/12/2020","$400,000","$400,000","6","Resale (occupied at least once)","2019","Wrights Park","1,920","0.21","3","2.1","Public Water","Sewer - Public","Conventional","Individuals"
"1","2029728","765-757-9433","CLOSD","8605 Millstream Drive, Henrico VA 23228","23228","Henrico","Townhouse","11/12/2020","$220,000","$225,000","4","Resale (occupied at least once)","2004","Millspring Townes","1,440","0.04","3","2.1","Public Water","Sewer - Public","Conventional","Individuals"
"1","2029726","8714-50-3714","CLOSD","7236 Snaffle Lane, Hanover VA 23111","23111","Hanover","Single Family Residence","11/12/2020","$235,000","$235,000","0","Resale (occupied at least once)","1989","Bruce Estates","1,344","0.61","4","2.0","Public Water","Sewer - Public","Conventional","Individuals"
"1","2029604","859-706-6849","CLOSD","5176 Windsor Road, Henrico VA 23150","23150","Henrico","Single Family Residence","11/12/2020","$229,950","$235,000","3","Resale (occupied at least once)","1973","Windsor","1,352","1.04","3","1.1","Well","Septic - Conventional","USDA","Individuals"
"1","2029337","019-25","CLOSD","3222 Bourbon Lane, Powhatan VA 23139","23139","Powhatan","Single Family Residence","11/12/2020","$120,000","$95,000","2","Resale (occupied at least once)","1960","None","992","3.57","2","1.0","Well","Septic - Conventional","Other","Individuals"
"1","2029204","C001-1100-086","CLOSD","3102 Lake Terrace Court #Unit81, Richmond City VA 23235","23235","Richmond City","Condominium","11/12/2020","$135,000","$135,000","6","Resale (occupied at least once)","1996","Summerhill At Stony Point Condo","910","0.02","2","1.0","Public Water","Sewer - Public","Conventional","Individuals"
"1","2028946","N017-0134-014","CLOSD","4827 East Seminary Avenue, Richmond City VA 23227","23227","Richmond City","Single Family Residence","11/12/2020","$400,000","$395,000","3","Resale (occupied at least once)","1938","North Ginter Park","1,757","0.17","3","2.1","Public Water","Sewer - Public","Conventional","Individuals"
"1","2028936","C003-0146-011","CLOSD","2815 Bicknell Road, Richmond City VA 23235","23235","Richmond City","Single Family Residence","11/12/2020","$394,950","$417,000","5","Resale (occupied at least once)","2015","Oxford","2,000","0.56","3","2.1","Public Water","Sewer - Public","Conventional","Individuals"
"1","2028888","710-67-24-19-300-000","CLOSD","6819 Winters Prey Trail, Chesterfield VA 23120","23120","Chesterfield","Single Family Residence","11/12/2020","$489,900","$500,000","2","Resale (occupied at least once)","2010","Foxcreek","3,733","0.34","5","3.1","Public Water","Sewer - Public","Conventional","Individuals"
"1","2028673","743-750-4098","CLOSD","10305 Maremont Drive, Henrico VA 23238","23238","Henrico","Single Family Residence","11/12/2020","$399,000","$395,000","7","Resale (occupied at least once)","1979","Raintree","2,516","0.29","4","2.1","Public Water","Sewer - Public","FHA New","Individuals"
"1","2028453","762-775-9736","CLOSD","3125 Friars Walk Lane, Henrico VA 23059","23059","Henrico","Townhouse","11/12/2020","$259,900","$260,000","8","Resale (occupied at least once)","2002","The Townes At Hunton Park","1,596","0.07","3","2.1","Public Water","Sewer - Public","Conventional","Individuals"
"1","2028322","19  12     C","CLOSD","3194 Quaker Woods Drive, New Kent VA 23141","23141","New Kent","Single Family Residence","11/12/2020","$799,900","$785,000","4","Resale (occupied at least once)","2008","None","4,730","15.01","6","4.2","Well","Septic - Conventional","Conventional","Individuals"
"1","2027775","765-64-49-30-800-000","CLOSD","8218 Baniff Drive, Chesterfield VA 23838","23838","Chesterfield","Single Family Residence","11/12/2020","$400,000","$406,000","2","Resale (occupied at least once)","2001","The Highlands","3,200","1.12","5","3.1","Public Water","Septic - Conventional","Conventional","Individuals"
"1","2027772","771-736-2305.005","CLOSD","1211 Byrd Avenue #Unit50, Henrico VA 23226","23226","Henrico","Condominium","11/12/2020","$619,500","$605,000","11","Resale (occupied at least once)","2008","Monument Square Condo","2,434","0.06","4","4.1","Public Water","Sewer - Public","VA New","Individuals"
"1","2027540","C004-0738-024","CLOSD","2900 Vesper Road, Richmond City VA 23225","23225","Richmond City","Single Family Residence","11/12/2020","$250,000","$250,000","14","Resale (occupied at least once)","1964","Lochaven","1,626","0.26","3","1.1","Public Water","Sewer - Public","FHA New","Individuals"
"1","2027510","732-67-16-66-200-000","CLOSD","6900 Holly Bark Drive, Chesterfield VA 23112","23112","Chesterfield","Single Family Residence","11/12/2020","$229,500","$235,000","2","Resale (occupied at least once)","1990","Spring Trace","1,228","0.39","3","2.0","Public Water","Sewer - Public","FHA New","Individuals"
"1","2027127","750-69-91-92-800-000","CLOSD","713 Rosegill Road, Chesterfield VA 23236","23236","Chesterfield","Single Family Residence","11/12/2020","$255,000","$255,000","29","Resale (occupied at least once)","1976","The Meadows","1,818","0.27","3","2.0","Public Water","Sewer - Public","FHA New","Individuals"
"1","2026571","C004-0544-075","CLOSD","2956 Hathaway Road #UnitU703, Richmond City VA 23225","23225","Richmond City","Condominium","11/12/2020","$275,000","$275,000","2","Resale (occupied at least once)","1972","Hathaway Tower Condominiums","1,379","0.03","2","2.0","Public Water","Sewer - Public","Cash","Individuals"
"1","2026547","061A-1-10B","CLOSD","2572 Butterwood Circle, Powhatan VA 23139","23139","Powhatan","Single Family Residence","11/12/2020","$359,900","$359,000","5","Resale (occupied at least once)","1998","Butterwood Creek","2,100","6.09","3","2.1","Well","Septic - Conventional","Conventional","Individuals"
"1","2026537","746-763-1465","CLOSD","4400 Duncan Park Lane, Henrico VA 23060","23060","Henrico","Townhouse","11/12/2020","$328,500","$326,000","5","Resale (occupied at least once)","2016","Duncan Park","1,800","0.06","3","3.1","Public Water","Sewer - Public","Conventional","Individuals"
"1","2026057","708-68-27-76-800-000","CLOSD","16907 Broadmoor Road, Chesterfield VA 23120","23120","Chesterfield","Single Family Residence","11/12/2020","$425,000","$425,000","5","Resale (occupied at least once)","2016","Westerleigh","3,094","0.24","4","3.0","Public Water","Sewer - Public","Conventional","Individuals"
"1","2025962","716-66-56-65-700-000","CLOSD","8213 Hartridge Drive, Chesterfield VA 23832","23832","Chesterfield","Single Family Residence","11/12/2020","$469,950","$457,500","36","Resale (occupied at least once)","2018","Harpers Mill","3,544","0.29","5","3.1","Public Water","Sewer - Public","Conventional","Individuals"
"1","2024747","743-759-0178","CLOSD","555 Geese Landing, Henrico VA 23060","23060","Henrico","Townhouse","11/12/2020","$419,000","$409,000","40","Resale (occupied at least once)","2010","West Broad Village","2,234","0.04","3","3.1","Public Water","Sewer - Public","Conventional","Individuals"
"1","2024595","W000-0816-012","CLOSD","1807 Hanover Avenue, Richmond City VA 23220","23220","Richmond City","Single Family Residence","11/12/2020","$769,950","$785,000","24","Resale (occupied at least once)","1903","None","2,808","0.07","3","2.1","Public Water","Sewer - Public","Conventional","Individuals"
"1","2024592","735-748-1111","CLOSD","11805 Rochampton Square, Henrico VA 23238","23238","Henrico","Townhouse","11/12/2020","$232,000","$231,400","26","Resale (occupied at least once)","1980","Sussex Square","1,270","0.12","2","2.0","Public Water","Sewer - Public","Conventional","Individuals"
"1","2021782","797-712-4450","CLOSD","5104 Old Main Street, Henrico VA 23231","23231","Henrico","Townhouse","11/12/2020","$749,500","$749,500","20","Resale (occupied at least once)","2018","Village Of Rocketts Landing","3,376","0.03","4","2.3","Public Water","Sewer - Public","Cash","Individuals"
"1","2019669","773-62-16-64-700-000","CLOSD","7433 Hickory Road, Chesterfield VA 23803","23803","Chesterfield","Single Family Residence","11/12/2020","$249,900","$249,900","20","Resale (occupied at least once)","1920","Nash Grove","2,232","4.07","5","2.1","Public Water","Septic - Conventional","VA New","Individuals"
"1","2015274","747682455400000","CLOSD","10666 Braden Woods Court #UnitTE, Chesterfield VA 23832","23832","Chesterfield","Townhouse","11/12/2020","$263,065","$264,260","15","New (never occupied)","2020","Braden Townes","1,567","","3","2.1","Public Water","Sewer - Public","VA New","Corporate"
"1","2012924","N000-0405-009","CLOSD","2005 Rose Avenue, Richmond City VA 23222","23222","Richmond City","Single Family Residence","11/12/2020","$374,900","$374,900","163","New (never occupied)","2020","None","2,170","0.07","3","2.1","Public Water","Sewer - Public","Conventional","Corporate"
"1","2012334","Not Yet Assigned","CLOSD","14007 Mosaic Nook, Goochland VA 23238","23238","Goochland","Townhouse","11/12/2020","$356,950","$365,490","0","New (never occupied)","2020","Mosaic at West Creek","2,081","","3","3.0","Public Water","Sewer - Public","Conventional","Corporate"
"1","2009237","738678055600000","CLOSD","12521 Wescott Drive, Chesterfield VA 23112","23112","Chesterfield","Townhouse","11/12/2020","$271,675","$275,590","78","New (never occupied)","2020","Wescott","2,080","","3","2.1","Public Water","Sewer - Public","Conventional","Corporate"
"501","2008810","28B1-6-16","CLOSD","2844 Maple Lake Circle, Powhatan VA 23139","23139","Powhatan","Single Family Residence","11/12/2020","$559,950","$557,000","202","New (never occupied)","2020","Maple Grove","3,323","2.73","4","3.0","Well","Septic - Conventional","Conventional","Corporate"
"501","2022495","720-72-07-21-900-000","CLOSD","14313 Winter Ridge Lane, Chesterfield VA 23113","23113","Chesterfield","Single Family Residence","11/13/2020","$339,900","$350,000","55","Resale (occupied at least once)","1981","Winterfield Ridge","2,867","2.51","4","3.0","Public Water","Septic - Conventional","VA New","Individuals"
"501","2013068","744-72-41-19-200-000","CLOSD","10801 Victoria Circle, Chesterfield VA 23113","23113","Chesterfield","Single Family Residence","11/13/2020","$499,950","$499,950","65","Resale (occupied at least once)","1984","Huguenot Hundred","2,732","1.18","5","2.1","Well","Septic - Conventional","Conventional","Individuals"
"501","2023933","E000-0964-006","CLOSD","1015 Oakwood Avenue, Richmond City VA 23223","23223","Richmond City","Single Family Residence","11/13/2020","$324,900","$327,900","18","Resale (occupied at least once)","1915","Chimborazo","1,980","0.09","4","2.1","Public Water","Sewer - Public","Conventional","Individuals"
"501","2029224","W000-0935-025","CLOSD","2118 Lakeview Avenue, Richmond City VA 23220","23220","Richmond City","Single Family Residence","11/13/2020","$425,000","$482,500","5","Resale (occupied at least once)","1924","None","1,592","0.06","3","2.1","Public Water","Sewer - Public","Conventional","Individuals"
"501","2020727","759-65-43-45-100-000","CLOSD","11019 Whistling Swan Place, Chesterfield VA 23838","23838","Chesterfield","Single Family Residence","11/13/2020","$599,950","$583,750","12","Resale (occupied at least once)","1990","Woodland Pond","3,330","1.70","4","2.1","Public Water","Septic - Conventional","Conventional","Individuals"
"501","2019323","N000-1037-040","CLOSD","3201 Fendall Avenue, Richmond City VA 23222","23222","Richmond City","Single Family Residence","11/13/2020","$404,900","$400,000","51","Resale (occupied at least once)","1922","Brightwood","1,960","0.16","4","3.0","Public Water","Sewer - Public","Conventional","Corporate"
"501","2025704","747-62-42-74-000-000","CLOSD","15743 Pypers Pointe Drive, Chesterfield VA 23838","23838","Chesterfield","Single Family Residence","11/13/2020","$260,000","$267,000","4","Resale (occupied at least once)","2005","Rivers Trace","1,700","3.89","3","2.1","Public Water","Community - Sewer/Septic, Septic - Conventional","FHA New","Individuals"
"501","2014585","764-68-71-21-100-000","CLOSD","7409 Winding Creek Lane, Chesterfield VA 23832","23832","Chesterfield","Single Family Residence","11/13/2020","$329,000","$326,000","5","Resale (occupied at least once)","1988","Creekwood","3,118","0.53","4","2.1","Public Water","Sewer - Public","Conventional","Individuals"
"501","2009509","E000-0001-069","CLOSD","1101 Haxall Point #UnitU602, Richmond City VA 23219","23219","Richmond City","Condominium","11/13/2020","$425,000","$425,000","174","Resale (occupied at least once)","2005","Riverside On The James","1,173","0.03","2","2.0","Public Water","Sewer - Public","Conventional","Individuals"
"501","2030439","755-68-41-40-000-000","CLOSD","5007 Cane Mill Lane, Chesterfield VA 23236","23236","Chesterfield","Single Family Residence","11/13/2020","$252,000","$257,000","5","Resale (occupied at least once)","2000","Fernbrook","1,884","0.32","4","2.1","Public Water","Sewer - Public","FHA New","Individuals"
"501","2014881","735-71-82-23-200-000","CLOSD","12500 Robious Road, Chesterfield VA 23113","23113","Chesterfield","Single Family Residence","11/13/2020","$379,900","$379,900","71","Resale (occupied at least once)","1972","River Oaks","3,055","1.00","5","3.0","Public Water","Septic - Conventional","Conventional","Individuals"
"501","2025228","C008-1265-019","CLOSD","4320 Bathgate Road, Richmond City VA 23234","23234","Richmond City","Single Family Residence","11/13/2020","$239,950","$246,000","4","Resale (occupied at least once)","2006","Adams Park","1,872","0.35","3","2.1","Public Water","Sewer - Public","Conventional","Individuals"
"501","2027393","W000-1772-013","CLOSD","3907 Grove Avenue, Richmond City VA 23221","23221","Richmond City","Single Family Residence","11/13/2020","$349,000","$357,200","4","Resale (occupied at least once)","1952","Grove Avenue Crest","1,677","0.18","3","2.1","Public Water","Sewer - Public","VA New","Partnership"
"501","2028496","735-67-51-49-000-076","CLOSD","4928 Terrace Arbor Circle #Unit76, Chesterfield VA 23112","23112","Chesterfield","Condominium","11/13/2020","$290,000","$290,000","17","Resale (occupied at least once)","2006","Terraces At Swift Creek","2,223","24.92","3","2.1","Public Water","Sewer - Public","Conventional","Individuals"
"501","2029664","758-70-07-73-400-000","CLOSD","8301 Elkhardt Road, Chesterfield VA 23235","23235","Chesterfield","Single Family Residence","11/13/2020","$264,950","$275,000","5","Resale (occupied at least once)","1970","None","2,055","1.63","3","2.0","Public Water","Sewer - Public","Conventional","Individuals"
"501","2031362","767-69-07-13-200-000","CLOSD","6900 Summers Trace Terrace, Chesterfield VA 23832","23832","Chesterfield","Single Family Residence","11/13/2020","$225,000","$230,000","2","Resale (occupied at least once)","2006","Windy Creek","1,922","0.42","4","2.1","Public Water","Sewer - Public","Conventional","Individuals"
"501","2028175","761-741-8643","CLOSD","1104 West Durwood Crescent, Henrico VA 23229","23229","Henrico","Single Family Residence","11/13/2020","$599,000","$610,000","10","Resale (occupied at least once)","1952","Sunset Hills","3,395","0.49","4","2.0","Public Water","Sewer - Public","Conventional","Individuals"
"501","2024552","710-67-76-35-100-000","CLOSD","6261 Strongbow Drive, Chesterfield VA 23120","23120","Chesterfield","Single Family Residence","11/13/2020","$519,000","$533,000","54","Resale (occupied at least once)","2017","Foxcreek","3,288","0.28","4","3.1","Public Water","Sewer - Public","Conventional","Individuals"
"501","2025488","23   5     D","CLOSD","9295 Ordinary Lane, New Kent VA 23124","23124","New Kent","Single Family Residence","11/13/2020","$339,950","$339,950","48","Resale (occupied at least once)","1999","None","2,723","3.53","4","2.1","Well","Septic - Conventional","Conventional","Individuals"
"501","2015900","821-724-2272","CLOSD","109 South Cedar Avenue, Henrico VA 23075","23075","Henrico","Single Family Residence","11/13/2020","$184,950","$185,000","10","Resale (occupied at least once)","1950","Highland Springs","1,260","0.24","3","2.0","Public Water","Sewer - Public","FHA New","Individuals"
"501","2031083","E000-0333-027","CLOSD","715 North 24th Street, Richmond City VA 23223","23223","Richmond City","Single Family Residence","11/13/2020","$249,900","$260,000","8","Resale (occupied at least once)","1915","None","1,220","0.06","3","2.0","Public Water","Sewer - Public","Conventional","Individuals"
"501","2030916","751-745-3600","CLOSD","1410 Blue Jay Lane, Henrico VA 23229","23229","Henrico","Single Family Residence","11/13/2020","$275,000","$278,000","5","Resale (occupied at least once)","1957","Greenbrier Hills","1,088","0.49","3","1.1","Public Water","Sewer - Public","Conventional","Individuals"
"501","2030383","E000-2817-004","CLOSD","1407 Williamsburg Road, Richmond City VA 23231","23231","Richmond City","Single Family Residence","11/13/2020","$179,999","$203,000","4","Resale (occupied at least once)","1925","Waverly Place","1,370","0.08","3","1.1","Public Water","Sewer - Public","Conventional","Individuals"
"501","2030261","796-61-45-36-300-000","CLOSD","20312 College Park Avenue, Chesterfield VA 23803","23803","Chesterfield","Single Family Residence","11/13/2020","$249,500","$250,000","5","Resale (occupied at least once)","1969","College Park","2,080","0.23","5","2.0","Public Water","Sewer - Public","VA New","Individuals"
"501","2029741","706-67-47-72-100-000","CLOSD","6931 Fox Brush Trail, Chesterfield VA 23120","23120","Chesterfield","Single Family Residence","11/13/2020","$369,500","$372,000","6","Resale (occupied at least once)","2012","Magnolia Green","2,688","0.25","4","2.1","Public Water","Sewer - Public","Conventional","Individuals"
"501","2029063","742-69-13-17-600-000","CLOSD","2531 Providence Creek Road, Chesterfield VA 23236","23236","Chesterfield","Single Family Residence","11/13/2020","$269,950","$280,000","5","Resale (occupied at least once)","1991","Providence Creek","2,095","0.39","4","2.1","Public Water","Sewer - Public","VHDA/FHA","Individuals"
"501","2028591","7831-20-9222","CLOSD","15354 Saint Peters Church Road, Hanover VA 23192","23192","Hanover","Single Family Residence","11/13/2020","$170,000","$170,000","5","Resale (occupied at least once)","1969","None","1,104","0.50","4","1.0","Well","Septic - Conventional","FHA New","Individuals"
"501","2028563","S000-0234-043","CLOSD","1803 Maury Street, Richmond City VA 23224","23224","Richmond City","Single Family Residence","11/13/2020","$200,000","$200,000","0","Resale (occupied at least once)","2007","Goose Creek In Blackwell Sec 1","1,864","","3","2.0","Public Water","Sewer - Public","Conventional","Other"
"501","2028543","8724-20-8352","CLOSD","6376 Sledds Lake Road, Hanover VA 23111","23111","Hanover","Single Family Residence","11/13/2020","$224,950","$228,000","5","Resale (occupied at least once)","1989","Sledd Run","1,208","0.36","3","2.0","Public Water","Sewer - Public","VA New","Individuals"
"501","2028398","740-66-10-26-600-000","CLOSD","10010 Qualla Road, Chesterfield VA 23832","23832","Chesterfield","Single Family Residence","11/13/2020","$525,000","$530,000","2","New (never occupied)","2020","None","3,602","","4","3.1","Well","Septic - Conventional","Conventional","Individuals"
"501","2027180","10  10     1A","CLOSD","10335 Tunstall Road, New Kent VA 23124","23124","New Kent","Single Family Residence","11/13/2020","$389,950","$386,000","23","Resale (occupied at least once)","2008","None","1,804","18.73","3","2.1","Well","Septic - Conventional","VA New","Individuals"
"501","2027128","C001-1230-044","CLOSD","3351 Corley Home Drive, Richmond City VA 23235","23235","Richmond City","Single Family Residence","11/13/2020","$544,950","$515,000","15","Resale (occupied at least once)","1780","Villas At Archer Springs","3,081","0.49","4","3.2","Public Water","Sewer - Public","Conventional","Individuals"
"501","2026975","8775-08-3334","CLOSD","8409 Green Retirement Lane, Hanover VA 23111","23111","Hanover","Single Family Residence","11/13/2020","$529,950","$515,000","35","Resale (occupied at least once)","1999","Cedar Ridge","3,616","12.90","5","4.0","Well","Septic - Conventional","Conventional","Individuals"
"501","2026913","794-63-53-69-500-000","CLOSD","3741 Harrow Drive, Chesterfield VA 23831","23831","Chesterfield","Single Family Residence","11/13/2020","$255,000","$255,000","28","Resale (occupied at least once)","1987","Windsor Hills","1,442","0.29","3","2.0","Public Water","Sewer - Public","FHA New","Individuals"
"501","2022772","N000-1165-005","CLOSD","3416 Enslow Avenue, Richmond City VA 23222","23222","Richmond City","Single Family Residence","11/13/2020","$249,000","$245,000","45","Resale (occupied at least once)","1910","Highland Park","1,900","0.23","3","2.1","Public Water","Sewer - Public","VA New","Individuals"
"501","2028733","725-71-46-39-300-000","CLOSD","2300 Albion Road, Chesterfield VA 23113","23113","Chesterfield","Single Family Residence","11/13/2020","$465,000","$475,000","0","Resale (occupied at least once)","1980","Salisbury","3,382","0.73","5","3.1","Public Water","Sewer - Public","Conventional","Individuals"
"501","1920306","782-763-2396","CLOSD","1402 Cole Boulevard, Henrico VA 23060","23060","Henrico","Single Family Residence","11/13/2020","$304,334","$300,000","395","New (never occupied)","2020","Longdale","1,599","1.07","3","2.1","Public Water","Sewer - Public","FHA New","Corporate"
"501","2030974","765-68-53-42-700-000","CLOSD","7155 Barkbridge Road, Chesterfield VA 23832","23832","Chesterfield","Single Family Residence","11/13/2020","$275,000","$294,000","3","Resale (occupied at least once)","1979","Pennwood","2,691","0.50","5","3.1","Public Water","Sewer - Public","Conventional","Individuals"
"501","2024011","W000-0650-053","CLOSD","507 South Allen Avenue, Richmond City VA 23220","23220","Richmond City","Single Family Residence","11/13/2020","$325,000","$325,000","18","Resale (occupied at least once)","2005","Randolph West","1,860","0.12","3","2.1","Public Water","Sewer - Public","Conventional","Individuals"
"501","2031137","820-715-3730","CLOSD","4905 Gilmour Road, Henrico VA 23150","23150","Henrico","Single Family Residence","11/13/2020","$180,000","$195,000","3","Resale (occupied at least once)","1957","Sanburne Park","1,416","0.36","3","1.0","Public Water","Sewer - Public","FHA New","Individuals"
"501","2026030","717-66-81-00-700-000","CLOSD","7813 Falling Hill Terrace, Chesterfield VA 23832","23832","Chesterfield","Single Family Residence","11/13/2020","$269,900","$269,900","7","Resale (occupied at least once)","2001","Ashbrook","1,736","0.26","3","2.1","Public Water","Sewer - Public","USDA","Individuals"
"501","2009295","756692378800000","CLOSD","2325 Elkview Drive, Chesterfield VA 23236","23236","Chesterfield","Single Family Residence","11/13/2020","$298,950","$306,270","78","New (never occupied)","2020","Bexley","2,480","","4","3.0","Public Water","Sewer - Public","FHA New","Corporate"
"501","2027445","738-70-06-40-700-000","CLOSD","11801 Pleasanthill Court, Chesterfield VA 23236","23236","Chesterfield","Single Family Residence","11/13/2020","$259,900","$270,000","4","Resale (occupied at least once)","1981","Smoketree","1,728","0.26","3","2.1","Public Water","Sewer - Public","FHA New","Individuals"
"501","2025223","6893-81-5373","CLOSD","16072 Hopeful Church Road, Hanover VA 23024","23024","Hanover","Single Family Residence","11/13/2020","$285,000","$295,000","51","Resale (occupied at least once)","1989","None","1,812","2.00","3","2.1","Well","Septic - Conventional","Conventional","Individuals"
"501","2030537","752-761-8462","CLOSD","6204 Joseph Way, Henrico VA 23060","23060","Henrico","Single Family Residence","11/13/2020","$424,900","$440,000","3","Resale (occupied at least once)","2000","Woodberry","2,820","0.54","5","2.1","Public Water","Sewer - Public","Conventional","Individuals"
"501","2028914","8725-74-5217","CLOSD","8215 Perryville Court, Hanover VA 23111","23111","Hanover","Single Family Residence","11/13/2020","$295,000","$288,000","30","Resale (occupied at least once)","1990","Battlefield Green","1,850","0.21","4","2.1","Public Water","Sewer - Public","VHDA/FHA","Individuals"
"501","2030528","W019-0260-040","CLOSD","4632 Hanover Avenue, Richmond City VA 23226","23226","Richmond City","Single Family Residence","11/13/2020","$449,400","$450,000","10","Resale (occupied at least once)","1938","Colonial Place","1,720","0.18","4","2.0","Public Water","Sewer - Public","Conventional","Individuals"
"501","2028968","8744-05-4148","CLOSD","7527 Madison Estates Drive, Hanover VA 23111","23111","Hanover","Single Family Residence","11/13/2020","$509,000","$509,000","11","Resale (occupied at least once)","2011","Madison Estates","2,853","1.05","4","2.1","Well","Septic - Conventional","Conventional","Individuals"
"501","2020390","706-67-32-89-700-000","CLOSD","6973 Fox Brush Trail, Chesterfield VA 23120","23120","Chesterfield","Single Family Residence","11/13/2020","$395,500","$390,000","80","Resale (occupied at least once)","2011","Magnolia Green","3,250","0.26","4","2.1","Public Water","Sewer - Public","VA New","Individuals"
"501","2030704","726-68-81-65-000-000","CLOSD","13910 Autumn Woods Road, Chesterfield VA 23112","23112","Chesterfield","Single Family Residence","11/13/2020","$235,000","$243,250","3","Resale (occupied at least once)","1980","Brandermill","1,984","0.25","4","2.1","Public Water","Sewer - Public","Conventional","Individuals"
"501","2028870","768-751-9251","CLOSD","7812 Wistar Village Drive, Henrico VA 23228","23228","Henrico","Single Family Residence","11/13/2020","$275,000","$258,000","13","Resale (occupied at least once)","1970","Wistar Village","2,112","0.37","4","2.1","Public Water","Sewer - Public","Cash","Estate"
"501","2028854","779-67-08-76-700-000","CLOSD","5030 Sir Sagamore Drive, Chesterfield VA 23237","23237","Chesterfield","Single Family Residence","11/13/2020","$259,950","$280,000","6","Resale (occupied at least once)","1987","Kingsland Woods","2,293","0.26","4","2.1","Public Water","Sewer - Public","Conventional","Individuals"
"501","2025577","812-64-87-81-400-000","CLOSD","1501 Chaplin Bay Drive, Chesterfield VA 23836","23836","Chesterfield","Single Family Residence","11/13/2020","$413,990","$407,500","28","Resale (occupied at least once)","2008","Ramblewood Forest","3,759","0.59","5","3.1","Public Water","Sewer - Public","Conventional","Individuals"
"501","2022627","735-70-63-37-800-070","CLOSD","12307 Carnoustie Lane #UnitB1, Chesterfield VA 23236","23236","Chesterfield","Condominium","11/13/2020","$289,777","$280,000","61","Resale (occupied at least once)","2003","Fairways Villas","1,948","15.92","2","2.0","Public Water","Sewer - Public","Conventional","Estate"
"501","2029725","W000-0946-026","CLOSD","2120 Floyd Avenue, Richmond City VA 23220","23220","Richmond City","Single Family Residence","11/13/2020","$595,000","$585,000","8","Resale (occupied at least once)","1910","None","2,416","0.05","3","2.1","Public Water","Sewer - Public","Conventional","Individuals"
"501","2032065","710-67-62-58-800-000","CLOSD","16520 Thornapple Alley, Chesterfield VA 23120","23120","Chesterfield","Townhouse","11/13/2020","$282,000","$278,000","12","Resale (occupied at least once)","2019","Wynwood at Foxcreek","1,556","0.06","3","2.1","Public Water","Sewer - Public","Cash","Individuals"
"501","2031508","763-65-06-63-700-000","CLOSD","8231 Seaview Drive, Chesterfield VA 23838","23838","Chesterfield","Single Family Residence","11/13/2020","$409,000","$422,000","4","Resale (occupied at least once)","1999","The Highlands","3,094","1.84","4","3.1","Public Water","Septic - Conventional","Conventional","Individuals"
"501","2031254","C004-0377-010","CLOSD","7329 Longview Court, Richmond City VA 23225","23225","Richmond City","Single Family Residence","11/13/2020","$315,000","$350,000","4","Resale (occupied at least once)","1986","Rockfalls","2,000","0.97","3","2.1","Public Water","Sewer - Public","Conventional","Individuals"
"501","2031121","744-71-97-00-000-000","CLOSD","3011 Fincastle Court, Chesterfield VA 23113","23113","Chesterfield","Single Family Residence","11/13/2020","$415,000","$430,000","3","Resale (occupied at least once)","1981","Ramsgate","2,757","0.90","4","2.1","Public Water","Sewer - Public","Conventional","Individuals"
"501","2030947","8724-88-2165","CLOSD","6305 Greystone Creek Road, Hanover VA 23111","23111","Hanover","Single Family Residence","11/13/2020","$255,000","$263,000","4","Resale (occupied at least once)","2002","Pebble Creek","1,430","0.18","3","2.0","Public Water","Sewer - Public","Conventional","Individuals"
"501","2030692","720-66-92-33-200-000","CLOSD","7606 Broadreach Drive, Chesterfield VA 23832","23832","Chesterfield","Single Family Residence","11/13/2020","$193,000","$201,505","10","Resale (occupied at least once)","1986","Ashbrook","1,498","0.22","3","2.1","Public Water","Sewer - Public","Cash","REO"
"501","2030617","759-738-0994","CLOSD","7726 Brookside Road, Henrico VA 23229","23229","Henrico","Single Family Residence","11/13/2020","$469,000","$505,000","7","Resale (occupied at least once)","1951","Westham","2,454","0.30","3","2.1","Public Water","Sewer - Public","Conventional","Individuals"
"501","2030543","709-68-52-65-200-000","CLOSD","4306 Nevil Bend Lane, Chesterfield VA 23120","23120","Chesterfield","Single Family Residence","11/13/2020","$460,000","$460,000","0","Resale (occupied at least once)","2008","Summer Lake","4,086","0.40","5","3.1","Public Water","Sewer - Public","FHA New Assumption","Individuals"
"501","2030445","773-68-94-64-000-000","CLOSD","5400 Sherman Place, Chesterfield VA 23234","23234","Chesterfield","Single Family Residence","11/13/2020","$210,000","$215,000","4","Resale (occupied at least once)","1977","Whale Rock","1,644","1.07","4","2.0","Public Water","Sewer - Public","Conventional","Individuals"
"501","2030316","750-754-9620","CLOSD","10009 Dulaney Court, Henrico VA 23233","23233","Henrico","Townhouse","11/13/2020","$215,000","$215,000","0","Resale (occupied at least once)","1984","Ruxton","1,530","0.06","3","2.1","Public Water","Sewer - Public","Conventional","Individuals"
"501","2030209","786-751-7121","CLOSD","5605 Moss Side Avenue, Henrico VA 23227","23227","Henrico","Single Family Residence","11/13/2020","$299,950","$300,000","8","Resale (occupied at least once)","2019","Club Court","1,296","0.21","3","2.0","Public Water","Sewer - Public","Cash","Individuals"
"501","2030204","042A-3H-6","CLOSD","1610 Dogwood Road, Powhatan VA 23139","23139","Powhatan","Single Family Residence","11/13/2020","$324,900","$328,500","7","Resale (occupied at least once)","2016","Holly Hills","1,817","0.59","3","2.0","Well","Septic - Alternative","Conventional","Individuals"
"501","2029972","748-70-86-81-000-000","CLOSD","10120 Venango Lane, Chesterfield VA 23236","23236","Chesterfield","Single Family Residence","11/13/2020","$275,000","$280,000","6","Resale (occupied at least once)","1969","Pocono","2,418","0.34","4","2.1","Public Water","Sewer - Public","Conventional","Individuals"
"501","2029840","8716-50-5080","CLOSD","7272 Hardtack Road, Hanover VA 23116","23116","Hanover","Townhouse","11/13/2020","$235,000","$235,000","6","Resale (occupied at least once)","2009","The Bluffs At Bell Creek","1,512","0.05","3","2.1","Public Water","Sewer - Public","Cash","Individuals"
"501","2029825","769-69-43-67-000-000","CLOSD","3102 Kim Drive, Chesterfield VA 23224","23224","Chesterfield","Townhouse","11/13/2020","$169,900","$180,000","7","Resale (occupied at least once)","2005","Ashley Village","1,292","0.04","3","2.1","Public Water","Sewer - Public","Conventional","Individuals"
"501","2029685","E000-0562-013","CLOSD","1202 North 27th Street, Richmond City VA 23223","23223","Richmond City","Single Family Residence","11/13/2020","$405,000","$407,500","15","Resale (occupied at least once)","2018","None","2,272","0.10","3","2.1","Public Water","Sewer - Public","Conventional","Individuals"
"501","2029577","781-767-1374","CLOSD","10037 Scotts Ridge Court, Henrico VA 23059","23059","Henrico","Single Family Residence","11/13/2020","$324,000","$324,000","3","Resale (occupied at least once)","1999","Magnolia Ridge","1,932","0.23","4","2.1","Public Water","Sewer - Public","Conventional","Estate"
"501","2029551","7880-83-0239","CLOSD","10713 Providence Park Drive, Hanover VA 23005","23005","Hanover","Single Family Residence","11/13/2020","$449,950","$449,950","7","Resale (occupied at least once)","2015","Providence","3,403","0.24","4","3.1","Public Water","Sewer - Public","Conventional","Individuals"
"501","2029480","33B13 32M  39","CLOSD","4854 Brandon Pines Drive, New Kent VA 23140","23140","New Kent","Single Family Residence","11/13/2020","$549,950","$549,950","4","Resale (occupied at least once)","2007","Brickshire","4,662","0.55","5","3.1","Public Water","Sewer - Public","VA New","Individuals"
"501","2029360","796-64-60-38-900-000","CLOSD","3000 Littlebury Drive, Chesterfield VA 23831","23831","Chesterfield","Single Family Residence","11/13/2020","$285,000","$290,000","3","Resale (occupied at least once)","2004","Littlebury","2,640","","5","2.1","Public Water","Sewer - Public","VHDA/FHA","Individuals"
"501","2029335","N000-0629-011","CLOSD","1006 Wickham Street, Richmond City VA 23220","23220","Richmond City","Single Family Residence","11/13/2020","$79,000","$82,000","2","Resale (occupied at least once)","1967","None","910","0.16","3","1.0","Public Water","Sewer - Public","Conventional","Individuals"
"501","2029323","7826-59-2241","CLOSD","20079 Beaver Dam Road, Hanover VA 23015","23015","Hanover","Single Family Residence","11/13/2020","$244,700","$256,500","2","Resale (occupied at least once)","1985","None","1,500","13.01","3","1.1","Well","Septic - Conventional","Conventional","Other"
"501","2028768","760-742-7132","CLOSD","1216 Hillside Avenue, Henrico VA 23229","23229","Henrico","Single Family Residence","11/13/2020","$309,000","$352,000","5","Resale (occupied at least once)","1948","Sterlingwood","1,734","0.24","4","2.1","Public Water","Sewer - Public","Cash","Individuals"
"501","2028731","C004-0462-019","CLOSD","6809 South Drive, Richmond City VA 23225","23225","Richmond City","Single Family Residence","11/13/2020","$479,900","$478,000","9","Resale (occupied at least once)","1948","Stratford Hills","2,612","0.44","4","2.0","Public Water","Sewer - Public","Conventional","Individuals"
"501","2028686","743-750-6872","CLOSD","2014 Raintree Drive, Henrico VA 23238","23238","Henrico","Single Family Residence","11/13/2020","$362,500","$347,500","28","Resale (occupied at least once)","1978","Raintree","2,820","0.33","4","2.1","Public Water","Sewer - Public","Conventional","Individuals"
"501","2028665","762-758-8154","CLOSD","4962 Newross Court, Henrico VA 23228","23228","Henrico","Single Family Residence","11/13/2020","$244,950","$260,000","2","Resale (occupied at least once)","1988","Shannon Green Of Forrest Green","1,200","0.32","3","2.0","Public Water","Sewer - Public","FHA New","Individuals"
"501","2028440","752-741-5381","CLOSD","8710 Mapleton Road, Henrico VA 23229","23229","Henrico","Single Family Residence","11/13/2020","$245,000","$250,000","13","Resale (occupied at least once)","1955","Ridgecrest","1,275","0.32","3","1.1","Public Water","Sewer - Public","Conventional","Individuals"
"501","2028218","765-69-29-06-300-000","CLOSD","3400 Old Creek Road, Chesterfield VA 23832","23832","Chesterfield","Single Family Residence","11/13/2020","$250,000","$258,000","7","Resale (occupied at least once)","1976","Belmont Hills West","1,896","0.30","4","2.1","Public Water","Sewer - Public","VHDA/FHA","Individuals"
"501","2027993","737-758-7179","CLOSD","2904 Huntwick Court, Henrico VA 23233","23233","Henrico","Single Family Residence","11/13/2020","$529,950","$530,000","4","Resale (occupied at least once)","1989","Huntwick At Wellesley","3,378","0.38","5","3.2","Public Water","Sewer - Public","Conventional","Individuals"
"501","2027589","743-773-0544","CLOSD","11061 Old Millrace Terrace, Henrico VA 23059","23059","Henrico","Single Family Residence","11/13/2020","$627,500","$627,500","3","Resale (occupied at least once)","2004","Millrace","3,800","0.41","5","4.1","Public Water","Sewer - Public","Conventional","Individuals"
"501","2027443","S000-1475-003","CLOSD","3060 Midlothian Turnpike, Richmond City VA 23224","23224","Richmond City","Single Family Residence","11/13/2020","$189,000","$203,500","4","Resale (occupied at least once)","1930","Battery Heights","1,194","0.11","3","1.1","Public Water","Sewer - Public","Conventional","Individuals"
"501","2026785","32   4     2A","CLOSD","6650 Vintage Rose Lane, New Kent VA 23140","23140","New Kent","Single Family Residence","11/13/2020","$649,950","$640,000","8","Resale (occupied at least once)","2003","Rose Garden","2,812","9.48","3","2.1","Well","Septic - Conventional","Conventional","Individuals"
"501","2025923","52A3 1 187","CLOSD","15601 River Bend Trail, New Kent VA 23089","23089","New Kent","Single Family Residence","11/13/2020","$305,000","$301,001","11","Resale (occupied at least once)","1988","The Colonies - New Kent","2,160","1.51","3","2.1","Community Well","Septic - Conventional","Conventional","Individuals"
"501","2025444","799-737-8570","CLOSD","4002 Fenwick Street, Henrico VA 23222","23222","Henrico","Single Family Residence","11/13/2020","$174,950","$172,900","7","Resale (occupied at least once)","1956","Lynn Grove","1,364","0.27","3","1.0","Public Water","Sewer - Public","VHDA/FHA","Individuals"
"501","2025015","S000-2145-001","CLOSD","16 Dundee Avenue, Richmond City VA 23225","23225","Richmond City","Single Family Residence","11/13/2020","$339,950","$339,950","40","Resale (occupied at least once)","1922","West Manchester","1,922","0.19","4","2.1","Public Water","Sewer - Public","Conventional","Corporate"
"501","2024240","737-780-8848","CLOSD","12204 Chadsworth Court, Henrico VA 23059","23059","Henrico","Single Family Residence","11/13/2020","$475,000","$487,000","2","Resale (occupied at least once)","1993","Chadsworth At Wyndham","2,748","0.34","5","3.1","Public Water","Sewer - Public","Conventional","Individuals"
"501","2023940","760-64-73-06-800-000","CLOSD","11925 Dunvegan Court, Chesterfield VA 23838","23838","Chesterfield","Single Family Residence","11/13/2020","$330,000","$330,000","0","Resale (occupied at least once)","1997","The Highlands","2,900","1.24","4","2.1","Public Water","Septic - Conventional","FHA New","Individuals"
"501","2023770","S009-0265-028","CLOSD","2415 Lancelot Avenue, Richmond City VA 23234","23234","Richmond City","Single Family Residence","11/13/2020","$114,990","$108,500","54","Resale (occupied at least once)","1940","Oak Crest","1,516","0.20","4","1.0","Public Water","Sewer - Public","Cash","Individuals"
"501","2020439","7870-64-0762","CLOSD","121 North Macon Terrace, Hanover VA 23005","23005","Hanover","Single Family Residence","11/13/2020","$250,000","$246,000","70","Resale (occupied at least once)","2002","North Macon Terrace","1,570","0.25","2","2.0","Public Water","Sewer - Public","Cash","Individuals"
"501","2020125","W000-1129-001","CLOSD","2525 West Grace Street, Richmond City VA 23220","23220","Richmond City","Single Family Residence","11/13/2020","$789,950","$760,000","48","Resale (occupied at least once)","1907","None","2,920","0.08","3","2.1","Public Water","Sewer - Public","Conventional","Individuals"
"501","2017837","726696899600000","CLOSD","14320 Colonyhouse Boulevard #UnitBA, Chesterfield VA 23114","23114","Chesterfield","Townhouse","11/13/2020","$363,380","$384,000","34","New (never occupied)","2020","Centerpointe Townes","2,233","","4","3.1","Public Water","Sewer - Public","VA New","Corporate"
"501","2017326","W000-1162-063","CLOSD","2610 West Main Street, Richmond City VA 23220","23220","Richmond City","Single Family Residence","11/13/2020","$449,950","$410,000","126","Resale (occupied at least once)","2007","None","2,050","0.03","3","2.1","Public Water","Sewer - Public","Conventional","Individuals"
"501","2017179","757-744-7081","CLOSD","1518 Michaels Road, Henrico VA 23229","23229","Henrico","Single Family Residence","11/13/2020","$350,000","$350,000","70","Resale (occupied at least once)","1954","Michaels Eva S","2,681","0.59","4","3.1","Public Water","Sewer - Public","Conventional","Individuals"
"501","2016752","741-772-2595","CLOSD","5029 Ellis Meadows Court, Henrico VA 23059","23059","Henrico","Single Family Residence","11/13/2020","$765,068","$765,068","26","New (never occupied)","2020","Shady Grove Hills","3,966","0.33","5","4.0","Public Water","Sewer - Public","Conventional","Corporate"
"501","2016129","N000-1330-042","CLOSD","1350 Westwood Avenue #UnitU312, Richmond City VA 23227","23227","Richmond City","Condominium","11/13/2020","$314,250","$307,000","135","Resale (occupied at least once)","1954","Ginter Place Condos","1,726","0.04","3","2.0","Public Water","Sewer - Public","Conventional","Estate"
"501","2012991","Not Yet Assigned","CLOSD","14009 Mosaic Nook, Goochland VA 23238","23238","Goochland","Townhouse","11/13/2020","$403,770","$422,795","42","New (never occupied)","2020","Mosaic at West Creek","2,310","","3","2.1","Public Water","Sewer - Public","Conventional","Corporate"
"501","1939123","S006-0368-023","CLOSD","1012 West 49th Street, Richmond City VA 23225","23225","Richmond City","Single Family Residence","11/13/2020","$236,000","$231,000","294","Resale (occupied at least once)","1939","Forest Hill Terrace","2,328","0.36","3","1.1","Public Water","Sewer - Public","Other","REO"
"501","2031136","C005-0992-095","CLOSD","6207 Beaufont Hills Court, Richmond City VA 23225","23225","Richmond City","Single Family Residence","11/14/2020","$230,000","$235,000","3","Resale (occupied at least once)","2002","Beaufont Hills","1,800","0.09","4","2.1","Public Water","Sewer - Public","Conventional","Individuals"
"501","2030166","S006-0239-006","CLOSD","5212 Devonshire Road, Richmond City VA 23225","23225","Richmond City","Single Family Residence","11/16/2020","$525,000","$530,000","7","Resale (occupied at least once)","1936","Westover Hills","2,047","0.30","3","2.1","Public Water","Sewer - Public","Conventional","Individuals"
"501","2029794","C004-0428-012","CLOSD","3038 Marlboro Drive, Richmond City VA 23225","23225","Richmond City","Single Family Residence","11/16/2020","$335,000","$351,000","7","Resale (occupied at least once)","1959","Windsorview","2,095","0.40","4","2.0","Public Water","Sewer - Public","Conventional","Individuals"
"501","2024407","794-63-87-40-900-000","CLOSD","15203 Broadwater Court, Chesterfield VA 23831","23831","Chesterfield","Townhouse","11/16/2020","$111,000","$111,000","19","Resale (occupied at least once)","1986","Timsberry Townehouse","988","0.04","2","1.1","Public Water","Sewer - Public","VHDA/FHA","Individuals"
"501","2030815","790-66-07-06-700-000","CLOSD","3719 Mineola Drive, Chesterfield VA 23831","23831","Chesterfield","Single Family Residence","11/16/2020","$210,000","$215,000","2","Resale (occupied at least once)","1986","Mineola","1,200","0.34","3","1.1","Public Water","Sewer - Public","Conventional","Individuals"
"501","2025448","W020-0186-009","CLOSD","121 Granite Avenue, Richmond City VA 23226","23226","Richmond City","Single Family Residence","11/16/2020","$500,000","$500,000","2","Resale (occupied at least once)","1920","Westview","2,011","0.28","4","2.0","Public Water","Sewer - Public","Conventional","Individuals"
"501","2029950","772-763-6437","CLOSD","10220 Winston Boulevard, Henrico VA 23060","23060","Henrico","Single Family Residence","11/16/2020","$240,000","$244,000","3","Resale (occupied at least once)","1953","Glen Allen Heights","1,152","0.45","4","2.0","Public Water","Sewer - Public","FHA New","Individuals"
"501","2015851","811-731-6479","CLOSD","3813 Quinn Abbey Lane, Henrico VA 23223","23223","Henrico","Single Family Residence","11/16/2020","$367,720","$367,720","15","New (never occupied)","2020","Kensington Meadows","2,767","","4","3.1","Public Water","Sewer - Public","FHA New","Corporate"
"501","2020725","794-65-83-00-500-000","CLOSD","3200 Grove Avenue, Chesterfield VA 23831","23831","Chesterfield","Single Family Residence","11/16/2020","$399,000","$375,000","82","Resale (occupied at least once)","1956","Chester Heights","3,564","1.33","5","3.0","Public Water","Sewer - Public","VA New","Individuals"
"501","2026273","738-66-61-44-400-000","CLOSD","12351 Escada Drive, Chesterfield VA 23832","23832","Chesterfield","Single Family Residence","11/16/2020","$299,900","$305,000","17","Resale (occupied at least once)","1988","Sleepy Hollow","2,552","1.01","4","3.0","Public Water","Septic - Conventional","VA New","Individuals"
"501","2028884","780-64-25-93-900-000","CLOSD","6113 Pointer Run Dr, Chesterfield VA 23838","23838","Chesterfield","Single Family Residence","11/16/2020","$498,950","$495,000","21","Resale (occupied at least once)","2016","Glebe Point","3,474","1.58","4","3.1","Public Water","Septic - Conventional","VA New","Individuals"
"501","2004301","817655474500000","CLOSD","12720 Prestonfield Drive #UnitI-B, Chesterfield VA 23836","23836","Chesterfield","Townhouse","11/16/2020","$241,435","$241,435","0","New (never occupied)","2020","Rivers Bend","1,504","","3","2.1","Public Water","Sewer - Public","FHA New","Corporate"
"501","2025829","N016-0080-023","CLOSD","3600 Edgewood Avenue, Richmond City VA 23222","23222","Richmond City","Single Family Residence","11/16/2020","$265,000","$265,000","36","Resale (occupied at least once)","1940","Wrights Park","1,485","0.17","3","2.0","Public Water","Sewer - Public","Conventional","Individuals"
"501","2006968","747682524800000","CLOSD","10642 Braden Woods Court #UnitSC, Chesterfield VA 23832","23832","Chesterfield","Townhouse","11/16/2020","$239,185","$239,535","45","New (never occupied)","2020","Braden Townes","1,576","","3","2.1","Public Water","Sewer - Public","FHA New","Corporate"
"501","2031619","730-67-15-45-000-000","CLOSD","13513 Buck Rub Drive, Chesterfield VA 23112","23112","Chesterfield","Single Family Residence","11/16/2020","$240,000","$250,000","0","Resale (occupied at least once)","1987","Deer Run","1,296","0.46","4","2.0","Public Water","Sewer - Public","Conventional","Individuals"
"501","2029615","8714-31-3075","CLOSD","7061 Senn Way, Hanover VA 23111","23111","Hanover","Single Family Residence","11/16/2020","$199,950","$199,950","16","Resale (occupied at least once)","1981","Beaverdam Park The Vlgs Of","1,296","0.18","3","1.1","Public Water","Sewer - Public","FHA New","Individuals"
"501","2028761","769-68-09-45-300-000","CLOSD","6305 Phobus Court, Chesterfield VA 23234","23234","Chesterfield","Single Family Residence","11/16/2020","$249,990","$228,000","12","Resale (occupied at least once)","1980","Kings Forest","1,224","0.26","4","2.0","Public Water","Sewer - Public","FHA New","Individuals"
"501","2026848","739-68-95-35-600-000","CLOSD","12137 Quito Road, Chesterfield VA 23112","23112","Chesterfield","Single Family Residence","11/16/2020","$250,000","$260,000","3","Resale (occupied at least once)","1993","Clarendon","2,466","0.33","5","3.1","Public Water","Sewer - Public","VHDA ","Estate, Individuals"
"501","2030713","8725-91-7248","CLOSD","6014 Northfall Creek Parkway, Hanover VA 23111","23111","Hanover","Single Family Residence","11/16/2020","$339,900","$335,000","4","Resale (occupied at least once)","1999","Pebble Creek","2,519","0.26","4","2.0","Public Water","Sewer - Public","Conventional","Other"
"501","2030772","739-64-81-19-700-000","CLOSD","11866 Buckhorn Road, Chesterfield VA 23838","23838","Chesterfield","Single Family Residence","11/16/2020","$315,000","$320,000","3","Resale (occupied at least once)","1984","Deerwood","1,964","0.97","4","2.1","Well","Septic - Conventional","Conventional","Individuals"
"501","2029915","738-69-40-50-200-000","CLOSD","1813 Porters Mill Lane, Chesterfield VA 23114","23114","Chesterfield","Single Family Residence","11/16/2020","$234,500","$237,500","6","Resale (occupied at least once)","1993","Smoketree South","1,440","0.20","3","2.1","Public Water","Sewer - Public","Conventional","Individuals"
"501","2026083","805-64-03-47-900-000","CLOSD","15200 Fairen Lane, Chesterfield VA 23834","23834","Chesterfield","Single Family Residence","11/16/2020","$310,000","$300,000","17","Resale (occupied at least once)","2009","Southcreek","2,428","0.45","4","2.1","Public Water","Sewer - Public","Conventional","Individuals"
"501","2003534","793-740-3114","CLOSD","414 Greenbrier Avenue, Henrico VA 23222","23222","Henrico","Single Family Residence","11/16/2020","$244,950","$250,950","208","New (never occupied)","2020","Fairfield","1,730","0.17","3","2.1","Public Water","Sewer - Public","VHDA/FHA","Corporate"
"501","2028631","W000-0522-010","CLOSD","1413 Jacquelin Street, Richmond City VA 23220","23220","Richmond City","Single Family Residence","11/16/2020","$269,950","$275,000","5","Resale (occupied at least once)","1987","Wallace Manor","1,446","0.05","4","2.0","Public Water","Sewer - Public","Conventional","Individuals"
"501","2031588","796-61-85-54-900-000","CLOSD","3509 Colonnade Drive, Chesterfield VA 23834","23834","Chesterfield","Single Family Residence","11/16/2020","$210,000","$222,000","5","Resale (occupied at least once)","1980","Colonial Pine Estates","1,812","0.28","4","3.0","Public Water","Sewer - Public","FHA New","Individuals"
"501","2029903","730-69-81-71-200-000","CLOSD","1201 Shirlton Road, Chesterfield VA 23114","23114","Chesterfield","Single Family Residence","11/16/2020","$360,000","$360,000","18","Resale (occupied at least once)","1984","Queensmill","2,654","0.77","5","3.0","Public Water","Sewer - Public","Conventional","Individuals"
"501","2029182","W000-1032-024","CLOSD","2306 Idlewood Avenue, Richmond City VA 23220","23220","Richmond City","Single Family Residence","11/16/2020","$399,950","$399,950","11","Resale (occupied at least once)","1925","None","1,800","0.05","3","1.1","Public Water","Sewer - Public","Conventional","Individuals"
"501","2028780","33B14 11R 146","CLOSD","4291 Virginia Rail Drive, New Kent VA 23140","23140","New Kent","Single Family Residence","11/16/2020","$400,000","$400,000","2","Resale (occupied at least once)","2006","Brickshire","3,227","0.50","5","4.1","Public Water","Sewer - Public","VA New","Individuals"
"501","2027332","S000-2147-004","CLOSD","108 Dundee Avenue, Richmond City VA 23225","23225","Richmond City","Single Family Residence","11/16/2020","$319,950","$319,950","17","Resale (occupied at least once)","1928","None","1,761","0.13","3","1.1","Public Water","Sewer - Public","Conventional","Individuals"
"501","2027012","730-66-89-19-800-000","CLOSD","13619 Lucky Debonair Lane, Chesterfield VA 23112","23112","Chesterfield","Single Family Residence","11/16/2020","$249,000","$254,000","17","Resale (occupied at least once)","1992","Deer Run","1,587","0.32","3","2.1","Public Water","Sewer - Public","FHA New","Corporate"
"501","2025406","761-69-12-41-700-000","CLOSD","3261 Summerbrooke Drive, Chesterfield VA 23235","23235","Chesterfield","Single Family Residence","11/16/2020","$210,000","$227,000","3","Resale (occupied at least once)","1982","Wyntrebrooke","1,296","0.39","3","2.0","Public Water","Sewer - Public","Conventional","Individuals"
"501","2025388","777-67-85-51-100-000","CLOSD","5024 Briaroak Road, Chesterfield VA 23234","23234","Chesterfield","Single Family Residence","11/16/2020","$279,990","$290,000","2","Resale (occupied at least once)","1981","Irongate","2,302","0.31","4","2.1","Public Water","Sewer - Public","FHA New","Individuals"
"501","2017133","723-65-62-74-700-000","CLOSD","11525 Longtown Trail, Chesterfield VA 23112","23112","Chesterfield","Single Family Residence","11/16/2020","$355,990","$359,990","112","New (never occupied)","2020","Collington","2,511","","5","3.0","Public Water","Sewer - Public","Conventional","Corporate"
"501","2002999","C0050500006","CLOSD","1629 Bilder Court, Richmond City VA 23225","23225","Richmond City","Single Family Residence","11/16/2020","$377,665","$380,855","0","New (never occupied)","2020","Westlake","2,544","","4","2.1","Public Water","Sewer - Public","Conventional","Corporate"
"501","2024051","775-759-9970","CLOSD","1911 Leslie Lane, Henrico VA 23228","23228","Henrico","Single Family Residence","11/16/2020","$249,000","$249,000","4","Resale (occupied at least once)","1994","Hungary Meadows","1,426","0.31","3","2.1","Public Water","Sewer - Public","Conventional","Individuals"
"501","2018423","756692107800000","CLOSD","2307 Elkview Drive, Chesterfield VA 23235","23235","Chesterfield","Single Family Residence","11/16/2020","$331,600","$346,910","0","New (never occupied)","2020","Bexley","2,765","","5","2.1","Public Water","Sewer - Public","Conventional","Corporate"
"501","2028109","7870-60-4740","CLOSD","204 Stebbins Street, Hanover VA 23005","23005","Hanover","Single Family Residence","11/16/2020","$479,000","$475,000","22","Resale (occupied at least once)","1942","None","2,500","0.20","3","2.1","Public Water","Sewer - Public","VA New","Individuals"
"501","2027747","N000-1614-003","CLOSD","3604 Hermitage Road, Richmond City VA 23227","23227","Richmond City","Single Family Residence","11/16/2020","$375,000","$375,000","5","Resale (occupied at least once)","1926","Hermitage Park","1,875","0.32","4","1.0","Public Water","Sewer - Public","Conventional","Individuals"
"501","2020854","795-65-31-24-800-000","CLOSD","12407 Mason Avenue, Chesterfield VA 23831","23831","Chesterfield","Single Family Residence","11/16/2020","$249,500","$249,500","41","New (never occupied)","2020","Flanders","1,706","0.99","4","2.1","Public Water","Sewer - Public","VA New","Corporate"
"501","2021714","7816-60-6301","CLOSD","19102 Woodsons Mill Road, Hanover VA 23015","23015","Hanover","Single Family Residence","11/16/2020","$525,000","$515,000","73","Resale (occupied at least once)","1996","Hollowing Creek","2,838","26.05","3","2.1","Well","Septic - Conventional","Conventional","Individuals"
"501","2030860","784-752-1395","CLOSD","7504 Wentworth Avenue, Henrico VA 23228","23228","Henrico","Single Family Residence","11/16/2020","$200,000","$205,500","4","Resale (occupied at least once)","1936","Stuart Ridge","1,454","0.16","3","1.0","Public Water","Sewer - Public","Conventional","Individuals"
"501","2030785","20C  1     J","CLOSD","8217 Old Roxbury Road, New Kent VA 23141","23141","New Kent","Single Family Residence","11/16/2020","$270,000","$275,000","3","Resale (occupied at least once)","2003","Clintwood","1,640","1.03","3","2.0","Well","Septic - Conventional","Conventional","Individuals"
"501","2029339","8724-53-2842","CLOSD","7198 Harver Way, Hanover VA 23111","23111","Hanover","Single Family Residence","11/16/2020","$309,900","$312,900","8","Resale (occupied at least once)","2015","Morning Glory","2,148","0.18","4","2.1","Public Water","Sewer - Public","Conventional","Individuals"
"501","2029243","759-69-74-70-900-000","CLOSD","8232 Capelwood Drive, Chesterfield VA 23235","23235","Chesterfield","Single Family Residence","11/16/2020","$314,950","$305,000","6","Resale (occupied at least once)","1972","Surreywood","2,494","0.43","4","2.2","Public Water","Sewer - Public","Conventional","Individuals"
"501","2019798","715-66-23-16-300-000","CLOSD","15606 Fishers Green Drive, Chesterfield VA 23832","23832","Chesterfield","Single Family Residence","11/16/2020","$410,000","$416,000","44","Resale (occupied at least once)","2019","Harpers Mill","2,978","0.18","5","3.1","Public Water","Sewer - Public","Conventional","Individuals"
"501","2034591","To be determined","CLOSD","10540 Orchard Blossom Drive #UnitK-2, Hanover VA 23059","23059","Hanover","Townhouse","11/16/2020","$332,523","$332,523","0","New (never occupied)","2020","Chickahominy Falls","1,730","","2","2.1","Public Water","Sewer - Public","Conventional","Corporate"
"501","2028653","784-68-45-37-800-000","CLOSD","3624 Meadowdale Boulevard, Chesterfield VA 23234","23234","Chesterfield","Townhouse","11/16/2020","$119,950","$106,000","4","Resale (occupied at least once)","1973","Meadowdale Th Pk","1,026","0.04","3","1.1","Public Water","Sewer - Public","FHA New","Other"
"501","2027994","757-764-0790","CLOSD","5000 Ashborne Road, Henrico VA 23060","23060","Henrico","Single Family Residence","11/16/2020","$297,967","$297,967","5","Resale (occupied at least once)","1996","Kingston","1,578","0.31","4","2.1","Public Water","Sewer - Public","FHA New","Individuals"
"501","2031227","028D-3-3B","CLOSD","2774 Birdsong Lane, Powhatan VA 23139","23139","Powhatan","Single Family Residence","11/16/2020","$285,000","$285,000","0","Resale (occupied at least once)","1988","Spencerwood West","1,861","1.00","3","2.0","Well","Septic - Conventional","FHA New","Individuals"
"501","2026424","781-65-31-94-300-038","CLOSD","5749 Magnolia Shore Lane, Chesterfield VA 23831","23831","Chesterfield","Condominium","11/16/2020","$325,000","$325,000","31","Resale (occupied at least once)","2015","Villas At Magnolia Lakes","1,550","26.28","2","2.0","Public Water","Sewer - Public","Cash","Individuals"
"501","2017776","723-70-41-01-400-004","CLOSD","1100 Westwood Village Lane #Unit204, Chesterfield VA 23114","23114","Chesterfield","Condominium","11/16/2020","$244,950","$244,950","87","Resale (occupied at least once)","2018","Westwood Village At Charter Colony","1,489","","2","2.0","Public Water","Sewer - Public","Conventional","Individuals"
"501","2026452","748-68-49-91-800-000","CLOSD","4050 Trisha Trail, Chesterfield VA 23112","23112","Chesterfield","Townhouse","11/16/2020","$200,000","$203,000","6","Resale (occupied at least once)","2006","Rockwood Terrace Townhouse","1,720","0.04","3","3.1","Public Water","Sewer - Public","Conventional","Individuals"
"501","2032799","W019-0110-025","CLOSD","4714 Monument Avenue, Richmond City VA 23230","23230","Richmond City","Single Family Residence","11/16/2020","$449,950","$485,000","5","Resale (occupied at least once)","1957","Monument Avenue Park","1,814","0.17","3","2.0","Public Water","Sewer - Public","Cash","Individuals"
"501","2031444","775-66-47-41-800-000","CLOSD","6120 Barrister Road, Chesterfield VA 23832","23832","Chesterfield","Single Family Residence","11/16/2020","$235,000","$235,000","3","Resale (occupied at least once)","1975","Courthouse Green","1,938","0.38","5","2.0","Public Water","Sewer - Public","Conventional","Individuals"
"501","2031013","767-738-1246","CLOSD","6225 Jeffrey Road, Henrico VA 23226","23226","Henrico","Single Family Residence","11/16/2020","$379,950","$379,950","4","Resale (occupied at least once)","1947","Westview Manor","1,872","0.21","3","1.1","Public Water","Sewer - Public","Conventional","Individuals"
"501","2030969","739-65-72-96-500-000","CLOSD","10610 Clearpoint Drive, Chesterfield VA 23832","23832","Chesterfield","Single Family Residence","11/16/2020","$255,000","$270,000","2","Resale (occupied at least once)","1976","Rocky Run","1,608","1.29","4","2.0","Well","Septic - Conventional","FHA New","Individuals"
"501","2030912","828-723-8868","CLOSD","311 Hodder Lane, Henrico VA 23075","23075","Henrico","Single Family Residence","11/16/2020","$214,950","$225,000","2","Resale (occupied at least once)","1974","Fair Oaks Terrace","1,544","0.22","3","2.0","Community Well","Community - Sewer/Septic","FHA New","Individuals"
"501","2030883","788-66-06-56-400-000","CLOSD","4000 Kings Gate Road, Chesterfield VA 23831","23831","Chesterfield","Single Family Residence","11/16/2020","$318,000","$310,000","3","Resale (occupied at least once)","1918","Hamlins Reach","2,720","0.32","3","2.1","Public Water","Sewer - Public","Conventional","Individuals"
"501","2030806","C004-0209-040","CLOSD","7630 Granite Hall Avenue, Richmond City VA 23225","23225","Richmond City","Single Family Residence","11/16/2020","$299,000","$305,000","6","Resale (occupied at least once)","1959","Cherokee Estates","1,766","0.37","3","2.0","Public Water","Sewer - Public","Conventional","Individuals"
"501","2030803","737-755-0758","CLOSD","12037 Sunrise Road, Henrico VA 23233","23233","Henrico","Single Family Residence","11/16/2020","$250,000","$291,000","4","Resale (occupied at least once)","1992","Hampton Woods","1,958","0.51","4","2.1","Public Water","Sewer - Public","Cash","Individuals"
"501","2030755","748-749-3540","CLOSD","1700 Coachlite Drive, Henrico VA 23238","23238","Henrico","Single Family Residence","11/16/2020","$369,000","$395,000","4","Resale (occupied at least once)","1986","Gates Head","2,248","0.25","4","2.1","Public Water","Sewer - Public","Conventional","Individuals"
"501","2030751","733-70-22-50-800-000","CLOSD","718 Watch Hill Road, Chesterfield VA 23114","23114","Chesterfield","Single Family Residence","11/16/2020","$309,000","$320,000","2","Resale (occupied at least once)","1981","Walton Park","1,927","0.29","4","2.1","Public Water","Sewer - Public","Conventional","Individuals"
"501","2030718","740-69-61-93-200-000","CLOSD","11500 Moven Court, Chesterfield VA 23114","23114","Chesterfield","Single Family Residence","11/16/2020","$328,900","$336,200","5","Resale (occupied at least once)","2003","St James Woods","1,994","0.48","4","2.0","Public Water","Sewer - Public","Conventional","Individuals"
"501","2030576","7778-73-2289","CLOSD","11403 Caruthers Way, Hanover VA 23059","23059","Hanover","Single Family Residence","11/16/2020","$325,000","$338,500","3","Resale (occupied at least once)","2002","Cedarlea Park","2,281","0.32","4","2.1","Public Water","Sewer - Public","Conventional","Individuals"
"501","2030574","E000-0516-001","CLOSD","1118 North 23rd Street, Richmond City VA 23223","23223","Richmond City","Single Family Residence","11/16/2020","$344,900","$355,000","10","Resale (occupied at least once)","1907","Fairmount Park","2,944","0.08","4","2.1","Public Water","Sewer - Public","Conventional","Individuals"
"501","2030562","763-758-4923","CLOSD","4920 Bunclody Court, Henrico VA 23228","23228","Henrico","Townhouse","11/16/2020","$165,000","$185,000","3","Resale (occupied at least once)","1992","Shannon Green","1,436","0.04","2","2.1","Public Water","Sewer - Public","Conventional","Individuals"
"501","2030524","787-65-56-94-200-000","CLOSD","11706 Village Garden Court, Chesterfield VA 23831","23831","Chesterfield","Single Family Residence","11/16/2020","$319,900","$320,000","2","Resale (occupied at least once)","2006","Chester Village Green","2,062","0.14","3","2.0","Public Water","Sewer - Public","Conventional","Individuals"
"501","2030523","759-68-50-06-100-000","CLOSD","4812 Conestoga Place, Chesterfield VA 23832","23832","Chesterfield","Single Family Residence","11/16/2020","$199,950","$220,000","6","Resale (occupied at least once)","1984","Cabin Creek","1,200","0.27","3","2.0","Public Water","Sewer - Public","VA New","Individuals"
"501","2030517","776-747-4586","CLOSD","2905 Pinehurst Road, Henrico VA 23228","23228","Henrico","Single Family Residence","11/16/2020","$165,000","$160,000","4","Resale (occupied at least once)","1948","Pinehurst Gardens","762","0.22","2","1.0","Public Water","Sewer - Public","Conventional","Individuals"
"501","2030488","740-781-2953.058","CLOSD","6240 Kershaw Drive #Unit6240, Henrico VA 23059","23059","Henrico","Condominium","11/16/2020","$349,950","$352,000","4","Resale (occupied at least once)","1994","Kelston Green At Wyndham","1,766","0.00","3","2.1","Public Water","Sewer - Public","Conventional","Individuals"
"501","2030426","728-66-36-50-400-000","CLOSD","9512 Brocket Drive, Chesterfield VA 23112","23112","Chesterfield","Single Family Residence","11/16/2020","$230,000","$235,000","4","Resale (occupied at least once)","1996","Fawn Creek","1,200","0.31","3","2.0","Public Water","Sewer - Public","Conventional","Individuals"
"501","2030414","746-69-62-05-100-000","CLOSD","10530 Cottonwood Road, Chesterfield VA 23236","23236","Chesterfield","Single Family Residence","11/16/2020","$324,800","$310,000","7","Resale (occupied at least once)","1968","Lake Crystal Farms","2,430","0.46","4","2.1","Public Water","Septic - Alternative","Conventional","Individuals"
"501","2030402","25-8-1A","CLOSD","7120 Barnetts Road, Charles City County VA 23030","23030","Charles City County","Single Family Residence","11/16/2020","$365,000","$365,000","3","Resale (occupied at least once)","2001","None","2,234","15.00","4","2.1","Well","Septic - Conventional","Conventional","Individuals"
"501","2030340","C004-044-098","CLOSD","2956 Hathaway Road #Unit902, Richmond City VA 23225","23225","Richmond City","Condominium","11/16/2020","$390,000","$390,000","6","Resale (occupied at least once)","1971","Hathaway Tower Condominiums","1,729","","3","2.0","Public Water","Sewer - Public","Conventional","Individuals"
"501","2030305","751-736-0558","CLOSD","307 Tarrytown Drive, Henrico VA 23229","23229","Henrico","Single Family Residence","11/16/2020","$599,950","$550,000","8","Resale (occupied at least once)","1957","Sleepy Hollow Court","4,176","1.04","5","3.0","Public Water","Sewer - Public","Cash","Individuals"
"501","2030198","731-71-47-49-100-000","CLOSD","2301 Kings Lynn Road, Chesterfield VA 23113","23113","Chesterfield","Single Family Residence","11/16/2020","$464,900","$471,000","4","Resale (occupied at least once)","1967","Salisbury","3,219","0.91","3","2.1","Public Water","Septic - Conventional","Conventional","Individuals"
"501","2030139","8717-58-3395","CLOSD","7246 Rotherham Drive, Hanover VA 23116","23116","Hanover","Single Family Residence","11/16/2020","$359,950","$365,000","2","Resale (occupied at least once)","1987","Greenway","2,734","2.51","4","2.1","Well","Septic - Conventional","Conventional","Individuals"
"501","2029969","752-766-1246.362","CLOSD","4130 San Marco Drive #UnitB, Henrico VA 23060","23060","Henrico","Condominium","11/16/2020","$250,000","$250,000","1","Resale (occupied at least once)","2005","Villas At Innsbrook","1,403","0.03","2","2.0","Public Water","Sewer - Public","Cash","Individuals"
"501","2029923","731-67-01-17-600-000","CLOSD","13331 Master Stag Drive, Chesterfield VA 23112","23112","Chesterfield","Single Family Residence","11/16/2020","$235,000","$235,000","3","Resale (occupied at least once)","1989","Spring Trace","1,599","0.30","3","2.0","Public Water","Sewer - Public","FHA New","Individuals"
"501","2029819","S007-1030-003","CLOSD","2214 Joplin Avenue, Richmond City VA 23224","23224","Richmond City","Single Family Residence","11/16/2020","$149,950","$149,950","14","Resale (occupied at least once)","1930","Bellemeade Addition","863","0.12","2","1.0","Public Water","Sewer - Public","Conventional","Individuals"
"501","2029710","744-68-75-61-900-000","CLOSD","3024 Woodsong Drive, Chesterfield VA 23112","23112","Chesterfield","Single Family Residence","11/16/2020","$189,950","$195,000","4","Resale (occupied at least once)","1981","William Gwyn Estates","1,326","0.22","4","2.0","Public Water","Sewer - Public","Conventional","Individuals"
"501","2029250","766-68-64-66-700-000","CLOSD","6850 Belmont Road, Chesterfield VA 23832","23832","Chesterfield","Single Family Residence","11/16/2020","$234,500","$260,000","5","Resale (occupied at least once)","1979","None","1,851","2.10","3","2.1","Well","Septic - Conventional","Conventional","Individuals"
"501","2029161","721-712-41-10-00000","CLOSD","419 Michaux Branch Terrace, Chesterfield VA 23113","23113","Chesterfield","Single Family Residence","11/16/2020","$339,000","$327,500","6","Resale (occupied at least once)","1996","Michaux Creek","2,104","0.31","4","2.1","Public Water","Sewer - Public","FHA New","Individuals"
"501","2029100","822-689-7503","CLOSD","7712 Shoveler Drive, Henrico VA 23231","23231","Henrico","Single Family Residence","11/16/2020","$325,000","$315,000","4","Resale (occupied at least once)","2006","Four Mile Run","2,554","0.31","4","2.0","Public Water","Sewer - Public","Conventional","Individuals"
"501","2029054","707-67-14-74-300-000","CLOSD","17012 Honeybush Lane, Chesterfield VA 23120","23120","Chesterfield","Single Family Residence","11/16/2020","$479,900","$465,000","2","Resale (occupied at least once)","2014","Magnolia Green","4,182","0.26","5","3.1","Public Water","Sewer - Public","Conventional","Individuals"
"501","2028899","728-71-32-08-900-000","CLOSD","2221 Castlebridge Road, Chesterfield VA 23113","23113","Chesterfield","Single Family Residence","11/16/2020","$435,000","$415,000","10","Resale (occupied at least once)","1977","Salisbury","3,334","0.89","4","2.1","Public Water","Sewer - Public","Conventional","Individuals"
"501","2028892","729-66-75-33-200-000","CLOSD","7913 Kentucky Derby Drive, Chesterfield VA 23112","23112","Chesterfield","Single Family Residence","11/16/2020","$300,000","$310,700","4","Resale (occupied at least once)","1993","Antler Ridge","2,286","0.30","5","2.1","Public Water","Sewer - Public","FHA New","Individuals"
"501","2028553","766-758-1590","CLOSD","7405 Willow Ridge Terrace, Henrico VA 23060","23060","Henrico","Single Family Residence","11/16/2020","$289,900","$310,000","3","Resale (occupied at least once)","1997","Hungary Ridge","1,740","","4","2.1","Public Water","Sewer - Public","Conventional","Individuals"
"501","2028460","738-66-81-79-500-000","CLOSD","9001 Hollow Oak Road, Chesterfield VA 23112","23112","Chesterfield","Single Family Residence","11/16/2020","$450,000","$460,000","3","Resale (occupied at least once)","2004","Bayhill Pointe","4,065","0.36","4","2.2","Public Water","Sewer - Public","Conventional","Individuals"
"501","2028436","746-64-89-74-300-000","CLOSD","11831 Eagle Pass Drive, Chesterfield VA 23838","23838","Chesterfield","Single Family Residence","11/16/2020","$335,000","$340,000","2","Resale (occupied at least once)","2002","Beechwood Forest","2,474","1.01","4","2.1","Well","Septic - Conventional","Conventional","Individuals"
"501","2028365","779-68-35-74-800-000","CLOSD","4709 Brimley Place, Chesterfield VA 23234","23234","Chesterfield","Townhouse","11/16/2020","$125,000","$125,000","6","Resale (occupied at least once)","1974","Berwick Village","1,176","0.04","3","1.1","Public Water","Sewer - Public","Conventional","Individuals"
"501","2028130","739-748-2411","CLOSD","10824 Weather Vane Road, Henrico VA 23238","23238","Henrico","Single Family Residence","11/16/2020","$537,000","$562,000","5","Resale (occupied at least once)","2008","Whitaker Woods","3,028","0.73","4","2.1","Public Water","Sewer - Public","Conventional","Individuals"
"501","2027802","728-71-41-64-700-000","CLOSD","2300 Oakengate Lane, Chesterfield VA 23113","23113","Chesterfield","Single Family Residence","11/16/2020","$598,500","$608,500","4","Resale (occupied at least once)","1976","Salisbury","3,865","1.14","5","3.1","Public Water","Sewer - Public","Conventional","Individuals"
"501","2027724","793-753-0986","CLOSD","8001 Frostick Court, Henrico VA 23227","23227","Henrico","Single Family Residence","11/16/2020","$369,990","$355,000","0","Resale (occupied at least once)","2006","Frostick Hills","2,757","0.33","5","3.0","Public Water","Sewer - Public","Conventional","Individuals"
"501","2027642","746-69-16-34-700-000","CLOSD","2324 Courthouse Road, Chesterfield VA 23236","23236","Chesterfield","Single Family Residence","11/16/2020","$224,950","$224,950","8","Resale (occupied at least once)","1959","None","1,482","0.90","3","2.0","Public Water","Septic - Conventional","Conventional","Individuals"
"501","2027509","763-68-50-48-100-000","CLOSD","7561 Valencia Road, Chesterfield VA 23832","23832","Chesterfield","Single Family Residence","11/16/2020","$226,900","$233,000","7","Resale (occupied at least once)","1989","Pennwood","1,608","0.27","3","2.0","Public Water","Sewer - Public","FHA New","Corporate"
"501","2027500","734-761-9129","CLOSD","13212 Hollyhock Court, Henrico VA 23233","23233","Henrico","Single Family Residence","11/16/2020","$389,950","$415,000","3","Resale (occupied at least once)","1990","Kensington Green At Wellesley","2,016","0.29","4","2.1","Public Water","Sewer - Public","Conventional","Individuals"
"501","2026587","E000-0384-020","CLOSD","2508 East Marshall Street, Richmond City VA 23223","23223","Richmond City","Single Family Residence","11/16/2020","$325,000","$325,000","6","Resale (occupied at least once)","1840","None","1,536","0.11","2","1.0","Public Water","Sewer - Public","Conventional","Individuals"
"501","2025801","750-738-1978","CLOSD","8802 Watlington Road, Henrico VA 23229","23229","Henrico","Single Family Residence","11/16/2020","$540,000","$540,000","6","Resale (occupied at least once)","1959","Derbyshire Place","2,683","0.38","4","3.0","Public Water","Sewer - Public","Conventional","Individuals"
"501","2025766","763-762-1482","CLOSD","3809 Coles Point Way, Henrico VA 23060","23060","Henrico","Single Family Residence","11/16/2020","$420,000","$420,000","0","Resale (occupied at least once)","2004","The Cottages At Crossridge","2,158","0.20","3","3.0","Public Water","Sewer - Public","Conventional","Individuals"
"501","2025205","781-65-06-74-500-000","CLOSD","5713 Chester Grove Court, Chesterfield VA 23831","23831","Chesterfield","Single Family Residence","11/16/2020","$224,950","$240,000","2","Resale (occupied at least once)","2004","Chester Grove Section A","1,285","0.33","3","2.0","Public Water","Sewer - Public","VHDA ","Individuals"
"501","2024295","716-68-40-66-000-000","CLOSD","4335 Heron Pointe Terrace, Chesterfield VA 23120","23120","Chesterfield","Single Family Residence","11/16/2020","$579,000","$550,000","61","Resale (occupied at least once)","2013","Heron Pointe At Swift Creek","3,014","0.25","4","3.1","Public Water","Sewer - Public","Conventional","Individuals"
"501","2023577","To be determined","CLOSD","7512 Pocoshock Forest Drive #Unit5-2, Chesterfield VA 23235","23235","Chesterfield","Townhouse","11/16/2020","$387,650","$387,650","0","New (never occupied)","2020","The Townes At Notting Place","2,081","","3","3.0","Public Water","Sewer - Public","Cash","Corporate"
"501","2019011","W000-0164-042","CLOSD","718 South Laurel Street, Richmond City VA 23220","23220","Richmond City","Townhouse","11/16/2020","$399,950","$395,000","83","Resale (occupied at least once)","2017","Overlook Townhouses","1,428","0.03","3","2.1","Public Water","Sewer - Public","Conventional","Individuals"
"501","2016717","771-736-2305.003","CLOSD","1215 Byrd Avenue #Unit48, Henrico VA 23226","23226","Henrico","Condominium","11/16/2020","$610,000","$600,000","134","Resale (occupied at least once)","2008","Monument Square Condo","2,617","0.06","3","3.2","Public Water","Sewer - Public","Cash","Individuals"
"501","2015922","7788-66-1104","CLOSD","11314 Winding Brook Terrace Drive #UnitHE, Hanover VA 23005","23005","Hanover","Townhouse","11/16/2020","$281,065","$281,535","0","New (never occupied)","2020","Winding Brook Townhomes","1,567","","3","2.1","Public Water","Sewer - Public","Conventional","Corporate"
"501","2013783","037A-2-5","CLOSD","1720 Macon Orchard Drive, Powhatan VA 23139","23139","Powhatan","Single Family Residence","11/16/2020","$409,950","$409,950","17","New (never occupied)","2020","None","2,135","10.78","4","2.0","Well","Septic - Conventional","Conventional","Corporate"
"501","2012261","63-27-0-8-0","CLOSD","50 Sadie Drive, Goochland VA 23103","23103","Goochland","Single Family Residence","11/16/2020","$225,000","$188,000","65","Resale (occupied at least once)","1957","None","1,593","3.04","2","2.0","Well","Septic - Conventional","Cash","Estate"
"501","2010874","N000-0703-027","CLOSD","2725 Garland Avenue, Richmond City VA 23222","23222","Richmond City","Single Family Residence","11/16/2020","$234,000","$220,000","64","Resale (occupied at least once)","1922","Brookland Park","1,460","0.12","3","1.1","Public Water","Sewer - Public","Conventional","Individuals"
"501","2010180","Not Yet Assigned","CLOSD","3680 John Latane Lane, Powhatan VA 23139","23139","Powhatan","Single Family Residence","11/16/2020","$429,950","$442,861","71","New (never occupied)","2020","Erin Hill","2,351","","3","2.1","Public Water","Sewer - Public","Conventional","Corporate"
"501","2009406","791-65-52-18-300-000","CLOSD","3825 West Hundred Road, Chesterfield VA 23831","23831","Chesterfield","Single Family Residence","11/16/2020","$269,000","$245,000","151","Resale (occupied at least once)","1955","Oakland","1,200","0.40","3","1.0","Public Water","Septic - Conventional","Other","Individuals"
"501","2008979","N000-1902-002","CLOSD","3810 Moss Side Avenue, Richmond City VA 23222","23222","Richmond City","Single Family Residence","11/16/2020","$320,000","$270,000","209","Resale (occupied at least once)","1900","Ginter Park","3,932","0.69","0","2.0","Public Water","Sewer - Public","Cash","Other"
"501","2016604","W022-0011-002","CLOSD","5111 Cary Street Road, Richmond City VA 23226","23226","Richmond City","Single Family Residence","11/17/2020","$2,895,000","$2,800,000","89","Resale (occupied at least once)","1934","None","7,105","1.48","4","5.1","Public Water","Sewer - Public","Cash","Individuals"
"501","2026245","786-64-52-13-700-000","CLOSD","5312 Nairn Lane, Chesterfield VA 23831","23831","Chesterfield","Single Family Residence","11/17/2020","$324,900","$327,000","59","Resale (occupied at least once)","1999","Stoney Glen West","2,631","0.47","4","3.1","Public Water","Sewer - Public","Conventional","Individuals"
"501","2019878","740-68-78-49-400-000","CLOSD","3230 Tadley Drive, Chesterfield VA 23112","23112","Chesterfield","Single Family Residence","11/17/2020","$270,000","$262,000","22","Resale (occupied at least once)","2014","Walnut Grove","1,800","0.36","3","2.1","Public Water","Sewer - Public","FHA New","REO"
"501","2030578","N000-2349-037","CLOSD","4239 Brook Road, Richmond City VA 23227","23227","Richmond City","Single Family Residence","11/17/2020","$550,000","$532,500","10","Resale (occupied at least once)","1924","Ginter Park","2,496","0.32","4","3.0","Public Water","Sewer - Public","Conventional","Individuals"
"501","2029970","838-700-1595","CLOSD","4804 Charles City Road, Henrico VA 23231","23231","Henrico","Single Family Residence","11/17/2020","$259,950","$267,000","5","Resale (occupied at least once)","1990","None","1,656","2.75","3","2.0","Well","Septic - Conventional","Conventional","Individuals"
"501","2028511","33B14 22R 107","CLOSD","4155 Virginia Rail Drive, New Kent VA 23140","23140","New Kent","Single Family Residence","11/17/2020","$410,000","$406,000","33","Resale (occupied at least once)","2007","Brickshire","4,309","0.35","6","4.1","Public Water","Sewer - Public","VA New","Individuals"
"501","2029381","719-66-78-15-300-000","CLOSD","7936 Halyard Terrace, Chesterfield VA 23832","23832","Chesterfield","Single Family Residence","11/17/2020","$185,000","$186,820","3","Resale (occupied at least once)","1994","Ashbrook","1,074","0.13","3","2.0","Public Water","Sewer - Public","Conventional","Individuals"
"501","2029944","862-697-6411","CLOSD","7231 Hughes Road, Henrico VA 23150","23150","Henrico","Single Family Residence","11/17/2020","$249,900","$258,000","1","Resale (occupied at least once)","2009","None","1,490","2.12","3","2.0","Well","Septic - Conventional","Conventional","Individuals"
"501","2021685","719-68-99-71-600-000","CLOSD","2306 Wing Haven Place, Chesterfield VA 23112","23112","Chesterfield","Single Family Residence","11/17/2020","$414,950","$410,000","57","Resale (occupied at least once)","2009","The Sanctuary At Watermill","2,893","0.43","5","3.1","Public Water","Sewer - Public","Conventional","Individuals"
"501","2010664","716665610300000","CLOSD","8312 Spiral Drive, Chesterfield VA 23832","23832","Chesterfield","Single Family Residence","11/17/2020","$382,300","$388,115","36","New (never occupied)","2020","Harpers Mill","2,797","","4","2.1","Public Water","Sewer - Public","FHA New","Corporate"
"501","2004486","64-12-A-8-0","CLOSD","404 Pagebrook Drive, Goochland VA 23238","23238","Goochland","Single Family Residence","11/17/2020","$284,950","$284,950","134","Resale (occupied at least once)","1965","Pagebrook","1,448","0.64","3","2.0","Well","Septic - Conventional","Conventional","Individuals"
"501","2030055","7779-88-7270","CLOSD","12 Swannee Court, Hanover VA 23005","23005","Hanover","Single Family Residence","11/17/2020","$279,000","$275,000","5","Resale (occupied at least once)","1988","Slash Cottage","1,626","0.29","3","2.1","Public Water","Sewer - Public","VHDA/FHA","Individuals"
"501","2031058","732-67-00-10-700-000","CLOSD","13507 Pharlap Court, Chesterfield VA 23112","23112","Chesterfield","Single Family Residence","11/17/2020","$245,000","$245,000","0","Resale (occupied at least once)","1992","Deer Run","1,632","0.43","3","2.1","Public Water","Sewer - Public","Conventional","Individuals"
"501","2025226","W000-1006-041","CLOSD","2242 Park Avenue, Richmond City VA 23220","23220","Richmond City","Single Family Residence","11/17/2020","$1,395,000","$1,370,000","39","Resale (occupied at least once)","1908","None","4,958","0.09","4","4.1","Public Water","Sewer - Public","Cash","Other"
"501","2029798","720678814800000","CLOSD","5612 Chatmoss Road, Chesterfield VA 23112","23112","Chesterfield","Single Family Residence","11/17/2020","$292,000","$290,000","6","Resale (occupied at least once)","1990","Woodlake","1,941","","4","2.2","Public Water","Sewer - Public","Conventional","Individuals"
"501","2029402","8704-29-4166","CLOSD","7486 Shire Parkway, Hanover VA 23111","23111","Hanover","Single Family Residence","11/17/2020","$234,950","$240,000","6","Resale (occupied at least once)","1990","Brookshire","1,238","","3","2.0","Public Water","Sewer - Public","FHA New","Individuals"
"501","2025169","to be determined","CLOSD","15758 Mosaic Creek Boulevard, Goochland VA 23238","23238","Goochland","Single Family Residence","11/17/2020","$447,550","$447,550","0","New (never occupied)","2020","Mosaic at West Creek","1,999","","2","2.0","Public Water","Sewer - Public","Conventional","Corporate"
"501","2007335","7996471450","CLOSD","2900 Laketree Court, Chesterfield VA 23831","23831","Chesterfield","Single Family Residence","11/17/2020","$287,980","$287,980","216","New (never occupied)","2020","Forest Lake","1,762","","4","2.1","Public Water","Sewer - Public","Conventional","Corporate"
"501","2034593","To be determined","CLOSD","10560 Orchard Blossom Drive #UnitL-1, Hanover VA 23059","23059","Hanover","Townhouse","11/17/2020","$410,081","$410,081","0","New (never occupied)","2020","Chickahominy Falls","2,121","","3","3.0","Public Water","Sewer - Public","Conventional","Corporate"
"501","2032017","791-745-1839","CLOSD","400 Willomett Avenue, Henrico VA 23227","23227","Henrico","Single Family Residence","11/17/2020","$154,950","$170,000","2","Resale (occupied at least once)","1950","Chamberlayne Estates","947","0.22","3","1.0","Well","Sewer - Public","Cash","Individuals"
"501","2016577","to be determined","CLOSD","15754 Mosaic Creek Boulevard, Goochland VA 23238","23238","Goochland","Single Family Residence","11/17/2020","$477,540","$510,602","0","New (never occupied)","2020","Mosaic at West Creek","2,343","","2","3.0","Public Water","Sewer - Public","Conventional","Corporate"
"501","2029700","753-69-20-88-600-000","CLOSD","2600 St Regis Drive, Chesterfield VA 23236","23236","Chesterfield","Single Family Residence","11/17/2020","$399,000","$399,000","3","Resale (occupied at least once)","1987","Bexley West","3,897","0.60","5","3.0","Public Water","Sewer - Public","Conventional","Individuals"
"501","2028875","W000-0841-035","CLOSD","1801 Lakeview Avenue, Richmond City VA 23220","23220","Richmond City","Single Family Residence","11/17/2020","$334,900","$320,000","20","Resale (occupied at least once)","1940","None","1,749","0.16","4","2.1","Public Water","Sewer - Public","Conventional","Individuals"
"501","2031188","794-754-2962","CLOSD","8303 Wallingford Lane, Henrico VA 23227","23227","Henrico","Single Family Residence","11/17/2020","$329,900","$329,900","4","Resale (occupied at least once)","1988","Chickahominy Bluffs","2,445","0.46","4","3.1","Public Water","Sewer - Public","FHA New","Individuals"
"501","2027854","752-742-1357","CLOSD","8803 Weldon Drive, Henrico VA 23229","23229","Henrico","Single Family Residence","11/17/2020","$259,000","$250,000","1","Resale (occupied at least once)","1955","Ridgecrest","1,245","0.30","3","1.0","Public Water","Sewer - Public","Other","Individuals"
"501","2028369","749-67-54-65-900-000","CLOSD","5679 Hereld Green Drive, Chesterfield VA 23832","23832","Chesterfield","Single Family Residence","11/17/2020","$294,900","$297,000","4","Resale (occupied at least once)","2004","Qualla Farms","2,494","0.26","3","3.1","Public Water","Sewer - Public","VA New","Individuals"
"501","2027306","7-3-0-2-0","CLOSD","4830 Old Fredericksburg Road, Goochland VA 23117","23117","Goochland","Single Family Residence","11/17/2020","$239,000","$227,000","14","Resale (occupied at least once)","1987","None","1,226","2.00","3","2.0","Well","Septic - Conventional","Conventional","Individuals"
"501","2032013","N000-2339-006","CLOSD","1604 Bellevue Avenue, Richmond City VA 23227","23227","Richmond City","Single Family Residence","11/17/2020","$335,000","$351,000","9","Resale (occupied at least once)","1931","Bellevue Park","1,200","0.57","3","2.1","Public Water","Sewer - Public","Conventional","Estate"
"501","2031464","779-69-18-84-000-000","CLOSD","4655 Selwood Road, Chesterfield VA 23234","23234","Chesterfield","Single Family Residence","11/17/2020","$229,995","$250,000","4","Resale (occupied at least once)","1979","Garland Heights","1,500","0.46","3","2.0","Public Water","Septic - Conventional","Conventional","Individuals"
"501","2031077","788-753-3848","CLOSD","502 Brookside Boulevard, Henrico VA 23227","23227","Henrico","Single Family Residence","11/17/2020","$189,950","$210,000","4","Resale (occupied at least once)","1959","Chamberlayne Farms","1,700","0.35","3","1.1","Public Water","Sewer - Public","FHA New","Individuals"
"501","2030853","732-70-27-09-800-000","CLOSD","13037 Ardara Lane, Chesterfield VA 23114","23114","Chesterfield","Single Family Residence","11/17/2020","$312,000","$293,000","9","Resale (occupied at least once)","1984","Walton Park","1,847","0.28","4","2.1","Public Water","Sewer - Public","Conventional","Individuals"
"501","2030618","767-739-2109","CLOSD","6304 West Franklin Street, Henrico VA 23226","23226","Henrico","Single Family Residence","11/17/2020","$325,000","$350,110","4","Resale (occupied at least once)","1953","Monument Avenue Terrace","1,327","0.27","4","1.0","Public Water","Sewer - Public","FHA New","Individuals"
"501","2030559","763-731-0250","CLOSD","6161 River Road #Unit16, Henrico VA 23226","23226","Henrico","Cooperative","11/17/2020","$469,000","$470,000","6","Resale (occupied at least once)","1967","None","2,026","10.12","3","2.0","Public Water","Sewer - Public","Other","Individuals"
"501","2030073","719-68-84-23-800-000","CLOSD","3917 Evershot Drive, Chesterfield VA 23112","23112","Chesterfield","Single Family Residence","11/17/2020","$492,000","$475,000","9","Resale (occupied at least once)","2012","Rountrey","3,218","0.28","4","3.1","Public Water","Sewer - Public","Conventional","Individuals"
"501","2029981","M0001182","CLOSD","3028 Maidens Road, Powhatan VA 23139","23139","Powhatan","Single Family Residence","11/17/2020","$669,900","$669,900","7","Resale (occupied at least once)","1990","Maidens Wood","4,080","18.00","5","4.1","Well","Septic - Conventional","Conventional","Individuals"
"501","2029891","803-65-01-19-400-000","CLOSD","13302 Old Stage Road, Chesterfield VA 23836","23836","Chesterfield","Single Family Residence","11/17/2020","$190,000","$190,000","7","Resale (occupied at least once)","2006","Bermuda Place","1,288","0.37","3","2.0","Public Water","Septic - Conventional","Conventional","Individuals"
"501","2029876","744-751-5086","CLOSD","2301 West Wayfare Court, Henrico VA 23238","23238","Henrico","Townhouse","11/17/2020","$239,950","$248,000","4","Resale (occupied at least once)","1984","Stony Run","1,612","0.13","3","2.0","Public Water","Sewer - Public","Conventional","Individuals"
"501","2029581","E000-0736-007","CLOSD","3013 Libby Terrace, Richmond City VA 23223","23223","Richmond City","Single Family Residence","11/17/2020","$849,500","$900,000","6","Resale (occupied at least once)","1881","East End","3,426","0.11","3","3.0","Public Water","Sewer - Public","Conventional","Individuals"
"501","2029544","737-67-02-17-900-000","CLOSD","8802 Buffalo Nickel Court, Chesterfield VA 23112","23112","Chesterfield","Single Family Residence","11/17/2020","$325,000","$328,500","3","Resale (occupied at least once)","1998","Bayhill Pointe","2,134","0.43","4","2.1","Public Water","Sewer - Public","Cash","Individuals"
"501","2029538","761-770-5760","CLOSD","11013 Mountain Spring Drive, Henrico VA 23060","23060","Henrico","Single Family Residence","11/17/2020","$464,950","$473,000","1","Resale (occupied at least once)","2012","Mountain Spring","3,378","0.31","5","3.0","Public Water","Sewer - Public","Conventional","Individuals"
"501","2029512","C002-0187-020","CLOSD","3257 East Weyburn Road, Richmond City VA 23235","23235","Richmond City","Single Family Residence","11/17/2020","$350,000","$345,000","4","Resale (occupied at least once)","1962","Oxford","2,638","0.87","4","3.0","Public Water","Sewer - Public","Conventional","Individuals"
"501","2029377","735-67-51-49-000-091","CLOSD","5212 Terrace Arbor Circle #Unit91, Chesterfield VA 23112","23112","Chesterfield","Condominium","11/17/2020","$319,900","$325,000","8","Resale (occupied at least once)","2005","Terraces At Swift Creek","2,190","24.92","3","2.1","Public Water","Sewer - Public","Conventional","Individuals"
"501","2029359","W019-0213-018","CLOSD","4710 Leonard Parkway, Richmond City VA 23226","23226","Richmond City","Single Family Residence","11/17/2020","$425,000","$430,000","3","Resale (occupied at least once)","1946","Colonial Place Annex","1,580","0.17","4","2.0","Public Water","Sewer - Public","Conventional","Individuals"
"501","2029028","771-741-2776","CLOSD","5814 Indigo Road, Henrico VA 23230","23230","Henrico","Single Family Residence","11/17/2020","$224,950","$228,000","3","Resale (occupied at least once)","1956","Westbourne","1,560","0.23","4","2.0","Public Water","Sewer - Public","Conventional","Individuals"
"501","2028861","799-733-5810","CLOSD","3100 Dillyn Court, Henrico VA 23222","23222","Henrico","Single Family Residence","11/17/2020","$199,900","$220,000","4","Resale (occupied at least once)","2015","Dillyn Place","1,400","0.17","3","2.1","Public Water","Sewer - Public","Conventional","Individuals"
"501","2028782","787-64-98-71-100-000","CLOSD","4619 Crossgate Road, Chesterfield VA 23831","23831","Chesterfield","Single Family Residence","11/17/2020","$397,500","$397,000","8","New (never occupied)","2020","Holly Creek","2,750","0.75","4","2.1","Public Water","Septic - Conventional","Conventional","Individuals"
"501","2028285","67-4-0-1-A","CLOSD","85 Deer Keep, Goochland VA 23238","23238","Goochland","Single Family Residence","11/17/2020","$799,000","$735,000","4","Resale (occupied at least once)","1952","None","2,995","5.04","4","2.1","Well","Septic - Conventional","Conventional","Individuals"
"501","2027481","742-67-53-61-300-000","CLOSD","5406 Claypoint Road, Chesterfield VA 23832","23832","Chesterfield","Single Family Residence","11/17/2020","$243,000","$248,000","4","Resale (occupied at least once)","1964","None","1,698","0.74","3","2.0","Well","Septic - Conventional","VA New","Individuals"
"501","2027301","42-32-D-34-0","CLOSD","2401 Incline Court, Goochland VA 23063","23063","Goochland","Single Family Residence","11/17/2020","$445,000","$450,000","3","Resale (occupied at least once)","2005","Holland Hills","3,724","1.50","5","4.0","Well","Septic - Conventional","Conventional","Individuals"
"501","2027110","792-756-7258","CLOSD","8300 Chamberlayne Road, Henrico VA 23227","23227","Henrico","Single Family Residence","11/17/2020","$235,000","$222,000","24","Resale (occupied at least once)","1972","Chamberlayne Farms","1,800","0.42","3","2.0","Public Water","Sewer - Public","Conventional","Estate"
"501","2027045","761-748-9324","CLOSD","2303 Pathfinder Court, Henrico VA 23294","23294","Henrico","Single Family Residence","11/17/2020","$261,000","$300,000","6","Resale (occupied at least once)","1984","Thousand Oaks","2,114","0.30","3","2.1","Public Water","Sewer - Public","Cash","Estate"
"501","2026773","052E-2-27","CLOSD","3285 Sparrows Place, Powhatan VA 23139","23139","Powhatan","Single Family Residence","11/17/2020","$499,950","$499,950","45","Resale (occupied at least once)","2017","Sparrows Landing","3,250","4.91","4","3.1","Well","Septic - Conventional","Conventional","Individuals"
"501","2026602","758-764-4525","CLOSD","4813 Olde Mill Pond Place, Henrico VA 23060","23060","Henrico","Single Family Residence","11/17/2020","$400,000","$409,000","3","Resale (occupied at least once)","2010","The Ponds At Dandridge Farm","2,384","0.29","4","2.1","Public Water","Sewer - Public","Cash","Individuals"
"501","2026533","W000-0610-006","CLOSD","1515 Hanover Avenue, Richmond City VA 23220","23220","Richmond City","Single Family Residence","11/17/2020","$995,000","$995,000","6","Resale (occupied at least once)","1892","None","3,501","0.09","4","3.1","Public Water","Sewer - Public","Cash","Individuals"
"501","2026315","C001-1230-069","CLOSD","3424 Archer Springs Terrace, Richmond City VA 23235","23235","Richmond City","Single Family Residence","11/17/2020","$460,000","$460,000","41","Resale (occupied at least once)","2017","Villas At Archer Springs","2,164","0.23","3","3.0","Public Water","Sewer - Public","Cash","Individuals"
"501","2026185","58-48-8-31-0","CLOSD","844 Lachlan Lane, Goochland VA 23103","23103","Goochland","Single Family Residence","11/17/2020","$843,400","$845,592","53","New (never occupied)","2019","Kinloch","3,844","0.29","4","4.1","Public Water","Sewer - Public","Conventional","Corporate"
"501","2026150","731-751-0255.302","CLOSD","12291 Palmer Place Court #UnitB, Henrico VA 23238","23238","Henrico","Condominium","11/17/2020","$138,500","$126,000","55","Resale (occupied at least once)","1987","Palmer Place Condo","954","4.68","2","2.0","Public Water","Sewer - Public","Cash","Estate"
"501","2024002","827-65-87-16-800-000","CLOSD","12312 Winbolt Drive, Chesterfield VA 23836","23836","Chesterfield","Single Family Residence","11/17/2020","$363,500","$360,000","63","Resale (occupied at least once)","2016","Mount Blanco","2,560","0.37","5","3.0","Public Water","Sewer - Public","Cash","Individuals"
"501","2023973","828-693-9195","CLOSD","7401 Narrowridge Road, Henrico VA 23231","23231","Henrico","Single Family Residence","11/17/2020","$179,950","$190,500","32","Resale (occupied at least once)","1980","Darbytown Estates","1,280","1.44","3","2.0","Well","Septic - Conventional","Conventional","Estate, Individuals"
"501","2023887","778-760-0771","CLOSD","9532 Hennington Court, Henrico VA 23228","23228","Henrico","Single Family Residence","11/17/2020","$304,990","$290,000","27","Resale (occupied at least once)","2016","Cedar Grove","1,810","0.28","4","2.1","Public Water","Sewer - Public","VHDA ","Individuals"
"501","2021778","735-71-58-88-800-000","CLOSD","12230 Framar Drive, Chesterfield VA 23113","23113","Chesterfield","Single Family Residence","11/17/2020","$390,000","$380,000","75","Resale (occupied at least once)","1978","Roxshire","2,617","0.47","4","2.1","Public Water","Sewer - Public","Conventional","Individuals"
"501","2021482","050-10B","CLOSD","1235 Quail Run Road, Powhatan VA 23139","23139","Powhatan","Single Family Residence","11/17/2020","$474,950","$474,900","5","Resale (occupied at least once)","1986","None","4,008","20.00","5","3.0","Well","Septic - Conventional","Conventional","Individuals"
"501","2020270","797-713-6051.304","CLOSD","210 Rocketts Way #Unit304, Henrico VA 23231","23231","Henrico","Condominium","11/17/2020","$212,500","$209,000","66","Resale (occupied at least once)","2008","Village Of Rocketts Landing","893","0.02","1","1.0","Public Water","Sewer - Public","Conventional","Individuals"
"501","2019067","737678085700000","CLOSD","12517 Wescott Drive, Chesterfield VA 23112","23112","Chesterfield","Townhouse","11/17/2020","$303,225","$303,225","46","New (never occupied)","2020","Wescott","2,080","","3","2.1","Public Water","Sewer - Public","Conventional","Corporate"
"501","2017809","781-773-2110","CLOSD","10837 Macs Way, Henrico VA 23059","23059","Henrico","Single Family Residence","11/17/2020","$412,460","$427,720","0","New (never occupied)","2020","River Mill","2,369","","3","3.0","Public Water","Sewer - Public","Conventional","Corporate"
"501","2017064","780-772-8255","CLOSD","10820 Ashton Poole Place, Henrico VA 23059","23059","Henrico","Townhouse","11/17/2020","$331,240","$331,240","128","New (never occupied)","2020","River Mill","1,755","","3","2.1","Public Water","Sewer - Public","Cash","Corporate"
"501","2015967","Lot 74","CLOSD","Lauradell Road, Hanover VA 23005","23005","Hanover","Single Family Residence","11/17/2020","$359,900","$373,246","0","New (never occupied)","2020","Lauradell","1,900","","2","2.1","Public Water","Sewer - Public","Cash","Corporate"
"501","2013842","734-781-6750","CLOSD","6748 Donahue Drive, Henrico VA 23059","23059","Henrico","Single Family Residence","11/17/2020","$576,595","$601,870","3","New (never occupied)","2020","Dominion Park at Wyndham","3,421","0.16","5","4.0","Public Water","Sewer - Public","Conventional","Corporate"
"501","2005797","773-740-0342","CLOSD","5300 Bindery Lane #UnitQ-8, Henrico VA 23230","23230","Henrico","Townhouse","11/17/2020","$404,900","$446,949","191","New (never occupied)","2020","Libbie Mill Townhomes","2,045","0.00","3","2.1","Public Water","Sewer - Public","Conventional","Other"
"501","2002491","21A  2 B   1","CLOSD","5700 Wensleydale Drive, New Kent VA 23124","23124","New Kent","Single Family Residence","11/17/2020","$339,000","$351,000","171","Resale (occupied at least once)","1986","Kenwood Farms","2,746","1.48","3","3.0","Public Water","Septic - Conventional","Conventional","Corporate"
"501","1906259","31-1-0-59-0","CLOSD","2544 Pony Farm Road, Goochland VA 23102","23102","Goochland","Single Family Residence","11/17/2020","$650,000","$620,000","538","Resale (occupied at least once)","1984","None","1,960","47.25","4","2.1","Well","Septic - Conventional","Cash","Individuals"
"501","2026462","W000-1521-004","CLOSD","3319 Monument Avenue, Richmond City VA 23221","23221","Richmond City","Single Family Residence","11/18/2020","$1,650,000","$1,600,000","16","Resale (occupied at least once)","1947","None","4,283","0.30","4","3.1","Public Water","Sewer - Public","Conventional","Individuals"
"501","2013861","711-67-87-27-000-000","CLOSD","5906 Scarlet Coat Place, Chesterfield VA 23120","23120","Chesterfield","Single Family Residence","11/18/2020","$401,950","$442,418","0","New (never occupied)","2020","Foxfield","3,040","","4","3.1","Public Water","Sewer - Public","Conventional","Corporate"
"501","2019992","786676495500000","CLOSD","3318 Cannington Drive, Chesterfield VA 23237","23237","Chesterfield","Single Family Residence","11/18/2020","$327,270","$327,270","0","New (never occupied)","2020","Silverleaf","2,149","","3","2.1","Public Water","Sewer - Public","FHA New","Corporate"
"501","2028629","734-71-86-09-000-000","CLOSD","12620 Robious Road, Chesterfield VA 23113","23113","Chesterfield","Single Family Residence","11/18/2020","$449,950","$462,500","4","Resale (occupied at least once)","2015","River Oaks","2,990","0.93","4","3.1","Public Water","Septic - Conventional","FHA New","Individuals"
"501","2023132","8714-81-4402","CLOSD","7103 Brooking Way, Hanover VA 23111","23111","Hanover","Single Family Residence","11/18/2020","$258,900","$250,000","36","Resale (occupied at least once)","1987","High Point Farms","1,820","0.65","5","2.0","Public Water","Sewer - Public","Conventional","Individuals"
"501","2026279","7840-01-2547","CLOSD","14794 Kelleys Ford Lane, Hanover VA 23059","23059","Hanover","Single Family Residence","11/18/2020","$837,000","$817,000","4","Resale (occupied at least once)","2005","Mountain Run","6,051","1.97","5","6.1","Community Well","Septic - Conventional","Conventional","Individuals"
"501","2023488","730-67-91-78-900-000","CLOSD","4304 Northwich Court, Chesterfield VA 23112","23112","Chesterfield","Single Family Residence","11/18/2020","$279,900","$292,000","4","Resale (occupied at least once)","1985","Northwich","1,808","","3","2.1","Public Water","Sewer - Public","Conventional","Individuals"
"501","2028076","776-64-12-12-100-000","CLOSD","6620 Masada Drive, Chesterfield VA 23838","23838","Chesterfield","Single Family Residence","11/18/2020","$419,900","$419,900","2","Resale (occupied at least once)","1989","Glebe Point West","2,813","1.14","4","2.1","Public Water","Septic - Conventional","Conventional","Individuals"
"501","2025535","821-723-2206","CLOSD","225 South Holly Avenue, Henrico VA 23075","23075","Henrico","Single Family Residence","11/18/2020","$199,950","$205,000","17","Resale (occupied at least once)","1965","Highland Springs","1,300","0.35","3","1.1","Public Water","Sewer - Public","FHA New","Corporate"
"501","2007990","768-778-9363","CLOSD","3409 Vasko Drive, Henrico VA 23059","23059","Henrico","Single Family Residence","11/18/2020","$601,085","$608,490","64","New (never occupied)","2020","Emerson Mill Section 1","3,636","","5","4.1","Public Water","Sewer - Public","Conventional","Corporate"
"501","2006248","765702410100000","CLOSD","7201 Carriage Pines Dr, Chesterfield VA 23235","23235","Chesterfield","Single Family Residence","11/18/2020","$240,650","$243,350","67","New (never occupied)","2020","Carriage Pines","1,640","","4","2.1","Public Water","Sewer - Public","FHA New","Corporate"
"501","2026753","036A-1-10","CLOSD","5350 Little Joe Drive, Powhatan VA 23139","23139","Powhatan","Single Family Residence","11/18/2020","$240,000","$236,000","32","Resale (occupied at least once)","2001","None","1,409","2.07","3","2.0","Well","Septic - Conventional","VHDA/FHA","Individuals"
"501","2029071","800-738-5456","CLOSD","1715 Parlow Drive, Henrico VA 23222","23222","Henrico","Single Family Residence","11/18/2020","$149,900","$150,000","17","Resale (occupied at least once)","1955","Wilhaven","936","0.24","3","1.0","Public Water","Sewer - Public","Conventional","Corporate"
"501","2031304","745-71-30-32-300-000","CLOSD","10901 Granada Road, Chesterfield VA 23235","23235","Chesterfield","Single Family Residence","11/18/2020","$259,900","$270,000","3","Resale (occupied at least once)","1971","Greenfield","2,143","0.24","4","2.1","Public Water","Sewer - Public","Conventional","Individuals"
"501","2031570","8724-18-8049","CLOSD","7301 Jackson Arch Drive, Hanover VA 23111","23111","Hanover","Townhouse","11/18/2020","$250,000","$250,000","5","Resale (occupied at least once)","2008","Liberty Trace","1,657","0.09","3","2.1","Public Water","Sewer - Public","FHA New","Individuals"
"501","2029043","782-66-72-11-900-000","CLOSD","9201 Rainwood Road, Chesterfield VA 23237","23237","Chesterfield","Single Family Residence","11/18/2020","$195,000","$202,000","11","Resale (occupied at least once)","1980","Chesswood","1,150","0.25","3","1.1","Public Water","Sewer - Public","FHA New","Individuals"
"501","2028038","752-743-9620","CLOSD","8708 Holly Hill Road, Henrico VA 23229","23229","Henrico","Single Family Residence","11/18/2020","$274,950","$275,000","25","Resale (occupied at least once)","1956","Ridgecrest","1,941","0.27","3","2.1","Public Water","Sewer - Public","Conventional","Individuals"
"501","2024420","N0000785012","CLOSD","2801 North Avenue, Richmond City VA 23222","23222","Richmond City","Single Family Residence","11/18/2020","$449,950","$445,000","22","Resale (occupied at least once)","1915","None","3,136","0.00","5","3.0","Public Water","Sewer - Public","Conventional","Individuals"
"501","2023183","763-69-16-31-700-000","CLOSD","3710 Malbon Way, Chesterfield VA 23832","23832","Chesterfield","Single Family Residence","11/18/2020","$200,000","$210,352","6","Resale (occupied at least once)","1989","Old Creek West","1,335","0.28","3","2.0","Public Water","Sewer - Public","Conventional","Individuals"
"501","2019271","l03-3025-2963","CLOSD","8824 Klamath Road, New Kent VA 23141","23141","New Kent","Single Family Residence","11/18/2020","$308,907","$318,596","0","New (never occupied)","2020","Dispatch Station Section 1","2,072","","3","2.1","Public Water","Septic - Alternative","Conventional","Corporate"
"501","2018408","8715-99-9235","CLOSD","7806 Millikin Lane, Hanover VA 23116","23116","Hanover","Single Family Residence","11/18/2020","$392,950","$476,155","0","New (never occupied)","2020","Bishops Park","2,793","","5","3.0","Public Water","Sewer - Public","Conventional","Corporate"
"501","2017128","723-65-66-39-400-000","CLOSD","11200 Hazelbury Court, Chesterfield VA 23112","23112","Chesterfield","Single Family Residence","11/18/2020","$364,990","$371,714","47","New (never occupied)","2020","Collington","2,511","0.28","5","3.0","Public Water","Sewer - Public","Conventional","Corporate"
"501","2013122","Lot 67","CLOSD","Vaughan Road, Hanover VA 23005","23005","Hanover","Single Family Residence","11/18/2020","$322,900","$346,783","0","New (never occupied)","2020","Lauradell","1,910","","3","2.1","Public Water","Sewer - Public","Conventional","Corporate"
"501","2031006","2-3-0-8-0","CLOSD","5323 Woodstone Court, Goochland VA 23093","23093","Goochland","Single Family Residence","11/18/2020","$449,950","$449,950","4","Resale (occupied at least once)","2006","Shannon Hills","3,224","3.52","5","4.0","Well","Septic - Conventional","Conventional","Individuals"
"501","2028119","780-66-43-45-300-000","CLOSD","9913 Dulverton Circle, Chesterfield VA 23237","23237","Chesterfield","Single Family Residence","11/18/2020","$174,950","$185,000","5","Resale (occupied at least once)","1981","Salem Woods","1,196","0.24","3","1.1","Public Water","Sewer - Public","VHDA/FHA","Individuals"
"501","2031379","744-753-5174","CLOSD","2220 Grainmill Court, Henrico VA 23233","23233","Henrico","Single Family Residence","11/18/2020","$229,500","$251,500","2","Resale (occupied at least once)","1984","Stonegate","1,177","0.24","3","2.0","Public Water","Sewer - Public","Conventional","Individuals"
"501","2014775","E000-0722-012","CLOSD","1108 North 32nd Street, Richmond City VA 23223","23223","Richmond City","Single Family Residence","11/18/2020","$168,750","$168,250","63","Resale (occupied at least once)","1949","None","1,768","0.17","3","1.0","Public Water","Sewer - Public","FHA New","Individuals"
"501","2023051","7986469790","CLOSD","14024 Laketree Dr, Chesterfield VA 23831","23831","Chesterfield","Single Family Residence","11/18/2020","$313,980","$313,980","36","New (never occupied)","2020","Forest Lake","2,246","","4","2.1","Public Water","Sewer - Public","FHA New","Corporate"
"501","2027704","711-67-88-13-900-000","CLOSD","5954 Swift Fox Drive, Chesterfield VA 23120","23120","Chesterfield","Single Family Residence","11/18/2020","$390,000","$388,000","7","Resale (occupied at least once)","2017","Foxcreek","2,912","0.10","4","2.1","Public Water","Sewer - Public","Conventional","Individuals"
"501","2030238","727-67-03-01-200-000","CLOSD","14004 Key Deer Drive, Chesterfield VA 23112","23112","Chesterfield","Single Family Residence","11/18/2020","$240,900","$254,000","5","Resale (occupied at least once)","1989","Deer Run","1,749","0.36","3","2.0","Public Water","Sewer - Public","VHDA/FHA","Individuals"
"501","2029684","753-767-7970","CLOSD","4800 Fort McHenry, Henrico VA 23060","23060","Henrico","Single Family Residence","11/18/2020","$358,500","$370,000","5","Resale (occupied at least once)","1988","The Forest At Innsbrook","2,154","0.25","4","2.1","Public Water","Sewer - Public","Conventional","Individuals"
"501","2019704","7840-41-5093","CLOSD","14546 Bud Lane, Hanover VA 23059","23059","Hanover","Single Family Residence","11/18/2020","$849,000","$830,000","92","Resale (occupied at least once)","2007","Mountain Run","5,300","1.11","5","4.1","Community Well","Community - Sewer/Septic","Conventional","Individuals"
"501","2029677","7799-38-9375","CLOSD","12421 North Oaks Drive, Hanover VA 23005","23005","Hanover","Single Family Residence","11/18/2020","$472,500","$472,500","5","Resale (occupied at least once)","1997","North Woods","3,482","1.34","4","3.1","Well","Septic - Conventional","Conventional","Individuals"
"501","2029758","824-690-6109","CLOSD","6805 Kidwelly Lane, Henrico VA 23231","23231","Henrico","Single Family Residence","11/18/2020","$305,000","$300,500","3","Resale (occupied at least once)","2009","Castleton","2,274","0.30","3","2.1","Public Water","Sewer - Public","FHA New","Individuals"
"501","2029118","740-69-37-08-900-000","CLOSD","1849 Bantry Drive, Chesterfield VA 23114","23114","Chesterfield","Single Family Residence","11/18/2020","$339,950","$339,950","11","Resale (occupied at least once)","2005","St James Woods","2,433","0.61","4","2.1","Public Water","Sewer - Public","FHA New","Individuals"
"501","2028295","792-65-18-91-700-000","CLOSD","12720 Percival Street, Chesterfield VA 23831","23831","Chesterfield","Single Family Residence","11/18/2020","$298,500","$301,000","19","Resale (occupied at least once)","1961","Chester","2,793","0.54","5","3.0","Public Water","Sewer - Public","Conventional","Partnership"
"501","2030428","781-762-9736","CLOSD","1426 Rhode Island Avenue, Henrico VA 23060","23060","Henrico","Single Family Residence","11/18/2020","$259,000","$281,000","5","Resale (occupied at least once)","1978","Biltmore","1,452","0.46","3","2.0","Public Water","Sewer - Public","Conventional","Individuals"
"501","2008840","7864-40-3478","CLOSD","12364 New Market Mill Road, Hanover VA 23015","23015","Hanover","Single Family Residence","11/18/2020","$645,000","$630,000","200","Resale (occupied at least once)","2008","Trevillian Estates","3,670","11.20","4","3.3","Well","Septic - Conventional","VA New","Individuals"
"501","2032361","757-762-4287","CLOSD","9309 Broad Meadows Road, Henrico VA 23060","23060","Henrico","Single Family Residence","11/18/2020","$209,500","$209,500","0","Resale (occupied at least once)","1978","Broad Meadows","1,788","0.19","3","2.0","Public Water","Sewer - Public","Cash","Individuals"
"501","2031776","S009-0104-030","CLOSD","2503 Coles Street, Richmond City VA 23234","23234","Richmond City","Single Family Residence","11/18/2020","$79,990","$93,000","6","Resale (occupied at least once)","1997","Villa Heights","998","0.17","3","1.0","Public Water","Sewer - Public","Cash","Individuals"
"501","2031558","N000-1819-010","CLOSD","1503 Avondale Avenue, Richmond City VA 23227","23227","Richmond City","Single Family Residence","11/18/2020","$239,950","$260,000","4","Resale (occupied at least once)","1920","Virginia Place","1,455","0.15","3","1.0","Public Water","Sewer - Public","Cash","Individuals"
"501","2031506","N000-1044-001","CLOSD","3130 Alvis Avenue, Richmond City VA 23222","23222","Richmond City","Single Family Residence","11/18/2020","$235,000","$235,000","5","Resale (occupied at least once)","1936","Alvista Heights","1,063","0.16","3","2.0","Public Water","Sewer - Public","Conventional","Corporate"
"501","2031496","760-69-13-57-700-000","CLOSD","3207 Wyntrebrooke Drive, Chesterfield VA 23235","23235","Chesterfield","Single Family Residence","11/18/2020","$299,950","$300,000","5","Resale (occupied at least once)","2010","Wyntrebrooke","1,787","0.40","3","2.0","Public Water","Sewer - Public","VA New","Individuals"
"501","2031437","760-743-6882","CLOSD","7520 Woodley Road, Henrico VA 23229","23229","Henrico","Single Family Residence","11/18/2020","$245,000","$250,000","4","Resale (occupied at least once)","1955","Tuckahoe Hills","1,050","0.29","3","1.0","Public Water","Sewer - Public","Conventional","Individuals"
"501","2031270","720-64-39-93-600-000","CLOSD","14331 River Road, Chesterfield VA 23838","23838","Chesterfield","Single Family Residence","11/18/2020","$575,000","$600,000","3","Resale (occupied at least once)","2003","None","3,012","6.58","4","2.1","Well","Septic - Conventional","Conventional","Individuals"
"501","2031118","798-735-7367","CLOSD","1412 Byron Street, Henrico VA 23222","23222","Henrico","Single Family Residence","11/18/2020","$129,000","$118,000","14","Resale (occupied at least once)","1940","East Highland Park","962","0.12","3","1.0","Public Water","Sewer - Public","Cash","Estate"
"501","2030990","824-723-1194","CLOSD","21 North Linden Avenue, Henrico VA 23075","23075","Henrico","Single Family Residence","11/18/2020","$105,000","$118,000","13","Resale (occupied at least once)","1950","Highland Springs","784","0.15","2","1.0","Public Water","Sewer - Public","Conventional","Individuals"
"501","2030939","W000-0989-007","CLOSD","2213 Idlewood Avenue, Richmond City VA 23220","23220","Richmond City","Single Family Residence","11/18/2020","$249,950","$240,000","3","Resale (occupied at least once)","1910","None","1,808","0.07","3","1.1","Public Water","Sewer - Public","Conventional","Individuals"
"501","2030897","774-753-6461","CLOSD","8217 Galway Lane, Henrico VA 23228","23228","Henrico","Single Family Residence","11/18/2020","$265,000","$272,500","5","Resale (occupied at least once)","1958","Sedgefield Manor","1,836","0.28","3","1.2","Public Water","Sewer - Public","Conventional","Individuals"
"501","2030864","750-752-9696","CLOSD","2112 Bambacus Road, Henrico VA 23229","23229","Henrico","Single Family Residence","11/18/2020","$265,900","$266,000","4","Resale (occupied at least once)","1999","Pembrooke","1,312","0.40","3","2.0","Well","Septic - Conventional","Conventional","Individuals"
"501","2030717","744-735-5372","CLOSD","9501 River Road, Henrico VA 23229","23229","Henrico","Single Family Residence","11/18/2020","$995,000","$1,145,000","6","Resale (occupied at least once)","1979","Tuckahoe North","3,500","1.65","5","3.1","Public Water","Sewer - Public","Conventional","Individuals"
"501","2029987","798-735-7845","CLOSD","3551 Waverly Boulevard, Henrico VA 23222","23222","Henrico","Single Family Residence","11/18/2020","$125,000","$120,000","0","Resale (occupied at least once)","1937","East Highland Park","1,580","0.38","3","1.1","Public Water","Sewer - Public","FHA New","Individuals"
"501","2029800","8714-81-2861","CLOSD","7121 Brooking Way, Hanover VA 23111","23111","Hanover","Single Family Residence","11/18/2020","$244,000","$244,000","0","Resale (occupied at least once)","1987","High Point Farms","1,296","0.37","4","2.0","Public Water","Septic - Conventional","Conventional","Individuals"
"501","2029786","749-70-08-68-500-000","CLOSD","502 Kennesaw Court, Chesterfield VA 23236","23236","Chesterfield","Single Family Residence","11/18/2020","$225,000","$233,000","5","Resale (occupied at least once)","1981","The Colony","1,536","0.35","3","2.1","Public Water","Sewer - Public","Conventional","Individuals"
"501","2029732","770-739-0825","CLOSD","5817 Fitzhugh Avenue, Henrico VA 23226","23226","Henrico","Single Family Residence","11/18/2020","$515,000","$535,000","4","Resale (occupied at least once)","1950","Westwood Home Sites","2,300","0.31","3","2.1","Public Water","Sewer - Public","Conventional","Individuals"
"501","2029713","742-735-7443","CLOSD","302 Cheswick Lane, Henrico VA 23229","23229","Henrico","Single Family Residence","11/18/2020","$939,950","$1,105,000","5","Resale (occupied at least once)","1986","Cheswick","4,072","1.22","4","4.1","Public Water","Sewer - Public","Conventional","Individuals"
"501","2029670","760-752-5857","CLOSD","3000 Rudolph Road, Henrico VA 23294","23294","Henrico","Single Family Residence","11/18/2020","$300,000","$300,000","4","Resale (occupied at least once)","1979","Heatherfield","1,614","0.47","3","2.1","Public Water","Sewer - Public","Conventional","Individuals"
"501","2029560","8704-28-3567","CLOSD","7456 Shire Parkway, Hanover VA 23111","23111","Hanover","Single Family Residence","11/18/2020","$235,000","$235,000","6","Resale (occupied at least once)","1990","Brookshire","1,126","0.35","3","1.1","Public Water","Sewer - Public","Conventional","Individuals"
"501","2029048","760-70-71-86-700-000","CLOSD","8017 Buford Commons, Chesterfield VA 23235","23235","Chesterfield","Single Family Residence","11/18/2020","$223,900","$215,000","6","Resale (occupied at least once)","1984","Rolling Hill At Buford","1,649","0.09","3","2.0","Public Water","Sewer - Public","Conventional","Individuals"
"501","2027964","8715-54-5152","CLOSD","7228 Bellspring Drive, Hanover VA 23111","23111","Hanover","Single Family Residence","11/18/2020","$278,900","$278,900","10","Resale (occupied at least once)","1972","Meadow Gate","2,060","0.40","3","1.1","Public Water","Sewer - Public","VHDA ","Individuals"
"501","2027817","725-71-03-59-300-000","CLOSD","14206 Michaux Springs Drive, Chesterfield VA 23113","23113","Chesterfield","Single Family Residence","11/18/2020","$545,000","$545,000","33","Resale (occupied at least once)","2016","Winterfield Park","3,314","0.12","4","4.1","Public Water","Sewer - Public","Cash","Estate"
"501","2027496","748-70-25-75-500-000","CLOSD","10024 Wenatchee Terrace, Chesterfield VA 23236","23236","Chesterfield","Single Family Residence","11/18/2020","$219,950","$232,500","6","Resale (occupied at least once)","1977","Reams Run","1,665","0.21","3","2.1","Public Water","Sewer - Public","FHA New","Individuals"
"501","2027277","743-757-3357","CLOSD","11434 Ivy Home Place, Henrico VA 23233","23233","Henrico","Single Family Residence","11/18/2020","$599,950","$593,662","5","Resale (occupied at least once)","1991","Windsor Place West","3,696","0.39","4","3.1","Public Water","Sewer - Public","Conventional","Individuals"
"501","2025095","E000-0515-010","CLOSD","1102 North 22nd Street, Richmond City VA 23223","23223","Richmond City","Single Family Residence","11/18/2020","$120,000","$137,000","2","Resale (occupied at least once)","1910","Fairmount Park","1,936","","3","2.0","Public Water","Sewer - Public","Conventional","Individuals"
"501","2022305","735-781-0252","CLOSD","12453 Donahue Road, Henrico VA 23059","23059","Henrico","Single Family Residence","11/18/2020","$593,100","$603,986","56","New (never occupied)","2020","Dominion Park At Wyndham","2,850","0.22","4","3.1","Public Water","Sewer - Public","Cash","Corporate"
"501","2020648","769-67-67-19-500-000","CLOSD","6701 Whisperwood Drive, Chesterfield VA 23234","23234","Chesterfield","Single Family Residence","11/18/2020","$359,900","$350,000","72","Resale (occupied at least once)","2015","Watermark","2,775","0.24","3","2.1","Public Water","Sewer - Public","FHA New","Individuals"
"501","2020219","58-50-10-5-0","CLOSD","307 Piping Rock Road, Goochland VA 23103","23103","Goochland","Single Family Residence","11/18/2020","$602,545","$604,469","55","New (never occupied)","2020","Kinloch","2,397","0.25","3","3.1","Public Water","Sewer - Public","Conventional","Corporate"
"501","2016457","811-731-2806","CLOSD","3813 Seasons Lane, Henrico VA 23223","23223","Henrico","Single Family Residence","11/18/2020","$354,185","$354,185","0","New (never occupied)","2020","Kensington Meadows","2,767","","3","2.1","Public Water","Sewer - Public","VA New","Corporate"
"501","2014319","745625044000000","CLOSD","15648 Corte Castle Terrace, Chesterfield VA 23838","23838","Chesterfield","Single Family Residence","11/18/2020","$322,000","$315,800","19","New (never occupied)","2020","Rivers Trace","2,257","0.92","4","2.1","Public Water","Septic - Conventional","Conventional","Corporate"
"501","1935186","741-771-1620","CLOSD","11515 Grey Oaks Estates Run, Henrico VA 23059","23059","Henrico","Single Family Residence","11/18/2020","$810,000","$831,605","79","New (never occupied)","2020","Estates at Grey Oaks South Section 2","4,017","0.33","5","4.0","Public Water","Sewer - Public","Conventional","Corporate"
"501","1924985","708699827400000","CLOSD","1337 Ascot Hill Terrace, Chesterfield VA 23112","23112","Chesterfield","Single Family Residence","11/18/2020","$581,900","$714,849","173","New (never occupied)","2019","Hallsley","3,427","0.42","5","4.0","Public Water","Sewer - Public","Conventional","Corporate"
"501","1922130","719657288000000","CLOSD","14740 BEACH Road, Chesterfield VA 23832","23832","Chesterfield","Single Family Residence","11/18/2020","$338,000","$418,000","2","New (never occupied)","2019","None","1,709","4.06","3","2.0","Public Water","Septic - Conventional","Conventional","Other"
"501","2027755","825-716-1283","CLOSD","107 Jackson Avenue, Henrico VA 23150","23150","Henrico","Single Family Residence","11/19/2020","$179,000","$160,000","8","Resale (occupied at least once)","1952","Sandston","1,248","0.40","3","1.1","Public Water","Sewer - Public","FHA New","Individuals"
"501","2021717","745 626 5303 00000","CLOSD","15613 Corte Castle Terrace, Chesterfield VA 23838","23838","Chesterfield","Single Family Residence","11/19/2020","$314,500","$324,495","69","New (never occupied)","2020","Rivers Trace","2,052","0.94","4","3.0","Public Water","Septic - Conventional","Conventional","Corporate"
"501","2008697","782676827500000","CLOSD","7619 Lawnbrook Drive, Chesterfield VA 23237","23237","Chesterfield","Single Family Residence","11/19/2020","$249,765","$249,765","14","New (never occupied)","2020","Hopkins Forest","1,440","","3","2.1","Public Water","Sewer - Public","FHA New","Corporate"
"501","2024478","W000-1166-069","CLOSD","2601 Kensington Avenue, Richmond City VA 23220","23220","Richmond City","Single Family Residence","11/19/2020","$799,950","$799,950","32","Resale (occupied at least once)","2016","None","2,415","0.08","3","2.1","Public Water","Sewer - Public","VA New","Individuals"
"501","2028981","711-71-39-26-500-000","CLOSD","1900 Regiment Terrace, Chesterfield VA 23113","23113","Chesterfield","Single Family Residence","11/19/2020","$490,000","$490,000","3","Resale (occupied at least once)","2002","Huguenot Ridge","3,300","1.03","4","3.1","Public Water","Septic - Conventional","Conventional","Individuals"
"501","2008966","777671136700000","CLOSD","5731 Reedy Springs Drive, Chesterfield VA 23237","23237","Chesterfield","Single Family Residence","11/19/2020","$314,950","$357,030","106","New (never occupied)","2020","Reedy Springs","2,203","","3","2.0","Public Water","Sewer - Public","Conventional","Corporate"
"501","2026947","743-760-5420","CLOSD","2104 Liesfeld Parkway #Unit2104, Henrico VA 23060","23060","Henrico","Townhouse","11/19/2020","$389,500","$390,000","39","Resale (occupied at least once)","2015","West Broad Village","2,234","0.03","3","2.2","Public Water","Sewer - Public","Conventional","Individuals"
"501","2017747","C006-0607-006","CLOSD","4741 Cooks Road, Richmond City VA 23224","23224","Richmond City","Single Family Residence","11/19/2020","$249,950","$242,950","36","Resale (occupied at least once)","1953","Mcguire Manor","2,137","0.46","4","2.0","Public Water","Sewer - Public","Owner Finance","Corporate"
"501","2027049","014-3-2F","CLOSD","4741 Powhatan Lakes Road, Powhatan VA 23139","23139","Powhatan","Single Family Residence","11/19/2020","$399,500","$399,500","38","New (never occupied)","2020","None","2,069","4.00","4","3.0","Well","Septic - Conventional","Conventional","Corporate"
"501","2031337","770-66-42-70-000-000","CLOSD","7111 Stonington Court #Unit7111, Chesterfield VA 23832","23832","Chesterfield","Townhouse","11/19/2020","$165,000","$167,000","6","Resale (occupied at least once)","1992","Branchs Trace","1,120","0.07","2","1.1","Public Water","Sewer - Public","FHA New","Individuals"
"501","2023008","TBD","CLOSD","8016 Wistar Glen Drive #UnitB, Henrico VA 23228","23228","Henrico","Condominium","11/19/2020","$299,668","$299,668","89","New (never occupied)","2020","Wistar Glen","2,452","","3","2.1","Public Water","Sewer - Public","Conventional","Corporate"
"501","2031146","736-778-1945","CLOSD","5844 Ascot Glen Drive, Henrico VA 23059","23059","Henrico","Single Family Residence","11/19/2020","$625,000","$610,000","6","Resale (occupied at least once)","1997","Ascot Glen Wyndham","3,522","0.34","5","3.1","Public Water","Sewer - Public","Conventional","Individuals"
"501","2028188","783-66-53-62-200-000","CLOSD","9467 Lost Forest Drive, Chesterfield VA 23237","23237","Chesterfield","Single Family Residence","11/19/2020","$243,000","$233,000","21","Resale (occupied at least once)","1979","Lost Forest","1,512","0.23","3","2.0","Public Water","Sewer - Public","VHDA/FHA","Individuals"
"501","2029911","S000-0491-004","CLOSD","303 West 24th Street, Richmond City VA 23225","23225","Richmond City","Single Family Residence","11/19/2020","$249,950","$250,000","16","Resale (occupied at least once)","1919","None","1,620","0.16","4","1.1","Public Water","Sewer - Public","Conventional","Individuals"
"501","2028007","779-67-66-15-200-000","CLOSD","4630 Black Oak Road, Chesterfield VA 23237","23237","Chesterfield","Single Family Residence","11/19/2020","$195,000","$200,000","3","Resale (occupied at least once)","1983","Brentwood","1,494","0.27","3","2.0","Public Water","Sewer - Public","Conventional","Individuals"
"501","2025636","E012-0283-013","CLOSD","1801 North 19th Street, Richmond City VA 23223","23223","Richmond City","Single Family Residence","11/19/2020","$159,900","$155,000","23","Resale (occupied at least once)","1949","Mechanicsville Gardens","780","0.24","2","1.1","Public Water","Sewer - Public","FHA New","Corporate"
"501","2019846","824660027900000","CLOSD","11932 James Overlook Circle, Chesterfield VA 23836","23836","Chesterfield","Single Family Residence","11/19/2020","$449,070","$460,070","56","New (never occupied)","2020","Meadowville Landing","2,953","","5","4.0","Public Water","Sewer - Public","VA New","Corporate"
"501","2013216","58-55-2-42-0","CLOSD","12247 Bremner Ridge Circle, Goochland VA 23103","23103","Goochland","Single Family Residence","11/19/2020","$456,099","$433,856","74","New (never occupied)","2020","Readers Branch","2,106","","3","2.0","Public Water","Sewer - Public","Conventional","Corporate"
"501","2008632","785-65-90-22-700-000","CLOSD","11024 Chippoke Place, Chesterfield VA 23831","23831","Chesterfield","Single Family Residence","11/19/2020","$402,950","$466,422","0","New (never occupied)","2020","Wellington Farms","2,765","","3","3.0","Public Water","Sewer - Public","Conventional","Corporate"
"501","2006641","TBD","CLOSD","Thorncliff Road, Hanover VA 23005","23005","Hanover","Single Family Residence","11/19/2020","$437,899","$437,899","0","New (never occupied)","2020","Lauradell","2,716","","3","2.1","Public Water","Sewer - Public","Conventional","Corporate"
"501","2021334","770-67-74-64-700-000","CLOSD","6807 Swanhaven Drive, Chesterfield VA 23234","23234","Chesterfield","Single Family Residence","11/19/2020","$414,900","$407,000","58","Resale (occupied at least once)","2016","Watermark","4,007","0.27","4","3.1","Public Water","Sewer - Public","VA New","Individuals"
"501","2029808","811-65-42-33-000-000","CLOSD","406 Rivers Bend Circle, Chesterfield VA 23836","23836","Chesterfield","Single Family Residence","11/19/2020","$400,000","$400,000","3","Resale (occupied at least once)","1988","Rivers Bend","3,089","0.98","5","3.1","Public Water","Septic - Conventional","Conventional","Individuals"
"501","2029490","8723-09-2199","CLOSD","6498 Luther Bosher Lane, Hanover VA 23111","23111","Hanover","Single Family Residence","11/19/2020","$234,500","$232,391","14","Resale (occupied at least once)","1989","High Point Farms","1,596","0.27","4","2.0","Public Water","Sewer - Public","Conventional","Individuals"
"501","2030395","S000-0412-012","CLOSD","30 West 21st Street, Richmond City VA 23225","23225","Richmond City","Single Family Residence","11/19/2020","$189,000","$196,000","10","New (never occupied)","2020","Atkinsons Plan","1,144","0.07","3","2.0","Public Water","Sewer - Public","VHDA ","Corporate"
"501","2031863","N000-0760-009","CLOSD","2701 Northumberland Avenue, Richmond City VA 23220","23220","Richmond City","Single Family Residence","11/19/2020","$345,000","$335,000","3","Resale (occupied at least once)","1927","Hammond Place","2,310","0.17","3","2.2","Public Water","Sewer - Public","Conventional","Corporate"
"501","2028815","43-30-0-1-0","CLOSD","1800 Longwood Drive, Goochland VA 23102","23102","Goochland","Single Family Residence","11/19/2020","$650,000","$640,000","14","Resale (occupied at least once)","1996","Longwood Iv","6,095","10.32","4","2.2","Well","Septic - Conventional","Conventional","Individuals"
"501","2031655","737-754-3060","CLOSD","12008 Lab Court, Henrico VA 23233","23233","Henrico","Single Family Residence","11/19/2020","$395,000","$402,000","4","Resale (occupied at least once)","1990","Retreiver Ridge","2,651","0.33","4","2.1","Public Water","Sewer - Public","Conventional","Individuals"
"501","2029621","053C-4-8","CLOSD","2130 Eastwood Pine Court, Powhatan VA 23120","23120","Powhatan","Single Family Residence","11/19/2020","$365,000","$370,000","2","Resale (occupied at least once)","1994","Genito West","2,628","2.87","4","2.1","Well","Septic - Conventional","Conventional","Individuals"
"501","2030685","8704-76-4337","CLOSD","7325 Strain Avenue, Hanover VA 23111","23111","Hanover","Single Family Residence","11/19/2020","$184,500","$184,500","6","Resale (occupied at least once)","1948","None","900","0.28","2","1.0","Public Water","Sewer - Public","VHDA ","Individuals"
"501","2029325","21A  2 F   5","CLOSD","5940 Hingham Drive, New Kent VA 23124","23124","New Kent","Single Family Residence","11/19/2020","$349,950","$345,000","11","Resale (occupied at least once)","1989","Kenwood Farms","2,590","0.72","3","2.1","Community Well","Septic - Conventional","Conventional","Individuals"
"501","1939585","738678115800000","CLOSD","12513 Wescott Drive, Chesterfield VA 23112","23112","Chesterfield","Townhouse","11/19/2020","$282,200","$293,345","0","New (never occupied)","2019","None","1,969","","3","2.1","Public Water","Sewer - Public","Conventional","Corporate"
"501","2031613","747-746-3559.315","CLOSD","1507 Thistle Road #Unit201, Henrico VA 23238","23238","Henrico","Condominium","11/19/2020","$149,900","$149,900","1","Resale (occupied at least once)","1981","Regency Woods Condominiums","1,090","0.03","2","2.0","Public Water","Sewer - Public","Cash","Individuals"
"501","2031556","747-70-31-48-800-000","CLOSD","11 Big Meadows Court, Chesterfield VA 23236","23236","Chesterfield","Single Family Residence","11/19/2020","$239,950","$235,000","6","Resale (occupied at least once)","1983","Shenandoah Hills","1,416","0.49","3","2.1","Public Water","Sewer - Public","Conventional","Individuals"
"501","2029396","738-778-0633","CLOSD","5712 Oak Mill Court, Henrico VA 23059","23059","Henrico","Single Family Residence","11/19/2020","$549,950","$567,000","5","Resale (occupied at least once)","1996","Oak Mill At Millstone","3,442","0.28","5","2.1","Public Water","Sewer - Public","Conventional","Individuals"
"501","2030714","751-70-07-08-600-000","CLOSD","9315 Radborne Road, Chesterfield VA 23236","23236","Chesterfield","Single Family Residence","11/19/2020","$219,500","$215,000","7","Resale (occupied at least once)","1973","Archway","2,238","0.36","5","3.0","Public Water","Sewer - Public","Conventional","Individuals"
"501","2030293","729-70-67-81-500-000","CLOSD","613 Village Gate Drive, Chesterfield VA 23114","23114","Chesterfield","Single Family Residence","11/19/2020","$235,000","$245,000","2","Resale (occupied at least once)","2003","Sycamore Village","1,417","0.20","3","2.1","Public Water","Sewer - Public","Conventional","Individuals"
"501","2031660","735-71-11-73-000-000","CLOSD","1551 Wagonwheel Road, Chesterfield VA 23113","23113","Chesterfield","Single Family Residence","11/19/2020","$275,000","$286,000","5","Resale (occupied at least once)","1977","Olde Coach Village","1,923","0.41","4","2.1","Public Water","Sewer - Public","Conventional","Individuals"
"501","2031054","N000-1823-028","CLOSD","1322 West Laburnum Avenue, Richmond City VA 23227","23227","Richmond City","Single Family Residence","11/19/2020","$349,000","$353,000","4","Resale (occupied at least once)","1949","Brookdale","1,788","0.15","3","2.0","Public Water","Sewer - Public","Conventional","Individuals"
"501","2030105","805-733-1801","CLOSD","3423 Reynolds Road, Henrico VA 23223","23223","Henrico","Single Family Residence","11/19/2020","$129,000","$125,000","13","Resale (occupied at least once)","1950","Glenwood Farms","799","0.18","2","1.0","Public Water","Sewer - Public","Conventional","Individuals"
"501","2029939","W000-0996-035","CLOSD","5 Strawberry Street, Richmond City VA 23220","23220","Richmond City","Single Family Residence","11/19/2020","$355,000","$390,000","3","Resale (occupied at least once)","1915","None","1,280","0.03","3","1.0","Public Water","Sewer - Public","Conventional","Individuals"
"501","2023138","711-67-89-46-700-000","CLOSD","5918 Scarlet Coat Place, Chesterfield VA 23120","23120","Chesterfield","Single Family Residence","11/19/2020","$523,950","$510,000","57","New (never occupied)","2020","Foxfield","3,385","0.43","5","4.1","Public Water","Sewer - Public","Conventional","Corporate"
"501","2031452","C003-0152-007","CLOSD","7822 Burrundie Drive, Richmond City VA 23225","23225","Richmond City","Single Family Residence","11/19/2020","$485,000","$530,000","5","Resale (occupied at least once)","1965","Stratford Hills","3,620","0.71","4","3.1","Public Water","Sewer - Public","Conventional","Individuals"
"501","2030393","793-65-27-78-200-000","CLOSD","12548 Petersburg Street, Chesterfield VA 23831","23831","Chesterfield","Single Family Residence","11/19/2020","$245,000","$255,351","5","Resale (occupied at least once)","1956","Chester","1,998","0.51","4","2.0","Public Water","Sewer - Public","Conventional","Individuals"
"501","2028705","738-69-31-99-700-000","CLOSD","1912 Valerie Drive, Chesterfield VA 23114","23114","Chesterfield","Single Family Residence","11/19/2020","$319,900","$337,000","2","Resale (occupied at least once)","1999","Westbury","2,169","0.23","4","2.1","Public Water","Sewer - Public","Conventional","Individuals"
"501","2032270","757-754-0110","CLOSD","9200 Old Mayland Way, Henrico VA 23294","23294","Henrico","Townhouse","11/19/2020","$275,000","$275,000","5","Resale (occupied at least once)","2011","Mayland Townes","1,836","0.09","3","2.1","Public Water","Sewer - Public","Conventional","Individuals"
"501","2032156","43-40-C-12-0","CLOSD","2 Jockey Ridge Road, Goochland VA 23102","23102","Goochland","Single Family Residence","11/19/2020","$667,465","$667,465","0","New (never occupied)","2020","Breeze Hill","3,500","2.95","4","3.1","Well","Septic - Conventional","Cash","Corporate"
"501","2031908","8705-48-1633","CLOSD","8441 Rainey Drive, Hanover VA 23116","23116","Hanover","Single Family Residence","11/19/2020","$289,950","$265,000","4","Resale (occupied at least once)","1970","Holly Ridge","1,826","0.50","3","2.0","Other","Sewer - Public","Cash","Individuals"
"501","2031877","824-726-0575","CLOSD","306 West Washington Street, Henrico VA 23075","23075","Henrico","Single Family Residence","11/19/2020","$135,000","$135,000","3","Resale (occupied at least once)","1977","Meadowview","1,300","0.21","3","1.1","Public Water","Sewer - Public","Cash","Individuals"
"501","2031754","796-67-25-47-800-000","CLOSD","9012 Germont Avenue, Chesterfield VA 23237","23237","Chesterfield","Single Family Residence","11/19/2020","$229,000","$226,000","2","Resale (occupied at least once)","1979","Bellwood Heights Dev","1,264","0.30","3","2.0","Public Water","Sewer - Public","FHA New","Individuals"
"501","2031722","7880-22-1499","CLOSD","891 Sweet Tessa Drive, Hanover VA 23005","23005","Hanover","Townhouse","11/19/2020","$195,895","$198,000","2","Resale (occupied at least once)","2010","Cottage Green Townes","1,458","0.03","3","2.1","Public Water","Sewer - Public","VHDA ","Individuals"
"501","2031551","W000-1599-023","CLOSD","104 North Crenshaw Avenue, Richmond City VA 23221","23221","Richmond City","Single Family Residence","11/19/2020","$429,000","$442,000","6","Resale (occupied at least once)","1923","None","1,424","0.04","3","1.2","Public Water","Sewer - Public","Conventional","Individuals"
"501","2031411","743-760-0611","CLOSD","3817 Barn Owl Lane, Henrico VA 23060","23060","Henrico","Townhouse","11/19/2020","$559,500","$540,000","18","Resale (occupied at least once)","2010","West Broad Village","3,462","0.03","5","3.2","Public Water","Sewer - Public","Cash","Individuals"
"501","2031381","821-64-48-50-600-000","CLOSD","14613 Loren Drive, Chesterfield VA 23836","23836","Chesterfield","Single Family Residence","11/19/2020","$239,000","$255,500","4","Resale (occupied at least once)","1975","Bury","1,565","0.23","3","1.1","Public Water","Sewer - Public","Conventional","Individuals"
"501","2031275","776-747-5535","CLOSD","2906 Kenwood Avenue, Henrico VA 23228","23228","Henrico","Single Family Residence","11/19/2020","$254,950","$270,000","5","Resale (occupied at least once)","1958","Pinehurst Gardens","1,473","0.23","3","2.0","Public Water","Sewer - Public","Conventional","Individuals"
"501","2031224","751-750-2178","CLOSD","9405 Pinebluff Drive, Henrico VA 23229","23229","Henrico","Single Family Residence","11/19/2020","$365,000","$365,000","3","Resale (occupied at least once)","1974","Pinedale Estates","2,970","0.39","4","2.1","Public Water","Sewer - Public","Conventional","Individuals"
"501","2031219","779-744-6817","CLOSD","2414 Buckingham Avenue, Henrico VA 23228","23228","Henrico","Single Family Residence","11/19/2020","$298,500","$331,291","4","Resale (occupied at least once)","1948","Bryan Parkway","1,611","0.20","3","1.1","Public Water","Sewer - Public","VA New","Individuals"
"501","2031110","W019-0095-001","CLOSD","4721 Cutshaw Avenue, Richmond City VA 23230","23230","Richmond City","Single Family Residence","11/19/2020","$260,000","$260,000","4","Resale (occupied at least once)","1952","Monument Avenue Park","1,076","0.15","3","1.0","Public Water","Sewer - Public","Cash","Individuals"
"501","2030999","807-725-0874","CLOSD","3913 Hallwood Farms Road, Henrico VA 23223","23223","Henrico","Single Family Residence","11/19/2020","$244,900","$246,400","0","Resale (occupied at least once)","2001","Hallwood Farms","1,944","0.31","4","2.1","Public Water","Sewer - Public","Conventional","Individuals"
"501","2030972","763-68-33-19-200-000","CLOSD","7418 Pennbrook Court, Chesterfield VA 23832","23832","Chesterfield","Single Family Residence","11/19/2020","$175,000","$206,000","5","Resale (occupied at least once)","1987","Pennwood","1,198","0.44","3","2.0","Public Water","Sewer - Public","Conventional","Individuals"
"501","2030818","783-67-80-24-700-000","CLOSD","4001 Deanwood Drive, Chesterfield VA 23237","23237","Chesterfield","Single Family Residence","11/19/2020","$218,000","$221,000","3","Resale (occupied at least once)","1976","Fuqua Farms","1,652","0.36","3","2.0","Public Water","Sewer - Public","Conventional","Individuals"
"501","2030735","761-774-4432","CLOSD","11427 Hunton Cottage Court, Henrico VA 23059","23059","Henrico","Single Family Residence","11/19/2020","$434,900","$434,900","2","Resale (occupied at least once)","2014","The Cottages At Hunton Park","2,735","0.17","4","2.1","Public Water","Sewer - Public","Conventional","Individuals"
"501","2030634","715-67-40-56-200-000","CLOSD","6135 Fox Haven Terrace, Chesterfield VA 23112","23112","Chesterfield","Single Family Residence","11/19/2020","$525,000","$526,000","4","Resale (occupied at least once)","1997","Foxcroft","4,189","0.61","5","4.1","Public Water","Sewer - Public","Conventional","Individuals"
"501","2030602","735-748-5476","CLOSD","10837 Smithers Court, Henrico VA 23238","23238","Henrico","Townhouse","11/19/2020","$239,000","$233,000","13","Resale (occupied at least once)","1986","Sussex Wood","1,268","0.04","2","2.1","Public Water","Sewer - Public","Conventional","Individuals"
"501","2029977","7880-77-4555","CLOSD","13365 Slayden Circle, Hanover VA 23005","23005","Hanover","Single Family Residence","11/19/2020","$445,000","$430,000","7","Resale (occupied at least once)","2015","Woodside Estates","2,828","0.41","4","2.1","Public Water","Sewer - Public","Conventional","Individuals"
"501","2029777","8716-33-8814","CLOSD","7315 Kentford Circle, Hanover VA 23116","23116","Hanover","Single Family Residence","11/19/2020","$299,950","$300,000","11","Resale (occupied at least once)","1969","Avondale","2,044","0.56","3","2.0","Community Well","Septic - Conventional","Conventional","Individuals"
"501","2029753","777-68-55-69-200-000","CLOSD","5505 Lakemere Drive, Chesterfield VA 23234","23234","Chesterfield","Single Family Residence","11/19/2020","$255,000","$255,000","8","Resale (occupied at least once)","2000","Braxton","1,702","0.18","2","2.0","Public Water","Sewer - Public","Cash","Individuals"
"501","2029659","740-68-91-92-300-000","CLOSD","2819 Iverson Road, Chesterfield VA 23112","23112","Chesterfield","Single Family Residence","11/19/2020","$220,000","$226,000","5","Resale (occupied at least once)","1985","Clarendon","1,386","0.24","3","2.0","Public Water","Sewer - Public","VA New","Individuals"
"501","2029505","747-746-3559.050","CLOSD","1507 Largo Road #Unit202, Henrico VA 23238","23238","Henrico","Condominium","11/19/2020","$159,900","$150,000","41","Resale (occupied at least once)","1976","Regency Woods Condominiums","1,239","0.03","2","2.0","Public Water","Sewer - Public","Cash","Individuals"
"501","2029382","721-70-63-85-400-000","CLOSD","14511 Charlemagne Court, Chesterfield VA 23114","23114","Chesterfield","Single Family Residence","11/19/2020","$289,995","$300,000","26","Resale (occupied at least once)","1973","Otterdale","1,816","0.43","3","2.0","Public Water, Well","Septic - Conventional","Conventional","Individuals"
"501","2029298","741-740-6659","CLOSD","418 Bonruth Place, Henrico VA 23238","23238","Henrico","Single Family Residence","11/19/2020","$985,000","$995,000","2","Resale (occupied at least once)","2001","Riverlake Colony","5,987","0.40","6","4.2","Public Water","Sewer - Public","Cash","Individuals"
"501","2029094","C006-0607-057","CLOSD","4801 Lovells Road, Richmond City VA 23224","23224","Richmond City","Single Family Residence","11/19/2020","$115,950","$116,500","4","Resale (occupied at least once)","1956","Cranford Heights","863","0.35","3","1.0","Public Water","Sewer - Public","Conventional","Individuals"
"501","2029068","777-764-4112","CLOSD","3821 Spring Lake Place, Henrico VA 23060","23060","Henrico","Single Family Residence","11/19/2020","$348,000","$348,000","5","Resale (occupied at least once)","2009","Spring Lake","2,246","0.38","4","2.1","Public Water","Sewer - Public","Conventional","Individuals"
"501","2028947","755-762-3435","CLOSD","9508 Meredith Creek Lane, Henrico VA 23060","23060","Henrico","Townhouse","11/19/2020","$300,000","$295,000","15","Resale (occupied at least once)","2003","The Townes At Meredith Creek","1,842","0.09","3","2.1","Public Water","Sewer - Public","Conventional","Individuals"
"501","2028807","768-760-6096","CLOSD","9406 Tracey Lynne Circle, Henrico VA 23060","23060","Henrico","Townhouse","11/19/2020","$174,950","$175,000","4","Resale (occupied at least once)","1989","Laurel Lakes Ths","1,220","0.04","3","1.1","Public Water","Sewer - Public","FHA New","Individuals"
"501","2028787","744-769-5918","CLOSD","4824 Saddleridge Court, Henrico VA 23059","23059","Henrico","Single Family Residence","11/19/2020","$459,950","$464,000","4","Resale (occupied at least once)","2000","Saddleridge At Twin Hickory","2,862","0.21","4","2.1","Public Water","Sewer - Public","Conventional","Individuals"
"501","2028707","756-746-0264","CLOSD","8313 Erma Lane, Henrico VA 23229","23229","Henrico","Single Family Residence","11/19/2020","$239,950","$239,950","4","Resale (occupied at least once)","1955","Michael Hills Addition","1,104","0.27","3","1.0","Public Water","Sewer - Public","Conventional","Individuals"
"501","2028449","732-71-60-98-800-000","CLOSD","12921 Framar Drive, Chesterfield VA 23113","23113","Chesterfield","Single Family Residence","11/19/2020","$525,000","$530,000","4","Resale (occupied at least once)","1994","Salisbury","3,632","0.94","5","3.1","Public Water","Sewer - Public","Conventional","Estate"
"501","2028308","S006-0116-017","CLOSD","5105 Evelyn Byrd Road, Richmond City VA 23225","23225","Richmond City","Single Family Residence","11/19/2020","$449,000","$460,000","6","Resale (occupied at least once)","1947","Westover Hills","2,307","0.27","3","2.0","Public Water","Sewer - Public","Conventional","Individuals"
"501","2028269","10   1     5A","CLOSD","11181 New Town Road, New Kent VA 23124","23124","New Kent","Single Family Residence","11/19/2020","$259,000","$252,250","35","Resale (occupied at least once)","2015","None","1,381","1.75","3","2.0","Well","Septic - Conventional","FHA New","Individuals"
"501","2027588","817-721-5360","CLOSD","616 Lenten Rose Lane #Unit616, Henrico VA 23223","23223","Henrico","Townhouse","11/19/2020","$212,000","$214,000","5","Resale (occupied at least once)","2018","The Townes At Oakleys Bluff","1,292","0.06","3","2.1","Public Water","Sewer - Public","Conventional","Individuals"
"501","2026905","N000-0577-050","CLOSD","1202 Moore Street #Unit1202, Richmond City VA 23220","23220","Richmond City","Townhouse","11/19/2020","$150,000","$145,000","9","Resale (occupied at least once)","1962","Hartshorn Townhouse","932","0.11","3","1.1","Public Water","Sewer - Public","Conventional","Individuals"
"501","2024215","042A-3B-21","CLOSD","1579 Dogwood Road, Powhatan VA 23139","23139","Powhatan","Single Family Residence","11/19/2020","$319,950","$325,000","19","Resale (occupied at least once)","1975","None","1,982","0.75","4","3.0","Well","Septic - Conventional","Conventional","Corporate"
"501","2023474","8727-43-1378","CLOSD","6304 Studley Road, Hanover VA 23116","23116","Hanover","Single Family Residence","11/19/2020","$665,000","$670,000","6","Resale (occupied at least once)","1982","None","2,411","42.12","3","3.1","Well","Septic - Conventional","Conventional","Individuals"
"501","2022822","781-767-5500","CLOSD","1615 Main Boulevard, Henrico VA 23059","23059","Henrico","Single Family Residence","11/19/2020","$319,950","$325,000","3","New (never occupied)","2018","Glenwood Heights","2,160","0.12","4","2.1","Public Water","Septic - Alternative","FHA New","Partnership"
"501","2021584","732-66-31-75-100-000","CLOSD","13440 Spring Run Road, Chesterfield VA 23112","23112","Chesterfield","Single Family Residence","11/19/2020","$385,000","$379,000","85","Resale (occupied at least once)","2006","None","2,370","1.88","4","4.1","Public Water","Septic - Conventional","Conventional","Individuals"
"501","2016327","W000-0666-042","CLOSD","400 Stuart Circle, Richmond City VA 23220","23220","Richmond City","Single Family Residence","11/19/2020","$799,000","$700,000","98","Resale (occupied at least once)","1910","None","4,448","0.10","4","3.1","Public Water","Sewer - Public","Other","Individuals"
"501","2014913","735668931500000","CLOSD","9212 Beech Hill Court, Chesterfield VA 23112","23112","Chesterfield","Single Family Residence","11/19/2020","$389,330","$392,595","15","New (never occupied)","2020","Bayhill Pointe","2,767","","4","3.0","Public Water","Sewer - Public","Conventional","Corporate"
"501","2008026","713686659800000","CLOSD","15919 Cambria Cove Boulevard, Chesterfield VA 23112","23112","Chesterfield","Single Family Residence","11/19/2020","$393,595","$398,890","39","New (never occupied)","2020","Cambria Cove","2,767","","4","3.0","Public Water","Sewer - Public","Conventional","Corporate"
"501","2006978","777-66-13-42-300-000","CLOSD","5917 Greenfinch Road, Chesterfield VA 23237","23237","Chesterfield","Single Family Residence","11/19/2020","$160,000","$115,000","94","Resale (occupied at least once)","1965","Hollyberry Hills","1,248","0.35","3","1.1","Well","Septic - Conventional","Other","Estate"
"501","2005813","773-740-0042","CLOSD","5302 Bindery Lane #UnitQ-7, Henrico VA 23230","23230","Henrico","Townhouse","11/19/2020","$323,200","$325,214","242","New (never occupied)","2020","Libbie Mill Townhomes","1,511","0.00","2","2.2","Public Water","Sewer - Public","Conventional","Other"
"501","2031384","732-772-7794","CLOSD","5233 Eastbranch Drive, Henrico VA 23059","23059","Henrico","Single Family Residence","11/20/2020","$455,000","$470,000","4","Resale (occupied at least once)","1987","West Ridge","3,281","2.01","4","2.1","Well","Septic - Conventional, Other - See Remarks","Conventional","Individuals"
"501","2032506","W019-0292-015","CLOSD","106 Westmoreland Street, Richmond City VA 23226","23226","Richmond City","Single Family Residence","11/20/2020","$385,000","$325,000","6","Resale (occupied at least once)","1937","Wakefield Gardens","1,798","0.18","4","2.0","Public Water","Sewer - Public","Cash","Individuals"
"501","2031140","34-15g","CLOSD","6370 Blenheim Road, Powhatan VA 23139","23139","Powhatan","Single Family Residence","11/20/2020","$279,000","$284,000","5","New (never occupied)","2020","None","1,514","2.00","3","2.0","Well","Septic - Conventional","Conventional","Partnership"
"501","2030359","822-688-7031","CLOSD","3101 Four Mile Run Drive, Henrico VA 23231","23231","Henrico","Single Family Residence","11/20/2020","$300,000","$305,000","5","Resale (occupied at least once)","2005","Four Mile Run","2,334","0.31","5","3.0","Public Water","Sewer - Public","FHA New","Individuals"
"501","2016362","7779-59-9485","CLOSD","205 Howard Street, Hanover VA 23005","23005","Hanover","Single Family Residence","11/20/2020","$305,000","$318,000","114","Resale (occupied at least once)","1904","None","3,216","","5","2.0","Public Water","Sewer - Public","Conventional","Estate, Individuals"
"501","2012314","769653240000000","CLOSD","8125 Fedora Drive, Chesterfield VA 23838","23838","Chesterfield","Single Family Residence","11/20/2020","$457,950","$457,950","24","New (never occupied)","2020","The Highlands","3,625","","3","3.1","Public Water","Septic - Conventional","Conventional","Corporate"
"501","2019204","8706-72-0214","CLOSD","9076 Garrison Manor Drive, Hanover VA 23116","23116","Hanover","Single Family Residence","11/20/2020","$434,500","$434,500","0","New (never occupied)","2020","Garrison Manor","2,797","","4","3.1","Public Water","Sewer - Public","Conventional","Corporate"
"501","2027425","21-11-0-89-0","CLOSD","3085 Rock Cress Lane, Goochland VA 23153","23153","Goochland","Single Family Residence","11/20/2020","$649,000","$644,000","16","Resale (occupied at least once)","2007","Mill Forest","5,907","3.00","4","4.1","Well","Septic - Conventional","Conventional","Individuals"
"501","2030579","783-69-27-01-700-000","CLOSD","4824 Burnham Road, Chesterfield VA 23234","23234","Chesterfield","Single Family Residence","11/20/2020","$249,000","$255,000","4","Resale (occupied at least once)","1965","Meadowbrook","2,910","0.49","3","2.1","Public Water","Septic - Conventional","FHA New","Individuals"
"501","2022582","743-70-03-73-500-000","CLOSD","612 Bella Way, Chesterfield VA 23236","23236","Chesterfield","Single Family Residence","11/20/2020","$370,550","$379,332","2","New (never occupied)","2020","Bellshire","2,124","0.33","3","2.1","Public Water","Sewer - Public","Conventional","Corporate"
"501","2021221","710-67-72-23-900-000","CLOSD","5725 Gossamer Place, Chesterfield VA 23120","23120","Chesterfield","Single Family Residence","11/20/2020","$429,990","$429,990","84","New (never occupied)","2020","Foxcreek","3,230","","4","2.1","Public Water","Sewer - Public","Conventional","Corporate"
"501","2030409","037-11B","CLOSD","4735 Old Buckingham Road, Powhatan VA 23139","23139","Powhatan","Single Family Residence","11/20/2020","$350,000","$350,000","3","Resale (occupied at least once)","2004","None","2,360","2.00","4","2.1","Well","Septic - Conventional","Conventional","Individuals"
"501","2020765","729-66-83-87-300-000","CLOSD","13807 Gallant Fox Drive, Chesterfield VA 23112","23112","Chesterfield","Single Family Residence","11/20/2020","$314,950","$316,450","56","Resale (occupied at least once)","1992","Antler Ridge","2,700","0.29","4","2.1","Public Water","Sewer - Public","VA New","Individuals"
"501","2025606","810-702-4166","CLOSD","6440 Majestic Way, Henrico VA 23231","23231","Henrico","Single Family Residence","11/20/2020","$365,000","$359,000","37","Resale (occupied at least once)","2005","Eagles Nest","3,078","0.40","5","3.0","Public Water","Sewer - Public","FHA New","Individuals"
"501","2013992","TBD","CLOSD","2612 Lassen Walk #UnitB, Henrico VA 23294","23294","Henrico","Condominium","11/20/2020","$364,655","$392,924","0","New (never occupied)","2020","West Broad Landing","2,518","","3","2.1","Public Water","Sewer - Public","FHA New","Corporate"
"501","2031067","038C-9-78","CLOSD","4523 Mattox Crossing Court, Powhatan VA 23139","23139","Powhatan","Single Family Residence","11/20/2020","$335,000","$335,000","4","Resale (occupied at least once)","2005","Mattox Crossing","2,219","2.63","4","2.2","Well","Septic - Conventional","Conventional","Individuals"
"501","2030716","778-767-4776","CLOSD","10726 Greenwood Road, Henrico VA 23059","23059","Henrico","Single Family Residence","11/20/2020","$250,000","$225,000","6","Resale (occupied at least once)","1950","None","1,800","4.00","4","2.0","Public Water","Sewer - Public","Conventional","Individuals"
"501","2025403","788-64-19-95-300-000","CLOSD","4601 Hill Spring Terrace, Chesterfield VA 23831","23831","Chesterfield","Single Family Residence","11/20/2020","$279,950","$286,950","41","Resale (occupied at least once)","1991","Stoney Glen","2,596","0.33","5","2.1","Public Water","Sewer - Public","VA New","Other"
"501","2029865","763-68-87-66-600-000","CLOSD","4300 Brixton Road, Chesterfield VA 23832","23832","Chesterfield","Single Family Residence","11/20/2020","$263,000","$260,000","10","Resale (occupied at least once)","1981","Creekwood","2,364","0.48","5","2.1","Public Water","Sewer - Public","FHA New","Individuals"
"501","2029736","708-67-59-35-500-000","CLOSD","6466 Cassia Loop, Chesterfield VA 23120","23120","Chesterfield","Townhouse","11/20/2020","$289,990","$289,990","0","New (never occupied)","2020","Wynwood at Foxcreek","1,826","","3","2.2","Public Water","Sewer - Public","FHA New","Corporate"
"501","2020353","819-721-2283","CLOSD","622 South Holly Avenue, Henrico VA 23075","23075","Henrico","Single Family Residence","11/20/2020","$208,000","$202,000","7","Resale (occupied at least once)","1984","Highland Springs","1,080","1.37","3","1.0","Public Water","Sewer - Public","FHA New","Individuals"
"501","2028455","N000-1155-020","CLOSD","708 East Gladstone Avenue, Richmond City VA 23222","23222","Richmond City","Single Family Residence","11/20/2020","$210,000","$210,000","17","Resale (occupied at least once)","1924","Highland Park","1,246","0.07","3","2.0","Public Water","Sewer - Public","Conventional","Corporate, Individuals"
"501","2029919","747-67-98-99-700-000","CLOSD","10411 Genlou Road, Chesterfield VA 23832","23832","Chesterfield","Single Family Residence","11/20/2020","$209,000","$215,000","10","Resale (occupied at least once)","1984","Morningside Woods","1,137","0.28","3","2.0","Public Water","Sewer - Public","VHDA ","Individuals"
"501","2027137","788-64-14-79-000-000","CLOSD","4704 Hill Spring Terrace, Chesterfield VA 23831","23831","Chesterfield","Single Family Residence","11/20/2020","$289,900","$299,000","9","Resale (occupied at least once)","1993","Stoney Glen","2,178","0.30","5","2.1","Public Water","Sewer - Public","VHDA/FHA","Individuals"
"501","2031084","739-69-97-45-500-000","CLOSD","11618 Gordon School Road, Chesterfield VA 23236","23236","Chesterfield","Single Family Residence","11/20/2020","$235,000","$245,000","5","Resale (occupied at least once)","1979","Smoketree","1,424","0.30","3","2.0","Public Water","Sewer - Public","FHA New","Partnership"
"501","2028301","728-70-08-21-700-000","CLOSD","13631 Castleway Road, Chesterfield VA 23114","23114","Chesterfield","Single Family Residence","11/20/2020","$379,950","$377,000","18","Resale (occupied at least once)","1984","Queensmill","2,595","0.64","5","2.1","Public Water","Sewer - Public","VHDA ","Individuals"
"501","2031465","W021-0124-020","CLOSD","6804 Kensington Avenue, Richmond City VA 23226","23226","Richmond City","Single Family Residence","11/20/2020","$344,950","$345,000","8","Resale (occupied at least once)","1946","Westhampton Heights Annex","1,600","0.20","4","1.0","Public Water","Sewer - Public","Conventional","Corporate"
"501","2029871","740-766-3996","CLOSD","12144 Turning Branch Circle, Henrico VA 23059","23059","Henrico","Single Family Residence","11/20/2020","$499,950","$505,000","5","Resale (occupied at least once)","2004","Twin Hickory","3,224","0.19","5","3.1","Public Water","Sewer - Public","Conventional","Individuals"
"501","2029856","708-68-32-57-300-000","CLOSD","16906 Old Westridge Drive, Chesterfield VA 23120","23120","Chesterfield","Single Family Residence","11/20/2020","$529,950","$536,000","4","Resale (occupied at least once)","2018","Westerleigh","4,162","0.51","5","4.1","Public Water","Sewer - Public","VA New","Individuals"
"501","2029411","777-65-84-96-200-000","CLOSD","6407 Oak Arbor Drive, Chesterfield VA 23831","23831","Chesterfield","Single Family Residence","11/20/2020","$359,900","$359,900","7","Resale (occupied at least once)","2011","Arbor Meadows","3,224","0.56","5","2.1","Public Water","Sewer - Public","FHA New","Individuals"
"501","2029410","775-67-72-86-400-000","CLOSD","5812 Autumnleaf Drive, Chesterfield VA 23234","23234","Chesterfield","Single Family Residence","11/20/2020","$305,000","$308,000","9","Resale (occupied at least once)","2018","Autumn Grove Section B","2,172","0.34","4","2.1","Public Water","Sewer - Public","Conventional","Individuals"
"501","2029342","8714-50-5653","CLOSD","7239 Snaffle Lane, Hanover VA 23111","23111","Hanover","Single Family Residence","11/20/2020","$244,950","$256,500","5","Resale (occupied at least once)","1989","Bruce Estates","1,512","0.29","4","2.0","Public Water","Sewer - Public","FHA New","Individuals"
"501","2026984","E000-0617-032","CLOSD","1317 North 23rd Street, Richmond City VA 23223","23223","Richmond City","Single Family Residence","11/20/2020","$315,000","$315,000","43","New (never occupied)","2020","None","1,750","0.07","3","2.1","Public Water","Sewer - Public","Conventional","Corporate"
"501","2026936","8714-83-1879","CLOSD","7168 Sydnor Lane, Hanover VA 23111","23111","Hanover","Single Family Residence","11/20/2020","$385,000","$385,000","29","Resale (occupied at least once)","2006","Oakley Hill","2,858","0.87","5","2.1","Public Water","Sewer - Public","FHA New","Individuals"
"501","2008805","TBD","CLOSD","1830 Providence Villas Court #Unit20A, Chesterfield VA 23236","23236","Chesterfield","Condominium","11/20/2020","$314,903","$377,374","75","New (never occupied)","2020","The Villas At Providence","1,859","","3","2.0","Public Water","Sewer - Public","Conventional","Corporate"
"501","2031443","745-69-05-16-900-000","CLOSD","10821 Sunset Hills Drive, Chesterfield VA 23236","23236","Chesterfield","Single Family Residence","11/20/2020","$264,950","$275,000","3","Resale (occupied at least once)","1990","Brandon","1,872","0.29","3","2.1","Public Water","Sewer - Public","FHA New","Individuals"
"501","2024413","N000-0710-003","CLOSD","1005 Crafton Lane, Richmond City VA 23222","23222","Richmond City","Single Family Residence","11/20/2020","$185,000","$190,000","10","Resale (occupied at least once)","1951","Green Park","1,112","0.17","2","2.0","Public Water","Sewer - Public","VHDA/FHA","Individuals"
"501","2028138","796-61-47-42-300-000","CLOSD","20313 Sheffield Place, Chesterfield VA 23803","23803","Chesterfield","Single Family Residence","11/20/2020","$199,950","$192,500","14","Resale (occupied at least once)","1962","Laurel Branch Farms","2,664","0.26","4","2.0","Public Water","Sewer - Public","Conventional","Individuals"
"501","2030083","779-66-10-88-400-000","CLOSD","10306 Oakdell Drive, Chesterfield VA 23237","23237","Chesterfield","Single Family Residence","11/20/2020","$232,000","$249,000","0","Resale (occupied at least once)","1993","North Oaks","1,708","0.30","3","2.1","Public Water","Sewer - Public","FHA New","Individuals"
"501","2029912","726-66-96-17-000-000","CLOSD","14200 Key Deer Drive, Chesterfield VA 23112","23112","Chesterfield","Single Family Residence","11/20/2020","$262,500","$262,500","13","Resale (occupied at least once)","1990","Deer Run","1,638","0.30","3","2.0","Public Water","Sewer - Public","VA New","Individuals, Other"
"501","2025175","732-70-97-04-300-000","CLOSD","12707 Southwick Place, Chesterfield VA 23113","23113","Chesterfield","Single Family Residence","11/20/2020","$210,000","$225,000","2","Resale (occupied at least once)","1983","Buckingham","1,200","0.25","3","1.1","Public Water","Sewer - Public","VHDA ","Individuals"
"501","2023012","742-69-79-49-000-000","CLOSD","11414 Briarhurst Road, Chesterfield VA 23236","23236","Chesterfield","Single Family Residence","11/20/2020","$249,950","$249,950","30","Resale (occupied at least once)","1987","Mansfield Crossing","1,608","0.27","3","2.0","Public Water","Sewer - Public","Conventional","Individuals"
"501","2018066","TBD","CLOSD","2677 St Elias Drive #UnitB, Henrico VA 23294","23294","Henrico","Condominium","11/20/2020","$375,465","$388,813","0","New (never occupied)","2020","West Broad Landing","2,518","","3","3.1","Public Water","Sewer - Public","Conventional","Corporate"
"501","2026289","W0000837070","CLOSD","1107 South Meadow Street, Richmond City VA 23220","23220","Richmond City","Single Family Residence","11/20/2020","$199,900","$191,550","52","Resale (occupied at least once)","1925","None","1,096","","2","1.0","Public Water","Sewer - Public","Conventional","Individuals"
"501","2031008","20  11    25","CLOSD","8414 Kenleigh Court, New Kent VA 23141","23141","New Kent","Single Family Residence","11/20/2020","$379,000","$386,000","3","Resale (occupied at least once)","2003","Clintwood","2,024","5.89","3","2.1","Well","Septic - Conventional","Conventional","Individuals"
"501","2029901","718-66-56-77-000-000","CLOSD","15006 Badestowe Drive, Chesterfield VA 23832","23832","Chesterfield","Single Family Residence","11/20/2020","$396,000","$393,000","21","Resale (occupied at least once)","2014","Harpers Mill","3,054","0.28","5","4.1","Public Water","Sewer - Public","Conventional","Individuals"
"501","2028803","731-752-6038.044","CLOSD","2408 Stone Post Terrace, Henrico VA 23233","23233","Henrico","Condominium","11/20/2020","$221,500","$220,000","12","Resale (occupied at least once)","1985","Westleyen Condo","1,128","15.46","3","2.0","Public Water","Sewer - Public","Conventional","Other, Partnership"
"501","2028302","805-712-8628","CLOSD","2105 Brandonview Ave, Henrico VA 23231","23231","Henrico","Single Family Residence","11/20/2020","$164,950","$167,950","14","Resale (occupied at least once)","1940","National Heights","884","","2","1.0","Public Water","Sewer - Public","Conventional","Individuals"
"501","2027741","8715-31-1878","CLOSD","7278 Yellow Wood Tree Place #UnitZ1, Hanover VA 23111","23111","Hanover","Townhouse","11/20/2020","$366,924","$365,424","39","New (never occupied)","2019","Cherry Grove Section 1 - Hanover","1,725","0.00","2","2.0","Public Water","Sewer - Public","Conventional","Corporate"
"501","2027314","8724-38-8202","CLOSD","7412 Adams Farm Road, Hanover VA 23111","23111","Hanover","Single Family Residence","11/20/2020","$289,950","$275,000","14","Resale (occupied at least once)","1985","Liberty Hall Hills","1,458","3.00","3","2.0","Well","Septic - Conventional","Cash","Individuals"
"501","2032204","817-64-43-22-300-000","CLOSD","14443 Sulphur Springs Terrace, Chesterfield VA 23836","23836","Chesterfield","Single Family Residence","11/20/2020","$299,000","$289,000","3","Resale (occupied at least once)","2014","Sycamore Springs","2,048","0.35","4","2.1","Public Water","Sewer - Public","Cash","Individuals"
"501","2030646","789-64-50-26-100-000","CLOSD","13905 Bridgetown Circle, Chesterfield VA 23831","23831","Chesterfield","Single Family Residence","11/20/2020","$289,500","$295,000","3","Resale (occupied at least once)","1992","Stoney Glen West","2,149","0.44","3","2.1","Public Water","Sewer - Public","Conventional","Individuals"
"1001","2032188","794-63-76-77-500-000","CLOSD","15251 Broadwater Circle, Chesterfield VA 23831","23831","Chesterfield","Townhouse","11/20/2020","$136,000","$138,000","3","Resale (occupied at least once)","1987","Timsberry Townehouse","988","0.04","2","1.1","Public Water","Sewer - Public","Conventional","Corporate"
"1001","2030295","S005-3304-018","CLOSD","712 Forest View Drive, Richmond City VA 23225","23225","Richmond City","Single Family Residence","11/20/2020","$198,500","$197,500","18","Resale (occupied at least once)","1949","Forest View Heights","1,221","0.13","3","2.0","Public Water","Sewer - Public","FHA New","Individuals"
"1001","2030881","C001-1004-078","CLOSD","3344 Cedar Grove Road, Richmond City VA 23235","23235","Richmond City","Single Family Residence","11/20/2020","$319,000","$319,000","5","Resale (occupied at least once)","1959","Hobby Hill Farms","3,174","0.52","4","3.1","Public Water","Sewer - Public","Conventional","Individuals"
"1001","2028023","W020-0054-005","CLOSD","5100 Bromley Lane, Richmond City VA 23226","23226","Richmond City","Single Family Residence","11/20/2020","$459,900","$480,000","1","Resale (occupied at least once)","1981","Colonial Place","1,972","0.27","3","2.1","Public Water","Sewer - Public","Other","Individuals"
"1001","2008432","703673708400000","CLOSD","18275 Twin Falls Lane, Chesterfield VA 23120","23120","Chesterfield","Single Family Residence","11/20/2020","$493,340","$493,340","138","New (never occupied)","2020","Magnolia Green","3,769","","6","4.0","Public Water","Sewer - Public","Conventional","Corporate"
"1001","2031343","7797-55-8388","CLOSD","10276 Wanchese Way, Hanover VA 23116","23116","Hanover","Single Family Residence","11/20/2020","$372,000","$376,000","4","Resale (occupied at least once)","1990","Kings Charter","2,377","0.28","4","2.1","Public Water","Sewer - Public","Conventional","Individuals"
"1001","2030954","739-69-40-77-300-000","CLOSD","1624 Westbury Ridge Drive, Chesterfield VA 23114","23114","Chesterfield","Single Family Residence","11/20/2020","$325,000","$330,000","4","Resale (occupied at least once)","1996","Westbury","2,257","0.27","4","2.1","Public Water","Sewer - Public","Conventional","Individuals"
"1001","2026945","7797-90-3393","CLOSD","9826 Harvest Honey Road, Hanover VA 23116","23116","Hanover","Single Family Residence","11/20/2020","$409,950","$414,000","24","Resale (occupied at least once)","2012","Honey Meadows","3,030","0.21","4","3.1","Public Water","Sewer - Public","Conventional","Individuals"
"1001","2026013","C004-0544-123","CLOSD","2956 Hathaway Road #UnitU1103, Richmond City VA 23225","23225","Richmond City","Condominium","11/20/2020","$250,000","$250,000","2","Resale (occupied at least once)","1972","Hathaway Tower Condominiums","1,379","0.03","2","2.0","Public Water","Sewer - Public","Conventional","Individuals"
"1001","2031196","775-751-5758","CLOSD","7908 Galaxie Road, Henrico VA 23228","23228","Henrico","Single Family Residence","11/20/2020","$279,950","$286,000","4","Resale (occupied at least once)","1965","Hermitage West","1,706","0.45","3","1.2","Public Water","Sewer - Public","Conventional","Individuals"
"1001","2013214","N000-1037-021","CLOSD","3200 Hanes Avenue, Richmond City VA 23222","23222","Richmond City","Single Family Residence","11/20/2020","$447,000","$447,000","1","Resale (occupied at least once)","1923","Brightwood","2,760","0.16","4","2.1","Public Water","Sewer - Public","Cash","Partnership"
"1001","2030212","739-779-2190","CLOSD","5931 Morgans Glen Drive, Henrico VA 23059","23059","Henrico","Townhouse","11/20/2020","$304,950","$305,500","3","Resale (occupied at least once)","1995","Morgans Glen At Wyndham","1,496","0.07","3","2.0","Public Water","Sewer - Public","Conventional","Individuals"
"1001","2034997","790-64-33-43-100-000","CLOSD","13920 Sandy Oak Road, Chesterfield VA 23831","23831","Chesterfield","Single Family Residence","11/20/2020","$295,000","$295,000","0","Resale (occupied at least once)","1989","Stoney Glen","2,200","0.25","4","2.1","Public Water","Sewer - Public","VA New","Individuals"
"1001","2033590","731-752-6038.130","CLOSD","2534 Thicket Greene, Henrico VA 23233","23233","Henrico","Condominium","11/20/2020","$219,900","$216,500","4","Resale (occupied at least once)","1988","Westleyen Condo","1,128","15.46","3","2.0","Public Water","Sewer - Public","Cash","Individuals"
"1001","2033096","W019-0306-035","CLOSD","36 East Lock Lane #UnitU4, Richmond City VA 23226","23226","Richmond City","Condominium","11/20/2020","$225,000","$240,000","2","Resale (occupied at least once)","1930","Lock Lane Condominium","758","0.02","1","1.1","Public Water","Sewer - Public","Cash","Individuals"
"1001","2033076","792-65-38-26-400-000","CLOSD","12416 Petersburg Street, Chesterfield VA 23831","23831","Chesterfield","Single Family Residence","11/20/2020","$425,000","$436,000","3","Resale (occupied at least once)","2013","None","4,306","0.51","6","5.0","Public Water","Sewer - Public","Cash","Individuals"
"1001","2032525","E000-0910-018","CLOSD","1934 Wood Street, Richmond City VA 23223","23223","Richmond City","Single Family Residence","11/20/2020","$110,000","$103,500","9","Resale (occupied at least once)","1926","Eastview","2,226","0.18","4","1.0","Public Water","Sewer - Public","Cash","Individuals"
"1001","2032473","8724-04-5075","CLOSD","7193 Autumn Ridge Lane, Hanover VA 23111","23111","Hanover","Single Family Residence","11/20/2020","$275,000","$275,000","0","Resale (occupied at least once)","1999","Autumn Ridge","2,132","0.35","4","2.1","Public Water","Sewer - Public","Conventional","Individuals"
"1001","2032276","744-752-6586.089","CLOSD","2108 Turtle Run Drive #Unit5, Henrico VA 23233","23233","Henrico","Condominium","11/20/2020","$169,950","$172,000","5","Resale (occupied at least once)","1985","Turtle Creek West Condominiums","980","0.02","2","2.0","Public Water","Sewer - Public","Cash","Individuals"
"1001","2032169","794-62-02-98-800-000","CLOSD","4025 Birdbrook Drive, Chesterfield VA 23834","23834","Chesterfield","Single Family Residence","11/20/2020","$279,000","$279,000","10","Resale (occupied at least once)","2003","Forest View","2,128","0.32","4","2.1","Public Water","Sewer - Public","Conventional","REO"
"1001","2031765","715-66-78-40-800-000","CLOSD","15906 Twisted Cedar Drive, Chesterfield VA 23832","23832","Chesterfield","Single Family Residence","11/20/2020","$299,950","$306,000","4","Resale (occupied at least once)","2004","Ashbrook","2,050","0.89","4","2.1","Public Water","Sewer - Public","Conventional","Individuals"
"1001","2031688","S000-0640-007","CLOSD","1704 Gordon Avenue, Richmond City VA 23224","23224","Richmond City","Single Family Residence","11/20/2020","$79,990","$94,259","7","Resale (occupied at least once)","1940","Mason Park","696","0.13","2","1.0","Public Water","Sewer - Public","Cash","Individuals"
"1001","2031681","747-746-3559.080","CLOSD","1501 Regency Woods Road #Unit203, Henrico VA 23238","23238","Henrico","Condominium","11/20/2020","$132,500","$135,000","5","Resale (occupied at least once)","1977","Regency Woods Condominiums","878","0.02","1","1.0","Public Water","Sewer - Public","Cash","Individuals"
"1001","2031679","779-768-2474","CLOSD","1930 Greenwood Glen Drive, Henrico VA 23059","23059","Henrico","Single Family Residence","11/20/2020","$375,000","$375,000","0","Resale (occupied at least once)","2001","Greenwood Glen","2,658","0.29","4","2.1","Public Water","Sewer - Public","Conventional","Individuals"
"1001","2031671","C001-0508-042","CLOSD","8920 Old Holly Road, Richmond City VA 23235","23235","Richmond City","Single Family Residence","11/20/2020","$299,000","$298,750","3","Resale (occupied at least once)","1948","None","1,667","0.31","4","2.1","Public Water","Sewer - Public","Cash","Individuals"
"1001","2031665","738-66-82-03-200-000","CLOSD","9112 Penny Bridge Place, Chesterfield VA 23112","23112","Chesterfield","Single Family Residence","11/20/2020","$340,000","$340,000","4","Resale (occupied at least once)","2005","Bayhill Pointe","2,298","0.36","4","2.1","Public Water","Sewer - Public","Cash","Individuals"
"1001","2031615","769-740-3971","CLOSD","6211 West Club Lane, Henrico VA 23226","23226","Henrico","Single Family Residence","11/20/2020","$365,000","$370,000","8","Resale (occupied at least once)","1957","Westwood Proper","1,982","0.36","3","2.1","Public Water","Sewer - Public","Cash","Individuals"
"1001","2031590","041D-3-16","CLOSD","1730 Dorset Ridge Loop, Powhatan VA 23139","23139","Powhatan","Single Family Residence","11/20/2020","$334,950","$350,000","5","Resale (occupied at least once)","2000","Dorset Ridge","2,040","2.11","4","2.1","Well","Septic - Conventional","Conventional","Individuals"
"1001","2031584","780-767-6960","CLOSD","1837 Bellamy Place, Henrico VA 23059","23059","Henrico","Single Family Residence","11/20/2020","$382,000","$387,000","5","Resale (occupied at least once)","1997","Magnolia Ridge","2,687","0.37","4","2.1","Public Water","Sewer - Public","Conventional","Individuals"
"1001","2031483","796-64-29-20-800-000","CLOSD","2906 Talleywood Lane, Chesterfield VA 23831","23831","Chesterfield","Single Family Residence","11/20/2020","$299,950","$299,950","3","Resale (occupied at least once)","1999","Farmview Estates","2,174","1.10","4","2.1","Public Water","Sewer - Public","Conventional","Individuals"
"1001","2031404","824-723-4165","CLOSD","24 North New Avenue, Henrico VA 23075","23075","Henrico","Single Family Residence","11/20/2020","$129,500","$105,000","11","Resale (occupied at least once)","1937","Highland Springs","936","0.15","2","1.0","Public Water","Sewer - Public","Cash","Individuals"
"1001","2031397","759-749-2785","CLOSD","2407 Fon Du Lac Road, Henrico VA 23229","23229","Henrico","Single Family Residence","11/20/2020","$285,000","$297,500","3","Resale (occupied at least once)","1966","West Lawn","2,409","0.38","4","3.0","Public Water","Sewer - Public","Cash","Individuals"
"1001","2031392","817-682-5426","CLOSD","8561 Roundabout Road, Henrico VA 23231","23231","Henrico","Single Family Residence","11/20/2020","$225,000","$232,000","3","Resale (occupied at least once)","1999","None","1,456","1.00","3","2.0","Well","Septic - Conventional","VA New","Individuals"
"1001","2031368","N017-0606-011","CLOSD","1815 Seddon Road, Richmond City VA 23227","23227","Richmond City","Single Family Residence","11/20/2020","$395,000","$415,250","7","Resale (occupied at least once)","1938","Rosedale","1,855","0.17","4","2.0","Public Water","Sewer - Public","Conventional","Individuals"
"1001","2031218","766-755-7691","CLOSD","8508 Hungary Spring Road, Henrico VA 23228","23228","Henrico","Single Family Residence","11/20/2020","$249,500","$215,000","8","Resale (occupied at least once)","1940","None","1,950","1.18","3","2.0","Public Water","Sewer - Public","Cash","Corporate"
"1001","2031210","724-70-46-53-600-000","CLOSD","14049 Wiley Circle, Chesterfield VA 23114","23114","Chesterfield","Single Family Residence","11/20/2020","$449,500","$449,500","6","Resale (occupied at least once)","2007","Glenmore Village","3,178","0.18","5","2.1","Public Water","Sewer - Public","Conventional","Individuals"
"1001","2030982","771-761-1577","CLOSD","2721 Tanager Road, Henrico VA 23228","23228","Henrico","Single Family Residence","11/20/2020","$235,999","$197,000","14","Resale (occupied at least once)","1966","Terry Heights","1,532","0.27","3","2.0","Public Water","Sewer - Public","Cash","Individuals"
"1001","2030959","7769-96-5394","CLOSD","12357 Lees Lane, Hanover VA 23005","23005","Hanover","Single Family Residence","11/20/2020","$229,999","$230,000","5","Resale (occupied at least once)","1987","Oak Hill Estates","1,524","0.56","3","2.1","Public Water","Sewer - Public","Other","Individuals"
"1001","2030934","772-765-2663","CLOSD","10420 Park Tree Place, Henrico VA 23060","23060","Henrico","Single Family Residence","11/20/2020","$345,000","$350,000","7","Resale (occupied at least once)","1999","Mountain Glen","2,025","0.22","4","2.1","Public Water","Sewer - Public","Conventional","Individuals"
"1001","2030857","767-68-48-93-300-000","CLOSD","6512 West Banes Court, Chesterfield VA 23832","23832","Chesterfield","Single Family Residence","11/20/2020","$189,950","$200,000","4","Resale (occupied at least once)","1983","Fairpines","1,248","0.17","3","2.0","Public Water","Sewer - Public","FHA New","Individuals"
"1001","2030509","743-747-7265.005","CLOSD","1914 Willow Cove Circle, Henrico VA 23238","23238","Henrico","Condominium","11/20/2020","$365,000","$365,000","2","Resale (occupied at least once)","1999","Willow Glen","2,294","13.27","3","3.1","Public Water","Sewer - Public","Conventional","Individuals"
"1001","2030490","760-70-71-48-000-000","CLOSD","8005 Buford Commons, Chesterfield VA 23235","23235","Chesterfield","Townhouse","11/20/2020","$175,000","$189,000","7","Resale (occupied at least once)","1984","Rolling Hill At Buford","1,321","0.04","2","2.0","Public Water","Sewer - Public","Conventional","Individuals"
"1001","2030262","744-71-43-50-500-000","CLOSD","11118 Oakcrest Drive, Chesterfield VA 23235","23235","Chesterfield","Single Family Residence","11/20/2020","$247,500","$270,000","4","Resale (occupied at least once)","1976","Greenfield","1,705","0.23","3","1.2","Public Water","Sewer - Public","Conventional","Individuals"
"1001","2030241","819-65-34-81-400-000","CLOSD","619 Fulcher Lane, Chesterfield VA 23836","23836","Chesterfield","Single Family Residence","11/20/2020","$239,900","$235,000","6","Resale (occupied at least once)","1966","Woodvale","1,325","0.57","3","2.0","Public Water","Septic - Conventional","USDA","Individuals"
"1001","2030182","776-759-0629","CLOSD","1923 Bridgewater Drive, Henrico VA 23228","23228","Henrico","Single Family Residence","11/20/2020","$259,000","$261,000","0","Resale (occupied at least once)","1994","Hungary Meadows","1,367","0.36","3","2.0","Public Water","Sewer - Public","Conventional","Individuals"
"1001","2030169","746-68-00-56-300-000","CLOSD","4531 Bexwood Drive, Chesterfield VA 23832","23832","Chesterfield","Single Family Residence","11/20/2020","$223,950","$225,000","4","Resale (occupied at least once)","1986","Hunters Landing","1,336","0.43","4","2.0","Public Water","Sewer - Public","Conventional","Individuals"
"1001","2029988","738-779-7002","CLOSD","5723 Bradington Court, Henrico VA 23059","23059","Henrico","Single Family Residence","11/20/2020","$389,995","$390,000","8","Resale (occupied at least once)","1993","Bradington At Wyndham","1,912","0.23","4","2.1","Public Water","Sewer - Public","Conventional","Individuals"
"1001","2029922","758-69-50-10-100-000","CLOSD","2504 North Blue Tick Court, Chesterfield VA 23235","23235","Chesterfield","Single Family Residence","11/20/2020","$220,000","$225,000","9","Resale (occupied at least once)","1985","Foxberry","1,296","0.22","4","2.0","Public Water","Sewer - Public","Cash","Individuals"
"1001","2029898","W019-0282-004","CLOSD","4207 Hanover Avenue, Richmond City VA 23221","23221","Richmond City","Single Family Residence","11/20/2020","$895,000","$956,000","6","Resale (occupied at least once)","1935","Grove Avenue Crest","3,674","0.20","4","3.1","Public Water","Sewer - Public","Conventional","Individuals"
"1001","2029894","765-68-93-19-700-000","CLOSD","4007 Sunny Creek Drive, Chesterfield VA 23832","23832","Chesterfield","Single Family Residence","11/20/2020","$245,000","$223,000","9","Resale (occupied at least once)","2015","Windy Creek","1,487","0.23","3","2.0","Public Water","Community - Sewer/Septic","FHA New","Individuals"
"1001","2029767","8706-58-7805","CLOSD","8023 Blythe Terrace, Hanover VA 23116","23116","Hanover","Single Family Residence","11/20/2020","$405,000","$405,000","26","New (never occupied)","2020","Rutland","2,122","","3","2.1","Public Water","Sewer - Public","Conventional","Corporate"
"1001","2029742","784-65-80-99-400-000","CLOSD","4812 Chippoke Road, Chesterfield VA 23831","23831","Chesterfield","Single Family Residence","11/20/2020","$495,000","$495,000","3","Resale (occupied at least once)","2012","Wellington Farms","2,438","0.60","3","2.1","Public Water","Sewer - Public","Conventional","Individuals"
"1001","2029600","7797-41-2752","CLOSD","10071 Berry Pond Lane, Hanover VA 23116","23116","Hanover","Townhouse","11/20/2020","$449,950","$449,950","8","New (never occupied)","2020","Atlee Station Village","3,332","0.13","3","3.0","Public Water","Sewer - Public","Conventional","Corporate"
"1001","2029327","718-71-38-57-600-000","CLOSD","531 Totten Drive, Chesterfield VA 23113","23113","Chesterfield","Single Family Residence","11/20/2020","$469,450","$471,600","5","Resale (occupied at least once)","2016","St Ives","3,330","0.23","5","4.1","Public Water","Sewer - Public","Conventional","Individuals"
"1001","2029281","6799-39-5851","CLOSD","12486 Summer Ridge Place, Hanover VA 23102","23102","Hanover","Single Family Residence","11/20/2020","$589,000","$571,000","13","Resale (occupied at least once)","1989","Summer Ridge","3,514","5.00","4","2.1","Well","Septic - Conventional","Cash","Individuals"
"1001","2029218","34A  1 1  20","CLOSD","11479 Oakrise Road, New Kent VA 23124","23124","New Kent","Single Family Residence","11/20/2020","$295,000","$285,000","18","Resale (occupied at least once)","2010","The Oaks","1,962","0.67","4","2.1","Public Water","Sewer - Public","Conventional","Individuals"
"1001","2029150","739-67-13-30-000-000","CLOSD","12300 Point Sunrise Court, Chesterfield VA 23112","23112","Chesterfield","Single Family Residence","11/20/2020","$339,000","$340,000","11","Resale (occupied at least once)","1999","Bayhill Pointe","2,520","0.41","4","2.1","Public Water","Sewer - Public","VA New","Individuals"
"1001","2029053","777-66-00-22-800-000","CLOSD","10508 Hollyberry Drive, Chesterfield VA 23237","23237","Chesterfield","Single Family Residence","11/20/2020","$269,900","$272,000","9","Resale (occupied at least once)","1970","Hollyberry Hills","2,254","0.54","4","2.1","Public Water","Septic - Conventional","Conventional","Individuals"
"1001","2028895","N000-0813-005","CLOSD","1513 Victor Street, Richmond City VA 23222","23222","Richmond City","Single Family Residence","11/20/2020","$99,990","$108,500","7","Resale (occupied at least once)","1923","The Plateau","1,368","0.10","3","1.0","Public Water","Sewer - Public","Cash","Individuals"
"1001","2028836","S008-0706-016","CLOSD","2511 Haden Avenue, Richmond City VA 23234","23234","Richmond City","Single Family Residence","11/20/2020","$135,000","$140,000","3","Resale (occupied at least once)","1920","None","1,046","0.72","2","2.0","Public Water","Sewer - Public","VHDA/FHA","Individuals"
"1001","2028685","7824-89-9765","CLOSD","17648 Circuit Rider, Hanover VA 23015","23015","Hanover","Single Family Residence","11/20/2020","$425,000","$425,000","11","Resale (occupied at least once)","1998","Parsons Ridge","3,000","10.00","4","2.1","Well","Septic - Conventional","VA New","Individuals"
"1001","2028291","E000-0521-026","CLOSD","1105 North 27th Street, Richmond City VA 23223","23223","Richmond City","Single Family Residence","11/20/2020","$289,950","$302,000","5","Resale (occupied at least once)","2017","None","1,792","0.06","3","3.1","Public Water","Sewer - Public","Conventional","Individuals"
"1001","2028014","768-778-5415","CLOSD","11508 Rolling Leaf Lane, Henrico VA 23059","23059","Henrico","Single Family Residence","11/20/2020","$749,000","$725,000","14","Resale (occupied at least once)","2018","Emerson Mill Section 1","4,619","0.52","5","4.1","Public Water","Sewer - Public","Conventional","Individuals"
"1001","2027926","773-66-87-76-200-000","CLOSD","8914 Playground Circle, Chesterfield VA 23237","23237","Chesterfield","Single Family Residence","11/20/2020","$224,900","$235,000","3","Resale (occupied at least once)","1988","The Park","1,540","0.28","3","2.0","Public Water","Sewer - Public","Conventional","Individuals"
"1001","2027475","8725-96-8991","CLOSD","8350 Devils Den Lane, Hanover VA 23111","23111","Hanover","Single Family Residence","11/20/2020","$259,950","$262,500","3","Resale (occupied at least once)","1992","Battlefield Green","1,828","0.18","4","3.0","Public Water","Sewer - Public","Cash","Individuals"
"1001","2027313","8706-78-5068","CLOSD","9415 Kenna Way, Hanover VA 23116","23116","Hanover","Single Family Residence","11/20/2020","$374,950","$370,000","17","Resale (occupied at least once)","1990","Crown Colony","2,548","0.46","4","2.1","Public Water","Sewer - Public","Conventional","Individuals"
"1001","2027289","755-736-3059","CLOSD","400 Ziontown Road, Henrico VA 23229","23229","Henrico","Single Family Residence","11/20/2020","$849,950","$810,000","45","Resale (occupied at least once)","1987","None","3,868","1.36","4","4.1","Public Water","Sewer - Public","Conventional","Individuals"
"1001","2027171","785-68-18-49-600-000","CLOSD","6605 Dalebluff Court, Chesterfield VA 23237","23237","Chesterfield","Single Family Residence","11/20/2020","$210,000","$200,000","3","Resale (occupied at least once)","1975","Dalebluff Manor","1,934","0.36","4","3.0","Public Water","Sewer - Public","Conventional","Individuals"
"1001","2027156","737-66-87-30-800-000","CLOSD","9213 Bailey Oak Drive, Chesterfield VA 23112","23112","Chesterfield","Single Family Residence","11/20/2020","$319,000","$319,000","7","Resale (occupied at least once)","2007","Bayhill Pointe","2,071","0.36","4","2.0","Public Water","Sewer - Public","Conventional","Individuals"
"1001","2026939","774-744-3490.019","CLOSD","8 Rock Garden Lane #Unit8, Henrico VA 23228","23228","Henrico","Condominium","11/20/2020","$105,000","$102,000","26","Resale (occupied at least once)","1962","Hamlet Condominium","1,121","0.03","2","2.0","Public Water","Sewer - Public","Conventional","Individuals"
"1001","2026136","7832-32-2346","CLOSD","15127 Quaker Church Road, Hanover VA 23192","23192","Hanover","Single Family Residence","11/20/2020","$429,500","$425,000","76","Resale (occupied at least once)","2002","None","3,268","","5","3.1","Well","Septic - Conventional","FHA New","Individuals"
"1001","2025973","S000-0232-013","CLOSD","1707 Albany Avenue, Richmond City VA 23224","23224","Richmond City","Single Family Residence","11/20/2020","$181,000","$181,000","9","Resale (occupied at least once)","2007","Goose Creek In Blackwell Sec 1","1,568","0.17","3","2.1","Public Water","Sewer - Public","Conventional","Other"
"1001","2025818","W000-0736-088","CLOSD","1657 West Broad Street #UnitU13, Richmond City VA 23220","23220","Richmond City","Condominium","11/20/2020","$204,950","$195,000","36","Resale (occupied at least once)","1920","None","780","0.02","2","1.0","Public Water","Sewer - Public","Conventional","Individuals"
"1001","2025124","016C-1-48R","CLOSD","3555 Aston Trail, Powhatan VA 23139","23139","Powhatan","Single Family Residence","11/20/2020","$649,000","$649,000","20","Resale (occupied at least once)","2007","Aston","5,140","6.32","5","5.0","Well","Septic - Conventional","Conventional","Individuals"
"1001","2024105","8716-70-4737","CLOSD","9042 Vidette Lane, Hanover VA 23116","23116","Hanover","Single Family Residence","11/20/2020","$474,000","$474,000","23","Resale (occupied at least once)","2005","The Bluffs At Bell Creek","3,920","0.21","4","3.1","Public Water","Sewer - Public","Conventional","Individuals"
"1001","2022680","826-700-6350","CLOSD","3712 Britton Road, Henrico VA 23231","23231","Henrico","Single Family Residence","11/20/2020","$136,800","$126,750","74","Resale (occupied at least once)","1951","None","1,827","2.94","3","1.1","Well","Septic - Conventional","Conventional","REO"
"1001","2021046","764-68-89-45-000-000","CLOSD","4338 Ketcham Drive, Chesterfield VA 23832","23832","Chesterfield","Single Family Residence","11/20/2020","$262,000","$257,000","40","Resale (occupied at least once)","1979","Creekwood","1,950","0.35","3","2.1","Public Water","Sewer - Public","Conventional","Individuals"
"1001","2013697","707-68-48-51-400-000","CLOSD","17113 Shoreland Drive, Chesterfield VA 23120","23120","Chesterfield","Single Family Residence","11/20/2020","$548,499","$604,343","0","New (never occupied)","2020","Summer Lake","2,470","0.32","4","3.1","Public Water","Sewer - Public","Conventional","Corporate"
"1001","2011962","741-771-9375","CLOSD","11036 Ellis Meadows Lane, Henrico VA 23059","23059","Henrico","Single Family Residence","11/20/2020","$777,760","$794,885","49","New (never occupied)","2020","Shady Grove Hills","4,027","0.35","5","4.0","Public Water","Sewer - Public","Conventional","Corporate"
"1001","2004568","717689656500000","CLOSD","3548 Waverton Drive, Chesterfield VA 23112","23112","Chesterfield","Single Family Residence","11/20/2020","$654,497","$663,538","0","New (never occupied)","2020","Rountrey","3,600","","5","4.1","Public Water","Sewer - Public","Conventional","Corporate"
"1001","1921885","30-1-0-42-0","CLOSD","2249 Jackson Shop Road, Goochland VA 23063","23063","Goochland","Single Family Residence","11/20/2020","$109,000","$105,000","135","Resale (occupied at least once)","1920","None","1,244","5.00","3","1.0","Well","Septic - Conventional","Cash","Individuals"
"1001","2028679","819-727-5146","CLOSD","6053 Pine Street, Henrico VA 23223","23223","Henrico","Single Family Residence","11/21/2020","$178,000","$181,000","6","Resale (occupied at least once)","1990","Beechwood Park","1,040","0.19","3","2.0","Public Water","Sewer - Public","FHA New","Individuals"
"1001","2029813","8725-02-0746","CLOSD","8137 Solitude Lane, Hanover VA 23111","23111","Hanover","Single Family Residence","11/21/2020","$269,950","$270,000","6","Resale (occupied at least once)","2008","None","1,700","0.16","3","2.1","Public Water","Sewer - Public","FHA New","Individuals"
"1001","2028341","C005-0508-022","CLOSD","1208 Newell Road, Richmond City VA 23225","23225","Richmond City","Single Family Residence","11/23/2020","$174,950","$165,000","4","Resale (occupied at least once)","1962","Claremont","1,323","0.31","2","2.0","Public Water","Sewer - Public","Conventional","Individuals"
"1001","2030605","E000-0632-005","CLOSD","3005 M Street, Richmond City VA 23223","23223","Richmond City","Single Family Residence","11/23/2020","$415,000","$415,000","6","New (never occupied)","2020","None","2,160","0.03","3","3.1","Public Water","Sewer - Public","Conventional","Corporate"
"1001","2023384","735-71-44-75-100-000","CLOSD","2021 Carbon Hill Drive, Chesterfield VA 23113","23113","Chesterfield","Single Family Residence","11/23/2020","$479,950","$470,000","72","Resale (occupied at least once)","1980","Roxshire","3,684","0.53","5","4.1","Public Water","Sewer - Public","Conventional","Individuals"
"1001","2033367","77-16-75-093-700-000","CLOSD","6485 Faulkner Drive, Chesterfield VA 23234","23234","Chesterfield","Single Family Residence","11/23/2020","$336,200","$336,200","0","New (never occupied)","2020","Watermark","2,340","","4","2.1","Public Water","Sewer - Public","Conventional","Corporate"
"1001","2009443","W021-0381-003","CLOSD","5904 Three Chopt Road, Richmond City VA 23226","23226","Richmond City","Single Family Residence","11/23/2020","$1,850,000","$1,575,000","203","Resale (occupied at least once)","1912","None","6,200","0.65","5","4.1","Public Water","Sewer - Public","Cash","Individuals"
"1001","2013539","730-66-25-67-300-000","CLOSD","9512 Deering Court, Chesterfield VA 23112","23112","Chesterfield","Single Family Residence","11/23/2020","$357,950","$415,363","0","New (never occupied)","2020","Collington East","2,514","","3","3.0","Public Water","Sewer - Public","Conventional","Corporate"
"1001","2030432","725-70-08-96-800-000","CLOSD","924 Gorham Court, Chesterfield VA 23114","23114","Chesterfield","Single Family Residence","11/23/2020","$335,000","$335,000","6","Resale (occupied at least once)","2009","Hawthorne Village","2,188","0.12","4","2.1","Public Water","Sewer - Public","Conventional","Individuals"
"1001","2016742","742-760-4603","CLOSD","3801 Wild Goose Walk #Unit3801, Henrico VA 23060","23060","Henrico","Townhouse","11/23/2020","$645,000","$645,000","108","Resale (occupied at least once)","2013","West Broad Village","3,320","0.04","4","3.1","Public Water","Sewer - Public","Conventional","Individuals"
"1001","2031351","7870-37-1297","CLOSD","11342 Cloverhill Drive, Hanover VA 23005","23005","Hanover","Single Family Residence","11/23/2020","$449,500","$435,000","4","Resale (occupied at least once)","1987","Clover Hill Sub","3,174","3.00","4","4.0","Well","Septic - Conventional","Conventional","Individuals"
"1001","2028788","W000-0952-020","CLOSD","510 North Meadow Street, Richmond City VA 23220","23220","Richmond City","Single Family Residence","11/23/2020","$759,950","$740,000","30","Resale (occupied at least once)","1908","None","2,642","0.07","4","2.1","Public Water","Sewer - Public","Conventional","Individuals"
"1001","2030779","732-65-87-78-400-000","CLOSD","10310 North Donegal Road, Chesterfield VA 23832","23832","Chesterfield","Single Family Residence","11/23/2020","$240,000","$265,000","3","Resale (occupied at least once)","1987","Donegal Glen","1,472","1.33","3","2.1","Well","Septic - Conventional","FHA New","Individuals"
"1001","2013267","C0050500006","CLOSD","1645 Bilder Court, Richmond City VA 23225","23225","Richmond City","Single Family Residence","11/23/2020","$305,980","$324,610","8","New (never occupied)","2020","Westlake","1,864","","3","2.1","Public Water","Sewer - Public","Conventional","Corporate"
"1001","2030186","792-64-75-04-900-000","CLOSD","13300 Belspring Court, Chesterfield VA 23831","23831","Chesterfield","Single Family Residence","11/23/2020","$309,950","$309,950","9","Resale (occupied at least once)","1998","Hidden Valley Estates","2,184","0.40","4","2.1","Public Water","Sewer - Public","FHA New","Individuals"
"1001","2030067","709-68-47-12-800-000","CLOSD","4637 Jennway Loop, Chesterfield VA 23120","23120","Chesterfield","Single Family Residence","11/23/2020","$448,500","$453,000","6","Resale (occupied at least once)","2006","Summer Lake","3,125","0.37","5","2.1","Public Water","Sewer - Public","VA New","Individuals"
"1001","2028052","732-70-49-51-300-000","CLOSD","406 Walton Park Road, Chesterfield VA 23114","23114","Chesterfield","Single Family Residence","11/23/2020","$240,000","$236,500","20","Resale (occupied at least once)","1979","Walton Park","1,650","0.28","3","2.1","Public Water","Sewer - Public","VHDA/FHA","Individuals"
"1001","2028282","781-766-9648","CLOSD","1405 Old Francis Road, Henrico VA 23059","23059","Henrico","Single Family Residence","11/23/2020","$242,000","$242,000","27","Resale (occupied at least once)","1956","Virginia Manor","2,049","0.33","4","2.0","Public Water","Sewer - Public","Conventional","Individuals"
"1001","2032313","031-8-6","CLOSD","2345 Manakintown Ferry Road, Powhatan VA 23113","23113","Powhatan","Single Family Residence","11/23/2020","$569,000","$569,000","5","Resale (occupied at least once)","1992","Manakin Town Meadows","3,682","15.00","4","3.0","Well","Septic - Conventional","Conventional","Individuals"
"1001","2029997","758-70-28-76-400-000","CLOSD","711 Morelock Drive, Chesterfield VA 23236","23236","Chesterfield","Single Family Residence","11/23/2020","$245,000","$240,000","18","Resale (occupied at least once)","1988","Brookfield South","1,596","0.24","4","2.0","Public Water","Sewer - Public","FHA New","Individuals"
"1001","2028240","746-751-7138","CLOSD","1911 Bayleaf Court, Henrico VA 23238","23238","Henrico","Single Family Residence","11/23/2020","$399,950","$399,950","15","Resale (occupied at least once)","1984","Raintree","2,415","0.36","4","2.3","Public Water","Sewer - Public","Conventional","Individuals"
"1001","2027585","8706-75-1793","CLOSD","8152 Marley Drive, Hanover VA 23116","23116","Hanover","Townhouse","11/23/2020","$325,000","$325,000","31","Resale (occupied at least once)","2016","Marley Pointe","2,350","0.06","4","3.1","Public Water","Sewer - Public","Conventional","Individuals"
"1001","2025679","038-22B","CLOSD","4260 Pierce Road, Powhatan VA 23139","23139","Powhatan","Single Family Residence","11/23/2020","$239,950","$250,000","8","Resale (occupied at least once)","1996","None","1,368","2.00","3","2.1","Well","Septic - Conventional","FHA New","Individuals"
"1001","2023334","8744-05-3479","CLOSD","7535 Madison Estates Drive, Hanover VA 23111","23111","Hanover","Single Family Residence","11/23/2020","$534,950","$516,000","60","Resale (occupied at least once)","2012","Madison Estates","3,116","1.11","4","3.1","Well","Septic - Conventional","Cash","Individuals"
"1001","2014361","745626051400000","CLOSD","15612 Corte Castle Terrace, Chesterfield VA 23838","23838","Chesterfield","Single Family Residence","11/23/2020","$355,550","$358,550","158","New (never occupied)","2020","Rivers Trace","2,302","1.54","4","2.1","Public Water","Septic - Conventional","VA New","Corporate"
"1001","2028581","28B  3    99","CLOSD","8227 Brown Avenue, New Kent VA 23181","23181","New Kent","Single Family Residence","11/23/2020","$285,000","$285,000","29","Resale (occupied at least once)","2008","Browns","2,059","0.46","3","2.1","Well","Septic - Conventional","USDA","Individuals"
"1001","2018914","786679302500000","CLOSD","7101 Patina Way, Chesterfield VA 23237","23237","Chesterfield","Single Family Residence","11/23/2020","$373,535","$373,535","0","New (never occupied)","2020","Silverleaf","2,767","","4","3.0","Public Water","Sewer - Public","FHA New","Corporate"
"1001","2032150","827-65-74-62-200-000","CLOSD","12503 Mount Blanco Court, Chesterfield VA 23836","23836","Chesterfield","Single Family Residence","11/23/2020","$339,000","$337,000","3","Resale (occupied at least once)","2017","Mount Blanco","2,306","0.38","4","2.1","Public Water","Septic - Alternative","FHA New","Individuals"
"1001","2028025","784-67-75-42-300-000","CLOSD","7523 Conifer Road, Chesterfield VA 23237","23237","Chesterfield","Single Family Residence","11/23/2020","$249,900","$226,000","16","Resale (occupied at least once)","1963","None","1,508","0.65","3","1.1","Public Water","Sewer - Public","Conventional","Individuals"
"1001","2026280","23A  1    38","CLOSD","8872 Rock Cedar Road, New Kent VA 23124","23124","New Kent","Single Family Residence","11/23/2020","$264,900","$265,000","23","New (never occupied)","2020","Cedar Lane Farm","1,560","0.59","3","2.0","Well","Septic - Conventional","USDA","Individuals"
"1001","2019651","TBD","CLOSD","2681 St Elias Drive #UnitB, Henrico VA 23294","23294","Henrico","Condominium","11/23/2020","$352,915","$379,756","0","New (never occupied)","2020","West Broad Landing","2,518","","3","2.1","Public Water","Sewer - Public","Conventional","Corporate"
"1001","2019375","TBD","CLOSD","2679 St Elias Drive #UnitB, Henrico VA 23294","23294","Henrico","Condominium","11/23/2020","$350,000","$364,090","0","New (never occupied)","2020","West Broad Landing","2,501","","3","2.1","Public Water","Sewer - Public","Conventional","Corporate"
"1001","2032256","7832-21-1037","CLOSD","15053 Quaker Church Road, Hanover VA 23192","23192","Hanover","Single Family Residence","11/23/2020","$229,000","$229,000","2","Resale (occupied at least once)","1976","None","912","5.50","3","1.0","Well","Septic - Conventional","Conventional","Individuals"
"1001","2031462","S007-1181-011","CLOSD","1312 Willis Street, Richmond City VA 23224","23224","Richmond City","Single Family Residence","11/23/2020","$135,000","$147,000","3","Resale (occupied at least once)","1980","Center Hill","1,061","0.14","3","1.1","Public Water","Sewer - Public","FHA New","Individuals"
"1001","2027043","782-749-0642","CLOSD","1809 Court Street, Henrico VA 23228","23228","Henrico","Single Family Residence","11/23/2020","$184,950","$190,000","30","Resale (occupied at least once)","1942","Lakeside","1,420","0.23","3","2.0","Public Water","Sewer - Public","Conventional","Individuals"
"1001","2029237","719-66-80-18-300-000","CLOSD","7724 Shady Banks Terrace, Chesterfield VA 23832","23832","Chesterfield","Single Family Residence","11/23/2020","$242,000","$245,000","3","Resale (occupied at least once)","1996","Ashbrook","1,138","0.24","3","2.0","Public Water","Sewer - Public","FHA New","Individuals"
"1001","2031720","730-67-90-19-600-000","CLOSD","13618 Northwich Drive, Chesterfield VA 23112","23112","Chesterfield","Single Family Residence","11/23/2020","$270,000","$270,000","6","Resale (occupied at least once)","1977","Brandermill","1,881","0.18","3","2.0","Public Water","Sewer - Public","Conventional","Individuals"
"1001","2030709","8724447043","CLOSD","7282 Cactus Road, Hanover VA 23111","23111","Hanover","Single Family Residence","11/23/2020","$289,900","$290,000","5","Resale (occupied at least once)","1978","Lereve Manor","2,083","0.47","3","2.1","Public Water","Septic - Conventional","Conventional","Individuals"
"1001","2029851","754-746-7770","CLOSD","8505 Pamela Drive, Henrico VA 23229","23229","Henrico","Single Family Residence","11/23/2020","$285,000","$290,000","4","Resale (occupied at least once)","1961","Somerset","2,126","0.26","4","3.0","Public Water","Sewer - Public","Conventional","Individuals"
"1001","2018325","E000-0385-107","CLOSD","306 North 26th Street #Unit237, Richmond City VA 23223","23223","Richmond City","Condominium","11/23/2020","$303,500","$301,000","47","Resale (occupied at least once)","1892","Nolde Bakery Condo","1,499","","2","2.0","Public Water","Sewer - Public","Conventional","Individuals"
"1001","2028652","778-746-4358","CLOSD","2700 Dellrose Avenue, Henrico VA 23228","23228","Henrico","Single Family Residence","11/23/2020","$274,900","$275,000","6","Resale (occupied at least once)","1946","Hermitage Park","1,488","0.18","3","1.1","Public Water","Sewer - Public","VA New","Individuals"
"1001","2028264","7797-88-0379","CLOSD","9103 Medley Mill Court, Hanover VA 23116","23116","Hanover","Single Family Residence","11/23/2020","$379,950","$379,950","2","Resale (occupied at least once)","1995","Ash Creek","2,650","0.36","4","2.1","Public Water","Sewer - Public","Conventional","Individuals"
"1001","2031823","751-71-50-20-900-017","CLOSD","10124 Iron Mill Road, Chesterfield VA 23235","23235","Chesterfield","Condominium","11/23/2020","$95,000","$91,850","6","Resale (occupied at least once)","1973","Edgehill Condo","811","18.14","1","1.0","Public Water","Sewer - Public","Conventional","Individuals"
"1001","2016037","735-780-9792","CLOSD","6303 Ellington Woods Terrace, Henrico VA 23059","23059","Henrico","Single Family Residence","11/23/2020","$1,025,000","$1,005,000","86","Resale (occupied at least once)","2014","Ellington Woods At Wyndham","5,209","0.45","5","4.1","Public Water","Sewer - Public","Conventional","Individuals"
"1001","2029226","C008-0854-032","CLOSD","2909 Clearfield Street, Richmond City VA 23224","23224","Richmond City","Single Family Residence","11/23/2020","$184,950","$187,000","19","Resale (occupied at least once)","1938","Piney Knolls","1,462","0.25","3","1.0","Public Water","Sewer - Public","VHDA ","Individuals"
"1001","2028104","762-763-7876","CLOSD","3519 Gwynns Place, Henrico VA 23060","23060","Henrico","Townhouse","11/23/2020","$400,000","$393,000","24","Resale (occupied at least once)","2005","Townes At Crossridge","2,336","0.13","3","2.1","Public Water","Sewer - Public","Conventional","Individuals"
"1001","2030700","762-68-09-71-400-000","CLOSD","7631 Centerbrook Lane, Chesterfield VA 23832","23832","Chesterfield","Single Family Residence","11/23/2020","$289,950","$302,375","6","Resale (occupied at least once)","1996","Five Forks Village","2,277","0.32","4","2.1","Public Water","Sewer - Public","Conventional","Individuals"
"1001","2024539","N000-0697-020","CLOSD","2717 Griffin Avenue, Richmond City VA 23222","23222","Richmond City","Single Family Residence","11/23/2020","$425,000","$425,000","31","Resale (occupied at least once)","1924","Brookland Park","2,664","0.10","3","2.2","Public Water","Sewer - Public","Conventional","Other"
"1001","2031578","738-746-5933","CLOSD","1619 Swansbury Drive, Henrico VA 23238","23238","Henrico","Single Family Residence","11/23/2020","$469,500","$502,500","4","Resale (occupied at least once)","1979","Kingsley","3,489","0.46","4","3.1","Public Water","Sewer - Public","Conventional","Individuals"
"1001","2030886","8724-28-3180","CLOSD","7216 Jackson Arch Drive, Hanover VA 23111","23111","Hanover","Townhouse","11/23/2020","$235,000","$235,000","6","Resale (occupied at least once)","2013","Liberty Trace","1,596","0.04","3","2.1","Public Water","Sewer - Public","Conventional","Individuals"
"1001","2027103","7797-20-7367","CLOSD","9363 North Rinker Drive, Hanover VA 23116","23116","Hanover","Single Family Residence","11/23/2020","$299,900","$295,000","14","Resale (occupied at least once)","1991","Beechwood Farms","1,600","0.34","4","3.1","Public Water","Sewer - Public","Conventional","Individuals"
"1001","2017867","E000-1663-011","CLOSD","3902 Glenwood Avenue, Richmond City VA 23223","23223","Richmond City","Single Family Residence","11/23/2020","$250,000","$245,000","80","New (never occupied)","2020","Chimborazo","1,484","0.20","3","2.1","Public Water","Sewer - Public","Conventional","Individuals"
"1001","2031046","789-753-5836","CLOSD","5923 Upham Drive, Henrico VA 23227","23227","Henrico","Single Family Residence","11/23/2020","$289,500","$305,000","3","Resale (occupied at least once)","1951","Chamberlayne Farms","2,286","0.41","4","3.0","Public Water","Sewer - Public","FHA New","Individuals"
"1001","2033649","779-67-89-80-900-000","CLOSD","6937 Mason Run Drive, Chesterfield VA 23234","23234","Chesterfield","Single Family Residence","11/23/2020","$179,950","$185,000","3","Resale (occupied at least once)","1986","Mason Woods","1,200","0.26","3","2.0","Public Water","Sewer - Public","Cash","Individuals"
"1001","2033378","739-776-7061.025","CLOSD","5500 Ashton Park Way, Henrico VA 23059","23059","Henrico","Condominium","11/23/2020","$425,000","$425,000","2","Resale (occupied at least once)","1999","Ashton Park","2,294","0.16","4","2.1","Public Water","Sewer - Public","Cash","Individuals"
"1001","2032677","763-768-8550","CLOSD","3624 Meadow Pond Court, Henrico VA 23060","23060","Henrico","Single Family Residence","11/23/2020","$408,000","$425,000","1","Resale (occupied at least once)","2003","Meadow Farms","2,978","0.47","4","2.1","Public Water","Sewer - Public","Cash","Individuals"
"1001","2032323","W022-0162-082","CLOSD","5621 Cary Street Road #UnitU411, Richmond City VA 23226","23226","Richmond City","Condominium","11/23/2020","$135,000","$135,000","4","Resale (occupied at least once)","1927","Tuckahoe Condominiums","505","1.71","1","1.0","Public Water","Sewer - Public","Cash","Individuals"
"1001","2031959","0001471002","CLOSD","3012 Decatur Street, Richmond City VA 23224","23224","Richmond City","Single Family Residence","11/23/2020","$130,000","$130,000","5","Resale (occupied at least once)","1924","Burfoot Addition","918","","2","1.0","Public Water","Sewer - Public","Conventional","Corporate"
"1001","2031658","753-754-4484","CLOSD","3054 Montfort Loop #Unit3054, Henrico VA 23294","23294","Henrico","Townhouse","11/23/2020","$219,500","$222,000","2","Resale (occupied at least once)","1995","Pemberton Oaks Townhouses","1,171","0.04","3","2.1","Public Water","Sewer - Public","Conventional","Individuals"
"1001","2031402","052A3-1D-5","CLOSD","1109 Schroeder Road, Powhatan VA 23139","23139","Powhatan","Single Family Residence","11/23/2020","$195,000","$195,000","11","Resale (occupied at least once)","1972","Kimberly Farms","1,485","1.03","3","1.1","Well","Septic - Conventional","Conventional","Individuals"
"1001","2031133","W000-0781-010","CLOSD","1901 Georgia Avenue, Richmond City VA 23220","23220","Richmond City","Single Family Residence","11/23/2020","$649,950","$625,000","6","New (never occupied)","2020","Riverview","3,248","0.14","5","4.0","Public Water","Sewer - Public","Conventional","Partnership"
"1001","2031124","757-770-9682","CLOSD","5712 Olde Hartley Way, Henrico VA 23060","23060","Henrico","Single Family Residence","11/23/2020","$629,950","$632,000","6","Resale (occupied at least once)","1994","Hartley Plantation","5,000","2.83","5","3.1","Public Water","Septic - Conventional","Cash","Individuals"
"1001","2030921","732-67-12-18-800-000","CLOSD","6901 Pointer Ridge Road, Chesterfield VA 23112","23112","Chesterfield","Single Family Residence","11/23/2020","$215,000","$185,000","14","Resale (occupied at least once)","1990","Spring Trace","1,272","0.40","3","2.0","Public Water","Community - Sewer/Septic","Cash","Individuals"
"1001","2030645","725-68-57-89-100-000","CLOSD","3200 Fortunes Ridge Road, Chesterfield VA 23112","23112","Chesterfield","Single Family Residence","11/23/2020","$265,000","$250,000","6","Resale (occupied at least once)","1980","Brandermill","2,196","0.35","4","3.1","Public Water","Sewer - Public","Cash","Estate"
"1001","2030552","704-66-86-41-800-000","CLOSD","17601 Wynstone Park Lane, Chesterfield VA 23120","23120","Chesterfield","Townhouse","11/23/2020","$368,500","$356,000","25","Resale (occupied at least once)","2016","Magnolia Green","2,031","0.09","3","2.1","Public Water","Sewer - Public","Cash","Individuals"
"1001","2030451","C001-0491-071","CLOSD","9533 Creek Summit Circle, Richmond City VA 23235","23235","Richmond City","Townhouse","11/23/2020","$425,000","$425,000","3","Resale (occupied at least once)","2012","Creeks Edge At Stony Point","2,820","0.07","4","3.1","Public Water","Sewer - Public","Cash","Individuals"
"1001","2030284","780-68-21-69-800-000","CLOSD","6236 Meadwood Circle, Chesterfield VA 23234","23234","Chesterfield","Single Family Residence","11/23/2020","$159,900","$165,000","2","Resale (occupied at least once)","1978","Meadwood","1,680","0.31","4","1.1","Public Water","Sewer - Public","Cash","Estate"
"1001","2030177","8734-82-8261","CLOSD","5080 Crown Hill Road, Hanover VA 23111","23111","Hanover","Single Family Residence","11/23/2020","$409,900","$390,000","15","Resale (occupied at least once)","1995","Cold Harbor Forest","2,038","2.60","3","2.1","Well","Septic - Conventional","Conventional","Individuals"
"1001","2030138","725-71-58-70-400-000","CLOSD","2301 Albion Road, Chesterfield VA 23113","23113","Chesterfield","Single Family Residence","11/23/2020","$424,900","$440,000","7","Resale (occupied at least once)","1981","Salisbury","2,730","0.77","4","2.1","Public Water","Sewer - Public","Conventional","Individuals"
"1001","2030094","859-708-4712","CLOSD","6008 Jenkins Bluff Lane, Henrico VA 23150","23150","Henrico","Single Family Residence","11/23/2020","$329,950","$330,000","4","Resale (occupied at least once)","2013","Jenkins Bluff","2,562","1.24","4","2.1","Well","Septic - Conventional","FHA New","Individuals"
"1001","2029940","705-66-90-27-500-000","CLOSD","7418 Nicklaus Circle, Chesterfield VA 23120","23120","Chesterfield","Single Family Residence","11/23/2020","$359,500","$359,500","5","Resale (occupied at least once)","2013","Magnolia Green","2,308","0.15","3","2.1","Public Water","Sewer - Public","Conventional","Individuals"
"1001","2029850","S000-1730-001","CLOSD","3310 Forest Hill Avenue, Richmond City VA 23225","23225","Richmond City","Single Family Residence","11/23/2020","$255,000","$255,000","7","Resale (occupied at least once)","1922","None","1,500","0.11","3","2.0","Public Water","Sewer - Public","Conventional","Individuals"
"1001","2029831","797-713-6051.202","CLOSD","210 Rocketts Way #Unit202, Henrico VA 23231","23231","Henrico","Condominium","11/23/2020","$225,000","$223,000","8","Resale (occupied at least once)","2008","Village Of Rocketts Landing","1,011","0.02","1","1.0","Public Water","Sewer - Public","Conventional","Individuals"
"1001","2029447","7803-20-5753","CLOSD","18430 Mountain Road, Hanover VA 23192","23192","Hanover","Single Family Residence","11/23/2020","$475,000","$475,000","11","Resale (occupied at least once)","2015","None","2,676","10.76","4","4.1","Well","Septic - Conventional","Conventional","Individuals"
"1001","2029193","780-743-4391","CLOSD","2315 Buckingham Avenue, Henrico VA 23228","23228","Henrico","Single Family Residence","11/23/2020","$319,950","$352,500","4","Resale (occupied at least once)","1954","Bryan Parkway","1,590","0.19","3","2.0","Public Water","Sewer - Public","Conventional","Individuals"
"1001","2029065","705-66-80-62-900-000","CLOSD","17428 Wynstone Park Lane, Chesterfield VA 23120","23120","Chesterfield","Townhouse","11/23/2020","$359,000","$370,100","6","Resale (occupied at least once)","2014","Magnolia Green","2,156","0.12","3","2.1","Public Water","Sewer - Public","Private","Individuals"
"1001","2028058","W022-0068-006","CLOSD","3903 Cary Street Road, Richmond City VA 23221","23221","Richmond City","Single Family Residence","11/23/2020","$519,000","$519,000","9","Resale (occupied at least once)","1956","Windsor Farms","2,020","0.35","3","2.1","Public Water","Sewer - Public","Conventional","Estate"
"1001","2027392","N000-1899-017","CLOSD","3809 Seminary Avenue, Richmond City VA 23227","23227","Richmond City","Single Family Residence","11/23/2020","$769,000","$781,000","4","Resale (occupied at least once)","1920","Ginter Park","3,520","0.54","5","3.1","Public Water","Sewer - Public","Conventional","Individuals"
"1001","2027257","709-68-53-72-800-000","CLOSD","4313 Nevil Bend Lane, Chesterfield VA 23120","23120","Chesterfield","Single Family Residence","11/23/2020","$449,999","$449,999","3","Resale (occupied at least once)","2006","Summer Lake","3,730","0.28","4","3.1","Public Water","Sewer - Public","Conventional","Individuals"
"1001","2027243","741-69-01-70-300-000","CLOSD","2906 Chislet Drive, Chesterfield VA 23112","23112","Chesterfield","Single Family Residence","11/23/2020","$350,000","$340,000","6","Resale (occupied at least once)","2007","Walnut Grove","2,338","0.37","4","2.1","Public Water","Sewer - Public","FHA New","Individuals"
"1001","2027113","740-67-83-08-500-000","CLOSD","4530 Twelveoaks Road, Chesterfield VA 23112","23112","Chesterfield","Single Family Residence","11/23/2020","$199,950","$190,000","32","Resale (occupied at least once)","1980","Glen Tara","1,056","0.23","3","1.0","Public Water","Sewer - Public","Conventional","Individuals"
"1001","2027020","11A  1D1   2","CLOSD","10001 Old Quarter Lane, New Kent VA 23124","23124","New Kent","Single Family Residence","11/23/2020","$250,000","$255,000","17","Resale (occupied at least once)","2002","Whitehouse Farms","1,602","0.57","3","2.1","Public Water","Septic - Conventional","FHA New","Individuals"
"1001","2025837","751-754-3485","CLOSD","3005 Oakley Pointe Terrace, Henrico VA 23233","23233","Henrico","Single Family Residence","11/23/2020","$269,950","$270,000","5","Resale (occupied at least once)","1997","Oakley Pointe","1,587","0.18","3","2.1","Public Water","Sewer - Public","Cash","Individuals"
"1001","2025750","52A3 1   201","CLOSD","15600 River Bend Trail, New Kent VA 23089","23089","New Kent","Single Family Residence","11/23/2020","$799,050","$765,000","22","Resale (occupied at least once)","1987","The Colonies - New Kent","2,946","1.20","3","2.1","Public Water","Septic - Conventional","Conventional","Individuals"
"1001","2025580","W000-1507-029","CLOSD","3318 Rosewood Avenue, Richmond City VA 23221","23221","Richmond City","Single Family Residence","11/23/2020","$244,500","$230,000","45","Resale (occupied at least once)","1926","Sydnors Point Addition","789","0.06","2","1.0","Public Water","Sewer - Public","Conventional","Individuals"
"1001","2025285","C001-0491-103","CLOSD","9426 Creek Summit Circle, Richmond City VA 23235","23235","Richmond City","Townhouse","11/23/2020","$365,000","$360,000","38","Resale (occupied at least once)","2013","Creeks Edge At Stony Point","1,984","0.05","3","2.1","Public Water","Sewer - Public","Conventional","Individuals"
"1001","2023489","800-733-1445","CLOSD","3302 Austin Avenue, Henrico VA 23222","23222","Henrico","Single Family Residence","11/23/2020","$135,000","$120,000","69","Resale (occupied at least once)","1949","Brentwood","1,376","0.25","4","1.0","Public Water","Sewer - Public","Cash","Individuals"
"1001","2020421","E000-1554-008","CLOSD","607 North 38th Street, Richmond City VA 23223","23223","Richmond City","Single Family Residence","11/23/2020","$199,999","$186,000","57","Resale (occupied at least once)","1942","None","1,804","0.14","4","1.1","Public Water","Sewer - Public","FHA New","Individuals"
"1001","2020089","l03-3421-2373","CLOSD","41 Yakima Court, New Kent VA 23141","23141","New Kent","Single Family Residence","11/23/2020","$324,525","$351,807","3","New (never occupied)","2020","Dispatch Station Section 1","2,000","","3","2.0","Public Water","Septic - Alternative","Conventional","Corporate"
"1001","2019677","796-61-00-42-400-000","CLOSD","21516 South Pannill Street, Chesterfield VA 23803","23803","Chesterfield","Single Family Residence","11/23/2020","$25,000","$25,000","2","Resale (occupied at least once)","1900","None","1,543","0.17","2","1.0","Public Water","Sewer - Public","Owner Finance","Individuals"
"1001","2014789","W000-1626-017","CLOSD","3406 Monument Avenue, Richmond City VA 23221","23221","Richmond City","Single Family Residence","11/23/2020","$1,424,500","$1,350,000","35","Resale (occupied at least once)","1935","Monument Avenue Gardens","3,804","0.14","4","3.2","Public Water","Sewer - Public","Cash","Individuals"
"1001","2011941","736726000400000","CLOSD","12700 Seaford Crossing Court, Chesterfield VA 23113","23113","Chesterfield","Single Family Residence","11/23/2020","$624,590","$613,245","39","New (never occupied)","2020","Tarrington","4,235","","6","5.0","Public Water","Sewer - Public","VA New","Corporate"
"1001","2008396","771678243800000","CLOSD","6126 Buntline Lane, Chesterfield VA 23234","23234","Chesterfield","Townhouse","11/23/2020","$239,050","$259,715","0","New (never occupied)","2020","Watermark","1,634","","3","2.1","Public Water","Sewer - Public","Cash","Corporate"
"1001","2029817","781-61-55-12-300-000","CLOSD","6007 Springbank Road, Chesterfield VA 23803","23803","Chesterfield","Single Family Residence","11/24/2020","$185,000","$190,000","3","Resale (occupied at least once)","2003","Oak Forest Estates","1,133","0.28","3","2.0","Public Water","Sewer - Public","Conventional","Individuals"
"1001","2031777","W000-1592-018","CLOSD","3403 Ellwood Avenue, Richmond City VA 23221","23221","Richmond City","Single Family Residence","11/24/2020","$424,950","$440,000","8","Resale (occupied at least once)","1912","None","1,988","0.11","3","2.1","Public Water","Sewer - Public","Conventional","Individuals"
"1001","2009206","710661631300000","CLOSD","8842 Forge Gate Lane, Chesterfield VA 23120","23120","Chesterfield","Single Family Residence","11/24/2020","$461,300","$511,250","0","New (never occupied)","2020","Harpers Mill","3,355","0.28","5","4.1","Public Water","Sewer - Public","VA New","Corporate"
"1001","1930580","710662174700000","CLOSD","8613 Forge Gate Lane, Chesterfield VA 23832","23832","Chesterfield","Single Family Residence","11/24/2020","$433,020","$406,640","234","New (never occupied)","2020","Harpers Mill","2,767","","4","2.1","Public Water","Sewer - Public","VA New","Corporate"
"1001","2031894","W000-0874-001","CLOSD","1811 Hampton Street, Richmond City VA 23220","23220","Richmond City","Single Family Residence","11/24/2020","$430,000","$420,000","5","Resale (occupied at least once)","1960","Riverview","1,985","0.22","3","1.1","Public Water","Sewer - Public","Other","Estate, Individuals"
"1001","2022819","N000-1744-012","CLOSD","1405 West Laburnum Avenue, Richmond City VA 23227","23227","Richmond City","Single Family Residence","11/24/2020","$344,950","$326,000","23","Resale (occupied at least once)","1925","Laburnum Park","1,646","0.26","3","1.1","Public Water","Sewer - Public","Conventional","Individuals"
"1001","2031547","C008-1097-006","CLOSD","3549 South Belmont Road, Richmond City VA 23234","23234","Richmond City","Single Family Residence","11/24/2020","$239,950","$239,950","2","Resale (occupied at least once)","1965","Chesterfield Hills","2,548","0.54","4","2.0","Public Water","Sewer - Public","VHDA ","Individuals"
"1001","2032300","753-70-94-27-200-000","CLOSD","9232 Harmad Drive, Chesterfield VA 23235","23235","Chesterfield","Single Family Residence","11/24/2020","$260,000","$268,000","4","Resale (occupied at least once)","1973","Brighton Green","2,395","0.38","4","2.1","Public Water","Sewer - Public","Conventional","Individuals"
"1001","2030745","732-62-71-96-000-000","CLOSD","13413 Blue Heron Loop, Chesterfield VA 23838","23838","Chesterfield","Single Family Residence","11/24/2020","$459,900","$459,900","9","Resale (occupied at least once)","2004","Chesdin Landing","3,838","2.83","4","3.1","Public Water","Septic - Alternative","Conventional","Individuals"
"1001","2026581","709-67-51-39-700-000","CLOSD","6409 Ledgestone Lane, Chesterfield VA 23120","23120","Chesterfield","Single Family Residence","11/24/2020","$320,000","$327,400","2","Resale (occupied at least once)","2017","Wynwood at Foxcreek","1,760","0.10","3","2.1","Public Water","Sewer - Public","FHA New","Individuals"
"1001","2028970","770-743-0519","CLOSD","5417 Falmouth Street, Henrico VA 23230","23230","Henrico","Single Family Residence","11/24/2020","$239,900","$240,000","31","Resale (occupied at least once)","1955","Dickensdale","1,576","0.24","4","2.0","Public Water","Sewer - Public","Conventional","Individuals"
"1001","2030668","767-65-27-14-800-000","CLOSD","8319 Sterling Cove Place, Chesterfield VA 23838","23838","Chesterfield","Single Family Residence","11/24/2020","$415,000","$405,000","7","Resale (occupied at least once)","2007","The Highlands","2,866","1.29","4","2.1","Public Water","Septic - Conventional","Conventional","Individuals"
"1001","2015504","714-68-75-72-200-000","CLOSD","15706 New Gale Drive, Chesterfield VA 23112","23112","Chesterfield","Single Family Residence","11/24/2020","$465,000","$463,000","167","Resale (occupied at least once)","2018","Cambria Cove","2,975","0.32","4","3.0","Public Water","Sewer - Public","Conventional","Individuals"
"1001","2032342","709-66-53-29-100-000","CLOSD","8513 Foster Ridge Terrace, Chesterfield VA 23120","23120","Chesterfield","Single Family Residence","11/24/2020","$435,000","$435,000","3","Resale (occupied at least once)","2015","Hampton Farms","3,682","0.29","7","5.0","Public Water","Sewer - Public","Conventional","Individuals"
"1001","2028961","769-67-77-27-000-000","CLOSD","6725 Sailors Creek Court, Chesterfield VA 23832","23832","Chesterfield","Single Family Residence","11/24/2020","$309,950","$310,000","4","Resale (occupied at least once)","2007","Kingsland Glen","2,680","0.37","4","2.1","Public Water","Sewer - Public","VHDA ","Individuals"
"1001","2023039","756-65-14-37-600-000","CLOSD","11412 Woodland Pond Parkway, Chesterfield VA 23838","23838","Chesterfield","Single Family Residence","11/24/2020","$589,000","$591,589","3","Resale (occupied at least once)","2004","Woodland Pond","4,086","1.27","5","3.1","Public Water","Septic - Conventional","VA New","Individuals"
"1001","2032173","781-744-7223","CLOSD","2110 Barclay Road, Henrico VA 23228","23228","Henrico","Single Family Residence","11/24/2020","$279,500","$280,000","10","Resale (occupied at least once)","1945","Bryan Parkway","1,660","0.17","3","1.1","Public Water","Sewer - Public","Conventional","Individuals"
"1001","2025004","N017-0576-016","CLOSD","1930 Seddon Road, Richmond City VA 23227","23227","Richmond City","Single Family Residence","11/24/2020","$199,950","$197,500","8","Resale (occupied at least once)","1945","Rosedale","958","0.14","2","1.0","Public Water","Sewer - Public","Conventional","Estate, Individuals"
"1001","2018736","727-71-86-65-700-000","CLOSD","2730 Barrow Place, Chesterfield VA 23113","23113","Chesterfield","Single Family Residence","11/24/2020","$899,900","$895,000","79","Resale (occupied at least once)","1989","Salisbury","6,514","0.98","7","5.1","Public Water","Sewer - Public","Conventional","Individuals"
"1001","2027268","740-70-46-55-100-000","CLOSD","11535 Edenberry Drive, Chesterfield VA 23236","23236","Chesterfield","Single Family Residence","11/24/2020","$450,000","$450,000","2","Resale (occupied at least once)","1969","Stonehenge","3,800","1.33","5","3.0","Public Water","Septic - Conventional","Cash","Individuals"
"1001","2030607","N000-1599-035","CLOSD","1701 Summit Avenue #Unit4, Richmond City VA 23230","23230","Richmond City","Condominium","11/24/2020","$295,000","$295,000","3","Resale (occupied at least once)","1920","Summit Lofts Condo","1,002","0.28","2","2.0","Public Water","Sewer - Public","Conventional","Individuals"
"1001","2032670","830-719-6892","CLOSD","1745 Meadow Road, Henrico VA 23150","23150","Henrico","Single Family Residence","11/24/2020","$160,000","$160,000","0","Resale (occupied at least once)","1948","Fair Oaks Park","1,041","1.35","3","1.0","Well","Septic - Conventional","FHA New","Individuals"
"1001","2030335","728-66-86-34-000-000","CLOSD","7701 Belmont Stakes Drive, Chesterfield VA 23112","23112","Chesterfield","Single Family Residence","11/24/2020","$285,000","$285,000","8","Resale (occupied at least once)","1992","Triple Crown","2,262","0.31","4","3.0","Public Water","Sewer - Public","FHA New","Individuals"
"1001","2028368","22A10 2 1 57","CLOSD","7833 Arbor Ponds Court, New Kent VA 23124","23124","New Kent","Single Family Residence","11/24/2020","$321,500","$320,000","21","Resale (occupied at least once)","2017","Farms Of New Kent","2,113","0.25","3","2.1","Public Water","Sewer - Public","Conventional","Individuals"
"1001","2017802","786675083500000","CLOSD","3208 Sterling Brook Drive, Chesterfield VA 23237","23237","Chesterfield","Townhouse","11/24/2020","$244,550","$251,565","0","New (never occupied)","2020","Silverleaf","1,634","","3","2.1","Public Water","Sewer - Public","Conventional","Corporate"
"1001","2026672","817-711-7428","CLOSD","5412 Coxson Road, Henrico VA 23231","23231","Henrico","Single Family Residence","11/24/2020","$159,950","$160,000","21","Resale (occupied at least once)","1957","Robinwood","1,038","0.45","3","1.0","Public Water","Sewer - Public","FHA New","Individuals"
"1001","2030854","775-67-62-39-100-000","CLOSD","5637 Winterleaf Drive, Chesterfield VA 23234","23234","Chesterfield","Single Family Residence","11/24/2020","$224,950","$226,000","6","Resale (occupied at least once)","1986","Hilmar","1,632","0.22","4","2.0","Public Water","Sewer - Public","FHA New","Individuals"
"1001","2025605","747-746-3559.122","CLOSD","1500 Largo Road #Unit203, Henrico VA 23238","23238","Henrico","Condominium","11/24/2020","$149,500","$149,500","3","Resale (occupied at least once)","1977","Regency Woods Condominiums","990","0.02","2","1.1","Public Water","Sewer - Public","FHA New","Individuals"
"1001","2013924","786675144200000","CLOSD","7888 Vermeil Street, Chesterfield VA 23237","23237","Chesterfield","Townhouse","11/24/2020","$242,350","$253,015","7","New (never occupied)","2020","Silverleaf","1,801","","3","2.1","Public Water","Sewer - Public","FHA New","Corporate"
"1001","2027752","816-65-41-75-800-000","CLOSD","12512 Green Garden Place, Chesterfield VA 23836","23836","Chesterfield","Single Family Residence","11/24/2020","$325,000","$325,000","17","Resale (occupied at least once)","2002","Rivers Bend","2,506","0.20","4","2.1","Public Water","Sewer - Public","Conventional","Individuals"
"1001","2023440","720-69-09-15-100-000","CLOSD","2772 Mill Flume Drive, Chesterfield VA 23112","23112","Chesterfield","Single Family Residence","11/24/2020","$369,500","$369,500","29","Resale (occupied at least once)","2007","Watermill","3,145","","5","3.1","Public Water","Sewer - Public","VHDA/FHA","Individuals"
"1001","2032011","C008-0829-108","CLOSD","4501 Walmsley Boulevard, Richmond City VA 23234","23234","Richmond City","Single Family Residence","11/24/2020","$169,900","$187,000","2","Resale (occupied at least once)","1945","British Camp Farm","1,747","0.28","3","2.0","Public Water","Sewer - Public","FHA New","Individuals"
"1001","2031905","790-747-3133","CLOSD","5420 Stone Lane, Henrico VA 23227","23227","Henrico","Single Family Residence","11/24/2020","$265,000","$270,000","4","Resale (occupied at least once)","2001","Afton","2,226","0.20","4","2.1","Public Water","Sewer - Public","FHA New","Individuals"
"1001","2031296","750-760-8399","CLOSD","4104 Bush Lake Drive, Henrico VA 23060","23060","Henrico","Townhouse","11/24/2020","$225,000","$230,000","15","Resale (occupied at least once)","1988","Lexington Village Townhouses","1,598","0.05","3","2.1","Public Water","Sewer - Public","FHA New","Estate"
"1001","2028512","19G12A11 42","CLOSD","2404 Prince Andrew Court #Unit42, New Kent VA 23141","23141","New Kent","Condominium","11/24/2020","$238,030","$238,030","11","New (never occupied)","2020","Cumberland","1,580","","3","2.1","Public Water","Sewer - Public","Conventional","Corporate"
"1001","2017012","32-16-0-4-0","CLOSD","2758 Leatherwood Road, Goochland VA 23102","23102","Goochland","Single Family Residence","11/24/2020","$339,950","$336,500","95","Resale (occupied at least once)","2003","None","2,052","5.90","3","2.0","Well","Septic - Conventional","Conventional","Individuals"
"1001","1939457","771678263700000","CLOSD","6122 Buntline Drive, Chesterfield VA 23234","23234","Chesterfield","Townhouse","11/24/2020","$235,450","$250,560","0","New (never occupied)","2019","Watermark","1,694","","3","2.1","Public Water","Sewer - Public","Conventional","Corporate"
"1001","1919112","13-24-0-12-0","CLOSD","4940 Austin Lane, Goochland VA 23065","23065","Goochland","Single Family Residence","11/24/2020","$310,000","$372,693","294","New (never occupied)","2020","Boundary Run","2,013","4.07","3","2.1","Well","Septic - Conventional","Conventional","Corporate"
"1001","2024490","8765-74-1870","CLOSD","2141 Old Church Road, Hanover VA 23111","23111","Hanover","Single Family Residence","11/24/2020","$499,950","$499,950","19","Resale (occupied at least once)","1988","Matadequin Farms","4,487","3.21","4","3.1","Well","Septic - Conventional","Conventional","Individuals"
"1001","2028785","10   7 4  14","CLOSD","9902 Crumps Mill Road, New Kent VA 23141","23141","New Kent","Single Family Residence","11/24/2020","$295,000","$295,000","3","Resale (occupied at least once)","1989","Clopton Forest","1,662","13.40","3","2.0","Well","Septic - Conventional","Conventional","Individuals"
"1001","2027191","755-739-4490","CLOSD","703 Keats Road, Henrico VA 23229","23229","Henrico","Single Family Residence","11/24/2020","$569,500","$550,000","22","Resale (occupied at least once)","1961","University Heights","2,932","0.47","3","2.1","Public Water","Sewer - Public","VHDA/FHA","Individuals"
"1001","2030866","W019-0282-007","CLOSD","4201 Hanover Avenue, Richmond City VA 23221","23221","Richmond City","Single Family Residence","11/24/2020","$780,000","$780,000","5","Resale (occupied at least once)","1929","Colonial Place","3,095","0.20","4","3.1","Public Water","Sewer - Public","Conventional","Individuals"
"1001","2029827","762-68-48-74-800-000","CLOSD","5010 Tulip Oak Road, Chesterfield VA 23832","23832","Chesterfield","Single Family Residence","11/24/2020","$259,995","$258,000","5","Resale (occupied at least once)","1989","Pennwood","1,810","0.92","3","2.1","Public Water","Sewer - Public","FHA New","Individuals"
"1001","2031453","7821-25-6235","CLOSD","16341 Kelli Ashley Court, Hanover VA 23192","23192","Hanover","Single Family Residence","11/24/2020","$359,000","$360,000","5","Resale (occupied at least once)","1997","Locust Run","1,851","11.87","3","2.1","Well","Septic - Conventional","Conventional","Individuals"
"1001","2029356","W020-0068-028","CLOSD","5014 West Franklin Street, Richmond City VA 23226","23226","Richmond City","Single Family Residence","11/24/2020","$469,900","$465,000","21","Resale (occupied at least once)","1948","Patterson Place","1,800","0.18","4","2.0","Public Water","Sewer - Public","Conventional","Individuals"
"1001","2027878","116889","CLOSD","6483 Pine Straw Lane, New Kent VA 23141","23141","New Kent","Single Family Residence","11/24/2020","$407,950","$409,950","11","New (never occupied)","2020","The Fields at Pine Fork","3,026","0.57","4","3.1","Well","Septic - Conventional","Conventional","Corporate"
"1001","2033760","788-766-2031.215","CLOSD","900 Masters Row #UnitM, Henrico VA 23059","23059","Henrico","Condominium","11/24/2020","$159,950","$159,950","1","Resale (occupied at least once)","1998","Links Condominiums","1,075","15.20","2","2.0","Public Water","Sewer - Public","Cash","Individuals"
"1001","2032593","N000-0610-014","CLOSD","2317 3rd Avenue, Richmond City VA 23222","23222","Richmond City","Single Family Residence","11/24/2020","$125,000","$143,000","3","Resale (occupied at least once)","1922","Chestnut Hills","1,404","0.11","4","1.0","Public Water","Sewer - Public","Cash","Individuals"
"1001","2032478","734-64-60-26-800-000","CLOSD","12313 Devette Court, Chesterfield VA 23838","23838","Chesterfield","Single Family Residence","11/24/2020","$342,500","$342,500","6","Resale (occupied at least once)","1997","Second Branch Sec 1","2,381","1.00","4","2.1","Public Water","Septic - Conventional","Conventional","Individuals"
"1001","2032335","731-748-7932","CLOSD","2216 Lauderdale Drive, Henrico VA 23238","23238","Henrico","Single Family Residence","11/24/2020","$249,950","$251,500","3","Resale (occupied at least once)","1974","Tuckahoe Village West","1,825","0.37","3","2.1","Public Water","Sewer - Public","Conventional","Individuals"
"1001","2032250","737-69-67-21-300-000","CLOSD","1406 Lockett Ridge Court, Chesterfield VA 23114","23114","Chesterfield","Single Family Residence","11/24/2020","$234,900","$243,000","2","Resale (occupied at least once)","1983","Smoketree South","1,322","0.27","3","2.1","Public Water","Sewer - Public","Conventional","Individuals"
"1001","2032230","742-67-97-84-500-000","CLOSD","11449 Bailey Mountain Trail, Chesterfield VA 23112","23112","Chesterfield","Single Family Residence","11/24/2020","$219,500","$220,000","5","Resale (occupied at least once)","1987","Bailey Ridge Estates","1,048","0.27","3","2.0","Public Water","Sewer - Public","Cash","Individuals"
"1001","2032059","716-66-79-50-800-000","CLOSD","7830 Winding Ash Court, Chesterfield VA 23832","23832","Chesterfield","Single Family Residence","11/24/2020","$245,000","$245,000","2","Resale (occupied at least once)","2003","Ashbrook","1,407","0.22","3","2.1","Public Water","Sewer - Public","Conventional","Individuals"
"1001","2031911","831-693-0670","CLOSD","2 Wicker Drive, Henrico VA 23231","23231","Henrico","Single Family Residence","11/24/2020","$175,000","$160,000","6","Resale (occupied at least once)","1981","Wicker Woods","1,728","1.09","3","2.1","Well","Septic - Conventional","Cash","Individuals"
"1001","2031791","731-67-63-18-900-000","CLOSD","5101 Long Shadow Court, Chesterfield VA 23112","23112","Chesterfield","Townhouse","11/24/2020","$209,000","$217,450","4","Resale (occupied at least once)","1979","Long Shadow","1,641","0.08","2","2.1","Public Water","Sewer - Public","Cash","Individuals"
"1001","2031635","8734-06-2945","CLOSD","5986 Anvil Lane, Hanover VA 23111","23111","Hanover","Single Family Residence","11/24/2020","$249,837","$250,000","2","Resale (occupied at least once)","1975","Stonewall Estates","1,312","0.44","3","2.1","Public Water","Septic - Conventional","Conventional","Individuals"
"1001","2031482","794-66-01-49-500-000","CLOSD","3305 Walnut Cove Court, Chesterfield VA 23831","23831","Chesterfield","Single Family Residence","11/24/2020","$162,000","$162,000","6","Resale (occupied at least once)","1992","Cameron Run","1,170","0.22","3","2.0","Public Water","Sewer - Public","Cash","Estate"
"1001","2031234","756-735-8377.050","CLOSD","300 North Ridge Road #Unit50, Henrico VA 23229","23229","Henrico","Condominium","11/24/2020","$419,999","$430,000","1","Resale (occupied at least once)","1978","Westham Green","1,915","0.04","3","2.1","Public Water","Sewer - Public","Cash","Individuals"
"1001","2031153","743-759-0777","CLOSD","549 Geese Landing, Henrico VA 23060","23060","Henrico","Townhouse","11/24/2020","$378,500","$374,000","5","Resale (occupied at least once)","2010","West Broad Village","2,220","0.03","3","3.1","Public Water","Sewer - Public","Cash","Individuals"
"1001","2031144","N000-1739-037","CLOSD","1736 Wilmington Avenue, Richmond City VA 23227","23227","Richmond City","Single Family Residence","11/24/2020","$299,000","$310,100","5","Resale (occupied at least once)","1940","Rosedale","1,308","0.18","2","1.1","Public Water","Sewer - Public","Cash","Individuals"
"1001","2031101","765-66-28-71-000-000","CLOSD","8107 Heathbluff Court, Chesterfield VA 23832","23832","Chesterfield","Single Family Residence","11/24/2020","$415,000","$415,000","6","Resale (occupied at least once)","1991","Gates Bluff","3,225","2.71","5","3.1","Public Water","Septic - Conventional","Conventional","Individuals"
"1001","2031029","S000-1477-024","CLOSD","9 West 31st Street, Richmond City VA 23225","23225","Richmond City","Single Family Residence","11/24/2020","$218,950","$214,000","4","Resale (occupied at least once)","1940","West Manchester","1,250","0.11","3","1.0","Public Water","Sewer - Public","FHA New","Individuals"
"1001","2031026","W019-0311-002","CLOSD","4312 North Ashlawn Drive, Richmond City VA 23221","23221","Richmond City","Single Family Residence","11/24/2020","$485,000","$485,000","5","Resale (occupied at least once)","1940","Colonial Place","1,684","0.17","3","2.0","Public Water","Sewer - Public","Conventional","Individuals"
"1001","2030967","N000-1957-010","CLOSD","1505 Claremont Avenue, Richmond City VA 23227","23227","Richmond City","Single Family Residence","11/24/2020","$299,950","$310,000","4","Resale (occupied at least once)","1941","Virginia Place","1,259","0.17","2","1.0","Public Water","Sewer - Public","Conventional","Individuals"
"1001","2030808","8715-53-1427","CLOSD","7243 Fairview Drive, Hanover VA 23111","23111","Hanover","Single Family Residence","11/24/2020","$250,000","$250,000","6","Resale (occupied at least once)","1972","Meadow Gate","1,458","0.41","3","2.0","Public Water","Sewer - Public","Conventional","Individuals"
"1001","2030631","728-70-69-97-300-000","CLOSD","13712 Sycamore Village Drive, Chesterfield VA 23114","23114","Chesterfield","Single Family Residence","11/24/2020","$234,950","$240,000","0","Resale (occupied at least once)","1996","Sycamore Village","1,350","0.10","3","2.0","Public Water","Sewer - Public","FHA New","Individuals"
"1001","2030626","780-744-2644","CLOSD","2318 Essex Road, Henrico VA 23228","23228","Henrico","Single Family Residence","11/24/2020","$299,950","$321,000","4","Resale (occupied at least once)","1945","Bryan Parkway","1,501","0.19","3","1.1","Public Water","Sewer - Public","Conventional","Individuals"
"1001","2030485","46-1-0-118-0","CLOSD","2352 Manakin Road, Goochland VA 23103","23103","Goochland","Single Family Residence","11/24/2020","$1,495,000","$1,375,000","23","Resale (occupied at least once)","1972","None","5,136","32.48","4","4.1","Well","Septic - Conventional","Cash","Estate"
"1001","2030391","7797-52-0177","CLOSD","8943 Kings Charter Drive, Hanover VA 23116","23116","Hanover","Single Family Residence","11/24/2020","$449,950","$450,000","4","Resale (occupied at least once)","1993","Ivy Banks","3,728","0.64","4","3.1","Public Water","Sewer - Public","Conventional","Individuals"
"1001","2030354","784-68-56-07-100-000","CLOSD","3524 Silver Oak Court, Chesterfield VA 23234","23234","Chesterfield","Single Family Residence","11/24/2020","$275,000","$275,000","12","Resale (occupied at least once)","1994","Meadow Oaks","1,949","0.30","3","2.1","Public Water","Sewer - Public","FHA New","Individuals"
"1001","2030313","792-64-95-30-000-000","CLOSD","4003 Rockridge Court, Chesterfield VA 23831","23831","Chesterfield","Single Family Residence","11/24/2020","$359,900","$345,000","3","Resale (occupied at least once)","2001","Hidden Valley Estates","2,343","0.37","3","2.0","Public Water","Sewer - Public","Conventional","Individuals"
"1001","2030296","W019-0183-012","CLOSD","4802 Park Avenue, Richmond City VA 23226","23226","Richmond City","Single Family Residence","11/24/2020","$358,000","$370,000","3","Resale (occupied at least once)","1946","Colonial Place","1,312","0.15","3","2.0","Public Water","Sewer - Public","Conventional","Individuals"
"1001","2030156","743-768-8091","CLOSD","5012 Hearthstone Court, Henrico VA 23059","23059","Henrico","Single Family Residence","11/24/2020","$579,999","$580,000","4","Resale (occupied at least once)","2001","Hearthstone At Twin Hickory","3,520","0.46","5","3.1","Public Water","Sewer - Public","Conventional","Individuals"
"1001","2030111","739-759-6331","CLOSD","11741 Triple Notch Terrace, Henrico VA 23233","23233","Henrico","Townhouse","11/24/2020","$420,000","$420,000","20","Resale (occupied at least once)","2007","Three Notch Place","2,488","0.07","3","2.1","Public Water","Sewer - Public","Conventional","Individuals"
"1001","2029718","738-69-56-81-300-000","CLOSD","1718 Porters Mill Road, Chesterfield VA 23114","23114","Chesterfield","Single Family Residence","11/24/2020","$275,000","$275,000","4","Resale (occupied at least once)","2010","Exbury","1,736","0.26","3","2.1","Public Water","Sewer - Public","FHA New","Individuals"
"1001","2029574","797-64-57-87-400-000","CLOSD","13924 Exhall, Chesterfield VA 23831","23831","Chesterfield","Single Family Residence","11/24/2020","$295,000","$315,000","5","Resale (occupied at least once)","2001","Kentwood Forest","2,448","","4","2.1","Public Water","Sewer - Public","FHA New","Individuals"
"1001","2029555","737-71-37-30-000-000","CLOSD","11713 Heathmere Crescent, Chesterfield VA 23113","23113","Chesterfield","Single Family Residence","11/24/2020","$269,950","$279,950","2","Resale (occupied at least once)","1968","Windsor Forest - Chestfld","2,141","0.40","4","2.1","Public Water","Septic - Conventional","Conventional","Individuals"
"1001","2029494","10   9 2  16","CLOSD","9660 Windamere Drive, New Kent VA 23124","23124","New Kent","Single Family Residence","11/24/2020","$325,000","$330,000","3","Resale (occupied at least once)","2007","Essex Hills","2,402","5.05","4","2.1","Well","Septic - Conventional","Conventional","Individuals"
"1001","2029387","W019-0052-031","CLOSD","4614 Fitzhugh Avenue, Richmond City VA 23230","23230","Richmond City","Single Family Residence","11/24/2020","$400,000","$390,000","21","Resale (occupied at least once)","1953","Monument Avenue Park","1,400","0.14","4","2.0","Public Water","Sewer - Public","Conventional","Individuals"
"1001","2028996","736-766-3878","CLOSD","12318 Hawksgate Landing Court, Henrico VA 23059","23059","Henrico","Single Family Residence","11/24/2020","$789,120","$780,000","34","New (never occupied)","2020","Hawksgate at Bacova Section 1","4,301","0.30","6","5.1","Public Water","Sewer - Public","Conventional","Corporate"
"1001","2028283","57-10-0-17-0","CLOSD","1467 Windsor Way, Goochland VA 23103","23103","Goochland","Single Family Residence","11/24/2020","$775,000","$775,000","21","Resale (occupied at least once)","2000","Auburn Chase","4,919","5.91","5","3.1","Well","Septic - Conventional","Conventional","Individuals"
"1001","2028116","742-740-3544","CLOSD","412 Lynchell Place, Henrico VA 23238","23238","Henrico","Single Family Residence","11/24/2020","$784,950","$785,000","7","Resale (occupied at least once)","1992","Riverlake Colony","4,168","0.45","5","3.1","Public Water","Sewer - Public","Conventional","Individuals"
"1001","2027780","775-756-9393","CLOSD","8700 Woodman Road, Henrico VA 23228","23228","Henrico","Single Family Residence","11/24/2020","$299,000","$305,000","4","Resale (occupied at least once)","1977","Rocky Branch Farm","2,384","0.66","4","3.0","Public Water","Sewer - Public","VA New","Individuals"
"1001","2027773","815-65-99-52-400-000","CLOSD","12007 Player Court, Chesterfield VA 23836","23836","Chesterfield","Single Family Residence","11/24/2020","$399,000","$403,000","2","Resale (occupied at least once)","2002","Rivers Bend","2,599","0.40","3","2.1","Public Water","Sewer - Public","Conventional","Individuals"
"1001","2027667","749-68-37-56-500-000","CLOSD","4113 Courthouse Road, Chesterfield VA 23832","23832","Chesterfield","Single Family Residence","11/24/2020","$224,500","$218,000","40","Resale (occupied at least once)","1970","None","1,392","0.85","3","1.1","Public Water","Septic - Conventional","Conventional","Individuals"
"1001","2027635","730-62-97-22-500-000","CLOSD","13425 River Otter Road, Chesterfield VA 23838","23838","Chesterfield","Single Family Residence","11/24/2020","$549,900","$530,000","25","Resale (occupied at least once)","2006","Chesdin Landing","4,816","1.51","4","4.1","Public Water","Septic - Conventional","VA New","Individuals"
"1001","2026993","33B14 22R  87","CLOSD","10329 Gadwell Lane, New Kent VA 23140","23140","New Kent","Single Family Residence","11/24/2020","$420,000","$425,000","22","Resale (occupied at least once)","2008","Brickshire","3,818","0.62","5","4.1","Public Water","Sewer - Public","Conventional","Individuals"
"1001","2026521","797-713-4204.403","CLOSD","4940 Old Main Street #Unit403, Henrico VA 23231","23231","Henrico","Condominium","11/24/2020","$354,500","$354,500","49","Resale (occupied at least once)","2007","Village Of Rocketts Landing","1,688","0.04","2","2.0","Public Water","Sewer - Public","Conventional","Individuals"
"1001","2026250","8714-72-2811","CLOSD","7206 Brooking Way, Hanover VA 23111","23111","Hanover","Single Family Residence","11/24/2020","$249,950","$244,950","5","Resale (occupied at least once)","1987","High Point Farms","1,308","0.27","3","2.0","Public Water","Sewer - Public","FHA New","Individuals"
"1001","2026172","747-775-5050","CLOSD","11700 Alder Ridge Terrace, Henrico VA 23059","23059","Henrico","Single Family Residence","11/24/2020","$529,000","$523,000","11","Resale (occupied at least once)","1999","Wyndham Forest","3,628","0.28","5","3.1","Public Water","Sewer - Public","Conventional","Individuals"
"1001","2025458","765-68-51-54-000-000","CLOSD","7205 Drexelbrook Road, Chesterfield VA 23832","23832","Chesterfield","Single Family Residence","11/24/2020","$229,900","$229,900","13","Resale (occupied at least once)","1985","Pennwood","1,344","0.39","4","2.0","Public Water","Sewer - Public","VA New","Individuals"
"1001","2023592","7802-39-8911","CLOSD","18352 Mountain Road, Hanover VA 23192","23192","Hanover","Single Family Residence","11/24/2020","$245,000","$240,000","4","Resale (occupied at least once)","1970","None","1,636","1.81","2","2.0","Well","Septic - Conventional","FHA New","Individuals"
"1001","2022839","742-62-97-02-100-000","CLOSD","12111 Ivey Mill Road, Chesterfield VA 23838","23838","Chesterfield","Single Family Residence","11/24/2020","$579,950","$525,000","64","Resale (occupied at least once)","2006","None","3,712","4.90","4","4.1","Public Water","Septic - Conventional","Conventional","Individuals"
"1001","2022528","776-68-58-13-300-000","CLOSD","4925 Crispin Court, Chesterfield VA 23234","23234","Chesterfield","Single Family Residence","11/24/2020","$230,000","$218,500","63","Resale (occupied at least once)","1992","Braxton","1,600","0.19","2","2.0","Public Water","Sewer - Public","Cash","Corporate, REO"
"1001","2020593","015A-1-6","CLOSD","4055 Fine Creek Path, Powhatan VA 23139","23139","Powhatan","Single Family Residence","11/24/2020","$339,633","$313,200","118","Resale (occupied at least once)","1993","Fine Creek Farms","1,921","2.67","3","2.1","Well","Septic - Conventional","Cash","Individuals"
"1001","2019165","745-69-97-37-800-000","CLOSD","625 Royal Cresent Drive, Chesterfield VA 23236","23236","Chesterfield","Single Family Residence","11/24/2020","$249,000","$251,600","11","Resale (occupied at least once)","1984","Heatheridge","1,743","0.37","4","2.0","Public Water","Sewer - Public","Conventional","Individuals"
"1001","2017448","742-739-4948","CLOSD","9720 Deborah Ridge Place, Henrico VA 23238","23238","Henrico","Single Family Residence","11/24/2020","$795,000","$772,500","123","Resale (occupied at least once)","2001","Riverlake Colony","4,781","1.04","5","3.1","Public Water","Sewer - Public","Conventional","Individuals"
"1001","2012345","737678166000000","CLOSD","12509 Wescott Drive, Chesterfield VA 23112","23112","Chesterfield","Townhouse","11/24/2020","$288,750","$298,650","20","New (never occupied)","2020","Wescott","2,106","","3","2.1","Public Water","Sewer - Public","FHA New","Corporate"
"1001","2009449","M11-0766-1688","CLOSD","9540 Patterdale Lane, New Kent VA 23124","23124","New Kent","Single Family Residence","11/24/2020","$395,684","$395,684","2","New (never occupied)","2020","Rochambeau Estates","2,767","","4","3.1","Public Water","Septic - Alternative","Conventional","Corporate"
"1001","2007987","710662464300000","CLOSD","16800 Green Gate Court, Chesterfield VA 23832","23832","Chesterfield","Single Family Residence","11/24/2020","$402,670","$403,865","102","New (never occupied)","2020","Harpers Mill","2,464","","3","2.1","Public Water","Sewer - Public","Conventional","Corporate"
"1001","1938782","820-64-58-81-300-000","CLOSD","14300 Shale Place, Chesterfield VA 23836","23836","Chesterfield","Single Family Residence","11/24/2020","$215,000","$200,000","24","Resale (occupied at least once)","1990","Point Of Rocks Estates","1,930","0.25","4","2.1","Public Water","Sewer - Public","Cash","Individuals"
"1001","2028535","E000-0621-023","CLOSD","1311 North 26th Street, Richmond City VA 23223","23223","Richmond City","Single Family Residence","11/25/2020","$399,950","$400,000","29","New (never occupied)","2020","None","2,268","0.10","4","3.1","Public Water","Sewer - Public","Conventional","Corporate"
"1001","2018493","815649146200000","CLOSD","237 Mason Orchard Drive, Chesterfield VA 23836","23836","Chesterfield","Single Family Residence","11/25/2020","$333,335","$329,335","0","New (never occupied)","2020","Bermuda Orchard","1,863","","3","2.1","Public Water","Sewer - Public","VA New","Corporate"
"1001","2018122","7796-66-9939","CLOSD","9248 Fairfield Farm Court, Hanover VA 23116","23116","Hanover","Single Family Residence","11/25/2020","$474,240","$474,240","0","New (never occupied)","2020","Giles Farm","3,010","","5","3.0","Public Water","Sewer - Public","Conventional","Corporate"
"1001","2016396","730-66-33-90-900-000","CLOSD","9601 Kinnerton Drive, Chesterfield VA 23112","23112","Chesterfield","Single Family Residence","11/25/2020","$377,950","$405,690","0","New (never occupied)","2020","Collington East","2,766","","4","2.1","Public Water","Sewer - Public","Conventional","Corporate"
"1001","2016592","709-68-25-77-200-000","CLOSD","16748 Cabrio Court, Chesterfield VA 23120","23120","Chesterfield","Single Family Residence","11/25/2020","$396,950","$440,042","0","New (never occupied)","2020","Westerleigh","3,444","","4","3.1","Public Water","Sewer - Public","Conventional","Corporate"
"1001","2030708","732-764-3106","CLOSD","3312 Haydenpark Lane, Henrico VA 23233","23233","Henrico","Townhouse","11/25/2020","$649,500","$635,000","11","Resale (occupied at least once)","2018","Greengate","3,134","0.04","4","3.2","Public Water","Sewer - Public","Conventional","Individuals"
"1001","2018610","782-772-0897","CLOSD","11049 Little Five Loop, Henrico VA 23059","23059","Henrico","Single Family Residence","11/25/2020","$450,860","$503,880","0","New (never occupied)","2020","River Mill","2,775","","4","4.0","Public Water","Sewer - Public","Conventional","Corporate"
"1001","2026563","728-68-28-98-900-000","CLOSD","3814 Timber Ridge Road, Chesterfield VA 23112","23112","Chesterfield","Single Family Residence","11/25/2020","$385,000","$380,000","20","Resale (occupied at least once)","1977","Brandermill","3,348","","5","3.1","Public Water","Sewer - Public","FHA New","Individuals"
"1001","2030000","786-764-1829","CLOSD","928 Stonemeadow Drive, Henrico VA 23060","23060","Henrico","Single Family Residence","11/25/2020","$259,950","$260,000","3","Resale (occupied at least once)","1997","Stonefield","1,552","","3","2.1","Public Water","Sewer - Public","FHA New","Individuals"
"1001","2029866","793-64-20-26-500-000","CLOSD","14201 Cherry Street, Chesterfield VA 23831","23831","Chesterfield","Single Family Residence","11/25/2020","$225,000","$227,800","4","Resale (occupied at least once)","1960","Locust Grove","1,323","0.38","3","1.0","Public Water","Septic - Conventional","VA New","Estate"
"1001","2025863","780-66-80-91-800-000","CLOSD","5114 Timbercreek Drive, Chesterfield VA 23237","23237","Chesterfield","Single Family Residence","11/25/2020","$219,900","$230,000","3","Resale (occupied at least once)","1995","Ashton Woods South","1,464","0.26","3","1.2","Public Water","Sewer - Public","FHA New","Individuals"
"1001","2018663","8706-58-9767","CLOSD","9272 Crowell Street, Hanover VA 23116","23116","Hanover","Single Family Residence","11/25/2020","$412,825","$444,550","8","New (never occupied)","2020","Rutland","2,369","","3","2.1","Public Water","Sewer - Public","FHA New","Corporate"
"1001","2031832","781-761-1049","CLOSD","9231 Tweed Place, Henrico VA 23060","23060","Henrico","Single Family Residence","11/25/2020","$259,950","$262,000","5","Resale (occupied at least once)","1990","North Run Meadows","1,580","0.19","3","2.1","Public Water","Sewer - Public","FHA New","Individuals"
"1001","2019729","786679311800000","CLOSD","7107 Patina Way, Chesterfield VA 23237","23237","Chesterfield","Single Family Residence","11/25/2020","$308,385","$308,385","0","New (never occupied)","2020","Silverleaf","1,601","","3","2.0","Public Water","Sewer - Public","VA New","Corporate"
"1001","2017777","804-697-3062","CLOSD","7028 Winthrop Street, Henrico VA 23231","23231","Henrico","Single Family Residence","11/25/2020","$239,600","$239,600","17","New (never occupied)","2020","Sunset Heights","1,640","0.24","4","2.1","Well","Septic - Alternative","FHA New","Corporate"
"1001","2017434","786676234200000","CLOSD","3337 Cannington Drive, Chesterfield VA 23237","23237","Chesterfield","Single Family Residence","11/25/2020","$313,050","$313,050","0","New (never occupied)","2020","Silverleaf","2,149","","3","2.1","Public Water","Sewer - Public","VA New","Corporate"
"1001","2016230","847-691-5912","CLOSD","5801 Charles City Road, Henrico VA 23231","23231","Henrico","Single Family Residence","11/25/2020","$209,950","$203,000","39","Resale (occupied at least once)","1939","None","1,923","1.00","3","1.0","Well","Septic - Conventional","FHA New","Individuals"
"1001","2032774","786-67-39-21-600-000","CLOSD","8408 Firethorne Lane, Chesterfield VA 23237","23237","Chesterfield","Single Family Residence","11/25/2020","$180,000","$175,000","4","Resale (occupied at least once)","1979","Kingsland Acres","1,008","0.33","3","1.0","Public Water","Sewer - Public","Conventional","Individuals"
"1001","2032496","752-739-8737","CLOSD","530 Ridgeley Lane, Henrico VA 23229","23229","Henrico","Single Family Residence","11/25/2020","$279,950","$275,000","3","Resale (occupied at least once)","1959","Forest Ridge","1,446","0.37","3","2.0","Public Water","Sewer - Public","Conventional","Individuals"
"1001","2031425","730-66-87-97-100-000","CLOSD","13624 Winning Colors Lane, Chesterfield VA 23112","23112","Chesterfield","Single Family Residence","11/25/2020","$264,900","$280,900","5","Resale (occupied at least once)","1991","Deer Run","1,796","0.30","4","2.1","Public Water","Sewer - Public","Conventional","Individuals"
"1001","2031161","778-66-60-18-400-000","CLOSD","5706 Sara Kay Drive, Chesterfield VA 23237","23237","Chesterfield","Single Family Residence","11/25/2020","$175,000","$189,950","4","Resale (occupied at least once)","1978","Afton","1,008","0.23","3","1.1","Public Water","Sewer - Public","VHDA ","Individuals"
"1001","2030884","749-70-24-18-400-000","CLOSD","104 Reams Court, Chesterfield VA 23236","23236","Chesterfield","Single Family Residence","11/25/2020","$260,000","$262,500","10","Resale (occupied at least once)","1978","Pleasant Ridge","2,127","0.16","4","3.0","Public Water","Sewer - Public","FHA New","Individuals"
"1001","2028230","731-66-96-17-100-000","CLOSD","13600 Cannonade Lane, Chesterfield VA 23112","23112","Chesterfield","Single Family Residence","11/25/2020","$290,000","$290,000","34","Resale (occupied at least once)","1991","Deer Run","2,668","0.45","5","2.1","Public Water","Sewer - Public","Conventional","Individuals"
"1001","2027140","802-738-0603","CLOSD","4201 Chickahominy Avenue, Henrico VA 23222","23222","Henrico","Single Family Residence","11/25/2020","$194,950","$194,950","0","Resale (occupied at least once)","1951","Austin Heights","1,422","0.20","4","2.0","Public Water","Sewer - Public","FHA New","Individuals"
"1001","2014876","7844-26-2369","CLOSD","17328 Hewlett Road, Hanover VA 23015","23015","Hanover","Single Family Residence","11/25/2020","$159,950","$140,000","66","Resale (occupied at least once)","1965","None","960","1.00","3","2.0","Well","Septic - Conventional","Conventional","Individuals"
"1001","2007805","016C-3-4","CLOSD","3552 Lyons Run, Powhatan VA 23139","23139","Powhatan","Single Family Residence","11/25/2020","$434,950","$507,883","0","New (never occupied)","2020","Aston","2,821","","4","3.0","Well","Septic - Conventional","Conventional","Corporate"
"1001","2032493","797-735-8771","CLOSD","3600 Benton Avenue, Henrico VA 23222","23222","Henrico","Single Family Residence","11/25/2020","$150,000","$158,000","4","Resale (occupied at least once)","1940","East Highland Park","900","0.22","2","1.0","Public Water","Sewer - Public","Conventional","Individuals"
"1001","2031004","775-66-44-33-100-000","CLOSD","6209 Barrister Road, Chesterfield VA 23832","23832","Chesterfield","Single Family Residence","11/25/2020","$219,500","$223,000","1","Resale (occupied at least once)","1975","Courthouse Green","1,569","0.25","3","1.1","Public Water","Sewer - Public","FHA New","Individuals"
"1001","2005812","772-740-9942","CLOSD","5304 Bindery Lane #UnitQ-6, Henrico VA 23230","23230","Henrico","Townhouse","11/25/2020","$320,150","$331,270","207","New (never occupied)","2020","Libbie Mill Townhomes","1,511","0.00","2","2.2","Public Water","Sewer - Public","Conventional","Other"
"1001","2030386","748-740-7311","CLOSD","9104 Avalon Drive, Henrico VA 23229","23229","Henrico","Single Family Residence","11/25/2020","$415,000","$430,000","5","Resale (occupied at least once)","1967","West River Hills","2,347","0.28","4","3.0","Public Water","Sewer - Public","VA New","Individuals"
"1001","2031378","765-67-74-09-500-000","CLOSD","7630 Robinwood Drive, Chesterfield VA 23832","23832","Chesterfield","Single Family Residence","11/25/2020","$219,900","$219,900","0","Resale (occupied at least once)","1984","Robinwood","1,602","0.33","4","2.0","Public Water","Septic - Conventional","FHA New","Individuals"
"1001","2027227","W000-1769-001","CLOSD","3719 Floyd Avenue, Richmond City VA 23221","23221","Richmond City","Single Family Residence","11/25/2020","$349,777","$349,777","29","Resale (occupied at least once)","1938","Henry Place","1,291","0.20","3","2.0","Public Water","Sewer - Public","Conventional","Individuals"
"1001","2029697","750-62-87-42-600-000","CLOSD","15400 Exter Mill Road, Chesterfield VA 23838","23838","Chesterfield","Single Family Residence","11/25/2020","$179,900","$185,000","6","Resale (occupied at least once)","1974","None","1,056","0.70","3","1.1","Well","Septic - Conventional","VA New","Individuals"
"1001","2015914","707-68-46-73-900-000","CLOSD","4619 Bootsy Court, Chesterfield VA 23120","23120","Chesterfield","Single Family Residence","11/25/2020","$575,000","$620,775","100","New (never occupied)","2020","Summer Lake","3,267","0.29","5","4.1","Public Water","Sewer - Public","Conventional","Corporate"
"1001","2031360","747-70-02-57-600-000","CLOSD","512 Pullbrooke Drive, Chesterfield VA 23236","23236","Chesterfield","Single Family Residence","11/25/2020","$169,900","$172,900","4","Resale (occupied at least once)","1986","Briarcliff Section 2","960","0.30","3","1.0","Public Water","Sewer - Public","Conventional","Individuals"
"1001","2012336","797-711-5398","CLOSD","5233 Old Main Street, Henrico VA 23231","23231","Henrico","Townhouse","11/25/2020","$440,450","$459,740","0","New (never occupied)","2020","Village Of Rocketts Landing","1,969","","3","3.1","Public Water","Sewer - Public","Conventional","Corporate"
"1001","2011304","797-712-4500","CLOSD","5231 Old Main Street, Henrico VA 23231","23231","Henrico","Townhouse","11/25/2020","$451,785","$476,720","0","New (never occupied)","2020","Village Of Rocketts Landing","2,075","","3","3.2","Public Water","Sewer - Public","Conventional","Corporate"
"1001","2032041","726-71-04-71-500-000","CLOSD","14020 Westfield Road, Chesterfield VA 23113","23113","Chesterfield","Single Family Residence","11/25/2020","$259,900","$265,000","8","Resale (occupied at least once)","1959","None","1,200","2.00","3","2.0","Well","Septic - Conventional","Conventional","Individuals"
"1001","2031244","805-64-69-42-200-000","CLOSD","14120 Woodsacre Lane, Chesterfield VA 23834","23834","Chesterfield","Single Family Residence","11/25/2020","$242,500","$228,300","4","Resale (occupied at least once)","1987","Riggers Station","1,660","0.41","4","2.0","Public Water","Septic - Conventional","VA New","Individuals"
"1001","2031021","8725-57-1094","CLOSD","8357 Raven Run Drive, Hanover VA 23111","23111","Hanover","Single Family Residence","11/25/2020","$260,000","$260,000","4","Resale (occupied at least once)","1980","Raven Run","1,400","0.43","3","2.0","Public Water","Sewer - Public","Conventional","Individuals"
"1001","2029998","W021-0156-012","CLOSD","6402 Stuart Avenue, Richmond City VA 23226","23226","Richmond City","Single Family Residence","11/25/2020","$355,000","$345,000","13","Resale (occupied at least once)","1950","Westhampton Heights Annex","1,421","0.17","3","2.0","Public Water","Sewer - Public","Conventional","Estate"
"1001","2031648","734-748-8154","CLOSD","1747 Robins Nest Court, Henrico VA 23238","23238","Henrico","Townhouse","11/25/2020","$215,000","$215,000","6","Resale (occupied at least once)","1986","Townes Of Quail Wds","1,320","0.04","3","2.1","Public Water","Sewer - Public","Conventional","Individuals"
"1001","2032376","742-760-5124","CLOSD","3817 Wild Goose Walk, Henrico VA 23060","23060","Henrico","Townhouse","11/25/2020","$549,000","$551,000","15","Resale (occupied at least once)","2012","West Broad Village","2,952","0.03","4","4.1","Public Water","Sewer - Public","Cash","Individuals"
"1001","2034196","N000-0562-003","CLOSD","2112 5th Avenue, Richmond City VA 23222","23222","Richmond City","Single Family Residence","11/25/2020","$189,900","$194,000","5","Resale (occupied at least once)","1920","None","2,084","0.19","4","2.0","Public Water","Sewer - Public","Cash","Corporate"
"1001","2032290","770-752-5768","CLOSD","6905 Cornelia Road, Henrico VA 23228","23228","Henrico","Single Family Residence","11/25/2020","$279,000","$281,000","6","Resale (occupied at least once)","1990","Hermitage Farms Annex","1,462","0.26","3","2.1","Public Water","Sewer - Public","FHA New","Individuals"
"1001","2032167","8725-95-4948","CLOSD","6040 Shiloh Place, Hanover VA 23111","23111","Hanover","Single Family Residence","11/25/2020","$259,950","$260,000","1","Resale (occupied at least once)","1992","Battlefield Green","1,744","0.17","3","2.0","Public Water","Sewer - Public","FHA New","Individuals"
"1001","2031700","776-752-1764","CLOSD","7504 Oakmont Drive, Henrico VA 23228","23228","Henrico","Single Family Residence","11/25/2020","$249,950","$260,000","3","Resale (occupied at least once)","1958","Oakmont Hills","1,692","0.20","4","1.1","Public Water","Sewer - Public","Conventional","Individuals"
"1001","2030917","782-68-90-85-500-000","CLOSD","3950 Falstone Road, Chesterfield VA 23234","23234","Chesterfield","Single Family Residence","11/25/2020","$269,950","$285,000","4","Resale (occupied at least once)","1973","Meadowbrook","2,408","0.52","4","2.1","Public Water","Sewer - Public","FHA New","Individuals"
"1001","2030267","753-762-5390","CLOSD","10645 Argonne Drive, Henrico VA 23060","23060","Henrico","Single Family Residence","11/25/2020","$394,950","$437,750","7","Resale (occupied at least once)","1992","Olde Springfield","2,268","0.22","4","2.1","Public Water","Sewer - Public","Other","Individuals"
"1001","2030137","770-69-25-32-400-000","CLOSD","4006 Woodfield Road, Chesterfield VA 23234","23234","Chesterfield","Single Family Residence","11/25/2020","$180,000","$194,000","1","Resale (occupied at least once)","1972","Belfair","1,520","0.28","3","1.1","Public Water","Sewer - Public","FHA New","Individuals"
"1001","2029905","30-8-0-11-0","CLOSD","2455 Cheney Creek Road, Goochland VA 23063","23063","Goochland","Single Family Residence","11/25/2020","$525,000","$527,000","12","Resale (occupied at least once)","2018","Cheney Creek","2,764","3.15","4","2.1","Well","Septic - Conventional","Conventional","Individuals"
"1001","2029302","760-68-20-71-800-000","CLOSD","8504 Sunnygrove Road, Chesterfield VA 23832","23832","Chesterfield","Single Family Residence","11/25/2020","$364,950","$357,000","15","Resale (occupied at least once)","1984","Ashley Grove","2,908","0.74","5","2.1","Public Water","Septic - Conventional","VA New","Individuals"
"1001","2028889","8725-36-7142","CLOSD","6311 Banshire Drive, Hanover VA 23111","23111","Hanover","Single Family Residence","11/25/2020","$265,000","$267,000","24","Resale (occupied at least once)","1985","Fieldshire","1,604","0.43","4","2.0","Public Water","Sewer - Public","VHDA/FHA","Individuals"
"1001","2028300","028A1-1S-6B","CLOSD","2502 Mountain View Road, Powhatan VA 23139","23139","Powhatan","Single Family Residence","11/25/2020","$159,950","$168,000","4","Resale (occupied at least once)","1969","Red Lane","874","1.11","2","1.0","Well","Septic - Conventional","USDA","Individuals"
"1001","2027792","770-67-05-73-400-000","CLOSD","8031 Iron Bridge Road, Chesterfield VA 23237","23237","Chesterfield","Single Family Residence","11/25/2020","$179,000","$170,000","19","Resale (occupied at least once)","1930","None","1,136","2.52","2","1.1","Public Water","Septic - Conventional","Conventional","Other"
"1001","2027176","754-68-94-93-900-000","CLOSD","3600 Lockshire Drive, Chesterfield VA 23236","23236","Chesterfield","Single Family Residence","11/25/2020","$239,950","$250,000","4","Resale (occupied at least once)","1965","Lake George Hamlet","1,537","1.03","3","1.1","Public Water","Septic - Alternative","Conventional","Individuals"
"1001","2026466","7880-83-3264","CLOSD","13516 Providence Run Road, Hanover VA 23005","23005","Hanover","Single Family Residence","11/25/2020","$349,950","$349,950","25","Resale (occupied at least once)","2016","Providence","2,112","0.19","3","2.1","Public Water","Sewer - Public","FHA New","Individuals"
"1001","2023699","26   1    47","CLOSD","7425 Old Camp Road, New Kent VA 23089","23089","New Kent","Single Family Residence","11/25/2020","$387,000","$380,000","55","Resale (occupied at least once)","1997","None","2,729","5.10","3","2.1","Well","Septic - Conventional","Conventional","Individuals"
"1001","2022117","038D-2-21","CLOSD","1600 Hollow Log Drive, Powhatan VA 23139","23139","Powhatan","Single Family Residence","11/25/2020","$284,000","$270,000","83","Resale (occupied at least once)","2002","Foxrest","2,180","2.11","4","2.1","Well","Septic - Conventional","Conventional","Individuals"
"1001","2013136","Not Yet Assigned","CLOSD","14014 Mosaic Nook, Goochland VA 23238","23238","Goochland","Townhouse","11/25/2020","$395,400","$466,390","0","New (never occupied)","2020","Mosaic at West Creek","2,310","","3","2.1","Public Water","Sewer - Public","Conventional","Corporate"
"1001","2011076","727667134800000","CLOSD","8412 Cobblecreek Road, Chesterfield VA 23112","23112","Chesterfield","Single Family Residence","11/25/2020","$363,980","$374,750","51","New (never occupied)","2020","Cobblestone Creek","2,780","","5","3.0","Public Water","Sewer - Public","Conventional","Corporate"
"1001","2020893","N000-0997-009","CLOSD","3109 Dill Avenue, Richmond City VA 23222","23222","Richmond City","Single Family Residence","11/26/2020","$150,000","$158,000","21","Resale (occupied at least once)","1930","Highland Park","1,031","0.10","2","1.0","Public Water","Sewer - Public","Conventional","Corporate"
"1001","2013513","772-735-5697.035","CLOSD","5100 Monument Avenue #Unit401, Henrico VA 23230","23230","Henrico","Condominium","11/26/2020","$164,500","$152,000","163","Resale (occupied at least once)","1961","5100 Monument","820","","1","1.0","Public Water","Sewer - Public","Conventional","Individuals"
"1001","2026361","S0000423010","CLOSD","2120 Semmes Avenue #UnitBE, Richmond City VA 23225","23225","Richmond City","Townhouse","11/27/2020","$349,490","$349,990","48","New (never occupied)","2020","Belle Heights","1,745","","3","2.1","Public Water","Sewer - Public","Conventional","Corporate"
"1001","2029570","8706-93-7418","CLOSD","8015 Studley Road, Hanover VA 23116","23116","Hanover","Single Family Residence","11/27/2020","$344,900","$352,000","3","Resale (occupied at least once)","1968","None","2,218","0.84","4","2.1","Community Well","Septic - Conventional","Conventional","Individuals"
"1001","2032355","C001-0877-034","CLOSD","3531 Cedar Grove Road, Richmond City VA 23235","23235","Richmond City","Single Family Residence","11/27/2020","$385,000","$390,101","6","Resale (occupied at least once)","1979","Fernleigh","2,185","0.77","3","2.0","Public Water","Sewer - Public","Conventional","Individuals"
"1001","2030640","746-70-55-11-300-000","CLOSD","10704 Fernridge Court, Chesterfield VA 23236","23236","Chesterfield","Single Family Residence","11/27/2020","$250,000","$250,000","4","Resale (occupied at least once)","1984","Hylton Park","1,738","0.31","3","2.1","Public Water","Sewer - Public","VA New","Individuals"
"1001","2030164","793-64-29-29-700-000","CLOSD","14207 Thrushwood Turn, Chesterfield VA 23831","23831","Chesterfield","Single Family Residence","11/27/2020","$239,500","$238,000","6","Resale (occupied at least once)","1996","Pheasant Run","1,400","0.33","3","2.0","Public Water","Sewer - Public","FHA New","Individuals"
"1001","2026899","751-743-0200","CLOSD","9020 Weldon Drive, Henrico VA 23229","23229","Henrico","Single Family Residence","11/27/2020","$225,000","$215,000","1","Resale (occupied at least once)","1955","None","1,088","0.39","3","1.0","Public Water","Sewer - Public","Cash","Individuals"
"1001","2015924","7788-66-1122","CLOSD","11306 Winding Brook Terrace Drive #UnitHC, Hanover VA 23005","23005","Hanover","Townhouse","11/27/2020","$259,990","$261,160","29","New (never occupied)","2020","Winding Brook Townhomes","1,576","","3","2.1","Public Water","Sewer - Public","Conventional","Corporate"
"1001","2005676","732-774-6947","CLOSD","5509 Westin Estates Court, Henrico VA 23059","23059","Henrico","Single Family Residence","11/27/2020","$1,650,000","$1,650,000","188","New (never occupied)","2020","Westin Estates","5,600","1.46","4","4.1","Public Water","Septic - Alternative","Cash","Corporate"
"1001","2005243","736-768-6023","CLOSD","4751 Hepler Ridge Way, Henrico VA 23059","23059","Henrico","Single Family Residence","11/27/2020","$586,960","$589,625","103","New (never occupied)","2020","Smith Grove at Bacova","3,625","","4","3.1","Public Water","Sewer - Public","VA New","Corporate"
