"#","ML #","PID","Status","Address","Zip","County/City","Type","Sales Date","List Price","Sales Price","Days On Market","New/Resale","Year Built","Subdivision","SqFtTotal","Acres","# Bedrooms","Total Baths","Water","Sewer","Sold Terms","Owned By"
"1","2117465","E000-0974-019","CLOSD","3410 E Broad ST","23223","Richmond City","Single Family Residence","09/13/2021","$599,950","$570,000","52","Resale (occupied at least once)","1910","None","2,484","0.08","4","2.0","Public Water","Sewer - Public","Cash","Individuals"
"1","2121960","W020-0125-035","CLOSD","365 Lexington RD","23226","Richmond City","Single Family Residence","09/13/2021","$610,000","$727,500","6","Resale (occupied at least once)","1931","None","2,384","0.12","4","3.1","Public Water","Sewer - Public","Cash","Estate"
"1","2124968","709-68-12-57-700-000","CLOSD","16719 Elinwood CT","23120","Chesterfield","Single Family Residence","09/13/2021","$459,000","$475,000","5","Resale (occupied at least once)","2016","Westerleigh","2,843","0.50","5","3.0","Public Water","Sewer - Public","Conventional","Individuals"
"1","2122598","736-751-0292","CLOSD","2240 Thornbury DR","23233","Henrico","Single Family Residence","09/13/2021","$349,950","$339,500","23","Resale (occupied at least once)","1991","Bennington Ridge East","1,544","0.32","3","2.1","Public Water","Sewer - Public","Conventional","Individuals"
"1","2022592","777-67-13-85-600-000","CLOSD","5713 Reedy Springs DR","23237","Chesterfield","Single Family Residence","09/13/2021","$282,950","$380,796","28","New (never occupied)","2020","Reedy Springs","1,878","","4","2.1","Public Water","Sewer - Public","FHA New","Corporate"
"1","2122344","720-67-68-22-400-000","CLOSD","5900 Mill Spring RD","23112","Chesterfield","Single Family Residence","09/13/2021","$235,000","$270,000","3","Resale (occupied at least once)","1985","Mill Spring","1,416","0.27","3","2.1","Public Water","Sewer - Public","VHDA ","Individuals"
"1","2114634","820-64-58-14-600-000","CLOSD","14410 Bermuda AVE","23836","Chesterfield","Single Family Residence","09/13/2021","$292,000","$282,000","17","Resale (occupied at least once)","1992","Point Of Rocks Estates","1,908","0.26","3","2.1","Public Water","Sewer - Public","VA New","Individuals"
"1","2121732","738-71-17-23-700-000","CLOSD","11711 Sainsbury CT","23113","Chesterfield","Single Family Residence","09/13/2021","$295,000","$270,000","15","Resale (occupied at least once)","1970","Olde Coach Village","1,923","0.30","4","2.1","Public Water","Sewer - Public","FHA New","Individuals"
"1","2124861","16-7-2","CLOSD","5940 Greenyard Estates LN","23140","Charles City County","Single Family Residence","09/13/2021","$212,000","$225,000","4","Resale (occupied at least once)","2008","None","1,200","1.21","3","2.0","Well","Septic - Conventional","VHDA/FHA","Individuals"
"1","2124967","8706-22-9329","CLOSD","8357 Alpha ST","23116","Hanover","Single Family Residence","09/13/2021","$299,000","$310,000","2","Resale (occupied at least once)","1955","Hanover Heights","1,802","1.42","3","1.1","Public Water","Septic - Conventional","Conventional","Individuals"
"1","2124948","810-730-7509","CLOSD","1138 Micheline TER","23223","Henrico","Single Family Residence","09/13/2021","$275,000","$277,000","4","Resale (occupied at least once)","1989","Mitcheltree","1,863","0.49","5","2.1","Public Water","Sewer - Public","VHDA/FHA","Corporate"
"1","2122182","8706-67-5565","CLOSD","9390 Marne CT","23116","Hanover","Single Family Residence","09/13/2021","$454,950","$471,650","3","New (never occupied)","2018","Timberlake Commons","2,838","0.19","4","3.1","Public Water","Sewer - Public","Conventional","Corporate"
"1","2121514","760-748-1350","CLOSD","7708 Durvin DR","23229","Henrico","Single Family Residence","09/13/2021","$239,900","$250,000","12","Resale (occupied at least once)","1955","Cavalier Park","1,177","0.28","2","1.0","Public Water","Sewer - Public","Conventional","Individuals"
"1","2117019","8705-32-5790","CLOSD","8150 Newman DR","23116","Hanover","Single Family Residence","09/13/2021","$339,950","$339,950","4","Resale (occupied at least once)","1968","Burnside Farms","2,908","0.58","4","3.0","Public Water","Sewer - Public","Conventional","Individuals"
"1","2124645","6799-04-0356","CLOSD","12220 Stirrup Cup LN","23146","Hanover","Single Family Residence","09/13/2021","$524,950","$565,950","7","Resale (occupied at least once)","1996","Foxridge","2,929","2.43","4","3.1","Well","Septic - Conventional","Cash","Individuals"
"1","2120356","21C  1     2","CLOSD","7608 Airport RD","23141","New Kent","Single Family Residence","09/13/2021","$159,000","$165,000","19","Resale (occupied at least once)","1973","Lipscomb","960","0.68","3","1.0","Public Water","Septic - Conventional","USDA","Individuals"
"1","2122786","713-66-45-87-000-000","CLOSD","8413 Putford CT","23832","Chesterfield","Single Family Residence","09/13/2021","$485,000","$485,000","6","Resale (occupied at least once)","2010","Harpers Mill","2,981","0.28","4","3.1","Public Water","Sewer - Public","Conventional","Individuals"
"1","2122580","778-66-57-35-500-000","CLOSD","5517 Aberdare DR","23237","Chesterfield","Single Family Residence","09/13/2021","$289,000","$289,000","10","Resale (occupied at least once)","1985","Salem Woods","1,732","0.32","3","2.1","Public Water","Sewer - Public","Conventional","Individuals"
"1","2121120","032-4-10B","CLOSD","2847 Huguenot Springs RD","23113","Powhatan","Single Family Residence","09/13/2021","$325,000","$335,000","15","Resale (occupied at least once)","1980","Huguenot Springs","1,664","2.74","3","2.1","Well","Septic - Conventional","FHA New","Individuals"
"1","2119736","8714-11-7578","CLOSD","7172 Mill Valley RD","23111","Hanover","Single Family Residence","09/13/2021","$274,950","$269,950","4","Resale (occupied at least once)","1988","Mill Valley","1,510","0.18","3","2.1","Public Water","Sewer - Public","Conventional","Individuals"
"1","2124958","774-66-92-30-400-000","CLOSD","6207 Huntingcreek DR","23237","Chesterfield","Single Family Residence","09/13/2021","$219,950","$225,000","4","Resale (occupied at least once)","1980","Huntingcreek Hills","1,186","0.26","3","1.1","Public Water","Sewer - Public","VHDA ","Individuals"
"1","2124472","751-765-9505","CLOSD","4603 Breithorne CT","23060","Henrico","Single Family Residence","09/13/2021","$415,000","$435,000","6","Resale (occupied at least once)","1987","The Village @ Innsbrook","1,942","0.38","3","2.0","Public Water","Sewer - Public","Conventional","Individuals"
"1","2122855","719-71-24-28-000-000","CLOSD","624 Diamond Creek DR","23113","Chesterfield","Single Family Residence","09/13/2021","$379,900","$399,250","6","Resale (occupied at least once)","2014","Brookfield","2,620","0.17","3","3.0","Public Water","Sewer - Public","Conventional","Individuals"
"1","2111457","712-67-89-57-100-000","CLOSD","5766 Trail Ride DR","23120","Chesterfield","Single Family Residence","09/13/2021","$425,000","$450,000","12","New (never occupied)","2021","Foxfield","2,607","","5","3.0","Public Water","Sewer - Public","Conventional","Corporate"
"1","2126290","764-757-1155.054","CLOSD","7750 Flannagan CT Unit#504","23228","Henrico","Condominium","09/13/2021","$169,950","$169,950","6","Resale (occupied at least once)","1992","Shannon Green","920","0.02","2","2.0","Public Water","Sewer - Public","Cash","Individuals"
"1","2125932","738-68-83-15-300-000","CLOSD","3001 Duck River CT","23112","Chesterfield","Single Family Residence","09/13/2021","$150,000","$151,000","6","Resale (occupied at least once)","1985","Plum Creek At South Ridge","1,020","0.40","3","2.0","Public Water","Sewer - Public","Cash","Individuals"
"1","2125576","725-66-99-27-700-000","CLOSD","14313 Branched Antler DR","23112","Chesterfield","Single Family Residence","09/13/2021","$269,000","$283,000","4","Resale (occupied at least once)","1995","Antler Ridge","1,672","0.42","3","2.1","Public Water","Sewer - Public","Conventional","Individuals"
"1","2125229","814-64-83-09-700-000","CLOSD","1500 Mangrove Bay TER","23836","Chesterfield","Single Family Residence","09/13/2021","$465,000","$465,000","2","Resale (occupied at least once)","2017","Ramblewood Forest","3,735","0.34","5","3.0","Public Water","Sewer - Public","Conventional","Individuals"
"1","2125220","806-730-1618","CLOSD","2709 Old Glen CIR","23223","Henrico","Single Family Residence","09/13/2021","$319,950","$338,000","5","Resale (occupied at least once)","2005","Glenwood Lakes","2,521","0.35","4","2.1","Public Water","Sewer - Public","Conventional","Individuals"
"1","2125210","W021-0407-016","CLOSD","20 Libbie AVE","23226","Richmond City","Single Family Residence","09/13/2021","$410,000","$530,000","6","Resale (occupied at least once)","1960","Dahlia Farms","1,236","0.18","3","1.1","Public Water","Sewer - Public","Cash","Individuals"
"1","2125144","767-68-48-45-100-000","CLOSD","6607 W Denny CT","23832","Chesterfield","Single Family Residence","09/13/2021","$229,999","$255,000","5","Resale (occupied at least once)","1987","Fairpines","1,510","0.22","4","2.0","Public Water","Sewer - Public","Conventional","Corporate"
"1","2125059","726-69-08-93-500-000","CLOSD","13826 Crosstimbers RD","23112","Chesterfield","Single Family Residence","09/13/2021","$280,000","$280,000","5","Resale (occupied at least once)","1992","Brandermill","1,628","0.16","4","2.0","Public Water","Sewer - Public","Conventional","Individuals"
"1","2124858","46-1-0-8-D","CLOSD","878 Three Chopt RD","23103","Goochland","Single Family Residence","09/13/2021","$350,000","$400,000","4","Resale (occupied at least once)","1993","Tuckahoe Creek","1,632","4.27","3","2.1","Well","Septic - Conventional","Conventional","Individuals"
"1","2124766","7797-76-9387","CLOSD","9101 Minglewood LN","23116","Hanover","Single Family Residence","09/13/2021","$419,000","$419,000","6","Resale (occupied at least once)","1997","Ash Creek","2,689","0.35","4","2.1","Public Water","Sewer - Public","Conventional","Individuals"
"1","2124748","814-729-7811","CLOSD","311 Wren RD","23223","Henrico","Single Family Residence","09/13/2021","$265,000","$285,000","3","Resale (occupied at least once)","1984","Tiffany Meadows","1,804","0.27","4","2.1","Public Water","Sewer - Public","FHA New","Individuals"
"1","2124498","7778-62-8823","CLOSD","11481 New Town CT","23059","Hanover","Single Family Residence","09/13/2021","$375,000","$390,000","3","Resale (occupied at least once)","2002","Cedarlea Park","2,322","0.29","4","2.1","Public Water","Sewer - Public","Conventional","Individuals"
"1","2124451","7797-31-1968","CLOSD","9339 Locust LN","23116","Hanover","Single Family Residence","09/13/2021","$299,000","$304,000","8","Resale (occupied at least once)","1971","Beechwood Farms","1,911","","4","2.1","Public Water","Sewer - Public","Conventional","Individuals"
"1","2124272","778-66-49-18-100-000","CLOSD","9601 Ladue RD","23237","Chesterfield","Single Family Residence","09/13/2021","$255,000","$265,000","5","Resale (occupied at least once)","1986","Salem Woods","1,776","0.28","3","2.1","Public Water","Sewer - Public","VHDA ","Individuals"
"1","2124206","N000-0538-019","CLOSD","218 W Graham RD","23222","Richmond City","Single Family Residence","09/13/2021","$549,900","$549,900","6","Resale (occupied at least once)","1920","Battery Park","2,268","0.15","3","2.1","Public Water","Sewer - Public","Conventional","Corporate, Individuals"
"1","2124195","E000-0433-030","CLOSD","723 N 26th ST","23223","Richmond City","Single Family Residence","09/13/2021","$489,900","$490,000","8","Resale (occupied at least once)","1920","None","2,446","0.07","3","2.1","Public Water","Sewer - Public","Conventional","Individuals"
"1","2124179","C005-0129-004","CLOSD","5941 Fairlee RD","23225","Richmond City","Single Family Residence","09/13/2021","$199,000","$200,000","5","Resale (occupied at least once)","1961","Shirley Hills","1,405","0.28","3","1.1","Public Water","Sewer - Public","Cash","Individuals"
"1","2124057","S007-1432-014","CLOSD","1504 Gunn ST","23224","Richmond City","Single Family Residence","09/13/2021","$107,500","$120,000","17","Resale (occupied at least once)","1956","Southside Gardens","967","0.22","2","1.0","Public Water","Sewer - Public","Cash","REO"
"1","2124045","776-66-08-24-400-000","CLOSD","10501 Salem Oaks DR","23237","Chesterfield","Single Family Residence","09/13/2021","$300,000","$335,000","3","Resale (occupied at least once)","1989","Salem Oaks","1,912","0.34","3","2.0","Public Water","Sewer - Public","Conventional","Individuals"
"1","2124001","733-750-9632","CLOSD","2014 Shady Branch TRL","23238","Henrico","Single Family Residence","09/13/2021","$380,000","$380,000","5","Resale (occupied at least once)","1985","The Woodlands","1,588","0.31","3","2.0","Public Water","Sewer - Public","Conventional","Individuals"
"1","2123996","729-66-94-01-700-000","CLOSD","13737 War Admiral DR","23112","Chesterfield","Single Family Residence","09/13/2021","$289,000","$290,000","4","Resale (occupied at least once)","1992","Triple Crown","1,930","0.33","4","2.1","Public Water","Sewer - Public","Conventional","Other"
"1","2123964","720-69-19-89-400-000","CLOSD","15100 Tomahawk Ridge DR","23112","Chesterfield","Single Family Residence","09/13/2021","$409,000","$430,000","4","Resale (occupied at least once)","2007","Watermill","3,063","0.40","5","2.1","Public Water","Sewer - Public","Conventional","Individuals"
"1","2123848","N000-2181-004","CLOSD","1417 Bellevue AVE","23227","Richmond City","Single Family Residence","09/13/2021","$369,500","$360,000","9","Resale (occupied at least once)","1936","Brookdale","1,508","0.20","3","1.0","Public Water","Sewer - Public","Cash","Individuals"
"1","2123367","755-737-8854.013","CLOSD","8124 Greystone East CIR","23229","Henrico","Condominium","09/13/2021","$239,950","$277,100","6","Resale (occupied at least once)","1986","Greystone Condominium","1,445","0.03","2","2.1","Public Water","Sewer - Public","Cash","Individuals"
"1","2123303","C008-0835-030","CLOSD","4140 Holcombe RD","23234","Richmond City","Single Family Residence","09/13/2021","$185,000","$195,000","6","Resale (occupied at least once)","1964","Dorchester","1,339","0.26","3","1.1","Public Water","Sewer - Public","FHA New","Individuals"
"1","2123293","766-739-1262","CLOSD","6515 W Franklin ST","23226","Henrico","Single Family Residence","09/13/2021","$469,000","$469,000","7","Resale (occupied at least once)","1951","Monument Hills","1,918","0.22","3","2.0","Public Water","Sewer - Public","Conventional","Individuals"
"1","2123146","792-64-16-09-800-000","CLOSD","4042 Hiddenwell LN","23831","Chesterfield","Single Family Residence","09/13/2021","$385,000","$390,000","9","Resale (occupied at least once)","2016","Wellspring","2,480","0.28","5","2.1","Public Water","Sewer - Public","Cash","Individuals"
"1","2122945","33-6-0-11-0","CLOSD","2475 Hillstream DR","23146","Goochland","Single Family Residence","09/13/2021","$450,000","$484,000","4","Resale (occupied at least once)","1989","Beacon Hill","3,092","2.06","4","2.1","Well","Septic - Conventional","Conventional","Individuals"
"1","2122771","817-723-1650","CLOSD","402 Lowell ST","23223","Henrico","Single Family Residence","09/13/2021","$240,000","$241,000","7","Resale (occupied at least once)","1978","Wynfield","1,368","0.26","3","1.1","Public Water","Sewer - Public","FHA New","Individuals"
"1","2122734","724-69-19-76-100-000","CLOSD","2005 Deer Meadow CT","23112","Chesterfield","Single Family Residence","09/13/2021","$275,000","$270,000","14","Resale (occupied at least once)","1988","Deer Meadow","1,496","0.15","4","2.0","Public Water","Sewer - Public","Conventional","Individuals"
"1","2122523","E000-0438-010","CLOSD","2611 E Broad ST","23223","Richmond City","Single Family Residence","09/13/2021","$550,000","$565,000","2","Resale (occupied at least once)","1895","Mann-Netherwood","2,882","0.07","3","2.1","Public Water","Sewer - Public","Conventional","Individuals"
"1","2122431","8714-32-9055","CLOSD","7107 Bruce Academy CT","23111","Hanover","Single Family Residence","09/13/2021","$275,000","$275,000","7","Resale (occupied at least once)","1990","Bruce Estates","1,752","0.31","3","2.0","Public Water","Sewer - Public","FHA New","Individuals"
"1","2122045","N017-0211-027","CLOSD","1230 Warren AVE","23227","Richmond City","Single Family Residence","09/13/2021","$399,000","$424,200","6","Resale (occupied at least once)","1937","Bellevue Court","1,765","0.16","3","2.0","Public Water","Sewer - Public","Cash","Individuals"
"1","2121677","766-69-87-49-700-000 & 766-69-95-41-100-00","CLOSD","6940 & 6950 Dyer LN","23225","Chesterfield","Single Family Residence","09/13/2021","$200,000","$407,000","17","Resale (occupied at least once)","1920","None","1,440","13.80","4","1.0","Well","Septic - Conventional","Cash","Estate"
"1","2121328","W000-0162-052","CLOSD","725 S Laurel ST","23220","Richmond City","Condominium","09/13/2021","$450,000","$440,000","16","Resale (occupied at least once)","2005","Overlook Townhouses","2,670","0.06","4","4.0","Public Water","Sewer - Public","Conventional","Individuals"
"1","2121071","807-727-8417","CLOSD","924 Wheelwood WAY","23223","Henrico","Single Family Residence","09/13/2021","$280,000","$282,500","8","Resale (occupied at least once)","1998","Huntwood","2,104","0.22","3","2.1","Public Water","Sewer - Public","Conventional","Individuals"
"1","2120020","750-754-5062","CLOSD","10006 Joppa CT","23233","Henrico","Townhouse","09/13/2021","$237,000","$235,000","26","Resale (occupied at least once)","1983","Ruxton","1,530","0.05","3","2.1","Public Water","Sewer - Public","Conventional","Individuals"
"1","2119938","C005-0852-010","CLOSD","500 Deter RD","23225","Richmond City","Single Family Residence","09/13/2021","$130,000","$163,000","5","Resale (occupied at least once)","1968","Exeter Meadows","1,428","0.24","3","2.0","Public Water","Sewer - Public","Cash","Individuals"
"1","2119680","7823-99-2614","CLOSD","15548 Mount Air CT","23192","Hanover","Single Family Residence","09/13/2021","$419,000","$424,000","10","Resale (occupied at least once)","1996","Goshen Woods","2,026","2.62","4","2.1","Well","Septic - Conventional","VA New","Individuals"
"1","2119387","789-64-24-24-900-000","CLOSD","13910 Cobble Glen CT","23831","Chesterfield","Single Family Residence","09/13/2021","$314,995","$325,000","21","Resale (occupied at least once)","1990","Cobble Glen","2,701","0.26","4","2.1","Public Water","Sewer - Public","VA New","Individuals"
"1","2119057","777-65-77-87-000-000","CLOSD","6118 Walnut Landing WAY","23831","Chesterfield","Single Family Residence","09/13/2021","$395,000","$392,500","20","Resale (occupied at least once)","1989","Arbor Landing","3,429","0.40","4","2.2","Public Water","Sewer - Public","VA New","Individuals"
"1","2118968","7797-81-9774","CLOSD","10127 Meadow Pond DR","23116","Hanover","Single Family Residence","09/13/2021","$599,950","$610,000","24","Resale (occupied at least once)","2013","Honey Meadows","4,240","0.32","4","4.1","Public Water","Sewer - Public","Conventional","Individuals"
"1","2118146","822-64-63-96-500-000","CLOSD","14121 State AVE","23836","Chesterfield","Single Family Residence","09/13/2021","$199,950","$199,950","8","Resale (occupied at least once)","1951","Enon","1,118","0.26","3","1.0","Public Water","Sewer - Public","Conventional","Individuals"
"1","2117738","52A1 2   227","CLOSD","1104 Diascund PT","23089","New Kent","Single Family Residence","09/13/2021","$1,600,000","$1,600,000","40","Resale (occupied at least once)","2018","The Colonies - New Kent","7,782","2.61","5","5.2","Community Well","Septic - Alternative","Conventional","Individuals"
"1","2116970","722-66-37-22-100-000","CLOSD","9201 Winterpock RD","23832","Chesterfield","Single Family Residence","09/13/2021","$498,000","$485,000","44","Resale (occupied at least once)","1966","None","3,361","2.52","6","2.1","Well","Septic - Conventional","FHA New","Individuals"
"1","2115805","789-765-5336","CLOSD","2853 Fairway Homes WAY","23059","Henrico","Single Family Residence","09/13/2021","$385,000","$375,000","48","Resale (occupied at least once)","2001","Cross Point","2,488","0.18","3","2.1","Public Water","Sewer - Public","Cash","Individuals"
"1","REIN10383379","52A1 2   227","CLOSD","1104 Diascund PT","23089","New Kent","Single Family Residence","09/13/2021","$1,600,000","$1,600,000","39","Resale (occupied at least once)","2018","THE COLONIES","7,782","2.61","5","7.0","Public Water","Septic","",""
"1","2123521","C005-0187-026","CLOSD","6627 Greenvale DR","23225","Richmond City","Single Family Residence","09/14/2021","$344,950","$344,950","8","Resale (occupied at least once)","1966","Westlake Hills","2,624","0.30","4","2.1","Public Water","Sewer - Public","Conventional","Corporate, Individuals"
"1","2123089","N000-1224-010","CLOSD","3312 Suffolk RD","23227","Richmond City","Single Family Residence","09/14/2021","$375,000","$464,000","8","Resale (occupied at least once)","1947","Sherwood Park","2,270","0.26","3","1.1","Public Water","Sewer - Public","Conventional","Individuals"
"1","2121134","034A-5-12","CLOSD","1965 Walnut Tree RD","23139","Powhatan","Single Family Residence","09/14/2021","$365,000","$375,000","33","Resale (occupied at least once)","2019","Walnut Creek","1,953","3.73","4","2.1","Well","Septic - Conventional","FHA New","Individuals"
"1","2122589","E000-0436-009","CLOSD","416 N 27th ST","23223","Richmond City","Single Family Residence","09/14/2021","$474,000","$472,500","12","Resale (occupied at least once)","1896","None","2,100","0.05","3","2.1","Public Water","Sewer - Public","Conventional","Individuals"
"1","2124090","742-68-53-40-600-000","CLOSD","11524 Genito RD","23112","Chesterfield","Single Family Residence","09/14/2021","$219,950","$237,000","3","Resale (occupied at least once)","1971","Lake Genito","1,673","0.40","4","2.0","Public Water","Septic - Conventional","Conventional","Estate"
"1","2124177","10A  2BB  10","CLOSD","9970 Deerlake DR","23124","New Kent","Single Family Residence","09/14/2021","$329,000","$338,000","8","Resale (occupied at least once)","2008","Deerlake","2,043","0.60","4","3.0","Public Water","Septic - Alternative, Septic - Conventional","Conventional","Individuals"
"1","2114799","C006-0619-050","CLOSD","114 & 124 Pember LN","23224","Richmond City","Single Family Residence","09/14/2021","$208,000","$200,000","17","Resale (occupied at least once)","1926","None","849","1.01","2","1.0","Well","Septic - Conventional","Conventional","Individuals"
"1","2104027","708675933600000","CLOSD","17025 Thornapple CT","23120","Chesterfield","Single Family Residence","09/14/2021","$365,675","$383,540","0","New (never occupied)","2021","Wynwood at Foxcreek","2,200","","4","3.1","Public Water","Sewer - Public","Conventional","Corporate"
"1","2120769","732686712500000","CLOSD","3201 Gannet LN Unit#148","23112","Chesterfield","Townhouse","09/14/2021","$386,940","$399,877","31","New (never occupied)","2021","Towns at Swift Creek","2,574","","4","3.1","Public Water","Sewer - Public","Conventional","Corporate"
"1","2104021","8706-57-4987","CLOSD","8145 Lyman CT","23116","Hanover","Single Family Residence","09/14/2021","$484,800","$484,800","0","New (never occupied)","2021","Rutland","2,369","","3","2.1","Public Water","Sewer - Public","Conventional","Corporate"
"1","2122607","C009-0065-002","CLOSD","3601 Chapel DR","23224","Richmond City","Single Family Residence","09/14/2021","$190,000","$205,000","7","Resale (occupied at least once)","1951","None","1,441","0.26","3","2.0","Public Water","Sewer - Public","FHA New","Individuals"
"1","2122101","742-67-92-41-900-000","CLOSD","11407 Bailey Woods DR","23112","Chesterfield","Single Family Residence","09/14/2021","$243,950","$243,950","18","Resale (occupied at least once)","1995","Bailey Ridge Estates","1,244","0.21","3","2.0","Public Water","Sewer - Public","FHA New","Individuals"
"1","2121856","826-720-4076","CLOSD","145 Elsing Green WAY","23075","Henrico","Single Family Residence","09/14/2021","$274,000","$275,000","8","Resale (occupied at least once)","1996","Fairlawn","1,920","0.18","4","2.1","Public Water","Sewer - Public","Conventional","Corporate"
"1","2124497","741-67-90-39-700-000","CLOSD","11731 Bailey Woods DR","23112","Chesterfield","Single Family Residence","09/14/2021","$225,000","$225,000","5","Resale (occupied at least once)","1989","Bailey Ridge Estates","1,326","0.37","3","2.1","Public Water","Sewer - Public","Conventional","Individuals"
"1","2119887","46        10J","CLOSD","4150 Tilford Mill LN","23011","New Kent","Single Family Residence","09/14/2021","$199,000","$199,000","5","Resale (occupied at least once)","2001","None","2,052","1.00","3","2.0","Well","Septic - Conventional","FHA New","Individuals"
"1","2122973","737-67-25-00-200-000","CLOSD","12612 Erika Hill PL","23112","Chesterfield","Single Family Residence","09/14/2021","$385,000","$380,000","15","Resale (occupied at least once)","2003","Bayhill Pointe","2,486","0.64","4","2.1","Public Water","Sewer - Public","VA New","Individuals"
"1","2126016","053-5A","CLOSD","1464 Schroeder RD","23139","Powhatan","Single Family Residence","09/14/2021","$200,000","$205,000","4","Resale (occupied at least once)","1962","None","1,260","0.85","3","2.0","Well","Septic - Conventional","Cash","Individuals"
"1","2125041","757-70-26-41-700-000","CLOSD","8511 Scottingham CT","23236","Chesterfield","Single Family Residence","09/14/2021","$185,000","$207,000","5","Resale (occupied at least once)","1983","Solar I","926","0.28","2","1.0","Public Water","Sewer - Public","FHA New","Corporate"
"1","2124893","737-69-38-54-300-000","CLOSD","1917 Porters Mill LN","23114","Chesterfield","Single Family Residence","09/14/2021","$260,500","$282,651","4","Resale (occupied at least once)","1993","Smoketree South","1,574","0.81","3","2.0","Public Water","Sewer - Public","FHA New","Individuals"
"1","2124836","58-37-4-17-0","CLOSD","305 Glenmeade CIR","23103","Goochland","Single Family Residence","09/14/2021","$895,500","$895,500","4","Resale (occupied at least once)","2006","Kinloch","4,243","0.70","5","3.1","Public Water","Sewer - Public","Cash","Individuals"
"1","2124741","762-759-0280","CLOSD","8705 Lonepine RD","23294","Henrico","Single Family Residence","09/14/2021","$250,000","$230,000","10","Resale (occupied at least once)","1961","West End Manor","1,366","0.26","3","1.1","Public Water","Sewer - Public","Conventional","Individuals"
"1","2124700","N018-0401-010","CLOSD","714 Maggie Walker AVE","23222","Richmond City","Single Family Residence","09/14/2021","$115,000","$92,000","6","Resale (occupied at least once)","1930","Washington Park","875","0.07","2","1.0","Public Water","Sewer - Public","Cash","Individuals"
"1","2124689","739-771-3208","CLOSD","11916 Westcott Landing CT","23059","Henrico","Single Family Residence","09/14/2021","$985,000","$1,086,000","5","Resale (occupied at least once)","2007","Westcott At Grey Oaks","4,967","0.55","5","4.1","Public Water","Sewer - Public","Conventional","Individuals"
"1","2124620","789-64-47-53-700-000","CLOSD","4600 Greywater DR","23831","Chesterfield","Single Family Residence","09/14/2021","$329,000","$315,000","2","Resale (occupied at least once)","2002","Stoney Glen","2,168","0.32","4","2.1","Public Water","Sewer - Public","VA New","Individuals"
"1","2124616","723-65-54-39-800-000","CLOSD","11607 Longtown MEWS","23112","Chesterfield","Single Family Residence","09/14/2021","$369,950","$375,000","2","Resale (occupied at least once)","2020","Collington","2,192","0.28","3","2.1","Public Water","Sewer - Public","VA New","Individuals"
"1","2124551","739-68-42-05-600-000","CLOSD","3603 Taplow CIR","23112","Chesterfield","Single Family Residence","09/14/2021","$345,000","$375,000","5","Resale (occupied at least once)","1993","St Regents Lake","2,203","0.27","3","3.0","Public Water","Sewer - Public","Conventional","Individuals"
"1","2124410","731-746-9484","CLOSD","1504 Westshire LN","23238","Henrico","Single Family Residence","09/14/2021","$340,000","$355,000","3","Resale (occupied at least once)","1973","Tuckahoe Village West","2,280","0.39","4","2.1","Public Water","Sewer - Public","FHA New","Individuals"
"1","2124398","771-759-6566","CLOSD","9705 Esmont RD","23228","Henrico","Single Family Residence","09/14/2021","$209,995","$215,000","2","Resale (occupied at least once)","1958","Laurel Park","1,040","0.27","3","1.0","Public Water","Sewer - Public","FHA New Assumption","Individuals"
"1","2124395","760-69-74-65-200-000","CLOSD","2117 Gateshead DR","23235","Chesterfield","Single Family Residence","09/14/2021","$300,000","$300,000","2","Resale (occupied at least once)","1972","Surreywood","2,741","0.43","4","2.2","Public Water","Sewer - Public","Conventional","Individuals"
"1","2124255","730-753-3573","CLOSD","12405 Pleasant Run TER","23233","Henrico","Single Family Residence","09/14/2021","$389,900","$417,000","2","Resale (occupied at least once)","1983","Tuckahoe Village West","1,832","0.43","4","2.0","Public Water","Sewer - Public","Cash","Individuals"
"1","2124225","735-753-7078","CLOSD","12720 Copperas LN","23233","Henrico","Single Family Residence","09/14/2021","$315,000","$312,760","12","Resale (occupied at least once)","1989","Ashley Glen","1,376","0.24","4","2.0","Public Water","Sewer - Public","Conventional","Individuals"
"1","2124200","759-760-0555","CLOSD","4236 English Holly CIR","23294","Henrico","Single Family Residence","09/14/2021","$325,000","$328,500","6","Resale (occupied at least once)","2000","Park West","1,380","","2","2.0","Public Water","Sewer - Public","Conventional","Individuals"
"1","2124163","721-67-76-05-000-000","CLOSD","14408 Woods Walk CT","23112","Chesterfield","Single Family Residence","09/14/2021","$270,000","$295,000","2","Resale (occupied at least once)","1985","Woods Walk","1,266","0.21","3","2.0","Public Water","Sewer - Public","Conventional","Individuals"
"1","2124062","819-720-0144","CLOSD","117 South ST","23075","Henrico","Single Family Residence","09/14/2021","$240,000","$245,000","3","Resale (occupied at least once)","2006","Highland Springs","1,352","0.42","3","2.0","Public Water","Sewer - Public","VA New","Corporate"
"1","2123939","805-723-7785","CLOSD","121 Echo AVE","23223","Henrico","Single Family Residence","09/14/2021","$369,950","$330,000","8","Resale (occupied at least once)","2021","Glen Echo Park","1,895","0.22","3","2.1","Public Water","Sewer - Public","Conventional","Corporate"
"1","2123806","769-752-9551","CLOSD","3015 Birchbrook RD","23228","Henrico","Single Family Residence","09/14/2021","$275,000","$285,000","5","Resale (occupied at least once)","1961","Wistar Gardens","1,866","0.39","4","2.0","Public Water","Sewer - Public","Conventional","Estate"
"1","2123794","W000-0712-044","CLOSD","1140 Sumpter ST","23220","Richmond City","Single Family Residence","09/14/2021","$274,500","$250,000","17","Resale (occupied at least once)","1946","None","1,637","0.21","4","2.0","Public Water","Sewer - Public","Cash","Individuals"
"1","2123770","32-10-1-1-0","CLOSD","2492 Perkinsville RD","23102","Goochland","Single Family Residence","09/14/2021","$350,000","$380,000","7","Resale (occupied at least once)","1987","Three Oaks","1,886","4.07","3","2.1","Well","Septic - Conventional","Conventional","Individuals"
"1","2123729","730-67-89-34-600-000","CLOSD","4608 Five Springs RD","23112","Chesterfield","Single Family Residence","09/14/2021","$290,000","$317,500","2","Resale (occupied at least once)","1990","Five Springs","1,627","0.18","3","2.0","Public Water","Sewer - Public","Conventional","Individuals"
"1","2123625","W021-0229-008","CLOSD","6302 Wesley RD","23226","Richmond City","Single Family Residence","09/14/2021","$399,500","$450,100","3","Resale (occupied at least once)","1960","None","2,100","0.18","4","2.0","Public Water","Sewer - Public","Conventional","Individuals"
"1","2123465","729-72-49-55-100-000","CLOSD","3601 Rivermist TER","23113","Chesterfield","Single Family Residence","09/14/2021","$530,000","$570,000","3","Resale (occupied at least once)","1998","Riverton","3,297","0.68","5","3.1","Public Water","Sewer - Public","Conventional","Individuals"
"1","2123451","730-67-39-38-500-000","CLOSD","6224 Mockingbird LN","23112","Chesterfield","Single Family Residence","09/14/2021","$330,000","$330,000","14","Resale (occupied at least once)","1974","Mockingbird Hill","1,833","0.87","3","2.0","Public Water","Septic - Conventional","Conventional","Individuals"
"1","2123175","N000-2037-027","CLOSD","1622 Claremont AVE","23227","Richmond City","Single Family Residence","09/14/2021","$395,000","$477,500","4","Resale (occupied at least once)","1929","Virginia Place","1,580","0.17","3","1.1","Public Water","Sewer - Public","Conventional","Individuals"
"1","2122990","748-749-3730","CLOSD","9606 Peppertree DR","23238","Henrico","Single Family Residence","09/14/2021","$399,950","$435,000","6","Resale (occupied at least once)","1979","Candlewood","2,710","0.35","5","3.1","Public Water","Sewer - Public","Conventional","Individuals"
"1","2122890","724-72-41-89-000-000","CLOSD","3413 Fox Hurst DR","23113","Chesterfield","Single Family Residence","09/14/2021","$549,950","$550,000","12","Resale (occupied at least once)","1997","Brookstone","3,046","0.47","4","3.1","Public Water","Sewer - Public","Conventional","Individuals"
"1","2122811","712-66-72-43-600-000","CLOSD","13127 Hampton Meadows TER","23832","Chesterfield","Single Family Residence","09/14/2021","$479,950","$500,000","2","Resale (occupied at least once)","2002","Hampton Park","4,376","0.21","5","2.1","Public Water","Sewer - Public","Cash","Individuals"
"1","2122761","754-739-0155","CLOSD","8511 Rivermont DR","23229","Henrico","Single Family Residence","09/14/2021","$330,000","$330,000","29","Resale (occupied at least once)","1957","Rivermont","2,056","0.34","3","2.1","Public Water","Sewer - Public","Cash","Individuals"
"1","2121706","744-774-3447","CLOSD","10502 Bishops Gate DR","23059","Henrico","Townhouse","09/14/2021","$365,000","$375,000","4","Resale (occupied at least once)","2002","Townes At Shady Grove","1,745","0.06","3","2.1","Public Water","Sewer - Public","Cash","Individuals"
"1","2121360","798-65-07-70-400-000","CLOSD","2801 Executive DR","23831","Chesterfield","Single Family Residence","09/14/2021","$249,000","$257,000","10","Resale (occupied at least once)","1991","None","1,744","0.26","3","2.1","Public Water","Sewer - Public","Conventional","Individuals"
"1","2121148","028A3-2-8","CLOSD","2351 Red Lane RD","23139","Powhatan","Single Family Residence","09/14/2021","$189,950","$180,000","7","Resale (occupied at least once)","1960","Red Lane","792","1.86","2","1.0","Well","Septic - Conventional","Conventional","Individuals"
"1","2120210","748-67-90-80-300-000","CLOSD","10648 Genlou RD","23832","Chesterfield","Single Family Residence","09/14/2021","$260,000","$280,000","3","Resale (occupied at least once)","1985","Oak Brook","2,002","0.25","5","2.1","Public Water","Sewer - Public","Conventional","Individuals"
"1","2120194","7827678314","CLOSD","9710 Magnolia PT","23059","Henrico","Townhouse","09/14/2021","$245,000","$245,000","14","Resale (occupied at least once)","2003","Magnolia Pointe","1,376","","2","2.1","Public Water","Sewer - Public","Conventional","Individuals"
"1","2120039","6-6-0-2-0","CLOSD","4642 Old Fredericksburg RD","23117","Goochland","Single Family Residence","09/14/2021","$519,000","$535,000","4","Resale (occupied at least once)","2006","Hadensville Estates","3,664","3.06","5","3.1","Well","Septic - Conventional","Conventional","Individuals"
"1","2120009","Links of Millquarter Lot 3 Sect. 1","CLOSD","3923 Olde Links CT","23139","Powhatan","Single Family Residence","09/14/2021","$399,950","$400,950","19","Resale (occupied at least once)","2007","Mill Quarter","2,338","1.54","4","2.1","Public Water","Septic - Conventional","Cash","Individuals"
"1","2119164","8715-42-0832","CLOSD","7204 Cherry Leaf WAY","23111","Hanover","Townhouse","09/14/2021","$375,000","$365,000","44","Resale (occupied at least once)","2018","Cherry Grove Section 1 - Hanover","1,618","0.10","2","2.0","Public Water","Sewer - Public","VA New","Individuals"
"1","2118129","742-760-6500","CLOSD","3803 Barnyard TRL","23060","Henrico","Townhouse","09/14/2021","$615,000","$610,000","22","Resale (occupied at least once)","2012","West Broad Village","3,318","0.03","4","4.1","Public Water","Sewer - Public","Conventional","Individuals"
"1","2114428","737-778-7305","CLOSD","5624 Summer Creek WAY","23059","Henrico","Single Family Residence","09/14/2021","$515,000","$570,000","9","Resale (occupied at least once)","1996","Summer Creek","2,763","0.35","4","2.1","Public Water","Sewer - Public","Conventional","Individuals"
"1","2113918","764-748-2329","CLOSD","2304 Lockwood RD","23294","Henrico","Single Family Residence","09/14/2021","$239,950","$225,000","108","Resale (occupied at least once)","1959","Whispering Pines Henr","1,870","0.26","3","2.1","Public Water","Sewer - Public","Other","Individuals"
"1","2111472","6-7-0-1-0","CLOSD","4126 Clay Morris","23093","Goochland","Single Family Residence","09/14/2021","$380,000","$380,000","32","New (never occupied)","2021","None","1,671","8.51","3","2.1","Well","Septic - Conventional","Conventional","Other"
"1","2100886","TBD","CLOSD","6760 Aidan CT","23059","Henrico","Single Family Residence","09/14/2021","$600,000","$598,894","6","New (never occupied)","2021","Dominion Park At Wyndham","2,569","","3","3.1","Public Water","Sewer - Public","Cash","Corporate"
"1","2037085","716666972400000","CLOSD","8107 Bole Hat RD","23832","Chesterfield","Single Family Residence","09/14/2021","$477,460","$506,650","20","New (never occupied)","2020","Harpers Mill","3,636","","5","3.1","Public Water","Sewer - Public","Conventional","Corporate"
"1","REIN10401016","COO5-O553-O35","CLOSD","1217 Leicester RD","23225","Richmond City","Single Family Residence","09/14/2021","$313,750","$313,750","0","Resale (occupied at least once)","1969","ALL OTHERS AREA 152","1,703","","3","2.0","Public Water","Public Sewer On Site","",""
"1","2123209","W000-0528-021","CLOSD","1414 Grove AVE","23220","Richmond City","Single Family Residence","09/15/2021","$695,000","$705,000","12","Resale (occupied at least once)","1892","None","2,282","0.08","3","2.1","Public Water","Sewer - Public","Conventional","Individuals"
"1","2123809","745-749-7795","CLOSD","1902 Idlebrook DR","23238","Henrico","Single Family Residence","09/15/2021","$349,950","$372,900","5","Resale (occupied at least once)","1978","Raintree","1,782","0.39","4","2.2","Public Water","Sewer - Public","VHDA/FHA","Individuals"
"1","2102109","809-732-8216","CLOSD","3812 Purple Haze CT","23223","Henrico","Single Family Residence","09/15/2021","$312,695","$312,695","0","New (never occupied)","2021","Harvie Point","1,561","","3","2.1","Public Water","Sewer - Public","Conventional","Corporate"
"1","2033023","815649769100000","CLOSD","13500 Mason Orchard PL","23836","Chesterfield","Single Family Residence","09/15/2021","$350,650","$350,650","55","New (never occupied)","2021","Mason Orchard","2,114","","3","2.1","Public Water","Sewer - Public","USDA","Corporate"
"1","2120034","728-66-72-72-600-000","CLOSD","7924 Flag Tail DR","23112","Chesterfield","Single Family Residence","09/15/2021","$310,000","$310,000","28","Resale (occupied at least once)","1989","Deer Run","2,462","0.30","4","2.1","Public Water","Sewer - Public","VA New","Individuals"
"1","2124269","768-67-88-95-300-000","CLOSD","6818 Lake Caroline DR","23832","Chesterfield","Single Family Residence","09/15/2021","$300,000","$315,000","3","Resale (occupied at least once)","2006","Kingsland Glen","1,784","0.22","3","2.1","Public Water","Sewer - Public","VHDA ","Individuals"
"1","2123299","725-66-39-25-700-000","CLOSD","8825 Pebble Beach CT","23832","Chesterfield","Single Family Residence","09/15/2021","$400,000","$395,000","5","Resale (occupied at least once)","2004","Birkdale","3,642","0.19","5","3.1","Public Water","Sewer - Public","VHDA ","Individuals"
"1","2118326","710677869900000","CLOSD","5712 Brailen Dr","23114","Chesterfield","Single Family Residence","09/15/2021","$474,805","$474,805","2","New (never occupied)","2021","Foxcreek","2,890","","4","2.1","Public Water","Sewer - Public","Conventional","Corporate"
"1","2123735","8725-56-2425","CLOSD","8327 Raven Run DR","23111","Hanover","Single Family Residence","09/15/2021","$219,000","$227,000","11","Resale (occupied at least once)","1980","Raven Run","960","0.50","3","1.0","Public Water","Sewer - Public","VA New","Estate"
"1","2121644","N000-0592-023","CLOSD","610 W Graham RD","23222","Richmond City","Single Family Residence","09/15/2021","$359,950","$359,950","15","Resale (occupied at least once)","1947","Battery Court Addition","1,698","0.41","3","2.2","Public Water","Sewer - Public","Conventional","Individuals"
"1","2120460","E000-0426-010","CLOSD","2237 Venable ST","23223","Richmond City","Single Family Residence","09/15/2021","$300,000","$288,900","31","Resale (occupied at least once)","1910","East End","1,556","0.06","3","2.0","Public Water","Sewer - Public","Conventional","Partnership"
"1","2115271","780-60-85-45-400-000","CLOSD","21601 Pickett AVE","23803","Chesterfield","Single Family Residence","09/15/2021","$254,900","$245,000","72","Resale (occupied at least once)","1959","Augustus Wright","2,019","0.55","4","2.0","Public Water","Sewer - Public","FHA New","Individuals"
"1","2111145","W000-0459-014","CLOSD","1104 Grove AVE","23220","Richmond City","Single Family Residence","09/15/2021","$998,879","$968,000","59","Resale (occupied at least once)","1896","None","5,638","0.08","4","3.1","Public Water","Sewer - Public","Conventional","Individuals"
"1","2122497","33B14 22R  73","CLOSD","10437 Virginia Rail TER","23140","New Kent","Single Family Residence","09/15/2021","$405,950","$405,950","4","Resale (occupied at least once)","2006","Brickshire","2,502","0.48","3","2.1","Public Water","Sewer - Public","FHA New","Individuals"
"1","2102039","C-005-0351-005","CLOSD","6516 Kinns RD","23225","Richmond City","Single Family Residence","09/15/2021","$381,980","$382,575","17","New (never occupied)","2021","Westlake","2,269","","4","2.1","Public Water","Sewer - Public","Conventional","Corporate"
"1","2118564","778-746-7675","CLOSD","2618 Fernhill AVE","23228","Henrico","Single Family Residence","09/15/2021","$229,000","$225,000","33","Resale (occupied at least once)","1950","Hermitage Park","1,244","0.10","3","1.0","Public Water","Sewer - Public","FHA New","Individuals"
"1","2122064","718-66-86-90-900-000","CLOSD","15100 Winding Ash DR","23832","Chesterfield","Single Family Residence","09/15/2021","$299,999","$300,000","4","Resale (occupied at least once)","2002","Ashbrook","2,120","0.28","5","2.1","Public Water","Sewer - Public","FHA New","Individuals"
"1","2120247","W000-1411-030","CLOSD","402 N Belmont AVE Unit#U6","23221","Richmond City","Condominium","09/15/2021","$215,000","$215,000","44","Resale (occupied at least once)","1922","None","774","","2","1.0","Public Water","Sewer - Public","Conventional","Individuals"
"1","2117801","E012-0281-002","CLOSD","1705 Mechanicsville TPKE","23223","Richmond City","Single Family Residence","09/15/2021","$295,000","$290,000","59","Resale (occupied at least once)","1919","Chelsea Place","2,000","0.14","3","3.0","Public Water","Sewer - Public","Cash","Individuals"
"1","2036685","709-68-26-22-900-000","CLOSD","16643 Cabrio PL","23120","Chesterfield","Single Family Residence","09/15/2021","$399,950","$456,382","0","New (never occupied)","2020","Westerleigh","2,910","","4","3.1","Public Water","Sewer - Public","Conventional","Corporate"
"1","2036477","731-66-32-96-900-000","CLOSD","13413 Fitzwilliam CT","23112","Chesterfield","Single Family Residence","09/15/2021","$434,950","$557,273","0","New (never occupied)","2021","Collington East","3,096","","4","4.0","Public Water","Sewer - Public","Conventional","Corporate"
"1","2033960","8706-67-3584","CLOSD","9381 Marne CT","23116","Hanover","Single Family Residence","09/15/2021","$423,150","$423,320","48","New (never occupied)","2020","Timberlake Commons","3,230","","4","3.1","Public Water","Sewer - Public","Conventional","Corporate"
"1","2124356","779-66-52-39-600-000","CLOSD","9706 Lockberry Ridge LOOP","23237","Chesterfield","Single Family Residence","09/15/2021","$270,000","$270,000","6","Resale (occupied at least once)","2003","Hollymeade","1,494","0.28","3","2.0","Public Water","Sewer - Public","FHA New","Individuals"
"1","2117197","795-61-01-50-400-000","CLOSD","21508 Jackson ST","23803","Chesterfield","Single Family Residence","09/15/2021","$139,790","$136,000","25","Resale (occupied at least once)","1970","Orange Hill","1,133","","4","1.0","Public Water","Sewer - Public","FHA New","Corporate"
"1","2123092","763-68-78-18-500-000","CLOSD","7453 Towchester DR","23832","Chesterfield","Single Family Residence","09/15/2021","$289,000","$280,000","4","Resale (occupied at least once)","1983","Creekwood","1,766","0.32","3","2.0","Public Water","Sewer - Public","Conventional","Individuals"
"1","2121538","C005-0688-002","CLOSD","901 Bradley LN","23225","Richmond City","Single Family Residence","09/15/2021","$190,000","$190,000","24","Resale (occupied at least once)","1947","Norwood Park","698","0.21","2","1.0","Public Water","Sewer - Public","Conventional","Individuals"
"1","2124266","42-28-0-24-0","CLOSD","922 Newsome CT","23063","Goochland","Single Family Residence","09/15/2021","$325,000","$330,000","4","Resale (occupied at least once)","2002","Courthouse Commons","1,782","0.56","3","2.0","Public Water","Sewer - Public","Conventional","Individuals"
"1","2123219","772-68-44-32-300-000","CLOSD","5707 Barnwood DR","23234","Chesterfield","Single Family Residence","09/15/2021","$379,900","$390,000","5","Resale (occupied at least once)","2004","Meadowbrook Farm","3,103","0.38","5","2.1","Public Water","Sewer - Public","FHA New","Individuals"
"1","2123784","751-760-1594","CLOSD","4002 Bush Lake PL Unit#4002","23060","Henrico","Townhouse","09/15/2021","$259,000","$255,000","9","Resale (occupied at least once)","1985","Lexington Village Townhouses","1,424","0.05","3","2.1","Public Water","Sewer - Public","Conventional","Individuals"
"1","2122143","718-66-56-77-000-000","CLOSD","15006 Badestowe DR","23832","Chesterfield","Single Family Residence","09/15/2021","$464,990","$455,000","28","Resale (occupied at least once)","2014","Harpers Mill","3,012","0.28","5","4.1","Public Water","Sewer - Public","Conventional","Individuals"
"1","2119617","053E-1-7","CLOSD","840 Clayville RD","23139","Powhatan","Single Family Residence","09/15/2021","$349,950","$345,000","18","Resale (occupied at least once)","1993","Graceland","1,696","3.71","3","2.1","Well","Septic - Conventional, Sewer - Public","Conventional","Individuals"
"1","2120852","22A9 1 1 270","CLOSD","7283 Cress TER","23124","New Kent","Single Family Residence","09/15/2021","$369,999","$369,999","5","Resale (occupied at least once)","2019","The Arbors At New Kent Winery","2,410","0.31","4","2.1","Public Water","Sewer - Public","VA New","Individuals"
"1","2126473","032B-9-23","CLOSD","2217 Founders View LN","23113","Powhatan","Single Family Residence","09/15/2021","$629,900","$640,000","3","Resale (occupied at least once)","2005","Founders Bridge","3,197","","4","3.1","Public Water","Sewer - Public","Cash","Estate"
"1","2125876","731-764-8606","CLOSD","12329 Dewhurst AVE","23233","Henrico","Townhouse","09/15/2021","$687,000","$687,000","0","Resale (occupied at least once)","2018","Greengate","3,033","","3","3.2","Public Water","Sewer - Public","Conventional","Individuals"
"1","2125816","764-741-8892","CLOSD","6931 Horsepen RD","23226","Henrico","Single Family Residence","09/15/2021","$309,000","$330,000","5","Resale (occupied at least once)","1939","Duntreath","1,424","0.09","4","2.0","Public Water","Sewer - Public","Conventional","Individuals"
"1","2125300","E000-1766-015","CLOSD","1303 N 37th ST","23223","Richmond City","Single Family Residence","09/15/2021","$225,000","$235,000","5","Resale (occupied at least once)","1959","Montrose Heights","1,062","0.17","3","1.1","Public Water","Sewer - Public","Cash","Estate"
"1","2125236","772-740-3194","CLOSD","2300 Libbie AVE","23230","Henrico","Single Family Residence","09/15/2021","$199,950","$210,000","9","Resale (occupied at least once)","1956","None","1,248","0.23","3","2.0","Public Water","Sewer - Public","Cash","Individuals"
"1","2125090","N000-2348-003","CLOSD","1231 Windsor AVE","23227","Richmond City","Single Family Residence","09/15/2021","$374,950","$375,000","5","Resale (occupied at least once)","1934","Bellevue","1,722","0.17","3","1.0","Public Water","Sewer - Public","Conventional","Individuals"
"1","2125013","756-761-7454","CLOSD","9330 Becton RD","23060","Henrico","Single Family Residence","09/15/2021","$308,000","$325,000","4","Resale (occupied at least once)","1975","Broad Meadows","1,920","0.24","4","3.0","Public Water","Sewer - Public","Conventional","Individuals"
"1","2124934","764-768-2970","CLOSD","10534 Farm Meadow DR","23060","Henrico","Single Family Residence","09/15/2021","$470,000","$527,000","6","Resale (occupied at least once)","2001","Meadow Farms","3,055","0.42","5","4.0","Public Water","Sewer - Public","Conventional","Estate"
"1","2124905","784-762-4349","CLOSD","1109 New York AVE","23060","Henrico","Single Family Residence","09/15/2021","$209,950","$215,000","4","Resale (occupied at least once)","1952","Biltmore","1,212","0.20","2","1.0","Public Water","Sewer - Public","Conventional","Individuals"
"1","2124856","W000-2026-009","CLOSD","4514 Park AVE","23221","Richmond City","Single Family Residence","09/15/2021","$725,000","$725,000","8","Resale (occupied at least once)","1949","Colonial Place","2,516","0.15","4","3.0","Public Water","Sewer - Public","Conventional","Individuals"
"1","2124790","778-758-6306","CLOSD","9005 Lydell DR","23228","Henrico","Single Family Residence","09/15/2021","$269,950","$285,000","5","Resale (occupied at least once)","1966","North Run Hills","1,896","0.42","4","2.1","Public Water","Sewer - Public","Conventional","Individuals"
"1","2124783","Battlefield Green","CLOSD","8350 Devil's Den LN","23111","Hanover","Single Family Residence","09/15/2021","$289,900","$306,000","6","Resale (occupied at least once)","1992","Battlefield Green","1,828","0.18","4","3.0","Public Water","Sewer - Public","Conventional","Individuals"
"1","2124765","751-71-51-78-300-003","CLOSD","9705 GROUNDHOG DR Unit#9705","23235","Chesterfield","Condominium","09/15/2021","$199,950","$207,500","5","Resale (occupied at least once)","1983","North Creek Condominium","1,258","7.65","2","2.1","Public Water","Sewer - Public","Conventional","Individuals"
"1","2124760","028A1-1S-7A","CLOSD","2460 Mountain View RD","23139","Powhatan","Single Family Residence","09/15/2021","$225,000","$235,000","2","Resale (occupied at least once)","1988","Red Lane","1,118","1.21","3","2.0","Well","Septic - Conventional","Conventional","Individuals"
"1","2124568","743-750-7354","CLOSD","2010 Raintree DR","23238","Henrico","Single Family Residence","09/15/2021","$365,900","$375,000","4","Resale (occupied at least once)","1977","Raintree","2,080","0.33","4","2.1","Public Water","Sewer - Public","Conventional","Estate"
"1","2124234","8743-31-2324","CLOSD","6067 Barkers Mill RD","23111","Hanover","Single Family Residence","09/15/2021","$595,000","$600,000","5","Resale (occupied at least once)","1979","Barkers Mill","2,566","5.00","4","3.2","Well","Septic - Conventional","Conventional","Individuals"
"1","2124194","768-749-6373","CLOSD","3302 Webb RD","23228","Henrico","Single Family Residence","09/15/2021","$265,000","$285,000","5","Resale (occupied at least once)","2005","West Broad Street Gardens","1,223","0.28","3","2.0","Public Water","Sewer - Public","FHA New","Individuals"
"1","2124082","C003-0061-054","CLOSD","3116 Kenmore RD","23225","Richmond City","Single Family Residence","09/15/2021","$439,000","$445,000","3","Resale (occupied at least once)","1978","Stratford Hills","2,952","0.63","4","3.0","Public Water","Sewer - Public","Conventional","Individuals"
"1","2124033","W000-1441-008","CLOSD","3211 Condie ST","23221","Richmond City","Single Family Residence","09/15/2021","$315,000","$362,500","5","Resale (occupied at least once)","1937","None","1,308","0.13","3","1.1","Public Water","Sewer - Public","Conventional","Individuals"
"1","2124022","771-759-2738","CLOSD","9705 Laurel Pine DR","23228","Henrico","Single Family Residence","09/15/2021","$309,990","$315,000","9","Resale (occupied at least once)","2010","Laurel Pines","1,544","0.22","3","2.1","Public Water","Sewer - Public","Conventional","Individuals"
"1","2124012","C004-0506-006","CLOSD","3101 Blithewood DR","23225","Richmond City","Single Family Residence","09/15/2021","$349,000","$366,100","4","Resale (occupied at least once)","1958","Kenmore Ridge","1,827","0.38","2","2.0","Public Water","Sewer - Public","Conventional","Individuals"
"1","2124007","786-64-03-59-100-000","CLOSD","5013 Tooley DR","23831","Chesterfield","Single Family Residence","09/15/2021","$406,000","$409,000","4","Resale (occupied at least once)","2012","Stoney Glen South","2,821","0.44","5","3.0","Public Water","Sewer - Public","VA New","Individuals"
"1","2123805","718-68-81-52-100-000","CLOSD","14830 Rankin DR","23112","Chesterfield","Single Family Residence","09/15/2021","$615,000","$620,000","3","Resale (occupied at least once)","2017","Rountrey","3,304","0.21","5","4.0","Public Water","Sewer - Public","Conventional","Individuals"
"1","2123747","7796-98-5012","CLOSD","8887 Ringview DR","23116","Hanover","Townhouse","09/15/2021","$299,000","$300,000","0","Resale (occupied at least once)","2016","Cool Spring West","1,564","","3","2.1","Public Water","Sewer - Public","Conventional","Individuals"
"1","2123645","719-67-76-53-400-000","CLOSD","5714 Grove Forest CT","23112","Chesterfield","Single Family Residence","09/15/2021","$369,950","$390,000","3","Resale (occupied at least once)","1988","Grove Forest","2,260","0.23","4","2.1","Public Water","Sewer - Public","Conventional","Individuals"
"1","2123639","731-755-0517","CLOSD","2631 Wetherburn CT","23233","Henrico","Townhouse","09/15/2021","$224,950","$240,000","13","Resale (occupied at least once)","1984","Berkeley Pointe","1,408","0.04","3","2.1","Public Water","Sewer - Public","FHA New","Individuals"
"1","2123635","30A  5   820","CLOSD","6612 Jackson RD","23141","New Kent","Single Family Residence","09/15/2021","$135,000","$129,600","3","Resale (occupied at least once)","1968","Woodhaven Shores","896","0.21","2","2.0","Well","Septic - Conventional","Conventional","Individuals"
"1","2123463","8724-35-9031","CLOSD","6300 Kennedy CT","23111","Hanover","Single Family Residence","09/15/2021","$349,950","$365,000","8","Resale (occupied at least once)","1987","Lincoln Hills","2,192","0.42","4","2.1","Public Water","Sewer - Public","Conventional","Individuals"
"1","2123448","774-765-1842","CLOSD","10502 Servo DR","23060","Henrico","Single Family Residence","09/15/2021","$399,990","$420,000","2","Resale (occupied at least once)","2014","Woodman Glen","2,184","0.25","3","2.1","Public Water","Sewer - Public","Conventional","Individuals"
"1","2123403","739-780-1812","CLOSD","6002 Morgans Glen PL","23059","Henrico","Townhouse","09/15/2021","$329,950","$329,000","5","Resale (occupied at least once)","1995","Morgans Glen At Wyndham","1,740","0.07","3","2.1","Public Water","Sewer - Public","Conventional","Individuals"
"1","2123373","723-69-87-37-900-000","CLOSD","14301 Clemons CIR","23114","Chesterfield","Single Family Residence","09/15/2021","$595,000","$595,000","3","Resale (occupied at least once)","2005","Sedwick Village","4,335","0.54","6","5.0","Public Water","Sewer - Public","Conventional","Individuals"
"1","2123356","747-62-88-90-700-000","CLOSD","15400 Pypers Pointe DR","23838","Chesterfield","Single Family Residence","09/15/2021","$339,500","$339,500","3","Resale (occupied at least once)","1994","Pypers Pointe","1,716","2.09","3","2.1","Public Water","Septic - Conventional","VA New","Individuals"
"1","2123325","777-65-88-05-400-000","CLOSD","6200 Arbor Ridge DR","23831","Chesterfield","Single Family Residence","09/15/2021","$349,000","$350,000","2","Resale (occupied at least once)","2011","Arbor Meadows","2,464","0.30","4","2.1","Public Water","Sewer - Public","Conventional","Individuals"
"1","2123136","C005-0621-050","CLOSD","1307 Irby DR","23225","Richmond City","Single Family Residence","09/15/2021","$284,950","$320,000","2","Resale (occupied at least once)","1947","Raleigh Court","1,387","0.29","3","2.0","Public Water","Sewer - Public","Conventional","Individuals"
"1","2123116","E000-0333-028","CLOSD","717 N 24th ST","23223","Richmond City","Single Family Residence","09/15/2021","$385,000","$365,000","13","Resale (occupied at least once)","1854","None","1,496","0.06","3","3.1","Public Water","Sewer - Public","Conventional","Individuals"
"1","2122995","730-64-67-18-800-000","CLOSD","13306 DeGonia WAY","23838","Chesterfield","Single Family Residence","09/15/2021","$789,000","$765,000","19","Resale (occupied at least once)","2014","None","4,056","5.10","4","3.1","Public Water","Septic - Alternative","Conventional","Individuals"
"1","2122885","786-752-8888","CLOSD","7415 Montrose AVE","23227","Henrico","Single Family Residence","09/15/2021","$230,000","$230,000","4","Resale (occupied at least once)","1965","Stuart Ridge Addition","960","","3","1.0","Public Water","Sewer - Public","Conventional","Individuals"
"1","2122775","725-66-22-60-700-000","CLOSD","9013 Lavenham PL","23112","Chesterfield","Single Family Residence","09/15/2021","$520,000","$520,000","6","Resale (occupied at least once)","2018","Collington","3,522","0.35","4","3.1","Public Water","Sewer - Public","Conventional","Individuals"
"1","2122718","780-67-95-17-400-000","CLOSD","6613 Mason Valley DR","23234","Chesterfield","Single Family Residence","09/15/2021","$225,000","$240,000","5","Resale (occupied at least once)","1986","Mason Woods","1,202","0.25","3","2.0","Public Water","Sewer - Public","Conventional","Individuals"
"1","2122567","721-69-01-07-300-000","CLOSD","2412 Tomahawk Meadows DR","23112","Chesterfield","Single Family Residence","09/15/2021","$391,995","$417,000","6","Resale (occupied at least once)","2008","Watermill","2,640","0.23","5","2.1","Public Water","Sewer - Public","Conventional","Individuals"
"1","2122556","S000-2147-006","CLOSD","102 Dundee AVE","23225","Richmond City","Single Family Residence","09/15/2021","$319,950","$360,000","4","Resale (occupied at least once)","1920","Woodland Heights","1,529","0.21","3","2.0","Public Water","Sewer - Public","Conventional","Individuals"
"1","2122548","755-70-23-01-600-000","CLOSD","661 Greencastle RD","23236","Chesterfield","Single Family Residence","09/15/2021","$320,000","$320,000","17","Resale (occupied at least once)","1978","Scottingham","2,318","0.40","3","3.1","Public Water","Sewer - Public","Conventional","Individuals"
"1","2122314","770-67-65-09-400-000","CLOSD","6907 Whisperwood DR","23234","Chesterfield","Single Family Residence","09/15/2021","$425,000","$425,000","6","Resale (occupied at least once)","2015","Watermark","2,818","0.28","5","4.0","Public Water","Sewer - Public","Conventional","Individuals"
"1","2122181","731-760-5463","CLOSD","3813 Rupert LN","23233","Henrico","Single Family Residence","09/15/2021","$879,000","$930,000","4","Resale (occupied at least once)","1995","Granville South","4,807","0.39","4","3.1","Public Water","Sewer - Public","Conventional","Individuals"
"1","2122177","827-65-90-15-000-000","CLOSD","12201 Winbolt DR","23836","Chesterfield","Single Family Residence","09/15/2021","$469,900","$486,000","10","Resale (occupied at least once)","2015","Mount Blanco","3,419","0.37","4","2.1","Public Water","Sewer - Public","Conventional","Individuals"
"1","2122072","748-69-10-86-900-000","CLOSD","10341 Sauna DR","23236","Chesterfield","Single Family Residence","09/15/2021","$269,950","$273,000","8","Resale (occupied at least once)","1973","Chestnut Hills","1,425","0.34","3","1.1","Public Water","Sewer - Public","FHA New","Estate"
"1","2122040","732-67-98-17-700-000","CLOSD","4606 Red Chestnut CT","23112","Chesterfield","Single Family Residence","09/15/2021","$300,000","$300,000","8","Resale (occupied at least once)","2001","Nuttree","1,560","0.49","3","2.0","Public Water","Sewer - Public","Conventional","Individuals"
"1","2122023","749-71-37-32-100-000","CLOSD","1660 Winding WAY","23235","Chesterfield","Single Family Residence","09/15/2021","$260,000","$250,000","11","Resale (occupied at least once)","1971","Frederica Terrace","1,425","0.29","3","2.0","Public Water","Sewer - Public","Conventional","Individuals"
"1","2121812","751-754-5763","CLOSD","10125 Oakley Pointe DR","23233","Henrico","Single Family Residence","09/15/2021","$275,000","$301,000","4","Resale (occupied at least once)","1997","Oakley Pointe","1,416","0.13","3","2.1","Public Water","Sewer - Public","Conventional","Individuals"
"1","2121467","054-6-3","CLOSD","1925 Hickory Shade DR","23120","Powhatan","Single Family Residence","09/15/2021","$699,950","$699,950","2","Resale (occupied at least once)","1994","Hickory Knoll","4,434","10.00","5","3.1","Well","Septic - Conventional","Cash","Individuals"
"1","2121326","736-780-2115","CLOSD","12717 Wyndham West DR","23059","Henrico","Single Family Residence","09/15/2021","$799,900","$835,000","8","Resale (occupied at least once)","2016","Ellington At Wyndham","3,367","0.28","5","4.0","Public Water","Sewer - Public","Conventional","Individuals"
"1","2121315","N000-1744-014","CLOSD","1401 W Laburnum AVE","23227","Richmond City","Single Family Residence","09/15/2021","$389,000","$389,000","15","Resale (occupied at least once)","1923","Laburnum Park","1,802","0.28","4","1.1","Public Water","Sewer - Public","FHA New","Individuals"
"1","2121261","8724-49-9162","CLOSD","7337 Pebble Lake DR","23111","Hanover","Townhouse","09/15/2021","$284,000","$284,000","7","Resale (occupied at least once)","2018","Village At Pebble Lake","1,520","0.04","3","2.1","Public Water","Sewer - Public","Other","Individuals"
"1","2121111","764-756-2095.121","CLOSD","8406 Donovan CT Unit#401","23228","Henrico","Condominium","09/15/2021","$125,000","$125,000","3","Resale (occupied at least once)","1984","Shannon Green Condo","848","0.01","2","1.0","Public Water","Sewer - Public","FHA New","Individuals"
"1","2120891","734-759-0024","CLOSD","3616 Bremerton DR","23233","Henrico","Single Family Residence","09/15/2021","$549,950","$575,000","4","Resale (occupied at least once)","1990","Bremerton At Wellesley","3,301","0.29","5","2.1","Public Water","Sewer - Public","Conventional","Individuals"
"1","2120794","771-763-0538","CLOSD","2713 Chariot ST","23060","Henrico","Single Family Residence","09/15/2021","$248,000","$248,000","13","Resale (occupied at least once)","1989","Shepherds Run","1,129","0.29","3","2.0","Public Water","Sewer - Public","Conventional","Individuals"
"1","2120779","053B-1-5","CLOSD","785 Clayville RD","23139","Powhatan","Single Family Residence","09/15/2021","$210,000","$210,000","9","Resale (occupied at least once)","1934","None","1,192","","2","1.0","Well","Septic - Conventional","Conventional","Individuals"
"1","2120620","778-745-3592","CLOSD","2706 Greenway AVE","23228","Henrico","Single Family Residence","09/15/2021","$196,950","$225,500","4","Resale (occupied at least once)","1954","Hermitage Park","954","","2","1.0","Public Water","Sewer - Public","Conventional","Individuals"
"1","2120583","792-64-97-50-500-000","CLOSD","4000 Rockridge CT","23831","Chesterfield","Single Family Residence","09/15/2021","$450,000","$440,000","22","Resale (occupied at least once)","1993","Hidden Valley Estates","3,624","0.48","4","3.0","Public Water","Sewer - Public","Conventional","Individuals"
"1","2120520","779-68-95-33-300-000","CLOSD","4416 Haymarket LN","23234","Chesterfield","Single Family Residence","09/15/2021","$280,000","$280,000","8","Resale (occupied at least once)","1964","Garland Heights","1,911","0.44","3","2.0","Public Water","Sewer - Public","Conventional","Individuals"
"1","2120502","756-69-12-03-800-000","CLOSD","8818 Rams Crossing PL","23236","Chesterfield","Single Family Residence","09/15/2021","$632,500","$640,000","13","New (never occupied)","2019","Bexley East","2,921","0.32","3","3.1","Public Water","Sewer - Public","Cash","Corporate"
"1","2119691","050-13C","CLOSD","4261 Worsham RD","23139","Powhatan","Single Family Residence","09/15/2021","$975,000","$975,000","7","Resale (occupied at least once)","2014","None","3,440","49.10","3","3.1","Well","Septic - Conventional","VA New","Individuals"
"1","2119628","032B-11-11","CLOSD","16286 Maple Hall DR","23113","Powhatan","Single Family Residence","09/15/2021","$929,000","$905,000","10","Resale (occupied at least once)","2007","Founders Bridge","4,035","0.34","4","3.2","Public Water","Sewer - Public","Cash","Individuals"
"1","2119315","735-761-4232","CLOSD","3847 Danewood DR","23233","Henrico","Single Family Residence","09/15/2021","$389,950","$430,450","5","Resale (occupied at least once)","1992","Langtree At Wellesley","2,096","0.23","4","2.1","Public Water","Sewer - Public","Conventional","Individuals"
"1","2119096","N016-0134-024","CLOSD","3615 Garland AVE","23222","Richmond City","Single Family Residence","09/15/2021","$272,000","$272,000","41","Resale (occupied at least once)","1950","Edgewood","1,308","0.21","4","1.1","Public Water","Sewer - Public","Conventional","Corporate"
"1","2119062","7850-29-0860","CLOSD","13378 Quietwood LN","23005","Hanover","Single Family Residence","09/15/2021","$290,000","$315,000","7","Resale (occupied at least once)","1976","Beech Creek Estates","1,774","6.20","3","2.0","Well","Septic - Conventional","Conventional","Individuals"
"1","2118926","742-760-7622","CLOSD","3820 Duckling WALK","23060","Henrico","Townhouse","09/15/2021","$624,900","$612,000","54","Resale (occupied at least once)","2011","West Broad Village","3,498","0.03","4","4.1","Public Water","Sewer - Public","Conventional","Individuals"
"1","2118655","7822-18-6820","CLOSD","15511 Woodman Hall RD","23192","Hanover","Single Family Residence","09/15/2021","$479,000","$465,000","38","Resale (occupied at least once)","1995","Montpelier Hills","2,386","2.00","4","2.1","Well","Septic - Conventional","Conventional","Individuals"
"1","2118057","710-69-77-91-700-000","CLOSD","2042 Drumone CT","23112","Chesterfield","Single Family Residence","09/15/2021","$795,000","$785,000","12","Resale (occupied at least once)","2014","Hallsley","3,559","0.40","5","2.2","Public Water","Sewer - Public","Conventional","Individuals"
"1","2117434","S000-0074-010","CLOSD","39 E 3rd ST Unit#UC","23224","Richmond City","Condominium","09/15/2021","$820,000","$770,000","56","Resale (occupied at least once)","1895","Manchester","3,442","0.08","3","2.1","Public Water","Sewer - Public","Conventional","Individuals"
"1","2117403","745-69-72-12-700-000","CLOSD","1201 Courthouse RD","23236","Chesterfield","Single Family Residence","09/15/2021","$314,900","$315,000","50","Resale (occupied at least once)","1960","Central Heights","4,272","0.71","5","4.0","Public Water","Sewer - Public","Conventional","Individuals"
"1","2116103","763-765-3636.019","CLOSD","3516 Bayon WAY","23060","Henrico","Condominium","09/15/2021","$495,000","$495,000","5","Resale (occupied at least once)","2004","The Carriage Homes @ Crossridge","2,503","0.14","3","2.1","Public Water","Sewer - Public","Cash","Estate"
"1","2115644","1501","CLOSD","3015 Preston Park TER","23153","Goochland","Single Family Residence","09/15/2021","$468,960","$468,960","2","New (never occupied)","2019","Preston Park","2,252","1.61","4","2.1","Well","Septic - Alternative","Conventional","Individuals"
"1","2115472","756-69-40-73-400-000","CLOSD","8949 Cardiff RD","23236","Chesterfield","Single Family Residence","09/15/2021","$475,000","$395,000","29","Resale (occupied at least once)","1987","Bexley","3,275","0.95","5","2.1","Public Water","Community - Sewer/Septic","Conventional","Individuals"
"1","2113010","786-69-23-27-500-000","CLOSD","4719 Willesden RD","23234","Chesterfield","Single Family Residence","09/15/2021","$254,900","$254,900","58","Resale (occupied at least once)","1963","Falling Creek Court","1,536","0.32","3","2.0","Public Water","Sewer - Public","FHA New","Individuals"
"1","2110459","7890-73-5764","CLOSD","13244 Lucy Penn CIR","23005","Hanover","Single Family Residence","09/15/2021","$589,995","$573,000","98","Resale (occupied at least once)","2018","Hickory Hill","2,664","1.00","4","3.0","Well","Septic - Conventional","Conventional","Individuals"
"1","2108708","S000-0235-026","CLOSD","208 E 18th ST","23224","Richmond City","Single Family Residence","09/15/2021","$135,000","$95,000","46","Resale (occupied at least once)","1920","Blackwell","760","0.07","2","2.0","Public Water","Sewer - Public","Cash","Corporate"
"1","2125194","N000-0780-026","CLOSD","2825 Hanes AVE","23222","Richmond City","Single Family Residence","09/16/2021","$469,900","$470,000","3","Resale (occupied at least once)","1923","Brookland Park","2,536","0.12","5","3.1","Public Water","Sewer - Public","Conventional","Individuals"
"1","2117966","722-65-76-41-100-000","CLOSD","11518 Avening RD","23832","Chesterfield","Single Family Residence","09/16/2021","$363,390","$389,763","2","New (never occupied)","2021","Willow Creek","2,033","0.33","4","2.0","Public Water","Sewer - Public","Conventional","Corporate"
"1","2114742","755-71-60-60-600-000","CLOSD","8812 Quaker LN","23235","Chesterfield","Single Family Residence","09/16/2021","$549,900","$539,500","65","Resale (occupied at least once)","1953","Bon Air Knolls","2,921","1.13","5","3.1","Public Water","Septic - Conventional","Conventional","Individuals"
"1","2100352","786675342100000","CLOSD","3112 Sterling Brook DR Unit#ID-D","23237","Chesterfield","Townhouse","09/16/2021","$329,470","$329,470","57","New (never occupied)","2021","Silverleaf","1,999","","3","2.1","Public Water","Sewer - Public","Conventional","Corporate"
"1","2123397","745-69-91-72-300-000","CLOSD","701 Courthouse RD","23236","Chesterfield","Single Family Residence","09/16/2021","$295,000","$301,000","15","Resale (occupied at least once)","1966","Lake Crystal Farms","1,482","0.43","3","2.0","Public Water","Septic - Conventional","FHA New","Individuals"
"1","2122032","TBD","CLOSD","205 Sag Harbor CT Unit#C","23075","Henrico","Townhouse","09/16/2021","$254,975","$254,975","0","New (never occupied)","2021","Easthampton","1,280","","3","2.1","Public Water","Sewer - Public","FHA New","Corporate"
"1","2121615","788-60-96-43-900-000","CLOSD","21424 Bridle Path DR","23803","Chesterfield","Single Family Residence","09/16/2021","$255,000","$225,000","5","Resale (occupied at least once)","1980","Country Home Estates","1,606","0.26","3","2.0","Public Water","Sewer - Public","USDA","Individuals"
"1","2116472","2-3-0-4-0","CLOSD","4748 Fleming RD","23093","Goochland","Single Family Residence","09/16/2021","$284,000","$285,000","23","Resale (occupied at least once)","1991","Shannon Hills","1,874","3.64","3","2.1","Well","Septic - Conventional","FHA New","Individuals"
"1","2119283","C006-0460-003","CLOSD","812 Dixon DR","23224","Richmond City","Single Family Residence","09/16/2021","$175,000","$180,000","45","Resale (occupied at least once)","1958","Woodstock","1,476","0.37","3","1.0","Public Water","Sewer - Public","Conventional","Individuals"
"1","2123902","807-715-5119","CLOSD","2517 Farrand ST","23231","Henrico","Single Family Residence","09/16/2021","$230,000","$230,000","5","Resale (occupied at least once)","1966","Shurm Heights","1,300","0.32","3","1.1","Public Water","Sewer - Public","VA New","Individuals"
"1","2122309","747-746-3559.174","CLOSD","1505 Bronwyn RD Unit#104","23238","Henrico","Condominium","09/16/2021","$164,950","$164,950","14","Resale (occupied at least once)","1977","Regency Woods","1,364","0.03","3","2.0","Public Water","Sewer - Public","Conventional","Individuals"
"1","2121954","W000-1770-011","CLOSD","3909 Floyd AVE","23221","Richmond City","Single Family Residence","09/16/2021","$499,000","$490,000","29","Resale (occupied at least once)","1938","Henry Place","2,312","0.12","3","2.1","Public Water","Sewer - Public","Conventional","Individuals"
"1","2110709","765-748-4587","CLOSD","2651 St. Elias DR Unit#A","23294","Henrico","Condominium","09/16/2021","$341,464","$341,464","14","New (never occupied)","2021","West Broad Landing","1,608","","2","2.1","Public Water","Sewer - Public","Conventional","Corporate"
"1","2120997","742-65-87-09-800-000","CLOSD","10341 Christina RD","23832","Chesterfield","Single Family Residence","09/16/2021","$324,000","$317,500","9","Resale (occupied at least once)","1992","Huntwood","1,644","0.78","3","2.1","Well","Septic - Conventional","FHA New","Individuals"
"1","2025728","to be determined","CLOSD","14615 Hancock Towns DR Unit#D-8","23832","Chesterfield","Condominium","09/16/2021","$293,490","$293,490","0","New (never occupied)","2020","Hancock Village","2,515","","3","3.0","Public Water","Sewer - Public","Conventional","Corporate"
"1","2124839","732-68-21-71-600-000","CLOSD","4308 Rose Glen TURN","23112","Chesterfield","Single Family Residence","09/16/2021","$340,000","$345,000","10","Resale (occupied at least once)","2007","Rose Glen","2,187","0.28","4","2.1","Public Water","Sewer - Public","Conventional","Individuals"
"1","2126305","731-67-18-58-500-000","CLOSD","13312 Pointer Ridge TER","23112","Chesterfield","Single Family Residence","09/16/2021","$250,000","$272,000","6","Resale (occupied at least once)","1990","Spring Trace","1,396","0.26","3","2.0","Public Water","Sewer - Public","Cash","Individuals"
"1","2120524","726-70-00-14-300-000","CLOSD","948 Gorham CT","23114","Chesterfield","Single Family Residence","09/16/2021","$349,000","$345,000","28","Resale (occupied at least once)","2006","Hawthorne Village","2,228","0.12","4","2.1","Public Water","Sewer - Public","Conventional","Individuals"
"1","2118050","W019-0182-009","CLOSD","4901 W Franklin ST","23226","Richmond City","Single Family Residence","09/16/2021","$449,900","$445,000","56","Resale (occupied at least once)","1946","Patterson Place","1,773","0.16","3","3.0","Public Water","Sewer - Public","Conventional","Individuals"
"1","2123319","718-66-71-93-400-000","CLOSD","7929 Featherchase TER","23832","Chesterfield","Single Family Residence","09/16/2021","$259,000","$275,000","6","Resale (occupied at least once)","1998","Ashbrook","1,262","0.25","3","2.0","Public Water","Sewer - Public","FHA New","Individuals"
"1","2118110","763-764-6180.001","CLOSD","3501 Warsaw TER","23060","Henrico","Condominium","09/16/2021","$497,500","$497,500","38","Resale (occupied at least once)","2002","The Carriage Homes @ Crossridge","2,566","0.20","3","2.1","Public Water","Sewer - Public","Conventional","Individuals"
"1","2126408","747-746-3559.042","CLOSD","1505 Largo RD Unit#304","23238","Henrico","Condominium","09/16/2021","$130,000","$135,000","3","Resale (occupied at least once)","1977","Regency Woods Condominiums","893","0.02","1","1.0","Public Water","Sewer - Public","Cash","Individuals"
"1","2126117","S000-1121-015","CLOSD","101 Tynick ST","23224","Richmond City","Single Family Residence","09/16/2021","$90,000","$90,000","2","Resale (occupied at least once)","1910","Burfoot Addition","876","0.07","2","1.0","Public Water","Community - Sewer/Septic","Cash","Individuals"
"1","2126022","764-759-4094","CLOSD","9525 Hungary Woods DR","23060","Henrico","Single Family Residence","09/16/2021","$340,000","$340,000","0","Resale (occupied at least once)","1998","Hungary Woods","1,938","0.22","3","2.1","Public Water","Sewer - Public","Conventional","Individuals"
"1","2125571","739-69-99-57-300-000","CLOSD","11600 Gordon School RD","22336","Chesterfield","Single Family Residence","09/16/2021","$200,000","$215,000","10","Resale (occupied at least once)","1978","Smoketree","1,615","0.31","3","2.0","Public Water","Sewer - Public","Cash","Individuals"
"1","2125287","C004-0453-005","CLOSD","7513 Cherokee RD","23225","Richmond City","Single Family Residence","09/16/2021","$325,000","$325,000","3","Resale (occupied at least once)","1956","Stratford Hills","1,418","0.46","3","2.0","Public Water","Sewer - Public","Conventional","Individuals"
"1","2125213","749-67-51-76-300-000","CLOSD","5649 Burnage CT","23832","Chesterfield","Single Family Residence","09/16/2021","$345,000","$355,200","5","Resale (occupied at least once)","2004","Qualla Farms","2,249","0.30","4","2.1","Public Water","Sewer - Public","Conventional","Individuals"
"1","2125151","807-712-0300","CLOSD","5508 Eanes LN","23231","Henrico","Single Family Residence","09/16/2021","$260,000","$260,000","6","Resale (occupied at least once)","1950","None","1,919","1.30","4","3.0","Public Water","Sewer - Public","Cash","Individuals"
"1","2125104","736-775-0499","CLOSD","12208 Bridgehead PL","23059","Henrico","Single Family Residence","09/16/2021","$550,000","$635,000","12","Resale (occupied at least once)","1999","Kimberwicke","3,159","0.32","4","3.0","Public Water","Sewer - Public","Conventional","Individuals"
"1","2125102","C008-1265-152","CLOSD","5200 Kenmare LOOP","23234","Richmond City","Single Family Residence","09/16/2021","$363,500","$370,000","8","Resale (occupied at least once)","2019","Adams Park","2,418","0.14","4","2.1","Public Water","Sewer - Public","VHDA/FHA","Individuals"
"1","2125084","798-736-4814","CLOSD","3707 Vawter AVE","23222","Henrico","Single Family Residence","09/16/2021","$190,000","$176,500","20","Resale (occupied at least once)","1937","East Highland Park","2,010","0.17","4","2.0","Public Water","Sewer - Public","Cash","Individuals"
"1","2124966","785-67-77-32-000-000","CLOSD","3725 Sterling Woods LN","23237","Chesterfield","Single Family Residence","09/16/2021","$375,000","$375,000","6","Resale (occupied at least once)","2020","Silverleaf","2,424","","4","2.1","Public Water","Sewer - Public","FHA New","Individuals"
"1","2124736","S006-0194-018","CLOSD","5017 Caledonia RD","23225","Richmond City","Single Family Residence","09/16/2021","$489,950","$505,000","6","Resale (occupied at least once)","1936","Westover Hills","1,899","0.15","3","2.1","Public Water","Sewer - Public","Conventional","Individuals"
"1","2124707","746-763-1669","CLOSD","4404 Duncan Park LN","23060","Henrico","Townhouse","09/16/2021","$362,500","$365,000","9","Resale (occupied at least once)","2016","Duncan Park","1,800","0.04","3","3.1","Public Water","Sewer - Public","Conventional","Individuals"
"1","2124676","731-70-28-12-200-000","CLOSD","13425 Tipple Point RD","23114","Chesterfield","Single Family Residence","09/16/2021","$625,000","$650,000","2","Resale (occupied at least once)","2005","The Grove","4,023","0.85","5","4.1","Public Water","Sewer - Public","Conventional","Individuals"
"1","2124641","823-725-4487","CLOSD","124 N Fern AVE","23075","Henrico","Single Family Residence","09/16/2021","$149,950","$142,000","10","Resale (occupied at least once)","1937","Highland Springs","1,316","0.22","4","2.0","Public Water","Sewer - Public","Cash","Corporate"
"1","2124543","8716-71-4850","CLOSD","9058 Lunette LN","23116","Hanover","Single Family Residence","09/16/2021","$389,900","$414,000","6","Resale (occupied at least once)","2015","The Bluffs At Bell Creek","2,442","0.13","4","2.1","Public Water","Sewer - Public","Conventional","Individuals"
"1","2124396","744-770-6521.029","CLOSD","11508 Belmont Park LN","23059","Henrico","Condominium","09/16/2021","$459,950","$445,000","23","Resale (occupied at least once)","2003","Belmont Park At Twin Hickory","2,239","0.18","3","2.1","Public Water","Sewer - Public","Cash","Individuals"
"1","2124361","809-64-25-12-800-000","CLOSD","14719 Grand Forest CT","23834","Chesterfield","Single Family Residence","09/16/2021","$499,900","$515,000","4","Resale (occupied at least once)","2006","Southcreek","3,866","0.55","6","3.1","Public Water","Sewer - Public","Conventional","Individuals"
"1","2124237","755-70-20-87-300-000","CLOSD","8805 E Wadsworth PL","23236","Chesterfield","Single Family Residence","09/16/2021","$289,950","$315,000","4","Resale (occupied at least once)","1986","Whitestone","1,709","0.23","3","2.1","Public Water","Sewer - Public","Conventional","Individuals"
"1","2124205","795-63-38-42-400-000","CLOSD","3700 Stardown CT","23831","Chesterfield","Single Family Residence","09/16/2021","$224,950","$235,000","12","Resale (occupied at least once)","1981","Somerset","1,276","0.28","3","1.1","Public Water","Sewer - Public","FHA New","Individuals"
"1","2124058","740-776-5959","CLOSD","5404 Fuller DR","23059","Henrico","Townhouse","09/16/2021","$364,900","$364,900","8","Resale (occupied at least once)","2004","Courtland @ Wyndham","1,767","0.09","3","3.0","Public Water","Sewer - Public","Conventional","Individuals"
"1","2123972","727685728900000","CLOSD","13806 Nuttree Woods LN","23112","Chesterfield","Single Family Residence","09/16/2021","$330,000","$330,000","4","Resale (occupied at least once)","1977","Nuttree Woods","2,071","0.33","3","2.1","Public Water","Sewer - Public","Conventional","Individuals"
"1","2123967","754-769-6055","CLOSD","4908 Claywood RD","23060","Henrico","Single Family Residence","09/16/2021","$389,500","$402,000","6","Resale (occupied at least once)","1997","Winterberry","2,067","0.21","4","2.1","Public Water","Sewer - Public","Conventional","Individuals"
"1","2123909","729-70-60-23-800-000","CLOSD","13726 Village Ridge DR","23114","Chesterfield","Single Family Residence","09/16/2021","$265,000","$282,500","8","Resale (occupied at least once)","1995","Sycamore Village","1,416","0.16","3","2.1","Public Water","Sewer - Public","Conventional","Individuals"
"1","2123826","747-741-1131","CLOSD","9323 Westmoor DR","23229","Henrico","Single Family Residence","09/16/2021","$459,000","$532,000","8","Resale (occupied at least once)","1965","Westmoor","2,989","0.42","5","3.1","Public Water","Sewer - Public","Private","Individuals"
"1","2123771","811-65-06-41-800-000","CLOSD","13537 Green Spire CT","23836","Chesterfield","Single Family Residence","09/16/2021","$369,950","$380,000","2","Resale (occupied at least once)","2009","Cypress Woods","2,756","0.30","4","3.1","Public Water","Sewer - Public","Conventional","Individuals"
"1","2123508","815-728-8793","CLOSD","441 Westover Pines DR","23223","Henrico","Townhouse","09/16/2021","$238,500","$240,000","4","Resale (occupied at least once)","2006","Westover Pines Townhouses","1,740","0.04","4","3.1","Public Water","Sewer - Public","Conventional","Individuals"
"1","2123375","826-65-95-08-500-000","CLOSD","12109 Winbolt CT","23836","Chesterfield","Single Family Residence","09/16/2021","$450,000","$450,000","11","Resale (occupied at least once)","2016","Mount Blanco","3,064","0.52","4","2.1","Public Water","Sewer - Public","Conventional","Individuals"
"1","2123371","755-747-4022","CLOSD","8411 Zell LN","23229","Henrico","Single Family Residence","09/16/2021","$295,000","$333,000","8","Resale (occupied at least once)","1960","Somerset","2,102","0.26","4","2.0","Public Water","Sewer - Public","Conventional","Individuals"
"1","2123199","777-67-86-22-800-000","CLOSD","5113 Bridgeside DR","23234","Chesterfield","Single Family Residence","09/16/2021","$250,000","$270,000","5","Resale (occupied at least once)","1984","Irongate","2,088","0.35","4","2.1","Public Water","Sewer - Public","Conventional","Individuals"
"1","2123188","757-746-4133","CLOSD","8106 Westbury DR","23229","Henrico","Single Family Residence","09/16/2021","$325,000","$383,000","7","Resale (occupied at least once)","1958","Michael Hills","1,512","0.41","3","2.0","Public Water","Sewer - Public","Conventional","Individuals"
"1","2122868","776-66-04-89-500-000","CLOSD","6112 Springwood RD","23237","Chesterfield","Single Family Residence","09/16/2021","$325,000","$350,000","8","Resale (occupied at least once)","1988","Salem Oaks","2,608","0.29","3","2.1","Public Water","Sewer - Public","Conventional","Individuals"
"1","2122716","E000-0162-039","CLOSD","209 N 19th ST Unit#13","23223","Richmond City","Condominium","09/16/2021","$189,900","$185,000","24","Resale (occupied at least once)","1908","Shockoe Valley Lofts","782","0.02","1","1.0","Public Water","Sewer - Public","Cash","Individuals"
"1","2122557","C005-0603-143","CLOSD","6705 N Grand Brook CIR","23225","Richmond City","Townhouse","09/16/2021","$220,000","$222,100","11","Resale (occupied at least once)","2006","Townes At Grand Oaks","1,414","0.04","3","2.1","Public Water","Sewer - Public","Conventional","Individuals"
"1","2122514","746-767-6012","CLOSD","4909 Sadler Glen CT","23060","Henrico","Single Family Residence","09/16/2021","$600,000","$590,000","15","Resale (occupied at least once)","2002","Sadler Glen","5,383","0.27","6","6.1","Public Water","Sewer - Public","Conventional","Individuals"
"1","2122405","759-767-4458","CLOSD","5116 Townsend Park ROW","23060","Henrico","Single Family Residence","09/16/2021","$569,000","$580,000","6","Resale (occupied at least once)","2013","Townsend","3,608","0.24","6","5.0","Public Water","Sewer - Public","Conventional","Individuals"
"1","2122350","789-64-41-05-600-000","CLOSD","4613 Wraywood AVE","23831","Chesterfield","Single Family Residence","09/16/2021","$305,000","$321,000","7","Resale (occupied at least once)","1972","Preston Place","2,474","0.42","4","2.1","Public Water","Septic - Conventional","VA New","Individuals"
"1","2121668","768-760-9151.105","CLOSD","9377 Manowar CT Unit#909","23060","Henrico","Condominium","09/16/2021","$165,000","$171,000","5","Resale (occupied at least once)","1988","Laurel Lakes Condo","956","22.49","2","2.0","Public Water","Sewer - Public","Conventional","Individuals"
"1","2121043","754-69-97-31-600-000","CLOSD","1257 Providence Knoll DR","23236","Chesterfield","Townhouse","09/16/2021","$315,000","$320,000","5","Resale (occupied at least once)","2005","Providence","1,975","0.13","4","3.0","Public Water","Sewer - Public","Conventional","Individuals"
"1","2120714","E000-0864-057","CLOSD","1711 N 27th ST","23223","Richmond City","Single Family Residence","09/16/2021","$189,999","$189,999","14","Resale (occupied at least once)","1968","Woodville","1,020","0.15","3","1.0","Public Water","Sewer - Public","FHA New","Individuals"
"1","2120140","721-68-51-48-100-000","CLOSD","3200 Sailview DR","23112","Chesterfield","Single Family Residence","09/16/2021","$579,950","$570,000","43","Resale (occupied at least once)","2007","Waterviews At The Reservoir","3,869","0.57","5","3.1","Public Water","Sewer - Public","Conventional","Individuals"
"1","2119824","769-764-0516","CLOSD","3102 Wilf CT","23060","Henrico","Single Family Residence","09/16/2021","$399,950","$400,000","7","Resale (occupied at least once)","1987","Tall Timbers","2,656","0.50","4","2.1","Public Water","Sewer - Public","Conventional","Individuals"
"1","2119809","764-766-7912","CLOSD","10502 Old Courtney RD","23060","Henrico","Single Family Residence","09/16/2021","$269,950","$269,950","8","Resale (occupied at least once)","1978","Courtney","1,615","0.44","3","1.1","Public Water","Sewer - Public","Conventional","Individuals"
"1","2119525","737-71-12-87-500-000","CLOSD","11834 Olde Coach DR","23113","Chesterfield","Single Family Residence","09/16/2021","$225,000","$215,000","11","Resale (occupied at least once)","1973","Olde Coach Village","2,236","0.37","5","3.0","Public Water","Sewer - Public","Cash","Individuals"
"1","2119485","861-702-3826","CLOSD","6518 Scandia Lake PL","23150","Henrico","Single Family Residence","09/16/2021","$329,950","$351,000","4","Resale (occupied at least once)","1988","Scandia Lake","2,296","","3","2.1","Public Water","Septic - Conventional","Conventional","Individuals"
"1","2119365","744-774-1190","CLOSD","10703 Gate House PL","23059","Henrico","Townhouse","09/16/2021","$370,000","$370,000","8","Resale (occupied at least once)","2003","Townes At Shady Grove","1,917","0.07","3","2.1","Public Water","Sewer - Public","Conventional","Individuals"
"1","2119253","029A-1B-6","CLOSD","2243 Lakeview DR","23139","Powhatan","Single Family Residence","09/16/2021","$225,900","$175,000","32","Resale (occupied at least once)","1976","Lake Shawnee","1,152","0.31","2","1.0","Other","Septic - Conventional","Conventional","Individuals"
"1","2119244","758-766-7707","CLOSD","9208 Timbers Edge CT","23060","Henrico","Single Family Residence","09/16/2021","$320,000","$340,000","2","Resale (occupied at least once)","1988","The Timbers","1,922","0.32","3","2.0","Public Water","Sewer - Public","FHA New","Individuals"
"1","2119115","768-776-1223","CLOSD","3307 Arbill TRCE","23059","Henrico","Single Family Residence","09/16/2021","$899,950","$950,000","7","Resale (occupied at least once)","2016","Swanson Mill Run","5,788","2.65","5","5.1","Public Water","Sewer - Public","Conventional","Individuals"
"1","2118191","756-62-44-15-500-000","CLOSD","10206 Hickory RD","23803","Chesterfield","Single Family Residence","09/16/2021","$239,900","$252,900","0","Resale (occupied at least once)","1956","None","1,232","13.00","3","1.1","Well","Septic - Conventional","Conventional","Individuals"
"1","2115728","7851-21-8578","CLOSD","14071 Deer Creek RD","23005","Hanover","Single Family Residence","09/16/2021","$389,500","$385,250","64","Resale (occupied at least once)","1979","None","2,322","6.30","3","2.0","Well","Septic - Conventional","Conventional","Individuals"
"1","2115103","028A3-1W-10B-A","CLOSD","2211 Mountain View RD","23139","Powhatan","Single Family Residence","09/16/2021","$235,000","$235,000","6","Resale (occupied at least once)","1980","None","1,134","2.00","3","2.0","Well","Septic - Conventional","FHA New","Individuals"
"1","2102338","004-8","CLOSD","5985 Cartersville RD","23139","Powhatan","Single Family Residence","09/16/2021","$299,000","$299,000","55","New (never occupied)","2021","None","1,500","2.00","3","2.0","Well","Septic - Conventional","Conventional","Corporate"
"1","2106120","7796-76-0413","CLOSD","9212 Fairfield Farm CT","23116","Hanover","Single Family Residence","09/17/2021","$457,995","$457,995","0","New (never occupied)","2021","Giles Farm","2,149","","3","2.1","Public Water","Sewer - Public","Conventional","Corporate"
"1","2122114","754-70-31-50-000-000","CLOSD","8904 Milbrae PL","23236","Chesterfield","Single Family Residence","09/17/2021","$315,000","$308,000","27","Resale (occupied at least once)","1975","Scottingham","2,114","0.45","4","2.1","Public Water","Sewer - Public","VA New","Other"
"1","2023086","707-68-44-02-400-000","CLOSD","4700 Singing Bird DR","23120","Chesterfield","Single Family Residence","09/17/2021","$489,900","$565,552","31","New (never occupied)","2020","Summer Lake","3,252","0.38","4","4.0","Public Water","Sewer - Public","Conventional","Corporate"
"1","2122075","739-69-06-35-500-000","CLOSD","2524 Brookforest RD","23112","Chesterfield","Single Family Residence","09/17/2021","$270,000","$275,000","5","Resale (occupied at least once)","1994","Clarendon","1,854","0.35","4","2.1","Public Water","Sewer - Public","Conventional","Individuals"
"1","2116493","8704-65-1585","CLOSD","8232 Elm DR","23111","Hanover","Single Family Residence","09/17/2021","$300,000","$300,000","65","Resale (occupied at least once)","1965","Mechanicsville Heights","1,705","0.40","3","2.0","Public Water","Sewer - Public","Conventional","Individuals"
"1","2114320","788-65-32-52-500-000","CLOSD","4507 Shop ST","23831","Chesterfield","Single Family Residence","09/17/2021","$259,500","$252,500","82","Resale (occupied at least once)","1920","Bruce Plan","2,124","0.45","3","1.0","Public Water","Sewer - Public","Conventional","Individuals"
"1","2124702","N017-0079-007","CLOSD","5013 W Seminary AVE","23227","Richmond City","Single Family Residence","09/17/2021","$325,000","$320,000","7","Resale (occupied at least once)","1947","North Ginter Park","1,280","0.20","4","1.0","Public Water","Sewer - Public","Conventional","Individuals"
"1","2101458","20B 1 19","CLOSD","3790 Robert Field LN","23141","New Kent","Single Family Residence","09/17/2021","$270,218","$270,218","0","New (never occupied)","2021","Kingsfield","1,608","","3","2.1","Well","Septic - Conventional","Conventional","Corporate"
"1","2124332","E011-0147-015","CLOSD","2017 Newman RD","23231","Richmond City","Single Family Residence","09/17/2021","$199,000","$203,000","7","Resale (occupied at least once)","1940","Montrose Heights","765","0.16","3","1.0","Public Water","Sewer - Public","VHDA ","Corporate"
"1","2107520","812649464600000","CLOSD","13818 Marsham RD","23836","Chesterfield","Single Family Residence","09/17/2021","$431,315","$431,315","0","New (never occupied)","2021","Ramblewood Estates","2,464","","3","2.1","Public Water","Sewer - Public","VA New","Corporate"
"1","2125209","824-725-8972","CLOSD","227 N Ivy AVE","23075","Henrico","Single Family Residence","09/17/2021","$212,000","$215,000","5","Resale (occupied at least once)","2016","Highland Springs","1,186","0.14","3","2.0","Public Water","Sewer - Public","FHA New","Individuals"
"1","2125880","763-743-9515","CLOSD","1507 Ethridge DR","23226","Henrico","Single Family Residence","09/17/2021","$250,000","$225,000","3","Resale (occupied at least once)","1950","Fort Hill","984","0.23","3","1.0","Public Water","Sewer - Public","Conventional","Individuals"
"1","2125311","E000-0614-021","CLOSD","1309 N 20th ST","23223","Richmond City","Single Family Residence","09/17/2021","$350,000","$350,000","4","Resale (occupied at least once)","1900","None","2,000","0.16","3","2.1","Public Water","Sewer - Public","Conventional","Individuals"
"1","2124139","735-750-5460","CLOSD","2101 Stonehollow RD","23238","Henrico","Single Family Residence","09/17/2021","$420,000","$415,000","9","Resale (occupied at least once)","1988","Stonequarter","2,376","0.25","5","2.1","Public Water","Sewer - Public","Conventional","Individuals"
"1","2123347","817-689-2454","CLOSD","7739 Lampworth CT","23231","Henrico","Single Family Residence","09/17/2021","$325,000","$318,000","5","Resale (occupied at least once)","1980","Varina Meadows","1,908","1.03","4","2.1","Well","Septic - Conventional","Conventional","Individuals"
"1","2123256","8714-31-9967","CLOSD","7103 Bruce Academy CT","23111","Hanover","Single Family Residence","09/17/2021","$245,950","$250,000","13","Resale (occupied at least once)","1989","Bruce Estates","1,387","0.32","3","2.0","Public Water","Sewer - Public","FHA New","Individuals"
"1","2123135","756-68-45-28-700-000","CLOSD","4610 Landing CIR","23236","Chesterfield","Single Family Residence","09/17/2021","$284,950","$282,000","13","Resale (occupied at least once)","1987","Fernbrook","1,980","0.51","4","2.1","Public Water","Sewer - Public","Conventional","Individuals"
"1","2122410","796-63-69-80-900-000","CLOSD","15711 Gary AVE","23831","Chesterfield","Single Family Residence","09/17/2021","$225,000","$235,000","10","Resale (occupied at least once)","1979","Ivey Acres","1,248","0.54","3","1.1","Public Water","Sewer - Public","VA Assumption","Individuals"
"1","2122356","16-1-0-53-B","CLOSD","3135 Lowry RD","23038","Goochland","Single Family Residence","09/17/2021","$225,000","$232,000","2","Resale (occupied at least once)","2002","None","1,092","3.00","3","2.0","Well","Septic - Conventional","VHDA/FHA","Individuals"
"1","2117698","756-745-2050","CLOSD","8600 Hanford DR","23229","Henrico","Single Family Residence","09/17/2021","$379,900","$379,900","41","Resale (occupied at least once)","1958","Westbury Estates","2,412","0.44","4","2.1","Public Water","Sewer - Public","FHA New","Other"
"1","2117697","749-70-03-77-000-000","CLOSD","539 Kendrick CT","23236","Chesterfield","Single Family Residence","09/17/2021","$275,000","$280,000","11","Resale (occupied at least once)","1978","The Colony","1,656","0.33","3","2.1","Public Water","Sewer - Public","FHA New","Individuals"
"1","2035659","709-68-27-42-000-000","CLOSD","16631 Cabrio PL","23120","Chesterfield","Single Family Residence","09/17/2021","$427,950","$502,279","0","New (never occupied)","2020","Westerleigh","3,610","","4","3.1","Public Water","Sewer - Public","Conventional","Corporate"
"1","2122940","734-69-62-49-600-000","CLOSD","12702 Ashbrook Landing CT","23114","Chesterfield","Single Family Residence","09/17/2021","$314,950","$319,500","12","Resale (occupied at least once)","1985","Ashbrook Landing","2,128","0.36","5","2.1","Public Water","Sewer - Public","Conventional","Individuals"
"1","2100366","829-720-9151","CLOSD","1644 Meadow RD","23150","Henrico","Single Family Residence","09/17/2021","$264,490","$272,500","9","New (never occupied)","2021","None","1,803","1.40","4","2.1","Well","Septic - Conventional","Conventional","Corporate"
"1","2105437","700674692100000","CLOSD","18212 Sagamore DR","23120","Chesterfield","Single Family Residence","09/17/2021","$655,119","$656,919","32","New (never occupied)","2021","Magnolia Green","4,469","","4","4.1","Public Water","Sewer - Public","Conventional","Corporate"
"1","2120104","795-62-01-09-000-000","CLOSD","18808 Brevard DR","23834","Chesterfield","Single Family Residence","09/17/2021","$200,000","$200,000","23","Resale (occupied at least once)","1987","Brevard","1,296","0.24","3","2.0","Public Water","Sewer - Public","VA New","Individuals"
"1","2124174","735-757-7022","CLOSD","11904 Rutgers DR","23233","Henrico","Single Family Residence","09/17/2021","$359,900","$383,000","2","Resale (occupied at least once)","1989","Glen Gary","2,116","0.19","4","2.1","Public Water","Sewer - Public","Conventional","Individuals"
"1","2122937","778-66-11-36-300-000","CLOSD","5807 Centralia RD","23237","Chesterfield","Single Family Residence","09/17/2021","$239,000","$239,000","4","Resale (occupied at least once)","1996","None","1,300","1.00","3","2.0","Well","Septic - Conventional","FHA New","Individuals"
"1","2102415","786675401900000","CLOSD","3104 Sterling Brook DR Unit#ID-B","23237","Chesterfield","Townhouse","09/17/2021","$297,685","$297,685","36","New (never occupied)","2021","Silverleaf","1,939","","3","2.1","Public Water","Sewer - Public","FHA New","Corporate"
"1","2036434","804-736-1996","CLOSD","2800 Mary Alice LN Unit#Q-E","23223","Henrico","Townhouse","09/17/2021","$282,615","$282,615","0","New (never occupied)","2021","Grove Point","1,577","","3","2.1","Public Water","Sewer - Public","FHA New","Corporate"
"1","2122306","8755-79-6884","CLOSD","8905 Ingleside Farm LN","23111","Hanover","Single Family Residence","09/17/2021","$424,900","$435,000","8","Resale (occupied at least once)","1999","Ingleside Farm","2,965","3.29","4","2.1","Well","Septic - Conventional","Conventional","Individuals"
"1","2123276","751-766-3547.091","CLOSD","4621 Four Seasons TER Unit#A","23060","Henrico","Condominium","09/17/2021","$222,500","$222,500","18","Resale (occupied at least once)","1987","Four Seasons Condo","1,110","14.11","2","2.0","Public Water","Sewer - Public","Conventional","Individuals"
"1","2100447","7797-70-5918","CLOSD","10104 Peach Blossom RD","23116","Hanover","Single Family Residence","09/17/2021","$523,510","$578,145","3","New (never occupied)","2021","Honey Meadows","2,583","","3","2.1","Public Water","Sewer - Public","Conventional","Corporate"
"1","2124242","768-762-4743","CLOSD","10016 Bush LN","23060","Henrico","Single Family Residence","09/17/2021","$325,000","$325,000","19","Resale (occupied at least once)","1986","Laurel Lakes","1,764","0.26","3","2.1","Public Water","Sewer - Public","Conventional","Individuals"
"1","2127540","S000-1016-001","CLOSD","2806 Riverside DR","23225","Richmond City","Single Family Residence","09/17/2021","$489,900","$500,000","3","Resale (occupied at least once)","1922","Woodland Heights","2,384","0.74","3","2.1","Public Water","Sewer - Public","Cash","Individuals"
"1","2127113","N000-1380-003","CLOSD","914 Young ST","23222","Richmond City","Single Family Residence","09/17/2021","$199,000","$199,000","0","Resale (occupied at least once)","1928","Walnut Hill","2,000","0.18","4","1.1","Public Water","Sewer - Public","Cash","Individuals"
"1","2126995","C007-0282-004","CLOSD","906 Pierpont RD","23225","Richmond City","Single Family Residence","09/17/2021","$199,950","$214,000","2","Resale (occupied at least once)","1956","Worthington Farms","1,450","0.29","3","1.1","Public Water","Sewer - Public","Cash","Individuals"
"1","2125636","806-708-4498","CLOSD","1801 Louisa ST","23231","Henrico","Single Family Residence","09/17/2021","$64,000","$55,000","8","Resale (occupied at least once)","1947","None","719","0.51","2","1.0","Public Water","Sewer - Public","Cash","Individuals"
"1","2125588","758-69-00-90-400-000","CLOSD","3709 Tanbark RD","23235","Chesterfield","Single Family Residence","09/17/2021","$299,950","$300,000","7","Resale (occupied at least once)","1968","Longwood Acres","2,916","0.78","4","2.1","Public Water","Septic - Conventional","Conventional","Individuals"
"1","2125534","8725-02-2359","CLOSD","8126 Solitude LN","23111","Hanover","Single Family Residence","09/17/2021","$399,000","$425,000","7","Resale (occupied at least once)","1985","Cypresstree","2,451","2.29","4","2.1","Public Water","Septic - Conventional","Conventional","Individuals"
"1","2125451","769-69-35-77-500-000","CLOSD","6423 Sexton DR","23224","Chesterfield","Townhouse","09/17/2021","$189,000","$189,000","9","Resale (occupied at least once)","2006","Ashley Village","1,306","0.04","3","2.1","Public Water","Sewer - Public","Conventional","Individuals"
"1","2125351","741-69-20-93-400-000","CLOSD","2019 Chesbay CT","23236","Chesterfield","Single Family Residence","09/17/2021","$260,000","$271,000","4","Resale (occupied at least once)","2000","Providence Creek","1,884","0.23","4","2.1","Public Water","Sewer - Public","FHA New","Individuals"
"1","2125336","790-64-43-17-500-000","CLOSD","4404 Stoney Creek","23831","Chesterfield","Single Family Residence","09/17/2021","$330,000","$351,263","4","Resale (occupied at least once)","1994","Stoney Glen","2,271","0.42","4","2.1","Public Water","Sewer - Public","VA New","Individuals"
"1","2125282","8725-07-9588","CLOSD","6483 Midday LN","23111","Hanover","Single Family Residence","09/17/2021","$319,950","$325,000","5","Resale (occupied at least once)","2002","Legacy Park","1,676","0.13","2","2.0","Public Water","Sewer - Public","Conventional","Individuals"
"1","2125238","768-68-21-23-500-000","CLOSD","5772 S Jessup RD","23832","Chesterfield","Single Family Residence","09/17/2021","$305,000","$310,000","4","Resale (occupied at least once)","2006","Kings Grove","2,039","0.24","4","2.1","Public Water","Sewer - Public","Cash","Individuals"
"1","2125058","776-67-83-76-000-000","CLOSD","5511 Koufax DR","23234","Chesterfield","Single Family Residence","09/17/2021","$184,300","$195,000","12","Resale (occupied at least once)","1989","Stonebridge","1,620","0.25","3","2.1","Public Water","Sewer - Public","Cash","Corporate, REO"
"1","2124913","C008-0375-062","CLOSD","2119 Clearfield ST","23224","Richmond City","Single Family Residence","09/17/2021","$230,000","$232,000","4","Resale (occupied at least once)","1955","Woodberry","1,096","0.24","3","2.0","Public Water","Sewer - Public","FHA New","Individuals"
"1","2124852","755-761-5389","CLOSD","4536 Spring Moss CIR","23060","Henrico","Townhouse","09/17/2021","$324,950","$341,000","3","Resale (occupied at least once)","2004","The Townes At Meredith Creek","2,106","0.06","3","2.1","Public Water","Sewer - Public","Conventional","Individuals"
"1","2124851","829-714-0868","CLOSD","301 Green Hollow LN","23150","Henrico","Single Family Residence","09/17/2021","$269,900","$277,000","5","Resale (occupied at least once)","2002","Hunters Run","1,718","0.27","3","2.1","Public Water","Sewer - Public","Conventional","Individuals"
"1","2124820","7797-62-6311","CLOSD","10120 Ashley Manor LN","23116","Hanover","Single Family Residence","09/17/2021","$400,000","$412,500","6","Resale (occupied at least once)","1995","Ivy Banks","2,660","0.27","4","2.1","Public Water","Sewer - Public","Conventional","Individuals"
"1","2124795","799-708-8828","CLOSD","5908 Long ST","23231","Henrico","Single Family Residence","09/17/2021","$229,950","$241,000","6","Resale (occupied at least once)","1980","None","1,196","0.73","4","1.1","Public Water","Sewer - Public","Conventional","Individuals"
"1","2124777","757-758-4570","CLOSD","9312 Huron AVE","23294","Henrico","Single Family Residence","09/17/2021","$199,950","$220,000","2","Resale (occupied at least once)","1964","Huntington","1,036","0.27","3","1.0","Public Water","Sewer - Public","Cash","Individuals"
"1","2124757","747-68-29-18-800-000","CLOSD","10617 Braden Parke DR Unit#10617","23832","Chesterfield","Townhouse","09/17/2021","$315,000","$346,500","7","Resale (occupied at least once)","2019","Braden Townes","1,856","0.10","3","2.1","Public Water","Sewer - Public","Cash","Individuals"
"1","2124704","8706-90-1466","CLOSD","9026 Triple TRL","23116","Hanover","Single Family Residence","09/17/2021","$375,000","$382,500","4","Resale (occupied at least once)","1986","None","2,320","1.87","3","2.0","Well","Septic - Conventional","Conventional","Estate"
"1","2124685","719-67-73-18-800-000","CLOSD","5707 Sandstone Ridge TER","23112","Chesterfield","Single Family Residence","09/17/2021","$374,950","$374,950","14","Resale (occupied at least once)","1990","Woodlake","2,431","0.25","4","2.1","Public Water","Sewer - Public","Conventional","Individuals"
"1","2124684","757-68-64-30-500-000","CLOSD","8604 Boones Bluff MEWS","23832","Chesterfield","Single Family Residence","09/17/2021","$239,950","$245,000","5","Resale (occupied at least once)","1994","Cabin Creek West","1,200","0.81","3","2.0","Public Water","Community - Sewer/Septic","Conventional","Individuals"
"1","2124669","807-64-77-22-400-000","CLOSD","14008 Howlett Line DR","23834","Chesterfield","Single Family Residence","09/17/2021","$355,500","$360,000","3","Resale (occupied at least once)","1988","Walthall Creek","2,204","1.52","4","2.1","Public Water","Septic - Conventional","Conventional","Individuals"
"1","2124657","831-716-5985","CLOSD","2125 Creekdale CT","23150","Henrico","Single Family Residence","09/17/2021","$274,950","$282,000","7","Resale (occupied at least once)","2002","Pine Creek","1,943","0.26","3","2.1","Public Water","Sewer - Public","Conventional","Individuals"
"1","2124625","W000-1704-039","CLOSD","301 N Hamilton ST Unit#UJ","23221","Richmond City","Condominium","09/17/2021","$238,000","$265,500","7","Resale (occupied at least once)","1962","Mount Vernon Condominiums","828","0.02","2","1.1","Public Water","Sewer - Public","Cash","Individuals"
"1","2124606","743-70-02-97-200-000","CLOSD","11005 May Apple TER","23236","Chesterfield","Single Family Residence","09/17/2021","$349,000","$355,000","7","Resale (occupied at least once)","1983","Smoketree","2,230","0.45","6","3.0","Public Water","Sewer - Public","FHA New","Individuals"
"1","2124584","797-64-55-02-800-000","CLOSD","2736 Knobbly CT","23831","Chesterfield","Single Family Residence","09/17/2021","$239,000","$265,000","2","Resale (occupied at least once)","2001","Kentwood Forest","1,400","0.27","3","2.0","Public Water","Sewer - Public","Conventional","Individuals"
"1","2124577","C005-0727-030","CLOSD","5225 Reedy AVE","23225","Richmond City","Single Family Residence","09/17/2021","$415,000","$426,000","7","Resale (occupied at least once)","1949","Forest View Heights","2,268","0.34","4","3.0","Public Water","Sewer - Public","Conventional","Individuals"
"1","2124556","769-69-60-83-500-000","CLOSD","2617 Twain LN","23224","Chesterfield","Single Family Residence","09/17/2021","$242,000","$264,000","3","Resale (occupied at least once)","1965","Marlboro","2,430","0.29","6","2.1","Public Water","Sewer - Public","Conventional","Individuals"
"1","2124389","7798-61-4572","CLOSD","9177 Hunters Chase CT","23116","Hanover","Single Family Residence","09/17/2021","$409,950","$436,000","5","Resale (occupied at least once)","1991","Fox Head","3,105","0.40","5","3.1","Public Water","Sewer - Public","Conventional","Individuals"
"1","2124318","C006-0229-002","CLOSD","1008 Welton AVE","23224","Richmond City","Single Family Residence","09/17/2021","$180,000","$180,000","2","Resale (occupied at least once)","1947","Woodstock","1,575","0.25","3","2.1","Public Water","Sewer - Public","Conventional","Corporate"
"1","2124298","S005-3304-017","CLOSD","714 Forest View DR","23225","Richmond City","Single Family Residence","09/17/2021","$199,900","$200,000","7","Resale (occupied at least once)","1947","None","816","0.13","2","1.0","Public Water","Sewer - Public","Conventional","Individuals"
"1","2124231","732-756-6897","CLOSD","2900 Port View CT","23233","Henrico","Townhouse","09/17/2021","$275,000","$285,000","3","Resale (occupied at least once)","1995","Bay Cove","1,788","0.06","3","2.1","Public Water","Sewer - Public","Conventional","Individuals"
"1","2124218","741-745-3356","CLOSD","1621 Westcastle DR","23238","Henrico","Single Family Residence","09/17/2021","$425,000","$390,000","48","Resale (occupied at least once)","1969","Canterbury","2,820","0.43","4","2.1","Public Water","Sewer - Public","Cash","Individuals"
"1","2124115","C007-0379-016","CLOSD","1400 Stansbury AVE","23225","Richmond City","Single Family Residence","09/17/2021","$129,000","$170,000","3","Resale (occupied at least once)","1956","Derwent","864","0.31","3","1.1","Public Water","Sewer - Public","FHA New","Individuals"
"1","2124098","793-65-93-69-900-000","CLOSD","11305 Ludgate PL","23831","Chesterfield","Single Family Residence","09/17/2021","$264,900","$280,000","5","Resale (occupied at least once)","1999","Summit Point","1,404","0.47","3","2.0","Public Water","Sewer - Public","Other","Individuals"
"1","2124019","7796-83-4267","CLOSD","9082 Jeans Grove LN","23116","Hanover","Single Family Residence","09/17/2021","$354,950","$358,000","9","Resale (occupied at least once)","1993","Craney Island Farms","2,424","0.22","4","2.1","Public Water","Sewer - Public","VA New","Individuals"
"1","2124005","788-64-89-58-400-000","CLOSD","13310 Lora Lynn RD","23831","Chesterfield","Single Family Residence","09/17/2021","$310,000","$315,000","4","Resale (occupied at least once)","2000","Lora Lynn Heights","1,864","0.47","3","2.1","Public Water","Septic - Conventional","Conventional","Individuals"
"1","2123981","728-66-22-67-200-000","CLOSD","9606 Brading LN","23112","Chesterfield","Single Family Residence","09/17/2021","$430,000","$440,000","1","Resale (occupied at least once)","2005","Collington","3,260","0.22","5","2.1","Public Water","Sewer - Public","Conventional","Individuals"
"1","2123923","N000-0119-036","CLOSD","101 W Marshall ST Unit#U23","23220","Richmond City","Condominium","09/17/2021","$230,000","$230,000","6","Resale (occupied at least once)","1925","None","854","0.02","2","1.0","Public Water","Sewer - Public","Conventional","Individuals"
"1","2123900","813-64-97-96-400-000","CLOSD","13412 Warwick Longbay DR","23836","Chesterfield","Single Family Residence","09/17/2021","$529,900","$535,000","3","Resale (occupied at least once)","2010","Ramblewood Forest","4,487","0.36","6","3.1","Public Water","Sewer - Public","VA New","Individuals"
"1","2123886","807-65-00-20-700-000","CLOSD","13601 Ramblewood DR","23836","Chesterfield","Single Family Residence","09/17/2021","$239,000","$252,000","3","Resale (occupied at least once)","1988","None","1,344","0.72","3","2.0","Public Water","Septic - Conventional","Conventional","Individuals"
"1","2123875","770-68-77-95-000-000","CLOSD","4851 Turner RD","23234","Chesterfield","Single Family Residence","09/17/2021","$389,900","$415,000","1","Resale (occupied at least once)","1976","None","2,026","4.56","3","2.0","Public Water","Septic - Conventional","Conventional","Individuals"
"1","2123867","771-67-81-81-100-000","CLOSD","6146 Bowline LN","23234","Chesterfield","Townhouse","09/17/2021","$269,950","$275,000","3","Resale (occupied at least once)","2019","Watermark","1,840","0.07","3","2.1","Public Water","Sewer - Public","VHDA/FHA","Individuals"
"1","2123827","7812-90-9129","CLOSD","15024 Bethany Church RD","23192","Hanover","Single Family Residence","09/17/2021","$180,000","$175,000","3","Resale (occupied at least once)","2001","None","1,296","1.44","3","2.0","Well","Septic - Conventional","Conventional","Individuals"
"1","2123760","W000-1249-055","CLOSD","2814 Kensington AVE Unit#U12","23112","Richmond City","Condominium","09/17/2021","$207,500","$201,000","26","Resale (occupied at least once)","1927","None","724","","1","1.0","Public Water","Sewer - Public","Cash","Individuals"
"1","2123717","744-65-96-86-800-000","CLOSD","10205 Cloverfield CIR","23832","Chesterfield","Single Family Residence","09/17/2021","$239,900","$255,000","5","Resale (occupied at least once)","1983","Spring Run","1,296","0.73","4","2.0","Well","Septic - Conventional","FHA New","Individuals"
"1","2123716","N000-0490-006","CLOSD","2207 Barton AVE","23222","Richmond City","Single Family Residence","09/17/2021","$299,900","$310,000","10","Resale (occupied at least once)","2002","Barton Heights","1,684","0.13","3","2.0","Public Water","Sewer - Public","Conventional","Individuals"
"1","2123634","781-66-64-90-300-000","CLOSD","5241 Plum ST","23237","Chesterfield","Single Family Residence","09/17/2021","$209,000","$216,000","3","Resale (occupied at least once)","1983","Sunbury One","1,092","0.26","3","1.1","Public Water","Sewer - Public","FHA New","Individuals"
"1","2123572","782-66-57-91-900-000","CLOSD","9518 Bent Wood LN","23237","Chesterfield","Single Family Residence","09/17/2021","$249,900","$269,900","7","Resale (occupied at least once)","1978","Lost Forest","1,738","0.43","4","2.0","Public Water","Sewer - Public","Conventional","Individuals"
"1","2123559","7837-03-5304","CLOSD","15411 Beaver Den LN","23015","Hanover","Single Family Residence","09/17/2021","$504,950","$504,950","6","Resale (occupied at least once)","2005","Anderson Mill","3,306","10.22","4","2.1","Well","Septic - Conventional","Conventional","Individuals"
"1","2123517","735-753-8664","CLOSD","2817 Church Creek PL","23233","Henrico","Single Family Residence","09/17/2021","$329,950","$365,000","5","Resale (occupied at least once)","1989","Ashley Glen","1,631","0.18","4","2.0","Public Water","Sewer - Public","Conventional","Individuals"
"1","2123489","763-68-91-43-500-000","CLOSD","4119 Litchfield DR","23832","Chesterfield","Single Family Residence","09/17/2021","$299,950","$320,200","4","Resale (occupied at least once)","1980","Creekwood","1,940","0.43","4","2.1","Public Water","Sewer - Public","Conventional","Individuals"
"1","2123408","746-744-7461","CLOSD","1305 Wembly RD","23229","Henrico","Single Family Residence","09/17/2021","$309,500","$309,500","14","Resale (occupied at least once)","1959","Farmington","1,705","0.21","4","2.0","Public Water","Sewer - Public","Cash","Individuals"
"1","2123282","W000-1519-004","CLOSD","3329 W Franklin ST","23221","Richmond City","Single Family Residence","09/17/2021","$599,000","$600,000","16","Resale (occupied at least once)","1926","None","3,129","0.08","3","3.1","Public Water","Sewer - Public","Conventional","Individuals"
"1","2123261","827-716-9367","CLOSD","111 E Union ST","23150","Henrico","Single Family Residence","09/17/2021","$180,000","$186,000","7","Resale (occupied at least once)","1941","Sandston","1,142","0.29","3","1.0","Public Water","Sewer - Public","Conventional","Individuals"
"1","2123255","737-67-06-66-800-000","CLOSD","12442 Bay Knolls TRL","23112","Chesterfield","Single Family Residence","09/17/2021","$319,000","$365,000","2","Resale (occupied at least once)","1995","Bayhill Pointe","2,146","0.41","4","2.1","Public Water","Sewer - Public","FHA New","Individuals"
"1","2123167","743-768-8751","CLOSD","11605 Hearthstone DR","23059","Henrico","Single Family Residence","09/17/2021","$620,000","$660,000","5","Resale (occupied at least once)","2002","Hearthstone At Twin Hickory","3,978","0.29","5","4.1","Public Water","Sewer - Public","Conventional","Individuals"
"1","2122871","761-748-8616","CLOSD","2301 Pathfinder CT","23294","Henrico","Single Family Residence","09/17/2021","$270,000","$260,000","7","Resale (occupied at least once)","1985","Thousand Oaks","1,550","0.55","3","2.0","Public Water","Sewer - Public","Conventional","Individuals"
"1","2122772","S000-1226-001","CLOSD","2916 Midlothian TPKE","23224","Richmond City","Single Family Residence","09/17/2021","$320,000","$320,000","12","Resale (occupied at least once)","1930","None","2,300","0.10","3","2.1","Public Water","Sewer - Public","Conventional","Individuals"
"1","2122754","779-67-93-11-200-000","CLOSD","4615 Mason Dale TER","23234","Chesterfield","Single Family Residence","09/17/2021","$215,000","$215,000","6","Resale (occupied at least once)","1989","Mason Woods","1,300","0.25","3","2.0","Public Water","Sewer - Public","FHA New","Individuals"
"1","2122720","046-8E","CLOSD","1193 Flippen RD","23139","Powhatan","Single Family Residence","09/17/2021","$285,000","$286,000","7","New (never occupied)","2021","None","1,464","5.50","3","2.0","Well","Septic - Conventional","Conventional","Corporate"
"1","2122483","761-765-1393","CLOSD","4924 Topping LN","23060","Henrico","Single Family Residence","09/17/2021","$439,950","$460,000","6","Resale (occupied at least once)","2003","Oaks At Crossridge","2,559","0.43","3","2.0","Public Water","Sewer - Public","Conventional","Individuals"
"1","2122433","819-65-30-82-200-000","CLOSD","601 Fulcher LN","23836","Chesterfield","Single Family Residence","09/17/2021","$284,950","$290,000","7","Resale (occupied at least once)","1965","Woodvale","1,920","0.51","4","2.0","Public Water","Septic - Conventional","Conventional","Individuals"
"1","2122362","042-32C and 042-32","CLOSD","1937 Boyer RD","23139","Powhatan","Single Family Residence","09/17/2021","$590,000","$600,000","1","Resale (occupied at least once)","1799","None","3,590","25.35","3","3.0","Well","Septic - Conventional","Conventional","Estate"
"1","2122225","E000-0574-034","CLOSD","519 N 29th ST","23223","Richmond City","Single Family Residence","09/17/2021","$350,000","$350,000","5","Resale (occupied at least once)","2014","None","1,504","0.06","3","2.1","Public Water","Sewer - Public","Conventional","Individuals"
"1","2122191","762-774-5118.122","CLOSD","503 Siena LN","23059","Henrico","Townhouse","09/17/2021","$389,000","$413,000","7","Resale (occupied at least once)","2012","The Villas At Hunton Park","3,048","0.07","3","2.2","Public Water","Sewer - Public","Conventional","Individuals"
"1","2121833","731-65-41-92-700-000","CLOSD","13354 Walke Pointe WAY","23832","Chesterfield","Single Family Residence","09/17/2021","$385,000","$395,000","6","Resale (occupied at least once)","1995","Brandy Oaks Estates","2,670","1.57","4","2.1","Public Water","Septic - Conventional","FHA New","Individuals"
"1","2121827","738-779-1290","CLOSD","12476 Grace Hill LN","23059","Henrico","Single Family Residence","09/17/2021","$425,000","$417,000","10","Resale (occupied at least once)","1996","Maybrook At Wyndham","1,993","0.20","4","2.1","Public Water","Sewer - Public","Conventional","Individuals"
"1","2121703","7796-69-0975","CLOSD","9600 Atlee Station RD","23116","Hanover","Single Family Residence","09/17/2021","$269,000","$255,000","25","Resale (occupied at least once)","1950","None","1,846","1.99","2","1.0","Public Water","Septic - Conventional","Conventional","Individuals, Other"
"1","2121524","855-712-2875","CLOSD","4720 Old Williamsburg RD","23150","Henrico","Single Family Residence","09/17/2021","$220,000","$225,000","5","Resale (occupied at least once)","2002","Chickahominy Hills","1,404","0.25","3","2.0","Well","Septic - Conventional","FHA New","Individuals"
"1","2121434","758-759-9037","CLOSD","9210 Chumley LN","23294","Henrico","Single Family Residence","09/17/2021","$294,950","$294,950","7","Resale (occupied at least once)","1968","West End Manor","1,774","0.27","4","2.0","Public Water","Sewer - Public","Conventional","Individuals"
"1","2121263","7841-23-1774","CLOSD","14178 Pumpkin Patch DR","23192","Hanover","Single Family Residence","09/17/2021","$389,950","$390,000","6","Resale (occupied at least once)","1991","The Hollows","3,203","3.37","5","3.1","Well","Septic - Conventional","Conventional","Individuals"
"1","2120838","720-67-67-33-400-000","CLOSD","14601 Mill Spring CIR","23112","Chesterfield","Single Family Residence","09/17/2021","$245,000","$250,000","21","Resale (occupied at least once)","1985","Woodlake","1,508","0.17","3","2.1","Public Water","Sewer - Public","Cash","Individuals"
"1","2120681","764-757-1155.025","CLOSD","7741 Flannagan CT Unit#205","23228","Henrico","Condominium","09/17/2021","$159,000","$160,000","5","Resale (occupied at least once)","1989","Shannon Green Condo","920","0.02","2","2.0","Public Water","Sewer - Public","FHA New","Individuals"
"1","2120251","769-761-9333","CLOSD","9546 Sara Beth CIR","23060","Henrico","Townhouse","09/17/2021","$185,000","$185,000","13","Resale (occupied at least once)","1992","Laurel Lakes Ths","1,180","0.04","2","2.1","Public Water","Sewer - Public","FHA New","Individuals"
"1","2120222","W000-0944-042","CLOSD","14 N Rowland ST","23220","Richmond City","Single Family Residence","09/17/2021","$525,000","$475,000","31","Resale (occupied at least once)","1911","None","2,666","0.06","3","2.1","Public Water","Sewer - Public","Cash","Individuals"
"1","2120007","813-65-16-53-400-000","CLOSD","13218 Silverdust LN","23836","Chesterfield","Single Family Residence","09/17/2021","$389,000","$377,000","10","Resale (occupied at least once)","2006","Cypress Woods","2,807","0.28","4","2.1","Public Water","Sewer - Public","Conventional","Individuals"
"1","2119823","759-749-7284","CLOSD","2404 Marroit RD","23229","Henrico","Single Family Residence","09/17/2021","$249,900","$250,000","8","Resale (occupied at least once)","1956","Cavalier Park","1,213","0.32","3","2.0","Public Water","Sewer - Public","VHDA ","Individuals"
"1","2119083","721-67-52-12-800-000","CLOSD","14601 Duck Cove CT","23112","Chesterfield","Single Family Residence","09/17/2021","$299,950","$342,945","9","Resale (occupied at least once)","1985","Duck Cove","1,825","0.27","4","2.1","Public Water","Sewer - Public","Cash","Individuals"
"1","2118907","19G1 4 2  10","CLOSD","7556 S Franklins WAY","23141","New Kent","Single Family Residence","09/17/2021","$345,000","$345,000","6","Resale (occupied at least once)","2013","Patriots Landing","2,267","0.18","4","3.0","Public Water","Sewer - Public","FHA New","Individuals"
"1","2118407","W000-0166-009","CLOSD","805 Spring ST","23220","Richmond City","Single Family Residence","09/17/2021","$309,995","$300,500","55","Resale (occupied at least once)","1999","None","1,452","0.04","3","1.1","Public Water","Sewer - Public","Conventional","Individuals"
"1","2118385","815-65-79-84-400-000","CLOSD","12361 Villas DR","23836","Chesterfield","Single Family Residence","09/17/2021","$340,000","$315,000","48","Resale (occupied at least once)","2001","Rivers Bend","2,229","0.15","2","2.1","Public Water","Sewer - Public","Conventional","Estate"
"1","2115701","756-735-8377.053","CLOSD","300 N Ridge RD Unit#53","23229","Henrico","Condominium","09/17/2021","$449,900","$466,000","6","Resale (occupied at least once)","1976","Westham Green Condo","1,799","0.05","2","3.0","Public Water","Sewer - Public","Conventional","Individuals"
"1","2115546","773-69-15-38-800-000","CLOSD","4201 Sherman RD","23234","Chesterfield","Single Family Residence","09/17/2021","$189,000","$170,000","2","Resale (occupied at least once)","1959","Wilkinson Terrace","1,385","0.55","3","1.1","Public Water","Sewer - Public","Cash","Individuals"
"1","2115035","763-759-0351","CLOSD","4207 Switchgrass CT","23060","Henrico","Single Family Residence","09/17/2021","$285,000","$292,000","8","Resale (occupied at least once)","1998","St James Place","1,858","0.27","4","2.1","Public Water","Sewer - Public","Conventional","Individuals"
"1","2113663","808-715-0254","CLOSD","4629 Raspberry Patch LN","23231","Henrico","Single Family Residence","09/17/2021","$225,000","$220,000","3","Resale (occupied at least once)","2012","Virginia Farms","1,056","0.49","3","2.0","Public Water","Sewer - Public","FHA New","Corporate"
"1","2112159","64-28-F-12-0","CLOSD","163 Buttonbush","23238","Goochland","Single Family Residence","09/17/2021","$779,000","$740,000","105","Resale (occupied at least once)","2013","West Oak","3,749","0.43","4","3.1","Public Water","Sewer - Public","Conventional","Individuals"
"1","2108437","7796-69-6194","CLOSD","10112 Hollythorne LN","23116","Hanover","Single Family Residence","09/17/2021","$611,443","$611,443","7","New (never occupied)","2021","Taylor Farm","3,274","0.21","4","2.1","Public Water","Sewer - Public","Conventional","Corporate"
"1","2105900","733-65-92-21-200-000","CLOSD","10261 N Donegal RD","23832","Chesterfield","Single Family Residence","09/17/2021","$239,900","$247,000","5","Resale (occupied at least once)","1988","Donegal Glen","1,342","0.83","4","2.0","Well","Septic - Conventional","Conventional","Individuals"
"1","2101264","7796-69-7681","CLOSD","9749 Honeybee DR","23116","Hanover","Single Family Residence","09/17/2021","$555,585","$591,085","5","New (never occupied)","2021","Taylor Farm","3,490","","4","3.1","Public Water","Sewer - Public","Conventional","Corporate"
"1","2032057","TBD","CLOSD","12480 Donahue RD","23059","Henrico","Single Family Residence","09/17/2021","$628,955","$686,619","56","New (never occupied)","2020","Dominion Park At Wyndham","2,700","","4","3.1","Public Water","Sewer - Public","Cash","Corporate"
"1","2031896","7779-47-4916","CLOSD","12308 Kilbourne Hill DR","23005","Hanover","Single Family Residence","09/17/2021","$547,662","$560,694","0","New (never occupied)","2020","Lankfords Crossing","2,572","0.66","4","2.1","Public Water","Sewer - Public","Conventional","Corporate"
"1","2029477","7890-75-1101","CLOSD","13109 La Reine CT","23005","Hanover","Single Family Residence","09/17/2021","$584,845","$599,355","3","New (never occupied)","2020","Hickory Hill","3,500","1.10","5","4.1","Well","Septic - Conventional","Conventional","Corporate"
"1","2025329","008-39B","CLOSD","3605 Bolling RD","23139","Powhatan","Single Family Residence","09/17/2021","$450,000","$425,000","195","Resale (occupied at least once)","1974","None","640","62.11","2","1.0","Well","Septic - Conventional","Conventional","Individuals"
"1","2124886","788-64-81-68-900-000","CLOSD","4601 Crossgate RD","23831","Chesterfield","Single Family Residence","09/20/2021","$310,000","$320,000","7","Resale (occupied at least once)","2000","Lora Lynn Heights","2,090","0.99","3","2.1","Public Water","Septic - Conventional","Conventional","Corporate"
"1","2117162","754-69-62-98-000-000","CLOSD","1920 S Providence RD","23236","Chesterfield","Single Family Residence","09/20/2021","$349,500","$365,000","6","Resale (occupied at least once)","1972","None","3,213","1.02","4","2.0","Public Water","Septic - Conventional","Conventional","Individuals"
"1","2112193","43-42-D-13-0","CLOSD","1741 Fishers Pond DR","23102","Goochland","Single Family Residence","09/20/2021","$869,500","$879,243","16","New (never occupied)","2021","Breeze Hill","3,936","2.41","4","3.1","Well","Septic - Conventional","Conventional","Other"
"1","2121486","8725-31-1307","CLOSD","8071 Woodbridge RD","23111","Hanover","Single Family Residence","09/20/2021","$269,500","$270,000","4","Resale (occupied at least once)","1969","Cherrydale","1,637","0.41","3","2.0","Public Water","Sewer - Public","Cash","Individuals"
"1","2120017","767-767-8517","CLOSD","3202 Lakewood RD","23060","Henrico","Single Family Residence","09/20/2021","$350,000","$351,500","10","Resale (occupied at least once)","1970","Forest Lodge Acres","2,040","0.83","3","2.1","Public Water","Sewer - Public","Conventional","Corporate"
"1","2117945","N000-0403-005","CLOSD","2004 Miller AVE","23222","Richmond City","Single Family Residence","09/20/2021","$369,950","$371,950","32","Resale (occupied at least once)","1916","Barton Heights","2,086","0.14","4","2.1","Public Water","Sewer - Public","Conventional","Individuals"
"1","2121459","781-67-74-06-900-000","CLOSD","4408 Exwick CT","23237","Chesterfield","Single Family Residence","09/20/2021","$290,000","$297,000","6","Resale (occupied at least once)","1972","Kimberly Acres","2,262","0.35","4","2.0","Public Water","Septic - Conventional","FHA New","Individuals"
"1","2125359","820-722-3428","CLOSD","417 S Holly AVE","23075","Henrico","Single Family Residence","09/20/2021","$225,000","$230,000","6","Resale (occupied at least once)","1950","Highland Springs","1,151","0.58","4","1.0","Public Water","Sewer - Public","FHA New","Individuals"
"1","2123748","E000-0774-026","CLOSD","1525 N 20th ST","23223","Richmond City","Single Family Residence","09/20/2021","$225,000","$230,000","12","Resale (occupied at least once)","1920","Fairmount Park","894","0.12","2","1.0","Public Water","Sewer - Public","Conventional","Corporate, Individuals"
"1","2110433","733-755-2390","CLOSD","12212 Timbercross PL","23233","Henrico","Single Family Residence","09/20/2021","$410,000","$410,000","19","Resale (occupied at least once)","2000","Cross Timbers","2,295","0.35","5","2.1","Public Water","Sewer - Public","Conventional","Individuals"
"1","2124917","M0014254","CLOSD","3601 Michaux Mill DR","23139","Powhatan","Single Family Residence","09/20/2021","$829,950","$795,000","14","Resale (occupied at least once)","2005","None","5,700","11.00","5","3.1","Well","Septic - Conventional","Conventional","Individuals"
"1","2124159","739-70-02-73-900-000","CLOSD","11630 Smoketree DR","23236","Chesterfield","Single Family Residence","09/20/2021","$345,000","$337,500","16","Resale (occupied at least once)","1979","Smoketree","2,310","0.37","4","2.1","Public Water","Sewer - Public","Conventional","Individuals"
"1","2120439","741-760-2460","CLOSD","3905 Liesfeld PL","23060","Henrico","Townhouse","09/20/2021","$434,000","$430,000","31","Resale (occupied at least once)","2014","West Broad Village","2,002","0.03","3","3.1","Public Water","Sewer - Public","Conventional","Individuals"
"1","2118053","N000-1269-006","CLOSD","3614 Carolina AVE","23222","Richmond City","Single Family Residence","09/20/2021","$370,000","$380,000","57","Resale (occupied at least once)","1925","North Highland Park","2,082","0.11","4","2.1","Public Water","Sewer - Public","VA New","Corporate"
"1","2115080","c0030082034","CLOSD","2733 Kenmore RD","23225","Richmond City","Single Family Residence","09/20/2021","$369,990","$340,000","64","Resale (occupied at least once)","1973","Stratford Hills","2,105","0.79","4","2.1","Public Water","Sewer - Public","Conventional","Individuals"
"1","2101305","C-005-0351-020","CLOSD","1732 German School RD","23225","Richmond City","Single Family Residence","09/20/2021","$409,135","$415,495","13","New (never occupied)","2021","Westlake","3,028","","5","3.1","Public Water","Sewer - Public","Conventional","Corporate"
"1","2037080","710661935400000","CLOSD","8907 Forge Gate LN","23832","Chesterfield","Single Family Residence","09/20/2021","$422,950","$549,004","0","New (never occupied)","2021","Harpers Mill","2,986","","5","3.1","Public Water","Sewer - Public","Conventional","Corporate"
"1","2031866","016C-5-14","CLOSD","3642 Walkers CRK","23139","Powhatan","Single Family Residence","09/20/2021","$429,950","$468,215","0","New (never occupied)","2021","Aston","2,821","","4","3.0","Well","Septic - Conventional","Conventional","Corporate"
"1","2117360","793-66-92-00-400-000","CLOSD","2633 Kingsdale RD","23237","Chesterfield","Single Family Residence","09/20/2021","$215,000","$215,000","9","Resale (occupied at least once)","1963","Quail Oaks","1,300","0.62","3","1.1","Public Water","Sewer - Public","FHA New","Individuals"
"1","2124183","8723-09-9016","CLOSD","6460 Lakevista CT","23111","Hanover","Single Family Residence","09/20/2021","$279,500","$285,000","4","Resale (occupied at least once)","1988","High Point Farms","1,664","0.47","3","2.1","Public Water","Sewer - Public","Conventional","Individuals"
"1","2100073","823-692-8648","CLOSD","7013 Hapsburg","23231","Henrico","Single Family Residence","09/20/2021","$298,500","$322,623","0","New (never occupied)","2021","Castleton","2,169","","3","2.1","Public Water","Sewer - Public","Conventional","Corporate"
"1","2118225","779-746-4341","CLOSD","5701 Cedar Croft ST","23228","Henrico","Single Family Residence","09/20/2021","$329,950","$315,000","34","Resale (occupied at least once)","1985","Lakeside","2,240","0.23","3","2.1","Public Water","Sewer - Public","Conventional","Individuals"
"1","2122843","S006-0442-010","CLOSD","908 Hill Top DR","23225","Richmond City","Single Family Residence","09/20/2021","$230,000","$230,000","7","Resale (occupied at least once)","1947","Forest View Heights","917","0.16","2","1.0","Public Water","Sewer - Public","VHDA ","Individuals"
"1","2125465","N000-0773-003","CLOSD","2818 Edgewood AVE","23222","Richmond City","Single Family Residence","09/20/2021","$369,000","$385,000","3","Resale (occupied at least once)","1921","Parkland","1,809","0.10","3","2.1","Public Water","Sewer - Public","Conventional","Individuals"
"1","2124874","8714-59-2000","CLOSD","7241 Woodberry DR","23111","Hanover","Single Family Residence","09/20/2021","$224,900","$229,900","9","Resale (occupied at least once)","1964","Spring Meadows","1,186","0.36","3","1.0","Public Water","Sewer - Public","VHDA ","Individuals"
"1","2122634","S000-0027-062","CLOSD","815 Porter ST Unit#U220","23224","Richmond City","Condominium","09/20/2021","$179,900","$167,000","27","Resale (occupied at least once)","1895","Manchester","686","0.02","1","1.0","Public Water","Community - Sewer/Septic","Conventional","Individuals"
"1","2115021","C004-0533-014","CLOSD","7548 Marilea RD","23225","Richmond City","Single Family Residence","09/20/2021","$375,000","$365,000","20","Resale (occupied at least once)","1956","Stratford Hills","1,934","0.43","3","2.0","Public Water","Sewer - Public","Conventional","Individuals"
"1","2122219","N000-1459-011","CLOSD","464 Milton ST","23222","Richmond City","Single Family Residence","09/20/2021","$295,000","$295,000","23","Resale (occupied at least once)","1940","Providence Park","1,650","0.10","3","2.0","Public Water","Sewer - Public","FHA New","Partnership"
"1","2124808","730-754-3062","CLOSD","2600 Duffy CT","23233","Henrico","Townhouse","09/20/2021","$325,000","$325,000","0","Resale (occupied at least once)","1987","Winchester Pointe","2,355","0.10","3","2.1","Public Water","Sewer - Public","Other","Individuals"
"1","2127165","723-67-30-30-800-000","CLOSD","6401 Lookout Point CIR","23112","Chesterfield","Townhouse","09/20/2021","$299,900","$330,000","3","Resale (occupied at least once)","1999","Lakepointe","1,597","0.09","3","2.1","Public Water","Sewer - Public","Cash","Individuals"
"1","2126400","721-69-35-17-000-000","CLOSD","1742 Rose Mill CIR","23112","Chesterfield","Townhouse","09/20/2021","$307,000","$312,000","5","Resale (occupied at least once)","2003","Watermill Villas","1,604","0.10","3","2.1","Public Water","Sewer - Public","Cash","Individuals"
"1","2125372","821-694-6879","CLOSD","12100 Pinefields CT","23231","Henrico","Single Family Residence","09/20/2021","$247,000","$255,000","3","Resale (occupied at least once)","2002","Whispering Pines Henr","1,392","0.36","3","2.0","Public Water","Sewer - Public","Conventional","Individuals"
"1","2125078","19B1 8E1   1","CLOSD","7333 Pinehurst DR","23141","New Kent","Single Family Residence","09/20/2021","$389,950","$390,000","7","Resale (occupied at least once)","1989","Five Lakes","2,656","0.63","4","2.2","Public Water","Septic - Conventional","VA New","Individuals"
"1","2124926","764-756-2095.189","CLOSD","8416 Oconnor CT Unit#909","23228","Henrico","Condominium","09/20/2021","$154,950","$154,950","5","Resale (occupied at least once)","1985","Shannon Green","848","0.01","2","2.0","Public Water","Sewer - Public","FHA New","Individuals"
"1","2124628","038A-1A-16","CLOSD","1415 Eastlook LN","23139","Powhatan","Single Family Residence","09/20/2021","$330,000","$356,000","4","Resale (occupied at least once)","2012","Mill Quarter","1,592","0.45","3","2.0","Community Well","Septic - Alternative","Conventional","Individuals"
"1","2124597","W000-1370-005","CLOSD","2917 W Grace ST","23221","Richmond City","Single Family Residence","09/20/2021","$875,000","$947,100","8","Resale (occupied at least once)","1912","None","3,390","0.10","5","3.1","Public Water","Sewer - Public","Cash","Individuals"
"1","2124439","758-750-0039","CLOSD","8303 Lansdowne RD","23229","Henrico","Single Family Residence","09/20/2021","$289,950","$315,000","5","Resale (occupied at least once)","1954","Fordson Acres","1,562","0.49","3","1.1","Public Water","Sewer - Public","Conventional","Individuals"
"1","2124147","769-65-24-19-000-000","CLOSD","8119 Fedora DR","23838","Chesterfield","Single Family Residence","09/20/2021","$539,000","$549,000","3","Resale (occupied at least once)","2020","The Highlands","2,757","1.30","4","3.1","Public Water","Septic - Alternative","Conventional","Individuals"
"1","2124118","21  12    14","CLOSD","8565 Crestwicke LN","23141","New Kent","Single Family Residence","09/20/2021","$249,900","$256,000","6","Resale (occupied at least once)","2018","Crestwicke","1,288","0.59","3","2.0","Public Water","Septic - Conventional","VHDA ","Individuals"
"1","2124054","733-63-01-42-700-000","CLOSD","14619 Chesdin Shores TER","23838","Chesterfield","Single Family Residence","09/20/2021","$435,000","$435,000","2","Resale (occupied at least once)","2000","Chesdin Landing","2,875","1.55","4","2.2","Public Water","Septic - Conventional","Conventional","Individuals"
"1","2124025","718-67-40-23-400-000","CLOSD","6407 Walnut Bend DR","23112","Chesterfield","Single Family Residence","09/20/2021","$450,000","$475,000","5","Resale (occupied at least once)","1991","Woodlake","2,725","0.33","5","2.1","Public Water","Sewer - Public","Conventional","Individuals"
"1","2123933","727-70-13-25-100-000","CLOSD","1436 Hawkins Wood CIR","23114","Chesterfield","Single Family Residence","09/20/2021","$375,000","$385,000","5","Resale (occupied at least once)","1999","The Grove","1,973","0.25","4","2.1","Public Water","Sewer - Public","Conventional","Individuals"
"1","2123897","736-768-9786","CLOSD","4704 Leakes Mill DR","23059","Henrico","Single Family Residence","09/20/2021","$710,000","$712,000","2","Resale (occupied at least once)","2020","Leake's Mill at Bacova","3,691","0.28","5","4.0","Public Water","Sewer - Public","Conventional","Individuals"
"1","2123828","E000-0973-016","CLOSD","3410 E Marshall ST","23223","Richmond City","Single Family Residence","09/20/2021","$357,000","$359,000","4","Resale (occupied at least once)","1916","Chimborazo","1,689","0.08","2","2.0","Public Water","Sewer - Public","Conventional","Individuals"
"1","2123696","766-739-4329","CLOSD","1014 Bevridge RD","23226","Henrico","Single Family Residence","09/20/2021","$530,000","$518,000","9","Resale (occupied at least once)","1980","Pine Ridge","2,712","0.34","4","3.0","Public Water","Sewer - Public","Cash","Estate"
"1","2123585","030C-1-15","CLOSD","2715 Creek Edge","23139","Powhatan","Single Family Residence","09/20/2021","$535,000","$588,250","6","Resale (occupied at least once)","1978","Countrytown","3,216","3.98","5","4.0","Well","Septic - Conventional","Conventional","Individuals"
"1","2123538","S000-2016-005","CLOSD","116 W 33rd ST","23225","Richmond City","Single Family Residence","09/20/2021","$249,900","$265,000","3","Resale (occupied at least once)","1952","West Manchester","1,353","0.17","3","1.0","Public Water","Sewer - Public","Conventional","Corporate"
"1","2123427","016A-2-14","CLOSD","3033 Mill Mount LN","23139","Powhatan","Single Family Residence","09/20/2021","$699,000","$699,000","4","Resale (occupied at least once)","2019","Westlake At Mill Mount","3,445","7.62","4","3.1","Well","Septic - Conventional","Conventional","Individuals"
"1","2123284","8725-05-4606","CLOSD","6981 Pimlico DR","23111","Hanover","Single Family Residence","09/20/2021","$310,000","$350,000","7","Resale (occupied at least once)","1996","Laurel Meadows","2,015","0.24","4","2.1","Public Water","Sewer - Public","Conventional","Individuals"
"1","2123248","33B8 1B1 153","CLOSD","5601 Regal CT","23140","New Kent","Single Family Residence","09/20/2021","$579,900","$565,000","40","Resale (occupied at least once)","2002","Brickshire","3,938","0.31","3","2.1","Public Water","Sewer - Public","Cash","Individuals"
"1","2123113","38        44G","CLOSD","18981 Lynnlake RD","23011","New Kent","Single Family Residence","09/20/2021","$360,000","$380,000","7","Resale (occupied at least once)","2006","None","2,354","5.59","3","2.3","Well","Septic - Conventional","VA New","Individuals"
"1","2122962","7797-78-1373","CLOSD","9157 Sycamore Hill PL","23116","Hanover","Single Family Residence","09/20/2021","$489,900","$505,000","20","Resale (occupied at least once)","1994","Ash Creek","3,678","0.40","5","2.1","Public Water","Sewer - Public","Conventional","Individuals"
"1","2122840","765-742-7872","CLOSD","6902 Vanderbilt AVE","23226","Henrico","Single Family Residence","09/20/2021","$335,000","$350,000","7","Resale (occupied at least once)","2000","Crestview","1,760","0.18","3","2.0","Public Water","Sewer - Public","Conventional","Individuals"
"1","2122835","19G1 9 5   8","CLOSD","2747 Kimball LN","23141","New Kent","Single Family Residence","09/20/2021","$389,000","$385,000","19","Resale (occupied at least once)","2017","Patriots Landing","2,708","0.13","3","2.1","Public Water","Sewer - Public","Conventional","Individuals, Relocation"
"1","2122628","W000-1280-036","CLOSD","2922 Grayland AVE","23221","Richmond City","Single Family Residence","09/20/2021","$399,950","$420,000","14","Resale (occupied at least once)","1926","None","1,460","0.06","2","1.1","Public Water","Sewer - Public","Conventional","Individuals"
"501","2122576","C007-0133-046","CLOSD","6241 Warwick RD","23225","Richmond City","Single Family Residence","09/20/2021","$269,950","$260,000","41","Resale (occupied at least once)","2019","Worthington Farms","1,650","","3","2.1","Public Water","Community - Sewer/Septic","Cash","Individuals"
"501","2122505","706684355200000","CLOSD","5413 Singing Bird DR","23120","Chesterfield","Single Family Residence","09/20/2021","$899,997","$899,997","3","New (never occupied)","2021","Summer Lake","3,696","","5","3.1","Public Water","Sewer - Public","VA New","Corporate"
"501","2122495","732-68-28-39-800-000","CLOSD","4007 Liberty Point DR","23112","Chesterfield","Single Family Residence","09/20/2021","$385,000","$390,000","7","Resale (occupied at least once)","2002","Old Hundred Mill","2,811","0.21","4","2.1","Public Water","Sewer - Public","FHA New","Individuals"
"501","2122209","775-746-8993","CLOSD","3001 Kenwood AVE","23228","Henrico","Single Family Residence","09/20/2021","$254,950","$270,000","5","Resale (occupied at least once)","1947","Pinehurst Gardens","1,291","0.36","2","2.0","Public Water","Sewer - Public","Cash","Individuals"
"501","2122119","781-746-5334","CLOSD","2107 Nelson ST","23228","Henrico","Single Family Residence","09/20/2021","$249,900","$262,000","20","Resale (occupied at least once)","1937","Bryan Park Heights","1,288","0.17","3","2.0","Public Water","Sewer - Public","Conventional","Individuals"
"501","2122110","8706-03-2953","CLOSD","8060 Ellendale DR","23116","Hanover","Townhouse","09/20/2021","$300,000","$311,000","5","Resale (occupied at least once)","2014","Rutland","1,804","0.03","3","3.1","Public Water","Sewer - Public","Conventional","Estate"
"501","2121893","E000-0877-027","CLOSD","1103 N 33rd ST","23223","Richmond City","Single Family Residence","09/20/2021","$245,000","$245,000","40","Resale (occupied at least once)","1910","None","1,238","0.05","3","1.1","Public Water","Sewer - Public","Cash","Individuals"
"501","2121814","743-72-59-82-700-000","CLOSD","3901 Victoria LN","23113","Chesterfield","Single Family Residence","09/20/2021","$474,900","$475,000","35","Resale (occupied at least once)","1973","Huguenot Hundred","2,729","1.00","4","2.1","Public Water, Well","Septic - Conventional","Conventional","Individuals"
"501","2121701","W000-1124-010","CLOSD","2509 Stuart AVE","23220","Richmond City","Single Family Residence","09/20/2021","$650,000","$630,000","29","Resale (occupied at least once)","1908","None","2,640","0.07","3","2.1","Public Water","Sewer - Public","Conventional","Other"
"501","2121192","7778-74-5443","CLOSD","11418 Rose Bowl DR","23059","Hanover","Single Family Residence","09/20/2021","$350,000","$360,000","6","Resale (occupied at least once)","2008","Cedarlea Park","2,217","0.16","4","2.1","Public Water","Sewer - Public","FHA New","Individuals"
"501","2121032","22        72A","CLOSD","7411 Olivet Church RD","23124","New Kent","Single Family Residence","09/20/2021","$175,000","$167,900","29","Resale (occupied at least once)","1974","None","920","0.48","2","1.0","Well","Septic - Conventional","Conventional","Individuals"
"501","2120955","C005-0869-012","CLOSD","619 Boroughbridge RD","23225","Richmond City","Single Family Residence","09/20/2021","$214,950","$210,919","31","Resale (occupied at least once)","1954","Forest View Heights","894","0.34","2","1.0","Public Water","Sewer - Public","Conventional","Corporate"
"501","2120761","C008-0848-117","CLOSD","2703 Saint Moritz DR","23224","Richmond City","Single Family Residence","09/20/2021","$279,900","$288,000","5","Resale (occupied at least once)","1993","Fawnbrook","1,986","0.33","4","2.0","Public Water","Sewer - Public","FHA New","Corporate"
"501","2120164","731-754-2326","CLOSD","2679 Chancer DR","23233","Henrico","Townhouse","09/20/2021","$245,000","$250,000","10","Resale (occupied at least once)","1987","Cedar Hill Townhouses","1,900","0.07","2","2.0","Public Water","Sewer - Public","Conventional","Individuals"
"501","2119431","8733-90-2785","CLOSD","6049 Gobbler Glen PL","23111","Hanover","Single Family Residence","09/20/2021","$549,999","$550,000","49","Resale (occupied at least once)","2006","Turkey Hollow","4,895","0.90","5","3.1","Well","Septic - Alternative","VA New","Individuals"
"501","2118951","62-13-A-14-0","CLOSD","500 Sawdust DR","23103","Goochland","Single Family Residence","09/20/2021","$382,000","$375,000","26","Resale (occupied at least once)","1980","Manakin Farms","2,378","0.59","4","2.1","Public Water","Sewer - Public","Conventional","Individuals"
"501","2118316","C001-0512-010","CLOSD","8525 Burgundy RD","23235","Richmond City","Single Family Residence","09/20/2021","$374,500","$330,000","29","Resale (occupied at least once)","1958","Wellington","2,707","0.35","4","2.0","Public Water","Sewer - Public","Cash","Individuals"
"501","2118257","W000-0607-004","CLOSD","1527 Floyd AVE","23220","Richmond City","Single Family Residence","09/20/2021","$669,950","$680,000","6","Resale (occupied at least once)","1900","None","2,698","0.09","3","2.1","Public Water","Sewer - Public","Conventional","Individuals"
"501","2117823","733-72-28-20-400-000","CLOSD","12600 Grendon DR","23113","Chesterfield","Single Family Residence","09/20/2021","$765,000","$760,000","9","Resale (occupied at least once)","2004","Tarrington","5,113","1.10","5","4.1","Public Water","Sewer - Public","Conventional","Individuals"
"501","2117740","18-10-0-3-B","CLOSD","2971 Davis Mill RD","23063","Goochland","Single Family Residence","09/20/2021","$379,950","$375,000","40","Resale (occupied at least once)","1998","Byrd","2,273","5.00","4","3.0","Well","Septic - Conventional","Conventional","Individuals"
"501","2117635","765-68-50-55-900-000","CLOSD","7206 Drexelbrook RD","23832","Chesterfield","Single Family Residence","09/20/2021","$244,000","$255,000","5","Resale (occupied at least once)","1987","Pennwood","1,588","0.34","3","2.0","Public Water","Sewer - Public","VHDA ","Individuals"
"501","2117064","753-761-4686","CLOSD","4308 Boscastle CT","23060","Henrico","Single Family Residence","09/20/2021","$409,500","$450,000","8","Resale (occupied at least once)","1998","Woodberry","2,390","0.25","4","2.1","Public Water","Sewer - Public","Conventional","Individuals"
"501","2113501","8705-72-1798","CLOSD","8166 Brook DR","23111","Hanover","Single Family Residence","09/20/2021","$325,000","$290,000","81","Resale (occupied at least once)","1961","Mayfield Farms","1,482","0.78","3","2.0","Public Water","Sewer - Public","Cash","Individuals"
"501","2105190","742-62-65-77-100-000","CLOSD","12201 Ivey Mill RD","23838","Chesterfield","Single Family Residence","09/20/2021","$850,000","$735,000","76","Resale (occupied at least once)","1880","None","2,656","86.39","5","2.0","Well","Septic - Conventional","Conventional","Individuals"
"501","2102654","33B8 1B1 115","CLOSD","11241 Brickshire TER","23140","New Kent","Single Family Residence","09/20/2021","$498,950","$514,500","25","New (never occupied)","2021","Brickshire","2,759","0.37","4","2.1","Public Water","Sewer - Public","Conventional","Corporate"
"501","2037122","750-71-10-03-600-000","CLOSD","10013 Winston Park CT","23235","Chesterfield","Single Family Residence","09/20/2021","$447,780","$462,075","0","New (never occupied)","2020","Bon Air","3,009","","5","3.1","Public Water","Sewer - Public","Conventional","Corporate"
"501","REIN10392441","38        44G","CLOSD","18981 Lynnlake RD","23011","New Kent","Single Family Residence","09/20/2021","$360,000","$380,000","12","Resale (occupied at least once)","2006","ALL OTHERS AREA 140","2,354","5.59","3","5.0","Well","Septic","",""
"501","2116997","117440","CLOSD","7845 Faisan Ln","23241","New Kent","Single Family Residence","09/21/2021","$353,990","$353,990","2","New (never occupied)","2021","Arbors","1,906","","4","2.1","Public Water","Sewer - Public","USDA","Corporate"
"501","2120188","770675907100000","CLOSD","6442 Faulkner Dr","23234","Chesterfield","Single Family Residence","09/21/2021","$391,475","$391,475","41","New (never occupied)","2021","Watermark","2,025","","4","2.0","Public Water","Sewer - Public","Conventional","Corporate"
"501","2123861","C005-0578-028","CLOSD","1101 Blakemore RD","23225","Richmond City","Single Family Residence","09/21/2021","$289,000","$251,000","19","Resale (occupied at least once)","1954","None","2,080","0.32","3","2.0","Public Water","Sewer - Public","Cash","Individuals"
"501","2123128","794-61-83-44-800-000","CLOSD","19507 Temple AVE","23834","Chesterfield","Single Family Residence","09/21/2021","$239,950","$241,000","7","Resale (occupied at least once)","1985","Colonial Pine Estates","1,648","0.31","3","2.1","Public Water","Sewer - Public","VA New","Individuals"
"501","2125469","W000-0399-036","CLOSD","15 S Morris ST","23220","Richmond City","Single Family Residence","09/21/2021","$389,950","$398,000","3","Resale (occupied at least once)","1900","None","1,460","0.04","3","2.0","Public Water","Sewer - Public","Conventional","Individuals"
"501","2034787","C-005-0351-006","CLOSD","6520 Kinns RD","23225","Richmond City","Single Family Residence","09/21/2021","$405,930","$416,015","86","New (never occupied)","2021","Westlake","2,281","","4","3.1","Public Water","Sewer - Public","Conventional","Corporate"
"501","2104024","8706-57-5951","CLOSD","8137 Lyman CT","23116","Hanover","Single Family Residence","09/21/2021","$503,545","$503,295","0","New (never occupied)","2021","Rutland","2,775","","4","3.1","Public Water","Sewer - Public","VA New","Corporate"
"501","2123249","W019-0238-022","CLOSD","4101 Kensington AVE","23221","Richmond City","Single Family Residence","09/21/2021","$750,000","$762,000","6","Resale (occupied at least once)","1939","None","2,707","0.19","3","2.1","Public Water","Sewer - Public","Conventional","Individuals"
"501","2125408","763-761-1204","CLOSD","4421 Hungary Glen TER","23294","Henrico","Single Family Residence","09/21/2021","$325,000","$335,000","3","Resale (occupied at least once)","2000","Hungary Glen","1,968","0.26","4","2.1","Public Water","Sewer - Public","Conventional","Individuals"
"501","2123849","7880-84-4151","CLOSD","13713 Winston Trail CIR","23005","Hanover","Single Family Residence","09/21/2021","$449,995","$450,000","9","Resale (occupied at least once)","2014","Providence","3,220","0.18","4","2.1","Public Water","Sewer - Public","Conventional","Individuals"
"501","2126030","725-66-67-02-000-000","CLOSD","8512 Easton Ridge PL","23832","Chesterfield","Single Family Residence","09/21/2021","$318,000","$335,000","2","Resale (occupied at least once)","2001","Birkdale","1,995","0.23","4","2.1","Public Water","Sewer - Public","Conventional","Individuals"
"501","2125808","726-68-66-00-700-000","CLOSD","13907 Barnes Spring RD","23112","Chesterfield","Single Family Residence","09/21/2021","$340,000","$350,000","3","Resale (occupied at least once)","1980","Brandermill","2,292","0.36","4","2.1","Public Water","Community - Sewer/Septic","Conventional","Individuals"
"501","2124445","744-69-24-98-700-000","CLOSD","2012 Condrey Ridge DR","23236","Chesterfield","Single Family Residence","09/21/2021","$209,900","$212,000","7","Resale (occupied at least once)","1982","Solar II","1,010","0.25","2","1.0","Public Water","Sewer - Public","VHDA/FHA","Individuals"
"501","2120607","738-71-34-37-200-166","CLOSD","11731 S Briar Patch DR","23113","Chesterfield","Townhouse","09/21/2021","$165,000","$160,000","24","Resale (occupied at least once)","1974","Briarwood Hearth","1,164","25.94","2","1.1","Public Water","Sewer - Public","Conventional","Individuals"
"501","2125697","732-67-14-04-000-000","CLOSD","6924 Holly Bark DR","23112","Chesterfield","Single Family Residence","09/21/2021","$278,000","$280,000","3","Resale (occupied at least once)","1991","Spring Trace","1,950","0.31","4","2.0","Public Water","Sewer - Public","Conventional","Individuals"
"501","2124350","782-68-16-98-000-000","CLOSD","6430 Philbrook RD","23234","Chesterfield","Single Family Residence","09/21/2021","$194,500","$195,000","10","Resale (occupied at least once)","1973","Ravensdale","1,988","0.29","4","1.1","Public Water","Sewer - Public","Cash","Individuals"
"501","2126194","741-755-4579","CLOSD","2413 Sterlingwood TRCE","23233","Henrico","Single Family Residence","09/21/2021","$599,950","$652,000","4","Resale (occupied at least once)","2001","Sterling","3,452","0.41","5","3.1","Public Water","Sewer - Public","Conventional","Individuals"
"501","2126114","029B-6-5","CLOSD","2239 Hearthstone CT","23139","Powhatan","Single Family Residence","09/21/2021","$299,000","$320,000","3","Resale (occupied at least once)","1994","Chestnut Oaks","1,402","2.00","3","2.0","Well","Septic - Conventional","Conventional","Individuals"
"501","2125957","W000-1704-202","CLOSD","703 N Hamilton ST Unit#UE","23221","Richmond City","Condominium","09/21/2021","$265,000","$276,314","5","Resale (occupied at least once)","1962","Mount Vernon Condominiums","880","0.02","2","1.1","Public Water","Sewer - Public","Cash","Individuals"
"501","2125542","784-68-44-29-200-000","CLOSD","3633 Luckylee Crescent","23234","Chesterfield","Townhouse","09/21/2021","$145,000","$155,900","6","Resale (occupied at least once)","1973","Meadowdale Th Pk","1,178","0.04","3","1.1","Public Water","Sewer - Public","VHDA/FHA","Individuals"
"501","2125330","8715-00-9266","CLOSD","8011 Darva GLN","23111","Hanover","Single Family Residence","09/21/2021","$248,500","$262,000","2","Resale (occupied at least once)","1987","Olde Grove","1,111","0.22","3","2.0","Public Water","Sewer - Public","FHA New","Individuals"
"501","2125277","774-66-85-79-300-000","CLOSD","6107 Huntingcreek DR","23237","Chesterfield","Single Family Residence","09/21/2021","$190,000","$198,000","4","Resale (occupied at least once)","1980","Huntingcreek Hills","1,056","0.24","3","1.0","Public Water","Sewer - Public","FHA New","Individuals"
"501","2125223","817-721-7557","CLOSD","615 Lenten Rose LN","23223","Henrico","Townhouse","09/21/2021","$229,000","$245,000","5","Resale (occupied at least once)","2017","The Townes At Oakleys Bluff","1,575","0.07","3","2.1","Public Water","Sewer - Public","VHDA/FHA","Individuals"
"501","2125153","742-69-69-88-800-000","CLOSD","11305 Mansfield Crossing CT","23236","Chesterfield","Single Family Residence","09/21/2021","$260,000","$280,000","7","Resale (occupied at least once)","1991","Mansfield Crossing","1,630","0.22","3","2.0","Public Water","Sewer - Public","FHA New","Individuals"
"501","2125147","C005-0341-124","CLOSD","5724 Westower DR","23225","Richmond City","Single Family Residence","09/21/2021","$292,500","$325,000","2","Resale (occupied at least once)","2005","Westower Ridge","1,424","0.25","3","2.0","Public Water","Sewer - Public","FHA New","Individuals"
"501","2125087","740-67-46-55-800-000","CLOSD","5400 Beaver Spring RD","23112","Chesterfield","Single Family Residence","09/21/2021","$315,000","$315,000","8","Resale (occupied at least once)","2001","Swift Creek Crossing","2,722","0.36","4","2.1","Public Water","Sewer - Public","Conventional","Individuals"
"501","2124745","726-68-64-84-600-000","CLOSD","13905 Sterlings Bridge RD","23112","Chesterfield","Single Family Residence","09/21/2021","$280,000","$305,000","2","Resale (occupied at least once)","1979","Sterlings Bridge","2,012","0.29","3","2.1","Public Water","Sewer - Public","Conventional","Individuals"
"501","2124513","8706-68-9864","CLOSD","9457 Assembly WAY","23116","Hanover","Single Family Residence","09/21/2021","$375,000","$375,000","14","Resale (occupied at least once)","2002","Royal Glen","3,050","0.49","6","2.1","Public Water","Sewer - Public","Conventional","Individuals"
"501","2124341","11-15-0-19-0","CLOSD","4980 Double Eagle DR","23093","Goochland","Single Family Residence","09/21/2021","$540,000","$547,200","5","Resale (occupied at least once)","2003","None","3,927","5.01","5","4.0","Well","Septic - Conventional","Conventional","Individuals"
"501","2124317","W000-1004-021","CLOSD","2206 Stuart AVE","23220","Richmond City","Single Family Residence","09/21/2021","$575,000","$622,000","5","Resale (occupied at least once)","1915","None","1,830","0.05","3","2.0","Public Water","Sewer - Public","Conventional","Individuals"
"501","2124300","732-746-3535","CLOSD","1421 Westshire LN","23238","Henrico","Single Family Residence","09/21/2021","$299,000","$271,000","11","Resale (occupied at least once)","1972","Tuckahoe Village West","2,367","0.39","4","2.1","Public Water","Sewer - Public","Cash","Corporate"
"501","2124227","709-67-50-46-500-000","CLOSD","16934 Thornapple RUN","23120","Chesterfield","Townhouse","09/21/2021","$325,000","$319,000","3","Resale (occupied at least once)","2020","Wynwood at Foxcreek","1,826","0.04","3","2.2","Public Water","Sewer - Public","Cash","Individuals"
"501","2124199","806-733-2379","CLOSD","3605 Croydon RD","23223","Henrico","Single Family Residence","09/21/2021","$199,950","$210,000","7","Resale (occupied at least once)","1956","Glen Manor","1,008","0.40","3","1.0","Public Water","Sewer - Public","Conventional","Corporate"
"501","2124086","034A-5-15","CLOSD","1980 Walnut Tree RD","23139","Powhatan","Single Family Residence","09/21/2021","$369,900","$375,000","11","Resale (occupied at least once)","2018","Walnut Creek","2,130","2.60","4","2.1","Well","Septic - Conventional","FHA New","Individuals"
"501","2124049","743-68-51-22-500-000","CLOSD","3438 Avocado DR","23112","Chesterfield","Townhouse","09/21/2021","$295,000","$295,000","5","Resale (occupied at least once)","2013","Genito Townes","1,936","0.12","3","2.1","Public Water","Sewer - Public","FHA New","Individuals"
"501","2124030","750-738-1078","CLOSD","8804 Watlington RD","23229","Henrico","Single Family Residence","09/21/2021","$375,000","$350,000","8","Resale (occupied at least once)","1960","Derbyshire Place","2,312","0.34","3","2.1","Public Water","Sewer - Public","Cash","Individuals"
"501","2123804","808-703-1681","CLOSD","6428 Canesville LN","23231","Henrico","Single Family Residence","09/21/2021","$242,000","$260,000","19","Resale (occupied at least once)","1989","Midview Woods","1,680","0.29","4","2.0","Public Water","Sewer - Public","Conventional","Individuals"
"501","2123803","772-760-0450","CLOSD","9724 Royerton DR","23228","Henrico","Single Family Residence","09/21/2021","$255,950","$276,000","6","Resale (occupied at least once)","1957","Laurel Park","1,404","0.27","4","2.1","Public Water","Sewer - Public","Conventional","Individuals"
"501","2123706","729-757-9503","CLOSD","2536 Northwind PL","23233","Henrico","Single Family Residence","09/21/2021","$590,000","$635,000","6","Resale (occupied at least once)","1991","The Colonies At Wilde Lake","3,591","0.49","4","3.1","Public Water","Sewer - Public","Conventional","Individuals"
"501","2123682","754-740-5878","CLOSD","8509 Julian RD","23229","Henrico","Single Family Residence","09/21/2021","$535,000","$550,000","5","Resale (occupied at least once)","1954","Glen Ridge","2,986","0.48","4","4.0","Public Water","Sewer - Public","Conventional","Individuals"
"501","2123619","762-740-4478","CLOSD","1026 Horsepen RD","23229","Henrico","Single Family Residence","09/21/2021","$359,000","$350,000","6","Resale (occupied at least once)","1956","Westhampton Hills","1,746","0.29","4","2.0","Public Water","Sewer - Public","Cash","Individuals"
"501","2123486","781-66-66-60-400-000","CLOSD","5229 Plum ST","23237","Chesterfield","Single Family Residence","09/21/2021","$200,000","$211,000","4","Resale (occupied at least once)","1984","Sunbury One","1,008","0.26","3","1.0","Public Water","Sewer - Public","FHA New","Individuals"
"501","2123449","758-760-8226","CLOSD","9214 Crystalwood LN","23294","Henrico","Single Family Residence","09/21/2021","$294,950","$310,000","4","Resale (occupied at least once)","1966","West End Manor","1,820","0.28","3","1.2","Public Water","Sewer - Public","FHA New","Individuals"
"501","2123311","8704-16-9935","CLOSD","7515 Gold Coast LN","23111","Hanover","Single Family Residence","09/21/2021","$339,950","$339,950","12","Resale (occupied at least once)","2012","Elwin Place","1,670","2.41","3","2.1","Public Water","Sewer - Public","Conventional","Individuals"
"501","2122967","780-67-95-25-700-000","CLOSD","6614 MASON VALLEY DR","23234","Chesterfield","Single Family Residence","09/21/2021","$189,500","$200,000","4","Resale (occupied at least once)","1987","Mason Woods","1,202","0.18","3","2.0","Public Water","Sewer - Public","Conventional","Individuals"
"501","2122839","764-68-33-49-000-000","CLOSD","7618 Drexelbrook RD","23832","Chesterfield","Single Family Residence","09/21/2021","$279,950","$300,000","5","Resale (occupied at least once)","1984","Pennwood","1,671","0.31","4","2.0","Public Water","Sewer - Public","FHA New","Individuals"
"501","2122763","803-705-2028","CLOSD","1208 Middleberry DR","23231","Henrico","Single Family Residence","09/21/2021","$259,950","$270,000","7","Resale (occupied at least once)","1980","Foxboro North","1,588","0.26","4","2.0","Public Water","Sewer - Public","FHA New","Corporate"
"501","2122157","727-65-45-82-900-000","CLOSD","13710 Brandy Oaks TER","23832","Chesterfield","Single Family Residence","09/21/2021","$440,000","$442,000","9","Resale (occupied at least once)","1991","Brandy Oaks","2,876","2.04","4","3.1","Public Water","Septic - Conventional","FHA New","Individuals"
"501","2121549","E000-0001-125","CLOSD","1101 Haxall PT Unit#U1002","23219","Richmond City","Condominium","09/21/2021","$539,000","$533,985","7","Resale (occupied at least once)","2005","Riverside On The James","1,173","0.03","2","2.0","Public Water","Sewer - Public","Conventional","Individuals"
"501","2121518","732-753-0024","CLOSD","12327 Sir James CT","23233","Henrico","Townhouse","09/21/2021","$219,950","$240,000","4","Resale (occupied at least once)","1984","Olde Gayton Townhouses","1,456","0.04","3","1.1","Public Water","Sewer - Public","Cash","Individuals"
"501","2120853","8735-05-5934","CLOSD","5947 Dugout TER","23111","Hanover","Single Family Residence","09/21/2021","$330,000","$338,000","24","Resale (occupied at least once)","1994","Battlefield Green","2,450","0.28","4","2.1","Public Water","Sewer - Public","FHA New","Individuals"
"501","2120676","790-65-01-37-000-000","CLOSD","12708 S Chester RD","23831","Chesterfield","Single Family Residence","09/21/2021","$240,000","$242,000","7","Resale (occupied at least once)","1983","South Chester","1,872","0.45","3","2.1","Public Water","Septic - Conventional","Conventional","Individuals"
"501","2120015","8765-55-2289","CLOSD","8255 FLANNIGAN MILL RD","23111","Hanover","Single Family Residence","09/21/2021","$624,000","$610,000","45","Resale (occupied at least once)","1998","Stanleys Retreat","3,376","3.00","3","3.1","Well","Septic - Conventional","VA New","Individuals"
"501","2119860","6-3-0-10-0","CLOSD","4501 Lakeview RD","23065","Goochland","Single Family Residence","09/21/2021","$389,950","$397,500","23","Resale (occupied at least once)","2002","Lake Killarney","2,250","4.03","4","2.1","Well","Septic - Conventional","Conventional","Individuals"
"501","2119722","745-67-86-69-100-000","CLOSD","10903 August CT","23832","Chesterfield","Single Family Residence","09/21/2021","$189,900","$205,000","3","Resale (occupied at least once)","1985","Sunnybrook","1,000","0.26","3","1.0","Public Water","Sewer - Public","FHA New","Individuals"
"501","2117123","753-764-7297","CLOSD","10621 Lumberjack CT","23060","Henrico","Single Family Residence","09/21/2021","$340,000","$365,000","8","Resale (occupied at least once)","1989","Woods At Innsbrook","1,844","0.25","3","2.1","Public Water","Sewer - Public","Conventional","Individuals"
"501","2117087","837-691-6300","CLOSD","4696 Darbytown RD","23231","Henrico","Single Family Residence","09/21/2021","$99,900","$90,000","81","Resale (occupied at least once)","1947","None","672","1.48","2","1.0","Well","Septic - Conventional","Cash","Individuals"
"501","2113495","718-67-63-44-400-000","CLOSD","5908 Gates Mill PL","23112","Chesterfield","Single Family Residence","09/21/2021","$324,900","$315,000","67","Resale (occupied at least once)","1988","Woodlake","2,410","0.33","4","2.1","Public Water","Sewer - Public","Cash","Individuals"
"501","2106822","N000-0210-031","CLOSD","300 W Leigh ST","23220","Richmond City","Single Family Residence","09/21/2021","$525,000","$350,000","87","Resale (occupied at least once)","1900","None","3,198","0.07","2","2.1","Public Water","Sewer - Public","Cash","Estate"
"501","2106095","S000-0542-018","CLOSD","1012 E 16th ST","23224","Richmond City","Single Family Residence","09/21/2021","$79,950","$61,000","4","Resale (occupied at least once)","1948","Oak Grove","720","0.09","3","1.0","Public Water","Sewer - Public","Cash","Estate"
"501","2037506","824-660-610-600000","CLOSD","1901 Galley PL","23836","Chesterfield","Single Family Residence","09/21/2021","$399,990","$399,990","1","New (never occupied)","2020","Twin Rivers","1,944","","3","2.0","Public Water","Sewer - Public","Conventional","Corporate"
"501","REIN10382399","117440","CLOSD","7845 Faisan LN","23124","New Kent","Single Family Residence","09/21/2021","$353,990","$353,990","0","New (never occupied)","2021","NEW KENT","1,906","","4","2.0","Public Water","Public Sewer On Site","",""
"501","2124902","822-726-2860","CLOSD","110 Bridge ST","23075","Henrico","Single Family Residence","09/22/2021","$234,900","$245,000","6","Resale (occupied at least once)","1967","Highland Springs","1,377","0.45","3","1.1","Public Water","Sewer - Public","Conventional","Individuals"
"501","2125794","061A-2-8","CLOSD","610 Butterwood CT","23139","Powhatan","Single Family Residence","09/22/2021","$425,000","$425,000","8","Resale (occupied at least once)","1991","Butterwood Creek","2,367","2.20","3","2.1","Well","Septic - Conventional","Conventional","Individuals"
"501","2123530","789-64-06-20-300-000","CLOSD","4512 Exton LN","23831","Chesterfield","Single Family Residence","09/22/2021","$290,000","$303,700","9","Resale (occupied at least once)","1989","Greenbriar","1,966","0.34","4","2.1","Public Water","Sewer - Public","FHA New","Individuals"
"501","2124505","W000-1440-073","CLOSD","3222 Garrett ST","23221","Richmond City","Single Family Residence","09/22/2021","$399,900","$400,500","18","Resale (occupied at least once)","1945","None","1,441","0.17","4","2.0","Public Water","Sewer - Public","Conventional","Corporate"
"501","2102507","833-723-3664","CLOSD","477 Young DR","23150","Henrico","Single Family Residence","09/22/2021","$256,700","$256,700","19","New (never occupied)","2021","None","1,610","1.36","4","2.1","Public Water","Septic - Conventional","FHA New","Corporate"
"501","2124940","763-775-1371","CLOSD","11408 Friars Walk CT","23059","Henrico","Townhouse","09/22/2021","$295,000","$295,000","11","Resale (occupied at least once)","2003","The Townes At Hunton Park","1,596","0.07","3","2.1","Public Water","Sewer - Public","Conventional","Individuals"
"501","2122624","C009-0688-028","CLOSD","3018 Glenan DR","23234","Richmond City","Single Family Residence","09/22/2021","$179,950","$180,000","31","Resale (occupied at least once)","1964","Deerbourne","1,183","0.21","3","1.0","Public Water","Sewer - Public","Conventional","Individuals"
"501","2029501","779682564600000","CLOSD","4631 Little Creek CT","23234","Chesterfield","Single Family Residence","09/22/2021","$334,320","$334,320","0","New (never occupied)","2020","Little Creek","1,671","","3","2.0","Public Water","Sewer - Public","Conventional","Corporate"
"501","2123050","754-70-73-27-700-000","CLOSD","9109 Redington DR","23235","Chesterfield","Single Family Residence","09/22/2021","$269,500","$270,000","17","Resale (occupied at least once)","1966","Brighton Green","2,028","0.46","3","2.0","Public Water","Sewer - Public","Conventional","Individuals"
"501","2121857","W000-0818-017","CLOSD","1806 Hanover AVE","23220","Richmond City","Single Family Residence","09/22/2021","$995,000","$975,000","7","Resale (occupied at least once)","1905","None","3,044","0.07","3","2.1","Public Water","Sewer - Public","Cash","Individuals"
"501","2123471","739-774-7061","CLOSD","12121 Grey Oaks Park RD","23059","Henrico","Single Family Residence","09/22/2021","$590,000","$620,000","5","Resale (occupied at least once)","2009","Ketterley At Grey Oaks","3,673","0.31","5","3.1","Public Water","Sewer - Public","Conventional","Individuals"
"501","2127642","W000-0457-001","CLOSD","1313 Grove AVE","23220","Richmond City","Single Family Residence","09/22/2021","$875,000","$875,000","5","Resale (occupied at least once)","1898","None","4,095","0.07","5","3.1","Public Water","Sewer - Public","Cash","Individuals"
"501","2127498","C001-1254-062","CLOSD","10761 Old Gun TRCE","23113","Richmond City","Single Family Residence","09/22/2021","$750,000","$743,000","2","Resale (occupied at least once)","2000","Old Gun Trace","4,407","2.86","5","3.1","Public Water","Septic - Alternative","Cash","Individuals"
"501","2126933","N000-1559-003","CLOSD","503 E Ladies Mile RD","23222","Richmond City","Single Family Residence","09/22/2021","$169,900","$162,500","0","Resale (occupied at least once)","1949","Providence Park","625","0.11","2","1.0","Public Water","Sewer - Public","Cash","Individuals"
"501","2126925","756-746-9092","CLOSD","8203 Michael RD","23229","Henrico","Single Family Residence","09/22/2021","$230,000","$240,000","5","Resale (occupied at least once)","1954","Michael Hills","1,626","0.37","3","1.1","Public Water","Sewer - Public","Other","Individuals"
"501","2126490","724-67-05-53-800-111","CLOSD","7381 Norwood Pond PL","23112","Chesterfield","Condominium","09/22/2021","$305,000","$330,000","6","Resale (occupied at least once)","2005","Villas Of Norwood Pond","1,752","27.42","3","2.0","Public Water","Sewer - Public","Cash","Individuals"
"501","2126421","787-64-86-25-400-000","CLOSD","4701 Split Creek CT","23831","Chesterfield","Single Family Residence","09/22/2021","$379,950","$390,000","5","Resale (occupied at least once)","1988","Lora Lynn Heights","2,776","0.43","5","2.1","Public Water","Septic - Conventional","Conventional","Corporate"
"501","2126404","757-747-7854","CLOSD","8007 Yolanda RD","23229","Henrico","Single Family Residence","09/22/2021","$429,000","$478,000","6","Resale (occupied at least once)","1959","Skipwith Farms","2,217","0.41","4","2.1","Public Water","Sewer - Public","Cash","Individuals"
"501","2126224","745-738-7708","CLOSD","406 Gunby DR","23229","Henrico","Single Family Residence","09/22/2021","$289,000","$325,000","7","Resale (occupied at least once)","1961","Brandon","1,480","0.46","4","2.0","Public Water","Community - Sewer/Septic, Sewer - Public","Cash","Individuals"
"501","2126052","731-69-83-85-000-000","CLOSD","13312 Lady Ashley RD","23114","Chesterfield","Single Family Residence","09/22/2021","$400,000","$405,000","3","Resale (occupied at least once)","1983","Queensmill","2,510","0.44","4","2.1","Public Water","Sewer - Public","Conventional","Individuals"
"501","2125931","737-749-3883","CLOSD","11600 Timberly Waye","23238","Henrico","Townhouse","09/22/2021","$259,950","$275,000","3","Resale (occupied at least once)","1983","Sussex Wood","1,920","0.05","3","2.1","Public Water","Sewer - Public","FHA New","Individuals"
"501","2125929","S006-0373-006","CLOSD","1011 W 46th ST","23225","Richmond City","Single Family Residence","09/22/2021","$299,950","$336,000","3","Resale (occupied at least once)","1958","Forest Hill Terrace","1,098","0.17","2","1.1","Public Water","Sewer - Public","Conventional","Individuals"
"501","2125801","S000-0348-006","CLOSD","2010 Albany AVE","23224","Richmond City","Single Family Residence","09/22/2021","$249,000","$300,000","4","Resale (occupied at least once)","2019","None","1,630","0.08","3","2.1","Public Water","Sewer - Public","Conventional","Individuals"
"501","2125708","S000-1728-002","CLOSD","3208 Forest Hill AVE","23225","Richmond City","Single Family Residence","09/22/2021","$350,000","$381,501","4","Resale (occupied at least once)","1924","West Manchester","1,416","0.11","3","1.1","Public Water","Sewer - Public","Conventional","Corporate"
"501","2125659","830-722-3515","CLOSD","1550 Kimbrook LN","23150","Henrico","Single Family Residence","09/22/2021","$265,000","$280,000","3","Resale (occupied at least once)","2020","None","1,400","1.32","3","2.0","Well","Septic - Alternative","Conventional","Individuals"
"501","2125375","769-69-25-49-000-000","CLOSD","6011 Bluffwood CT","23234","Chesterfield","Townhouse","09/22/2021","$215,000","$218,000","6","Resale (occupied at least once)","2009","Belfair Townhouses","1,440","0.05","3","2.1","Public Water","Sewer - Public","Conventional","Individuals"
"501","2125306","756-65-40-45-100-000","CLOSD","11105 Rabbit Ridge RD","23838","Chesterfield","Single Family Residence","09/22/2021","$725,000","$702,500","5","Resale (occupied at least once)","1993","Woodland Pond","5,292","1.12","6","3.2","Public Water","Septic - Conventional","Conventional","Individuals"
"501","2125080","783-744-3350","CLOSD","5319 Gillespie AVE","23228","Henrico","Single Family Residence","09/22/2021","$179,900","$180,000","3","Resale (occupied at least once)","1946","Bloomingdale","1,296","0.18","3","1.0","Well","Sewer - Public","Conventional","Individuals"
"501","2125052","732-759-1845","CLOSD","4005 Wheat CT","23233","Henrico","Single Family Residence","09/22/2021","$699,950","$725,000","8","Resale (occupied at least once)","1995","Burgundy Parke","4,504","0.46","5","4.1","Public Water","Sewer - Public","Cash","Individuals"
"501","2124899","7797-11-7503","CLOSD","9420 Ashking DR","23116","Hanover","Single Family Residence","09/22/2021","$305,000","$305,000","5","Resale (occupied at least once)","1988","Beechwood Farms","2,204","0.32","4","2.1","Public Water","Sewer - Public","USDA","Individuals"
"501","2124740","8737-85-0893","CLOSD","10426 Summer Hill RD","23116","Hanover","Single Family Residence","09/22/2021","$560,000","$608,960","6","Resale (occupied at least once)","1979","None","3,809","8.20","5","2.1","Well","Septic - Conventional","Cash","Individuals"
"501","2124574","7796-97-3779","CLOSD","8909 Ringview DR","23116","Hanover","Townhouse","09/22/2021","$290,000","$297,000","4","Resale (occupied at least once)","2016","Cool Spring","1,562","0.05","3","2.1","Public Water","Sewer - Public","Conventional","Individuals"
"501","2124571","W000-1409-017","CLOSD","210 N Belmont AVE","23221","Richmond City","Single Family Residence","09/22/2021","$400,000","$425,000","7","Resale (occupied at least once)","1914","None","1,428","0.05","3","1.0","Public Water","Sewer - Public","Conventional","Individuals"
"501","2124349","008-9-9","CLOSD","3610 Bolling Rd","23129","Powhatan","Single Family Residence","09/22/2021","$299,900","$310,000","0","New (never occupied)","2021","None","1,372","2.00","3","2.0","Well","Septic - Conventional","Conventional","Corporate"
"501","2124221","747-70-51-14-200-000","CLOSD","10609 Northcliff PL","23236","Chesterfield","Single Family Residence","09/22/2021","$291,000","$305,000","6","Resale (occupied at least once)","1984","Hylton Park","1,777","0.64","4","2.1","Public Water","Sewer - Public","VHDA ","Individuals"
"501","2124158","775-748-3321","CLOSD","3005 Ruthland RD","23228","Henrico","Single Family Residence","09/22/2021","$220,000","$235,000","3","Resale (occupied at least once)","1941","Ruthland","1,368","0.18","3","1.0","Public Water","Sewer - Public","FHA New","Individuals"
"501","2124111","826-720-9196","CLOSD","13 Sanderling AVE","23075","Henrico","Single Family Residence","09/22/2021","$235,000","$252,000","3","Resale (occupied at least once)","1999","Fairlawn","1,472","0.25","3","2.1","Public Water","Sewer - Public","VA New","Individuals"
"501","2124016","754-767-3867","CLOSD","4721 Rollingwood LN","23060","Henrico","Single Family Residence","09/22/2021","$369,990","$399,200","5","Resale (occupied at least once)","1988","The Forest","1,825","0.30","4","2.1","Public Water","Sewer - Public","Conventional","Individuals"
"501","2123394","807-716-5024","CLOSD","2518 Parrish ST","23231","Henrico","Single Family Residence","09/22/2021","$215,000","$222,000","5","Resale (occupied at least once)","2010","Virginia Farms","1,040","0.24","3","2.0","Public Water","Sewer - Public","Cash","Individuals"
"501","2123385","795-65-74-95-000-000","CLOSD","3037 Warfield Estates TER","23831","Chesterfield","Single Family Residence","09/22/2021","$309,900","$329,900","5","Resale (occupied at least once)","1997","Warfield Estates","2,028","0.39","4","3.1","Public Water","Sewer - Public","Conventional","Individuals"
"501","2123252","N000-1557-020","CLOSD","468 Hunt AVE","23222","Richmond City","Single Family Residence","09/22/2021","$214,950","$215,000","7","Resale (occupied at least once)","2018","Providence Park","988","0.09","3","2.0","Public Water","Sewer - Public","Conventional","Individuals"
"501","2122986","824-724-5692","CLOSD","134 N Kalmia AVE","23075","Henrico","Single Family Residence","09/22/2021","$224,950","$230,000","13","Resale (occupied at least once)","1937","Highland Springs","1,192","0.21","3","1.1","Public Water","Sewer - Public","Conventional","Individuals"
"501","2122860","W000-0902-037","CLOSD","105 N Rowland ST","23220","Richmond City","Single Family Residence","09/22/2021","$619,900","$675,000","6","Resale (occupied at least once)","1911","None","2,124","0.05","3","2.0","Public Water","Sewer - Public","Conventional","Individuals"
"501","2122765","776-752-3475","CLOSD","7507 Oakmont DR","23228","Henrico","Single Family Residence","09/22/2021","$275,000","$300,000","4","Resale (occupied at least once)","1958","Oakmont Hills","1,664","0.21","4","2.0","Public Water","Sewer - Public","Conventional","Individuals"
"501","2122649","E000-0327-029","CLOSD","2004 Venable ST","23223","Richmond City","Single Family Residence","09/22/2021","$299,500","$295,000","31","Resale (occupied at least once)","1910","None","1,278","0.04","3","2.1","Public Water","Sewer - Public","Conventional","Partnership"
"501","2122603","028D-1A-1","CLOSD","2764 Birdsong LN","23139","Powhatan","Single Family Residence","09/22/2021","$299,900","$300,000","7","Resale (occupied at least once)","1985","Spencerwood West","1,828","1.58","4","2.0","Well","Septic - Conventional","Conventional","Individuals"
"501","2122295","738-68-81-24-500-000","CLOSD","3004 Duck River CT","23112","Chesterfield","Single Family Residence","09/22/2021","$190,000","$210,650","10","Resale (occupied at least once)","1985","Plum Creek At South Ridge","1,020","0.16","3","2.0","Public Water","Sewer - Public","Conventional","Individuals"
"501","2122247","8715-31-1878","CLOSD","7278 Yellow Wood Tree PL","23111","Hanover","Townhouse","09/22/2021","$385,000","$385,000","4","Resale (occupied at least once)","2020","Cherry Grove Section 1 - Hanover","1,725","0.11","2","2.0","Public Water","Sewer - Public","Conventional","Individuals"
"501","2121519","67-10-0-23-0","CLOSD","4 Roads End LN","23238","Goochland","Single Family Residence","09/22/2021","$1,399,950","$1,475,000","10","Resale (occupied at least once)","1974","Lower Tuckahoe","6,338","3.50","5","4.1","Public Water","Sewer - Public","Conventional","Individuals"
"501","2121367","804-728-5573","CLOSD","2656 Piney Ridge DR","23223","Henrico","Single Family Residence","09/22/2021","$300,000","$305,000","6","Resale (occupied at least once)","2002","Glenwood Lakes","2,148","0.34","4","2.1","Public Water","Sewer - Public","FHA New","Individuals"
"501","2120374","8755-14-8875","CLOSD","3395 Wood Valley RD","23111","Hanover","Single Family Residence","09/22/2021","$734,950","$700,000","44","Resale (occupied at least once)","1996","Idylwild","4,586","10.49","5","3.0","Well","Septic - Conventional","Conventional","Individuals"
"501","2120268","726-69-82-12-700-000","CLOSD","14200 Jeffries PL","23114","Chesterfield","Single Family Residence","09/22/2021","$469,000","$475,000","4","Resale (occupied at least once)","2005","Tanner Village Charter Colony","3,111","0.77","4","3.1","Public Water","Sewer - Public","Conventional","Individuals"
"501","2119646","826-65-97-33-600-000","CLOSD","12254 Declaration AVE","23836","Chesterfield","Single Family Residence","09/22/2021","$499,000","$499,000","31","Resale (occupied at least once)","2013","Mount Blanco On The James","3,900","0.39","5","4.1","Public Water","Sewer - Public","VA New","Individuals"
"501","2119439","754-748-5920","CLOSD","1813 N Parham RD","23229","Henrico","Single Family Residence","09/22/2021","$169,500","$165,000","62","Resale (occupied at least once)","1935","None","1,525","0.48","3","2.0","Public Water","Sewer - Public","Cash","Partnership"
"501","2114519","727-70-20-98-900-000","CLOSD","568 Abbey Village CIR","23114","Chesterfield","Townhouse","09/22/2021","$329,000","$329,000","96","Resale (occupied at least once)","2011","Abbey Village @ Charter Colony","2,272","0.07","3","2.2","Public Water","Sewer - Public","VA New","Individuals"
"501","2035685","M11-1566-0847","CLOSD","6231 Bushnell DR","23124","New Kent","Single Family Residence","09/22/2021","$349,100","$349,100","28","New (never occupied)","2020","Rochambeau Estates","2,373","0.72","4","2.1","Public Water","Septic - Conventional","Conventional","Corporate"
"501","2034934","7769-33-1425","CLOSD","12579 Trammell CT","23005","Hanover","Single Family Residence","09/22/2021","$441,000","$441,000","0","New (never occupied)","2020","The Branches Of Stony Run","2,592","1.17","4","3.0","Well","Septic - Alternative","Conventional","Corporate"
"501","2124074","S006-0396-016","CLOSD","1006 W 47th ST","23225","Richmond City","Single Family Residence","09/23/2021","$299,950","$290,000","9","Resale (occupied at least once)","1939","Forest Hill Terrace","1,784","0.17","4","1.0","Public Water","Sewer - Public","Conventional","Individuals"
"501","2120957","827-713-4859","CLOSD","27 Wootton RD","23150","Henrico","Single Family Residence","09/23/2021","$190,000","$197,000","9","Resale (occupied at least once)","1953","Sandston","1,045","0.28","3","1.0","Public Water","Sewer - Public","VHDA/FHA","Individuals"
"501","2125751","745-756-5814","CLOSD","3601 Springsberry PL","23233","Henrico","Single Family Residence","09/23/2021","$485,000","$501,000","5","Resale (occupied at least once)","1992","Morgan Run","3,083","0.41","5","2.1","Public Water","Sewer - Public","Conventional","Individuals"
"501","2122379","7796-71-6298","CLOSD","9075 Tusing AVE","23116","Hanover","Single Family Residence","09/23/2021","$339,000","$310,000","15","Resale (occupied at least once)","1963","Craney Island Estates","2,028","0.62","4","3.0","Public Water","Sewer - Public","Other","Individuals"
"501","2114181","16-9-0-1-0","CLOSD","6008 Old Columbia RD","23038","Goochland","Single Family Residence","09/23/2021","$299,950","$305,000","76","New (never occupied)","2021","None","1,600","3.03","3","2.0","Well","Septic - Conventional","FHA New","Corporate"
"501","2125710","C005-0861-028","CLOSD","5611 Lipton RD","23225","Richmond City","Single Family Residence","09/23/2021","$240,000","$255,000","5","Resale (occupied at least once)","1968","Westover South","1,576","0.20","4","2.0","Public Water","Sewer - Public","FHA New","Individuals"
"501","2124124","792-63-79-35-800-000","CLOSD","4030 Treely RD","23831","Chesterfield","Single Family Residence","09/23/2021","$278,000","$278,000","12","Resale (occupied at least once)","1966","Treeland Heights","1,699","0.36","3","2.1","Public Water","Septic - Conventional","Conventional","Corporate"
"501","2124823","729-68-66-80-400-000","CLOSD","3308 Fox Chase DR","23112","Chesterfield","Single Family Residence","09/23/2021","$325,000","$330,000","15","Resale (occupied at least once)","1978","Fox Chase","2,047","0.32","3","2.1","Public Water","Sewer - Public","Conventional","Individuals"
"501","2124763","787-64-04-69-100-000","CLOSD","4907 Tooley DR","23831","Chesterfield","Single Family Residence","09/23/2021","$475,000","$465,000","6","Resale (occupied at least once)","2007","Stoney Glen South","3,994","0.66","5","2.2","Public Water","Sewer - Public","FHA New","Individuals"
"501","2101797","7779-49-2110","CLOSD","12125 Mifflin PL","23005","Hanover","Single Family Residence","09/23/2021","$501,900","$537,588","0","New (never occupied)","2021","Lankfords Crossing","2,918","","4","2.1","Public Water","Sewer - Public","Conventional","Corporate"
"501","2125312","761-68-56-41-700-000","CLOSD","4891 Wedgemere RD","23832","Chesterfield","Single Family Residence","09/23/2021","$244,950","$255,000","6","Resale (occupied at least once)","1980","Glen Wood","1,300","0.30","3","1.1","Public Water","Sewer - Public","FHA New","Individuals"
"501","2035118","7796-69-6626","CLOSD","9750 Honeybee DR","23116","Hanover","Single Family Residence","09/23/2021","$561,480","$590,120","68","New (never occupied)","2021","Taylor Farm","3,778","","5","4.1","Public Water","Sewer - Public","Conventional","Corporate"
"501","2112822","710-66-14-51-300-000","CLOSD","8830 Forge Gate LN","23832","Chesterfield","Single Family Residence","09/23/2021","$582,660","$584,025","0","New (never occupied)","2021","Harpers Mill","2,781","","4","3.0","Public Water","Sewer - Public","Conventional","Corporate"
"501","2123469","744-752-4543","CLOSD","2236 Rockwater TER","23238","Henrico","Townhouse","09/23/2021","$235,000","$251,500","5","Resale (occupied at least once)","1986","Stony Run","1,397","0.08","3","2.0","Public Water","Sewer - Public","Conventional","Individuals"
"501","2036791","726697810200000","CLOSD","14333 Revelry BLVD Unit#RD","23114","Chesterfield","Townhouse","09/23/2021","$405,560","$406,055","60","New (never occupied)","2021","Centerpointe Townes","2,269","","3","2.1","Public Water","Sewer - Public","Conventional","Corporate"
"501","2125905","730-66-61-65-700-000","CLOSD","8101 Nashua DR","23112","Chesterfield","Single Family Residence","09/23/2021","$275,000","$275,000","3","Resale (occupied at least once)","1994","Deer Run","1,782","0.34","3","2.1","Public Water","Sewer - Public","Conventional","Individuals"
"501","2125646","768-67-96-01-700-000","CLOSD","6442 Kingsland Creek LN","23832","Chesterfield","Single Family Residence","09/23/2021","$329,000","$334,000","6","Resale (occupied at least once)","2002","Kingsland Glen","2,360","0.30","5","2.1","Public Water","Sewer - Public","FHA New","Individuals"
"501","2102866","20B 1 7","CLOSD","3685 Kingsfield RD","23141","New Kent","Single Family Residence","09/23/2021","$261,700","$266,200","0","New (never occupied)","2021","Kingsfield","1,553","","3","2.1","Well","Septic - Conventional","VA New","Corporate"
"501","2102515","833-723-3549","CLOSD","471 Young DR","23150","Henrico","Single Family Residence","09/23/2021","$250,500","$252,744","8","New (never occupied)","2021","None","1,640","1.36","4","2.1","Public Water","Septic - Conventional","FHA New","Corporate"
"501","2127291","7787-37-9178","CLOSD","10521 Stony Bluff DR Unit#302","23005","Hanover","Condominium","09/23/2021","$219,990","$219,950","0","New (never occupied)","2020","Stony Run","829","0.00","1","1.0","Public Water","Sewer - Public","Cash","Corporate"
"501","2115847","792-64-22-40-500-000","CLOSD","14301 Old Beaver LN","23831","Chesterfield","Single Family Residence","09/23/2021","$410,000","$410,000","51","New (never occupied)","2021","Wellspring","2,904","0.36","4","2.1","Public Water","Sewer - Public","FHA New","Corporate"
"501","2126158","785-752-1934","CLOSD","7407 Seminary AVE","23227","Henrico","Single Family Residence","09/23/2021","$224,900","$251,000","6","Resale (occupied at least once)","1995","Lakeside Terrace","1,040","0.20","3","2.0","Public Water","Sewer - Public","Conventional","Individuals"
"501","2126479","W000-1991-033","CLOSD","4414 Park AVE","23221","Richmond City","Single Family Residence","09/23/2021","$493,000","$521,000","6","Resale (occupied at least once)","1950","Colonial Place","1,637","0.15","4","2.0","Public Water","Sewer - Public","Conventional","Individuals"
"501","2126242","8714-11-5241","CLOSD","7151 Mill Valley RD","23111","Hanover","Single Family Residence","09/23/2021","$255,000","$276,000","3","Resale (occupied at least once)","1988","Mill Valley","1,340","0.22","3","2.0","Public Water","Sewer - Public","Conventional","Individuals"
"501","2126147","759-71-46-11-200-000","CLOSD","8017 W Mount Bella RD","23235","Chesterfield","Single Family Residence","09/23/2021","$440,000","$485,000","4","Resale (occupied at least once)","1965","Crestwood Farms","2,790","1.35","4","3.0","Public Water","Sewer - Public","Conventional","Individuals"
"501","2125940","739-750-3633","CLOSD","2512 Sutton PL","23233","Henrico","Single Family Residence","09/23/2021","$290,000","$310,000","3","Resale (occupied at least once)","1992","Eagles Creek","1,416","0.23","3","2.1","Public Water","Sewer - Public","Conventional","Individuals"
"501","2125867","746-767-6856","CLOSD","4929 Sadler Glen CT","23060","Henrico","Single Family Residence","09/23/2021","$573,300","$601,500","4","Resale (occupied at least once)","2002","Sadler Glen","3,518","0.36","5","4.1","Public Water","Sewer - Public","Conventional","Individuals"
"501","2125820","N000-1599-041","CLOSD","1701 Summit AVE Unit#U10","23230","Richmond City","Condominium","09/23/2021","$299,900","$299,900","5","Resale (occupied at least once)","1920","Summit Lofts Condo","1,005","0.28","2","2.0","Public Water","Sewer - Public","Conventional","Individuals"
"501","2125733","8724-89-2588","CLOSD","6091 Pond Place WAY","23111","Hanover","Single Family Residence","09/23/2021","$399,950","$400,000","2","Resale (occupied at least once)","1998","Pebble Creek","2,886","0.43","5","2.1","Public Water","Sewer - Public","Conventional","Individuals"
"501","2125561","C009-0199-006","CLOSD","3204 Kenyon AVE","23224","Richmond City","Single Family Residence","09/23/2021","$124,950","$138,000","7","Resale (occupied at least once)","1947","Mcguire Village","725","0.22","2","1.0","Public Water","Sewer - Public","Conventional","Individuals"
"501","2125121","805-705-5745","CLOSD","6717 Northbury CT","23231","Henrico","Single Family Residence","09/23/2021","$220,000","$234,000","2","Resale (occupied at least once)","2003","Old Oakland","1,080","0.51","3","2.0","Public Water","Sewer - Public","FHA New","Individuals"
"501","2124936","8705-50-2824","CLOSD","8035 Ellerson Wood DR","23111","Hanover","Single Family Residence","09/23/2021","$350,000","$365,000","6","Resale (occupied at least once)","1987","Ellerson Woods","2,148","0.66","4","2.1","Public Water","Sewer - Public","Conventional","Individuals"
"501","2124778","778-752-1118","CLOSD","2400 Bransford DR","23228","Henrico","Single Family Residence","09/23/2021","$239,900","$190,000","20","Resale (occupied at least once)","1947","Woodland Hills","1,566","0.27","3","2.0","Public Water","Sewer - Public","Other","Individuals"
"501","2124635","E000-0468-014","CLOSD","2116 P ST","23223","Richmond City","Single Family Residence","09/23/2021","$269,950","$290,500","4","Resale (occupied at least once)","1900","Fairmount Park","1,320","0.10","3","2.0","Public Water","Sewer - Public","VHDA/FHA","Individuals"
"501","2124483","N000-1553-006","CLOSD","261 E Ladies Mile RD","23222","Richmond City","Single Family Residence","09/23/2021","$99,950","$90,000","12","Resale (occupied at least once)","1923","Providence Park","1,190","0.20","3","1.1","Public Water","Sewer - Public","Cash","Individuals"
"501","2124358","N000-1553-004","CLOSD","257 E Ladies Mile RD","23222","Richmond City","Single Family Residence","09/23/2021","$124,950","$120,000","6","Resale (occupied at least once)","1925","Providence Park","1,344","0.27","3","2.0","Public Water","Sewer - Public","Cash","Individuals"
"501","2124294","62-21-0-6-0","CLOSD","475 Ada Ash LN","23103","Goochland","Single Family Residence","09/23/2021","$1,195,000","$1,200,000","6","Resale (occupied at least once)","1992","Ashwoods","4,504","8.34","4","3.1","Well","Septic - Conventional","Cash","Individuals"
"501","2124291","W000-0729-017","CLOSD","7 N Allen AVE","23220","Richmond City","Single Family Residence","09/23/2021","$345,000","$360,500","5","Resale (occupied at least once)","1913","None","1,426","0.04","3","2.0","Public Water","Sewer - Public","Conventional","Individuals"
"501","2124144","764-70-19-29-200-000","CLOSD","7206 Elkhardt RD","23225","Chesterfield","Single Family Residence","09/23/2021","$200,000","$208,000","2","Resale (occupied at least once)","1960","Southaven","1,040","0.26","3","1.0","Public Water","Sewer - Public","Cash","Individuals"
"501","2124036","736-780-5990","CLOSD","6032 Collinstone DR","23059","Henrico","Single Family Residence","09/23/2021","$549,999","$583,500","7","Resale (occupied at least once)","2001","Collinstone At Wyndham","3,124","0.23","5","3.1","Public Water","Sewer - Public","Conventional","Individuals"
"501","2123987","741-750-5180.113","CLOSD","10329 Trellis Crossing LN","23238","Henrico","Condominium","09/23/2021","$390,000","$410,000","5","Resale (occupied at least once)","2005","Trellis Crossing","1,906","0.68","2","2.0","Public Water","Sewer - Public","Conventional","Individuals"
"501","2123984","752-741-3562","CLOSD","8717 Mapleton RD","23229","Henrico","Single Family Residence","09/23/2021","$275,000","$275,000","5","Resale (occupied at least once)","1955","Ridgecrest","1,602","0.28","3","2.0","Public Water","Sewer - Public","Conventional","Individuals"
"501","2123950","759-70-92-05-500-000","CLOSD","602 Holly Grove LN","23235","Chesterfield","Single Family Residence","09/23/2021","$399,950","$400,000","5","Resale (occupied at least once)","1976","Buford Estates","3,449","0.63","4","3.0","Public Water","Sewer - Public","VA New","Individuals"
"501","2123801","C001-0958-004","CLOSD","3411 Traylor DR","23235","Richmond City","Single Family Residence","09/23/2021","$499,900","$515,000","6","Resale (occupied at least once)","1966","Traylor Estates","3,166","0.64","4","2.1","Public Water","Sewer - Public","Conventional","Individuals"
"501","2123704","747-776-4996","CLOSD","5428 Lemoore DR","23059","Henrico","Single Family Residence","09/23/2021","$549,950","$585,000","5","Resale (occupied at least once)","2001","Wyndham Forest","3,267","0.35","4","2.1","Public Water","Sewer - Public","VA New","Individuals"
"501","2123697","774-65-93-19-500-000","CLOSD","5932 Eagles Crest DR","23832","Chesterfield","Townhouse","09/23/2021","$270,000","$270,000","7","Resale (occupied at least once)","2007","Eagles Crest","1,930","0.07","3","2.1","Public Water","Sewer - Public","Conventional","Individuals"
"501","2123688","788-68-33-26-800-000","CLOSD","2936 Sherbourne RD","23237","Chesterfield","Single Family Residence","09/23/2021","$199,500","$208,000","5","Resale (occupied at least once)","1955","Wentworth Home Sites","1,390","0.35","3","1.1","Public Water","Sewer - Public","FHA New","Individuals"
"501","2123588","769-758-0474","CLOSD","9204 Stone Meadow DR","23228","Henrico","Townhouse","09/23/2021","$229,900","$245,000","6","Resale (occupied at least once)","2000","Lakeland Towns","1,376","0.04","3","2.1","Public Water","Sewer - Public","Conventional","Individuals"
"501","2123363","726-72-49-64-100-000","CLOSD","13830 Knights Run DR","23113","Chesterfield","Single Family Residence","09/23/2021","$799,999","$840,000","3","Resale (occupied at least once)","2009","Kings Farm","4,534","1.08","5","3.1","Public Water","Sewer - Public","Conventional","Individuals"
"501","2123133","053C-6-14","CLOSD","2240 Westwood Pine DR","23120","Powhatan","Single Family Residence","09/23/2021","$419,900","$429,000","4","Resale (occupied at least once)","1996","Genito West","2,748","5.25","4","2.1","Well","Septic - Conventional","VA New","Individuals"
"501","2122936","798-64-93-39-400-000","CLOSD","2813 Executive DR","23831","Chesterfield","Single Family Residence","09/23/2021","$299,000","$295,000","11","Resale (occupied at least once)","1992","Craddock Point","2,568","0.23","3","2.1","Public Water","Sewer - Public","VA New","Individuals"
"501","2121547","8724-05-8795","CLOSD","7294 Lee Davis RD","23111","Hanover","Single Family Residence","09/23/2021","$279,900","$255,000","38","Resale (occupied at least once)","1968","Brandy Creek Estates","2,184","0.46","5","2.1","Public Water","Sewer - Public","Conventional","Estate"
"501","2121468","8726-55-3678","CLOSD","9300 Honeymoon Cottage WAY","23116","Hanover","Single Family Residence","09/23/2021","$599,950","$610,500","9","Resale (occupied at least once)","1994","Pine Slash","3,985","10.02","5","3.1","Well","Septic - Conventional","Conventional","Individuals"
"501","2121190","788-64-13-46-200-000","CLOSD","14319 Glenmorgan DR","23831","Chesterfield","Single Family Residence","09/23/2021","$485,000","$499,000","19","Resale (occupied at least once)","2006","Stoney Glen South","3,585","0.35","5","2.1","Public Water","Sewer - Public","VA New","Individuals"
"501","2121020","8706-78-4820","CLOSD","9473 Assembly WAY","23116","Hanover","Single Family Residence","09/23/2021","$424,950","$434,950","39","Resale (occupied at least once)","2006","Royal Glen","3,780","0.92","5","3.1","Public Water","Sewer - Public","Conventional","Individuals"
"501","2120235","809-703-6783","CLOSD","6353 Walnut Forest CT","23231","Henrico","Single Family Residence","09/23/2021","$265,000","$275,000","4","Resale (occupied at least once)","1998","Darbytown Meadows","1,920","0.20","4","2.1","Public Water","Sewer - Public","VHDA/FHA","Individuals"
"501","2119543","784-65-88-75-400-000","CLOSD","10813 Wellington Cross WAY","23831","Chesterfield","Single Family Residence","09/23/2021","$649,990","$649,900","2","Resale (occupied at least once)","2012","Wellington Farms","5,112","0.79","7","5.0","Public Water","Sewer - Public","Conventional","Individuals"
"501","2118722","747-69-68-18-400-000","CLOSD","10215 Dakins DR","23236","Chesterfield","Single Family Residence","09/23/2021","$245,000","$260,000","8","Resale (occupied at least once)","1982","Brandywine Forest","1,414","0.27","3","2.0","Public Water","Sewer - Public","Conventional","Individuals"
"501","2118087","C0080141071","CLOSD","5012 Fernbrook PL","23224","Richmond City","Single Family Residence","09/23/2021","$259,777","$270,000","5","Resale (occupied at least once)","2004","Warwick Woods","1,922","","4","2.1","Public Water","Sewer - Public","Conventional","Individuals"
"501","2118051","782-67-49-94-000-000","CLOSD","4331 Cochise TRL","23237","Chesterfield","Single Family Residence","09/23/2021","$274,950","$290,000","5","Resale (occupied at least once)","1972","Indian Springs - Chest","2,106","0.46","4","3.0","Public Water","Sewer - Public","FHA New","Individuals"
"501","2117043","736-669-4810","CLOSD","12800 Bailey Hill Place","23112","Chesterfield","Single Family Residence","09/23/2021","$469,000","$449,000","15","Resale (occupied at least once)","2017","Bayhill Pointe","2,795","0.36","4","2.1","Public Water","Sewer - Public","Other","Individuals"
"501","2116449","794-759-1233","CLOSD","8516 Ashfield Hills TER","23227","Henrico","Single Family Residence","09/23/2021","$498,500","$488,000","23","Resale (occupied at least once)","2006","Ashbury At Stoneleigh","3,962","1.04","5","5.0","Public Water","Sewer - Public","Conventional","Individuals"
"501","2108677","E000-0001-080","CLOSD","1101 Haxall PT Unit#U614","23219","Richmond City","Condominium","09/23/2021","$619,950","$565,000","123","Resale (occupied at least once)","2005","Riverside On The James","1,243","0.03","2","2.0","Public Water","Sewer - Public","Cash","Corporate, Individuals"
"501","2106146","726697890900000","CLOSD","14317 Revelry BLVD Unit#QB","23114","Chesterfield","Townhouse","09/23/2021","$410,525","$418,800","8","New (never occupied)","2021","Centerpointe Townes","2,247","","4","3.1","Public Water","Sewer - Public","Conventional","Corporate"
"501","2103965","734-774-1360","CLOSD","5724 Stonehurst Estates TER","23059","Henrico","Single Family Residence","09/23/2021","$1,413,391","$1,413,391","2","New (never occupied)","2021","Stonehurst","5,739","1.00","6","5.1","Public Water","Sewer - Public","Cash","Corporate"
"501","2101013","Not Yet Assigned","CLOSD","308 Hay Mill ALY","23059","Henrico","Townhouse","09/23/2021","$348,175","$364,345","0","New (never occupied)","2021","River Mill","1,755","","3","2.1","Public Water","Sewer - Public","Conventional","Corporate"
"501","2019698","7779-37-6761","CLOSD","12040 Kenton Ridge RD","23005","Hanover","Single Family Residence","09/23/2021","$553,278","$571,209","129","New (never occupied)","2020","Lankfords Crossing","2,572","0.67","4","2.1","Public Water","Sewer - Public","Conventional","Corporate"
"501","2122147","042B-1B-2","CLOSD","1769 Old Powhatan Estates","23139","Powhatan","Single Family Residence","09/24/2021","$339,000","$375,000","5","Resale (occupied at least once)","1972","Old Powhatan Estates","2,161","1.26","3","2.1","Well","Septic - Conventional","Conventional","Individuals"
"501","2115439","029-5P","CLOSD","2742 Red Lane RD","23139","Powhatan","Single Family Residence","09/24/2021","$735,000","$700,000","56","Resale (occupied at least once)","1988","None","3,718","20.00","3","3.1","Well","Septic - Conventional","Conventional","Individuals"
"501","2120983","815-65-59-56-600-000","CLOSD","12509 Bay Hill DR","23836","Chesterfield","Single Family Residence","09/24/2021","$445,000","$435,000","24","Resale (occupied at least once)","1998","Rivers Bend","3,138","0.65","5","4.1","Public Water","Sewer - Public","FHA New","Individuals"
"501","2121027","788-766-9618","CLOSD","7805 Villa PL","23059","Henrico","Townhouse","09/24/2021","$247,950","$255,000","9","Resale (occupied at least once)","1998","Cross Point","1,452","0.04","3","2.1","Public Water","Sewer - Public","Cash","Individuals"
"501","2102978","810-731-4476","CLOSD","3925 Rosemallow PL","23223","Henrico","Single Family Residence","09/24/2021","$337,725","$337,725","0","New (never occupied)","2021","Harvie Point","1,823","","3","2.1","Public Water","Sewer - Public","Conventional","Corporate"
"501","2102112","810-732-0213","CLOSD","3813 Purple Haze CT","23223","Henrico","Single Family Residence","09/24/2021","$391,220","$391,220","0","New (never occupied)","2021","Harvie Point","2,718","","4","3.0","Public Water","Sewer - Public","Conventional","Corporate"
"501","2100911","765684293300000","CLOSD","7113 Appleman RD","23832","Chesterfield","Single Family Residence","09/24/2021","$346,561","$358,216","0","New (never occupied)","2021","Pennwood Estates","2,123","","3","2.1","Public Water","Sewer - Public","Conventional","Corporate"
"501","2120948","117604","CLOSD","7430 Sedge Dr","23124","New Kent","Single Family Residence","09/24/2021","$395,240","$412,226","30","New (never occupied)","2021","Arbors","2,340","","3","2.1","Public Water","Sewer - Public","VA New","Corporate"
"501","2119993","117441","CLOSD","7851 Faisan LN","23124","New Kent","Single Family Residence","09/24/2021","$339,990","$339,990","0","New (never occupied)","2021","Arbors","1,649","","4","2.1","Public Water","Sewer - Public","VA New","Corporate"
"501","2117329","117537","CLOSD","7990 Uplands DR","23124","New Kent","Single Family Residence","09/24/2021","$407,080","$407,080","73","New (never occupied)","2021","Arbors","2,237","","4","2.1","Public Water","Sewer - Public","VA New","Corporate"
"501","2112635","117538","CLOSD","8006 Uplands DR","23124","New Kent","Single Family Residence","09/24/2021","$399,990","$399,990","96","New (never occupied)","2020","Arbors","2,527","","3","2.1","Public Water","Sewer - Public","VA New","Corporate"
"501","2123905","722-67-62-95-800-000","CLOSD","5900 Waters Edge RD","23112","Chesterfield","Single Family Residence","09/24/2021","$339,950","$365,000","8","Resale (occupied at least once)","1984","Woodlake","2,140","0.47","4","2.1","Public Water","Sewer - Public","Conventional","Individuals"
"501","2117638","722-65-65-11-800-000","CLOSD","12007 Longtown DR","23832","Chesterfield","Single Family Residence","09/24/2021","$373,375","$375,066","2","New (never occupied)","2021","Willow Creek","2,788","0.28","4","2.1","Public Water","Sewer - Public","FHA New Assumption","Corporate"
"501","2114368","768677620200000","CLOSD","6573 Grayhaven Dr","23234","Chesterfield","Single Family Residence","09/24/2021","$384,890","$384,890","0","New (never occupied)","2021","Watermark","2,340","","4","2.1","Public Water","Sewer - Public","FHA New","Corporate"
"501","2125516","038C-9-78","CLOSD","4523 Mattox Crossing CT","23139","Powhatan","Single Family Residence","09/24/2021","$365,000","$379,000","7","Resale (occupied at least once)","2005","Mattox Crossing","2,219","2.63","4","2.2","Well","Septic - Conventional","USDA","Individuals"
"501","2124939","757-766-3678","CLOSD","5132 Chelsea Brook LN","23060","Henrico","Single Family Residence","09/24/2021","$324,950","$325,000","6","Resale (occupied at least once)","1992","Crystal Creek","1,590","0.23","3","2.1","Public Water","Sewer - Public","Conventional","Individuals"
"501","2120224","800-734-5537","CLOSD","3406 Pemberton AVE","23222","Henrico","Single Family Residence","09/24/2021","$269,000","$264,500","55","Resale (occupied at least once)","1955","Brentwood","1,545","0.28","3","2.0","Public Water","Sewer - Public","FHA New","Corporate"
"501","2124132","E000-2816-014","CLOSD","1404 Williamsburg RD","23231","Richmond City","Single Family Residence","09/24/2021","$189,900","$188,900","15","Resale (occupied at least once)","1938","None","840","0.16","2","1.0","Public Water","Sewer - Public","Conventional","Individuals"
"501","2117117","770-67-89-43-100-000","CLOSD","6193 Bowline LN","23234","Chesterfield","Townhouse","09/24/2021","$277,035","$277,035","9","New (never occupied)","2021","Watermark","1,480","0.05","3","2.1","Public Water","Sewer - Public","FHA New","Corporate"
"501","2115399","777-761-6449","CLOSD","1705 Ashcliff WAY","23228","Henrico","Single Family Residence","09/24/2021","$320,000","$310,000","56","Resale (occupied at least once)","2000","Cedar Grove","1,590","0.22","3","2.1","Public Water","Sewer - Public","FHA New","Individuals"
"501","2105364","S0000422015","CLOSD","2129 Tobacco Mill ST Unit#JC","23225","Richmond City","Townhouse","09/24/2021","$359,765","$353,450","12","New (never occupied)","2021","Belle Heights","1,916","","3","2.1","Public Water","Sewer - Public","Conventional","Corporate"
"501","2022721","016C-6-4","CLOSD","3584 Calvins TRL","23139","Powhatan","Single Family Residence","09/24/2021","$450,950","$610,316","0","New (never occupied)","2021","Aston","3,249","","4","4.1","Well","Septic - Conventional","Conventional","Corporate"
"501","2125582","807-704-1067","CLOSD","1524 Trailing Ridge RD","23231","Henrico","Single Family Residence","09/24/2021","$245,000","$245,000","9","Resale (occupied at least once)","1998","Varina Station","2,297","0.26","4","2.1","Public Water","Sewer - Public","FHA New","Individuals"
"501","2124782","014-1-1B","CLOSD","4716 Powhatan Lakes RD","23139","Powhatan","Single Family Residence","09/24/2021","$295,000","$295,000","6","New (never occupied)","2021","None","1,431","1.32","3","2.0","Well","Septic - Alternative","Conventional","Corporate"
"501","2122218","826-720-9885","CLOSD","330 Cedarwood RD","23075","Henrico","Townhouse","09/24/2021","$112,500","$120,000","12","Resale (occupied at least once)","1972","Fairlawn Townhouses","1,060","0.05","3","1.1","Public Water","Sewer - Public","FHA New","Individuals"
"501","2117122","741-778-6343","CLOSD","11935 Park Forest WAY","23059","Henrico","Single Family Residence","09/24/2021","$300,000","$325,000","4","Resale (occupied at least once)","1993","Park Forest At Wyndham","1,344","0.22","3","2.0","Public Water","Sewer - Public","Conventional","Corporate"
"501","2123395","720-67-64-83-400-000","CLOSD","14608 Mill Spring CIR","23112","Chesterfield","Single Family Residence","09/24/2021","$249,000","$250,000","5","Resale (occupied at least once)","1985","Mill Spring","1,468","0.19","3","2.1","Public Water","Sewer - Public","FHA New","Individuals"
"501","2119715","784-67-69-83-000-000","CLOSD","3700 Pennyweight CT","23237","Chesterfield","Single Family Residence","09/24/2021","$369,500","$369,500","15","Resale (occupied at least once)","2016","Silverleaf","2,380","0.17","3","2.1","Public Water","Sewer - Public","FHA New","Individuals"
"501","2113729","S000-2147-009","CLOSD","3503 Moody AVE","23225","Richmond City","Single Family Residence","09/24/2021","$325,000","$320,000","37","Resale (occupied at least once)","1919","West Manchester","1,500","0.12","3","2.1","Public Water","Sewer - Public","Conventional","Individuals"
"501","2124552","798-65-08-23-400-000","CLOSD","2719 Sand Hills DR","23831","Chesterfield","Single Family Residence","09/24/2021","$209,000","$209,000","7","Resale (occupied at least once)","1985","Craddock Point","1,560","0.30","4","2.0","Public Water","Sewer - Public","Conventional","Individuals"
"501","2124554","731-66-63-41-900-000","CLOSD","7842 Sunday Silence LN","23112","Chesterfield","Single Family Residence","09/24/2021","$279,999","$283,500","25","Resale (occupied at least once)","1993","Deer Run","1,710","0.47","3","2.1","Public Water","Sewer - Public","FHA New","Individuals"
"501","2124165","038A-3-15","CLOSD","3950 Olde Links CT","23139","Powhatan","Single Family Residence","09/24/2021","$428,500","$430,000","5","Resale (occupied at least once)","2006","Mill Quarter","2,694","1.35","5","3.1","Community Well","Septic - Conventional","Conventional","Individuals"
"501","2125996","760-67-61-72-300-000","CLOSD","8700 Corcoran PL","23832","Chesterfield","Single Family Residence","09/24/2021","$285,000","$300,000","8","Resale (occupied at least once)","2002","Rolling Hills","1,726","0.44","3","2.1","Public Water","Sewer - Public","Cash","Individuals"
"501","2123978","730-69-81-71-200-000","CLOSD","1201 Shirlton RD","23114","Chesterfield","Single Family Residence","09/24/2021","$419,900","$426,750","16","Resale (occupied at least once)","1984","Queensmill","2,654","0.77","5","3.0","Public Water","Sewer - Public","FHA New Assumption","Individuals"
"501","2121541","749-70-36-54-400-000","CLOSD","9818 Mosswood RD","23236","Chesterfield","Single Family Residence","09/24/2021","$299,990","$295,000","6","Resale (occupied at least once)","1977","Reams Run","2,233","0.39","4","2.0","Public Water","Sewer - Public","FHA New","Individuals"
"501","2127630","W000-1033-011","CLOSD","204 S Addison ST","23220","Richmond City","Single Family Residence","09/24/2021","$150,000","$180,000","1","Resale (occupied at least once)","1921","None","1,456","0.03","3","1.1","Public Water","Sewer - Public","Cash","Individuals"
"501","2127328","767-737-9055.014","CLOSD","6018 Bremo RD","23226","Henrico","Townhouse","09/24/2021","$285,000","$296,500","7","Resale (occupied at least once)","1985","Westhampton Place Condominium","922","3.54","2","2.1","Public Water","Sewer - Public","Cash","Individuals"
"501","2127095","13-1-0-13-A","CLOSD","3840 Cabin RD","23065","Goochland","Single Family Residence","09/24/2021","$289,950","$295,500","20","Resale (occupied at least once)","1999","None","2,120","3.60","3","3.0","Well","Septic - Conventional","Cash","Individuals"
"501","2126352","718-66-75-11-700-000","CLOSD","15012 Featherchase DR","23832","Chesterfield","Single Family Residence","09/24/2021","$259,000","$283,000","8","Resale (occupied at least once)","1998","Ashbrook","1,364","0.18","3","2.0","Public Water","Sewer - Public","Conventional","Individuals"
"501","2126234","738-70-02-43-300-000","CLOSD","11807 Smoketree DR","23236","Chesterfield","Single Family Residence","09/24/2021","$369,500","$400,000","2","Resale (occupied at least once)","1981","Smoketree","2,434","0.36","4","2.1","Public Water","Sewer - Public","Conventional","Individuals"
"501","2126165","8705-80-5220","CLOSD","8101 Old Glen Dale CT","23111","Hanover","Single Family Residence","09/24/2021","$445,025","$456,025","8","Resale (occupied at least once)","2014","The Villas At Rose Hill","2,322","0.13","4","3.0","Public Water","Sewer - Public","Cash","Individuals"
"501","2126077","766-69-09-62-900-000","CLOSD","6910 Lightwood CT","23832","Chesterfield","Single Family Residence","09/24/2021","$195,000","$218,000","5","Resale (occupied at least once)","1982","Old Creek West","1,024","0.29","3","1.0","Public Water","Sewer - Public","Conventional","Individuals"
"501","2125986","760-750-1591","CLOSD","2603 Rudolph RD","23294","Henrico","Single Family Residence","09/24/2021","$285,000","$325,000","5","Resale (occupied at least once)","1991","Tuckahoe Park","1,610","0.26","3","2.1","Public Water","Sewer - Public","Conventional","Individuals"
"501","2125862","792-63-68-02-000-000","CLOSD","3931 Harrow DR","23831","Chesterfield","Single Family Residence","09/24/2021","$278,990","$285,000","2","Resale (occupied at least once)","2016","Windsor Hills","1,470","0.55","3","2.0","Public Water","Sewer - Public","VA New","Individuals"
"501","2125798","748-766-8498","CLOSD","4808 Cedar Branch CT","23060","Henrico","Single Family Residence","09/24/2021","$389,950","$420,000","6","Resale (occupied at least once)","1990","Cedars At Innsbrook","2,158","0.24","4","3.0","Public Water","Sewer - Public","Other","Individuals"
"501","2125678","785-763-6883","CLOSD","9689 Telegraph RD","23060","Henrico","Single Family Residence","09/24/2021","$259,000","$282,000","6","Resale (occupied at least once)","1997","Stonefield","1,484","0.32","3","2.1","Public Water","Sewer - Public","Conventional","Individuals"
"501","2125655","797-64-11-60-100-000","CLOSD","3012 Fielding RD","23834","Chesterfield","Single Family Residence","09/24/2021","$239,950","$240,000","6","Resale (occupied at least once)","1984","Happy Hill Farms","1,300","0.30","3","2.0","Public Water","Sewer - Public","FHA New","Individuals"
"501","2125618","W000-2000-018","CLOSD","4402 Fitzhugh AVE","23230","Richmond City","Single Family Residence","09/24/2021","$335,000","$391,000","5","Resale (occupied at least once)","1932","Monument Avenue Park","1,210","0.12","3","1.0","Public Water","Sewer - Public","Conventional","Individuals"
"501","2125593","787-61-00-80-300-000","CLOSD","21312 Robertson AVE","23803","Chesterfield","Single Family Residence","09/24/2021","$165,000","$168,000","3","Resale (occupied at least once)","1956","Robertson Place","960","0.35","2","1.1","Public Water","Sewer - Public","Conventional","Individuals"
"501","2125569","727-72-06-68-000-000","CLOSD","13620 Solstice CLOSE","23113","Chesterfield","Single Family Residence","09/24/2021","$630,000","$730,000","4","Resale (occupied at least once)","1980","Salisbury","3,790","1.04","5","3.0","Public Water","Sewer - Public","Conventional","Individuals"
"501","2125549","788-766-2031.198","CLOSD","701 Masters ROW Unit#F","23059","Henrico","Condominium","09/24/2021","$189,000","$189,000","4","Resale (occupied at least once)","1998","Links Condominiums","1,150","15.20","2","2.0","Public Water","Sewer - Public","Conventional","Individuals"
"501","2125487","C001-0958-006","CLOSD","3421 Traylor DR","23235","Richmond City","Single Family Residence","09/24/2021","$585,000","$629,000","6","Resale (occupied at least once)","1964","Traylor Estates","3,446","0.64","4","4.1","Public Water","Sewer - Public","Conventional","Individuals"
"501","2125437","769-760-6002.098","CLOSD","10207 Wolfe Manor #902 CT Unit#902","23060","Henrico","Condominium","09/24/2021","$169,950","$175,000","2","Resale (occupied at least once)","1994","Landings At Laurel","1,040","0.02","2","2.0","Public Water","Sewer - Public","Conventional","Individuals"
"501","2125403","748-69-55-34-000-000","CLOSD","1830 Celia CRES","23236","Chesterfield","Single Family Residence","09/24/2021","$250,000","$263,000","9","Resale (occupied at least once)","1989","Dakins Landing","1,379","0.38","3","2.0","Public Water","Sewer - Public","Conventional","Individuals"
"501","2125362","8714-31-1471","CLOSD","7078 Senn WAY","23111","Hanover","Single Family Residence","09/24/2021","$219,000","$205,000","10","Resale (occupied at least once)","1978","Beaverdam Park The Vlgs Of","972","0.11","3","1.1","Public Water","Sewer - Public","Conventional","Individuals"
"501","2125341","759-69-73-92-200-000","CLOSD","8233 Surreywood DR","23235","Chesterfield","Single Family Residence","09/24/2021","$345,000","$362,000","16","Resale (occupied at least once)","1974","Surreywood","2,908","0.38","4","3.1","Public Water","Sewer - Public","Conventional","Individuals"
"501","2125338","810-715-9413","CLOSD","3214 Emporia ST","23231","Henrico","Single Family Residence","09/24/2021","$199,975","$200,000","3","Resale (occupied at least once)","1948","Eastover Garden","1,194","0.19","3","1.1","Public Water","Sewer - Public","FHA New","Individuals"
"501","2125331","818-64-90-28-900-000","CLOSD","13418 Koyoto DR","23836","Chesterfield","Single Family Residence","09/24/2021","$290,000","$320,000","4","Resale (occupied at least once)","1998","Bermuda Orchard","1,842","0.32","3","2.0","Public Water","Sewer - Public","Cash","Individuals"
"501","2125269","771-749-9121","CLOSD","7222 Birch Point DR","23228","Henrico","Townhouse","09/24/2021","$315,000","$318,500","6","Resale (occupied at least once)","2008","Glenside Woods","2,106","0.07","3","2.1","Public Water","Sewer - Public","Conventional","Individuals"
"501","2125134","791-67-89-49-500-000","CLOSD","2528 Troycott PL","23237","Chesterfield","Single Family Residence","09/24/2021","$180,000","$210,000","6","Resale (occupied at least once)","1979","Patterson Park","1,075","0.20","3","1.0","Public Water","Sewer - Public","FHA New","Individuals"
"501","2125118","788-64-80-05-000-000","CLOSD","4615 Riderwood WAY","23831","Chesterfield","Single Family Residence","09/24/2021","$390,000","$405,000","3","Resale (occupied at least once)","2005","Lora Lynn Heights","2,938","0.35","3","2.1","Public Water","Septic - Conventional","VA New","Individuals"
"501","2124951","777-67-65-96-300-000","CLOSD","5224 Summerleaf DR","23234","Chesterfield","Single Family Residence","09/24/2021","$199,900","$199,000","24","Resale (occupied at least once)","1980","Orchardhill","1,368","0.22","3","1.0","Public Water","Sewer - Public","Cash","Individuals"
"501","2124937","7778-64-4297","CLOSD","11302 Old Scotland RD","23059","Hanover","Single Family Residence","09/24/2021","$349,950","$349,950","6","Resale (occupied at least once)","2011","Cedarlea Park","2,070","0.15","3","2.1","Public Water","Sewer - Public","Conventional","Individuals"
"501","2124705","748-69-40-63-300-000","CLOSD","10202 Claybar TRL","23236","Chesterfield","Single Family Residence","09/24/2021","$249,000","$250,000","10","Resale (occupied at least once)","1996","Arrowhead","1,512","0.87","4","2.0","Public Water","Sewer - Public","VHDA/FHA","Individuals"
"501","2124695","C008-0712-006","CLOSD","4219 Walmsley BLVD","23234","Richmond City","Single Family Residence","09/24/2021","$224,900","$260,000","8","Resale (occupied at least once)","1957","None","2,125","0.80","3","2.1","Public Water","Sewer - Public","FHA New","Individuals"
"501","2124659","783-68-03-11-600-000","CLOSD","3924 Beulah RD","23237","Chesterfield","Single Family Residence","09/24/2021","$230,000","$250,000","3","Resale (occupied at least once)","1974","Ravensdale","1,520","0.37","3","1.1","Public Water","Sewer - Public","VA New","Individuals"
"501","2124588","756-751-5749","CLOSD","8518 Lansdowne RD","23229","Henrico","Single Family Residence","09/24/2021","$275,000","$286,000","5","Resale (occupied at least once)","1994","Lansdowne Woods","1,208","0.28","3","2.0","Public Water","Sewer - Public","Conventional","Individuals"
"501","2124555","735-66-84-22-500-000","CLOSD","9518 Buffalo Springs DR","23112","Chesterfield","Single Family Residence","09/24/2021","$460,000","$465,000","1","Resale (occupied at least once)","2020","Bayhill Pointe","3,010","0.44","5","3.0","Public Water","Sewer - Public","FHA New","Individuals"
"501","2124541","S000-2903-012","CLOSD","3701 Decatur ST","23224","Richmond City","Single Family Residence","09/24/2021","$180,000","$166,000","5","Resale (occupied at least once)","1930","Weisigers Addition","1,298","0.23","4","1.1","Public Water","Sewer - Public","Cash","Individuals"
"501","2124523","769-762-8307","CLOSD","3006 Sara Jean TER Unit#3006","23060","Henrico","Townhouse","09/24/2021","$220,000","$220,000","3","Resale (occupied at least once)","1994","Laurel Lakes Ths","1,292","0.04","3","2.1","Public Water","Sewer - Public","FHA New","Individuals"
"501","2124420","W019-0273-011","CLOSD","4702 Grove AVE","23226","Richmond City","Single Family Residence","09/24/2021","$425,000","$390,000","14","Resale (occupied at least once)","1955","Colonial Place Annex","1,317","0.15","3","1.1","Public Water","Sewer - Public","Cash","Individuals"
"501","2124320","738-752-6503","CLOSD","2139 Oakhampton PL","23233","Henrico","Single Family Residence","09/24/2021","$309,900","$312,000","7","Resale (occupied at least once)","1993","Edenberry","1,563","0.29","3","2.1","Public Water","Sewer - Public","Conventional","Individuals"
"501","2124295","761-760-8466","CLOSD","8720 Pine Top DR","23294","Henrico","Single Family Residence","09/24/2021","$309,900","$300,000","6","Resale (occupied at least once)","1982","Walton Farms","1,830","0.28","4","2.0","Public Water","Sewer - Public","VA New","Corporate"
"501","2124169","738-751-3075","CLOSD","2109 Oakhampton PL","23233","Henrico","Single Family Residence","09/24/2021","$305,000","$326,000","5","Resale (occupied at least once)","1994","Edenberry","1,548","0.18","3","2.1","Public Water","Sewer - Public","Conventional","Individuals"
"501","2124064","732-70-49-56-000-000","CLOSD","12935 Ashtree RD","23114","Chesterfield","Single Family Residence","09/24/2021","$345,000","$345,000","23","Resale (occupied at least once)","1977","Walton Park","2,360","0.26","4","2.1","Public Water","Sewer - Public","FHA New","Individuals"
"501","2123975","711-68-31-89-300-000","CLOSD","16803 Jaydee Ct","23120","Chesterfield","Single Family Residence","09/24/2021","$490,000","$475,000","18","Resale (occupied at least once)","2005","Summer Lake","3,479","","6","4.0","Public Water","Sewer - Public","FHA New","Individuals"
"501","2123947","748-740-1713","CLOSD","9203 Avalon DR","23229","Henrico","Single Family Residence","09/24/2021","$399,950","$460,000","9","Resale (occupied at least once)","1967","Westriver Hills","2,812","0.36","4","3.0","Public Water","Sewer - Public","Conventional","Individuals"
"501","2123841","782-68-49-64-200-000","CLOSD","3911 Meadowdale BLVD","23234","Chesterfield","Single Family Residence","09/24/2021","$199,950","$220,000","5","Resale (occupied at least once)","1975","Meadowdale","1,544","0.24","3","1.1","Public Water","Sewer - Public","FHA New","Individuals"
"501","2123683","743-733-3815","CLOSD","9307 S Mooreland RD","23229","Henrico","Single Family Residence","09/24/2021","$745,000","$765,000","7","Resale (occupied at least once)","1978","Dorset Woods South","3,365","0.63","5","2.1","Public Water","Sewer - Public","Conventional","Individuals"
"501","2123605","728-66-87-12-300-000","CLOSD","7717 Belmont Stakes DR","23112","Chesterfield","Single Family Residence","09/24/2021","$345,000","$345,000","2","Resale (occupied at least once)","1991","Triple Crown","2,208","0.30","4","2.1","Public Water","Sewer - Public","Conventional","Individuals"
"501","2123602","7870-63-0257","CLOSD","124 Wesley ST","23005","Hanover","Single Family Residence","09/24/2021","$149,950","$158,000","5","Resale (occupied at least once)","1964","None","640","0.12","2","1.0","Public Water","Sewer - Public","Conventional","Estate"
"501","2123509","823-724-4792","CLOSD","101 N Holly AVE","23075","Henrico","Single Family Residence","09/24/2021","$124,900","$136,000","5","Resale (occupied at least once)","1937","Highland Springs","1,544","0.14","3","2.0","Public Water","Sewer - Public","Cash","Individuals"
"501","2123382","744-65-78-35-000-000","CLOSD","10600 Spring Run RD","23832","Chesterfield","Single Family Residence","09/24/2021","$500,000","$505,000","14","Resale (occupied at least once)","1995","None","2,440","4.80","3","2.0","Well","Septic - Conventional","Conventional","Individuals"
"501","2123007","725-71-01-16-600-000","CLOSD","1341 Winfree Creek LN","23113","Chesterfield","Townhouse","09/24/2021","$389,000","$370,000","20","Resale (occupied at least once)","2019","Winterfield Park","2,117","0.03","2","3.1","Public Water","Sewer - Public","Conventional","Individuals"
"501","2122977","826-65-92-23-900-000","CLOSD","12224 Declaration AVE","23836","Chesterfield","Single Family Residence","09/24/2021","$440,000","$435,000","32","Resale (occupied at least once)","2014","Mount Blanco On The James","3,234","0.36","5","2.1","Public Water","Sewer - Public","VA New","Individuals"
"501","2122884","781-68-35-18-200-000","CLOSD","6024 Restingway LN","23234","Chesterfield","Single Family Residence","09/24/2021","$265,000","$270,000","0","Resale (occupied at least once)","1968","Meadowdale","1,938","0.23","4","2.0","Public Water","Sewer - Public","Conventional","Individuals"
"501","2122749","C006-0566-045","CLOSD","5129 Warwick RD","23224","Richmond City","Single Family Residence","09/24/2021","$239,990","$208,000","13","Resale (occupied at least once)","2016","Villas At Parker Green","1,560","0.11","3","2.1","Public Water","Sewer - Public","VA New","Individuals"
"501","2122733","763-64-75-28-700-000","CLOSD","8330 Kintail DR","23838","Chesterfield","Single Family Residence","09/24/2021","$719,000","$724,000","7","Resale (occupied at least once)","1998","The Highlands","3,997","1.46","5","3.1","Public Water","Septic - Conventional","Conventional","Individuals"
"501","2122655","793-743-2695","CLOSD","305 Flicker DR","23227","Henrico","Single Family Residence","09/24/2021","$205,000","$240,000","6","Resale (occupied at least once)","1965","Meadowood","2,184","0.30","5","2.1","Public Water","Sewer - Public","FHA New","Estate"
"501","2122646","796-64-06-10-300-000","CLOSD","3128 Loganwood DR","23834","Chesterfield","Single Family Residence","09/24/2021","$225,000","$235,000","5","Resale (occupied at least once)","1983","Happy Hill Farms","1,632","0.27","4","2.0","Public Water","Sewer - Public","FHA New","Individuals"
"501","2122644","810-728-5292","CLOSD","1024 Leslie Ann DR","23223","Henrico","Single Family Residence","09/24/2021","$229,950","$245,000","21","Resale (occupied at least once)","1988","Mitcheltree","1,538","0.17","3","1.1","Public Water","Sewer - Public","VA New","Individuals"
"501","2122445","S000-2792-005","CLOSD","4202 Forest Hill AVE","23225","Richmond City","Single Family Residence","09/24/2021","$525,000","$530,000","6","Resale (occupied at least once)","2010","Forest Hill Park","2,396","0.24","3","2.1","Public Water","Sewer - Public","Conventional","Individuals"
"501","2122361","786-750-8132","CLOSD","5431 Moss Side AVE","23227","Henrico","Single Family Residence","09/24/2021","$329,900","$329,900","22","Resale (occupied at least once)","2018","Club Court","1,680","0.22","4","2.1","Public Water","Sewer - Public","Conventional","Individuals"
"501","2122300","828-695-7959","CLOSD","7271 Narrowridge RD","23231","Henrico","Single Family Residence","09/24/2021","$280,000","$275,000","19","Resale (occupied at least once)","1983","Darbytown Estates","1,570","2.29","4","2.0","Well","Septic - Conventional","FHA New","Individuals"
"501","2121976","752-71-71-84-500-000","CLOSD","9416 Beckham DR","23235","Chesterfield","Single Family Residence","09/24/2021","$279,000","$279,000","14","Resale (occupied at least once)","1960","Englewood","1,644","0.48","3","1.1","Public Water","Septic - Conventional","Conventional","Corporate"
"501","2121871","C001-1053-040","CLOSD","3121 Westgate DR","23235","Richmond City","Single Family Residence","09/24/2021","$385,000","$375,000","47","Resale (occupied at least once)","1959","Hobby Hill Farms","2,138","0.45","3","2.0","Public Water","Sewer - Public","Conventional","Individuals"
"501","2121373","819-721-8885","CLOSD","513 S Holly AVE","23075","Henrico","Single Family Residence","09/24/2021","$199,950","$200,000","5","Resale (occupied at least once)","1962","Highland Springs","1,082","0.60","3","1.0","Public Water","Septic - Conventional","VHDA/FHA","Individuals"
"501","2120762","726-68-43-22-200-000","CLOSD","3512 Walkers Ferry CT","23112","Chesterfield","Single Family Residence","09/24/2021","$399,500","$399,500","22","Resale (occupied at least once)","1979","Brandermill","3,064","0.58","5","3.1","Public Water","Sewer - Public","Conventional","Individuals"
"501","2120738","788-66-42-44-000-000","CLOSD","4036 Hilltop Field DR","23831","Chesterfield","Single Family Residence","09/24/2021","$250,000","$239,000","66","Resale (occupied at least once)","1989","Hilltop Farms","1,596","0.23","4","2.0","Public Water","Sewer - Public","Cash","Individuals"
"501","2120602","779-751-6803","CLOSD","7219 Hermitage RD","23228","Henrico","Single Family Residence","09/24/2021","$265,000","$235,016","21","Resale (occupied at least once)","1948","Acreage","1,616","0.31","4","2.1","Public Water","Sewer - Public","Conventional","Individuals"
"501","2119801","792-64-28-45-700-000","CLOSD","14200 Cherry ST","23831","Chesterfield","Single Family Residence","09/24/2021","$225,000","$225,000","18","Resale (occupied at least once)","1978","Locust Grove","1,490","0.29","3","1.1","Public Water","Septic - Conventional","VHDA/FHA","Individuals"
"501","2119359","824-64-34-88-800-000","CLOSD","1306 Whitley CT","23836","Chesterfield","Single Family Residence","09/24/2021","$247,500","$243,000","57","Resale (occupied at least once)","1983","Prestwould Farms","1,350","","3","2.1","Public Water","Sewer - Public","Conventional","Individuals"
"501","2119078","782-746-3171","CLOSD","5812 Bloomingdale AVE","23228","Henrico","Single Family Residence","09/24/2021","$425,000","$475,000","7","Resale (occupied at least once)","1889","None","3,168","1.78","5","2.0","Public Water","Sewer - Public","Conventional","Individuals"
"501","2118613","778-747-9946","CLOSD","2606 Maplewood RD","23228","Henrico","Single Family Residence","09/24/2021","$199,950","$198,000","20","Resale (occupied at least once)","1942","Hermitage Park","1,548","0.32","3","1.1","Public Water","Sewer - Public","Conventional","Individuals"
"501","2118166","804-64-42-38-300-000","CLOSD","14500 Woods Edge RD","23834","Chesterfield","Single Family Residence","09/24/2021","$1,495,000","$1,495,000","14","Resale (occupied at least once)","2008","None","6,775","53.20","4","3.1","Well","Septic - Conventional","Cash","Individuals"
"501","2117858","7797-55-1205","CLOSD","10261 Matthews Grove LN","23116","Hanover","Single Family Residence","09/24/2021","$349,900","$335,000","50","Resale (occupied at least once)","1991","Kings Charter","2,479","0.26","4","2.1","Public Water","Sewer - Public","Conventional","Individuals"
"501","2117432","774-68-74-64-900-000","CLOSD","5511 Spoke CT","23234","Chesterfield","Single Family Residence","09/24/2021","$275,000","$280,000","38","Resale (occupied at least once)","1969","Trampling Farms","2,479","0.45","4","2.1","Public Water","Sewer - Public","Conventional","Estate"
"501","2116728","W000-0610-013","CLOSD","1501 Hanover AVE","23220","Richmond City","Condominium","09/24/2021","$744,000","$780,000","20","Resale (occupied at least once)","1922","None","2,019","0.09","3","3.1","Public Water","Sewer - Public","Conventional","Corporate"
"501","2116392","747-64-94-01-800-000","CLOSD","11800 Eagle Pass DR","23838","Chesterfield","Single Family Residence","09/24/2021","$455,000","$455,000","38","Resale (occupied at least once)","2002","Beechwood Forest","3,100","3.27","5","2.0","Well","Other - See Remarks","Other","Individuals"
"501","2115995","762-748-6059","CLOSD","2322 Pathfinder CIR","23294","Henrico","Single Family Residence","09/24/2021","$319,900","$331,000","4","Resale (occupied at least once)","1980","Thousand Oaks","2,028","0.27","4","2.1","Public Water","Sewer - Public","Conventional","Individuals"
"501","2113707","752698336800002","CLOSD","1706 Providence Villas CT Unit#25B","23236","Chesterfield","Condominium","09/24/2021","$389,940","$390,000","3","New (never occupied)","2019","The Villas At Providence","2,059","","3","2.0","Public Water","Sewer - Public","Conventional","Corporate"
"501","2112761","N000-1348-011","CLOSD","3406 Montrose AVE","23222","Richmond City","Single Family Residence","09/24/2021","$299,995","$320,000","14","Resale (occupied at least once)","1932","Wrights Park","1,817","0.21","3","2.0","Public Water","Sewer - Public","Conventional","Individuals"
"501","2111913","027A-12-2","CLOSD","3620 Branch Lake CT","23139","Powhatan","Single Family Residence","09/24/2021","$639,950","$651,150","50","New (never occupied)","2021","Branchway Forest","3,561","3.58","4","3.1","Well","Septic - Conventional","Conventional","Corporate"
"501","2111084","772-735-5697.181","CLOSD","5100 Monument AVE Unit#1215","23230","Henrico","Condominium","09/24/2021","$219,000","$215,000","113","Resale (occupied at least once)","1961","5100 Monument","1,265","0.02","2","1.0","Public Water","Sewer - Public","Cash","Individuals"
"501","2106084","S0000422017","CLOSD","2121 Tobacco Mill ST Unit#JA","23225","Richmond City","Townhouse","09/24/2021","$374,765","$365,690","6","New (never occupied)","2021","Belle Heights","1,920","","3","2.2","Public Water","Sewer - Public","VA New","Corporate"
"501","2029576","700-67-27-01-200-000","CLOSD","18013 Timber Banks LN","23120","Chesterfield","Single Family Residence","09/24/2021","$822,276","$884,135","2","New (never occupied)","2020","Magnolia Green","4,146","","5","5.1","Public Water","Sewer - Public","Conventional","Corporate"
"501","REIN10388978","117604","CLOSD","7430 Sedge DR","23124","New Kent","Single Family Residence","09/24/2021","$395,240","$412,226","29","New (never occupied)","2021","NEW KENT","2,340","","3","3.0","Public Water","Public Sewer On Site","",""
"501","REIN10382723","117537","CLOSD","7990 Uplands DR","23124","New Kent","Single Family Residence","09/24/2021","$409,580","$407,080","80","New (never occupied)","2021","NEW KENT","2,185","","4","3.0","Public Water","Public Sewer On Site","",""
"501","REIN10374997","117538","CLOSD","8006 Uplands DR","23124","New Kent","Single Family Residence","09/24/2021","$395,990","$407,580","97","New (never occupied)","2021","NEW KENT","2,527","","3","3.0","Public Water","Public Sewer On Site","",""
"501","2120733","793-66-57-44-700-000","CLOSD","10148 Brandywine AVE","23237","Chesterfield","Single Family Residence","09/26/2021","$215,000","$220,000","4","Resale (occupied at least once)","2010","Central Park","1,218","0.08","3","2.0","Public Water","Sewer - Public","VHDA/FHA","Individuals"
"501","2104109","K07-1643-2605","CLOSD","3686 Kingsfield RD","23141","New Kent","Single Family Residence","09/27/2021","$343,050","$343,050","95","New (never occupied)","2021","Kingsfield","1,719","0.45","4","2.1","Well","Septic - Conventional","VA New","Corporate"
"501","2117588","823-694-2793","CLOSD","7237 Oakmere CT","23231","Henrico","Single Family Residence","09/27/2021","$389,000","$380,000","8","Resale (occupied at least once)","2004","Windsor Oaks","2,783","0.32","5","2.1","Public Water","Sewer - Public","Cash","Individuals"
"501","2125835","C004-0582-020","CLOSD","6916 Stratford Townes PL","23225","Richmond City","Townhouse","09/27/2021","$305,000","$305,000","14","Resale (occupied at least once)","2006","Townes At Stratford","2,033","0.04","3","3.1","Public Water","Sewer - Public","Conventional","Corporate"
"501","2123407","780-69-12-69-600-000","CLOSD","4140 October RD","23234","Chesterfield","Single Family Residence","09/27/2021","$328,000","$324,000","32","Resale (occupied at least once)","1971","Meadowbrook West","1,736","0.38","4","3.0","Public Water","Sewer - Public","Conventional","Individuals"
"501","2124121","E000-0877-006","CLOSD","1114 N 34th ST","23223","Richmond City","Single Family Residence","09/27/2021","$279,950","$282,000","9","Resale (occupied at least once)","1927","Chimborazo","1,431","0.17","4","2.0","Public Water","Sewer - Public","Conventional","Individuals"
"501","2123126","796-619-45-63-00000","CLOSD","19200 Maurer LN","23834","Chesterfield","Single Family Residence","09/27/2021","$219,800","$233,800","2","Resale (occupied at least once)","1994","Branders Estate","1,440","0.29","3","2.0","Public Water","Sewer - Public","VA New","Individuals"
"501","2107486","749-771-5687","CLOSD","10748 Forest Hollow CT","23059","Henrico","Single Family Residence","09/27/2021","$699,950","$710,960","32","New (never occupied)","2021","Wyndham Forest","3,761","","4","3.0","Public Water","Sewer - Public","VA New","Corporate"
"501","2122579","755-68-64-46-900-000","CLOSD","4102 Gloucestershire ST","23236","Chesterfield","Single Family Residence","09/27/2021","$300,000","$315,000","3","Resale (occupied at least once)","1986","Fernbrook","1,966","0.53","4","2.1","Public Water","Sewer - Public","Conventional","Individuals"
"501","2124621","792-65-92-06-400-000","CLOSD","3537 NE Castlebury DR","23831","Chesterfield","Single Family Residence","09/27/2021","$199,950","$199,950","14","Resale (occupied at least once)","1983","Cameron Run","960","0.27","3","1.0","Public Water","Sewer - Public","Conventional","Individuals"
"501","2125012","777-65-61-87-400-000","CLOSD","11402 Misty Arbor PL","23831","Chesterfield","Single Family Residence","09/27/2021","$329,999","$338,000","14","Resale (occupied at least once)","1992","Arbor Landing","2,332","0.26","4","2.1","Public Water","Sewer - Public","VA New","Individuals"
"501","2110731","N000-0329-004","CLOSD","105 Yancey ST","23222","Richmond City","Single Family Residence","09/27/2021","$410,000","$410,000","4","Resale (occupied at least once)","1920","Barton Heights","2,318","0.19","3","2.1","Public Water","Sewer - Public","Conventional","Corporate, Individuals"
"501","2125252","C008-0390-032","CLOSD","4223 Britannia RD","23234","Richmond City","Single Family Residence","09/27/2021","$159,000","$159,000","7","Resale (occupied at least once)","1948","British Camp Farm","700","0.45","2","1.0","Public Water","Sewer - Public","Conventional","Corporate"
"501","2037167","765-748-5855.055","CLOSD","2650 Lassen WALK Unit#A","23294","Henrico","Condominium","09/27/2021","$279,990","$329,990","17","New (never occupied)","2021","West Broad Landing","1,591","","2","2.1","Public Water","Sewer - Public","Conventional","Corporate"
"501","2122956","823-725-9011","CLOSD","118 N Ivy Ave","23075","Henrico","Single Family Residence","09/27/2021","$225,000","$220,000","10","Resale (occupied at least once)","2015","Highland Springs","1,025","","3","2.0","Public Water","Sewer - Public","VHDA/FHA","Individuals"
"501","2123567","819-721-8617","CLOSD","608 S Kalmia AVE","23075","Henrico","Single Family Residence","09/27/2021","$254,900","$250,000","21","Resale (occupied at least once)","1988","Highland Springs","1,350","0.28","4","2.0","Public Water","Sewer - Public","VA New","Individuals"
"501","2127835","733-750-7464","CLOSD","12411 Locustgrove RD","23238","Henrico","Single Family Residence","09/27/2021","$239,950","$230,000","8","Resale (occupied at least once)","1984","Heritage Oaks","1,248","0.24","3","2.0","Public Water","Sewer - Public","Cash","Individuals"
"501","2127522","790-67-14-02-600-000","CLOSD","9015 Chester RD","23237","Chesterfield","Single Family Residence","09/27/2021","$198,000","$185,000","12","Resale (occupied at least once)","1940","Crescent Park","962","1.00","2","1.0","Well","Septic - Conventional","Cash","Individuals"
"501","2126816","N000-1599-036","CLOSD","1701 Summit Unit#5","23230","Richmond City","Condominium","09/27/2021","$308,000","$308,000","0","Resale (occupied at least once)","1920","Summit Lofts Condo","1,062","","2","2.0","Public Water","Sewer - Public","Conventional","Individuals"
"501","2126742","732-67-93-34-100-000","CLOSD","4508 Old Well TER","23112","Chesterfield","Single Family Residence","09/27/2021","$259,950","$280,000","5","Resale (occupied at least once)","1979","Brandermill","1,409","0.22","3","2.1","Public Water","Sewer - Public","Conventional","Individuals"
"501","2126654","810-720-0228","CLOSD","4418 Silverfox LN","23223","Henrico","Townhouse","09/27/2021","$155,000","$156,000","3","Resale (occupied at least once)","1974","Foxhill","1,325","0.08","3","1.1","Public Water","Sewer - Public","Conventional","Individuals"
"501","2126515","758-760-7354","CLOSD","4256 English Holly CIR","23294","Henrico","Single Family Residence","09/27/2021","$335,000","$342,500","4","Resale (occupied at least once)","2001","Park West","1,407","0.16","2","2.0","Public Water","Sewer - Public","Conventional","Individuals"
"501","2126356","8704-66-6602","CLOSD","7336 Barnette Ave","23111","Hanover","Single Family Residence","09/27/2021","$190,000","$190,000","9","Resale (occupied at least once)","1948","Barnette Oaks","1,380","","4","1.0","Public Water","Sewer - Public","Conventional","Corporate"
"501","2126344","759-736-1618","CLOSD","7007 Lakewood DR","23229","Henrico","Single Family Residence","09/27/2021","$2,485,000","$2,400,000","10","Resale (occupied at least once)","2019","Westham","7,280","0.74","5","5.2","Public Water","Sewer - Public","Cash","Other"
"501","2126151","W000-1412-045","CLOSD","3115 Patterson AVE Unit#6","23221","Richmond City","Condominium","09/27/2021","$234,950","$252,123","4","Resale (occupied at least once)","1920","None","852","0.02","1","1.0","Public Water","Sewer - Public","Conventional","Individuals"
"501","2125976","C005-0992-101","CLOSD","6219 Beaufont Hills CT","23225","Richmond City","Single Family Residence","09/27/2021","$240,000","$240,000","3","Resale (occupied at least once)","2002","Beaufont Hills","1,374","0.10","3","2.1","Public Water","Sewer - Public","Conventional","Individuals"
"501","2125887","S006-0137-015","CLOSD","5410 Dorchester RD","23225","Richmond City","Single Family Residence","09/27/2021","$469,900","$469,900","4","Resale (occupied at least once)","1950","Westover Hills","1,679","0.19","3","1.1","Public Water","Sewer - Public","Conventional","Individuals"
"501","2125863","29-5-0-2-C","CLOSD","2686 Dogtown RD","23063","Goochland","Single Family Residence","09/27/2021","$265,000","$269,000","3","Resale (occupied at least once)","2004","None","1,606","1.26","3","2.0","Well","Septic - Conventional","Conventional","Individuals"
"501","2125596","797-711-6266.036","CLOSD","2 Flatwater ROW Unit#B","23231","Henrico","Condominium","09/27/2021","$490,000","$475,000","18","Resale (occupied at least once)","2019","Village Of Rocketts Landing","2,509","1.65","3","2.1","Public Water","Sewer - Public","Cash","Individuals"
"501","2125581","758-766-1832","CLOSD","5210 Fairlake LN","23060","Henrico","Single Family Residence","09/27/2021","$360,000","$401,500","6","Resale (occupied at least once)","1987","Reids Pointe","1,859","0.46","4","2.1","Public Water","Sewer - Public","Conventional","Individuals"
"501","2125335","E000-0614-009","CLOSD","1306 N 21st ST","23223","Richmond City","Single Family Residence","09/27/2021","$150,000","$120,000","9","Resale (occupied at least once)","1910","Fairmount Park","1,188","0.06","3","0.0","Public Water","Sewer - Public","Private","Individuals"
"501","2125119","735-69-49-56-300-000","CLOSD","12301 Tollcross RD","23114","Chesterfield","Single Family Residence","09/27/2021","$289,950","$317,000","8","Resale (occupied at least once)","1993","Sycamore Ridge","1,832","0.22","4","2.1","Public Water","Sewer - Public","VA New","Individuals"
"501","2124993","8706-85-2851","CLOSD","9299 Swannanoa TRL","23116","Hanover","Single Family Residence","09/27/2021","$249,950","$269,950","6","Resale (occupied at least once)","1970","Swannanoa Estates","1,638","0.45","3","1.1","Public Water","Septic - Conventional","Conventional","Individuals"
"501","2124984","825-694-5099","CLOSD","3540 Darbytown CT","23231","Henrico","Single Family Residence","09/27/2021","$210,000","$216,000","2","Resale (occupied at least once)","1938","None","1,096","3.39","3","1.0","Well","Septic - Conventional","Conventional","Individuals"
"501","2124904","744-752-3909","CLOSD","2305 Rocky Point","23238","Henrico","Townhouse","09/27/2021","$270,000","$275,000","5","Resale (occupied at least once)","1983","Stony Run","1,541","0.09","3","2.0","Public Water","Sewer - Public","Conventional","Individuals"
"501","2124582","760-70-81-19-800-000","CLOSD","7922 Lake Shore DR","23235","Chesterfield","Single Family Residence","09/27/2021","$300,000","$321,000","5","Resale (occupied at least once)","1959","Rock Creek Park","3,003","1.01","3","2.0","Public Water","Sewer - Public","Conventional","Individuals"
"501","2124511","774-752-2767","CLOSD","7951 Penniman PL","23228","Henrico","Single Family Residence","09/27/2021","$375,000","$380,222","6","Resale (occupied at least once)","1989","Olde Hermitage","2,631","0.32","4","2.1","Public Water","Sewer - Public","Conventional","Individuals"
"501","2124426","739-66-88-40-200-000","CLOSD","12006 Hidden Nest CT","23112","Chesterfield","Single Family Residence","09/27/2021","$390,000","$400,000","16","Resale (occupied at least once)","2003","Bayhill Pointe","2,734","0.49","4","2.1","Public Water","Sewer - Public","Conventional","Individuals"
"501","2124326","743-744-4861","CLOSD","1502 Cedarbluff DR","23238","Henrico","Single Family Residence","09/27/2021","$449,000","$460,000","5","Resale (occupied at least once)","1968","Canterbury East","2,496","0.48","3","3.0","Public Water","Sewer - Public","Conventional","Other"
"501","2123921","E000-1570-008","CLOSD","815 Admiral Gravely BLVD","23231","Richmond City","Single Family Residence","09/27/2021","$299,900","$299,900","23","Resale (occupied at least once)","2007","Fulton Villages","2,170","0.12","4","2.1","Public Water","Sewer - Public","Conventional","Individuals"
"501","2123901","738-758-2143","CLOSD","12036 Carmon ST","23233","Henrico","Single Family Residence","09/27/2021","$479,500","$505,000","5","Resale (occupied at least once)","1990","Sherbrooke","2,513","0.23","4","2.1","Public Water","Sewer - Public","Conventional","Individuals"
"501","2123641","827-715-3743","CLOSD","13 Casey ST","23150","Henrico","Single Family Residence","09/27/2021","$165,000","$165,000","8","Resale (occupied at least once)","1918","Sandston","951","0.33","3","1.0","Public Water","Sewer - Public","Conventional","Individuals"
"501","2123628","824-716-9891","CLOSD","106 Early AVE","23150","Henrico","Single Family Residence","09/27/2021","$215,000","$210,000","18","Resale (occupied at least once)","1960","None","2,628","0.37","4","3.0","Public Water","Sewer - Public","Cash","Individuals"
"501","2123618","783-67-75-54-600-000","CLOSD","4041 Bellbrook DR","23237","Chesterfield","Single Family Residence","09/27/2021","$319,900","$315,000","20","New (never occupied)","2021","None","1,600","0.50","3","2.0","Public Water","Sewer - Public","Conventional","Individuals"
"501","2123593","W019-0306-049","CLOSD","56 E Lock LN Unit#2","23226","Richmond City","Condominium","09/27/2021","$285,000","$304,500","8","Resale (occupied at least once)","1930","Lock Lane Condominium","815","","2","2.0","Public Water","Sewer - Public","Cash","Individuals"
"501","2123216","779-767-9138","CLOSD","10585 Greenwood RD","23059","Henrico","Single Family Residence","09/27/2021","$367,500","$367,500","25","Resale (occupied at least once)","1965","Greenwood Heights","2,408","1.00","3","2.0","Well","Septic - Conventional","Conventional","Individuals"
"501","2123138","782-65-96-78-300-000","CLOSD","10642 Michmar DR","23831","Chesterfield","Single Family Residence","09/27/2021","$449,900","$450,000","9","Resale (occupied at least once)","2003","Wellington Farms","2,994","0.57","4","3.1","Public Water","Sewer - Public","VA New","Individuals"
"501","2123132","744-68-14-36-000-000","CLOSD","4442 Heidi CT","23112","Chesterfield","Single Family Residence","09/27/2021","$339,000","$324,000","18","Resale (occupied at least once)","2004","None","2,057","0.47","4","2.1","Public Water","Sewer - Public","Cash","Individuals"
"501","2122998","C001-1185-008","CLOSD","2913 Clarendon DR","23235","Richmond City","Single Family Residence","09/27/2021","$290,000","$320,000","4","Resale (occupied at least once)","1961","Wayland","1,635","0.60","3","1.1","Public Water","Sewer - Public","Conventional","Individuals"
"501","2122858","786-68-74-50-200-000","CLOSD","3321 Clearview CT","23234","Chesterfield","Single Family Residence","09/27/2021","$294,500","$243,000","62","Resale (occupied at least once)","2000","Meadow Creek","2,401","0.67","4","2.1","Public Water","Septic - Conventional, Sewer - Public","Other","Individuals"
"501","2122827","E000-0860-009","CLOSD","1617 N 23rd ST","23223","Richmond City","Single Family Residence","09/27/2021","$178,500","$178,500","18","Resale (occupied at least once)","1940","Peter Paul Tract","717","0.09","2","1.0","Public Water","Sewer - Public","FHA New","Individuals"
"501","2122807","7796-97-9314","CLOSD","8981 Ringview DR","23116","Hanover","Townhouse","09/27/2021","$296,950","$301,000","4","Resale (occupied at least once)","2018","Cool Spring West","1,564","0.05","3","2.1","Public Water","Sewer - Public","FHA New","Individuals"
"501","2122696","S000-0399-012","CLOSD","2103 Dinwiddie AVE","23224","Richmond City","Single Family Residence","09/27/2021","$269,000","$269,000","23","Resale (occupied at least once)","1922","Oak Grove","1,800","0.11","4","2.0","Public Water","Sewer - Public","Conventional","Individuals"
"501","2121994","794-753-2304","CLOSD","8008 Arbor Glen PL","23227","Henrico","Single Family Residence","09/27/2021","$340,000","$360,000","4","Resale (occupied at least once)","2002","Sterling Forest","2,276","0.42","4","2.1","Public Water","Sewer - Public","Conventional","Individuals"
"501","2121886","740-68-62-47-500-000","CLOSD","3232 Nahant RD","23112","Chesterfield","Single Family Residence","09/27/2021","$269,950","$260,000","23","Resale (occupied at least once)","1998","Clarendon","1,800","0.44","4","2.0","Public Water","Septic - Conventional","Conventional","Individuals"
"501","2120889","33B8 2BF  11","CLOSD","5431 Tyshire PKY","23140","New Kent","Single Family Residence","09/27/2021","$567,000","$560,000","33","Resale (occupied at least once)","2003","Brickshire","3,471","0.58","4","3.1","Public Water","Sewer - Public","Conventional","Individuals"
"501","2120880","22A10 2 1  36","CLOSD","8058 Arbor Ponds TER","23124","New Kent","Single Family Residence","09/27/2021","$299,950","$319,000","7","Resale (occupied at least once)","2018","The Arbors At New Kent Winery","1,768","0.23","3","2.0","Public Water","Sewer - Public","Conventional","Individuals"
"501","2120212","41A2 2     3 & 4","CLOSD","9302 East View LN","23140","New Kent","Single Family Residence","09/27/2021","$240,000","$232,000","25","Resale (occupied at least once)","1929","None","1,828","3.16","3","2.0","Well","Septic - Conventional","Cash","Individuals"
"501","2119082","828-721-2776","CLOSD","1405 Gambrel DR","23150","Henrico","Single Family Residence","09/27/2021","$230,000","$245,000","7","Resale (occupied at least once)","1980","Fair Oaks Terrace","1,594","0.18","3","2.0","Public Water","Sewer - Public","FHA New","Individuals"
"501","2116481","30         6L","CLOSD","5200 Pocahontas TRL","23140","New Kent","Single Family Residence","09/27/2021","$299,950","$299,950","34","Resale (occupied at least once)","1978","None","2,124","2.71","4","2.1","Well","Septic - Conventional","Conventional","Individuals"
"501","2111185","779-60-97-28-100-000","CLOSD","6512 River RD","23803","Chesterfield","Single Family Residence","09/27/2021","$150,000","$151,150","28","Resale (occupied at least once)","1840","None","2,048","6.67","3","1.0","Public Water","Septic - Conventional","Cash","Individuals"
"501","2108334","748682057100000","CLOSD","4428 Braden Woods DR Unit#YF","23832","Chesterfield","Townhouse","09/27/2021","$309,988","$309,988","44","New (never occupied)","2021","Braden Townes","1,576","","3","2.1","Public Water","Sewer - Public","Conventional","Corporate"
"501","2104481","8706-58-6261","CLOSD","9223 Crowell ST","23116","Hanover","Single Family Residence","09/27/2021","$494,635","$494,635","0","New (never occupied)","2021","Rutland","2,775","","4","3.1","Public Water","Sewer - Public","Conventional","Corporate"
"501","2028922","TBD","CLOSD","6704 Donahue DR","23059","Henrico","Single Family Residence","09/27/2021","$684,560","$713,198","100","New (never occupied)","2020","Dominion Park at Wyndham","3,000","","5","4.1","Public Water","Sewer - Public","VA New","Corporate"
"501","2011032","N000-0572-028","CLOSD","1312 Clay ST","23220","Richmond City","Single Family Residence","09/27/2021","$479,000","$500,000","111","New (never occupied)","2020","None","2,040","","4","4.1","Public Water","Sewer - Public","Cash","Corporate"
"501","2124897","8704-78-5543","CLOSD","8125 Hillis WAY","23111","Hanover","Single Family Residence","09/28/2021","$359,950","$360,000","10","Resale (occupied at least once)","1996","Windsor Sub","2,108","0.33","4","2.1","Public Water","Sewer - Public","Conventional","Individuals"
"501","2121247","N000-0120-060","CLOSD","406 N Adams ST","23220","Richmond City","Single Family Residence","09/28/2021","$339,950","$335,000","18","Resale (occupied at least once)","1900","Adams Court","1,754","0.03","3","2.1","Public Water","Sewer - Public","Cash","Individuals"
"501","2126496","030D-4-4","CLOSD","2563 Norwood Creek WAY","23139","Powhatan","Single Family Residence","09/28/2021","$524,950","$543,000","3","Resale (occupied at least once)","2003","Norwood Creek","3,181","2.00","5","3.0","Well","Septic - Conventional","Conventional","Individuals"
"501","2121036","756-72-13-24-600-000","CLOSD","8721 W Huguenot RD","23235","Chesterfield","Single Family Residence","09/28/2021","$279,900","$275,000","34","Resale (occupied at least once)","1940","Oxford","2,017","0.83","3","2.0","Public Water","Sewer - Public","Conventional","Individuals"
"501","2126471","N-017-0258-048","CLOSD","1617 Princeton RD","23227","Richmond City","Single Family Residence","09/28/2021","$724,950","$720,000","4","Resale (occupied at least once)","1930","Bellevue Park","2,567","","4","2.1","Public Water","Sewer - Public","Conventional","Individuals"
"501","2120166","711677324100000","CLOSD","6213 Trail Ride","23120","Chesterfield","Single Family Residence","09/28/2021","$464,720","$464,720","10","New (never occupied)","2021","Wynwood at Foxcreek","2,511","","5","3.0","Public Water","Sewer - Public","Conventional","Corporate"
"501","2120103","711677394500000","CLOSD","6207 Trail Ride Dr","23114","Chesterfield","Single Family Residence","09/28/2021","$477,995","$477,995","22","New (never occupied)","2021","Foxcreek","2,890","","4","2.1","Public Water","Sewer - Public","VA New","Corporate"
"501","2124598","736-70-96-75-700-000","CLOSD","1100 Black Heath RD","23113","Chesterfield","Single Family Residence","09/28/2021","$269,000","$287,000","8","Resale (occupied at least once)","1975","Olde Coach Village","1,704","0.36","3","2.1","Public Water","Sewer - Public","Conventional","Individuals"
"501","2126341","738-750-3990","CLOSD","10408 Flat Branch DR","23233","Henrico","Single Family Residence","09/28/2021","$365,000","$394,000","3","Resale (occupied at least once)","1999","Ridgefield Green","2,225","0.19","4","2.1","Public Water","Sewer - Public","Conventional","Individuals"
"501","2124112","N000-1062-016","CLOSD","3219 Carolina AVE","23222","Richmond City","Single Family Residence","09/28/2021","$324,500","$321,000","25","Resale (occupied at least once)","1920","Highland Park","1,946","0.23","3","2.1","Public Water","Sewer - Public","Conventional","Individuals"
"501","2121595","727-66-08-89-100-000","CLOSD","14325 Brightstone CT","23112","Chesterfield","Single Family Residence","09/28/2021","$447,000","$450,000","33","Resale (occupied at least once)","2005","Collington","3,289","0.31","5","3.1","Public Water","Sewer - Public","VA New","Individuals"
"501","2126792","853-713-4125","CLOSD","4605 Brad DR","23150","Henrico","Single Family Residence","09/28/2021","$299,950","$299,950","4","Resale (occupied at least once)","1972","Sunrise Acres","1,855","1.02","3","2.0","Well","Septic - Conventional","FHA New","Individuals"
"501","2122633","753-70-14-64-100-000","CLOSD","903 Arch Hill PL","23236","Chesterfield","Single Family Residence","09/28/2021","$215,000","$209,000","13","Resale (occupied at least once)","1980","The Woods","1,050","0.20","2","2.0","Public Water","Sewer - Public","Conventional","Individuals"
"501","2109249","785677800500000","CLOSD","3724 Lacroix WAY","23237","Chesterfield","Single Family Residence","09/28/2021","$359,200","$365,653","0","New (never occupied)","2021","Silverleaf","2,179","","3","2.1","Public Water","Sewer - Public","Conventional","Corporate"
"501","2101211","710661064000000","CLOSD","8800 Forge Gate LN","23832","Chesterfield","Single Family Residence","09/28/2021","$467,950","$594,857","0","New (never occupied)","2021","Harpers Mill","3,150","","5","4.0","Public Water","Sewer - Public","Conventional","Corporate"
"501","2037688","709-68-22-24-700-000","CLOSD","16808 Broadmoor RD","23120","Chesterfield","Single Family Residence","09/28/2021","$372,950","$441,435","0","New (never occupied)","2021","Westerleigh","2,413","","3","3.0","Public Water","Sewer - Public","Conventional","Corporate"
"501","2126600","S000-2149-005","CLOSD","202 Dundee AVE","23225","Richmond City","Single Family Residence","09/28/2021","$475,000","$475,000","5","Resale (occupied at least once)","1953","West Manchester","2,056","0.46","4","2.0","Public Water","Sewer - Public","Conventional","Individuals"
"501","2122151","754-764-8990","CLOSD","9703 Needles WAY","23060","Henrico","Single Family Residence","09/28/2021","$290,000","$290,000","39","Resale (occupied at least once)","1983","Bridgewood","1,422","0.19","3","1.1","Public Water","Sewer - Public","FHA New","Individuals"
"501","2123361","N017-0133-025","CLOSD","4814 E Seminary AVE","23227","Richmond City","Single Family Residence","09/28/2021","$424,900","$425,000","23","Resale (occupied at least once)","1934","North Ginter Park","1,790","0.17","4","1.1","Public Water","Sewer - Public","Conventional","Individuals"
"501","2121324","752-69-24-43-500-000","CLOSD","2704 Stemwell BLVD","23236","Chesterfield","Single Family Residence","09/28/2021","$310,000","$310,000","16","Resale (occupied at least once)","1988","Bexley West","2,596","0.54","4","2.1","Public Water","Sewer - Public","Conventional","Estate, Individuals"
"501","2124637","730-67-79-27-500-000","CLOSD","4809 Woodbriar CT","23112","Chesterfield","Townhouse","09/28/2021","$314,000","$304,000","16","Resale (occupied at least once)","1976","Litchfield Bluff","1,952","0.12","3","2.1","Public Water","Sewer - Public","FHA New","Individuals"
"501","2121777","7830-28-5736","CLOSD","15547 Mountain RD","23192","Hanover","Single Family Residence","09/28/2021","$399,000","$400,000","38","Resale (occupied at least once)","1900","None","3,728","3.00","4","1.1","Well","Septic - Conventional","VA New","Individuals"
"501","2103503","780-772-8711","CLOSD","306 Hay Mill ALY","23059","Henrico","Townhouse","09/28/2021","$355,560","$373,795","57","New (never occupied)","2021","River Mill","1,517","","3","2.1","Public Water","Sewer - Public","Cash","Corporate"
"501","2124581","8737-40-2532","CLOSD","10024 Revolutionary PL","23116","Hanover","Single Family Residence","09/28/2021","$625,000","$632,000","5","Resale (occupied at least once)","2003","Parsons Cause","4,197","1.18","5","4.1","Well","Septic - Conventional","Conventional","Individuals"
"501","2124447","755-769-2512","CLOSD","5428 Wintergreen RD","23060","Henrico","Single Family Residence","09/28/2021","$335,000","$345,000","3","Resale (occupied at least once)","1996","Winterberry","1,602","0.20","3","2.1","Public Water","Sewer - Public","Conventional","Individuals"
"501","2127081","779-68-45-41-900-000","CLOSD","4622 Coldstream DR","23234","Chesterfield","Townhouse","09/28/2021","$115,000","$115,000","3","Resale (occupied at least once)","1973","Berkley Village","950","0.03","2","1.1","Public Water","Sewer - Public","Cash","Individuals"
"501","2121721","797-713-4204.409","CLOSD","4940 Old Main ST Unit#409","23231","Henrico","Condominium","09/28/2021","$799,000","$775,000","24","Resale (occupied at least once)","2007","Village Of Rocketts Landing","2,194","0.05","2","2.1","Public Water","Sewer - Public","Conventional","Individuals"
"501","2128112","E000-0790-022","CLOSD","1508 N 29th ST","23223","Richmond City","Single Family Residence","09/28/2021","$105,000","$120,000","5","Resale (occupied at least once)","1946","None","1,374","0.11","3","1.0","Public Water","Sewer - Public","Cash","Individuals"
"501","2126762","E000-0481-008","CLOSD","506 28th ST","23223","Richmond City","Single Family Residence","09/28/2021","$374,000","$374,000","0","Resale (occupied at least once)","2011","None","2,030","","3","2.1","Public Water","Sewer - Public","FHA New","Individuals"
"501","2126472","762-764-9501","CLOSD","3508 Gwynns PL","23060","Henrico","Townhouse","09/28/2021","$435,000","$440,000","7","Resale (occupied at least once)","2005","Townes At Crossridge","2,336","0.13","3","2.1","Public Water","Sewer - Public","Cash","Estate"
"501","2126180","719-71-23-43-600-000","CLOSD","14825 Diamond Creek TER","23113","Chesterfield","Single Family Residence","09/28/2021","$374,950","$393,000","3","Resale (occupied at least once)","2016","Brookcreek Crossing","2,512","0.14","4","3.0","Public Water","Sewer - Public","Conventional","Individuals"
"501","2126134","768-760-9151.124","CLOSD","9373 Manowar CT Unit#1104","23060","Henrico","Condominium","09/28/2021","$165,000","$175,000","3","Resale (occupied at least once)","1988","Laurel Lakes Condo","1,040","22.49","2","2.0","Public Water","Sewer - Public","Conventional","Individuals"
"501","2125947","709-68-53-42-100-000","CLOSD","4401 Nevil Bend LN","23120","Chesterfield","Single Family Residence","09/28/2021","$585,000","$585,000","5","Resale (occupied at least once)","2007","Summer Lake","4,503","0.27","5","4.1","Public Water","Sewer - Public","Conventional","Individuals"
"501","2125909","7797-89-9034","CLOSD","9054 Aldingham PL","23116","Hanover","Single Family Residence","09/28/2021","$378,000","$399,000","3","Resale (occupied at least once)","1995","Ash Creek","2,423","0.37","4","2.1","Public Water","Sewer - Public","Conventional","Individuals"
"501","2125899","781-756-5960.304","CLOSD","1513 Yellow Tavern CT Unit#1513","23228","Henrico","Condominium","09/28/2021","$139,950","$139,950","4","Resale (occupied at least once)","1980","Stonewall Manor Condominiums","815","35.71","2","1.0","Public Water","Sewer - Public","Conventional","Individuals"
"501","2125864","768-69-42-11-300-000","CLOSD","6534 N Stevens Hollow DR","23832","Chesterfield","Single Family Residence","09/28/2021","$195,000","$210,000","3","Resale (occupied at least once)","1980","Stevens Hollow","1,524","0.17","3","2.1","Public Water","Sewer - Public","Conventional","Individuals"
"501","2125754","754-70-28-10-500-000","CLOSD","730 Greencastle RD","23236","Chesterfield","Single Family Residence","09/28/2021","$299,000","$327,508","6","Resale (occupied at least once)","1977","Scottingham","2,114","0.49","4","2.1","Public Water","Sewer - Public","Conventional","Individuals"
"501","2125707","754-754-3543","CLOSD","2829 Queensland DR","23294","Henrico","Townhouse","09/28/2021","$230,000","$242,000","7","Resale (occupied at least once)","1998","Pemberton Oaks Townhouses","1,376","0.04","2","2.1","Public Water","Sewer - Public","Conventional","Individuals"
"501","2125691","K32-2401-2298","CLOSD","7948 Plum Point RD","23181","New Kent","Single Family Residence","09/28/2021","$199,000","$185,000","11","Resale (occupied at least once)","1940","Plum Point","1,034","0.70","2","1.0","Well","Septic - Conventional","Conventional","Individuals"
"501","2125662","8716-04-0971","CLOSD","9245 Rural Point DR","23116","Hanover","Single Family Residence","09/28/2021","$325,000","$345,000","4","Resale (occupied at least once)","1982","None","1,640","1.16","3","2.0","Public Water","Septic - Conventional","Cash","Individuals"
"501","2125521","748-69-88-75-700-000","CLOSD","10101 Ronaldton RD","23236","Chesterfield","Single Family Residence","09/28/2021","$240,000","$245,000","5","Resale (occupied at least once)","1964","Forest Acres","1,375","0.38","3","1.1","Public Water","Sewer - Public","VHDA/FHA","Individuals"
"501","2125514","727-66-24-84-800-000","CLOSD","9730 Brading LN","23112","Chesterfield","Single Family Residence","09/28/2021","$387,500","$400,100","8","Resale (occupied at least once)","2005","Collington","2,099","0.18","4","3.0","Public Water","Sewer - Public","Cash","Individuals"
"501","2125178","706684684700000","CLOSD","4601 Otter CT","23120","Chesterfield","Single Family Residence","09/28/2021","$850,000","$850,000","2","New (never occupied)","2021","Summer Lake","3,920","","5","5.0","Public Water","Sewer - Public","Cash","Corporate"
"501","2125177","763-756-3304","CLOSD","4830 Wild Horse LN","23294","Henrico","Townhouse","09/28/2021","$389,950","$387,500","9","Resale (occupied at least once)","2020","Westchase","2,069","0.11","3","2.1","Public Water","Sewer - Public","Conventional","Individuals"
"501","2124964","754-70-93-26-600-000","CLOSD","9100 Harmad DR","23235","Chesterfield","Single Family Residence","09/28/2021","$285,000","$305,000","4","Resale (occupied at least once)","1973","Brighton Green","1,901","0.33","4","2.1","Public Water","Sewer - Public","Conventional","Individuals"
"501","2124962","814-728-5760","CLOSD","301 Buffalo RD","23223","Henrico","Single Family Residence","09/28/2021","$185,000","$180,000","0","Resale (occupied at least once)","1983","Tiffany Meadows","1,020","0.23","2","1.0","Public Water","Sewer - Public","FHA New","Individuals"
"501","2124944","E000-1106-024","CLOSD","1108 N 35th ST","23223","Richmond City","Single Family Residence","09/28/2021","$412,500","$412,500","0","New (never occupied)","2021","None","1,762","0.09","3","2.1","Public Water","Sewer - Public","Conventional","Individuals"
"501","2124877","W000-0650-054","CLOSD","505 S Allen AVE","23220","Richmond City","Single Family Residence","09/28/2021","$375,000","$377,500","5","Resale (occupied at least once)","2006","Randolph West","2,090","0.10","4","2.1","Public Water","Sewer - Public","Cash","Individuals"
"501","2124812","718-66-88-60-600-000","CLOSD","7842 Shady Banks TER","23832","Chesterfield","Single Family Residence","09/28/2021","$264,500","$277,080","7","Resale (occupied at least once)","1995","Ashbrook","1,548","0.28","4","2.0","Public Water","Sewer - Public","VHDA/FHA","Individuals"
"501","2124723","720-68-72-11-700-000","CLOSD","14552 Sailboat CIR","23112","Chesterfield","Single Family Residence","09/28/2021","$360,000","$348,000","6","Resale (occupied at least once)","2005","Edgewater At The Reservoir","2,288","0.14","4","3.0","Public Water","Sewer - Public","Cash","Individuals"
"501","2124190","790-63-82-17-400-000","CLOSD","4509 Windward DR","23831","Chesterfield","Single Family Residence","09/28/2021","$275,000","$280,000","2","Resale (occupied at least once)","1979","Greenbriar","2,148","0.88","3","2.0","Public Water","Septic - Conventional","Conventional","Other"
"501","2124133","737-746-3606","CLOSD","11415 Brendonridge CT","23238","Henrico","Single Family Residence","09/28/2021","$342,950","$357,500","4","Resale (occupied at least once)","1970","Tuckahoe Village","2,238","0.70","4","2.1","Public Water","Sewer - Public","Conventional","Individuals"
"501","2124080","758-767-6758","CLOSD","9127 Creekwalk PL","23060","Henrico","Single Family Residence","09/28/2021","$599,000","$651,800","6","Resale (occupied at least once)","2016","Townsend","4,391","0.32","4","4.1","Public Water","Sewer - Public","Conventional","Individuals"
"501","2123891","754-70-66-16-300-000","CLOSD","9018 Brucewood DR","23235","Chesterfield","Single Family Residence","09/28/2021","$279,000","$300,000","5","Resale (occupied at least once)","1971","Brighton Green","2,025","0.43","3","3.0","Public Water","Sewer - Public","Conventional","Individuals"
"501","2123889","725-66-40-42-500-000","CLOSD","8802 Merseyside LN","23832","Chesterfield","Single Family Residence","09/28/2021","$389,500","$400,000","12","Resale (occupied at least once)","1999","Birkdale","2,652","0.35","4","2.1","Public Water","Sewer - Public","Conventional","Individuals"
"501","2123813","733-72-53-28-100-000","CLOSD","4307 Wilcot DR","23113","Chesterfield","Single Family Residence","09/28/2021","$775,000","$775,000","33","Resale (occupied at least once)","2007","Tarrington","4,841","0.52","5","3.2","Public Water","Sewer - Public","Cash","Individuals"
"501","2123798","794-753-5253","CLOSD","8029 Gardenwood TER","23227","Henrico","Single Family Residence","09/28/2021","$419,850","$441,100","6","Resale (occupied at least once)","2003","Sterling Forest","3,432","0.72","5","3.1","Public Water","Sewer - Public","Cash","Corporate"
"501","2123651","754-752-0460","CLOSD","2412 Boissevain RD","23229","Henrico","Single Family Residence","09/28/2021","$279,950","$310,000","5","Resale (occupied at least once)","1964","Westbriar","1,648","0.27","2","2.0","Public Water","Sewer - Public","Conventional","Individuals"
"501","2123643","769-69-16-43-900-000","CLOSD","6308 Delft RD","23234","Chesterfield","Single Family Residence","09/28/2021","$195,000","$188,500","13","Resale (occupied at least once)","1978","Belfair Village","1,144","0.16","3","1.1","Public Water","Sewer - Public","Cash","Corporate"
"501","2123600","C002-0176-009","CLOSD","3417 Sherbrook RD","23235","Richmond City","Single Family Residence","09/28/2021","$315,000","$345,000","7","Resale (occupied at least once)","1974","Oxford","1,814","0.63","4","2.1","Public Water","Sewer - Public","Conventional","Individuals"
"501","2123432","57-11-0-5-0","CLOSD","1161 Manakin RD","23103","Goochland","Single Family Residence","09/28/2021","$938,500","$1,060,000","4","Resale (occupied at least once)","1904","None","2,882","11.83","3","2.1","Well","Septic - Conventional","Cash","Individuals"
"501","2123112","718-68-75-76-700-000","CLOSD","14919 Endstone TRL","23112","Chesterfield","Single Family Residence","09/28/2021","$599,900","$599,900","13","Resale (occupied at least once)","2017","Rountrey","3,122","0.21","4","3.0","Public Water","Sewer - Public","Conventional","Individuals"
"501","2123090","779-743-9451","CLOSD","2404 Wedgewood AVE","23228","Henrico","Single Family Residence","09/28/2021","$399,999","$375,000","15","Resale (occupied at least once)","1961","Bryan Parkway","1,734","0.18","3","3.0","Public Water","Sewer - Public","Conventional","Individuals"
"501","2123048","E000-0069-100","CLOSD","301 Virginia ST Unit#1213","23219","Richmond City","Condominium","09/28/2021","$499,000","$499,000","27","Resale (occupied at least once)","2007","Vistas On The James","1,294","0.03","2","2.0","Public Water","Sewer - Public","Cash","Individuals"
"501","2122982","8724-58-0808","CLOSD","7362 Pebble Lake DR","23111","Hanover","Townhouse","09/28/2021","$265,000","$275,520","4","Resale (occupied at least once)","2018","Village At Pebble Lake","1,572","0.04","3","2.1","Public Water","Sewer - Public","Conventional","Individuals"
"501","2122893","783690000700000","CLOSD","5038 Grassmere RD","23234","Chesterfield","Single Family Residence","09/28/2021","$285,000","$300,000","7","Resale (occupied at least once)","1963","Meadowbrook","2,077","","3","2.1","Public Water","Sewer - Public","Conventional","Individuals"
"501","2122636","E000-1574-011","CLOSD","717 Admiral Gravely BLVD","23231","Richmond City","Single Family Residence","09/28/2021","$389,950","$390,000","17","Resale (occupied at least once)","2018","Fulton Villages","2,230","0.10","3","2.1","Public Water","Sewer - Public","Conventional","Individuals"
"501","2122520","712-66-56-62-500-000","CLOSD","8406 Pullman LN","23832","Chesterfield","Single Family Residence","09/28/2021","$640,000","$620,000","16","Resale (occupied at least once)","2014","Harpers Mill","4,083","0.34","5","4.0","Public Water","Sewer - Public","Conventional","Individuals"
"501","2121975","815-720-2158","CLOSD","5432 Zoe CT","23223","Henrico","Single Family Residence","09/28/2021","$300,000","$300,000","3","Resale (occupied at least once)","2015","Oakleys Chase","1,800","0.43","3","2.1","Public Water","Sewer - Public","FHA New","Individuals"
"501","2121687","E000-0296-006","CLOSD","412 N 24th ST","23223","Richmond City","Single Family Residence","09/28/2021","$415,000","$405,000","34","Resale (occupied at least once)","1900","None","2,050","0.05","3","2.1","Public Water","Sewer - Public","Other","Corporate"
"501","2121051","768-69-82-56-000-000","CLOSD","2212 Lancers BLVD","23224","Chesterfield","Single Family Residence","09/28/2021","$232,000","$220,000","8","Resale (occupied at least once)","1961","Manchester Heights","1,887","0.25","4","1.1","Public Water","Sewer - Public","FHA New","Individuals"
"501","2120670","757-65-49-59-300-000","CLOSD","9110 Whistling Swan RD","23838","Chesterfield","Single Family Residence","09/28/2021","$449,950","$430,000","42","Resale (occupied at least once)","1988","Woodland Pond","2,982","1.91","4","2.2","Public Water","Septic - Conventional","Conventional","Individuals"
"501","2120424","803-693-9210","CLOSD","1400 Burning Tree RD","23231","Henrico","Single Family Residence","09/28/2021","$210,000","$215,000","15","Resale (occupied at least once)","1953","None","1,368","1.35","3","1.0","Well","Septic - Alternative","Conventional","Individuals"
"501","2119874","S006-0246-015","CLOSD","1609 Westover Hills BLVD","23225","Richmond City","Single Family Residence","09/28/2021","$429,950","$439,000","38","Resale (occupied at least once)","1950","Westover Hills","1,750","0.21","4","2.2","Public Water","Sewer - Public","Conventional","Corporate"
"501","2114993","733-72-49-59-000-000","CLOSD","3624 Edenfield RD","23113","Chesterfield","Single Family Residence","09/28/2021","$649,950","$650,000","4","Resale (occupied at least once)","2012","Tarrington","3,579","0.27","4","3.1","Public Water","Sewer - Public","Cash","Individuals"
"501","2114546","N000-1330-031","CLOSD","1350 Westwood AVE Unit#U301","23227","Richmond City","Condominium","09/28/2021","$375,000","$375,000","98","Resale (occupied at least once)","1954","Ginter Place Condos","1,805","0.04","3","2.0","Public Water","Sewer - Public","Conventional","Individuals"
"501","2104306","799-63-75-60-500-000","CLOSD","15727 Timberline DR","23834","Chesterfield","Single Family Residence","09/28/2021","$129,950","$131,500","0","Resale (occupied at least once)","1978","Tinsberry Trace","1,572","0.23","4","2.0","Public Water","Sewer - Public","FHA New","Individuals"
"501","2101265","7796-69-7573","CLOSD","9753 Honeybee DR","23116","Hanover","Single Family Residence","09/28/2021","$506,000","$560,930","21","New (never occupied)","2021","Taylor Farm","2,733","","3","2.1","Public Water","Sewer - Public","Conventional","Corporate"
"501","REIN10396977","K32-2401-2298","CLOSD","7948 Plum Point RD","23181","New Kent","Single Family Residence","09/28/2021","$199,000","$185,000","28","Resale (occupied at least once)","1940","PLUM POINT","1,037","0.70","2","1.0","Well","Septic","",""
"501","REIN10391399","117605","CLOSD","7414 Sedge DR","23124","New Kent","Single Family Residence","09/28/2021","$467,780","$468,940","15","New (never occupied)","2021","NEW KENT","3,052","","5","3.0","Public Water","Public Sewer On Site","",""
"501","2125682","738-743-1064","CLOSD","1401 Westbriar DR","23238","Henrico","Single Family Residence","09/29/2021","$350,000","$360,000","4","Resale (occupied at least once)","1964","Tuckahoe Village","2,264","0.40","4","2.1","Public Water","Sewer - Public","Conventional","Individuals"
"501","2104874","709-68-23-18-200-000","CLOSD","16737 Cabrio CT","23120","Chesterfield","Single Family Residence","09/29/2021","$372,950","$395,745","0","New (never occupied)","2021","Westerleigh","2,252","","4","2.1","Public Water","Sewer - Public","Conventional","Corporate"
"501","2120479","117531","CLOSD","7882 Faisan LN","23124","New Kent","Single Family Residence","09/29/2021","$340,990","$340,990","33","New (never occupied)","2021","Arbors","1,649","","4","2.1","Public Water","Sewer - Public","Conventional","Corporate"
"501","2114086","785678855900000","CLOSD","7224 Ingot PL","23237","Chesterfield","Single Family Residence","09/29/2021","$443,695","$443,695","0","New (never occupied)","2021","Silverleaf","2,755","","4","3.0","Public Water","Sewer - Public","VA New","Corporate"
"501","2122672","117605","CLOSD","7414 Sedge Dr.","23124","New Kent","Single Family Residence","09/29/2021","$468,940","$468,940","11","New (never occupied)","2021","Arbors","3,052","","5","3.0","Public Water","Sewer - Public","Conventional","Corporate"
"501","2119791","771-737-8807","CLOSD","5206 Cutshaw AVE","23226","Henrico","Single Family Residence","09/29/2021","$369,900","$360,000","63","Resale (occupied at least once)","1953","North Willow Lawn","1,680","0.20","4","2.0","Public Water","Sewer - Public","Conventional","Individuals"
"501","2034790","C-005-0351-017","CLOSD","1720 German School RD","23225","Richmond City","Single Family Residence","09/29/2021","$363,740","$371,505","66","New (never occupied)","2021","Westlake","2,281","","4","3.1","Public Water","Sewer - Public","Conventional","Corporate"
"501","2125190","8725-55-4181","CLOSD","8260 Scarecrow RD","23111","Hanover","Single Family Residence","09/29/2021","$199,950","$205,000","13","Resale (occupied at least once)","1982","Raven Run","1,170","0.66","3","1.1","Public Water","Sewer - Public","VA Assumption","Individuals"
"501","2123193","C0050436020","CLOSD","6201 Debora DR","23225","Richmond City","Single Family Residence","09/29/2021","$309,999","$305,000","30","Resale (occupied at least once)","1967","April Acres","2,162","0.20","4","2.1","Public Water","Sewer - Public","Conventional","Individuals"
"501","2106679","S0000422016","CLOSD","2125 Tobacco Mill ST Unit#JB","23225","Richmond City","Townhouse","09/29/2021","$361,845","$365,935","25","New (never occupied)","2021","Belle Heights","1,916","","3","2.1","Public Water","Sewer - Public","Conventional","Corporate"
"501","2126694","723-68-77-42-100-000","CLOSD","2903 Cove Ridge RD","23112","Chesterfield","Single Family Residence","09/29/2021","$319,500","$340,000","3","Resale (occupied at least once)","1988","Cove Ridge","2,455","0.33","4","2.1","Public Water","Sewer - Public","Conventional","Individuals"
"501","2110755","J19-1590-0064","CLOSD","6980 Oakfork LOOP","23124","New Kent","Single Family Residence","09/29/2021","$359,955","$359,955","0","New (never occupied)","2021","The Oaks","2,203","","4","2.1","Public Water","Sewer - Public","FHA New","Corporate"
"501","2101947","713-67-15-59-600-000","CLOSD","6840 Dunton RD","23832","Chesterfield","Townhouse","09/29/2021","$410,950","$411,660","130","New (never occupied)","2021","Cosby Village Townhomes","2,513","","4","3.1","Public Water","Sewer - Public","Conventional","Corporate"
"501","2123004","740-69-38-22-600-000","CLOSD","1725 Creek Bottom WAY","23236","Chesterfield","Single Family Residence","09/29/2021","$329,000","$350,000","6","Resale (occupied at least once)","2001","Providence Creek","2,400","0.63","4","2.1","Public Water","Sewer - Public","Conventional","Individuals"
"501","2120750","703-67-31-32-900-000","CLOSD","18007 Twin Falls LN","23120","Chesterfield","Single Family Residence","09/29/2021","$474,500","$460,000","5","Resale (occupied at least once)","2018","Magnolia Green","2,738","","4","2.1","Public Water","Sewer - Public","Conventional","Individuals"
"501","2120291","7797-12-1422","CLOSD","10237 Slidingrock DR","23116","Hanover","Single Family Residence","09/29/2021","$389,950","$379,950","33","Resale (occupied at least once)","2003","Green Ridge","3,174","0.96","4","4.1","Public Water","Sewer - Public","FHA New","Individuals"
"501","2125124","733-70-25-63-900-000","CLOSD","12905 Watch Hill CT","23114","Chesterfield","Single Family Residence","09/29/2021","$349,990","$350,000","5","Resale (occupied at least once)","1981","Walton Park","2,048","0.25","4","2.1","Public Water","Sewer - Public","Conventional","Individuals"
"501","2102962","20B 1 12","CLOSD","7810 James Field MANOR","23141","New Kent","Single Family Residence","09/29/2021","$275,690","$275,690","0","New (never occupied)","2021","Kingsfield","1,694","","3","2.1","Well","Septic - Conventional","Conventional","Corporate"
"501","2125620","720-67-54-39-500-000","CLOSD","14707 Mill Spring DR","23112","Chesterfield","Single Family Residence","09/29/2021","$245,000","$266,000","4","Resale (occupied at least once)","1986","Woodlake","1,431","0.20","3","2.1","Public Water","Sewer - Public","Cash","Individuals"
"501","2122695","745-70-03-94-400-000","CLOSD","830 Marbleridge RD","23236","Chesterfield","Single Family Residence","09/29/2021","$224,900","$225,000","19","Resale (occupied at least once)","1988","Heatheridge","1,239","0.24","3","2.0","Public Water","Sewer - Public","FHA New","Individuals"
"501","2125353","748-738-3376.018","CLOSD","9103 Derbyshire RD Unit#G","23229","Henrico","Condominium","09/29/2021","$209,900","$209,900","6","Resale (occupied at least once)","1964","Deerwood Condo","980","0.02","2","1.1","Public Water","Sewer - Public","Conventional","Individuals"
"501","2127643","745-69-06-99-300-000","CLOSD","10811 Sunset Hills DR","23236","Chesterfield","Single Family Residence","09/29/2021","$224,000","$238,000","5","Resale (occupied at least once)","1976","Brandon","1,699","1.00","3","2.0","Well","Septic - Conventional","Cash","Individuals"
"501","2127512","S000-1341-008","CLOSD","2900 Decatur ST","23224","Richmond City","Single Family Residence","09/29/2021","$30,000","$32,000","2","Resale (occupied at least once)","1928","Burfoot Addition","1,040","0.12","2","1.0","Public Water","Sewer - Public","Cash","Individuals"
"1001","2127360","W000-0652-106","CLOSD","408 Temple ST","23220","Richmond City","Single Family Residence","09/29/2021","$330,000","$335,000","5","Resale (occupied at least once)","2005","Everton Manor","1,694","0.09","3","2.1","Public Water","Sewer - Public","Conventional","Individuals"
"1001","2126618","752-70-50-01-600-000","CLOSD","205 Chessington RD","23236","Chesterfield","Single Family Residence","09/29/2021","$184,990","$201,000","3","Resale (occupied at least once)","1976","Archwood","1,000","0.26","3","1.0","Public Water","Sewer - Public","Conventional","Individuals"
"1001","2126582","8725-36-0434","CLOSD","8275 Carrolton Ridge PL","23111","Hanover","Single Family Residence","09/29/2021","$384,950","$405,000","5","Resale (occupied at least once)","2002","Sherrington","3,092","0.23","3","2.1","Community Well","Sewer - Public","Conventional","Individuals"
"1001","2126416","N017-0134-004","CLOSD","4807 E Seminary AVE","23227","Richmond City","Single Family Residence","09/29/2021","$399,950","$417,500","3","Resale (occupied at least once)","1930","North Ginter Park","1,733","0.17","4","1.1","Public Water","Sewer - Public","Conventional","Individuals"
"1001","2126280","788-66-43-66-500-000","CLOSD","3912 Farm Field DR","23831","Chesterfield","Single Family Residence","09/29/2021","$279,950","$279,950","7","Resale (occupied at least once)","1989","Hilltop Farms","1,330","0.30","4","2.0","Public Water","Sewer - Public","FHA New","Individuals"
"1001","2126270","763-69-88-57-000-000","CLOSD","7401 Sandlewood DR","23235","Chesterfield","Single Family Residence","09/29/2021","$325,000","$336,000","3","Resale (occupied at least once)","1974","Forestdale","2,698","0.31","4","2.1","Public Water","Sewer - Public","Conventional","Individuals"
"1001","2126267","821-720-0566","CLOSD","600 York AVE","23075","Henrico","Single Family Residence","09/29/2021","$205,000","$210,000","9","Resale (occupied at least once)","1966","York Manor","1,152","0.26","3","1.0","Public Water","Sewer - Public","VHDA/FHA","Other"
"1001","2126212","779-66-61-04-500-000","CLOSD","5300 Lockberry Ridge CT","23237","Chesterfield","Single Family Residence","09/29/2021","$289,000","$298,000","6","Resale (occupied at least once)","2003","Hollymeade","1,877","0.24","4","2.1","Public Water","Sewer - Public","FHA New","Individuals"
"1001","2126071","756-65-94-66-600-000","CLOSD","9511 Bright Hope RD","23838","Chesterfield","Single Family Residence","09/29/2021","$285,000","$285,000","6","Resale (occupied at least once)","1986","None","1,666","0.76","3","2.0","Well","Septic - Conventional","VA New","Individuals"
"1001","2125999","774-752-1154","CLOSD","7946 Penniman PL","23228","Henrico","Single Family Residence","09/29/2021","$389,950","$421,000","4","Resale (occupied at least once)","1990","Olde Hermitage","2,527","0.22","5","2.1","Public Water","Sewer - Public","Conventional","Individuals"
"1001","2125935","W021-0178-006","CLOSD","6511 Stuart AVE","23226","Richmond City","Single Family Residence","09/29/2021","$389,000","$455,000","4","Resale (occupied at least once)","1947","Westhampton Heights Annex","1,734","0.17","3","2.0","Public Water","Sewer - Public","Conventional","Individuals"
"1001","2125923","772-759-1472","CLOSD","9704 Royerton DR","23228","Henrico","Single Family Residence","09/29/2021","$219,000","$230,000","3","Resale (occupied at least once)","1957","Laurel Park","1,404","0.25","3","1.1","Public Water","Sewer - Public","Conventional","Estate"
"1001","2125717","N000-0638-016","CLOSD","2615 The TER","23222","Richmond City","Single Family Residence","09/29/2021","$349,950","$360,001","2","Resale (occupied at least once)","1923","Battery Court Addition","1,682","0.16","3","2.1","Public Water","Sewer - Public","Conventional","Individuals"
"1001","2125652","7796-75-5312","CLOSD","9277 Howard DR","23116","Hanover","Single Family Residence","09/29/2021","$284,900","$296,000","4","Resale (occupied at least once)","1968","Atlee Manor","1,595","0.64","3","1.1","Public Water","Sewer - Public","Conventional","Estate, Individuals"
"1001","2125613","8733-27-3628","CLOSD","6424 Camille DR","23111","Hanover","Single Family Residence","09/29/2021","$334,950","$335,000","6","Resale (occupied at least once)","1965","Hanover Farms","1,968","0.42","4","2.1","Community Well","Septic - Conventional","Conventional","Individuals"
"1001","2125442","751-761-0680","CLOSD","10916 Tray WAY","23060","Henrico","Single Family Residence","09/29/2021","$400,000","$388,500","11","Resale (occupied at least once)","1994","Lexington","2,555","0.19","4","3.1","Public Water","Sewer - Public","Conventional","Individuals"
"1001","2125364","757-69-54-63-700-000","CLOSD","8436 Den Bark DR","23235","Chesterfield","Single Family Residence","09/29/2021","$269,900","$270,000","19","Resale (occupied at least once)","1984","Foxberry","1,512","0.29","4","2.0","Public Water","Sewer - Public","Cash","Corporate"
"1001","2125356","6890-60-9890","CLOSD","13320 Dove Tree LN","23146","Hanover","Single Family Residence","09/29/2021","$699,900","$699,900","2","Resale (occupied at least once)","2009","Woods At Vontay","3,395","13.50","4","2.1","Well","Septic - Conventional","Conventional","Individuals"
"1001","2125250","47-1-0-96-0","CLOSD","1785 St Matthews LN","23233","Goochland","Single Family Residence","09/29/2021","$299,950","$325,000","4","Resale (occupied at least once)","1972","None","1,686","1.90","3","1.1","Well","Septic - Conventional","Conventional","Individuals"
"1001","2125237","8743-63-1641","CLOSD","4192 Range RD","23111","Hanover","Single Family Residence","09/29/2021","$215,000","$208,750","26","Resale (occupied at least once)","1980","None","1,275","1.67","3","2.0","Well","Septic - Conventional","Cash","Corporate, REO"
"1001","2125201","819-64-62-66-200-000","CLOSD","818 Mountshire TER","23836","Chesterfield","Single Family Residence","09/29/2021","$368,500","$375,000","4","Resale (occupied at least once)","2004","Montclair@Southbend","2,293","0.29","4","2.1","Public Water","Sewer - Public","VA New","Individuals"
"1001","2124906","777-744-8721","CLOSD","2812 Oakland AVE","23228","Henrico","Single Family Residence","09/29/2021","$329,900","$335,000","11","Resale (occupied at least once)","1954","Battery Park","1,276","0.27","3","2.0","Public Water","Sewer - Public","Conventional","Corporate, Individuals"
"1001","2124400","764-761-8276","CLOSD","9641 Wilshire DR","23060","Henrico","Single Family Residence","09/29/2021","$429,500","$429,000","18","Resale (occupied at least once)","1994","Brittany","2,344","0.30","5","2.1","Public Water","Sewer - Public","Conventional","Individuals"
"1001","2124092","S000-0918-012","CLOSD","2719 Semmes AVE","23225","Richmond City","Single Family Residence","09/29/2021","$549,000","$600,000","4","Resale (occupied at least once)","1920","Woodland Heights","2,925","0.21","4","2.2","Public Water","Sewer - Public","Conventional","Corporate"
"1001","2124063","64-27-B-3-0","CLOSD","151 Honey Locust","23238","Goochland","Single Family Residence","09/29/2021","$998,000","$998,000","11","Resale (occupied at least once)","2008","West Oak","4,082","0.41","4","4.1","Public Water","Sewer - Public","Conventional","Individuals"
"1001","2123942","042C-3B-1R","CLOSD","1514 Deborah LN","23139","Powhatan","Single Family Residence","09/29/2021","$350,890","$335,000","20","Resale (occupied at least once)","2011","Holly Hills","1,144","1.27","3","2.0","Well","Septic - Conventional","Cash","Individuals"
"1001","2123479","744-744-5005","CLOSD","1501 Chauncey LN","23238","Henrico","Single Family Residence","09/29/2021","$425,000","$415,000","8","Resale (occupied at least once)","1969","Canterbury East","2,596","0.46","4","2.1","Public Water","Sewer - Public","Conventional","Individuals"
"1001","2123292","760-742-3020","CLOSD","1208 Foxcroft RD","23229","Henrico","Single Family Residence","09/29/2021","$270,000","$270,000","12","Resale (occupied at least once)","1949","Sterlingwood","923","0.21","2","1.0","Public Water","Sewer - Public","Conventional","Individuals"
"1001","2123034","745-71-26-80-900-000","CLOSD","10705 Red Lion PL","23235","Chesterfield","Single Family Residence","09/29/2021","$295,500","$295,500","4","Resale (occupied at least once)","1981","Heritage Commons","1,725","0.21","3","2.0","Public Water","Sewer - Public","Cash","Individuals"
"1001","2123003","812-65-39-17-000-000","CLOSD","212 Scrimshaw DR","23836","Chesterfield","Single Family Residence","09/29/2021","$419,950","$420,000","19","Resale (occupied at least once)","1989","Rivers Bend","3,442","0.56","4","3.1","Public Water","Sewer - Public","Conventional","Individuals"
"1001","2122976","740-782-5010","CLOSD","6221 Manor Park CT","23059","Henrico","Single Family Residence","09/29/2021","$639,900","$660,000","3","Resale (occupied at least once)","1993","Manor Park At Wyndham","3,624","0.35","5","3.1","Public Water","Sewer - Public","Cash","Individuals"
"1001","2122912","39-6-1","CLOSD","9400 Adkins RD","23030","Charles City County","Single Family Residence","09/29/2021","$349,000","$345,000","14","Resale (occupied at least once)","1940","None","2,900","12.00","3","2.0","Well","Septic - Conventional","Conventional","Individuals"
"1001","2122866","W000-1366-040","CLOSD","3020 Patterson AVE Unit#U8","23221","Richmond City","Condominium","09/29/2021","$165,000","$155,000","36","Resale (occupied at least once)","1924","None","480","0.01","1","1.0","Public Water","Sewer - Public","Cash","Individuals"
"1001","2122604","728-70-17-40-000-000","CLOSD","13607 Gravity Hill LN","23114","Chesterfield","Single Family Residence","09/29/2021","$489,000","$505,000","5","Resale (occupied at least once)","1999","The Grove","3,150","0.28","5","3.1","Public Water","Sewer - Public","Conventional","Individuals"
"1001","2122427","751-69-94-10-100-000","CLOSD","1701 Winters Hill CIR","23236","Chesterfield","Single Family Residence","09/29/2021","$274,950","$269,500","36","Resale (occupied at least once)","1989","Winters Hill Place","1,598","0.16","3","2.1","Public Water","Sewer - Public","Conventional","Individuals"
"1001","2122021","745-766-6218","CLOSD","5017 Sadler Place TER","23060","Henrico","Single Family Residence","09/29/2021","$559,990","$586,500","11","Resale (occupied at least once)","2006","Sadler Grove","3,132","0.27","4","3.1","Public Water","Sewer - Public","Conventional","Individuals"
"1001","2121818","E000-0436-028","CLOSD","421 N 26th ST","23223","Richmond City","Single Family Residence","09/29/2021","$275,000","$296,000","2","Resale (occupied at least once)","1880","None","1,680","","3","2.0","Public Water","Sewer - Public","Other","Corporate"
"1001","2121399","817-710-1182","CLOSD","5506 Raleigh RD","23231","Henrico","Single Family Residence","09/29/2021","$249,950","$245,000","38","Resale (occupied at least once)","1959","Robinwood","1,505","0.41","3","2.0","Public Water","Sewer - Public","Conventional","Estate"
"1001","2121198","8704-96-6083","CLOSD","8016 Lee AVE","23111","Hanover","Single Family Residence","09/29/2021","$209,950","$203,000","13","Resale (occupied at least once)","1947","Simons Tract","1,061","0.13","3","2.0","Public Water","Sewer - Public","Conventional","Individuals"
"1001","2120916","7797-35-0851","CLOSD","9365 Charter Crossing DR","23116","Hanover","Single Family Residence","09/29/2021","$360,000","$390,000","4","Resale (occupied at least once)","1992","Kings Charter","2,112","0.38","4","2.1","Public Water","Sewer - Public","Conventional","Individuals"
"1001","2120881","7797-97-5019","CLOSD","9024 Morella PL","23116","Hanover","Single Family Residence","09/29/2021","$419,950","$450,000","2","Resale (occupied at least once)","1995","Ash Creek","2,750","0.35","4","3.1","Public Water","Sewer - Public","VA New","Individuals"
"1001","2120243","N018-0533-015","CLOSD","3915 Moss Side AVE","23222","Richmond City","Single Family Residence","09/29/2021","$290,000","$290,000","9","Resale (occupied at least once)","1953","Northampton","2,520","0.52","3","2.1","Public Water","Sewer - Public","VA New","Individuals"
"1001","2120121","732-72-78-71-400-000","CLOSD","4412 Hanwell CT","23113","Chesterfield","Single Family Residence","09/29/2021","$675,000","$727,000","5","Resale (occupied at least once)","2014","Tarrington","3,903","0.49","5","4.1","Public Water","Sewer - Public","Conventional","Individuals"
"1001","2120050","810-720-3115","CLOSD","815 Foxpaw","23223","Henrico","Townhouse","09/29/2021","$99,000","$60,000","5","Resale (occupied at least once)","1982","Foxhill","1,170","","2","2.1","Public Water","Sewer - Public","Cash","Estate"
"1001","2119513","8724-15-4636","CLOSD","6426 Dove WAY","23111","Hanover","Single Family Residence","09/29/2021","$249,950","$255,000","13","Resale (occupied at least once)","1967","Brandy Creek Estates","1,378","0.57","3","1.1","Public Water","Septic - Conventional","Conventional","Individuals"
"1001","2118895","725-71-62-94-600-016","CLOSD","13918 Pagehurst TER","23113","Chesterfield","Condominium","09/29/2021","$575,000","$575,000","8","Resale (occupied at least once)","1984","Pagehurst Condominiums","3,043","0.00","3","3.1","Public Water","Sewer - Public","Conventional","Individuals"
"1001","2118266","743 717 98 00 00000","CLOSD","11148 Live Oak Circle","23113","Chesterfield","Single Family Residence","09/29/2021","$799,950","$795,000","46","Resale (occupied at least once)","2011","Oak Park","3,938","0.50","4","3.1","Public Water","Sewer - Public","Conventional","Individuals"
"1001","2115272","023-3-5","CLOSD","6079 Preakness Stakes LN","23139","Powhatan","Single Family Residence","09/29/2021","$439,995","$439,995","20","New (never occupied)","2021","Paddock","2,393","3.54","4","3.0","Well","Septic - Conventional","Conventional","Partnership"
"1001","2106298","S0000422013","CLOSD","2137 Tobacco Mill ST Unit#JE","23225","Richmond City","Townhouse","09/29/2021","$359,765","$345,085","4","New (never occupied)","2021","Belle Heights","1,916","","3","2.2","Public Water","Sewer - Public","VA New","Corporate"
"1001","2105368","S0000422004","CLOSD","2128 Boro Ridge ST Unit#HA","23225","Richmond City","Townhouse","09/29/2021","$368,675","$369,275","5","New (never occupied)","2021","Belle Heights","1,906","","3","2.1","Public Water","Sewer - Public","VA New","Corporate"
"1001","2101262","7797-70-1338","CLOSD","9712 Honeybee DR","23116","Hanover","Single Family Residence","09/29/2021","$520,555","$565,825","11","New (never occupied)","2021","Taylor Farm","2,782","","4","3.1","Public Water","Sewer - Public","Conventional","Corporate"
"1001","1939284","TBD","CLOSD","8562 Meadowsweet DR","23116","Hanover","Single Family Residence","09/29/2021","$505,324","$504,344","308","New (never occupied)","2020","None","2,250","","3","2.1","Public Water","Sewer - Public","Conventional","Corporate"
"1001","REIN10388248","117531","CLOSD","7882 Faisan LN","23124","New Kent","Single Family Residence","09/29/2021","$340,990","$340,990","32","New (never occupied)","2021","NEW KENT","1,649","","4","3.0","Public Water","Public Sewer On Site","",""
"1001","2122460","E000-0952-049","CLOSD","1819 N 29th ST","23223","Richmond City","Single Family Residence","09/30/2021","$249,950","$248,000","29","Resale (occupied at least once)","2007","Valentine Hechler Plan","1,360","0.18","3","2.1","Public Water","Sewer - Public","FHA New","Corporate"
"1001","2126314","730-754-6794","CLOSD","2600 Stoney CT","23233","Henrico","Townhouse","09/30/2021","$250,000","$275,000","4","Resale (occupied at least once)","1990","Winchester Pointe","1,314","0.09","2","2.0","Public Water","Sewer - Public","Cash","Individuals"
"1001","2125548","N000-1004-017","CLOSD","2017 Moore ST","23220","Richmond City","Single Family Residence","09/30/2021","$345,000","$362,500","13","Resale (occupied at least once)","2015","None","1,540","0.08","3","2.1","Public Water","Sewer - Public","Cash","Individuals"
"1001","2122980","E000-0256-016","CLOSD","2208 Jefferson AVE","23223","Richmond City","Single Family Residence","09/30/2021","$399,950","$399,950","27","Resale (occupied at least once)","1900","None","1,966","0.05","4","2.1","Public Water","Sewer - Public","Conventional","Individuals"
"1001","2120617","E000-0258-025","CLOSD","309 N 22nd ST","23223","Richmond City","Single Family Residence","09/30/2021","$219,950","$219,950","20","Resale (occupied at least once)","1900","None","1,264","0.03","3","1.0","Public Water","Sewer - Public","FHA New","Individuals"
"1001","2124421","737-747-5685","CLOSD","11413 Lindenshire LN","23238","Henrico","Single Family Residence","09/30/2021","$409,950","$429,950","2","Resale (occupied at least once)","1977","Sussex","2,340","0.41","5","3.1","Public Water","Sewer - Public","Conventional","Individuals"
"1001","2021999","826-66-29-10-400-000","CLOSD","2618 Riverboat CIR","23836","Chesterfield","Single Family Residence","09/30/2021","$436,950","$579,526","0","New (never occupied)","2021","Meadowville Landing","2,894","","5","4.0","Public Water","Sewer - Public","Conventional","Corporate"
"1001","2119069","725-69-10-95-400-000","CLOSD","2012 Deer Meadow LN","23112","Chesterfield","Single Family Residence","09/30/2021","$258,500","$255,000","44","Resale (occupied at least once)","1985","Deer Meadow","1,256","0.16","3","2.0","Public Water","Sewer - Public","Conventional","Individuals"
"1001","2125149","753-765-0276","CLOSD","4728 Squaw Valley CT","23060","Henrico","Single Family Residence","09/30/2021","$450,000","$450,000","15","Resale (occupied at least once)","1997","The Village @ Innsbrook","2,270","0.37","3","2.1","Public Water","Sewer - Public","Conventional","Individuals"
"1001","2122131","N000-0409-001","CLOSD","2006 Lamb AVE","23222","Richmond City","Single Family Residence","09/30/2021","$459,000","$459,000","7","Resale (occupied at least once)","1910","Barton Heights","3,638","0.16","4","3.0","Public Water","Sewer - Public","VA New","Other"
"1001","2118683","E000-0934-009","CLOSD","1722 N 20th ST","23223","Richmond City","Single Family Residence","09/30/2021","$299,000","$295,000","33","Resale (occupied at least once)","1910","None","1,722","0.18","3","2.1","Public Water","Sewer - Public","VHDA/FHA","Individuals"
"1001","2125913","791659224600000","CLOSD","11410 Driscoll RD","23831","Chesterfield","Single Family Residence","09/30/2021","$329,900","$330,000","11","Resale (occupied at least once)","1973","Trueheart Heights","2,364","0.55","3","2.1","Public Water","Septic - Conventional","Conventional","Individuals"
"1001","2125171","C006-0528-004","CLOSD","824 Woodhaven DR","23224","Richmond City","Single Family Residence","09/30/2021","$254,950","$258,500","25","Resale (occupied at least once)","1959","Woodstock","1,367","0.39","3","2.0","Public Water","Sewer - Public","FHA New","Partnership"
"1001","2105614","7796-66-7894","CLOSD","9229 Fairfield Farm CT","23116","Hanover","Single Family Residence","09/30/2021","$526,035","$526,035","17","New (never occupied)","2021","Giles Farm","3,019","","5","3.0","Public Water","Sewer - Public","Conventional","Corporate"
"1001","2126428","722-67-60-03-400-000","CLOSD","5814 Oak Knoll RD","23112","Chesterfield","Single Family Residence","09/30/2021","$375,000","$385,000","4","Resale (occupied at least once)","1986","Woodlake","2,962","0.24","5","3.1","Public Water","Sewer - Public","Conventional","Individuals"
"1001","2122041","TBD","CLOSD","205 Sag Harbor CT Unit#C","23075","Henrico","Townhouse","09/30/2021","$252,925","$252,925","0","New (never occupied)","2021","Easthampton","1,280","","3","2.1","Public Water","Sewer - Public","FHA New","Corporate"
"1001","2115889","8765-42-9050","CLOSD","8109 Flannigan Mill RD","23111","Hanover","Single Family Residence","09/30/2021","$249,500","$255,500","43","Resale (occupied at least once)","1951","None","1,520","3.16","5","2.1","Well","Septic - Conventional","FHA New","Individuals"
"1001","2130016","824-66-04-40-700-000","CLOSD","1825 Galley PL","23836","Chesterfield","Single Family Residence","09/30/2021","$513,847","$513,847","0","New (never occupied)","2021","Twin Rivers","2,731","","4","3.0","Public Water","Sewer - Public","Conventional","Corporate"
"1001","2127135","756-742-9798","CLOSD","1403 Coronet DR","23229","Henrico","Single Family Residence","09/30/2021","$269,500","$272,000","7","Resale (occupied at least once)","1955","Ridgeway Farms","1,008","0.31","3","1.0","Public Water","Sewer - Public","Cash","Individuals"
"1001","2126068","797-64-79-16-300-000","CLOSD","13636 Laketree DR","23831","Chesterfield","Single Family Residence","09/30/2021","$335,000","$335,000","8","Resale (occupied at least once)","2005","Forest Lake","2,684","1.26","4","3.0","Public Water","Sewer - Public","VA New","Individuals"
"1001","2125917","8714-59-5412","CLOSD","7985 Colony DR","23111","Hanover","Single Family Residence","09/30/2021","$239,500","$239,500","16","Resale (occupied at least once)","1964","Spring Meadows","1,275","0.39","3","1.1","Public Water","Sewer - Public","Conventional","Partnership"
"1001","2125467","779-65-50-72-600-000","CLOSD","11609 Arbor Highlands TER","23831","Chesterfield","Single Family Residence","09/30/2021","$315,000","$320,000","2","Resale (occupied at least once)","2002","Arbor Landing","2,189","0.28","4","2.1","Public Water","Sewer - Public","VA New","Individuals"
"1001","2123837","764-68-38-76-400-000","CLOSD","5125 Hartsdale RD","23832","Chesterfield","Single Family Residence","09/30/2021","$265,000","$265,000","7","Resale (occupied at least once)","1994","Pennwood","1,600","0.21","4","2.0","Public Water","Sewer - Public","FHA New","Individuals"
"1001","2122456","765-740-7732","CLOSD","6601 Monument AVE","23226","Henrico","Single Family Residence","09/30/2021","$350,000","$340,000","35","Resale (occupied at least once)","1950","Monument Hills","1,428","0.22","3","1.1","Public Water","Sewer - Public","Conventional","Individuals"
"1001","2120591","752-70-08-92-200-000","CLOSD","1213 Laureate TURN","23236","Chesterfield","Single Family Residence","09/30/2021","$345,000","$350,000","25","Resale (occupied at least once)","2009","Somers Lark","1,920","0.46","4","2.1","Public Water","Sewer - Public","Conventional","Individuals"
"1001","2119903","753-69-99-27-400-000","CLOSD","1402 Cauthan CT","23236","Chesterfield","Single Family Residence","09/30/2021","$265,000","$275,000","39","Resale (occupied at least once)","1978","Archbrooke","1,588","0.37","4","2.0","Public Water","Sewer - Public","FHA New","Individuals"
"1001","2112414","TBD","CLOSD","1853 Providence Villas CT Unit#12D","23236","Chesterfield","Condominium","09/30/2021","$379,950","$375,000","49","New (never occupied)","2021","The Villas At Providence","1,859","","3","2.0","Public Water","Sewer - Public","Conventional","Corporate"
"1001","2036331","729-66-39-02-800-000","CLOSD","13818 Tyberton DR","23112","Chesterfield","Single Family Residence","09/30/2021","$379,950","$454,670","0","New (never occupied)","2021","Collington East","2,441","","3","3.0","Public Water","Sewer - Public","Conventional","Corporate"
"1001","2035072","Hickory Hill","CLOSD","9432 Pink Daily","23005","Hanover","Single Family Residence","09/30/2021","$617,898","$620,159","0","New (never occupied)","2020","Hicks E. T. Lane","3,125","1.00","5","4.0","Well","Septic - Alternative","Conventional","Corporate, Individuals"
"1001","2030932","708680378400000","CLOSD","16824 Laurel Park DR","23120","Chesterfield","Single Family Residence","09/30/2021","$337,950","$357,690","0","New (never occupied)","2021","Westerleigh","2,252","","4","2.1","Public Water","Sewer - Public","Conventional","Corporate"
"1001","2018636","016C-6-6R","CLOSD","3587 Calvin's TRL","23139","Powhatan","Single Family Residence","09/30/2021","$453,950","$521,704","0","New (never occupied)","2021","Aston","2,948","","4","3.0","Well","Septic - Conventional","Conventional","Corporate"
"1001","2118858","787-752-2922","CLOSD","408 Lakeside BLVD","23227","Henrico","Single Family Residence","09/30/2021","$215,000","$198,000","39","Resale (occupied at least once)","1939","Lakeside Terrace","1,100","0.19","3","2.0","Public Water","Sewer - Public","Conventional","Individuals"
"1001","2126390","751-766-3547.065","CLOSD","4651 Four Seasons TER Unit#E","23060","Henrico","Condominium","09/30/2021","$249,950","$253,000","7","Resale (occupied at least once)","1987","Four Seasons Condo","1,268","0.03","2","2.0","Public Water","Sewer - Public","VA New","Individuals"
"1001","2120507","28-21-0-4-0","CLOSD","2389 Chapel Hill RD","23063","Goochland","Single Family Residence","09/30/2021","$324,950","$320,000","44","Resale (occupied at least once)","2019","None","1,600","5.96","3","2.0","Well","Septic - Conventional","Conventional","Individuals"
"1001","2114961","733685019800000","CLOSD","12576 Petrel XING Unit#155","23112","Chesterfield","Townhouse","09/30/2021","$309,706","$309,491","22","New (never occupied)","2021","Towns at Swift Creek","1,800","","3","2.1","Public Water","Sewer - Public","FHA New","Corporate"
"1001","2126196","C002-0173-005","CLOSD","8435 Abbey RD","23235","Richmond City","Single Family Residence","09/30/2021","$354,500","$377,000","6","Resale (occupied at least once)","1959","Oxford","1,613","0.49","3","2.0","Public Water","Sewer - Public","Conventional","Individuals"
"1001","2123785","738-70-63-87-500-000","CLOSD","710 Blakeston DR","23236","Chesterfield","Single Family Residence","09/30/2021","$489,000","$489,000","13","Resale (occupied at least once)","1985","Stonehenge","3,643","0.42","4","2.1","Public Water","Sewer - Public","Conventional","Individuals, Relocation"
"1001","2124561","828-714-8840","CLOSD","117 Taraby DR","23150","Henrico","Single Family Residence","09/30/2021","$239,950","$255,000","8","Resale (occupied at least once)","1995","Hunters Run","1,428","0.29","3","2.0","Public Water","Sewer - Public","Conventional","Individuals"
"1001","2125692","830-714-6861","CLOSD","407 Virginia AVE","23150","Henrico","Single Family Residence","09/30/2021","$189,000","$216,000","5","Resale (occupied at least once)","1966","Seven Pines Villa","1,300","0.28","3","1.1","Public Water","Sewer - Public","Conventional","Individuals"
"1001","2124595","727-68-52-22-900-000","CLOSD","3500 Stoney Ridge RD","23112","Chesterfield","Single Family Residence","09/30/2021","$475,000","$507,000","8","Resale (occupied at least once)","1983","Stoney Ridge","4,160","0.44","4","3.0","Public Water","Sewer - Public","VA New","Individuals"
"1001","2123031","785-68-62-00-400-000","CLOSD","5908 Misty Oak CT","23234","Chesterfield","Single Family Residence","09/30/2021","$289,000","$289,000","12","Resale (occupied at least once)","1993","Meadow Oaks","2,113","0.44","3","2.1","Public Water","Sewer - Public","FHA New","Individuals"
"1001","2122747","777-67-81-27-700-000","CLOSD","7019 Bridgeside PL","23234","Chesterfield","Single Family Residence","09/30/2021","$285,000","$290,000","5","Resale (occupied at least once)","1995","Stonebridge","1,728","0.65","4","2.1","Public Water","Other - See Remarks","FHA New","Individuals"
"1001","2103535","824660512400000","CLOSD","1830 Galley PL","23836","Chesterfield","Single Family Residence","09/30/2021","$406,300","$452,435","0","New (never occupied)","2021","Twin Rivers","2,025","","2","2.1","Public Water","Sewer - Public","Conventional","Corporate"
"1001","2126761","770-67-71-60-900-000","CLOSD","6425 Greyhaven DR","23234","Chesterfield","Single Family Residence","09/30/2021","$475,000","$449,000","6","Resale (occupied at least once)","2016","Watermark","3,572","0.21","6","4.0","Public Water","Sewer - Public","VA New","Individuals"
"1001","2125267","801-730-5532","CLOSD","1814 Hobson LN","23223","Henrico","Single Family Residence","09/30/2021","$135,000","$145,000","5","Resale (occupied at least once)","1949","Oak Hill","720","0.23","2","1.0","Public Water","Sewer - Public","VHDA ","Individuals"
"1001","2125777","729-67-14-30-600-000","CLOSD","7031 Velvet Antler DR","23112","Chesterfield","Single Family Residence","09/30/2021","$249,900","$260,000","4","Resale (occupied at least once)","1988","Deer Run","1,452","0.25","4","2.0","Public Water","Sewer - Public","Conventional","Individuals"
"1001","2123404","772-735-5697.177","CLOSD","5100 Monument AVE Unit#1211","23230","Henrico","Condominium","09/30/2021","$185,000","$185,000","10","Resale (occupied at least once)","1961","5100 Monument","880","0.02","1","1.0","Public Water","Sewer - Public","VHDA ","Individuals"
"1001","2124306","C009-0480-051","CLOSD","2724 E Belt BLVD","23234","Richmond City","Single Family Residence","09/30/2021","$199,950","$207,500","3","Resale (occupied at least once)","2006","None","1,288","0.22","3","2.0","Public Water","Sewer - Public","FHA New","Individuals"
"1001","2103501","780-772-8510","CLOSD","304 Hay Mill ALY","23059","Henrico","Townhouse","09/30/2021","$352,385","$367,645","29","New (never occupied)","2021","River Mill","1,762","","3","2.1","Public Water","Sewer - Public","Conventional","Corporate"
"1001","2118670","753-70-80-47-300-000","CLOSD","841 Elaine AVE","23235","Chesterfield","Single Family Residence","09/30/2021","$338,500","$338,500","15","Resale (occupied at least once)","1969","Brighton Green","2,234","0.34","3","3.0","Public Water","Sewer - Public","Conventional","Individuals"
"1001","2125874","774-748-8629","CLOSD","3020 Ruthland RD","23228","Henrico","Single Family Residence","09/30/2021","$199,950","$220,000","4","Resale (occupied at least once)","1983","Ruthland","840","0.19","2","1.0","Public Water","Sewer - Public","Cash","Individuals"
"1001","2125953","729-750-1725","CLOSD","2202 Ashcreek DR","23238","Henrico","Townhouse","09/30/2021","$199,950","$210,000","4","Resale (occupied at least once)","1980","Old Coach Square","1,360","0.04","3","1.2","Public Water","Sewer - Public","FHA New","Individuals"
"1001","2123542","723-67-99-11-000-000","CLOSD","14010 Fiddlers Ridge RD","23112","Chesterfield","Single Family Residence","09/30/2021","$345,000","$345,000","6","Resale (occupied at least once)","1986","Woodlake","2,396","0.23","4","2.1","Public Water","Sewer - Public","Conventional","Individuals"
"1001","2123724","728-68-21-66-300-000","CLOSD","4000 Mctyres Cove TER","23112","Chesterfield","Single Family Residence","09/30/2021","$319,900","$323,900","8","Resale (occupied at least once)","1978","Brandermill","2,031","0.20","3","2.1","Public Water","Sewer - Public","Cash","Individuals"
"1001","2125355","039-20","CLOSD","3670 Old Buckingham RD","23139","Powhatan","Single Family Residence","09/30/2021","$229,500","$240,000","6","Resale (occupied at least once)","1976","None","1,128","0.61","3","1.0","Well","Septic - Conventional","Conventional","Individuals"
"1001","2127987","735-67-51-49-000-001","CLOSD","5201 Creek Heights DR Unit#1","23112","Chesterfield","Condominium","09/30/2021","$385,000","$400,000","3","Resale (occupied at least once)","2010","Terraces At Swift Creek","2,336","24.92","3","2.1","Public Water","Sewer - Public","Cash","Individuals"
"1001","2127941","S007-1681-007","CLOSD","2206 Warwick AVE","23224","Richmond City","Single Family Residence","09/30/2021","$135,000","$135,000","6","Resale (occupied at least once)","1965","Villa Heights","1,108","0.16","3","1.0","Public Water","Sewer - Public","Cash","Individuals"
"1001","2127851","780-761-6530","CLOSD","9207 Tweed PL","23060","Henrico","Single Family Residence","09/30/2021","$200,000","$200,000","0","Resale (occupied at least once)","1991","North Run Estates","1,986","0.19","4","2.0","Public Water","Sewer - Public","Conventional","Individuals"
"1001","2127020","43   2     2","CLOSD","11090 Pocahontas TRL","23140","New Kent","Single Family Residence","09/30/2021","$600,000","$600,000","0","Resale (occupied at least once)","2001","None","4,678","2.00","5","3.1","Well","Septic - Conventional","Conventional","Individuals"
"1001","2126846","760-69-05-87-400-000","CLOSD","3404 Fallbrooke CT","23235","Chesterfield","Single Family Residence","09/30/2021","$209,000","$228,000","2","Resale (occupied at least once)","1980","Wyntrebrooke","1,200","0.31","3","1.1","Public Water","Sewer - Public","Conventional","Individuals"
"1001","2126827","788-65-37-32-500-000","CLOSD","12230 Harrowgate RD","23831","Chesterfield","Single Family Residence","09/30/2021","$234,900","$250,000","4","Resale (occupied at least once)","1989","None","1,290","0.33","3","2.0","Public Water","Sewer - Public","Conventional","Individuals"
"1001","2126810","8800-81-8552","CLOSD","13246 Depot RD","23069","Hanover","Single Family Residence","09/30/2021","$245,000","$257,500","2","Resale (occupied at least once)","1980","Beaverdam","1,344","0.57","3","2.0","Well","Septic - Conventional","Conventional","Individuals"
"1001","2126798","790-66-60-56-200-000","CLOSD","3248 Ransom Hills RD","23237","Chesterfield","Single Family Residence","09/30/2021","$255,000","$255,000","3","Resale (occupied at least once)","1996","Proctors Point","1,758","0.14","3","2.1","Community Well","Community - Sewer/Septic","FHA New","Individuals"
"1001","2126587","820-727-7457","CLOSD","101 A P Hill AVE","23075","Henrico","Single Family Residence","09/30/2021","$249,950","$245,000","7","Resale (occupied at least once)","1953","Confederate Terrace","2,153","0.85","3","2.0","Public Water","Sewer - Public","FHA New","Individuals"
"1001","2126468","748-71-37-13-700-000","CLOSD","1706 Crumpets CT","23235","Chesterfield","Single Family Residence","09/30/2021","$275,000","$275,000","5","Resale (occupied at least once)","1978","Settlers Landing","1,600","0.28","3","2.1","Public Water","Sewer - Public","Conventional","Individuals"
"1001","2126441","787-752-1830","CLOSD","513 La Von DR","23227","Henrico","Single Family Residence","09/30/2021","$335,000","$335,000","6","Resale (occupied at least once)","2015","Lakeside Terrace","1,794","0.08","3","2.1","Public Water","Sewer - Public","Conventional","Individuals"
"1001","2126434","705-67-01-90-100-000","CLOSD","7395 Nicklaus CIR","23120","Chesterfield","Single Family Residence","09/30/2021","$379,950","$411,786","6","Resale (occupied at least once)","2014","Magnolia Green","2,212","0.17","3","2.1","Public Water","Sewer - Public","Conventional","Individuals"
"1001","2126379","042A-4C-8","CLOSD","1614 Oak LN","23139","Powhatan","Single Family Residence","09/30/2021","$249,900","$250,000","5","Resale (occupied at least once)","1972","Holly Hills","1,400","0.68","3","1.1","Well","Septic - Conventional","VA New","Individuals"
"1001","2126374","786-66-00-94-400-000","CLOSD","10662 Centralia Station RD","23831","Chesterfield","Single Family Residence","09/30/2021","$425,000","$430,000","7","Resale (occupied at least once)","2019","Centralia Station","2,056","0.34","3","2.0","Public Water","Sewer - Public","Conventional","Individuals"
"1001","2126361","762-67-93-93-500-000","CLOSD","7919 Southford PL","23832","Chesterfield","Single Family Residence","09/30/2021","$330,000","$340,000","5","Resale (occupied at least once)","1994","Five Forks Village","2,402","0.34","4","2.1","Public Water","Sewer - Public","FHA New","Individuals"
"1001","2126358","751-71-50-20-900-013","CLOSD","10120 Iron Mill RD Unit#10120","23235","Chesterfield","Condominium","09/30/2021","$95,000","$95,000","3","Resale (occupied at least once)","1973","Edgehill Condo","816","18.14","1","1.0","Public Water","Sewer - Public","Cash","Individuals"
"1001","2126293","C009-0176-014","CLOSD","1400 Bangle DR","23224","Richmond City","Single Family Residence","09/30/2021","$165,000","$160,000","14","Resale (occupied at least once)","1950","Chestervale","912","0.26","2","1.0","Public Water","Sewer - Public","Conventional","Individuals"
"1001","2126255","758-765-9527","CLOSD","5100 Arrowbrook CT","23060","Henrico","Single Family Residence","09/30/2021","$599,900","$639,999","3","Resale (occupied at least once)","2018","Meredith Branch Estates","3,814","0.27","4","3.1","Public Water","Sewer - Public","Conventional","Individuals"
"1001","2126249","8706-44-8003","CLOSD","9212 Huntington Woods DR","23116","Hanover","Single Family Residence","09/30/2021","$420,000","$420,000","6","Resale (occupied at least once)","2000","Huntington Woods","2,346","0.46","3","2.0","Public Water","Sewer - Public","Conventional","Individuals"
"1001","2126216","743-744-8403","CLOSD","10309 Collinwood DR","23238","Henrico","Single Family Residence","09/30/2021","$473,500","$476,000","5","Resale (occupied at least once)","1966","Canterbury East","2,912","0.46","4","3.0","Public Water","Sewer - Public","Conventional","Individuals"
"1001","2126149","710-65-04-20-800-000","CLOSD","12040 Winterpock RD","23838","Chesterfield","Single Family Residence","09/30/2021","$239,950","$215,000","2","Resale (occupied at least once)","1960","None","1,066","1.00","3","1.0","Well","Septic - Conventional","USDA","Individuals"
"1001","2126127","W000-1129-024","CLOSD","2510 Monument AVE Unit#U302","23220","Richmond City","Condominium","09/30/2021","$450,000","$450,000","4","Resale (occupied at least once)","1916","None","1,578","0.33","2","2.0","Public Water","Sewer - Public","Cash","Individuals"
"1001","2125939","757-65-61-58-500-000","CLOSD","10720 Woodland Pond","23838","Chesterfield","Single Family Residence","09/30/2021","$688,000","$688,000","5","Resale (occupied at least once)","1989","Woodland Pond","3,780","2.03","5","3.1","Public Water","Septic - Conventional","FHA New","Individuals"
"1001","2125937","743-751-5167","CLOSD","10211 Avenham WAY","23238","Henrico","Single Family Residence","09/30/2021","$392,000","$392,000","5","Resale (occupied at least once)","1987","Raintree North","2,222","0.25","4","2.1","Public Water","Sewer - Public","Conventional","Individuals"
"1001","2125872","802-730-0222","CLOSD","1911 Watts LN","23223","Henrico","Single Family Residence","09/30/2021","$210,000","$210,000","3","Resale (occupied at least once)","1949","Montezuma Gardens","1,180","0.38","3","2.0","Community Well, Public Water","Sewer - Public","Conventional","Corporate"
"1001","2125825","767-768-4660","CLOSD","10610 Lambeth RD","23060","Henrico","Single Family Residence","09/30/2021","$300,000","$305,000","7","Resale (occupied at least once)","1972","Forest Lodge Acres","1,552","0.37","3","2.0","Public Water","Sewer - Public","Conventional","Individuals"
"1001","2125799","789-69-20-05-600-000","CLOSD","4803 Oriole AVE","23234","Chesterfield","Single Family Residence","09/30/2021","$144,900","$140,000","27","Resale (occupied at least once)","1945","Grindall Creek Park","852","0.23","2","1.0","Public Water","Sewer - Public","Cash","Individuals"
"1001","2125749","808-64-01-38-600-000","CLOSD","15112 Majestic Creek DR","23834","Chesterfield","Single Family Residence","09/30/2021","$365,000","$357,000","13","Resale (occupied at least once)","2000","Southcreek","2,253","0.46","4","2.1","Public Water","Sewer - Public","VA New","Individuals"
"1001","2125693","718-66-79-15-200-000","CLOSD","7931 Featherchase PL","23832","Chesterfield","Single Family Residence","09/30/2021","$274,900","$295,000","6","Resale (occupied at least once)","1997","Ashbrook","1,728","0.18","3","2.1","Public Water","Sewer - Public","Conventional","Individuals"
"1001","2125683","730-766-3642.015","CLOSD","4205 Saunders Tavern TRL Unit#A","23233","Henrico","Condominium","09/30/2021","$333,000","$320,000","9","Resale (occupied at least once)","2017","Saunders Station At Broad Hill Centre","1,570","12.55","2","2.1","Public Water","Sewer - Public","Conventional","Individuals"
"1001","2125681","804-697-6477","CLOSD","7016 Wildwood ST","23231","Henrico","Single Family Residence","09/30/2021","$220,000","$232,000","6","Resale (occupied at least once)","2010","Sunset Heights","1,200","0.74","3","2.0","Well","Sewer - Public","Conventional","Individuals"
"1001","2125661","755-69-91-66-200-000","CLOSD","1214 Providence Knoll DR","23236","Chesterfield","Townhouse","09/30/2021","$314,900","$346,000","2","Resale (occupied at least once)","2005","Providence","2,043","0.13","3","2.1","Public Water","Sewer - Public","Conventional","Individuals"
"1001","2125658","769-739-0496","CLOSD","6103 W Club LN","23226","Henrico","Single Family Residence","09/30/2021","$639,000","$725,000","8","Resale (occupied at least once)","1946","Westwood","2,643","0.94","4","2.1","Public Water","Sewer - Public","Cash","Individuals"
"1001","2125648","793-62-06-88-200-000","CLOSD","19206 Brevard DR","23834","Chesterfield","Single Family Residence","09/30/2021","$240,000","$271,000","5","Resale (occupied at least once)","2015","Forest View","1,456","0.40","3","2.1","Public Water","Sewer - Public","FHA New","Individuals"
"1001","2125533","778-761-2627","CLOSD","1608 Cherry View CT","23228","Henrico","Single Family Residence","09/30/2021","$325,000","$345,000","6","Resale (occupied at least once)","2000","Cedar Grove","2,083","0.32","4","2.1","Public Water","Sewer - Public","Conventional","Individuals"
"1001","2125529","747-746-3559.095","CLOSD","1503 Regency Woods Unit#204","23238","Henrico","Condominium","09/30/2021","$179,950","$185,000","11","Resale (occupied at least once)","1976","Regency Woods Condominiums","1,364","","3","2.0","Public Water","Sewer - Public","Cash","Individuals"
"1001","2125525","804-679-8140","CLOSD","1457 Crystal Springs LN","23231","Henrico","Single Family Residence","09/30/2021","$440,000","$465,000","4","Resale (occupied at least once)","1958","None","2,736","5.50","3","2.0","Well","Septic - Conventional","Conventional","Individuals"
"1001","2125519","735-72-66-22-800-000","CLOSD","3525 Seaford Crossing DR","23113","Chesterfield","Single Family Residence","09/30/2021","$575,000","$595,150","9","Resale (occupied at least once)","2019","Tarrington","3,016","0.29","5","3.0","Public Water","Sewer - Public","Conventional","Individuals"
"1001","2125441","729-66-11-62-700-000","CLOSD","9900 Greywell TER","23112","Chesterfield","Single Family Residence","09/30/2021","$400,000","$410,000","5","Resale (occupied at least once)","2017","Collington","2,410","0.22","4","2.1","Public Water","Sewer - Public","VA New","Individuals"
"1001","2125411","W019-0052-008","CLOSD","4617 Radford AVE","23230","Richmond City","Single Family Residence","09/30/2021","$570,000","$644,500","4","Resale (occupied at least once)","1923","Monument Avenue Park","2,394","0.14","4","2.1","Public Water","Sewer - Public","Conventional","Individuals"
"1001","2125397","747-738-6173.084","CLOSD","9006 Wood Sorrel DR","23229","Henrico","Condominium","09/30/2021","$475,000","$475,000","5","Resale (occupied at least once)","1984","Mooreland Commons","2,391","0.07","3","3.0","Public Water","Sewer - Public","Cash","Individuals"
"1001","2125392","771-752-0632","CLOSD","3011 New Hermitage CT","23228","Henrico","Single Family Residence","09/30/2021","$320,000","$320,000","8","Resale (occupied at least once)","2017","Hermitage Townes","1,940","0.07","2","2.1","Public Water","Sewer - Public","Conventional","Individuals"
"1001","2125380","709-67-79-50-500-000","CLOSD","16516 Gossamer DR","23120","Chesterfield","Single Family Residence","09/30/2021","$419,500","$420,000","3","Resale (occupied at least once)","2018","Wynwood at Foxcreek","2,468","0.11","5","3.0","Public Water","Sewer - Public","FHA New","Individuals"
"1001","2125230","781-767-7602","CLOSD","1500 Francis RD","23059","Henrico","Single Family Residence","09/30/2021","$384,950","$375,000","19","New (never occupied)","2021","None","2,093","0.09","4","2.1","Public Water","Sewer - Public","Cash","Corporate"
"1001","2125150","742-68-27-56-500-000","CLOSD","4213 Frederick Farms DR","23112","Chesterfield","Single Family Residence","09/30/2021","$270,000","$270,000","5","Resale (occupied at least once)","1985","Frederick Farms","1,464","0.22","3","3.0","Public Water","Sewer - Public","Conventional","Individuals"
"1001","2125141","810-715-3331","CLOSD","3111 Danville ST","23231","Henrico","Single Family Residence","09/30/2021","$179,950","$188,000","5","Resale (occupied at least once)","1947","Gilbert Gardens","910","0.30","3","1.0","Public Water","Sewer - Public","Conventional","Individuals"
"1001","2125131","785-64-47-86-900-000","CLOSD","5209 Lippingham LN","23831","Chesterfield","Single Family Residence","09/30/2021","$372,500","$390,000","3","Resale (occupied at least once)","1997","Stoney Glen","3,100","0.63","4","2.1","Public Water","Sewer - Public","Conventional","Individuals"
"1001","2125071","760-760-2721","CLOSD","4204 W End DR","23294","Henrico","Single Family Residence","09/30/2021","$289,900","$305,000","6","Resale (occupied at least once)","1967","West End Manor","1,914","0.25","5","2.0","Public Water","Sewer - Public","Conventional","Individuals"
"1001","2125047","779-69-11-51-700-000","CLOSD","4441 Melody RD","23234","Chesterfield","Single Family Residence","09/30/2021","$315,000","$330,000","6","Resale (occupied at least once)","1963","Garland Heights","2,424","0.57","4","3.0","Public Water","Sewer - Public","Conventional","Individuals"
"1001","2125034","789-765-4327","CLOSD","565 Virginia Center Pkwy","23059","Henrico","Single Family Residence","09/30/2021","$365,000","$360,000","6","Resale (occupied at least once)","1999","Cross Point","1,868","0.20","3","2.0","Public Water","Sewer - Public","Conventional","Individuals"
"1001","2125024","715-66-49-53-600-000","CLOSD","8413 Morocco PL","23832","Chesterfield","Single Family Residence","09/30/2021","$585,000","$575,000","17","Resale (occupied at least once)","2018","Harpers Mill","3,923","0.31","5","4.0","Public Water","Sewer - Public","Conventional","Individuals"
"1001","2124949","811-723-8702","CLOSD","4910 Laurie LN","23223","Henrico","Single Family Residence","09/30/2021","$227,000","$230,000","3","Resale (occupied at least once)","1966","Hechler Village","1,768","0.28","4","2.0","Public Water","Sewer - Public","FHA New","Individuals"
"1001","2124898","802-726-7281","CLOSD","2704 Carneal ST","23223","Henrico","Single Family Residence","09/30/2021","$179,950","$174,950","12","Resale (occupied at least once)","1959","Central Gardens","912","0.26","3","1.0","Public Water","Sewer - Public","FHA New","Estate"
"1001","2124864","847-709-0459","CLOSD","3800 Iroquois East CIR","23150","Henrico","Single Family Residence","09/30/2021","$255,000","$265,000","6","Resale (occupied at least once)","1975","Old Cannon Estates","1,726","0.99","3","2.0","Public Water","Septic - Conventional","VA New","Individuals"
"1001","2124843","725707266900049","CLOSD","14446 Tanager Wood TRL","23114","Chesterfield","Condominium","09/30/2021","$365,000","$367,500","3","Resale (occupied at least once)","2006","Midlothian Wood Condo","1,633","","2","2.0","Public Water","Sewer - Public","Conventional","Individuals"
"1001","2124818","781-749-5497","CLOSD","1912 Hilliard RD","23228","Henrico","Single Family Residence","09/30/2021","$299,900","$350,000","7","Resale (occupied at least once)","1930","Lakeside","2,006","0.44","4","1.1","Public Water","Sewer - Public","Conventional","Individuals"
"1001","2124725","816-65-09-20-300-000","CLOSD","13412 Green Orchard CT","23836","Chesterfield","Single Family Residence","09/30/2021","$324,900","$320,000","6","Resale (occupied at least once)","1994","Bermuda Orchard","2,311","0.46","5","2.1","Public Water","Sewer - Public","Conventional","Relocation"
"1001","2124715","741-748-9426","CLOSD","1907 Windingridge WAY","23238","Henrico","Single Family Residence","09/30/2021","$439,900","$477,500","6","Resale (occupied at least once)","1982","Gayton Forest West","2,389","0.32","4","2.1","Public Water","Sewer - Public","Conventional","Individuals"
"1001","2124662","C007-0220-013","CLOSD","736 Mcdowell RD","23225","Richmond City","Single Family Residence","09/30/2021","$231,900","$247,000","1","Resale (occupied at least once)","1965","Warwick Acres","1,694","0.27","4","2.0","Public Water","Sewer - Public","VHDA/FHA","Individuals"
"1001","2124553","757-750-7251","CLOSD","8309 Lansdowne RD","23229","Henrico","Single Family Residence","09/30/2021","$330,000","$362,500","6","Resale (occupied at least once)","1957","Fordson Acres","1,368","0.67","3","2.0","Public Water","Sewer - Public","Conventional","Individuals"
"1001","2124527","780-772-6267","CLOSD","10801 Porter Park LN","23059","Henrico","Townhouse","09/30/2021","$399,950","$430,000","5","Resale (occupied at least once)","2020","River Mill","2,040","0.15","3","2.1","Public Water","Sewer - Public","Conventional","Individuals"
"1001","2124525","C005-0340-024","CLOSD","5517 Riverside Heights WAY","23225","Richmond City","Townhouse","09/30/2021","$365,000","$365,000","19","Resale (occupied at least once)","2016","Riverside Heights","2,176","0.08","3","3.1","Public Water","Sewer - Public","Conventional","Individuals"
"1001","2124327","8706-13-2659","CLOSD","8171 Belton CIR","23116","Hanover","Townhouse","09/30/2021","$310,000","$320,000","1","Resale (occupied at least once)","2008","Rutland","1,960","0.08","3","2.1","Public Water","Sewer - Public","Conventional","Individuals"
"1001","2124250","751-766-3547.068","CLOSD","4651 Four Seasons TER Unit#H","23060","Henrico","Condominium","09/30/2021","$218,500","$225,000","3","Resale (occupied at least once)","1987","Four Seasons Condo","1,134","0.03","2","2.0","Public Water","Sewer - Public","Conventional","Individuals"
"1001","2124173","726-65-93-29-600-000","CLOSD","9313 Sir Britton DR","23832","Chesterfield","Single Family Residence","09/30/2021","$479,900","$484,000","11","Resale (occupied at least once)","2008","The Woods At Summerford","3,354","0.34","5","3.1","Public Water","Sewer - Public","FHA New","Individuals"
"1001","2123892","763-65-01-40-600-000","CLOSD","8306 Seaview DR","23838","Chesterfield","Single Family Residence","09/30/2021","$415,900","$436,000","8","Resale (occupied at least once)","1994","The Highlands","3,060","1.06","5","2.1","Public Water","Septic - Conventional","VHDA/FHA","Individuals"
"1001","2123822","19G111227","CLOSD","7480 Winding Jasmine RD","23141","New Kent","Single Family Residence","09/30/2021","$529,950","$510,000","9","New (never occupied)","2021","Patriots Landing","3,692","","5","3.1","Public Water","Sewer - Public","Conventional","Corporate"
"1001","2123642","738-766-8477","CLOSD","12240 Manor Crossing DR","23059","Henrico","Single Family Residence","09/30/2021","$725,000","$710,000","14","Resale (occupied at least once)","2016","Short Pump Manor At Bacova","4,896","0.16","4","3.1","Public Water","Sewer - Public","Conventional","Individuals"
"1001","2123571","788-66-05-04-600-000","CLOSD","4005 Kings Gate RD","23831","Chesterfield","Single Family Residence","09/30/2021","$349,950","$355,000","5","Resale (occupied at least once)","1993","Hamlins Reach","2,397","0.27","6","2.1","Public Water","Sewer - Public","Other","Individuals"
"1001","2123548","795-63-31-12-800-000","CLOSD","15931 Tri Gate RD","23831","Chesterfield","Single Family Residence","09/30/2021","$140,000","$160,000","4","Resale (occupied at least once)","1982","Somerset","976","0.29","3","1.0","Public Water","Sewer - Public","Conventional","Individuals"
"1001","2123481","713-68-72-05-400-000","CLOSD","16048 Cambria Cove BLVD","23112","Chesterfield","Single Family Residence","09/30/2021","$460,000","$480,000","3","Resale (occupied at least once)","2020","Cambria Cove","3,013","0.27","4","3.1","Public Water","Sewer - Public","Conventional","Individuals"
"1001","2123464","758-742-7312","CLOSD","1216 Forest AVE","23229","Henrico","Single Family Residence","09/30/2021","$350,000","$345,000","20","Resale (occupied at least once)","1928","Forest Heights","1,357","0.36","3","2.0","Public Water","Sewer - Public","Conventional","Other"
"1001","2123413","741-760-4264","CLOSD","3912 Liesfeld PL","23060","Henrico","Townhouse","09/30/2021","$455,000","$440,000","20","Resale (occupied at least once)","2013","West Broad Village","2,111","","3","2.1","Public Water","Sewer - Public","Conventional","Individuals"
"1001","2123215","21D  31B  30","CLOSD","9301 Stingray Point CT","23124","New Kent","Single Family Residence","09/30/2021","$359,000","$359,000","3","Resale (occupied at least once)","2018","Greenwood Estates","2,115","0.65","4","3.0","Public Water","Septic - Conventional","Cash","Individuals"
"1001","2123148","753-754-6947","CLOSD","3010 Montfort LOOP","23294","Henrico","Townhouse","09/30/2021","$249,950","$250,000","18","Resale (occupied at least once)","1995","Pemberton Oaks Townhouses","1,180","0.06","2","2.1","Public Water","Sewer - Public","Conventional","Individuals"
"1001","2122825","855-700-1383","CLOSD","1197 Red Coach LN","23150","Henrico","Single Family Residence","09/30/2021","$279,950","$278,000","5","Resale (occupied at least once)","1982","Cedar Ridge","1,858","0.81","3","2.1","Well","Septic - Conventional","FHA New","Individuals"
"1001","2122817","729-66-22-66-100-000","CLOSD","9536 Ashleyville Turn","23112","Chesterfield","Single Family Residence","09/30/2021","$385,000","$402,000","6","Resale (occupied at least once)","2008","Collington","2,972","0.24","5","3.1","Public Water","Sewer - Public","FHA New","Individuals"
"1001","2122815","762-70-01-42-200-000","CLOSD","1436 Westhall Gardens DR","23235","Chesterfield","Townhouse","09/30/2021","$385,000","$395,000","4","Resale (occupied at least once)","2019","The Townes At Notting Place","2,007","0.12","3","3.0","Public Water","Sewer - Public","Conventional","Individuals"
"1001","2122791","784-60-78-83-200-000","CLOSD","5321 Roane ST","23803","Chesterfield","Single Family Residence","09/30/2021","$190,000","$190,000","8","Resale (occupied at least once)","1956","Riverview Park","1,248","0.59","2","2.0","Public Water","Sewer - Public","Conventional","Individuals"
"1001","2122464","N000-0286-008","CLOSD","1722 Rose AVE","23222","Richmond City","Single Family Residence","09/30/2021","$329,000","$319,000","21","Resale (occupied at least once)","2018","None","1,836","0.12","3","2.1","Public Water","Sewer - Public","Conventional","Individuals"
"1001","2122371","7797-77-7506","CLOSD","10379 Avenel PL","23116","Hanover","Single Family Residence","09/30/2021","$500,000","$540,000","4","Resale (occupied at least once)","1996","Ash Creek","3,771","0.35","4","2.1","Public Water","Sewer - Public","FHA New","Individuals"
"1001","2122283","19G1 31A  12","CLOSD","7510 S Franklins WAY","23141","New Kent","Single Family Residence","09/30/2021","$300,000","$315,000","9","Resale (occupied at least once)","2012","Patriots Landing","1,848","0.13","3","2.1","Public Water","Sewer - Public","Conventional","Individuals"
"1001","2122232","67-10-0-12-0","CLOSD","22 W Lower Tuckahoe RD","23238","Goochland","Single Family Residence","09/30/2021","$2,695,000","$3,500,000","11","Resale (occupied at least once)","2013","Lower Tuckahoe","8,148","5.09","6","5.2","Public Water","Sewer - Public","Cash","Individuals"
"1001","2122204","719-68-93-04-700-000","CLOSD","3613 Pencader RD","23112","Chesterfield","Single Family Residence","09/30/2021","$545,000","$580,000","5","Resale (occupied at least once)","2008","Rountrey","2,905","0.31","4","2.1","Public Water","Sewer - Public","Cash","Individuals"
"1001","2122031","704-64-56-16-300-000","CLOSD","12221 Coalboro RD","23838","Chesterfield","Single Family Residence","09/30/2021","$269,000","$245,000","28","Resale (occupied at least once)","1999","None","1,290","2.87","3","2.0","Well","Septic - Conventional","USDA","Individuals"
"1001","2121896","E000-0778-025","CLOSD","1524 N 23rd ST","23223","Richmond City","Single Family Residence","09/30/2021","$340,000","$330,000","12","Resale (occupied at least once)","1900","None","2,198","0.17","4","2.1","Public Water","Sewer - Public","Conventional","Individuals"
"1001","2121775","729-71-22-96-500-000","CLOSD","13621 Elmstead RD","23113","Chesterfield","Single Family Residence","09/30/2021","$375,000","$401,000","5","Resale (occupied at least once)","1975","Salisbury","2,776","0.65","4","2.1","Public Water","Sewer - Public","Conventional","Individuals"
"1001","2121738","029C-3E-6","CLOSD","2462 E Deerpath DR","23139","Powhatan","Single Family Residence","09/30/2021","$319,900","$325,000","12","Resale (occupied at least once)","1981","Wood Dale Acres","2,196","3.13","3","2.0","Well","Septic - Conventional","VA New","Individuals"
"1001","2121650","727-69-90-42-100-000","CLOSD","1300 Bach TER","23114","Chesterfield","Single Family Residence","09/30/2021","$615,000","$605,000","9","Resale (occupied at least once)","2004","Hartley Village At Charter Colony","4,396","0.40","5","4.1","Public Water","Sewer - Public","Conventional","Individuals"
"1001","2121631","782-743-4683","CLOSD","5218 Bloomingdale AVE","23228","Henrico","Single Family Residence","09/30/2021","$194,990","$194,950","33","Resale (occupied at least once)","1947","Bloomingdale","800","0.16","2","1.0","Public Water","Sewer - Public","Conventional","Individuals"
"1001","2121528","727-69-77-65-800-000","CLOSD","1330 Miners Trail RD","23114","Chesterfield","Single Family Residence","09/30/2021","$500,000","$490,000","27","Resale (occupied at least once)","2016","Queensgate","3,000","0.60","4","2.1","Public Water","Sewer - Public","Conventional","Individuals"
"1001","2121475","737-732-2170","CLOSD","1000 Middle Quarter CT","23238","Henrico","Single Family Residence","09/30/2021","$1,675,000","$1,635,000","13","Resale (occupied at least once)","2003","Middle Quarter","6,942","1.39","6","5.2","Public Water","Sewer - Public","Cash","Individuals"
"1001","2121276","7797-87-9523","CLOSD","9052 Gold Ridge LN","23116","Hanover","Single Family Residence","09/30/2021","$419,950","$440,000","21","Resale (occupied at least once)","1998","Ash Creek","2,880","0.42","5","2.1","Public Water","Sewer - Public","Conventional","Individuals"
"1001","2121104","23        39A","CLOSD","7811 N Courthouse RD","23124","New Kent","Single Family Residence","09/30/2021","$302,000","$302,000","6","Resale (occupied at least once)","1948","None","1,728","2.00","3","2.0","Well","Septic - Conventional","FHA New","Individuals"
"1001","2120855","W000-1872-003","CLOSD","4105 Patterson AVE","23221","Richmond City","Single Family Residence","09/30/2021","$429,000","$425,000","18","Resale (occupied at least once)","1946","Grove Avenue Crest","1,420","0.19","3","2.0","Public Water","Sewer - Public","Conventional","Individuals"
"1001","2120767","C005-0302-044","CLOSD","5607 Willow Creek LN","23225","Richmond City","Single Family Residence","09/30/2021","$269,950","$276,000","7","Resale (occupied at least once)","1987","Willow Creek","1,146","0.23","2","2.0","Public Water","Sewer - Public","Conventional","Estate"
"1001","2120717","N000-0697-022","CLOSD","2721 Griffin AVE","23222","Richmond City","Single Family Residence","09/30/2021","$384,900","$380,000","19","Resale (occupied at least once)","1924","Brookland Park","1,744","0.10","4","4.0","Public Water","Sewer - Public","Conventional","Corporate"
"1001","2120701","768-760-0790","CLOSD","9725 Candace TER","23060","Henrico","Townhouse","09/30/2021","$199,950","$205,000","7","Resale (occupied at least once)","1985","Laurel Lakes Ths","1,280","","3","1.1","Public Water","Sewer - Public","VHDA ","Other"
"1001","2120221","756-70-14-99-000-000","CLOSD","8510 Claypool RD","23236","Chesterfield","Single Family Residence","09/30/2021","$285,000","$286,000","7","Resale (occupied at least once)","1983","Solar I","1,844","0.31","4","3.0","Public Water","Sewer - Public","FHA New","Partnership"
"1001","2120182","754-765-8889","CLOSD","9714 Country Way RD","23060","Henrico","Single Family Residence","09/30/2021","$309,950","$309,950","29","Resale (occupied at least once)","1987","Country Meadows","1,472","0.23","3","2.1","Community Well","Community - Sewer/Septic","FHA New","Individuals"
"1001","2120161","028B1-5-9","CLOSD","3053 Maple Lake RD","23139","Powhatan","Single Family Residence","09/30/2021","$755,000","$755,000","41","Resale (occupied at least once)","2010","Maple Grove","3,313","2.23","3","3.1","Well","Septic - Conventional","Cash","Individuals"
"1001","2119631","780-763-5095","CLOSD","10169 Greenwood RD","23060","Henrico","Single Family Residence","09/30/2021","$249,950","$253,950","30","Resale (occupied at least once)","1931","Greenwood Park","1,161","0.43","3","1.0","Public Water","Septic - Conventional","FHA New","Individuals"
"1001","2119584","727-70-31-93-500-226","CLOSD","704 Bristol Village DR Unit#308","23114","Chesterfield","Condominium","09/30/2021","$200,000","$190,123","18","Resale (occupied at least once)","2005","Bristol Village @ Charter Colony","1,431","21.97","2","2.0","Public Water","Sewer - Public","Cash","Individuals"
"1001","2119080","718-68-11-20-600-000","CLOSD","5030 Red Fern CT","23112","Chesterfield","Single Family Residence","09/30/2021","$374,950","$375,000","21","Resale (occupied at least once)","2006","Woodlake","2,423","0.22","4","2.1","Public Water","Sewer - Public","Conventional","Individuals"
"1001","2118570","801-730-4993","CLOSD","1801 Oak Hill LN","23223","Henrico","Single Family Residence","09/30/2021","$160,000","$170,000","9","Resale (occupied at least once)","1948","Oak Hill","1,558","0.20","4","1.0","Public Water","Sewer - Public","Conventional","Individuals"
"1001","2118250","N000-1599-034","CLOSD","1701 Summit AVE Unit#3","23230","Richmond City","Condominium","09/30/2021","$299,950","$305,000","71","Resale (occupied at least once)","1920","Summit Lofts Condo","1,062","0.28","2","2.0","Public Water","Sewer - Public","Conventional","Individuals"
"1001","2112207","W022-0162-062","CLOSD","5621 Cary Street RD Unit#U301","23226","Richmond City","Condominium","09/30/2021","$405,000","$396,000","90","Resale (occupied at least once)","1927","Tuckahoe Condominiums","1,742","1.71","2","2.0","Public Water","Sewer - Public","Cash","Individuals"
"1001","2110263","7813-80-1922","CLOSD","16044 Beaver Dam RD","23192","Hanover","Single Family Residence","09/30/2021","$359,950","$350,000","98","Resale (occupied at least once)","1985","None","1,900","3.10","3","2.0","Well","Septic - Conventional","Cash","Individuals"
"1001","2109360","C004-0544-136","CLOSD","2956 Hathaway RD Unit#U1204","23225","Richmond City","Condominium","09/30/2021","$275,000","$275,000","142","Resale (occupied at least once)","1972","Hathaway Tower Condominiums","1,561","4.02","2","2.0","Public Water","Sewer - Public","Cash","Individuals"
"1001","2106184","789-751-0548","CLOSD","5900 Upham DR","23227","Henrico","Single Family Residence","09/30/2021","$775,000","$775,000","7","Resale (occupied at least once)","1954","Chamberlayne Farms","3,761","5.00","4","4.0","Public Water","Sewer - Public","Conventional","Individuals"
"1001","2032941","7796-67-7360","CLOSD","9108 Fenshaw CT","23116","Hanover","Single Family Residence","09/30/2021","$511,425","$554,840","92","New (never occupied)","2021","Giles Farm","3,225","","4","3.1","Public Water","Sewer - Public","Conventional","Corporate"
"1001","2024656","716-68-97-26-900-000","CLOSD","3701 Enmore PL","23112","Chesterfield","Single Family Residence","09/30/2021","$688,740","$704,167","2","New (never occupied)","2020","Rountrey","3,364","0.29","5","4.1","Public Water","Sewer - Public","Conventional","Corporate"
"1001","2014432","CND","CLOSD","1101 Woodlet Meadow LN","23114","Chesterfield","Single Family Residence","09/30/2021","$324,900","$357,275","19","New (never occupied)","2020","The Grove at Lucks Lane","1,804","","2","2.0","Public Water","Sewer - Public","Conventional","Corporate"
"1001","1939372","CND","CLOSD","1107 Woodlet Meadow LN Unit#TG16-1","23114","Chesterfield","Condominium","09/30/2021","$330,776","$330,776","29","New (never occupied)","2019","The Grove at Lucks Lane","1,547","","2","2.0","Public Water","Sewer - Public","Conventional","Corporate"
"1001","REIN10389203","23        39A","CLOSD","7811 N Courthouse RD","23124","New Kent","Single Family Residence","09/30/2021","$302,000","$302,000","5","Resale (occupied at least once)","1948","ALL OTHERS AREA 140","1,728","2.00","3","2.0","Well","Septic","",""
"1001","2122347","117532","CLOSD","7912 Uplands DR","23124","New Kent","Single Family Residence","10/01/2021","$340,990","$340,990","5","New (never occupied)","2021","Arbors","1,649","","4","2.1","Public Water","Sewer - Public","FHA New","Corporate"
"1001","2123780","754-762-9936","CLOSD","9403 Meredith Creek LN","23060","Henrico","Townhouse","10/01/2021","$339,950","$325,000","25","Resale (occupied at least once)","2006","The Townes At Meredith Creek","2,106","0.06","3","2.1","Public Water","Sewer - Public","Conventional","Individuals"
"1001","2122901","776-65-87-64-500-000","CLOSD","6730 Arbor Meadows DR","23831","Chesterfield","Single Family Residence","10/01/2021","$395,000","$400,000","9","Resale (occupied at least once)","2007","Arbor Meadows","3,074","0.41","5","2.1","Public Water","Sewer - Public","VA New","Individuals"
"1001","2122358","043A-1-1","CLOSD","1930 Huguenot Hundred DR","23113","Powhatan","Single Family Residence","10/01/2021","$460,000","$437,500","38","Resale (occupied at least once)","1990","Huguenot Hundred","3,160","2.50","5","3.0","Well","Septic - Conventional","Conventional","Individuals"
"1001","2126489","726-71-63-72-600-000","CLOSD","13840 W Salisbury RD","23113","Chesterfield","Single Family Residence","10/01/2021","$999,000","$999,000","4","Resale (occupied at least once)","1975","Salisbury","4,485","0.99","3","3.1","Public Water","Septic - Conventional","Conventional","Individuals"
"1001","2123002","731-753-0106","CLOSD","2518 Lauderdale DR","23233","Henrico","Single Family Residence","10/01/2021","$299,500","$294,000","29","Resale (occupied at least once)","1981","Tuckahoe Village West","2,142","0.35","4","2.1","Public Water","Sewer - Public","VA New","Individuals"
"1001","2123315","813-65-30-24-800-000","CLOSD","211 Scrimshaw DR","23836","Chesterfield","Single Family Residence","10/01/2021","$388,000","$372,500","11","Resale (occupied at least once)","1990","Rivers Bend","3,099","0.47","4","2.1","Public Water","Sewer - Public","Conventional","Individuals"
"1001","2125111","N000-0979-007","CLOSD","404 E Brookland Park BLVD","23222","Richmond City","Single Family Residence","10/01/2021","$389,900","$407,500","4","Resale (occupied at least once)","1935","Brookland Park","2,042","0.48","4","2.1","Public Water","Sewer - Public","Conventional","Individuals"
"1001","2121666","730-755-4023","CLOSD","2630 Adamo CT","23233","Henrico","Townhouse","10/01/2021","$268,800","$266,400","18","Resale (occupied at least once)","1987","Winchester Pointe","1,654","0.05","3","3.0","Public Water","Sewer - Public","Conventional","Individuals"
"1001","2124520","8725-51-9913","CLOSD","6193 Westhaven DR","23111","Hanover","Single Family Residence","10/01/2021","$349,000","$330,000","19","Resale (occupied at least once)","1968","None","2,335","6.51","3","3.0","Well","Septic - Conventional","Conventional","Individuals"
"1001","2124261","743-71-27-78-700-000","CLOSD","1817 Larkhill LN","23235","Chesterfield","Single Family Residence","10/01/2021","$299,000","$310,000","20","Resale (occupied at least once)","1979","Country Place","1,692","0.18","3","1.1","Public Water","Sewer - Public","FHA New","Estate"
"1001","2125273","785-64-36-90-200-000","CLOSD","5225 Beachmere TER","23831","Chesterfield","Single Family Residence","10/01/2021","$425,000","$428,000","12","Resale (occupied at least once)","2012","Stoney Glen South","3,344","0.42","4","2.1","Public Water","Sewer - Public","FHA New","Corporate"
"1001","2120683","818-65-21-57-200-000","CLOSD","517 Bermuda Hundred RD","23836","Chesterfield","Single Family Residence","10/01/2021","$279,900","$284,900","17","Resale (occupied at least once)","1968","Random Woods","1,971","0.35","4","2.0","Public Water","Septic - Conventional","VA New","Individuals"
"1001","2126304","8724-85-1102","CLOSD","6093 Michael Heather CT","23111","Hanover","Single Family Residence","10/01/2021","$295,000","$305,000","3","Resale (occupied at least once)","1992","Gardner Estates","1,620","0.48","4","2.0","Public Water","Sewer - Public","Conventional","Individuals"
"1001","2124521","741-782-4808","CLOSD","6244 Greenwick DR","23059","Henrico","Single Family Residence","10/01/2021","$614,950","$638,500","7","Resale (occupied at least once)","1992","Ivy Bend At Wyndham","3,238","0.39","4","2.1","Public Water","Sewer - Public","Conventional","Individuals"
"1001","2122960","807-727-0395","CLOSD","836 Maplegrove DR","23223","Henrico","Single Family Residence","10/01/2021","$295,000","$295,000","8","Resale (occupied at least once)","1996","Huntwood","2,272","0.20","4","2.1","Public Water","Sewer - Public","FHA New","Individuals"
"1001","2118384","17-1-0-23-0","CLOSD","5420 Old Columbia RD","23063","Goochland","Single Family Residence","10/01/2021","$271,400","$276,400","15","Resale (occupied at least once)","2019","None","1,472","1.30","3","2.0","Well","Septic - Conventional","VA New","Individuals"
"1001","2103922","8706-67-5359","CLOSD","9378 Marne CT","23116","Hanover","Single Family Residence","10/01/2021","$372,200","$379,700","4","New (never occupied)","2021","Timberlake Commons","2,299","","4","2.1","Public Water","Sewer - Public","Conventional","Corporate"
"1001","2125545","740-67-82-66-600-000","CLOSD","4537 Twelveoaks RD","23112","Chesterfield","Single Family Residence","10/01/2021","$224,900","$224,900","6","Resale (occupied at least once)","1980","Glen Tara","1,056","0.27","3","1.0","Public Water","Sewer - Public","Conventional","Corporate"
"1001","2125918","813-701-1504","CLOSD","3413 New Pasture CT","23231","Henrico","Townhouse","10/01/2021","$259,950","$255,000","6","Resale (occupied at least once)","2019","New Market Village","1,624","0.06","3","2.1","Public Water","Sewer - Public","FHA New","Individuals"
"1001","2120673","789-64-46-90-200-000","CLOSD","4612 Stoney Creek PKY","23831","Chesterfield","Single Family Residence","10/01/2021","$351,099","$352,000","16","Resale (occupied at least once)","1990","Stoney Glen","2,894","0.33","5","2.1","Public Water","Sewer - Public","Conventional","Individuals"
"1001","2105782","20B 1 17","CLOSD","3757 Robert Field LN","23141","New Kent","Single Family Residence","10/01/2021","$297,400","$302,000","36","New (never occupied)","2021","Kingsfield","1,610","","4","2.1","Well","Septic - Alternative","FHA New","Corporate"
"1001","2125493","814-65-58-65-200-000","CLOSD","203 Redbird DR","23836","Chesterfield","Single Family Residence","10/01/2021","$439,000","$445,000","6","Resale (occupied at least once)","1995","Rivers Bend","2,969","0.62","4","2.1","Public Water","Sewer - Public","Conventional","Individuals"
"1001","2126020","043B-1-5","CLOSD","1831 Manakintown Ferry RD","23113","Powhatan","Single Family Residence","10/01/2021","$449,950","$440,000","9","Resale (occupied at least once)","1997","Grange","2,762","2.08","3","2.1","Well","Septic - Conventional","Cash","Individuals"
"1001","2029521","716-66-58-26-200-000","CLOSD","8224 Spiral DR","23832","Chesterfield","Single Family Residence","10/01/2021","$445,785","$497,090","0","New (never occupied)","2020","Harpers Mill","2,660","0.33","4","3.1","Public Water","Sewer - Public","Conventional","Corporate"
"1001","2028172","749-71-13-58-100-000","CLOSD","10149 Winston Park PL","23235","Chesterfield","Single Family Residence","10/01/2021","$442,335","$465,160","0","New (never occupied)","2020","Bon Air","2,995","","5","3.1","Public Water","Sewer - Public","Conventional","Corporate"
"1001","2117121","30A  5    82","CLOSD","6601 Lakeside DR","23141","New Kent","Single Family Residence","10/01/2021","$275,000","$240,000","38","Resale (occupied at least once)","1977","Woodhaven Shores","1,680","0.78","3","1.1","Public Water","Septic - Conventional","Conventional","Individuals"
"1001","2125859","850-710-0380","CLOSD","202 Robbinwood LN","23150","Henrico","Single Family Residence","10/01/2021","$284,750","$299,999","6","Resale (occupied at least once)","1963","Robbin Dale Farms","1,670","1.06","4","2.0","Well","Septic - Conventional","FHA New","Individuals"
"1001","2125208","824-727-3361","CLOSD","500 N Daisy AVE","23075","Henrico","Single Family Residence","10/01/2021","$232,000","$240,000","9","Resale (occupied at least once)","1960","Meadowview","1,507","0.24","3","1.1","Public Water","Sewer - Public","Conventional","Individuals"
"1001","2124691","738-774-3926","CLOSD","12304 Stanwood CT","23059","Henrico","Single Family Residence","10/01/2021","$549,950","$539,000","9","Resale (occupied at least once)","2003","Stanwood At Berkeley","3,048","0.33","5","3.1","Public Water","Sewer - Public","Conventional","Individuals"
"1001","2122654","47-38-0-95-0","CLOSD","1349 Hounslow DR","23103","Goochland","Single Family Residence","10/01/2021","$579,900","$579,900","13","Resale (occupied at least once)","2014","Parke At Saddlecreek","2,848","0.26","3","2.1","Public Water","Sewer - Public","Conventional","Individuals"
"1001","2123752","793-755-4606","CLOSD","305 Burnwick RD","23227","Henrico","Single Family Residence","10/01/2021","$500,000","$505,000","6","Resale (occupied at least once)","1968","Chamberlayne Hills","3,995","0.54","6","4.0","Public Water","Sewer - Public","Conventional","Individuals"
"1001","2120002","770-762-5903","CLOSD","10038 Purcell RD","23228","Henrico","Townhouse","10/01/2021","$179,000","$185,000","19","Resale (occupied at least once)","1971","Laurel Square Townhouses","1,200","0.03","2","1.1","Public Water","Sewer - Public","Conventional","Individuals"
"1001","2125871","789644216300000","CLOSD","4609 Wraywood AVE","23831","Chesterfield","Single Family Residence","10/01/2021","$309,900","$317,000","9","Resale (occupied at least once)","1972","Preston Place","2,132","0.42","4","2.1","Public Water","Septic - Conventional","FHA New","Individuals"
"1001","2128185","763-69-79-81-200-000","CLOSD","2235 Ives LN","23235","Chesterfield","Single Family Residence","10/01/2021","$199,500","$200,000","3","Resale (occupied at least once)","1976","Pocoshock Hills","1,431","0.39","3","1.1","Public Water","Sewer - Public","Cash","Individuals"
"1001","2127861","775-67-65-92-200-000","CLOSD","7461 Grapeleaf DR","23234","Chesterfield","Single Family Residence","10/01/2021","$175,000","$190,000","5","Resale (occupied at least once)","1985","Hilmar","960","0.22","3","1.0","Public Water","Sewer - Public","Conventional","Individuals"
"1001","2127614","790-755-3246","CLOSD","904 Bonita RD","23227","Henrico","Single Family Residence","10/01/2021","$315,900","$325,000","7","Resale (occupied at least once)","1961","Chamberlayne Farms","1,935","0.28","4","2.0","Public Water","Sewer - Public","Cash","Individuals"
"1001","2127425","735-67-39-17-600-000","CLOSD","6006 Summerhouse CT","23112","Chesterfield","Single Family Residence","10/01/2021","$298,900","$332,500","8","Resale (occupied at least once)","2007","Cameron Bay","2,084","0.21","4","2.1","Public Water","Sewer - Public","Conventional","Individuals"
"1001","2127248","815-724-3646","CLOSD","969 Pleasant ST","23223","Henrico","Single Family Residence","10/01/2021","$178,000","$188,000","3","Resale (occupied at least once)","1992","Wynfield","972","0.21","3","1.1","Public Water","Sewer - Public","FHA New","Individuals"
"1001","2127067","719-67-78-06-300-000","CLOSD","5706 Grove Forest CT","23112","Chesterfield","Single Family Residence","10/01/2021","$365,000","$370,000","3","Resale (occupied at least once)","1989","Woodlake","2,566","0.25","4","2.1","Public Water","Sewer - Public","Conventional","Individuals"
"1001","2127066","783-751-2993","CLOSD","1503 Golf LN","23228","Henrico","Single Family Residence","10/01/2021","$315,000","$320,000","4","Resale (occupied at least once)","1976","Lakeside Hills","1,820","0.49","4","2.0","Public Water","Sewer - Public","Conventional","Individuals"
"1001","2126763","S004-2912-019","CLOSD","129 E Roanoke ST","23224","Richmond City","Single Family Residence","10/01/2021","$209,500","$209,500","6","Resale (occupied at least once)","1945","Swansboro","1,936","0.18","4","2.0","Public Water","Sewer - Public","Conventional","Individuals"
"1001","2126646","766-70-07-20-300-000","CLOSD","1801 Parkway LN","23225","Chesterfield","Single Family Residence","10/01/2021","$269,950","$285,500","3","Resale (occupied at least once)","1962","Providence Farms","1,944","0.84","4","2.1","Public Water","Sewer - Public","Conventional","Individuals"
"1001","2126565","773-772-3814","CLOSD","11201 Braxton AVE","23059","Henrico","Single Family Residence","10/01/2021","$295,500","$315,000","2","Resale (occupied at least once)","1987","Quail Walk","1,520","0.43","3","2.1","Public Water","Sewer - Public","Conventional","Individuals"
"1001","2126538","830-713-3820","CLOSD","320 Penley AVE","23150","Henrico","Single Family Residence","10/01/2021","$199,950","$199,950","7","Resale (occupied at least once)","1958","None","1,137","0.25","3","1.0","Public Water","Sewer - Public","FHA New","Individuals"
"1001","2126527","728-68-18-35-900-000","CLOSD","13619 Winterberry RDG","23112","Chesterfield","Single Family Residence","10/01/2021","$415,000","$415,000","4","Resale (occupied at least once)","1978","Brandermill","3,225","0.41","4","2.1","Public Water","Sewer - Public","Conventional","Individuals"
"1001","2126419","792-66-22-99-800-000","CLOSD","10518 Surry RD","23831","Chesterfield","Single Family Residence","10/01/2021","$253,900","$277,000","4","Resale (occupied at least once)","1987","Carrisbrook At Mineola","1,676","0.33","3","2.1","Public Water","Sewer - Public","Conventional","Individuals"
"1001","2126355","776-752-1409","CLOSD","7908 Hermitage RD","23228","Henrico","Single Family Residence","10/01/2021","$199,995","$200,000","7","Resale (occupied at least once)","1955","Oakmont Hills","1,008","0.20","3","1.0","Public Water","Sewer - Public","FHA New Assumption","Individuals"
"1001","2126329","727-72-00-41-100-000","CLOSD","3010 E Brigstock RD","23113","Chesterfield","Single Family Residence","10/01/2021","$479,500","$516,000","0","Resale (occupied at least once)","1981","Salisbury","2,804","1.01","5","3.1","Public Water","Sewer - Public","Conventional","Estate"
"1001","2126325","S006-0243-026","CLOSD","5025 Sylvan RD","23225","Richmond City","Single Family Residence","10/01/2021","$375,000","$350,000","9","Resale (occupied at least once)","1938","Westover Hills","1,815","","3","2.0","Public Water","Sewer - Public","Cash","Estate"
"1001","2126276","33B6 1 1  EA","CLOSD","5893 Flowering Peach LN","23140","New Kent","Townhouse","10/01/2021","$270,000","$270,000","7","Resale (occupied at least once)","2007","Oakmont Villas","2,191","0.08","3","2.1","Public Water","Sewer - Public","Conventional","Individuals"
"1001","2126264","708-68-20-14-100-000","CLOSD","16901 Glensford DR","23120","Chesterfield","Single Family Residence","10/01/2021","$459,900","$475,000","4","Resale (occupied at least once)","2014","Westerleigh","2,457","0.51","4","3.0","Public Water","Sewer - Public","Conventional","Individuals"
"1001","2126145","028-3-1B","CLOSD","2700 Jones Creek DR","23139","Powhatan","Single Family Residence","10/01/2021","$699,000","$709,000","3","Resale (occupied at least once)","2019","None","3,460","10.58","4","3.0","Well","Septic - Conventional","Cash","Individuals"
"1001","2126132","8706-25-8565","CLOSD","9362 Colvincrest DR","23116","Hanover","Single Family Residence","10/01/2021","$459,950","$470,350","8","Resale (occupied at least once)","2004","Cool Spring Forest","2,799","0.35","5","3.0","Public Water","Sewer - Public","Conventional","Individuals"
"1001","2126113","745-740-1712","CLOSD","1121 Marney CT","23229","Henrico","Condominium","10/01/2021","$849,500","$890,000","7","Resale (occupied at least once)","2014","Grayson Hill","3,822","0.12","4","5.0","Public Water","Sewer - Public","Cash","Individuals"
"1001","2126105","C007-0340-028","CLOSD","6506 Erhart RD","23225","Richmond City","Single Family Residence","10/01/2021","$154,999","$180,000","7","Resale (occupied at least once)","1965","Worthington Farms","1,320","0.29","3","1.1","Public Water","Sewer - Public","Conventional","Individuals"
"1001","2126019","745-769-6331","CLOSD","4942 Willows Green LN","23059","Henrico","Single Family Residence","10/01/2021","$549,420","$580,000","3","Resale (occupied at least once)","2006","Willows Bend","3,650","0.30","5","4.1","Public Water","Sewer - Public","Conventional","Individuals"
"1001","2125832","7797-95-5532","CLOSD","9011 Birdsong Creek CT","23116","Hanover","Single Family Residence","10/01/2021","$519,000","$519,000","12","Resale (occupied at least once)","2002","Ash Creek","3,709","0.38","5","3.1","Public Water","Sewer - Public","VA New","Individuals"
"1001","2125797","761-762-7065","CLOSD","4703 Archduke RD","23060","Henrico","Single Family Residence","10/01/2021","$330,000","$335,000","6","Resale (occupied at least once)","1979","Dunncroft","1,632","0.21","3","2.1","Public Water","Sewer - Public","Conventional","Individuals"
"1001","2125787","8714-08-0370","CLOSD","7496 Delkin CIR","23111","Hanover","Single Family Residence","10/01/2021","$259,950","$260,000","6","Resale (occupied at least once)","1975","Green Oaks","1,836","0.45","4","2.1","Public Water","Septic - Conventional","Conventional","Estate"
"1001","2125642","786-61-05-41-900-000","CLOSD","21219 Deodora DR","23803","Chesterfield","Single Family Residence","10/01/2021","$229,900","$245,000","10","Resale (occupied at least once)","1994","Gilritchie","1,516","0.58","3","2.0","Public Water","Sewer - Public","VHDA ","Individuals"
"1001","2125505","797-64-62-03-200-000","CLOSD","13807 Exhall DR","23831","Chesterfield","Single Family Residence","10/01/2021","$319,900","$327,500","5","Resale (occupied at least once)","2000","Kentwood Forest","2,412","0.29","4","2.1","Public Water","Sewer - Public","Conventional","Individuals"
"1001","2125391","44-16-0-1-0","CLOSD","1763 Fairground RD","23102","Goochland","Single Family Residence","10/01/2021","$399,950","$400,000","6","Resale (occupied at least once)","1978","Horsepen Hills","1,742","3.92","3","2.0","Well","Septic - Conventional","Conventional","Individuals"
"1001","2125325","763-69-16-64-300-000","CLOSD","3704 Malbon WAY","23832","Chesterfield","Single Family Residence","10/01/2021","$250,000","$270,000","11","Resale (occupied at least once)","1989","Old Creek West","1,408","0.23","4","2.0","Public Water","Sewer - Public","FHA New","Individuals"
"1001","2125319","64-28-F-11-0","CLOSD","165 Buttonbush DR","23238","Goochland","Single Family Residence","10/01/2021","$810,000","$800,000","7","Resale (occupied at least once)","2013","West Oak","3,628","0.44","4","3.0","Public Water","Sewer - Public","Cash","Individuals"
"1001","2125155","7797-56-7689","CLOSD","9211 Wicomico TRL","23005","Hanover","Single Family Residence","10/01/2021","$275,000","$325,000","3","Resale (occupied at least once)","1972","Totopotomoy","1,508","0.43","3","2.0","Public Water","Sewer - Public","Conventional","Individuals"
"1001","2125130","W000-1082-031","CLOSD","2422 Grove AVE","23220","Richmond City","Single Family Residence","10/01/2021","$1,750,000","$1,675,000","2","Resale (occupied at least once)","1910","None","4,039","0.12","3","3.1","Public Water","Sewer - Public","Conventional","Individuals"
"1001","2125093","730-65-66-25-900-000","CLOSD","13501 Brandy Oaks RD","23832","Chesterfield","Single Family Residence","10/01/2021","$418,500","$420,000","14","Resale (occupied at least once)","2005","Brandy Oaks","2,858","0.89","4","2.1","Well","Septic - Conventional","Conventional","Individuals"
"1001","2125082","762-774-5118.111","CLOSD","506 Siena LN","23059","Henrico","Condominium","10/01/2021","$389,900","$426,650","7","Resale (occupied at least once)","2014","The Villas At Hunton Park","2,976","0.07","3","3.1","Public Water","Sewer - Public","Conventional","Individuals"
"1001","2125046","717-66-77-87-800-000","CLOSD","7869 Winding Ash PL","23832","Chesterfield","Single Family Residence","10/01/2021","$235,000","$250,000","6","Resale (occupied at least once)","2002","Ashbrook","1,806","0.20","3","2.1","Public Water","Sewer - Public","Conventional","Individuals"
"1001","2124954","775-753-4329","CLOSD","2409 Lourdes RD","23228","Henrico","Single Family Residence","10/01/2021","$315,000","$315,000","4","Resale (occupied at least once)","1968","Sedgefield Manor","1,889","0.38","4","3.0","Public Water","Sewer - Public","Conventional","Individuals"
"1001","2124894","824-690-7021","CLOSD","3104 Macallan Pkwy","23231","Henrico","Single Family Residence","10/01/2021","$354,950","$360,000","5","Resale (occupied at least once)","2009","Castleton","2,522","0.36","4","2.1","Public Water","Sewer - Public","Conventional","Individuals"
"1001","2124827","038A-3-18","CLOSD","1637 Olde Links DR","23139","Powhatan","Single Family Residence","10/01/2021","$399,000","$395,000","12","Resale (occupied at least once)","2007","Mill Quarter","2,425","1.00","5","3.1","Public Water","Septic - Conventional","FHA New","Individuals"
"1001","2124800","759-771-4366","CLOSD","9129 Carrington Woods DR","23060","Henrico","Single Family Residence","10/01/2021","$419,900","$420,000","4","Resale (occupied at least once)","2005","Carrington","2,425","0.32","3","2.1","Public Water","Sewer - Public","Conventional","Individuals"
"1001","2124788","747-775-9295","CLOSD","5001 Hunter Hill CT","23059","Henrico","Single Family Residence","10/01/2021","$815,000","$867,123","4","Resale (occupied at least once)","2016","Stable Hill","5,492","0.39","5","6.1","Public Water","Sewer - Public","Conventional","Individuals"
"1001","2124650","755-763-5520","CLOSD","9513 Craigs Mill DR","23060","Henrico","Single Family Residence","10/01/2021","$415,000","$421,000","4","Resale (occupied at least once)","1996","Craigs Mill","2,304","0.25","4","2.1","Public Water","Sewer - Public","Conventional","Individuals"
"1001","2124533","764-775-4419","CLOSD","11431 Abbots Cross LN","23059","Henrico","Townhouse","10/01/2021","$299,950","$295,000","10","Resale (occupied at least once)","2005","The Townes At Hunton Park","1,648","0.07","3","2.1","Public Water","Sewer - Public","Conventional","Individuals"
"1001","2124462","8706-30-0361","CLOSD","9045 Atlee RD","23116","Hanover","Single Family Residence","10/01/2021","$219,900","$214,000","8","Resale (occupied at least once)","1957","Mechanicsville","1,015","0.43","2","1.1","Public Water","Septic - Conventional","VA New","Individuals"
"1001","2124452","815-64-57-24-500-000","CLOSD","325 Kilt DR","23836","Chesterfield","Single Family Residence","10/01/2021","$329,990","$345,000","4","Resale (occupied at least once)","2013","Ivystone","2,036","0.43","3","2.1","Public Water","Sewer - Public","Conventional","Individuals"
"1001","2124365","W019-0157-008","CLOSD","4612 Bromley LN","23226","Richmond City","Single Family Residence","10/01/2021","$360,000","$335,000","14","Resale (occupied at least once)","1951","Colonial Place","1,262","0.19","3","1.1","Public Water","Sewer - Public","Conventional","Individuals"
"1001","2124251","753-753-7311","CLOSD","2409 Colwyn RD","23229","Henrico","Single Family Residence","10/01/2021","$279,900","$316,000","5","Resale (occupied at least once)","1963","Westbriar","1,273","0.25","3","2.0","Public Water","Sewer - Public","Conventional","Individuals"
"1001","2124228","816-697-6120","CLOSD","7070 Strath RD","23231","Henrico","Single Family Residence","10/01/2021","$249,900","$280,000","3","Resale (occupied at least once)","1991","Nineakers","1,554","1.34","3","2.0","Well","Septic - Conventional","FHA New","Individuals"
"1001","2123965","788-64-83-34-800-000","CLOSD","4516 Riderwood WAY","23831","Chesterfield","Single Family Residence","10/01/2021","$329,900","$330,000","5","Resale (occupied at least once)","1985","Lora Lynn Heights","2,196","0.41","5","3.0","Public Water","Septic - Conventional","FHA New","Individuals"
"1001","2123895","752-750-8581","CLOSD","1907 Sweetwater LN","23229","Henrico","Single Family Residence","10/01/2021","$379,950","$364,000","6","Resale (occupied at least once)","1964","Three Chopt Estates","2,408","0.27","4","2.1","Public Water","Sewer - Public","Cash","Individuals"
"1001","2123836","788-69-17-75-800-000","CLOSD","2804 Pate AVE","23234","Chesterfield","Single Family Residence","10/01/2021","$159,950","$147,000","10","Resale (occupied at least once)","1945","Grindall Creek Park","732","0.27","2","1.0","Public Water","Sewer - Public","FHA New","Individuals"
"1001","2123799","796-64-48-43-500-000","CLOSD","2748 Mistwood Forest DR","23831","Chesterfield","Single Family Residence","10/01/2021","$234,950","$247,000","6","Resale (occupied at least once)","1986","Mistwood Forest","1,221","0.56","3","2.0","Public Water","Sewer - Public","Conventional","Individuals"
"1001","2123751","833-722-6235","CLOSD","416 Evanrude LN","23150","Henrico","Single Family Residence","10/01/2021","$265,000","$280,000","6","Resale (occupied at least once)","1988","Oak Hill Estates","1,792","0.86","3","2.0","Public Water","Septic - Conventional","FHA New","Individuals"
"1001","2123660","22A13 1 1 201","CLOSD","7731 Sedge DR","23124","New Kent","Single Family Residence","10/01/2021","$495,000","$520,000","3","Resale (occupied at least once)","2018","Farms Of New Kent","4,518","0.28","4","3.1","Public Water","Sewer - Public","Conventional","Individuals"
"1001","2123630","8705-71-4326","CLOSD","8092 S Mayfield LN","23111","Hanover","Single Family Residence","10/01/2021","$425,000","$410,000","24","Resale (occupied at least once)","2001","Mayfield Farms","2,316","0.67","3","2.0","Well","Sewer - Public","Conventional","Estate"
"1001","2123594","744-72-54-44-900-000","CLOSD","10711 Darby CIR","23113","Chesterfield","Single Family Residence","10/01/2021","$559,950","$572,000","9","Resale (occupied at least once)","1973","Huguenot Hundred","3,745","1.33","4","2.2","Public Water","Septic - Conventional","Cash","Individuals"
"1001","2123587","725-68-56-36-500-000","CLOSD","3233 Fortunes Ridge RD","23112","Chesterfield","Single Family Residence","10/01/2021","$375,000","$375,000","24","Resale (occupied at least once)","1980","Fortunes Ridge","2,628","0.35","4","2.1","Public Water","Sewer - Public","Conventional","Corporate"
"1001","2123516","824-66-26-46-800-000","CLOSD","11512 Channel View DR","23836","Chesterfield","Single Family Residence","10/01/2021","$639,900","$625,000","25","Resale (occupied at least once)","2016","Meadowville Landing","4,354","0.63","5","4.0","Public Water","Sewer - Public","Conventional","Individuals"
"1001","2123452","N000-1356-005","CLOSD","3322 Barton AVE","23222","Richmond City","Single Family Residence","10/01/2021","$499,000","$492,000","16","Resale (occupied at least once)","1923","North Richmond Terrace","2,540","0.15","4","3.1","Public Water","Sewer - Public","Conventional","Individuals"
"1001","2123386","736-70-92-14-800-000","CLOSD","12349 Haydon PL","23113","Chesterfield","Townhouse","10/01/2021","$330,000","$330,000","8","Resale (occupied at least once)","2020","Hartford Hill Townes","1,477","0.09","4","3.1","Public Water","Sewer - Public","Conventional","Individuals"
"1001","2123169","8744069872","CLOSD","7563 Madison Estates DR","23111","Hanover","Single Family Residence","10/01/2021","$850,000","$830,000","6","Resale (occupied at least once)","2017","Madison Estates","4,875","1.33","5","3.1","Well","Septic - Conventional","Conventional","Individuals"
"1001","2123156","791-64-02-42-900-000","CLOSD","4107 Overridge DR","23831","Chesterfield","Single Family Residence","10/01/2021","$310,000","$315,000","8","Resale (occupied at least once)","2004","Greenbriar Woods","2,084","0.28","4","2.1","Public Water","Sewer - Public","Conventional","Individuals"
"1001","2123029","7797-55-7539","CLOSD","9236 Kings Charter DR","23116","Hanover","Single Family Residence","10/01/2021","$359,500","$364,000","16","Resale (occupied at least once)","1991","Kings Charter","2,374","0.27","4","2.1","Public Water","Sewer - Public","Cash","Individuals"
"1001","2122669","28-16-0-10-0","CLOSD","4211 Riddles Bridge RD","23063","Goochland","Single Family Residence","10/01/2021","$599,950","$585,000","45","Resale (occupied at least once)","2007","Riddles Bridge","2,769","23.24","4","3.1","Well","Septic - Conventional","Conventional","Individuals"
"1001","2121840","785-66-92-39-300-000","CLOSD","9000 Laurel Oak CT","23237","Chesterfield","Single Family Residence","10/01/2021","$184,990","$210,000","6","Resale (occupied at least once)","1980","Oakmont","954","0.17","3","1.0","Public Water","Sewer - Public","FHA New","Individuals"
"1001","2120934","763-776-8362","CLOSD","11613 Long Meadow DR","23059","Henrico","Single Family Residence","10/01/2021","$749,900","$770,000","6","Resale (occupied at least once)","2004","Rock Spring Estates","4,241","1.25","5","3.1","Public Water","Septic - Alternative","Conventional","Individuals"
"1001","2120586","W019-0260-025","CLOSD","4602 Hanover AVE","23226","Richmond City","Single Family Residence","10/01/2021","$434,950","$425,000","38","Resale (occupied at least once)","1945","None","1,705","0.16","3","1.1","Public Water","Sewer - Public","Conventional","Individuals"
"1001","2120014","8704-57-7574","CLOSD","7391 Ford AVE","23111","Hanover","Single Family Residence","10/01/2021","$330,000","$320,000","39","Resale (occupied at least once)","1961","Windy Hill Estates","2,315","0.46","4","3.0","Public Water","Sewer - Public","Conventional","Individuals"
"1001","2119752","770-763-3574","CLOSD","10108 Brookemoor LN","23060","Henrico","Single Family Residence","10/01/2021","$425,000","$462,500","5","Resale (occupied at least once)","1993","Tall Oaks","2,284","0.73","3","2.0","Public Water","Sewer - Public","Conventional","Individuals"
"1001","2118881","797-713-7915.504","CLOSD","251 Rocketts WAY Unit#504","23231","Henrico","Condominium","10/01/2021","$220,000","$210,000","55","Resale (occupied at least once)","2007","Village Of Rocketts Landing","830","0.02","1","1.0","Public Water","Sewer - Public","Conventional","Individuals"
"1001","2115052","S000-0027-099","CLOSD","815 Porter ST Unit#U411","23224","Richmond City","Condominium","10/01/2021","$295,000","$285,000","88","Resale (occupied at least once)","1895","Manchester","1,270","0.03","2","2.0","Public Water","Sewer - Public","Conventional","Individuals"
"1001","2113058","729-68-59-15-200-000","CLOSD","13609 Quail Hollow LN","23112","Chesterfield","Single Family Residence","10/01/2021","$318,995","$299,000","60","Resale (occupied at least once)","1976","Brandermill","2,356","0.24","5","3.1","Public Water","Sewer - Public","Cash","Individuals"
"1001","2104671","31-12-0-5-A","CLOSD","TBD Turner RD","23063","Goochland","Single Family Residence","10/01/2021","$359,950","$359,950","24","New (never occupied)","2021","None","1,738","1.93","3","2.0","Well","Septic - Conventional","Conventional","Individuals"
"1001","2100079","M11-1762-1116","CLOSD","6240 Bushnell DR","23124","New Kent","Single Family Residence","10/01/2021","$435,710","$448,545","3","New (never occupied)","2020","Rochambeau Estates","3,184","0.60","4","3.1","Public Water","Septic - Conventional","Conventional","Corporate"
"1001","2037745","117642","CLOSD","6254 Bushnell DR","23124","New Kent","Single Family Residence","10/01/2021","$385,825","$390,055","0","New (never occupied)","2020","Rochambeau Estates","2,838","0.55","3","3.1","Public Water","Septic - Conventional","Conventional","Corporate"
"1001","2032823","58-54-4-15-0","CLOSD","12029 Talavera TER","23238","Goochland","Townhouse","10/01/2021","$464,150","$518,760","0","New (never occupied)","2020","Mosaic at West Creek","2,239","","3","3.0","Public Water","Sewer - Public","Cash","Corporate"
"1001","REIN10393087","22A13 1 1 201","CLOSD","7731 Sedge DR","23124","New Kent","Single Family Residence","10/01/2021","$495,000","$520,000","2","Resale (occupied at least once)","2018","ALL OTHERS AREA 140","4,518","0.28","4","4.0","Public Water","Public Sewer On Site","",""
"1001","REIN10390967","117532","CLOSD","7912 Uplands DR","23124","New Kent","Single Family Residence","10/01/2021","$340,990","$340,990","4","New (never occupied)","2021","NEW KENT","1,649","","4","3.0","Public Water","Public Sewer On Site","",""
"1001","2111670","795-60-93-68-400-000","CLOSD","3612 Main ST","23803","Chesterfield","Single Family Residence","10/02/2021","$139,900","$137,000","61","Resale (occupied at least once)","1971","Ponds & Eanes","952","0.16","3","1.1","Public Water","Sewer - Public","FHA New","Individuals"
"1001","2124432","778-746-1171","CLOSD","2713 Parkside AVE","23228","Henrico","Single Family Residence","10/04/2021","$239,000","$235,000","17","Resale (occupied at least once)","1950","Hermitage Park","960","0.16","3","1.0","Public Water","Sewer - Public","FHA New","Individuals"
"1001","2119311","C009-0583-070","CLOSD","2807 Hopkins RD","23234","Richmond City","Single Family Residence","10/04/2021","$125,000","$140,000","4","Resale (occupied at least once)","1964","Deerbourne","1,183","0.23","3","1.0","Public Water","Sewer - Public","Cash","Individuals"
"1001","2100505","809-732-5208","CLOSD","1800 Waxflower WAY","23223","Henrico","Single Family Residence","10/04/2021","$336,030","$336,030","16","New (never occupied)","2021","Harvie Point","2,114","","3","2.1","Public Water","Sewer - Public","Conventional","Corporate"
"1001","2124814","759-742-9662","CLOSD","1409 Chowan RD","23229","Henrico","Single Family Residence","10/04/2021","$349,900","$355,000","13","Resale (occupied at least once)","1951","Forest Heights","1,500","0.24","3","2.0","Public Water","Sewer - Public","Conventional","Individuals"
"1001","2121806","N000-0420-012","CLOSD","1705 4th AVE","23222","Richmond City","Single Family Residence","10/04/2021","$309,950","$311,450","36","New (never occupied)","2021","Chestnut Hills","1,600","0.13","3","2.1","Public Water","Sewer - Public","Conventional","Individuals"
"1001","2123994","736-67-28-68-400-000","CLOSD","12610 Bailey Bridge RD","23112","Chesterfield","Single Family Residence","10/04/2021","$249,950","$265,000","21","Resale (occupied at least once)","1988","None","1,642","1.01","4","2.0","Well","Septic - Conventional","Conventional","Individuals"
"1001","2124051","N000-0538-003","CLOSD","113 Overbrook RD","23222","Richmond City","Single Family Residence","10/04/2021","$345,000","$345,000","6","Resale (occupied at least once)","1920","Battery Court Addition","1,680","0.16","4","1.1","Public Water","Sewer - Public","VHDA/FHA","Individuals"
"1001","2112225","7804-43-3567","CLOSD","18415 Landmark Cedar RD","23192","Hanover","Single Family Residence","10/04/2021","$225,000","$210,000","100","Resale (occupied at least once)","1993","None","1,344","2.01","3","2.0","Well","Septic - Conventional","Conventional","Individuals"
"1001","2126483","7797-64-5744","CLOSD","10238 Radford Mill TER","23116","Hanover","Single Family Residence","10/04/2021","$350,000","$360,000","9","Resale (occupied at least once)","1992","Kings Charter","2,259","0.49","4","2.1","Public Water","Sewer - Public","Conventional","Individuals"
"1001","2124413","8725-73-6757","CLOSD","6193 Rolling Forest CIR","23111","Hanover","Townhouse","10/04/2021","$215,000","$215,000","5","Resale (occupied at least once)","1987","Battlefield Green","1,473","0.04","2","2.0","Public Water","Sewer - Public","Conventional","Individuals"
"1001","2119497","738-69-51-91-000-000","CLOSD","1613 Porters Mill LN","23114","Chesterfield","Single Family Residence","10/04/2021","$240,000","$240,000","31","Resale (occupied at least once)","1985","Smoketree South","1,412","0.27","3","1.3","Public Water","Sewer - Public","FHA New","Individuals"
"1001","2126726","741-68-78-80-300-000","CLOSD","11802 Walnut Wood DR","23112","Chesterfield","Single Family Residence","10/04/2021","$350,000","$350,000","13","Resale (occupied at least once)","2005","Walnut Grove","2,175","0.29","4","2.1","Public Water","Sewer - Public","VA New","Other"
"1001","2125502","811-65-06-72-600-000","CLOSD","13531 Green Spire CT","23836","Chesterfield","Single Family Residence","10/04/2021","$295,000","$295,000","17","Resale (occupied at least once)","2009","Cypress Woods","1,800","0.25","3","2.1","Public Water","Sewer - Public","Conventional","Individuals"
"1001","2124189","767-69-03-60-200-000","CLOSD","6812 Windy Creek PL","23832","Chesterfield","Single Family Residence","10/04/2021","$299,950","$310,000","4","Resale (occupied at least once)","2004","Windy Creek","2,074","0.31","4","2.1","Public Water","Sewer - Public","FHA New","Individuals"
"1001","2124069","783-65-00-01-100-000","CLOSD","12901 Branders Bridge RD","23831","Chesterfield","Single Family Residence","10/04/2021","$249,950","$249,950","23","Resale (occupied at least once)","1987","None","1,296","0.48","3","2.0","Public Water","Septic - Conventional","USDA","Other"
"1001","2123022","8704-76-4360","CLOSD","7321 Strain AVE","23111","Hanover","Single Family Residence","10/04/2021","$239,000","$245,000","10","Resale (occupied at least once)","1948","Signal Hill","1,600","0.34","3","2.0","Public Water","Sewer - Public","Conventional","Individuals, Partnership"
"1001","2107952","812649040100000","CLOSD","13924 Marsham RD","23836","Chesterfield","Single Family Residence","10/04/2021","$478,025","$478,025","0","New (never occupied)","2021","Ramblewood Estates","3,019","","4","3.0","Public Water","Sewer - Public","Conventional","Corporate"
"1001","2125560","709-68-43-89-000-000","CLOSD","16943 Jennway TER","23120","Chesterfield","Single Family Residence","10/04/2021","$525,000","$525,000","8","Resale (occupied at least once)","2008","Summer Lake","2,681","0.46","3","2.1","Public Water","Sewer - Public","Cash","Individuals"
"1001","2122818","E000-0934-039","CLOSD","1527 N 19th ST","23223","Richmond City","Single Family Residence","10/04/2021","$210,000","$214,000","5","Resale (occupied at least once)","1942","None","1,255","0.18","4","1.0","Public Water","Sewer - Public","FHA New","Corporate"
"1001","2103804","824-692-2475","CLOSD","7017 Hepworth DR","23231","Henrico","Single Family Residence","10/04/2021","$310,000","$347,220","0","New (never occupied)","2021","Castleton","2,169","","4","2.1","Public Water","Other - See Remarks","Conventional","Corporate"
"1001","2123351","757-767-5337","CLOSD","5140 Linsey Lakes DR","23060","Henrico","Single Family Residence","10/04/2021","$325,000","$325,000","16","Resale (occupied at least once)","1996","Linsey Lakes","1,576","0.25","4","2.0","Public Water","Sewer - Public","Conventional","Individuals"
"1001","2101552","C0081053081","CLOSD","5817 Olas CT","23224","Richmond City","Single Family Residence","10/04/2021","$363,515","$363,515","0","New (never occupied)","2021","Governor's Retreat","2,765","","4","2.1","Public Water","Sewer - Public","Conventional","Corporate"
"1001","2104488","8706-58-6323","CLOSD","8159 Judith LN","23116","Hanover","Single Family Residence","10/04/2021","$455,740","$453,240","0","New (never occupied)","2021","Rutland","2,653","","4","2.1","Public Water","Sewer - Public","Conventional","Corporate"
"1001","2119305","732-746-3326","CLOSD","1419 Westshire LN","23238","Henrico","Single Family Residence","10/04/2021","$325,000","$325,000","12","Resale (occupied at least once)","1972","Tuckahoe Village West","2,280","0.37","4","2.1","Public Water","Sewer - Public","Conventional","Individuals"
"1001","2126813","778-67-88-88-800-000","CLOSD","4718 Mason Dale DR","23234","Chesterfield","Single Family Residence","10/04/2021","$239,950","$239,950","7","Resale (occupied at least once)","1989","Mason Woods","1,238","0.20","3","2.0","Public Water","Sewer - Public","Conventional","Individuals"
"1001","2116948","800-728-5219","CLOSD","1900 Bloom LN","23223","Henrico","Single Family Residence","10/04/2021","$133,000","$133,000","4","Resale (occupied at least once)","1956","Central Gardens","1,066","0.23","3","1.0","Public Water","Sewer - Public","Conventional","Individuals"
"1001","2127962","788-68-23-38-000-000","CLOSD","2923 Brentwood CIR","23237","Chesterfield","Single Family Residence","10/04/2021","$150,000","$155,000","5","Resale (occupied at least once)","1947","Sherbourne Heights","1,238","0.35","4","1.1","Public Water","Sewer - Public","Cash","Individuals"
"1001","2127890","784-748-3238.071","CLOSD","5912 Laurel Bed LN Unit#A","23227","Henrico","Condominium","10/04/2021","$270,000","$275,000","6","Resale (occupied at least once)","2020","Lakeside Landing","1,524","","3","2.1","Public Water","Sewer - Public","Cash","Individuals"
"1001","2127575","809-731-7329","CLOSD","1605 Harvest Grove LN","23223","Henrico","Single Family Residence","10/04/2021","$275,000","$275,000","0","Resale (occupied at least once)","2002","Harvest Crest","2,288","0.23","5","3.0","Public Water","Sewer - Public","FHA New","Individuals"
"1001","2127517","728-67-58-83-800-010","CLOSD","21 Spinnaker Cove DR","23112","Chesterfield","Condominium","10/04/2021","$299,000","$297,670","3","Resale (occupied at least once)","1983","Spinnaker Cove Condo","1,933","3.87","2","2.0","Public Water","Sewer - Public","Cash","Individuals"
"1001","2127501","8717-25-9044","CLOSD","10250 Turtle Creek LN","23116","Hanover","Single Family Residence","10/04/2021","$549,000","$555,000","4","Resale (occupied at least once)","2009","None","3,257","4.28","4","3.1","Well","Septic - Conventional","Conventional","Individuals"
"1001","2127011","734-759-1190","CLOSD","13213 Autumn Chase PL","23233","Henrico","Single Family Residence","10/04/2021","$399,950","$397,500","3","Resale (occupied at least once)","1990","Autumn Chase@Wellesley","2,022","0.23","4","2.1","Public Water","Sewer - Public","Conventional","Individuals"
"1001","2126952","744-71-98-18-400-000","CLOSD","3100 E Old Gun RD","23113","Chesterfield","Single Family Residence","10/04/2021","$490,000","$543,500","3","Resale (occupied at least once)","1930","None","3,594","2.50","5","3.1","Public Water","Septic - Conventional","Conventional","Individuals"
"1001","2126855","767-63-96-57-500-000","CLOSD","8004 Lake Margaret PL","23838","Chesterfield","Single Family Residence","10/04/2021","$450,000","$465,000","3","Resale (occupied at least once)","2017","Lake Margaret","2,180","1.64","3","2.0","Public Water","Septic - Conventional","Conventional","Individuals"
"1001","2126801","736-71-33-73-700-000","CLOSD","11812 Heathmere CRES","23113","Chesterfield","Single Family Residence","10/04/2021","$319,950","$340,000","5","Resale (occupied at least once)","1968","Windsor Forest - Chestfld","2,205","0.40","4","2.1","Public Water","Septic - Conventional","Conventional","Individuals"
"1001","2126767","S000-2635-013","CLOSD","1508 W 45th ST","23225","Richmond City","Single Family Residence","10/04/2021","$449,950","$449,950","5","Resale (occupied at least once)","1951","None","2,113","0.17","3","1.1","Public Water","Sewer - Public","Conventional","Individuals"
"1001","2126697","731-756-9995","CLOSD","12302 Shady Lake PL","23233","Henrico","Single Family Residence","10/04/2021","$599,500","$610,000","6","Resale (occupied at least once)","1987","The Colonies At Wilde Lake","3,004","0.78","4","2.1","Public Water","Sewer - Public","Conventional","Individuals"
"1001","2126625","782-66-64-23-200-000","CLOSD","9301 Malcott CT","23237","Chesterfield","Single Family Residence","10/04/2021","$224,950","$221,000","5","Resale (occupied at least once)","1985","Hillenwood","1,008","0.27","3","2.0","Public Water","Sewer - Public","VA New","Individuals"
"1001","2126506","E000-0387-020","CLOSD","2512 E Franklin ST","23223","Richmond City","Single Family Residence","10/04/2021","$450,000","$471,500","7","Resale (occupied at least once)","1879","None","1,526","0.08","3","1.1","Public Water","Sewer - Public","Conventional","Individuals"
"1001","2126346","034A-5-5","CLOSD","6185 Walnut Tree DR","23139","Powhatan","Single Family Residence","10/04/2021","$349,950","$358,000","3","Resale (occupied at least once)","2018","Walnut Creek","1,955","2.54","3","2.1","Well","Septic - Conventional","Conventional","Individuals"
"1001","2126230","767-68-49-08-000-000","CLOSD","6530 W Denny CT","23832","Chesterfield","Single Family Residence","10/04/2021","$250,000","$260,000","5","Resale (occupied at least once)","1986","Fairpines","1,588","0.23","3","2.0","Public Water","Sewer - Public","FHA New","Individuals"
"1001","2125911","748-70-28-87-900-000","CLOSD","113 Wenatchee RD","23236","Chesterfield","Single Family Residence","10/04/2021","$234,500","$250,000","3","Resale (occupied at least once)","1976","Reams Run","1,504","0.34","3","1.2","Public Water","Sewer - Public","FHA New","Individuals"
"1001","2125831","727-66-87-58-400-000","CLOSD","14104 Pensive PL","23112","Chesterfield","Single Family Residence","10/04/2021","$375,000","$385,000","3","Resale (occupied at least once)","1988","Triple Crown","2,487","0.39","5","3.1","Public Water","Sewer - Public","Conventional","Individuals"
"1001","2125810","802-731-9961","CLOSD","3210 Gaulding LN","23223","Henrico","Single Family Residence","10/04/2021","$80,000","$131,500","2","Resale (occupied at least once)","1960","Wilton Place","1,405","0.32","3","1.0","Public Water","Community - Sewer/Septic, Sewer - Public","Cash","Individuals"
"1001","2125796","794-65-23-69-000-000","CLOSD","12600 Brook LN","23831","Chesterfield","Single Family Residence","10/04/2021","$375,000","$350,000","17","Resale (occupied at least once)","1961","Chester","3,285","1.14","3","2.1","Public Water","Septic - Conventional","Cash","Individuals"
"1001","2125488","016A-3-6","CLOSD","3812 Mill Mount DR","23139","Powhatan","Single Family Residence","10/04/2021","$825,000","$845,000","5","Resale (occupied at least once)","2016","Westlake At Mill Mount","4,628","3.50","4","4.1","Well","Septic - Conventional","Conventional","Individuals"
"1001","2125429","735-69-47-63-500-000","CLOSD","1620 Kirkgate LN","23114","Chesterfield","Single Family Residence","10/04/2021","$319,000","$337,000","6","Resale (occupied at least once)","1995","Sycamore Ridge","1,968","0.34","4","2.1","Public Water","Sewer - Public","Conventional","Individuals"
"1001","2125404","7827-80-9292","CLOSD","16131 Union Church RD","23015","Hanover","Single Family Residence","10/04/2021","$397,100","$397,100","3","New (never occupied)","2021","None","2,020","12.01","3","2.1","Well","Septic - Conventional","Conventional","Corporate"
"1001","2125203","751-750-0432","CLOSD","9705 Wildbriar LN","23229","Henrico","Single Family Residence","10/04/2021","$399,950","$366,500","5","Resale (occupied at least once)","1974","Pinedale Estates","3,062","0.40","4","3.1","Public Water","Sewer - Public","Conventional","Individuals"
"1001","2124878","7796-68-7465","CLOSD","9848 Honeybee DR","23116","Hanover","Townhouse","10/04/2021","$399,950","$410,000","4","Resale (occupied at least once)","2019","Taylor Farm","2,106","0.11","4","2.1","Public Water","Sewer - Public","Conventional","Individuals"
"1001","2124784","793-62-03-50-900-000","CLOSD","4016 Alpine RD","23803","Chesterfield","Single Family Residence","10/04/2021","$175,000","$250,000","18","Resale (occupied at least once)","1959","Shadowbrook Heights","1,786","0.47","3","1.1","Well","Septic - Conventional","Conventional","Individuals"
"1001","2124675","C003-0095-074","CLOSD","3030 Kenbury RD","23235","Richmond City","Single Family Residence","10/04/2021","$475,000","$508,000","6","Resale (occupied at least once)","1971","Stratford Hills","4,087","1.41","3","3.1","Public Water","Sewer - Public","Conventional","Individuals"
"1001","2124613","748-69-86-02-500-000","CLOSD","1030 Arkay DR","23236","Chesterfield","Single Family Residence","10/04/2021","$239,900","$260,000","2","Resale (occupied at least once)","1984","Forest Acres","1,475","0.35","4","2.0","Public Water","Sewer - Public","Conventional","Individuals"
"1001","2124465","739-68-32-81-300-000","CLOSD","4525 Hickory Lake CT","23059","Henrico","Single Family Residence","10/04/2021","$639,950","$640,000","7","Resale (occupied at least once)","2004","Waters Edge At Twin Hickory","3,122","0.32","4","3.1","Public Water","Sewer - Public","Conventional","Individuals"
"1001","2124312","709-67-68-17-400-000","CLOSD","16613 Gossamer DR","23120","Chesterfield","Townhouse","10/04/2021","$321,900","$322,000","5","New (never occupied)","2017","Wynwood at Foxcreek","1,837","0.09","3","2.1","Public Water","Sewer - Public","Conventional","Individuals"
"1001","2124296","773-68-35-33-300-000","CLOSD","5907 Ironhorse RD","23234","Chesterfield","Single Family Residence","10/04/2021","$280,000","$275,000","1","Resale (occupied at least once)","2000","Meadowbrook Farm","2,016","0.26","4","2.1","Public Water","Sewer - Public","Cash","Corporate"
"1001","2124267","S000-2630-005","CLOSD","4200 Springhill AVE","23225","Richmond City","Single Family Residence","10/04/2021","$359,500","$369,081","7","Resale (occupied at least once)","1937","Forest Hill Park","1,523","0.13","3","2.0","Public Water","Sewer - Public","Conventional","Individuals"
"1001","2124262","734-72-36-78-500-000","CLOSD","13536 Kelham RD","23113","Chesterfield","Single Family Residence","10/04/2021","$960,000","$950,000","16","Resale (occupied at least once)","2018","Tarrington","3,950","0.58","4","4.0","Public Water","Sewer - Public","Conventional","Individuals"
"1001","2124089","770-69-45-85-600-000","CLOSD","3102 S Battlebridge DR Unit#3102","23224","Chesterfield","Townhouse","10/04/2021","$215,000","$218,000","5","Resale (occupied at least once)","1973","Newberry Towne","2,268","0.05","4","2.1","Public Water","Sewer - Public","FHA New","Individuals"
"1001","2124079","794-66-10-00-600-000","CLOSD","3306 Walnut Cove CT","23831","Chesterfield","Single Family Residence","10/04/2021","$225,000","$220,000","16","Resale (occupied at least once)","1996","Cameron Run","1,400","0.23","3","2.2","Public Water","Sewer - Public","FHA New","Individuals"
"1001","2123821","E000-0616-001","CLOSD","1320 N 23rd ST","23223","Richmond City","Single Family Residence","10/04/2021","$369,950","$374,577","8","Resale (occupied at least once)","1900","Fairmount Park","2,444","0.13","4","4.1","Public Water","Sewer - Public","Cash","Individuals"
"1001","2123534","754-759-6465","CLOSD","9632 Greenmeadow CIR","23060","Henrico","Townhouse","10/04/2021","$199,999","$205,000","2","Resale (occupied at least once)","1981","Springfield Woods","1,220","0.06","3","1.1","Public Water","Sewer - Public","Conventional","Individuals"
"1001","2123511","809-733-7852","CLOSD","3700 Morton DR","23223","Henrico","Single Family Residence","10/04/2021","$350,000","$360,100","5","Resale (occupied at least once)","2004","Clarendon Woods","3,230","0.28","4","4.0","Public Water","Sewer - Public","FHA New","Individuals"
"1001","2123357","8706-72-6756","CLOSD","9133 Thorton WAY","23116","Hanover","Single Family Residence","10/04/2021","$549,950","$542,500","6","Resale (occupied at least once)","2018","Garrison Manor","3,287","0.32","5","3.1","Public Water","Sewer - Public","Conventional","Individuals"
"1001","2122958","C001-0299-024","CLOSD","4302 N Huguenot RD","23235","Richmond City","Single Family Residence","10/04/2021","$449,000","$449,000","14","Resale (occupied at least once)","1956","Stratford Hills","2,864","1.19","3","2.0","Public Water","Septic - Conventional","Conventional","Individuals"
"1001","2122578","8706-28-9766","CLOSD","9442 Valeview PL","23116","Hanover","Single Family Residence","10/04/2021","$359,900","$375,000","4","Resale (occupied at least once)","1983","Knollwood","2,055","0.82","4","2.1","Well","Septic - Conventional","FHA New","Individuals"
"1001","2122382","7797-66-8910","CLOSD","10341 Brickerton DR","23116","Hanover","Single Family Residence","10/04/2021","$379,000","$382,000","2","Resale (occupied at least once)","1997","Ash Creek","2,737","0.75","4","2.1","Public Water","Sewer - Public","FHA New","Individuals"
"1001","2121506","C005-0934-021","CLOSD","413 Erich RD","23225","Richmond City","Single Family Residence","10/04/2021","$249,950","$240,000","15","Resale (occupied at least once)","1968","Westover South","1,578","0.25","3","2.1","Public Water","Sewer - Public","Conventional","Individuals"
"1001","2121344","730-67-08-77-800-000","CLOSD","13501 Master Stag DR","23112","Chesterfield","Single Family Residence","10/04/2021","$220,000","$210,000","11","Resale (occupied at least once)","1987","Deer Run","1,200","0.45","3","2.0","Public Water","Sewer - Public","Conventional","Individuals"
"1001","2121060","719-71-20-34-600-000","CLOSD","424 Diamond Creek DR","23113","Chesterfield","Single Family Residence","10/04/2021","$384,950","$400,000","3","Resale (occupied at least once)","2013","Brookcreek Crossing","2,512","0.14","4","3.1","Public Water","Sewer - Public","Conventional","Individuals"
"1001","2120862","782-68-26-01-700-000","CLOSD","6330 Philbrook RD","23234","Chesterfield","Single Family Residence","10/04/2021","$199,995","$207,000","13","Resale (occupied at least once)","1973","Ravensdale","1,520","0.23","3","1.1","Public Water","Sewer - Public","Cash","Other"
"1001","2120541","722-66-69-49-200-000","CLOSD","14614 Houghton ST","23832","Chesterfield","Single Family Residence","10/04/2021","$345,000","$345,000","11","Resale (occupied at least once)","1992","Birkdale","2,184","0.32","4","2.1","Public Water","Sewer - Public","Conventional","Individuals"
"1001","2119066","28B  4   C29","CLOSD","8201 Curle DR","23181","New Kent","Single Family Residence","10/04/2021","$218,000","$242,000","27","Resale (occupied at least once)","2003","Browns","1,359","1.19","3","2.0","Well","Septic - Conventional","VA New","Individuals"
"1001","2117937","831-723-0724","CLOSD","439 Hanover RD","23150","Henrico","Single Family Residence","10/04/2021","$279,900","$281,000","3","Resale (occupied at least once)","2009","None","1,814","1.00","3","2.0","Public Water","Sewer - Public","Conventional","Individuals"
"1001","2117237","717-66-59-57-800-000","CLOSD","8300 Badestowe CT","23832","Chesterfield","Single Family Residence","10/04/2021","$375,000","$425,000","7","Resale (occupied at least once)","2013","Harpers Mill","2,022","0.39","3","2.1","Public Water","Sewer - Public","Conventional","Individuals"
"1001","2111364","758-67-84-03-400-000","CLOSD","9612 Spring Glen DR","23832","Chesterfield","Single Family Residence","10/04/2021","$490,000","$490,000","25","Resale (occupied at least once)","2006","Cascade Creek","3,914","0.68","5","3.1","Public Water","Sewer - Public","VA New","Individuals"
"1001","REIN10395441","19-3","CLOSD","5800 S Cypress Bank RD","23030","Charles City County","Single Family Residence","10/04/2021","$425,000","$410,000","53","Resale (occupied at least once)","2013","ALL OTHERS AREA 142","1,162","3.00","3","2.0","Well","Septic","",""
"1001","REIN10385162","28B  4   C29","CLOSD","8201 Curle DR","23181","New Kent","Single Family Residence","10/04/2021","$218,000","$242,000","26","Resale (occupied at least once)","2002","BROWNS","1,348","1.19","3","2.0","Well","Septic","",""
"1001","2123700","8706-77-9079","CLOSD","8119 Crown Colony","23116","Hanover","Single Family Residence","10/05/2021","$439,000","$440,000","34","Resale (occupied at least once)","1990","Crown Colony","3,176","0.52","5","2.1","Public Water","Sewer - Public","Cash","Individuals"
"1001","2023009","811-732-5106","CLOSD","3808 Quinn Abbey LN","23223","Henrico","Single Family Residence","10/05/2021","$393,150","$393,150","0","New (never occupied)","2021","Kensington Meadows","2,718","","4","3.0","Public Water","Sewer - Public","Cash","Corporate"
"1001","2123661","759-67-76-28-300-000","CLOSD","6014 Cascade Creek PL","23832","Chesterfield","Single Family Residence","10/05/2021","$395,000","$400,000","8","Resale (occupied at least once)","2006","Cascade Creek","3,432","0.35","5","3.1","Public Water","Sewer - Public","FHA New","Partnership"
"1001","2125643","8715-92-7532","CLOSD","8124 Kiwi LN","23111","Hanover","Single Family Residence","10/05/2021","$309,000","$319,000","18","Resale (occupied at least once)","1995","Cypresstree","2,019","0.27","4","2.1","Public Water","Sewer - Public","VA New","Individuals"
"1001","2120358","W000-1400-013","CLOSD","3117 Grayland AVE","23221","Richmond City","Single Family Residence","10/05/2021","$250,000","$250,000","43","Resale (occupied at least once)","1912","Park Place","880","0.07","1","1.0","Public Water","Sewer - Public","Conventional","Estate"
"1001","2124735","N000-0779-002","CLOSD","2822 Hanes AVE","23222","Richmond City","Single Family Residence","10/05/2021","$344,500","$345,000","21","Resale (occupied at least once)","1922","Brookland Park","1,472","0.09","3","2.1","Public Water","Sewer - Public","VA New","Individuals"
"1001","2120537","795-61-14-43-800-000","CLOSD","21012 Orange Hill AVE","23803","Chesterfield","Single Family Residence","10/05/2021","$175,000","$170,000","5","Resale (occupied at least once)","1950","None","1,640","0.36","3","1.1","Public Water","Sewer - Public","Conventional","Individuals"
"1001","2123442","E000-0864-029","CLOSD","1602 N 28th ST","23223","Richmond City","Single Family Residence","10/05/2021","$259,000","$257,000","39","Resale (occupied at least once)","1900","Valentine Hechler Plan","1,620","0.08","3","2.1","Public Water","Sewer - Public","VHDA ","Other"
"1001","2122513","N000-1556-012","CLOSD","473 Hunt AVE","23222","Richmond City","Single Family Residence","10/05/2021","$235,950","$241,000","14","Resale (occupied at least once)","1922","None","1,152","0.09","3","2.1","Public Water","Sewer - Public","Conventional","Corporate"
"1001","2121136","053C-5-14","CLOSD","954 Eastwood Ridge CT","23120","Powhatan","Single Family Residence","10/05/2021","$379,000","$381,500","37","Resale (occupied at least once)","1996","Genito West","2,476","2.00","4","2.1","Well","Septic - Alternative","VA New","Individuals"
"1001","2031817","715-66-21-10-100-000","CLOSD","15643 Henningford RD","23832","Chesterfield","Single Family Residence","10/05/2021","$379,950","$443,346","4","New (never occupied)","2020","Harpers Mill","2,472","0.13","3","3.1","Public Water","Sewer - Public","Conventional","Corporate"
"1001","2029299","827-66-21-67-800-000","CLOSD","11513 Riverboat DR","23836","Chesterfield","Single Family Residence","10/05/2021","$609,950","$827,397","0","New (never occupied)","2021","Meadowville Landing","3,701","","4","4.0","Public Water","Sewer - Public","Conventional","Corporate"
"1001","2126641","778-68-59-00-200-000","CLOSD","4725 Stanley DR","23234","Chesterfield","Single Family Residence","10/05/2021","$199,950","$204,000","8","Resale (occupied at least once)","1959","Alice Heights","1,075","0.29","3","1.0","Public Water","Sewer - Public","Conventional","Individuals"
"1001","2116345","770674559100000","CLOSD","7507 Rouseaux CIR","23434","Chesterfield","Single Family Residence","10/05/2021","$421,600","$421,600","28","New (never occupied)","2021","Watermark","2,369","","3","2.1","Public Water","Sewer - Public","Conventional","Corporate"
"1001","2101950","to be determined","CLOSD","11436 Claimont Mill DR Unit#6-3","23831","Chesterfield","Townhouse","10/05/2021","$263,975","$263,975","0","New (never occupied)","2021","Iron Mill Section 1","1,662","","3","2.1","Public Water","Sewer - Public","VA New","Corporate"
"1001","2100354","786675441900000","CLOSD","3100 Sterling Brook DR Unit#ID-A","23237","Chesterfield","Townhouse","10/05/2021","$317,535","$317,535","51","New (never occupied)","2021","Silverleaf","1,946","","3","2.1","Public Water","Sewer - Public","Conventional","Corporate"
"1001","2125062","7779-87-5542","CLOSD","6 Cottontree CT","23005","Hanover","Single Family Residence","10/05/2021","$299,900","$315,000","7","Resale (occupied at least once)","1987","Slash Cottage","1,916","0.23","4","2.0","Public Water","Sewer - Public","Conventional","Individuals"
"1001","2125508","737-749-8096","CLOSD","1804 Timbermead CT","23238","Henrico","Single Family Residence","10/05/2021","$469,000","$469,000","9","Resale (occupied at least once)","1983","Oak Ridge","2,546","0.37","4","2.1","Public Water","Sewer - Public","Conventional","Individuals"
"1001","2121977","768-761-8250","CLOSD","9482 Tracey Lynne CIR","23060","Henrico","Townhouse","10/05/2021","$199,900","$194,000","17","Resale (occupied at least once)","1988","Laurel Lakes Ths","1,220","0.06","3","1.1","Public Water","Sewer - Public","FHA New","Individuals"
"1001","2122861","S000-0144-022","CLOSD","200 E 11th ST","23224","Richmond City","Single Family Residence","10/05/2021","$179,000","$179,000","8","Resale (occupied at least once)","1910","Blackwell","1,248","0.09","2","1.0","Public Water","Sewer - Public","FHA New","Individuals"
"1001","2103499","780-772-8408","CLOSD","302 Hay Mill ALY","23059","Henrico","Townhouse","10/05/2021","$351,885","$360,330","18","New (never occupied)","2021","River Mill","1,755","","3","2.1","Public Water","Sewer - Public","Conventional","Corporate"
"1001","2125492","734-747-8778","CLOSD","11819 Eastkent SQ","23238","Henrico","Townhouse","10/05/2021","$334,500","$334,500","8","Resale (occupied at least once)","1979","Sussex Square","1,775","0.09","3","3.0","Public Water","Sewer - Public","Conventional","Individuals"
"1001","2128857","774-738-6758","CLOSD","2104 Pinetree DR","23230","Henrico","Single Family Residence","10/05/2021","$199,950","$200,500","5","Resale (occupied at least once)","1940","Mayfield","1,350","0.23","4","1.1","Public Water","Sewer - Public","Cash","Individuals"
"1001","2127983","787-67-01-36-800-000","CLOSD","8841 Firethorne LN","23237","Chesterfield","Single Family Residence","10/05/2021","$220,000","$225,000","5","Resale (occupied at least once)","1989","Kingsland Acres","1,192","0.33","3","2.2","Public Water","Sewer - Public","VHDA/FHA","Individuals"
"1001","2127773","767-64-56-95-500-000","CLOSD","7924 Dunnottar CT","23838","Chesterfield","Single Family Residence","10/05/2021","$529,950","$555,000","1","Resale (occupied at least once)","2005","The Highlands","3,744","1.31","4","3.2","Public Water","Septic - Conventional","Cash","Individuals, Partnership"
"1001","2127299","729-65-74-03-000-000","CLOSD","10812 Pine Reach CT","23832","Chesterfield","Single Family Residence","10/05/2021","$389,900","$435,000","6","Resale (occupied at least once)","2004","Brandy Oaks","2,864","1.68","4","2.1","Public Water","Septic - Conventional","Conventional","Individuals"
"1001","2127257","729-759-2963","CLOSD","3900 Holmbank CT","23233","Henrico","Single Family Residence","10/05/2021","$875,000","$1,110,000","5","Resale (occupied at least once)","2005","Foxhall","5,702","0.48","7","6.1","Public Water","Sewer - Public","Cash","Individuals"
"1001","2126918","792-760-0304","CLOSD","512 Braxton Hills TER","23227","Henrico","Single Family Residence","10/05/2021","$390,000","$410,000","7","Resale (occupied at least once)","2008","Braxton At Stoneleigh","2,723","0.36","5","3.0","Public Water","Sewer - Public","Conventional","Individuals"
"1001","2126873","052A3-2E-8","CLOSD","2817 Gaynel DR","23139","Powhatan","Single Family Residence","10/05/2021","$150,000","$141,500","2","Resale (occupied at least once)","1984","Kimberly Farms","1,248","1.03","3","1.1","Well","Septic - Conventional","Cash","Individuals"
"1001","2126863","738-779-1464","CLOSD","12460 Grace Hill LN","23059","Henrico","Single Family Residence","10/05/2021","$380,000","$380,000","5","Resale (occupied at least once)","1994","Maybrook At Wyndham","1,640","0.21","3","2.1","Public Water","Sewer - Public","Conventional","Individuals"
"1001","2126735","722-69-25-92-500-000","CLOSD","14601 Holding Pond CT","23112","Chesterfield","Single Family Residence","10/05/2021","$315,000","$321,000","3","Resale (occupied at least once)","2003","Watermill","1,700","0.35","4","2.1","Public Water","Sewer - Public","Conventional","Individuals"
"1001","2126481","731-754-5344","CLOSD","2710 Old Point DR","23233","Henrico","Townhouse","10/05/2021","$253,000","$265,000","5","Resale (occupied at least once)","1986","Harbour Cove Townhouses","1,545","0.05","3","2.1","Public Water","Sewer - Public","FHA New","Individuals"
"1001","2126439","E000-0732-034","CLOSD","207 N 31st ST","23223","Richmond City","Single Family Residence","10/05/2021","$250,000","$301,000","3","Resale (occupied at least once)","1950","None","768","0.13","3","1.0","Public Water","Sewer - Public","Cash","Individuals"
"1001","2126437","737-66-82-09-500-000","CLOSD","9112 Penny Bridge CT","23112","Chesterfield","Single Family Residence","10/05/2021","$459,500","$475,000","4","Resale (occupied at least once)","2007","Bayhill Pointe","3,505","1.03","4","3.1","Public Water","Sewer - Public","VA New","Individuals"
"1001","2126386","743-69-17-51-900-000","CLOSD","2312 Providence Creek RD","23236","Chesterfield","Single Family Residence","10/05/2021","$279,000","$282,000","4","Resale (occupied at least once)","1991","Providence Creek","1,805","0.21","3","2.1","Public Water","Sewer - Public","FHA New","Individuals"
"1001","2126226","783-753-7423","CLOSD","7518 Landsworth AVE","23228","Henrico","Single Family Residence","10/05/2021","$210,000","$225,000","3","Resale (occupied at least once)","1957","Stuart Ridge","1,074","0.22","3","1.0","Public Water","Sewer - Public","Conventional","Estate"
"1001","2126160","763-67-90-83-700-000","CLOSD","7920 Belmont RD","23832","Chesterfield","Single Family Residence","10/05/2021","$279,900","$303,000","4","Resale (occupied at least once)","1974","None","1,425","2.04","3","2.0","Well","Septic - Conventional","Conventional","Individuals"
"1001","2126044","776-68-65-62-000-000","CLOSD","5425 Iron Bridge RD","23234","Chesterfield","Single Family Residence","10/05/2021","$175,000","$202,500","3","Resale (occupied at least once)","1952","None","1,812","0.65","4","1.1","Public Water","Sewer - Public","Conventional","Individuals"
"1001","2125970","852-709-7124","CLOSD","4500 Monaco DR","23150","Henrico","Single Family Residence","10/05/2021","$349,950","$355,000","6","Resale (occupied at least once)","1978","Windsor","2,800","3.30","4","2.0","Well","Septic - Conventional","Conventional","Individuals"
"1001","2125907","823-687-2789","CLOSD","7825 Migration DR","23231","Henrico","Single Family Residence","10/05/2021","$300,000","$310,000","6","Resale (occupied at least once)","2008","Four Mile Run","1,999","0.34","4","2.1","Public Water","Sewer - Public","VHDA/FHA","Individuals"
"1001","2125823","714-68-03-23-100-000","CLOSD","15718 Fox Marsh DR","23120","Chesterfield","Single Family Residence","10/05/2021","$565,000","$590,000","3","Resale (occupied at least once)","1998","Foxfire","5,144","0.35","5","4.1","Public Water","Sewer - Public","Conventional","Individuals"
"1001","2125765","764-767-2402","CLOSD","3412 Katy Brooke CT","23060","Henrico","Single Family Residence","10/05/2021","$599,950","$615,000","3","Resale (occupied at least once)","2005","Meadow Farms","3,957","0.55","5","3.1","Public Water","Sewer - Public","Conventional","Individuals"
"1001","2125739","8724-67-7981","CLOSD","7822 Silktree PL","23111","Hanover","Single Family Residence","10/05/2021","$320,000","$330,000","5","Resale (occupied at least once)","1999","Pebble Creek","1,815","0.37","4","2.1","Public Water","Sewer - Public","VA New","Individuals"
"1001","2125701","815-64-98-12-900-000","CLOSD","318 Enon Oaks LN","23836","Chesterfield","Single Family Residence","10/05/2021","$359,500","$380,500","3","Resale (occupied at least once)","2001","Enon Oaks","2,472","0.55","4","2.1","Public Water","Sewer - Public","FHA New","Individuals"
"1001","2125575","7778-74-5226","CLOSD","11419 Rose Bowl DR","23059","Hanover","Single Family Residence","10/05/2021","$369,000","$380,000","5","Resale (occupied at least once)","2010","Cedarlea Park","2,171","0.21","4","2.1","Public Water","Sewer - Public","Conventional","Individuals"
"1001","2125350","8706-08-1579","CLOSD","9495 Thornecrest DR","23116","Hanover","Single Family Residence","10/05/2021","$515,500","$505,000","10","Resale (occupied at least once)","2015","Cool Spring West","3,250","0.23","4","2.1","Public Water","Sewer - Public","FHA New","Individuals"
"1001","2125105","W000-0898-009","CLOSD","2007 W Main ST","23220","Richmond City","Single Family Residence","10/05/2021","$554,900","$554,900","19","Resale (occupied at least once)","1910","None","2,100","0.10","3","2.0","Public Water","Sewer - Public","Conventional","Individuals"
"1001","2125049","761-71-39-58-600-000","CLOSD","7716 Jahnke RD","23225","Chesterfield","Single Family Residence","10/05/2021","$249,000","$249,000","4","Resale (occupied at least once)","1954","None","1,498","1.52","2","1.0","Public Water","Septic - Conventional","Conventional","Individuals"
"1001","2125037","W000-0515-007","CLOSD","1427 Lakeview AVE","23220","Richmond City","Single Family Residence","10/05/2021","$259,950","$272,500","6","Resale (occupied at least once)","1991","Bethany Place","1,384","0.07","3","1.1","Public Water","Sewer - Public","VA New","Individuals"
"1001","2124995","761-763-0243","CLOSD","4717 Tameo RD","23060","Henrico","Single Family Residence","10/05/2021","$275,000","$280,000","4","Resale (occupied at least once)","1980","Dunncroft","1,392","0.25","3","2.1","Public Water","Sewer - Public","Conventional","Individuals"
"1001","2124570","718-66-72-92-300-000","CLOSD","7944 Featherchase CT","23832","Chesterfield","Single Family Residence","10/05/2021","$320,000","$330,000","6","Resale (occupied at least once)","2000","Ashbrook","1,861","0.23","4","2.0","Public Water","Sewer - Public","Conventional","Individuals"
"1001","2124181","W000-1291-064","CLOSD","2801 W Grace ST Unit#U3","23221","Richmond City","Condominium","10/05/2021","$375,000","$397,000","4","Resale (occupied at least once)","1915","None","1,745","0.01","2","2.0","Public Water","Sewer - Public","Conventional","Individuals"
"1001","2123882","806-706-8830","CLOSD","1688 Old Oakland RD","23231","Henrico","Single Family Residence","10/05/2021","$209,000","$203,000","15","Resale (occupied at least once)","1947","Buena Vista","1,278","0.51","5","1.0","Public Water","Sewer - Public","Cash","Individuals"
"1001","2123466","W019-0263-002","CLOSD","4503 Stuart AVE","23221","Richmond City","Single Family Residence","10/05/2021","$580,000","$607,100","3","Resale (occupied at least once)","1939","Colonial Place","2,104","0.18","3","2.1","Public Water","Sewer - Public","Conventional","Individuals"
"1001","2123142","743-760-4023","CLOSD","2118 Liesfeld","23060","Henrico","Townhouse","10/05/2021","$409,000","$430,000","6","Resale (occupied at least once)","2014","West Broad Village","1,980","0.03","3","2.2","Public Water","Sewer - Public","Conventional","Individuals"
"1001","2122955","C001-1050-010","CLOSD","9916 Oldfield DR","23235","Richmond City","Single Family Residence","10/05/2021","$177,000","$205,000","54","Resale (occupied at least once)","1963","Hobby Hill Farms","2,492","0.50","4","2.1","Public Water","Sewer - Public","Cash","Individuals"
"1001","2121934","748-67-65-32-000-000","CLOSD","5601 Charter Oak DR","23832","Chesterfield","Single Family Residence","10/05/2021","$349,900","$365,000","10","Resale (occupied at least once)","2004","Qualla Farms","2,402","0.21","4","2.1","Public Water","Sewer - Public","Conventional","Individuals"
"1001","2121525","723-68-79-23-800-000","CLOSD","14201 Cove Ridge CT","23112","Chesterfield","Single Family Residence","10/05/2021","$300,000","$287,000","16","Resale (occupied at least once)","1988","Cove Ridge","2,376","0.15","4","2.1","Public Water","Sewer - Public","Cash","Individuals"
"1001","2105026","771677029700000","CLOSD","6733 Way Point DR","23234","Chesterfield","Townhouse","10/05/2021","$290,210","$305,625","25","New (never occupied)","2021","Watermark","1,801","","3","2.1","Public Water","Sewer - Public","Conventional","Corporate"
"1001","1830631","711695326300000","CLOSD","16218 Old Castle RD","23112","Chesterfield","Single Family Residence","10/05/2021","$798,900","$1,299,029","523","New (never occupied)","2020","Hallsley","4,500","","4","6.1","Public Water","Sewer - Public","Conventional","Corporate"
"1001","REIN10395779","W000-0898-009","CLOSD","2007 W Main ST","23220","Richmond City","Single Family Residence","10/05/2021","$554,900","$554,900","32","Resale (occupied at least once)","1910","ALL OTHERS AREA 151","2,100","0.10","3","2.0","Public Water","Public Sewer On Site","",""
