"#","ML #","PID","Status","Address","Zip","County/City","Type","Sales Date","List Price","Sales Price","Days On Market","New/Resale","Year Built","Subdivision","SqFtTotal","Acres","# Bedrooms","Total Baths","Water","Sewer","Sold Terms","Owned By"
"1","2427460","100164","CLOSD","4849 Kings Pond PL","23140","New Kent","Single Family Residence","09/09/2025","$659,950","$810,992","10","New (never occupied)","2025","Brickshire","2,958","0.83","4","3.1","Public Water","Sewer - Public","Conventional","Corporate"
"1","2520584","825-692-7622","CLOSD","3504 Ravenscraig CT","23231","Henrico","Single Family Residence","09/09/2025","$445,000","$457,000","14","Resale (occupied at least once)","2018","Castleton","3,010","0.34","5","2.1","Public Water","Sewer - Public","FHA New","Individuals"
"1","2517124","758-761-1941","CLOSD","9286 Hungary RD","23060","Henrico","Single Family Residence","09/09/2025","$385,000","$373,700","49","Resale (occupied at least once)","1989","Purcell Acres","1,056","0.19","4","3.0","Public Water","Sewer - Public","FHA New","Individuals"
"1","2522022","793-754-3245","CLOSD","307 N Wilkinson RD","23227","Henrico","Single Family Residence","09/09/2025","$485,000","$485,000","6","Resale (occupied at least once)","1967","Chamberlayne Hills","2,932","0.48","4","3.1","Public Water","Sewer - Public","Conventional","Other"
"1","2517168","824-722-7363","CLOSD","7 N Quince AVE","23075","Henrico","Single Family Residence","09/09/2025","$235,000","$240,000","24","Resale (occupied at least once)","1957","Highland Springs","910","0.14","3","1.0","Public Water","Sewer - Public","FHA New","Individuals"
"1","2512340","TBD","CLOSD","7784 Summer Morning DR","23124","New Kent","Single Family Residence","09/09/2025","$466,705","$468,000","0","New (never occupied)","2025","Renaissance at Four Seasons","2,324","0.00","3","3.0","Public Water","Sewer - Public","Conventional","Corporate"
"1","2511690","780-66-21-82-400-000","CLOSD","10418 Brynmore DR","23237","Chesterfield","Single Family Residence","09/09/2025","$499,999","$510,000","84","Resale (occupied at least once)","2006","Brynmore","3,083","0.47","5","3.1","Public Water","Sewer - Public","Cash","Individuals"
"1","2517457","792-744-6112","CLOSD","320 Flicker DR","23227","Henrico","Single Family Residence","09/09/2025","$345,000","$330,000","37","Resale (occupied at least once)","1965","Meadowood","3,050","0.32","4","3.0","Public Water","Sewer - Public","Conventional","Individuals"
"1","2517836","8723-29-5819","CLOSD","6402 Sledds Lake RD","23111","Hanover","Single Family Residence","09/09/2025","$349,500","$325,000","48","Resale (occupied at least once)","1988","Sledd Run","1,320","0.36","4","2.0","Public Water","Community - Sewer/Septic, Sewer - Public","Cash","Individuals"
"1","2520726","799-64-85-83-200-000","CLOSD","2621 Forest Lake RD","23831","Chesterfield","Single Family Residence","09/09/2025","$289,950","$285,000","8","Resale (occupied at least once)","1998","Forest Lake","1,320","0.39","3","2.0","Public Water","Sewer - Public","FHA New","Individuals"
"1","2517979","026-50D","CLOSD","4255 Lockin RD","23139","Powhatan","Single Family Residence","09/09/2025","$350,000","$350,000","1","Resale (occupied at least once)","2005","None","1,580","2.00","3","2.0","Well","Septic - Conventional","FHA New","Individuals"
"1","2518647","752-761-4056","CLOSD","10637 Toston LN","23060","Henrico","Single Family Residence","09/09/2025","$595,000","$595,000","5","Resale (occupied at least once)","2000","Woodberry","3,137","0.27","5","2.1","Public Water","Sewer - Public","Conventional","Individuals"
"1","2519942","744-770-6521.013","CLOSD","5005 Hickory Downs CT","23059","Henrico","Condominium","09/09/2025","$674,500","$665,000","1","Resale (occupied at least once)","2001","Belmont Park At Twin Hickory","2,976","0.14","5","3.1","Public Water","Sewer - Public","Conventional","Individuals"
"1","2518037","17-1-0-2-0","CLOSD","3246 Tabscott RD","23038","Goochland","Single Family Residence","09/09/2025","$280,000","$270,000","34","Resale (occupied at least once)","1963","None","1,404","1.42","3","1.0","Well","Septic - Conventional","USDA","Individuals"
"1","2511143","712-67-25-55-200-283","CLOSD","6612 Citory WAY","23120","Chesterfield","Condominium","09/09/2025","$505,000","$505,000","99","Resale (occupied at least once)","2022","Greenwich Walk At Foxcreek","1,900","","2","2.0","Public Water","Sewer - Public","Conventional","Individuals"
"1","2520761","C002-0143-030","CLOSD","8336 Chippenham RD","23235","Richmond City","Single Family Residence","09/09/2025","$519,950","$520,000","12","Resale (occupied at least once)","1958","Stratford Hills","2,139","0.46","4","3.0","Public Water","Sewer - Public","Conventional","Individuals"
"1","2519743","C009-0278-018","CLOSD","3109 Maurice AVE","23224","Richmond City","Single Family Residence","09/09/2025","$209,900","$212,500","6","Resale (occupied at least once)","1948","Mcguire Village","960","0.21","2","1.0","Public Water","Sewer - Public","Conventional","Corporate"
"1","2516657","817-724-4038","CLOSD","5711 Yates LN","23223","Henrico","Single Family Residence","09/09/2025","$235,000","$235,000","11","Resale (occupied at least once)","1980","Beth Dale","960","0.21","3","1.0","Public Water","Sewer - Public","FHA New","Individuals"
"1","2516391","810-703-6437","CLOSD","2312 Jahodi PL","23231","Henrico","Single Family Residence","09/09/2025","$369,993","$365,000","44","Resale (occupied at least once)","2002","Winding Woods","2,175","0.29","4","2.1","Public Water","Sewer - Public","FHA New","Corporate"
"1","2515662","785-762-5018","CLOSD","833 Tavern Green RD","23060","Henrico","Single Family Residence","09/09/2025","$375,000","$375,000","54","Resale (occupied at least once)","1998","Ayers Tavern","1,764","0.25","3","2.1","Public Water","Sewer - Public","FHA New","Individuals"
"1","2518526","6789-74-8563","CLOSD","1448 Mickie Town RD","23102","Hanover","Single Family Residence","09/09/2025","$329,700","$329,700","8","New (never occupied)","2025","None","","2.05","3","2.0","Well","Septic - Engineered","FHA New","Individuals"
"1","2522204","769-760-6002.063","CLOSD","10213 Wolfe Manor CT Unit#603","23060","Henrico","Condominium","09/09/2025","$235,000","$240,000","3","Resale (occupied at least once)","1991","Landings At Laurel","946","0.02","2","2.0","Public Water","Sewer - Public","Conventional","Individuals"
"1","2520577","N000-0977-026","CLOSD","3021 Lamb AVE","23222","Richmond City","Single Family Residence","09/09/2025","$479,000","$479,000","8","Resale (occupied at least once)","1923","Barton Heights","2,427","0.12","3","2.1","Public Water","Sewer - Public","Conventional","Individuals"
"1","2518837","W000-1170-020","CLOSD","2606 W Grace ST","23220","Richmond City","Single Family Residence","09/09/2025","$1,125,000","$1,125,000","29","Resale (occupied at least once)","1910","None","3,458","0.10","4","2.2","Public Water","Sewer - Public","Conventional","Individuals"
"1","2518366","C004-0544-137","CLOSD","2956 Hathaway RD Unit#U1205","23225","Richmond City","Condominium","09/09/2025","$350,000","$350,000","31","Resale (occupied at least once)","1972","Hathaway Tower Condominiums","1,729","4.02","3","2.0","Public Water","Sewer - Public","Cash","Individuals"
"1","2522621","761-753-9226","CLOSD","3000 Blankenship CIR","23294","Henrico","Single Family Residence","09/09/2025","$350,000","$344,000","0","Resale (occupied at least once)","1959","Pine Dale","1,051","0.29","3","1.0","Public Water","Sewer - Public","Conventional","Other"
"1","2522015","756-70-32-14-500-000","CLOSD","8751 Hartford CT","23236","Chesterfield","Single Family Residence","09/09/2025","$350,000","$350,000","2","Resale (occupied at least once)","1972","Brookfield","1,448","0.70","3","1.1","Public Water","Sewer - Public","Conventional","Individuals"
"1","2520345","8735-05-2734","CLOSD","8428 Old Cavalry DR","23111","Hanover","Single Family Residence","09/09/2025","$355,000","$365,000","5","Resale (occupied at least once)","1994","Battlefield Green","1,662","0.17","3","2.0","Public Water","Sewer - Public","Conventional","Individuals"
"1","2523609","779-66-84-21-300-000","CLOSD","5200 Timbercreek DR","23237","Chesterfield","Single Family Residence","09/09/2025","$265,000","$270,000","4","Resale (occupied at least once)","1990","Ashton Woods South","1,656","0.26","3","2.1","Public Water","Sewer - Public","Cash","Individuals"
"1","2523056","823-726-2107","CLOSD","122 N Elm AVE","23075","Henrico","Single Family Residence","09/09/2025","$189,900","$189,950","2","Resale (occupied at least once)","1937","Highland Springs","2,240","0.44","3","1.0","Public Water","Sewer - Public","Cash","Individuals"
"1","2522914","765-749-4294","CLOSD","2701 Skeet ST","23294","Henrico","Single Family Residence","09/09/2025","$465,000","$460,000","4","Resale (occupied at least once)","1957","West Wistar","2,768","0.31","4","2.0","Public Water","Community - Sewer/Septic","Cash","Individuals"
"1","2522254","755-69-82-08-100-000","CLOSD","1565 Providence Knoll DR","23236","Chesterfield","Condominium","09/09/2025","$399,000","$399,000","2","Resale (occupied at least once)","2005","Providence","1,765","0.10","3","2.1","Public Water","None","Conventional","Estate"
"1","2521990","723-70-41-01-400-007","CLOSD","1100 Westwood Village LN Unit#303","23114","Chesterfield","Condominium","09/09/2025","$315,000","$305,000","14","Resale (occupied at least once)","2018","Westwood Village At Charter Colony","1,489","","2","2.0","Public Water","Sewer - Public","Cash","Other"
"1","2521506","C004-0504-004","CLOSD","6815 Shawnee RD","23225","Richmond City","Single Family Residence","09/09/2025","$525,000","$518,000","7","Resale (occupied at least once)","1964","Stratford Hills","2,031","0.34","3","2.0","Public Water","Sewer - Public","Conventional","Individuals"
"1","2520881","015-6-4","CLOSD","4333 Three Bridge RD","23139","Powhatan","Single Family Residence","09/09/2025","$299,950","$305,000","3","Resale (occupied at least once)","1993","Fairfield","1,230","1.19","3","2.0","Well","Septic - Conventional","Conventional","Individuals"
"1","2520396","744-770-6521.024","CLOSD","5008 Hickory Downs CT","23059","Henrico","Condominium","09/09/2025","$539,950","$539,950","5","Resale (occupied at least once)","2001","Belmont Park At Twin Hickory","2,202","0.13","3","2.0","Public Water","Sewer - Public","Cash","Other"
"1","2520313","766-740-5432","CLOSD","6517 W Grace ST","23226","Henrico","Single Family Residence","09/09/2025","$449,900","$440,000","5","Resale (occupied at least once)","1949","West Haven","1,456","0.19","3","2.0","Public Water","Sewer - Public","Cash","Corporate"
"1","2517858","N000-0458-005","CLOSD","1808 3rd AVE","23222","Richmond City","Single Family Residence","09/09/2025","$329,999","$325,000","13","Resale (occupied at least once)","1920","Chestnut Hills","1,800","0.10","3","1.1","Public Water","Sewer - Public","Conventional","Individuals"
"1","2515642","812-64-32-75-900-000","CLOSD","500 Spring Valley RD","23834","Chesterfield","Single Family Residence","09/09/2025","$950,000","$950,000","40","Resale (occupied at least once)","2008","Walthall Hills","5,715","13.49","4","3.1","Public Water","Septic - Conventional","Conventional","Individuals"
"1","2515450","744-69-91-83-400-091","CLOSD","307 Kernel CT","23236","Chesterfield","Condominium","09/09/2025","$375,000","$375,000","47","Resale (occupied at least once)","2012","Harvest Glen","1,453","","2","2.0","Public Water","Community - Sewer/Septic","Conventional","Individuals"
"1","2504050","58-54-3-1-0","CLOSD","9463 Tessarae WAY","23238","Goochland","Townhouse","09/09/2025","$646,935","$646,935","0","New (never occupied)","2025","Mosaic at West Creek","2,152","","2","2.1","Public Water","Sewer - Public","Cash","Corporate"
"1","2432375","7717-82-7629","CLOSD","2257 Osborne Hill DR","23146","Goochland","Single Family Residence","09/09/2025","$769,950","$850,772","0","New (never occupied)","2025","Tuckahoe Bridge","3,032","0.32","4","3.0","Public Water","Sewer - Public","Conventional","Corporate"
"1","2517234","C005-0753-027","CLOSD","601 German School RD","23225","Richmond City","Single Family Residence","09/10/2025","$245,000","$219,600","57","Resale (occupied at least once)","1980","Saint Thomas Terrace","960","0.17","3","2.0","Public Water","Sewer - Public","Cash","Corporate"
"1","2511665","771-67-94-30-400-000","CLOSD","6112 Jackline RUN","23234","Chesterfield","Single Family Residence","09/10/2025","$454,990","$454,990","98","New (never occupied)","2025","Watermark","1,893","0.08","3","2.1","Public Water","Sewer - Public","Other","Corporate"
"1","2509147","824659449500000","CLOSD","1824 Outrigger DR","23836","Chesterfield","Single Family Residence","09/10/2025","$497,730","$497,730","717","New (never occupied)","2025","Twin Rivers","1,541","0.15","4","3.0","Public Water","Sewer - Public","Other","Corporate"
"1","2519151","C001-0659-004","CLOSD","3911 Garden RD","23235","Richmond City","Single Family Residence","09/10/2025","$539,950","$550,000","30","Resale (occupied at least once)","1966","Twin Valley Farms","3,435","0.40","4","3.0","Public Water","Sewer - Public","Conventional","Individuals"
"1","2521417","759-68-31-36-400-000","CLOSD","8431 Newbys Mill DR","23832","Chesterfield","Single Family Residence","09/10/2025","$390,000","$390,000","20","Resale (occupied at least once)","2005","Newbys Mill","1,904","0.38","4","2.1","Public Water","Sewer - Public","VA New","Individuals"
"1","2515228","721-65-10-17-500-000","CLOSD","14300 Rosebud RD","23838","Chesterfield","Single Family Residence","09/10/2025","$369,900","$369,900","67","Resale (occupied at least once)","1975","Physic Hill","1,871","0.62","4","2.0","Public Water","Septic - Conventional","VA New","Individuals"
"1","2516807","854-714-7561","CLOSD","4562 Woodview DR","23150","Henrico","Single Family Residence","09/10/2025","$265,000","$265,000","48","Resale (occupied at least once)","1990","Woodview Hills","1,056","5.21","3","2.0","Well","Septic - Conventional","VHDA ","Other"
"1","2432353","785-756-9498","CLOSD","8318 Scott PL","23227","Henrico","Townhouse","09/10/2025","$369,990","$362,990","218","New (never occupied)","2024","Glens at Scott Place","1,474","0.05","3","2.1","Public Water","Sewer - Public","Conventional","Corporate"
"1","2423826","Not Yet Assigned","CLOSD","5305 Twisting Vine LN Unit#201","23059","Henrico","Condominium","09/10/2025","$354,950","$354,950","37","New (never occupied)","2025","Twin Hickory","1,367","","2","2.0","Public Water","Sewer - Public","FHA New","Corporate"
"1","2509441","7787-37-2404","CLOSD","10526 Stony Bluff DR Unit#404","23005","Hanover","Condominium","09/10/2025","$340,000","$340,000","131","New (never occupied)","2024","Stony Run","","","2","2.0","Public Water","Sewer - Public","Cash","Corporate"
"1","2505614","TBD","CLOSD","12145 Calgary LOOP","23836","Chesterfield","Condominium","09/10/2025","$329,990","$339,990","92","New (never occupied)","2025","Moore's Lake","1,606","","3","2.1","Public Water","Sewer - Public","Conventional","Corporate"
"1","2521434","720-67-99-39-600-000","CLOSD","14614 Standing Oak CT","23112","Chesterfield","Single Family Residence","09/10/2025","$389,950","$390,000","7","Resale (occupied at least once)","1989","Woodlake","2,220","0.21","5","2.1","Public Water","Sewer - Public","Conventional","Individuals"
"1","2520013","751-749-9061","CLOSD","9503 Ridgefield RD","23229","Henrico","Single Family Residence","09/10/2025","$389,950","$390,000","26","Resale (occupied at least once)","1962","Pinedale Farms","1,823","0.36","3","2.0","Public Water","Sewer - Public","Conventional","Individuals"
"1","2519558","791-66-23-26-300-000","CLOSD","10900 Timonium DR","23831","Chesterfield","Single Family Residence","09/10/2025","$300,000","$315,000","10","Resale (occupied at least once)","1987","Mineola","1,348","0.29","3","2.0","Public Water","Sewer - Public","FHA New","Individuals"
"1","2517652","C001-0508-020","CLOSD","3942 Hickory RD","23235","Richmond City","Single Family Residence","09/10/2025","$390,000","$390,000","37","Resale (occupied at least once)","1954","Southampton","1,817","0.39","4","2.0","Public Water","Sewer - Public","Conventional","Individuals"
"1","2517564","775-67-85-41-500-000","CLOSD","7019 Autumn Point DR","23234","Chesterfield","Single Family Residence","09/10/2025","$369,950","$375,000","21","Resale (occupied at least once)","2010","Autumn Grove Section B","1,860","0.26","3","2.1","Public Water","Sewer - Public","FHA New","Individuals"
"1","2514857","753-71-58-68-100-000","CLOSD","2153 Waters Mill PT","23235","Chesterfield","Townhouse","09/10/2025","$259,000","$249,000","67","Resale (occupied at least once)","1983","Rolling Hill At Bon Air","1,518","0.04","3","2.1","Public Water","Sewer - Public","Conventional","Individuals"
"1","2515056","726-72-42-59-200-000","CLOSD","14101 Ashton Cove DR","23113","Chesterfield","Single Family Residence","09/10/2025","$995,000","$960,000","60","Resale (occupied at least once)","2007","Kings Farm","5,044","0.99","6","4.1","Public Water","Sewer - Public","Conventional","Individuals"
"1","2517703","748-70-26-29-600-000","CLOSD","10005 Mosswood RD","23236","Chesterfield","Single Family Residence","09/10/2025","$315,000","$325,000","4","Resale (occupied at least once)","1978","Reams Run","1,378","0.25","3","1.1","Public Water","Sewer - Public","Conventional","Individuals"
"1","2521945","743-743-5358","CLOSD","10317 Waltham DR","23238","Henrico","Single Family Residence","09/10/2025","$659,000","$665,000","6","Resale (occupied at least once)","1995","Canterbury","3,550","0.62","4","3.1","Public Water","Sewer - Public","Conventional","Individuals"
"1","2521528","779-65-50-72-600-000","CLOSD","11609 Arbor Highlands TER","23831","Chesterfield","Single Family Residence","09/10/2025","$410,000","$410,000","6","Resale (occupied at least once)","2002","Arbor Landing","2,189","0.28","4","2.1","Public Water","Sewer - Public","Conventional","Individuals"
"1","2522215","8704-89-4617","CLOSD","8068 Saddle Crest DR","23111","Hanover","Single Family Residence","09/10/2025","$499,950","$499,950","4","Resale (occupied at least once)","2014","The Villas At Rose Hill","2,202","0.16","3","3.0","Public Water","Sewer - Public","Cash","Individuals"
"1","2523618","720-67-24-79-200-008","CLOSD","14720 Village Square PL Unit#8","23112","Chesterfield","Condominium","09/10/2025","$240,000","$245,000","2","Resale (occupied at least once)","2005","Woodlake","1,128","","2","2.0","Public Water","Sewer - Public","Cash","Individuals"
"1","2523417","756-71-90-32-900-000","CLOSD","8644 Forest Hill AVE","23235","Chesterfield","Single Family Residence","09/10/2025","$389,950","$465,000","5","Resale (occupied at least once)","1952","Mohawk","1,665","0.73","3","2.0","Public Water","Sewer - Public","Cash","Individuals"
"1","2522714","733-752-4198","CLOSD","11207 Warren View RD","23233","Henrico","Single Family Residence","09/10/2025","$489,995","$516,343","8","Resale (occupied at least once)","1986","Ridgefield","2,510","0.32","3","2.1","Public Water","Sewer - Public","Conventional","Individuals"
"1","2522669","C004-0325-032","CLOSD","4241 Pawnee RD","23225","Richmond City","Single Family Residence","09/10/2025","$425,000","$460,000","4","Resale (occupied at least once)","1954","Stratford Hills","1,642","0.72","2","2.0","Public Water","None","Conventional","Individuals"
"1","2522088","747-71-57-67-400-000","CLOSD","10426 White Rabbit RD","23235","Chesterfield","Single Family Residence","09/10/2025","$409,950","$415,000","3","Resale (occupied at least once)","1991","North Settlers Landing","1,938","0.22","3","2.1","Public Water","Sewer - Public","Conventional","Individuals"
"1","2521809","735-749-3157","CLOSD","1906 Stonequarter RD","23238","Henrico","Single Family Residence","09/10/2025","$550,000","$575,000","7","Resale (occupied at least once)","1990","Stonequarter","2,824","0.33","4","2.1","Public Water","Sewer - Public","Conventional","Individuals"
"1","2521419","773-740-0110","CLOSD","5305 Libbie Mill West BLVD","23230","Henrico","Townhouse","09/10/2025","$530,000","$530,000","4","Resale (occupied at least once)","2016","Libbie Mill Townhomes","2,262","0.02","3","3.1","Public Water","Sewer - Public","Conventional","Individuals"
"1","2521263","046-60A","CLOSD","1007 Clement Town RD","23139","Powhatan","Single Family Residence","09/10/2025","$419,900","$419,950","15","New (never occupied)","2025","None","","2.55","3","2.0","Well","Septic - Conventional","FHA New","Other"
"1","2521183","755-749-3634","CLOSD","8423 Kalb RD","23229","Henrico","Single Family Residence","09/10/2025","$389,000","$395,000","4","Resale (occupied at least once)","1961","Brinkhaven","2,184","0.30","4","2.0","Public Water","Sewer - Public","Conventional","Individuals"
"1","2521109","767-65-19-23-200-000","CLOSD","11137 Sterling Cove DR","23838","Chesterfield","Single Family Residence","09/10/2025","$699,000","$687,500","14","Resale (occupied at least once)","2002","The Highlands","3,602","1.11","6","4.0","Public Water","Septic - Conventional","Conventional","Individuals"
"1","2521010","19B4 1ID  16","CLOSD","3411 S Hairpin DR","23141","New Kent","Single Family Residence","09/10/2025","$450,000","$450,000","8","Resale (occupied at least once)","2013","Five Lakes East","5,221","1.21","3","2.0","Public Water","Septic - Conventional","Cash","Individuals"
"1","2518622","770-68-83-09-500-000","CLOSD","6034 Satinwood DR","23234","Chesterfield","Single Family Residence","09/10/2025","$179,950","$175,000","52","Resale (occupied at least once)","1920","None","1,984","1.08","4","1.0","Well","Septic - Conventional","Cash","Individuals"
"1","2518529","730-72-58-11-700-000","CLOSD","13509 Raftersridge CT","23113","Chesterfield","Single Family Residence","09/10/2025","$725,000","$760,000","4","Resale (occupied at least once)","1999","Riverton","3,574","0.68","5","2.1","Public Water","Sewer - Public","Conventional","Individuals"
"1","2518409","788-65-05-15-000-000","CLOSD","12703 Kelsey Pointe CT","23831","Chesterfield","Single Family Residence","09/10/2025","$529,000","$500,000","40","Resale (occupied at least once)","1995","Rieves Point","2,951","0.36","4","3.1","Public Water","Septic - Conventional","FHA New","Individuals"
"1","2517771","815-65-96-20-400-000","CLOSD","12024 Player CT","23836","Chesterfield","Single Family Residence","09/10/2025","$569,000","$569,000","45","Resale (occupied at least once)","2003","Rivers Bend","4,036","0.57","6","4.1","Public Water","Sewer - Public","VA New","Individuals"
"1","2516826","717-66-75-51-200-000","CLOSD","7873 Willow Walk DR","23832","Chesterfield","Single Family Residence","09/10/2025","$359,000","$330,000","57","Resale (occupied at least once)","2003","Ashbrook","1,400","0.25","3","2.0","Public Water","Sewer - Public","Cash","Individuals"
"1","2516647","C007-0440-036","CLOSD","1636 Stansbury AVE","23225","Richmond City","Single Family Residence","09/10/2025","$269,900","$269,900","36","Resale (occupied at least once)","1952","Derwent","","","3","1.0","Public Water","Sewer - Public","Conventional","Individuals"
"1","2514517","7871-11-9891","CLOSD","11150 Stillcroft LN","23005","Hanover","Single Family Residence","09/10/2025","$455,000","$395,000","32","Resale (occupied at least once)","1900","None","2,264","5.00","2","2.0","Well","Septic - Conventional","Cash","Partnership"
"1","2514081","58-43-7-1-0","CLOSD","717 Old Stream RD","23103","Goochland","Single Family Residence","09/10/2025","$1,895,000","$1,845,000","41","Resale (occupied at least once)","2008","Kinloch","4,812","0.85","5","5.1","Public Water","Sewer - Public","VA New","Individuals"
"1","2513133","724-67-05-53-800-006","CLOSD","7211 Norwood Pond CT","23112","Chesterfield","Condominium","09/10/2025","$349,950","$345,000","108","Resale (occupied at least once)","2004","Villas Of Norwood Pond","1,582","27.42","2","2.0","Public Water","Sewer - Public","Cash","Individuals"
"1","2512863","6799-51-3152","CLOSD","12060 Pinhook RD","23146","Hanover","Single Family Residence","09/10/2025","$585,999","$537,500","71","Resale (occupied at least once)","1961","None","4,528","11.06","5","3.0","Well","Septic - Conventional","Conventional","Individuals"
"1","2508514","726-70-92-70-500-000","CLOSD","1321 Ewing Park LOOP","23113","Chesterfield","Townhouse","09/10/2025","$350,000","$335,000","132","Resale (occupied at least once)","2023","Promenade at Winterfield","1,728","0.04","2","2.2","Public Water","Sewer - Public","Cash","Individuals"
"1","2431653","7890-45-7093","CLOSD","9616 Seven Sisters DR","23005","Hanover","Single Family Residence","09/10/2025","$928,650","$1,027,041","0","New (never occupied)","2024","Hickory Hill","3,800","1.00","4","3.0","Well","Septic - Conventional","Conventional","Corporate"
"1","BRTVAHA2001004","7834-32-4499","CLOSD","15440 Old Ridge RD","23015","Hanover","Single Family Residence","09/10/2025","$730,000","$700,000","29","Resale (occupied at least once)","2006","10 PRIVATE ACRES-NO HOA","0","19.06","5","4.0","Well","Septic","",""
"1","2520315","739-744-0153","CLOSD","1508 Hearthglow LN","23238","Henrico","Single Family Residence","09/11/2025","$650,000","$736,100","5","Resale (occupied at least once)","1985","Kingsley","3,736","1.98","4","2.1","Public Water","Sewer - Public","Cash","Individuals"
"1","2519379","761642463700000","CLOSD","8701 Abercrombie DR","23838","Chesterfield","Single Family Residence","09/11/2025","$789,990","$789,990","8","New (never occupied)","2025","Lake Margaret","4,165","1.79","6","5.0","Public Water","Septic - Conventional","Conventional","Corporate"
"1","2501637","760646041600000","CLOSD","12060 Buckrudy TER","23838","Chesterfield","Single Family Residence","09/11/2025","$793,815","$792,105","0","New (never occupied)","2025","The Highlands","2,786","","5","3.1","Public Water","Septic - Conventional","Conventional","Corporate"
"1","2515709","755-65-14-76-200-000","CLOSD","11407 Timber Point DR","23838","Chesterfield","Single Family Residence","09/11/2025","$740,000","$745,353","58","Resale (occupied at least once)","1999","Woodland Pond","3,762","1.16","5","3.1","Public Water","Septic - Conventional","Conventional","Individuals"
"1","2519930","8714-01-2977","CLOSD","7973 Dominion Park DR","23111","Hanover","Single Family Residence","09/11/2025","$370,000","$373,000","5","Resale (occupied at least once)","2002","Cold Harbor Meadows","1,548","0.20","4","2.1","Public Water","Sewer - Public","FHA New","Individuals"
"1","2522450","030-6-7","CLOSD","1960 Teal LN","23139","Powhatan","Single Family Residence","09/11/2025","$584,997","$585,000","7","Resale (occupied at least once)","2007","Timber Mill","2,846","2.00","4","3.1","Well","Septic - Conventional","Conventional","Individuals"
"1","2520325","713-67-04-06-900-000","CLOSD","7217 Leire LN","23832","Chesterfield","Townhouse","09/11/2025","$365,000","$375,000","32","Resale (occupied at least once)","2023","Cosby Village Townhomes","2,048","0.04","3","3.1","Public Water","Sewer - Public","Conventional","Individuals"
"1","2519462","760-70-02-53-100-000","CLOSD","1237 Elmart LN","23235","Chesterfield","Single Family Residence","09/11/2025","$450,000","$440,000","8","Resale (occupied at least once)","1991","None","2,707","0.89","4","3.0","Public Water","Septic - Conventional","Conventional","Individuals"
"1","2513445","767677834600000","CLOSD","7001 Greenholm PL","23234","Chesterfield","Single Family Residence","09/11/2025","$529,990","$529,990","56","New (never occupied)","2025","Watermark","","","5","3.0","Public Water","Sewer - Public","VA New","Corporate"
"1","2521655","801-729-0812","CLOSD","201 St Claire LN","23223","Henrico","Single Family Residence","09/11/2025","$250,000","$238,000","6","Resale (occupied at least once)","1939","Montezuma Farms","1,742","0.47","3","1.0","Public Water","Sewer - Public","Conventional","Individuals"
"1","2519170","N000-0448-005","CLOSD","2114 North AVE","23222","Richmond City","Single Family Residence","09/11/2025","$499,900","$499,900","44","Resale (occupied at least once)","2021","Barton Heights","1,862","0.07","3","2.1","Public Water","Sewer - Public","Conventional","Individuals"
"1","2517810","757-758-6021","CLOSD","9307 Huron AVE","23294","Henrico","Single Family Residence","09/11/2025","$399,950","$399,950","35","Resale (occupied at least once)","1963","Huntington","1,362","0.31","3","1.1","Public Water","Sewer - Public","Conventional","Individuals"
"1","2431896","815-686-7442","CLOSD","2500 Grantham Woods TER","23231","Henrico","Single Family Residence","09/11/2025","$482,800","$476,600","238","New (never occupied)","2024","None","1,982","1.40","4","2.1","Public Water","Septic - Engineered","Cash","Corporate"
"1","2513327","793-66-22-51-400-000","CLOSD","10820 Weybridge RD","23831","Chesterfield","Single Family Residence","09/11/2025","$369,000","$370,000","37","Resale (occupied at least once)","1967","Shady Springs","2,031","0.40","4","2.1","Public Water","Septic - Conventional","Conventional","Individuals"
"1","2521141","741-67-88-41-500-000","CLOSD","5031 Clear Ridge TER","23112","Chesterfield","Single Family Residence","09/11/2025","$389,950","$389,950","3","Resale (occupied at least once)","1999","Clay Pointe","1,782","0.21","3","2.1","Public Water","Sewer - Public","Conventional","Individuals"
"1","2516946","795-63-15-89-900-000","CLOSD","3918 Seamist RD","23831","Chesterfield","Single Family Residence","09/11/2025","$315,000","$315,000","3","Resale (occupied at least once)","1979","Somerset","1,248","0.25","3","2.0","Public Water","Sewer - Public","FHA New","Individuals"
"1","2522658","8723-39-5550","CLOSD","6327 Draperfield RD","23111","Hanover","Single Family Residence","09/11/2025","$349,950","$340,000","3","Resale (occupied at least once)","1988","Sledd Run","1,200","0.23","3","2.0","Public Water","Sewer - Public","Cash","Individuals"
"1","2522476","712-67-25-55-200-346","CLOSD","6904 Welara RUN","23120","Chesterfield","Townhouse","09/11/2025","$435,000","$430,000","5","Resale (occupied at least once)","2023","Greenwich Walk At Foxcreek","1,743","","2","2.1","Public Water","Sewer - Public","Cash","Individuals"
"1","2522255","C0070310013","CLOSD","6607 Holliday RD","23225","Richmond City","Single Family Residence","09/11/2025","$250,000","$264,500","5","Resale (occupied at least once)","1959","Worthington Farms","","0.41","3","1.0","Public Water","Sewer - Public","VA New","Individuals"
"1","2522137","757-746-8056","CLOSD","8108 Michael RD","23229","Henrico","Single Family Residence","09/11/2025","$439,000","$439,000","5","Resale (occupied at least once)","2001","Acreage","1,674","0.43","3","2.0","Public Water","Sewer - Public","Conventional","Individuals"
"1","2521791","744-758-0076","CLOSD","11427 Harcourt TER","23233","Henrico","Single Family Residence","09/11/2025","$1,165,000","$1,165,000","5","Resale (occupied at least once)","1998","Windsor Place West","4,760","0.28","5","3.1","Public Water","Sewer - Public","Conventional","Individuals"
"1","2521545","749-756-1990","CLOSD","3016 Blackthorn WAY","23233","Henrico","Townhouse","09/11/2025","$419,950","$485,000","5","Resale (occupied at least once)","2006","Three Chopt Village","2,190","0.07","3","2.1","Public Water","Sewer - Public","Conventional","Individuals"
"1","2521033","727-70-31-93-500-272","CLOSD","734 Bristol Village DR Unit#302","23114","Chesterfield","Condominium","09/11/2025","$267,000","$255,000","26","Resale (occupied at least once)","2005","Bristol Village @ Charter Colony","1,431","","2","2.0","Public Water","Sewer - Public","Cash","Individuals"
"1","2519611","739-67-11-24-200-000","CLOSD","12330 Point Sunrise CT","23112","Chesterfield","Single Family Residence","09/11/2025","$475,000","$445,000","12","Resale (occupied at least once)","2000","Bayhill Pointe","3,168","0.37","4","2.2","Public Water","Sewer - Public","Cash","Estate"
"1","2519466","722-67-67-94-000-000","CLOSD","5911 Waters Edge RD","23112","Chesterfield","Single Family Residence","09/11/2025","$724,900","$712,500","46","Resale (occupied at least once)","1985","Woodlake","3,471","0.51","4","3.1","Public Water","Sewer - Public","Conventional","Individuals"
"1","2518844","732-753-2139","CLOSD","12302 Sir James CT","23233","Henrico","Townhouse","09/11/2025","$285,000","$280,000","42","Resale (occupied at least once)","1983","Olde Gayton Townhouses","1,456","0.04","3","1.1","Public Water","Sewer - Public","Cash","Individuals"
"1","2518727","824-693-4489","CLOSD","7095 Shining Armor DR","23231","Henrico","Single Family Residence","09/11/2025","$539,990","$529,990","37","New (never occupied)","2025","Castleton","","0.22","4","3.1","Public Water","Sewer - Public","VA New","Corporate"
"1","2518645","042A-4F-10","CLOSD","1526 Dogwood RD","23139","Powhatan","Single Family Residence","09/11/2025","$319,500","$307,500","29","Resale (occupied at least once)","1972","Holly Hills","1,050","0.75","3","1.0","Well","Septic - Conventional","Cash","Individuals"
"1","2517421","TBD","CLOSD","300 Camerons Ferry LN","23060","Henrico","Single Family Residence","09/11/2025","$419,164","$409,164","36","New (never occupied)","2025","Retreat at One","1,554","","3","2.0","Public Water","Sewer - Public","Conventional","Corporate"
"1","2517197","795-65-90-66-500-000","CLOSD","11532 Elmwood LN","23831","Chesterfield","Single Family Residence","09/11/2025","$229,000","$190,000","60","Resale (occupied at least once)","1957","Fan Court","1,294","0.46","2","1.0","Public Water","Sewer - Public","Cash","Estate"
"1","2516692","803-700-2691","CLOSD","6690 4th AVE","23231","Henrico","Single Family Residence","09/11/2025","$150,000","$140,000","29","Resale (occupied at least once)","1937","Capitol View","1,608","0.97","3","2.0","Well","Septic - Conventional","Cash","Individuals"
"1","2515977","8765-73-2256","CLOSD","8265 Elizabeth Ann DR","23111","Hanover","Single Family Residence","09/11/2025","$505,000","$495,000","58","Resale (occupied at least once)","2004","Christian Ridge","2,219","1.14","4","2.1","Well","Septic - Conventional","Conventional","Individuals"
"1","2509123","735-755-5865","CLOSD","12262 Church RD","23233","Henrico","Single Family Residence","09/11/2025","$479,950","$455,000","106","Resale (occupied at least once)","1995","Winngate","2,016","0.24","4","2.1","Public Water","Sewer - Public","Conventional","Individuals"
"1","2500211","751-687-466-200-000","CLOSD","4149 Ambergrove AVE","23236","Chesterfield","Townhouse","09/11/2025","$544,580","$568,352","0","New (never occupied)","2025","Amberleigh","1,883","0.10","3","2.0","Public Water","Sewer - Public","Conventional","Corporate"
"1","2522677","736-69-56-47-600-000","CLOSD","12307 Logan Trace RD","23114","Chesterfield","Single Family Residence","09/12/2025","$300,000","$285,000","6","Resale (occupied at least once)","1986","Logan Trace","1,876","0.24","4","2.1","Public Water","Sewer - Public","Cash","Individuals"
"1","2416246","8743-06-7720","CLOSD","4656 McGhee House RD","23111","Hanover","Single Family Residence","09/12/2025","$714,990","$704,990","718","New (never occupied)","2024","McGhees Outlook","3,047","1.22","5","3.1","Well","Septic - Conventional","Conventional","Corporate"
"1","2514573","44-42C","CLOSD","14401 Doctors Creek Rd","23089","New Kent","Single Family Residence","09/12/2025","$672,400","$655,000","81","Resale (occupied at least once)","1983","None","","8.70","5","3.0","Well","Septic - Conventional","Conventional","Individuals"
"1","2516634","62-4-E-4-0","CLOSD","108 Holly DR","23103","Goochland","Single Family Residence","09/12/2025","$600,000","$600,000","53","Resale (occupied at least once)","1970","Manakin Farms","2,212","0.47","4","2.1","Public Water","Sewer - Public","Conventional","Individuals, Other"
"1","2521360","837-717-8168","CLOSD","120 Drybridge CT","23150","Henrico","Single Family Residence","09/12/2025","$579,000","$589,000","18","New (never occupied)","2024","Acreage","3,088","2.52","4","2.2","Well","Septic - Conventional","FHA New","Corporate"
"1","2513734","842-687-7290","CLOSD","5209 Cynthia CT","23231","Henrico","Single Family Residence","09/12/2025","$399,900","$405,000","57","Resale (occupied at least once)","2009","Mansfield Woods","2,185","1.23","4","2.1","Well","Septic - Engineered","FHA New","Individuals"
"1","2513073","767677921800000","CLOSD","7007 Sanguine MEWS","23234","Chesterfield","Single Family Residence","09/12/2025","$521,990","$514,990","54","New (never occupied)","2025","Watermark","","","4","2.1","Public Water","Sewer - Public","VA New","Corporate"
"1","2519305","819-716-4115","CLOSD","4801 Annlyn DR","23150","Henrico","Single Family Residence","09/12/2025","$240,000","$255,000","4","Resale (occupied at least once)","1955","Sanburne Park","1,014","0.44","3","1.0","Public Water","Sewer - Public","FHA New","Individuals"
"1","2519880","820-64-44-58-300-000","CLOSD","14405 Santell DR","23836","Chesterfield","Single Family Residence","09/12/2025","$285,000","$295,000","6","Resale (occupied at least once)","1991","Point Of Rocks Estates","1,052","0.23","3","1.1","Public Water","Sewer - Public","Conventional","Corporate"
"1","2508394","119734","CLOSD","7844 Arbor Marsh TER","23124","New Kent","Single Family Residence","09/12/2025","$499,990","$480,000","24","New (never occupied)","2025","The Arbors At New Kent Winery","2,220","","4","2.1","Public Water","Community - Sewer/Septic","FHA New","Corporate"
"1","2515992","732-68-65-22-300-000","CLOSD","3216 Gannet LN","23112","Chesterfield","Townhouse","09/12/2025","$430,000","$430,000","49","Resale (occupied at least once)","2021","Townes at Swift Creek","2,066","0.08","3","2.1","Public Water","Sewer - Public","FHA New","Individuals"
"1","2517755","33B6 3 2 51","CLOSD","5858 Pilmour DR","23140","New Kent","Single Family Residence","09/12/2025","$385,000","$380,000","50","Resale (occupied at least once)","2016","Oakmont Villas","","0.13","3","2.0","Public Water","Sewer - Public","Conventional","Individuals"
"1","2514674","5-26-0-37-0","CLOSD","3047 Sand Wedge CT","23093","Goochland","Single Family Residence","09/12/2025","$525,000","$527,500","10","Resale (occupied at least once)","2003","The Estates At Royal Virginia","2,288","5.96","3","2.1","Well","Septic - Conventional","Conventional","Individuals"
"1","2512091","791-67-94-67-600-000","CLOSD","2565 Elliham AVE","23237","Chesterfield","Single Family Residence","09/12/2025","$254,900","$255,000","95","Resale (occupied at least once)","1937","Patterson Park","","0.60","4","1.0","Public Water","Sewer - Public","Conventional","Corporate"
"1","2522918","756-68-41-82-200-000","CLOSD","4802 Chatham Grove PL","23236","Chesterfield","Single Family Residence","09/12/2025","$390,000","$400,000","3","Resale (occupied at least once)","1984","Fernbrook","2,120","0.52","4","2.1","Public Water","Sewer - Public","Conventional","Individuals"
"1","2521558","7817-37-8003","CLOSD","20786 Beaver Dam RD","23015","Hanover","Single Family Residence","09/12/2025","$229,950","$235,000","5","Resale (occupied at least once)","1998","None","1,104","3.01","4","2.0","Well","Septic - Conventional","FHA New","Individuals"
"1","2521061","S000-0549-014","CLOSD","2209 Gordon AVE","23224","Richmond City","Single Family Residence","09/12/2025","$237,000","$237,000","13","Resale (occupied at least once)","2005","Mason Park","980","0.11","2","1.0","Public Water","Sewer - Public","Conventional","Individuals"
"1","2517611","765-69-11-95-400-000","CLOSD","3601 Egan RD","23832","Chesterfield","Single Family Residence","09/12/2025","$290,000","$295,000","27","Resale (occupied at least once)","1981","Belmont Hills West","1,484","0.29","3","2.0","Public Water","Sewer - Public","Conventional","Individuals"
"1","2515444","765-64-45-92-800-000","CLOSD","12055 Hadden Hall DR","23838","Chesterfield","Single Family Residence","09/12/2025","$585,000","$580,000","40","Resale (occupied at least once)","2002","The Highlands","4,092","1.18","4","3.1","Public Water","Septic - Conventional","Conventional","Individuals"
"1","2519021","788-755-8926","CLOSD","8209 Tarkington DR","23227","Henrico","Single Family Residence","09/12/2025","$400,000","$394,000","29","Resale (occupied at least once)","1956","Wildwood","1,451","0.34","3","1.1","Public Water","Sewer - Public","Conventional","Individuals"
"1","2519027","805-703-3544","CLOSD","1556 Southbury AVE","23231","Henrico","Single Family Residence","09/12/2025","$399,900","$383,350","21","Resale (occupied at least once)","2004","Foxboro Downs","2,280","0.25","4","2.1","Public Water","Sewer - Public","FHA New","Individuals"
"1","2522146","744-751-8826","CLOSD","2105 Rocky Point PKY","23238","Henrico","Townhouse","09/12/2025","$304,950","$332,598","6","Resale (occupied at least once)","1981","Stony Run","1,453","0.13","3","2.0","Public Water","Sewer - Public","Conventional","Individuals"
"1","2517432","716679057800000","CLOSD","5572 Riggs DR","23120","Chesterfield","Single Family Residence","09/12/2025","$633,265","$648,093","0","New (never occupied)","2025","Woolridge Landing","2,256","","3","3.0","Public Water","Sewer - Public","Conventional","Corporate"
"1","2518991","794-65-91-20-900-000","CLOSD","3223 Wood Dale RD","23831","Chesterfield","Single Family Residence","09/12/2025","$475,000","$469,000","24","Resale (occupied at least once)","1970","Trueheart Heights","4,023","1.68","4","2.1","Public Water","Septic - Conventional","Conventional","Individuals"
"1","2522241","8717-78-2382","CLOSD","7133 Swindale CT","23116","Hanover","Single Family Residence","09/12/2025","$674,900","$645,000","5","Resale (occupied at least once)","1985","Greenway","2,939","2.03","5","3.1","Well","Septic - Conventional","Cash","Corporate"
"1","2522410","789658796000000","CLOSD","3918 Wood  Dale RD","23831","Chesterfield","Single Family Residence","09/12/2025","$280,000","$280,000","4","Resale (occupied at least once)","1953","Wood Dale","","0.39","3","1.0","Public Water","Septic - Conventional","FHA New","Individuals"
"1","2520971","776-67-64-71-700-000","CLOSD","7448 Orchardhill","23234","Chesterfield","Single Family Residence","09/12/2025","$310,000","$316,000","7","Resale (occupied at least once)","1977","Orchardhill","","","4","2.0","Public Water","Sewer - Public","Conventional","Individuals"
"1","2521003","C008-1099-006","CLOSD","3519 Murchies Hill RD","23234","Richmond City","Single Family Residence","09/12/2025","$399,500","$399,500","21","Resale (occupied at least once)","1960","Chesterfield Hills","3,024","0.57","4","3.0","Public Water","Sewer - Public","Conventional","Corporate"
"1","2518553","790-744-1654","CLOSD","501 Azalea AVE","23227","Henrico","Single Family Residence","09/12/2025","$347,000","$339,000","40","Resale (occupied at least once)","1951","Stukeley Hall Farms","1,333","0.49","3","2.0","Public Water","Sewer - Public","Conventional","Individuals"
"1","2524150","755-70-24-05-600-000","CLOSD","630 Greencastle RD","23236","Chesterfield","Single Family Residence","09/12/2025","$198,500","$226,000","4","Resale (occupied at least once)","1979","Scottingham","1,544","0.58","3","2.0","Public Water","Sewer - Public","Cash","Individuals"
"1","2524116","C005-0934-072","CLOSD","300 Byswick LN","23225","Richmond City","Single Family Residence","09/12/2025","$254,000","$254,000","0","Resale (occupied at least once)","1955","Forest View Heights","1,507","0.35","3","2.0","Public Water","Sewer - Public","Cash","Individuals"
"1","2523625","W000-1407-058","CLOSD","3144 Ellwood AVE","23221","Richmond City","Single Family Residence","09/12/2025","$410,000","$410,000","0","Resale (occupied at least once)","1917","None","2,205","0.15","4","3.0","Public Water","Sewer - Public","Cash","Corporate"
"1","2522420","732-72-78-00-200-000","CLOSD","4406 Hanwell CT","23113","Chesterfield","Single Family Residence","09/12/2025","$1,200,000","$1,200,000","9","Resale (occupied at least once)","2007","Tarrington","4,917","0.51","6","4.1","Public Water","Sewer - Public","Conventional","Individuals"
"1","2522339","8   7     7","CLOSD","9269 Pine Hollow RD","23141","New Kent","Single Family Residence","09/12/2025","$340,000","$340,000","5","Resale (occupied at least once)","2008","None","3,194","1.00","3","2.0","Well","Septic - Engineered","Cash","Individuals"
"1","2522296","W000-0664-044","CLOSD","1600 Grove AVE Unit#U2","23220","Richmond City","Condominium","09/12/2025","$274,950","$275,000","1","Resale (occupied at least once)","1917","Edison Condo","700","0.02","2","1.0","Public Water","Sewer - Public","Conventional","Individuals"
"1","2522227","752-739-6310","CLOSD","521 Willowtree DR","23229","Henrico","Single Family Residence","09/12/2025","$425,000","$458,000","4","Resale (occupied at least once)","1959","Forest Ridge","1,446","0.28","3","2.0","Public Water","Sewer - Public","Conventional","Corporate"
"1","2522205","727-69-05-59-400-000","CLOSD","2309 Arrowood RD","23112","Chesterfield","Single Family Residence","09/12/2025","$272,000","$275,000","5","Resale (occupied at least once)","1984","Arrowood","1,458","0.15","3","2.1","Public Water","Sewer - Public","Cash","Individuals"
"1","2522134","780-772-7761","CLOSD","10811 Porter Park LN","23059","Henrico","Townhouse","09/12/2025","$518,000","$518,000","7","Resale (occupied at least once)","2019","River Mill","2,460","0.13","3","2.1","Public Water","Sewer - Public","Cash","Individuals"
"1","2522028","743-760-0331","CLOSD","2224 Liesfeld PKY","23060","Henrico","Townhouse","09/12/2025","$527,000","$528,000","5","Resale (occupied at least once)","2014","West Broad Village","3,454","0.03","3","3.1","Public Water","Sewer - Public","VA New","Individuals"
"1","2521774","790-68-30-71-700-000","CLOSD","6610 St George ST","23237","Chesterfield","Single Family Residence","09/12/2025","$349,000","$320,000","20","Resale (occupied at least once)","1920","Bensley","1,090","2.32","3","1.0","Public Water","Septic - Conventional","Cash","Estate"
"1","2521749","791-63-83-66-000-000","CLOSD","15090 Horseshoe Bend DR","23831","Chesterfield","Single Family Residence","09/12/2025","$359,000","$359,000","2","Resale (occupied at least once)","2019","Greenbriar","1,332","0.43","3","2.0","Public Water","Septic - Conventional","Conventional","Individuals"
"1","2521427","792-758-9223","CLOSD","8391 Cardova CIR","23227","Henrico","Single Family Residence","09/12/2025","$350,000","$292,000","28","Resale (occupied at least once)","1974","Chamberlayne Farms","2,652","0.56","4","2.1","Public Water","Sewer - Public","Cash","Individuals"
"1","2521308","756-744-2287","CLOSD","1514 Bexhill RD","23229","Henrico","Single Family Residence","09/12/2025","$300,000","$312,000","2","Resale (occupied at least once)","1956","Westbury Estates","1,392","0.27","3","1.1","Public Water","Sewer - Public","Cash","Individuals"
"1","2521184","796-64-35-01-200-000","CLOSD","2907 Mistwood Forest DR","23831","Chesterfield","Single Family Residence","09/12/2025","$345,000","$360,000","4","Resale (occupied at least once)","1986","Mistwood Forest","1,866","0.62","3","2.1","Public Water","Sewer - Public","Conventional","Individuals"
"1","2520913","761-760-5909","CLOSD","4305 Gladewater RD","23294","Henrico","Single Family Residence","09/12/2025","$299,950","$300,000","14","Resale (occupied at least once)","1982","Walton Farms","1,084","0.25","3","1.0","Public Water","Sewer - Public","Conventional","Individuals"
"1","2520698","TBD","CLOSD","8537 Wilson Creek LN","23060","Henrico","Single Family Residence","09/12/2025","$429,664","$429,664","22","New (never occupied)","2025","Retreat at One","1,554","","3","2.0","Public Water","Sewer - Public","VA New","Corporate"
"1","2520528","785-64-67-61-900-000","CLOSD","5124 Nairn LN","23831","Chesterfield","Single Family Residence","09/12/2025","$499,999","$500,000","19","Resale (occupied at least once)","1999","Stoney Glen West","2,678","0.53","4","2.1","Public Water","Sewer - Public","FHA New","Individuals"
"1","2520454","E000-0910-033","CLOSD","1906 Wood ST","23223","Richmond City","Single Family Residence","09/12/2025","$225,000","$225,000","0","New (never occupied)","2025","None","","0.12","3","2.1","Public Water","Sewer - Public","Conventional","Corporate"
"1","2520045","776-67-32-59-900-000","CLOSD","8101 Darebin PL","23237","Chesterfield","Single Family Residence","09/12/2025","$515,000","$515,000","12","Resale (occupied at least once)","2019","Windermere","2,546","0.81","4","2.1","Public Water","Sewer - Public","Conventional","Individuals"
"1","2519974","C003-0169-011","CLOSD","2814 Kenbury RD","23225","Richmond City","Single Family Residence","09/12/2025","$349,900","$375,000","2","Resale (occupied at least once)","1986","Stratford Hills","1,608","0.63","2","2.0","Public Water","Sewer - Public","Conventional","Corporate"
"1","2519819","827-720-2227","CLOSD","402 Fairbury RD","23075","Henrico","Townhouse","09/12/2025","$180,000","$180,000","2","Resale (occupied at least once)","1973","Fairlawn","1,032","0.03","3","1.1","Public Water","Sewer - Public","Cash","Individuals"
"1","2519473","781-756-5960.092","CLOSD","1508 Presidential DR","23228","Henrico","Condominium","09/12/2025","$199,000","$175,000","29","Resale (occupied at least once)","1976","Stonewall Manor Condominiums","979","","2","1.0","Public Water","Sewer - Public","Cash","Individuals"
"1","2519104","810-722-8384","CLOSD","4720 Colwyck DR","23223","Henrico","Single Family Residence","09/12/2025","$209,950","$190,000","16","Resale (occupied at least once)","1961","Hechler Village","1,145","0.45","3","1.1","Public Water","Sewer - Public","Private","Individuals"
"1","2518177","782-761-9618","CLOSD","1400 Virginia AVE","23060","Henrico","Single Family Residence","09/12/2025","$334,950","$310,978","25","Resale (occupied at least once)","1978","Biltmore","1,485","0.35","3","2.0","Public Water","Sewer - Public","Conventional","Individuals"
"1","2517955","C008-0454-048","CLOSD","2211 Clearfield ST","23224","Richmond City","Single Family Residence","09/12/2025","$185,000","$195,000","5","Resale (occupied at least once)","1955","Woodberry","1,096","0.26","2","1.0","Public Water","Sewer - Public","Cash","Estate"
"1","2517861","749-70-31-15-400-000","CLOSD","10000 Silverleaf TER","23236","Chesterfield","Single Family Residence","09/12/2025","$319,900","$315,000","21","Resale (occupied at least once)","1978","Reams Run","1,409","0.94","3","2.0","Public Water","Sewer - Public","FHA New","Individuals"
"1","2517700","788-766-2031.122","CLOSD","9410 Links LN Unit#B","23059","Henrico","Condominium","09/12/2025","$259,950","$250,000","33","Resale (occupied at least once)","1998","Links Condominiums","1,150","15.20","2","2.0","Public Water","Sewer - Public","Conventional","Individuals"
"1","2517329","745-769-6289","CLOSD","11420 Willows Green WAY","23059","Henrico","Single Family Residence","09/12/2025","$779,900","$750,000","61","Resale (occupied at least once)","2005","Willows Bend","3,824","0.16","5","3.1","Public Water","Sewer - Public","Conventional","Individuals"
"1","2517129","C007-0553-027","CLOSD","6411 Daytona DR","23225","Richmond City","Single Family Residence","09/12/2025","$319,900","$310,000","41","Resale (occupied at least once)","2016","None","1,160","1.57","3","2.0","Public Water","Sewer - Public","FHA New","Individuals"
"1","2516621","749-69-20-96-000-000","CLOSD","10151 W Providence RD","23236","Chesterfield","Single Family Residence","09/12/2025","$515,000","$510,000","51","Resale (occupied at least once)","2003","None","2,636","2.97","4","3.0","Public Water","Sewer - Public","Conventional","Individuals"
"1","2516414","785-758-7740","CLOSD","8529 Wilson Creek LN","23060","Henrico","Single Family Residence","09/12/2025","$454,564","$449,564","7","New (never occupied)","2025","Retreat at One","1,554","","3","2.0","Public Water","Sewer - Public","Conventional","Corporate"
"1","2516367","777-67-38-48-800-000","CLOSD","5101 Goldburn DR","23237","Chesterfield","Single Family Residence","09/12/2025","$452,500","$446,500","43","Resale (occupied at least once)","2018","Windermere","2,759","2.32","5","3.1","Public Water","Sewer - Public","Conventional","Individuals"
"1","2513896","753-748-1050","CLOSD","1724 Villageway DR","23229","Henrico","Single Family Residence","09/12/2025","$414,000","$414,000","62","Resale (occupied at least once)","1992","Pinecreek Village","1,622","0.33","3","2.1","Public Water","Sewer - Public","Conventional","Individuals"
"1","2513737","015-8-1","CLOSD","4381 Three Bridge RD","23139","Powhatan","Single Family Residence","09/12/2025","$349,950","$340,000","56","Resale (occupied at least once)","1991","Pine Wood Estates","1,640","2.09","3","2.1","Well","Septic - Conventional","Cash","Corporate, Individuals"
"1","2513570","788-753-4887","CLOSD","509 Danray DR","23227","Henrico","Single Family Residence","09/12/2025","$489,000","$480,000","41","Resale (occupied at least once)","2023","Chamberlayne Farms","2,519","0.54","3","2.1","Public Water","Sewer - Public","Conventional","Individuals"
"1","2513223","7796-79-3869","CLOSD","9975 Honeybee DR","23116","Hanover","Single Family Residence","09/12/2025","$745,000","$730,000","77","Resale (occupied at least once)","2024","Honey Meadows","","0.21","5","4.0","Public Water","Sewer - Public","Conventional","Individuals"
"1","2510012","W000-0528-038","CLOSD","1400 Grove AVE Unit#U7","23220","Richmond City","Condominium","09/12/2025","$497,500","$475,000","119","Resale (occupied at least once)","1881","None","2,006","0.04","2","2.0","Public Water","Sewer - Public","Conventional","Individuals"
"1","2431828","740-765-9181","CLOSD","620 Haven Mews CIR","23059","Henrico","Townhouse","09/12/2025","$540,000","$530,000","195","Resale (occupied at least once)","2016","Townes At Pouncey Place Section 1","2,122","0.08","4","3.0","Public Water","Sewer - Public","FHA New","Individuals"
"1","2418091","715-68-98-09-300-000","CLOSD","15206 Heaton DR","23112","Chesterfield","Single Family Residence","09/12/2025","$875,158","$920,595","0","New (never occupied)","2004","Rountrey","3,350","","5","5.1","Public Water","Sewer - Public","Conventional","Corporate"
"1","BRTVARC2000708","C007-0174-094","CLOSD","5740 Swanson Road","23225","Richmond City","Single Family Residence","09/12/2025","$339,900","$345,000","10","Resale (occupied at least once)","2007","SWANSON WOODS","1,816","0.48","4","3.0","Public Water","Public Sewer On Site","",""
"1","2523596","W-000-0935-013","CLOSD","2105 Maplewood AVE","23220","Richmond City","Single Family Residence","09/15/2025","$650,000","$665,000","3","Resale (occupied at least once)","1921","None","","","3","3.1","Public Water","Sewer - Public","Conventional","Individuals"
"1","2504869","697674582300000","CLOSD","6612 Holly Crest LN","23120","Chesterfield","Single Family Residence","09/15/2025","$859,990","$915,000","158","New (never occupied)","2025","Magnolia Green","5,980","","5","4.0","Public Water","Sewer - Public","VA New","Corporate"
"1","2514231","712-67-70-06-500-000","CLOSD","6025 Trail Ride DR","23120","Chesterfield","Single Family Residence","09/15/2025","$599,999","$600,000","85","Resale (occupied at least once)","2014","Foxcreek","4,525","0.20","4","3.1","Public Water","Sewer - Public","Conventional","Individuals"
"1","2519423","721-68-99-91-600-000","CLOSD","2324 Millcrest TER","23112","Chesterfield","Single Family Residence","09/15/2025","$599,000","$560,000","27","Resale (occupied at least once)","2006","Brandermill","3,494","0.28","6","4.0","Public Water","Sewer - Public","Conventional","Corporate"
"1","2518262","771-67-51-36-200-000","CLOSD","6431 Faulkner DR","23234","Chesterfield","Single Family Residence","09/15/2025","$449,900","$455,000","15","Resale (occupied at least once)","2021","Watermark","2,203","0.23","3","2.1","Public Water","Sewer - Public","FHA New","Individuals"
"1","2400545","8705-66-2972","CLOSD","8578 Leanne LN","23116","Hanover","Single Family Residence","09/15/2025","$778,900","$760,000","533","New (never occupied)","2024","Shady Grove Park","2,706","0.61","4","3.1","Public Water","Septic - Conventional","Conventional","Corporate"
"1","2522145","770-64-56-73-800-000","CLOSD","7324 Rosemead LN","23838","Chesterfield","Single Family Residence","09/15/2025","$739,000","$715,000","17","Resale (occupied at least once)","2006","The Highlands","4,862","1.57","5","4.1","Public Water","Septic - Engineered","VA New","Individuals"
"1","2521076","S000-2917-022","CLOSD","4009 Crutchfield ST","23225","Richmond City","Single Family Residence","09/15/2025","$434,500","$421,684","28","Resale (occupied at least once)","1939","Forest Hill Park Annex","2,485","0.38","3","2.0","Public Water","Sewer - Public","Conventional","Individuals"
"1","2519618","850-688-2899","CLOSD","7900 Glendale Estates DR","23231","Henrico","Single Family Residence","09/15/2025","$439,500","$425,500","33","Resale (occupied at least once)","2006","Glendale Estates","2,821","1.00","4","2.1","Well","Septic - Engineered","VA New","Corporate"
"1","2522642","750699039500000","CLOSD","9605 Kennesaw RD","23236","Chesterfield","Single Family Residence","09/15/2025","$255,000","$300,000","8","Resale (occupied at least once)","1975","Kingswood","","0.40","3","2.1","Public Water","Sewer - Public","VA New","Individuals"
"1","2521602","741-68-71-48-500-000","CLOSD","3218 Rimswell CT","23112","Chesterfield","Single Family Residence","09/15/2025","$400,000","$400,000","4","Resale (occupied at least once)","2008","Walnut Grove","1,932","0.27","4","2.1","Public Water","Sewer - Public","Conventional","Individuals"
"1","2520509","E000-0712-039","CLOSD","1415 N 25th ST","23223","Richmond City","Single Family Residence","09/15/2025","$390,000","$390,000","31","Resale (occupied at least once)","1900","None","2,016","0.10","4","3.1","Public Water","Sewer - Public","Conventional","Individuals"
"1","2519768","755-69-32-48-000-000","CLOSD","2440 Camelback RD","23236","Chesterfield","Single Family Residence","09/15/2025","$524,950","$523,000","17","Resale (occupied at least once)","1977","Bexley","2,703","0.75","4","2.1","Public Water","Sewer - Public","VA New","Individuals"
"1","2516253","768-64-97-23-100-000","CLOSD","8214 Macandrew CT","23838","Chesterfield","Single Family Residence","09/15/2025","$700,000","$695,000","38","Resale (occupied at least once)","2005","The Highlands","4,200","1.56","5","3.1","Public Water","Septic - Conventional","FHA New","Individuals"
"1","2508673","775-767-5535","CLOSD","10724 Forget Me Not WAY","23060","Henrico","Single Family Residence","09/15/2025","$711,630","$741,506","0","New (never occupied)","2025","Greenhouse","","0.17","5","3.1","Public Water","Sewer - Public","Conventional","Corporate"
"1","2502836","716661419800000","CLOSD","8800 Pima TER","23832","Chesterfield","Single Family Residence","09/15/2025","$538,120","$571,762","325","New (never occupied)","2025","Harpers Mill","2,212","0.28","3","2.1","Public Water","Sewer - Public","Other","Corporate"
"1","2517082","810-731-0549","CLOSD","1624 Harvest Grove LN","23223","Henrico","Single Family Residence","09/15/2025","$305,000","$309,000","67","Resale (occupied at least once)","2002","Harvest Crest","1,772","0.22","3","2.1","Public Water","Community - Sewer/Septic, Sewer - Public","Conventional","Individuals"
"1","2521704","039-107A","CLOSD","3307 Anderson HWY","23139","Powhatan","Single Family Residence","09/15/2025","$259,000","$254,000","5","Resale (occupied at least once)","1946","None","1,224","1.06","2","1.0","Well","Septic - Conventional","Conventional","Individuals"
"1","2521142","822-64-76-96-800-000","CLOSD","14006 Hackberry RD","23836","Chesterfield","Single Family Residence","09/15/2025","$348,000","$339,000","18","Resale (occupied at least once)","2012","River Walk At Rivermont Crossing","1,369","0.33","3","2.0","Public Water","None","Conventional","Individuals"
"1","2520320","7870-70-6929","CLOSD","300 Virginia ST","23005","Hanover","Single Family Residence","09/15/2025","$699,000","$660,000","34","Resale (occupied at least once)","1900","None","2,912","0.35","5","4.2","Public Water","Sewer - Public","Conventional","Individuals"
"1","2522535","30   6     8A","CLOSD","6360 Pocahontas Station RD","23141","New Kent","Single Family Residence","09/15/2025","$574,990","$585,000","4","Resale (occupied at least once)","2014","Pocahontas Station","5,698","3.00","3","2.1","Well","Septic - Conventional","Conventional","Individuals"
"1","2519322","N0000706005","CLOSD","2720 Woodrow AVE","23222","Richmond City","Single Family Residence","09/15/2025","$325,000","$320,000","35","Resale (occupied at least once)","1932","None","","0.11","4","2.1","Public Water","Sewer - Public","Conventional","Individuals"
"1","2513520","030B1-1-9","CLOSD","2017 Valley Springs CT","23139","Powhatan","Single Family Residence","09/15/2025","$670,000","$665,456","51","Resale (occupied at least once)","2005","Valley Springs","3,068","2.00","4","2.1","Well","Septic - Conventional","Conventional","Individuals"
"1","2520611","777-745-8534","CLOSD","2803 Ginter ST","23228","Henrico","Single Family Residence","09/15/2025","$330,000","$325,000","18","Resale (occupied at least once)","1953","Bryan Park Terrace","1,050","0.19","3","1.0","Public Water","Sewer - Public","Conventional","Individuals"
"1","2516520","C005-0482-034","CLOSD","5426 Westwick DR","23225","Richmond City","Single Family Residence","09/15/2025","$412,385","$406,000","40","Resale (occupied at least once)","1946","Raleigh Court","1,720","0.23","3","2.1","Public Water","Sewer - Public","Conventional","Partnership"
"1","2518981","782-61-19-41-200-000","CLOSD","5754 Fox Maple TER","23803","Chesterfield","Single Family Residence","09/15/2025","$325,000","$315,000","17","Resale (occupied at least once)","2004","Mccormick Woods","1,044","0.22","3","2.0","Public Water","Sewer - Public","VA New","Individuals"
"1","2511170","740-754-0024","CLOSD","10925 Parkshire LN","23233","Henrico","Townhouse","09/15/2025","$470,000","$460,000","88","Resale (occupied at least once)","2015","Shire Place","2,607","0.04","3","3.1","Public Water","Sewer - Public","Conventional","Individuals"
"1","2519359","792-64-28-74-500-000","CLOSD","14210 Cherry ST","23831","Chesterfield","Single Family Residence","09/15/2025","$329,000","$325,000","39","Resale (occupied at least once)","1973","Locust Grove","1,425","0.39","3","2.0","Public Water","Community - Sewer/Septic","Conventional","Individuals"
"1","2524535","741-70-29-49-100-000","CLOSD","201 Hixson DR","23236","Chesterfield","Single Family Residence","09/15/2025","$500,000","$500,000","0","Resale (occupied at least once)","1988","Stonehenge","2,391","0.37","4","2.1","Public Water","Sewer - Public","Cash","Individuals"
"1","2523263","729-755-8305","CLOSD","2630 Caitlin CT","23233","Henrico","Townhouse","09/15/2025","$360,000","$350,000","5","Resale (occupied at least once)","1989","Winchester Green","1,800","0.06","3","2.1","Public Water","Sewer - Public","Cash","Individuals"
"1","2522970","771-749-3689","CLOSD","4123 Bremner BLVD","23228","Henrico","Single Family Residence","09/15/2025","$245,900","$235,000","16","Resale (occupied at least once)","1948","None","1,464","0.22","3","2.0","Public Water","Sewer - Public","Cash","Corporate"
"1","2522925","735-759-2273","CLOSD","13005 Chimney Stone CT","23233","Henrico","Single Family Residence","09/15/2025","$475,000","$477,375","7","Resale (occupied at least once)","1992","Danewood At Wellesley","1,603","0.16","3","2.0","Public Water","Sewer - Public","Conventional","Individuals"
"1","2522060","748-70-29-07-200-000","CLOSD","119 Wenatchee RD","23236","Chesterfield","Single Family Residence","09/15/2025","$320,000","$328,000","5","Resale (occupied at least once)","1977","Reams Run","1,476","0.33","3","2.1","Public Water","Sewer - Public","Conventional","Individuals"
"1","2521928","S000-0348-013","CLOSD","2005 Boston AVE","23224","Richmond City","Single Family Residence","09/15/2025","$210,000","$215,000","4","Resale (occupied at least once)","1928","Richmond & Manchester Land Crp","1,253","0.10","2","1.0","Public Water","Sewer - Public","FHA New","Individuals"
"1","2520774","58-50-10-29-0","CLOSD","366 Swinburne RD","23103","Goochland","Single Family Residence","09/15/2025","$875,000","$875,000","12","Resale (occupied at least once)","2021","Kinloch","","0.15","4","2.1","Public Water","Sewer - Public","Conventional","Individuals"
"1","2520747","S006-0266-003","CLOSD","5114 Devonshire RD","23225","Richmond City","Single Family Residence","09/15/2025","$453,000","$465,000","5","Resale (occupied at least once)","1949","Westover Hills","1,260","0.15","3","2.0","Public Water","Sewer - Public","Conventional","Estate"
"1","2520635","717-69-79-51-200-000","CLOSD","1840 Old Hundred RD","23114","Chesterfield","Single Family Residence","09/15/2025","$369,000","$365,000","23","Resale (occupied at least once)","1974","None","1,400","0.97","3","2.0","Well","Septic - Conventional","Conventional","Individuals"
"1","2520583","8715-42-4105","CLOSD","8108 Bell Creek RD","23111","Hanover","Single Family Residence","09/15/2025","$289,500","$290,000","5","Resale (occupied at least once)","1984","None","1,196","0.41","3","2.0","Public Water","Sewer - Public","FHA New","Individuals"
"1","2520564","W000-1599-034","CLOSD","3416 Floyd AVE","23221","Richmond City","Single Family Residence","09/15/2025","$675,000","$675,000","18","Resale (occupied at least once)","1924","None","1,959","0.06","3","1.2","Public Water","Sewer - Public","Cash","Individuals"
"1","2520415","759-741-8668","CLOSD","1104 Hill CIR","23229","Henrico","Single Family Residence","09/15/2025","$484,950","$475,000","23","Resale (occupied at least once)","1942","North Rollingwood","1,694","0.25","3","2.1","Public Water","Sewer - Public","Conventional","Individuals"
"1","2520382","740-758-3451","CLOSD","2879 Oak Point LN","23233","Henrico","Single Family Residence","09/15/2025","$1,500,000","$1,500,000","7","Resale (occupied at least once)","2003","Barrington West","5,998","1.09","6","5.2","Public Water","Sewer - Public","Conventional","Individuals"
"1","2519988","7797-97-8487","CLOSD","10366 Tarleton DR","23116","Hanover","Single Family Residence","09/15/2025","$465,000","$465,000","7","Resale (occupied at least once)","1996","Ash Creek","1,878","0.44","4","2.1","Public Water","Sewer - Public","Conventional","Individuals"
"1","2519923","766-70-01-73-600-000","CLOSD","1649 Milo RD","23225","Chesterfield","Single Family Residence","09/15/2025","$270,000","$278,000","3","Resale (occupied at least once)","1954","Elkhardt Park","888","0.37","2","1.0","Public Water","Sewer - Public","Conventional","Individuals"
"1","2519701","712-66-25-00-700-000","CLOSD","9255 Saxsawn LN","23832","Chesterfield","Single Family Residence","09/15/2025","$859,500","$835,000","46","Resale (occupied at least once)","2023","Harpers Mill","5,010","0.34","5","4.1","Public Water","Sewer - Public","Cash","Individuals"
"1","2519456","774-67-82-87-900-000","CLOSD","5812 Addison Gate DR","23234","Chesterfield","Townhouse","09/15/2025","$360,000","$358,000","5","Resale (occupied at least once)","2022","Austin Woods","2,638","0.09","3","2.1","Public Water","Sewer - Public","Assumption","Individuals"
"1","2519136","42-28-0-25-0","CLOSD","924 Newsome CT","23063","Goochland","Single Family Residence","09/15/2025","$550,000","$550,000","22","Resale (occupied at least once)","2003","Goochland","2,146","1.01","3","2.0","Public Water","Sewer - Public","Cash","Other"
"1","2518399","7797-54-3759","CLOSD","9231 Stephens Manor DR","23116","Hanover","Single Family Residence","09/15/2025","$599,000","$601,000","7","Resale (occupied at least once)","1994","Kings Charter","2,887","0.30","4","2.1","Public Water","Sewer - Public","Conventional","Individuals"
"1","2518144","806-737-8864","CLOSD","4213 Montclair RD","23223","Henrico","Single Family Residence","09/15/2025","$319,900","$319,900","38","Resale (occupied at least once)","1992","Maplewood Farms","1,552","0.24","4","2.0","Public Water","Sewer - Public","Conventional","Individuals"
"1","2517869","729-65-55-87-600-000","CLOSD","13625 Brandy Oaks RD","23832","Chesterfield","Single Family Residence","09/15/2025","$585,000","$585,000","33","Resale (occupied at least once)","2002","Brandy Oaks","3,534","1.03","4","2.1","Public Water","Septic - Engineered","Conventional","Individuals"
"1","2516645","761-761-1882","CLOSD","4605 Kingsrow CT","23060","Henrico","Single Family Residence","09/15/2025","$384,950","$380,000","64","Resale (occupied at least once)","1979","Dunncroft","1,512","0.27","3","2.0","Public Water","Sewer - Public","FHA New Assumption","Individuals"
"1","2516619","8755-89-5206","CLOSD","8467 Wendellshire WAY","23111","Hanover","Single Family Residence","09/15/2025","$835,000","$805,000","10","Resale (occupied at least once)","1997","Ingleside Farm","2,600","2.26","4","2.1","Well","Septic - Conventional","Cash","Individuals"
"1","2514978","791-64-11-91-800-000","CLOSD","14413 Botsford AVE","23831","Chesterfield","Single Family Residence","09/15/2025","$549,999","$549,999","70","Resale (occupied at least once)","2023","Wellspring","2,708","0.55","4","3.0","Public Water","Sewer - Public","VA New","Individuals"
"1","2513726","E000-0972-016","CLOSD","3418 E Clay ST","23223","Richmond City","Single Family Residence","09/15/2025","$584,950","$570,000","94","Resale (occupied at least once)","1916","Chimborazo","1,840","0.08","3","2.1","Public Water","Sewer - Public","Conventional","Individuals"
"1","2507917","810-714-4741","CLOSD","3200 Williamsburg RD","23231","Henrico","Single Family Residence","09/15/2025","$199,950","$187,000","143","Resale (occupied at least once)","1948","Eastover Gardens","688","0.39","2","1.0","Public Water","Sewer - Public","Conventional","Individuals"
"1","2507673","833-713-9716","CLOSD","216 Greenpark RD","23150","Henrico","Townhouse","09/15/2025","$291,565","$291,565","0","New (never occupied)","2025","Parkside Townes","1,318","","3","2.1","Public Water","Sewer - Public","Conventional","Corporate"
"1","2507180","785-757-9107","CLOSD","921 Scott TER","23227","Henrico","Townhouse","09/15/2025","$399,990","$399,990","139","New (never occupied)","2025","Glens at Scott Place","1,763","0.08","3","2.1","Public Water","Sewer - Public","Conventional","Corporate"
"1","2500989","721704490200000","CLOSD","1012 Arbor Heights TER","23114","Chesterfield","Single Family Residence","09/15/2025","$640,755","$640,755","0","New (never occupied)","2025","Charter Colony West","2,084","","3","3.0","Public Water","Sewer - Public","Cash","Corporate"
"1","BRTVAHN2001040","729-755-8305","CLOSD","2630 Caitlin","23233","Henrico","Townhouse","09/15/2025","$360,000","$350,000","6","Resale (occupied at least once)","1989","N/A","1,800","","0","0.0","Public Water","Public Sewer On Site","",""
"1","BRTVACF2001228","770645673800000","CLOSD","7324 Rosemead LN","23838","Chesterfield","Single Family Residence","09/15/2025","$739,000","$715,000","18","Resale (occupied at least once)","2006","NONE AVAILABLE","4,406","1.57","5","5.0","Public Water","Septic","",""
"1","BRTVAHN2000972","833-716-1161","CLOSD","225 Scotch Pine DR","23150","Henrico","Single Family Residence","09/15/2025","$320,000","$325,000","37","Resale (occupied at least once)","2004","PINE CREEK","1,692","0.31","4","3.0","Public Water","Public Sewer On Site","",""
"1","BRTVAHA2000854","7841-87-0090","CLOSD","14445 Kings Grant LN","23047","Hanover","Single Family Residence","09/15/2025","$1,100,000","$980,000","209","Resale (occupied at least once)","1988","NONE AVAILABLE","2,750","16.57","3","3.0","Well","Septic","",""
"1","2521035","8744-05-3479","CLOSD","7535 Madison Estates DR","23111","Hanover","Single Family Residence","09/16/2025","$699,995","$705,500","3","Resale (occupied at least once)","2012","Madison Estates","3,116","1.11","4","3.1","Well","Septic - Conventional","Conventional","Individuals"
"1","2423944","64-30-0-7-0","CLOSD","12413 Bluffton Ridge CT","23238","Goochland","Single Family Residence","09/16/2025","$1,900,000","$1,974,133","3","New (never occupied)","2024","Blufftons","3,650","0.68","4","4.1","Public Water","Sewer - Public","Cash","Corporate"
"1","2431973","764641874200000","CLOSD","12849 Killycrom DR","23838","Chesterfield","Single Family Residence","09/16/2025","$856,698","$894,813","0","New (never occupied)","2024","Lake Margaret","3,818","1.72","7","5.1","Public Water","Septic - Conventional","VA New","Corporate"
"1","2522521","834-712-5189","CLOSD","269 Greenpark RD","23150","Henrico","Townhouse","09/16/2025","$365,480","$365,480","9","New (never occupied)","2025","Parkside Townes","1,540","","3","3.1","Public Water","Sewer - Public","Conventional","Corporate"
"1","2522290","760-763-0317","CLOSD","4805 Candlelight PL","23060","Henrico","Single Family Residence","09/16/2025","$329,900","$329,900","4","Resale (occupied at least once)","1983","Dunncroft","1,414","0.25","3","1.1","Public Water","Sewer - Public","Other","Individuals"
"1","2518608","732-67-13-08-200-000","CLOSD","6903 Pointer Ridge RD","23112","Chesterfield","Single Family Residence","09/16/2025","$349,000","$339,000","29","Resale (occupied at least once)","1990","Spring Trace","1,540","0.60","3","2.0","Public Water","Sewer - Public","Conventional","Individuals"
"1","2522566","830-714-2088","CLOSD","12 Beulah RD","23150","Henrico","Single Family Residence","09/16/2025","$245,000","$248,500","4","Resale (occupied at least once)","1925","Crass Plan","1,202","0.28","3","2.0","Public Water","Sewer - Public","Conventional","Estate"
"1","2514119","51-1-0-45-0","CLOSD","1385 Rock Castle RD","23063","Goochland","Single Family Residence","09/16/2025","$619,990","$615,000","59","New (never occupied)","2025","None","","2.57","4","2.1","Well","Septic - Conventional","Conventional","Corporate"
"1","2517153","801-62-99-48-300-000","CLOSD","2305 Swift Bluff DR","23834","Chesterfield","Single Family Residence","09/16/2025","$154,000","$141,000","9","Resale (occupied at least once)","1985","Millside","924","0.18","2","2.0","Public Water","Sewer - Public","VHDA ","Individuals"
"1","2523645","E000-0574-030","CLOSD","513 N 29th ST","23223","Richmond City","Single Family Residence","09/16/2025","$565,000","$552,825","5","Resale (occupied at least once)","1910","None","2,032","0.10","3","2.1","Public Water","Sewer - Public","Conventional","Individuals"
"1","2521096","749-70-05-61-700-000","CLOSD","611 Whiffletree RD","23236","Chesterfield","Single Family Residence","09/16/2025","$375,000","$375,000","4","Resale (occupied at least once)","1974","The Meadows","","","4","2.1","Public Water","Sewer - Public","Conventional","Corporate"
"1","2517401","S000-1343-013","CLOSD","2909 Hull ST","23224","Richmond City","Single Family Residence","09/16/2025","$209,950","$214,550","46","Resale (occupied at least once)","1925","Burfoot Addition","863","0.07","2","1.0","Public Water","Sewer - Public","VA New","Corporate"
"1","2521185","7797-61-6154","CLOSD","9170 Tazewell Green DR","23116","Hanover","Single Family Residence","09/16/2025","$710,000","$710,000","8","Resale (occupied at least once)","2000","None","2,550","9.19","3","2.1","Well","Septic - Conventional","Cash","Estate"
"1","2520215","N000-0717-005","CLOSD","2604 4th AVE","23222","Richmond City","Single Family Residence","09/16/2025","$349,900","$349,900","29","Resale (occupied at least once)","1925","None","2,313","0.10","3","3.0","Public Water","Sewer - Public","Conventional","Corporate"
"1","2513619","801-727-5451","CLOSD","2206 Delrio DR","23223","Henrico","Single Family Residence","09/16/2025","$276,950","$270,000","54","Resale (occupied at least once)","1958","Central Gardens","912","0.23","3","1.0","Public Water","Sewer - Public","FHA New","Other, Partnership"
"1","2523057","733-72-48-67-900-000","CLOSD","3612 Edenfield RD","23113","Chesterfield","Single Family Residence","09/16/2025","$799,000","$785,000","14","Resale (occupied at least once)","2009","Tarrington","3,672","0.28","4","2.1","Public Water","Sewer - Public","Conventional","Individuals"
"1","2519326","W019-0306-016","CLOSD","19 W Locke LN Unit#1","23226","Richmond City","Condominium","09/16/2025","$385,500","$376,000","25","Resale (occupied at least once)","1930","Lock Lane Condominium","","","2","2.0","Public Water","Sewer - Public","Cash","Individuals"
"1","2521931","749-749-6313","CLOSD","9510 Chatterleigh DR","23238","Henrico","Single Family Residence","09/16/2025","$519,000","$512,000","4","Resale (occupied at least once)","1979","Candlewood","2,689","0.29","4","2.1","Public Water","Sewer - Public","Conventional","Individuals"
"1","2523106","770-66-30-19-400-000","CLOSD","7213 Shelton CT","23832","Chesterfield","Townhouse","09/16/2025","$274,250","$275,000","2","Resale (occupied at least once)","1991","Branchs Trace","1,402","0.05","3","2.1","Public Water","Sewer - Public","FHA New","Individuals"
"1","2522974","830-716-7234","CLOSD","328 Defense AVE","23150","Henrico","Single Family Residence","09/16/2025","$299,950","$299,950","5","Resale (occupied at least once)","2004","Woodlawn Terrace","1,056","0.27","3","2.0","Public Water","Sewer - Public","VA New","Individuals"
"1","2522836","767-761-8702","CLOSD","9742 Candace TER","23060","Henrico","Townhouse","09/16/2025","$274,950","$278,000","4","Resale (occupied at least once)","1986","Laurel Lakes Ths","1,280","0.04","3","1.1","Public Water","Sewer - Public","FHA New","Individuals"
"1","2522676","4-1-0-43-A1","CLOSD","4939 Shannon Hill RD","23084","Goochland","Single Family Residence","09/16/2025","$425,000","$430,000","3","Resale (occupied at least once)","2022","None","","3.29","3","2.0","Well","Septic - Conventional","VA New","Individuals"
"1","2522577","772-736-1090","CLOSD","1500 Cutshaw PL","23226","Henrico","Single Family Residence","09/16/2025","$525,000","$560,000","4","Resale (occupied at least once)","1954","North Willow Lawn","1,344","0.21","4","2.0","Public Water","Sewer - Public","Conventional","Individuals"
"1","2522510","1-1-0-12-0","CLOSD","5721 Broad Street RD","23084","Goochland","Single Family Residence","09/16/2025","$325,000","$325,000","13","Resale (occupied at least once)","1953","None","1,016","3.32","2","1.0","Well","Septic - Engineered","FHA New","Individuals"
"1","2522447","747-741-4331","CLOSD","9310 Westmoor DR","23229","Henrico","Single Family Residence","09/16/2025","$757,760","$775,000","7","Resale (occupied at least once)","1965","Westmoor","2,368","0.50","4","3.1","Public Water","Sewer - Public","Conventional","Individuals"
"1","2521716","790651628800000","CLOSD","4200 Poplar Village DR","23831","Chesterfield","Single Family Residence","09/16/2025","$339,950","$339,950","16","New (never occupied)","2024","Poplar Village","1,232","0.23","3","2.0","Public Water","Sewer - Public","Conventional","Corporate"
"1","2521702","805-712-2220","CLOSD","1902 Brandonview AVE","23231","Henrico","Single Family Residence","09/16/2025","$235,000","$210,000","25","Resale (occupied at least once)","1954","Overhill Park Addition","720","0.17","2","1.0","Public Water","Sewer - Public","Conventional","Corporate"
"1","2521428","C006-0494-001","CLOSD","830 Shelby DR","23224","Richmond City","Single Family Residence","09/16/2025","$374,900","$375,000","9","Resale (occupied at least once)","1954","Woodstock","2,258","0.46","3","2.1","Public Water","Sewer - Public","Conventional","Individuals"
"1","2519751","735-752-9311","CLOSD","2341 Horsley DR","23233","Henrico","Single Family Residence","09/16/2025","$449,950","$439,900","23","Resale (occupied at least once)","1992","Bennington Ridge East","1,661","0.23","4","2.0","Public Water","Sewer - Public","FHA New","Corporate, Individuals"
"1","2519714","762-774-5118.071","CLOSD","531 Siena LN","23059","Henrico","Townhouse","09/16/2025","$494,950","$495,000","5","Resale (occupied at least once)","2011","The Villas At Hunton Park","3,456","0.07","3","3.2","Public Water","Sewer - Public","Conventional","Individuals"
"1","2518457","8709-05-3681","CLOSD","8500 Mount Eagle RD","23005","Hanover","Single Family Residence","09/16/2025","$1,299,000","$1,200,000","28","Resale (occupied at least once)","1993","Mount Eagle","4,294","11.67","5","4.1","Well","Septic - Conventional","VA New","Individuals"
"1","2518164","756-733-2401","CLOSD","7 Ralston RD","23229","Henrico","Single Family Residence","09/16/2025","$1,125,000","$1,450,000","8","Resale (occupied at least once)","1958","River Road Hills","3,470","0.55","4","3.1","Public Water","Sewer - Public","Conventional","Individuals"
"1","2517491","42-40-0-9-0","CLOSD","3013 Swanns Inn CRES","23063","Goochland","Single Family Residence","09/16/2025","$699,900","$699,900","15","Resale (occupied at least once)","2022","Swann's Inn Estates","","0.53","4","3.1","Public Water","Sewer - Public","VA New","Individuals"
"1","2517256","8715-35-9028 AND 8715-45-0035","CLOSD","8253 Bell Creek RD","23111","Hanover","Single Family Residence","09/16/2025","$200,000","$200,000","41","Resale (occupied at least once)","1958","None","1,108","0.34","1","1.1","Well","Septic - Conventional","Cash","Individuals"
"1","2516789","8717-44-8304","CLOSD","7260 Placida CIR","23116","Hanover","Single Family Residence","09/16/2025","$480,000","$460,000","42","Resale (occupied at least once)","1971","Colonial Forest","1,997","0.92","3","2.1","Community Well","Septic - Conventional","Conventional","Individuals"
"1","2505996","824660302500000","CLOSD","1806 Galley PL","23836","Chesterfield","Single Family Residence","09/16/2025","$462,210","$462,210","688","New (never occupied)","2025","Twin Rivers","1,829","0.14","3","2.0","Public Water","Sewer - Public","Cash","Corporate"
"1","2504129","58-54-3-4-0","CLOSD","9457 Tessarae WAY","23238","Goochland","Townhouse","09/16/2025","$695,060","$695,060","0","New (never occupied)","2024","Mosaic at West Creek","2,253","","4","3.0","Public Water","Sewer - Public","Conventional","Corporate"
"1","2501094","721703917400000","CLOSD","1060 Arbor Heights TER","23114","Chesterfield","Single Family Residence","09/16/2025","$687,300","$687,345","0","New (never occupied)","2025","Charter Colony West","2,642","","3","3.1","Public Water","Sewer - Public","Cash","Corporate"
"1","2508912","7870-65-4409","CLOSD","260 Amburn LN","23005","Hanover","Townhouse","09/17/2025","$494,400","$494,400","49","New (never occupied)","2025","Amburn","2,545","","3","2.1","Public Water","Sewer - Public","Conventional","Corporate"
"1","2519439","792-65-41-12-400-000","CLOSD","12308 Petersburg ST","23831","Chesterfield","Single Family Residence","09/17/2025","$377,500","$383,000","22","Resale (occupied at least once)","1962","None","1,946","0.51","3","2.1","Public Water","Sewer - Public","FHA New","Individuals"
"1","2519971","837-691-6265","CLOSD","4741 Glenfinnian DR","23231","Henrico","Single Family Residence","09/17/2025","$399,900","$405,000","19","Resale (occupied at least once)","1989","Yahley Mill East","1,862","3.51","3","2.1","Public Water","Sewer - Public","FHA New","Individuals"
"1","2523306","736-71-09-40-800-000","CLOSD","1106 Duckbill CT","23113","Chesterfield","Single Family Residence","09/17/2025","$475,000","$468,000","5","Resale (occupied at least once)","1975","Olde Coach Village","2,548","0.42","5","3.1","Public Water","Sewer - Public","Conventional","Corporate"
"1","2522579","738-69-30-07-400-000","CLOSD","1901 Porters Mill LN","23114","Chesterfield","Single Family Residence","09/17/2025","$330,000","$333,500","5","Resale (occupied at least once)","1993","Smoketree South","1,440","0.23","3","2.1","Public Water","Sewer - Public","Conventional","Individuals"
"1","2521280","032A-1A-20","CLOSD","959 Manakin RD","23113","Powhatan","Single Family Residence","09/17/2025","$739,000","$714,000","18","Resale (occupied at least once)","1973","Huguenot Forest","4,710","2.52","3","3.2","Well","Septic - Conventional","Cash","Individuals"
"1","2519525","749-742-0377","CLOSD","9200 Waterloo CT","23229","Henrico","Single Family Residence","09/17/2025","$499,950","$485,000","10","Resale (occupied at least once)","1968","Westmoor","3,024","0.48","4","2.1","Public Water","Sewer - Public","Conventional","Individuals"
"1","2520049","827-64-59-47-700-000","CLOSD","2330 Hubert LN","23836","Chesterfield","Single Family Residence","09/17/2025","$419,999","$409,000","31","Resale (occupied at least once)","1954","Popular Hills","2,016","1.03","3","3.0","Well","Septic - Conventional","Conventional","Corporate"
"1","2522703","850-713-9584","CLOSD","308 Woodview DR","23150","Henrico","Single Family Residence","09/17/2025","$299,950","$315,000","4","Resale (occupied at least once)","1968","Bradley Acres","1,404","0.38","3","2.0","Public Water","Septic - Conventional","FHA New","Individuals"
"1","2519212","830-716-8605","CLOSD","604 Howard ST","23150","Henrico","Single Family Residence","09/17/2025","$299,000","$299,000","6","Resale (occupied at least once)","2008","Seven Pines Villa","1,415","0.18","3","2.1","Public Water","Sewer - Public","FHA New","Individuals"
"1","2515472","743-68-77-65-000-000","CLOSD","2931 Delfin RD","23112","Chesterfield","Single Family Residence","09/17/2025","$350,000","$350,000","30","Resale (occupied at least once)","1977","Lake Genito","1,431","0.28","3","1.1","Public Water","Sewer - Public","Conventional","Individuals"
"1","2514375","797-712-4214.002","CLOSD","109 Old Charles ST Unit#B","23231","Henrico","Condominium","09/17/2025","$565,000","$565,000","83","Resale (occupied at least once)","2021","Village Of Rocketts Landing","2,509","1.80","3","2.1","Public Water","Sewer - Public","Conventional","Individuals"
"1","2519887","786-67-02-69-100-000","CLOSD","8724 Branchs Woods LN","23237","Chesterfield","Single Family Residence","09/17/2025","$475,000","$475,000","19","Resale (occupied at least once)","2015","Branchs Bluff","","0.32","4","2.1","Public Water","Sewer - Public","VA New","Other"
"1","2520817","48-18-0-4-0","CLOSD","7184 Yare ST","23059","Goochland","Single Family Residence","09/17/2025","$624,950","$615,000","18","Resale (occupied at least once)","2016","Parkside Village","2,923","0.20","4","3.0","Public Water","Sewer - Public","Conventional","Individuals"
"1","2521219","774-66-02-41-900-000","CLOSD","5904 Eagles Crest DR","23832","Chesterfield","Townhouse","09/17/2025","$349,000","$349,000","15","Resale (occupied at least once)","2008","Eagles Crest","2,076","0.07","3","2.1","Public Water","Sewer - Public","Conventional","Individuals"
"1","2522122","S000-0121-024","CLOSD","1301 Porter ST Unit#U102","23224","Richmond City","Condominium","09/17/2025","$229,900","$237,500","7","Resale (occupied at least once)","1914","None","882","0.02","2","1.0","Public Water","Sewer - Public","Conventional","Individuals"
"1","2523408","742-66-32-11-800-000","CLOSD","9620 Spring Run RD","23832","Chesterfield","Single Family Residence","09/17/2025","$159,900","$210,000","5","Resale (occupied at least once)","1983","Spring Run","1,125","2.00","3","2.0","Well","Septic - Conventional","Cash","Individuals"
"1","2522794","775-741-1629","CLOSD","4822 Morrison RD","23230","Henrico","Single Family Residence","09/17/2025","$565,000","$570,000","4","Resale (occupied at least once)","1947","Brittons Hill","2,130","0.29","4","2.0","Public Water","Sewer - Public","Conventional","Individuals"
"1","2522741","760-751-6403","CLOSD","7518 Lisa LN","23294","Henrico","Single Family Residence","09/17/2025","$489,000","$479,000","6","Resale (occupied at least once)","1956","None","3,132","1.01","4","2.0","Public Water","Sewer - Public","Cash","Individuals"
"1","2521797","761-750-3373","CLOSD","2210 Skipwith RD","23294","Henrico","Single Family Residence","09/17/2025","$429,900","$424,000","9","Resale (occupied at least once)","1966","None","2,408","0.74","5","3.0","Public Water","Sewer - Public","Conventional","Individuals"
"1","2521643","47   1     4","CLOSD","4320 Windy LN","23011","New Kent","Single Family Residence","09/17/2025","$525,000","$512,000","2","Resale (occupied at least once)","1992","Windy Acres","4,840","2.46","3","2.1","Well","Septic - Conventional","FHA New","Individuals"
"1","2521622","019B-2-39","CLOSD","3046 Sublett PL","23139","Powhatan","Single Family Residence","09/17/2025","$784,950","$775,000","6","Resale (occupied at least once)","2001","St. Marys","2,774","3.33","3","2.1","Well","Septic - Conventional","Cash","Individuals"
"1","2521580","743-747-7265.024","CLOSD","1804 Glen Willow CIR Unit#24","23238","Henrico","Condominium","09/17/2025","$515,000","$525,000","3","Resale (occupied at least once)","1999","Willow Glen","2,778","","3","3.1","Public Water","Sewer - Public","Conventional","Individuals"
"1","2521332","796-64-38-83-400-000","CLOSD","14502 Mistwood Forest CT","23831","Chesterfield","Single Family Residence","09/17/2025","$325,000","$297,500","20","Resale (occupied at least once)","1983","Mistwood Forest","1,800","0.31","3","2.0","Public Water","Sewer - Public","Cash","Individuals"
"1","2521206","040-37I","CLOSD","1912 Capeway RD","23139","Powhatan","Single Family Residence","09/17/2025","$274,000","$265,000","23","Resale (occupied at least once)","1972","None","960","1.11","2","1.0","Well","Septic - Conventional","Conventional","Individuals"
"1","2520301","770-739-2707","CLOSD","5811 Fitzhugh AVE","23226","Henrico","Single Family Residence","09/17/2025","$565,000","$548,500","10","Resale (occupied at least once)","1950","Westwood Home Sites","2,094","0.27","4","2.0","Public Water","Sewer - Public","Conventional","Individuals"
"1","2520144","8714-91-8324","CLOSD","7077 Adaline LN","23111","Hanover","Single Family Residence","09/17/2025","$369,950","$350,000","4","Resale (occupied at least once)","1994","Milton Woods At Highpoint","1,296","0.30","4","2.0","Public Water","Sewer - Public","Cash","Corporate, Individuals"
"1","2519954","8706-17-7211","CLOSD","8643 Carywood CT","23116","Hanover","Single Family Residence","09/17/2025","$550,000","$575,000","12","Resale (occupied at least once)","2001","Cool Spring Forest","1,922","0.35","3","2.1","Public Water","Sewer - Public","Cash","Estate"
"1","2518870","786-60-91-45-500-000","CLOSD","21338 Deodora CT","23803","Chesterfield","Single Family Residence","09/17/2025","$250,000","$265,000","16","Resale (occupied at least once)","1999","Gilritchie","1,256","0.46","3","2.0","Public Water","Sewer - Public","FHA New","Individuals"
"1","2517566","19B1 5HC   7","CLOSD","6924 Longview DR","23141","New Kent","Single Family Residence","09/17/2025","$399,900","$395,000","46","Resale (occupied at least once)","1987","Five Lakes East","2,016","0.67","3","2.1","Public Water","Septic - Conventional","Conventional","Individuals"
"1","2505577","33B12 1 P  36","CLOSD","11777 Pine Needles DR","23140","New Kent","Single Family Residence","09/17/2025","$559,995","$550,000","148","New (never occupied)","2024","Brickshire","","0.44","4","3.1","Public Water","Sewer - Public","VA New","Individuals"
"1","2504318","E000-1663-033","CLOSD","3704 Glenwood AVE","23223","Richmond City","Single Family Residence","09/17/2025","$409,950","$350,000","179","New (never occupied)","2024","None","2,282","0.13","3","2.2","Public Water","Sewer - Public","Conventional","Corporate"
"1","2502377","716673313000000","CLOSD","6460 Quinlynn PL","23112","Chesterfield","Single Family Residence","09/17/2025","$499,000","$493,830","197","New (never occupied)","2025","Cottages At Millwood","1,476","","3","2.1","Public Water","Sewer - Public","Conventional","Corporate"
"1","2425639","8754-99-7948","CLOSD","3312 Craftmaster CT","23111","Hanover","Single Family Residence","09/17/2025","$1,050,617","$1,068,227","0","New (never occupied)","2024","None","4,070","25.80","5","3.1","Well","Septic - Conventional","Conventional","Corporate"
"1","REIN10595663","1898","CLOSD","4320 Windy LN","23011","New Kent","Single Family Residence","09/17/2025","$525,000","$512,000","0","Resale (occupied at least once)","1992","ALL OTHERS AREA 140","2,326","2.46","3","4.0","Well","Septic","",""
"1","2519223","023-3-8","CLOSD","6097 Preakness Stakes LN","23139","Powhatan","Single Family Residence","09/18/2025","$530,000","$543,000","26","Resale (occupied at least once)","2017","Paddock","2,137","4.15","4","3.0","Well","Septic - Conventional","Conventional","Individuals"
"1","2506893","TBD","CLOSD","12169 Calgary LOOP","23836","Chesterfield","Condominium","09/18/2025","$364,940","$370,940","0","New (never occupied)","2025","Moore's Lake","2,134","","3","2.1","Public Water","Sewer - Public","VA New","Corporate"
"1","2520750","785-770-4169","CLOSD","9067 All Star BLVD","23059","Henrico","Townhouse","09/18/2025","$420,585","$413,585","36","New (never occupied)","2025","Village at Virginia Center Commons","1,943","","4","3.1","Public Water","Sewer - Public","Conventional","Corporate"
"1","2510778","708661864200000","CLOSD","16900 Barmer DR","23838","Chesterfield","Single Family Residence","09/18/2025","$691,890","$696,240","99","New (never occupied)","2025","Harpers Mill","","","6","4.0","Public Water","Sewer - Public","VA New","Corporate"
"1","2520324","714-70-07-71-100-000","CLOSD","15601 Beedon DR","23112","Chesterfield","Single Family Residence","09/18/2025","$1,000,000","$1,000,000","20","Resale (occupied at least once)","2010","Hallsley","4,278","0.99","4","4.0","Public Water","Sewer - Public","Conventional","Estate"
"1","2511305","119734","CLOSD","7833 Arbor Marsh TER","23124","New Kent","Single Family Residence","09/18/2025","$442,990","$440,990","44","New (never occupied)","2025","The Arbors At New Kent Winery","2,220","","4","2.1","Public Water","Community - Sewer/Septic","FHA New","Corporate"
"1","2426854","30-7-0-6-0","CLOSD","3108 Kensington LN","23063","Goochland","Single Family Residence","09/18/2025","$599,950","$599,950","304","New (never occupied)","2025","Kensington Creek","2,431","3.44","3","2.1","Well","Septic - Conventional","Conventional","Corporate"
"1","2505324","Not Yet Assigned","CLOSD","3364 Broadwick RD","23234","Richmond City","Townhouse","09/18/2025","$314,199","$314,199","0","New (never occupied)","2025","Kinwick","1,336","","3","2.1","Public Water","Sewer - Public","Conventional","Corporate"
"1","2516347","740-755-3511.018","CLOSD","2449 Gold Leaf CIR","23233","Henrico","Condominium","09/18/2025","$849,950","$840,000","55","Resale (occupied at least once)","2018","John Rolfe Square","5,481","10.66","5","4.1","Public Water","Sewer - Public","Conventional","Individuals"
"1","2521481","747-749-6916","CLOSD","9621 Peppertree DR","23238","Henrico","Single Family Residence","09/18/2025","$445,000","$445,000","6","Resale (occupied at least once)","1980","Candlewood","2,352","0.41","5","2.1","Public Water","Sewer - Public","Conventional","Other"
"1","2521325","738-65-74-37-500-000","CLOSD","10700 Trailwood DR","23832","Chesterfield","Single Family Residence","09/18/2025","$389,999","$389,999","11","Resale (occupied at least once)","1980","Rocky Run","1,899","1.00","4","3.0","Well","Septic - Conventional","VHDA ","Individuals"
"1","2518344","799-63-66-53-400-000","CLOSD","2700 Milhorn ST","23834","Chesterfield","Single Family Residence","09/18/2025","$239,950","$239,950","25","Resale (occupied at least once)","1962","Milhorn Tract","1,072","0.33","3","1.0","Public Water","Sewer - Public","FHA New","Individuals"
"1","2522128","810-686-1393","CLOSD","2051 Mill RD","23231","Henrico","Single Family Residence","09/18/2025","$289,950","$299,000","4","Resale (occupied at least once)","1976","None","2,836","2.00","3","2.1","Well","Septic - Conventional","Other","Individuals"
"1","2520566","774-761-5561","CLOSD","9810 Dacono DR","23228","Henrico","Single Family Residence","09/18/2025","$355,000","$355,000","24","Resale (occupied at least once)","1961","Woodman Terrace","1,440","0.25","4","2.0","Public Water","Sewer - Public","Conventional","Individuals"
"1","2522002","745-68-77-06-400-000","CLOSD","3024 Gregwood RD","23112","Chesterfield","Single Family Residence","09/18/2025","$305,000","$307,000","30","Resale (occupied at least once)","1996","Genito Woods","1,112","0.59","3","2.0","Public Water","Sewer - Public","FHA New","Individuals"
"1","2522316","718-66-98-70-600-000","CLOSD","7601 Blue Cedar DR","23832","Chesterfield","Single Family Residence","09/18/2025","$373,500","$373,500","4","Resale (occupied at least once)","1998","Ashbrook","1,432","0.24","3","2.0","Public Water","Sewer - Public","Conventional","Individuals"
"1","2523177","724-70-42-41-300-009","CLOSD","900 Westwood Village WAY Unit#301","23114","Chesterfield","Condominium","09/18/2025","$319,900","$319,900","7","Resale (occupied at least once)","2009","Westwood Village At Charter Colony","1,658","","2","2.0","Public Water","Sewer - Public","Cash","Individuals"
"1","2525220","053C-5-1","CLOSD","966 Genito West BLVD","23120","Powhatan","Single Family Residence","09/18/2025","$420,000","$420,000","0","Resale (occupied at least once)","2002","Genito West","1,997","2.37","3","2.1","Well","Septic - Conventional","Cash","Estate"
"1","2523581","W000-0712-037","CLOSD","1126 Sumpter ST","23220","Richmond City","Single Family Residence","09/18/2025","$299,950","$305,000","1","Resale (occupied at least once)","1946","None","998","0.12","2","1.0","Public Water","Sewer - Public","Cash","Individuals"
"1","2523061","W000-1071-024","CLOSD","2414 Rosewood AVE","23220","Richmond City","Single Family Residence","09/18/2025","$655,000","$727,000","6","Resale (occupied at least once)","1919","None","2,817","0.07","4","3.1","Public Water","Sewer - Public","Conventional","Individuals"
"1","2522928","C009-0618-046","CLOSD","3161 Zion ST","23234","Richmond City","Single Family Residence","09/18/2025","$190,000","$200,000","4","Resale (occupied at least once)","1989","Cullenwood","1,052","0.17","3","1.0","Public Water","Sewer - Public","Conventional","Individuals"
"1","2522846","W0001952004","CLOSD","4307 W Franklin ST","23221","Richmond City","Single Family Residence","09/18/2025","$825,000","$932,500","5","Resale (occupied at least once)","1941","Leonard Heights","","0.15","3","3.1","Public Water","Sewer - Public","Conventional","Individuals"
"1","2521239","7870-52-2371","CLOSD","108 N Snead ST","23005","Hanover","Single Family Residence","09/18/2025","$300,000","$300,000","15","Resale (occupied at least once)","1952","None","1,005","0.19","2","1.0","Public Water","Sewer - Public","VA New","Individuals"
"1","2520788","721-69-18-58-200-000","CLOSD","2119 Rose Family DR","23112","Chesterfield","Single Family Residence","09/18/2025","$599,950","$605,000","20","Resale (occupied at least once)","2001","Watermill","3,407","0.22","5","3.1","Public Water","Sewer - Public","Conventional","Individuals"
"1","2520617","W000-1207-059","CLOSD","505 N Arthur Ashe BLVD Unit#U6","23220","Richmond City","Condominium","09/18/2025","$299,000","$315,000","7","Resale (occupied at least once)","1928","Tuscan Villas Condominiums","681","0.00","2","1.0","Public Water","Sewer - Public","Conventional","Individuals"
"1","2520245","4-16-0-3-0","CLOSD","4719 Shannon Hill RD","23038","Goochland","Single Family Residence","09/18/2025","$399,000","$399,000","44","New (never occupied)","2025","None","","4.69","3","2.0","Well","Septic - Conventional","Conventional","Corporate"
"1","2520066","30-14","CLOSD","17112 The Glebe LN","23030","Charles City County","Single Family Residence","09/18/2025","$285,000","$270,000","9","Resale (occupied at least once)","2003","None","","2.14","3","3.0","Well","Septic - Conventional","FHA New","Individuals"
"1","2519813","703-67-31-32-900-000","CLOSD","18007 Twin Falls LN","23120","Chesterfield","Single Family Residence","09/18/2025","$599,950","$599,950","20","Resale (occupied at least once)","2018","Magnolia Green","2,712","0.15","4","2.1","Public Water","Sewer - Public","VA New","Individuals"
"1","2519802","740-778-3117","CLOSD","11904 Lerade CT","23059","Henrico","Single Family Residence","09/18/2025","$2,250,000","$1,900,000","6","Resale (occupied at least once)","2001","Dominion View Estates","6,712","0.81","5","5.2","Public Water","Sewer - Public","Other","Individuals"
"1","2519407","762-743-1318","CLOSD","7406 Parkline DR","23226","Henrico","Single Family Residence","09/18/2025","$427,500","$422,000","28","Resale (occupied at least once)","1954","Buckingham Park","1,332","0.24","4","2.0","Public Water","Sewer - Public","Conventional","Individuals"
"1","2519287","789-69-20-64-500-000","CLOSD","4807 Oriole AVE","23234","Chesterfield","Single Family Residence","09/18/2025","$274,950","$274,950","8","Resale (occupied at least once)","1945","Grindall Creek Park","1,272","0.20","3","2.0","Public Water","Sewer - Public","Private","Individuals"
"1","2519130","026B1-1-9C","CLOSD","4029 Old Buckingham RD","23139","Powhatan","Single Family Residence","09/18/2025","$524,950","$502,500","41","Resale (occupied at least once)","1963","None","3,384","2.33","5","3.0","Well","Septic - Conventional","Conventional","Individuals"
"1","2518876","811-65-46-21-300-000","CLOSD","406 Rivers Bend CT","23836","Chesterfield","Single Family Residence","09/18/2025","$585,000","$565,000","33","Resale (occupied at least once)","1988","Rivers Bend","3,437","0.55","4","2.1","Public Water","Septic - Conventional","VA New","Individuals"
"1","2514405","C004-0370-054","CLOSD","7611 Comanche DR","23225","Richmond City","Single Family Residence","09/18/2025","$449,900","$415,000","82","Resale (occupied at least once)","1984","Cherokee Farms","1,640","0.40","3","2.1","Public Water","Sewer - Public","Conventional","Individuals"
"1","2509033","779671177300000","CLOSD","4825 St Patrick CT","23237","Chesterfield","Single Family Residence","09/18/2025","$457,900","$457,900","130","New (never occupied)","2025","Kings Park","","","3","2.1","Public Water","Sewer - Public","Conventional","Corporate"
"1","2505434","7787-37-4304","CLOSD","10530 Stony Bluff DR Unit#304","23005","Hanover","Condominium","09/18/2025","$295,000","$295,000","113","New (never occupied)","2024","Stony Run","1,346","","1","1.0","Public Water","Sewer - Public","Conventional","Corporate"
"1","2505132","833-713-9913","CLOSD","220 Greenpark RD","23150","Henrico","Townhouse","09/18/2025","$296,190","$296,190","31","New (never occupied)","2025","Parkside Townes","1,318","","3","2.1","Public Water","Sewer - Public","Conventional","Corporate"
"1","BRTVAHN2000992","740-778-3117","CLOSD","11904 Lerade CT","23059","Henrico","Single Family Residence","09/18/2025","$2,250,000","$1,900,000","12","Resale (occupied at least once)","2001","NONE AVAILABLE","5,934","0.81","5","7.0","Public Water","Public Sewer On Site","",""
"1","2517228","S0090224002","CLOSD","2520 Courtland ST","23224","Richmond City","Single Family Residence","09/19/2025","$190,000","$180,000","68","Resale (occupied at least once)","1939","Villa Heights","","","2","1.0","Public Water","Sewer - Public","Cash","Partnership"
"1","2521276","8764-16-3369","CLOSD","7324 Bailie DR","23111","Hanover","Single Family Residence","09/19/2025","$698,985","$670,000","20","Resale (occupied at least once)","2022","Rock Creek","","13.30","5","2.1","Well","Septic - Conventional","Conventional","Individuals"
"1","2520064","771-740-5773","CLOSD","2115 Bremo RD","23230","Henrico","Single Family Residence","09/19/2025","$285,000","$270,000","42","Resale (occupied at least once)","1953","Westmont","720","0.15","2","1.0","Public Water","Sewer - Public","Conventional","Individuals"
"1","2512721","754-69-34-13-400-000","CLOSD","2410 Walhala DR","23236","Chesterfield","Single Family Residence","09/19/2025","$1,050,000","$1,003,000","64","Resale (occupied at least once)","1972","Bexley","8,129","0.85","5","5.1","Public Water","Septic - Conventional","Cash","Individuals"
"1","2522683","41-1-A","CLOSD","12560 The Glebe LN","23030","Charles City County","Single Family Residence","09/19/2025","$499,950","$495,000","3","Resale (occupied at least once)","1940","None","","3.14","3","2.1","Well","Septic - Conventional","Conventional","Individuals"
"1","2508809","33B8 1C1  53","CLOSD","11421 Regal TER","23140","New Kent","Single Family Residence","09/19/2025","$484,000","$500,000","130","Resale (occupied at least once)","2006","Brickshire","5,578","0.30","3","2.1","Public Water","Sewer - Public","VA New","Individuals"
"1","2512932","758-68-98-56-300-000","CLOSD","8330 Lyndale DR","23235","Chesterfield","Single Family Residence","09/19/2025","$370,000","$361,000","103","Resale (occupied at least once)","1986","Bedford","1,932","0.36","4","2.1","Public Water","Sewer - Public","Conventional","Corporate"
"1","2524099","7136608197","CLOSD","16100 Deltic LN","23832","Chesterfield","Townhouse","09/19/2025","$688,240","$660,000","3","New (never occupied)","2025","Harpers Mill","","0.30","5","3.1","Public Water","Sewer - Public","Conventional","Other"
"1","2522083","768-759-0692.035","CLOSD","8048 Lake Laurel LN Unit#B","23060","Henrico","Condominium","09/19/2025","$409,990","$409,990","20","New (never occupied)","2025","None","2,498","","3","2.1","Public Water","Sewer - Public","Conventional","Corporate"
"1","2521000","770-69-38-49-800-000","CLOSD","6018 Partingdale CIR","23224","Chesterfield","Townhouse","09/19/2025","$269,900","$259,900","25","Resale (occupied at least once)","1979","Newberry Towne","2,268","0.05","3","1.2","Public Water","Sewer - Public","VHDA/FHA","Individuals"
"1","2522362","795-63-23-65-100-000","CLOSD","3802 Seasigh CT","23831","Chesterfield","Single Family Residence","09/19/2025","$349,900","$351,000","11","Resale (occupied at least once)","1977","Somerset","1,601","0.33","4","2.0","Public Water","Sewer - Public","VA New","Partnership"
"1","2521056","781-764-8274","CLOSD","10164 Berrymeade PL","23060","Henrico","Single Family Residence","09/19/2025","$345,000","$344,000","11","Resale (occupied at least once)","1988","Berrymeade","1,356","0.21","4","3.0","Public Water","Sewer - Public","Conventional","Corporate"
"1","2510321","714-70-01-07-100-000","CLOSD","1300 Baltrey LN","23112","Chesterfield","Single Family Residence","09/19/2025","$849,000","$820,000","112","Resale (occupied at least once)","2011","Hallsley","3,460","0.49","4","3.0","Public Water","Sewer - Public","Conventional","Individuals"
"1","2516128","W019-0078-025","CLOSD","4806 Cutshaw AVE","23230","Richmond City","Single Family Residence","09/19/2025","$695,000","$685,000","68","Resale (occupied at least once)","1953","Monument Avenue Park","2,673","0.22","4","3.1","Public Water","Sewer - Public","Conventional","Corporate, Individuals"
"1","2519111","706-68-67-91-800-000","CLOSD","5100 Lake Summer LOOP","23120","Chesterfield","Single Family Residence","09/19/2025","$936,000","$936,000","23","New (never occupied)","2025","Summer Lake","","0.37","4","5.0","Public Water","Sewer - Public","Conventional","Corporate"
"1","2513461","7797-31-3538","CLOSD","9333 Ashking DR","23116","Hanover","Single Family Residence","09/19/2025","$425,000","$430,000","22","Resale (occupied at least once)","1973","Beechwood Farms","2,260","0.30","4","2.1","Public Water","Sewer - Public","VA New","Estate"
"1","2518515","833-716-1161","CLOSD","225 Scotch Pine Dr","23150","Henrico","Single Family Residence","09/19/2025","$320,000","$325,000","35","Resale (occupied at least once)","2004","Pine Creek South","","0.31","4","2.1","Public Water","Sewer - Public","FHA New","Individuals"
"1","2519773","757-771-5670","CLOSD","9137 Olde Hartley DR","23060","Henrico","Single Family Residence","09/19/2025","$679,950","$655,000","19","Resale (occupied at least once)","2000","Hartley Plantation","3,192","1.19","4","2.1","Public Water","Septic - Conventional","Conventional","Individuals"
"1","2518084","784-67-98-82-200-000","CLOSD","7115 Conifer RD","23237","Chesterfield","Single Family Residence","09/19/2025","$365,000","$360,000","36","Resale (occupied at least once)","1984","None","1,782","1.74","3","3.0","Public Water","Septic - Conventional","Conventional","Individuals"
"1","2521817","802-726-2071","CLOSD","2011 Holly ST","23223","Henrico","Single Family Residence","09/19/2025","$219,000","$220,000","16","Resale (occupied at least once)","1959","Central Gardens","1,052","0.24","4","1.0","Public Water","Sewer - Public","FHA New","Individuals"
"1","2514012","5-1-0-11-A","CLOSD","3812 County Line RD","23084","Goochland","Single Family Residence","09/19/2025","$429,950","$429,950","22","New (never occupied)","2025","None","1,600","2.11","3","2.0","Well","Septic - Conventional","Conventional","Corporate"
"1","2521825","722670030900157","CLOSD","7404 Hancock Crest PL Unit#T-2","23832","Chesterfield","Townhouse","09/19/2025","$356,735","$357,430","22","New (never occupied)","2025","Hancock Village","1,525","","3","2.1","Public Water","Sewer - Public","Conventional","Corporate"
"1","2522556","7796-66-8645","CLOSD","9217 Fairfield Farm CT","23116","Hanover","Single Family Residence","09/19/2025","$625,000","$617,000","3","Resale (occupied at least once)","2021","Giles Farm","2,757","0.14","4","3.0","Public Water","Sewer - Public","Conventional","Individuals"
"1","2517884","787-62-56-38-100-000","CLOSD","17715 Elko RD","23803","Chesterfield","Single Family Residence","09/19/2025","$464,900","$456,000","21","Resale (occupied at least once)","1967","None","2,522","1.01","4","2.1","Well","Septic - Conventional","Conventional","Individuals"
"1","2432588","7870-65-4302","CLOSD","113 Steyland ST","23005","Hanover","Single Family Residence","09/19/2025","$576,990","$644,753","0","New (never occupied)","2025","Amburn","2,930","","4","3.1","Public Water","Sewer - Public","Conventional","Corporate"
"1","2522574","744-745-0879","CLOSD","10309 Gayton RD","23238","Henrico","Single Family Residence","09/19/2025","$449,950","$449,950","2","Resale (occupied at least once)","1971","Canterbury East","2,816","0.41","4","3.1","Public Water","Sewer - Public","Conventional","Individuals"
"1","2522416","C005-0785-071","CLOSD","645 Labrook DR","23225","Richmond City","Single Family Residence","09/19/2025","$444,950","$444,950","10","New (never occupied)","2025","Pemberton Estates","1,728","0.47","4","2.1","Public Water","Sewer - Public","VA New","Individuals"
"1","2521087","829-715-5413","CLOSD","404 Casey ST","23150","Henrico","Single Family Residence","09/19/2025","$310,000","$310,000","10","Resale (occupied at least once)","2003","Hunters Run","1,476","0.31","3","2.0","Public Water","Sewer - Public","FHA New","Individuals"
"1","2519238","783-766-0650","CLOSD","1217 Old Francis RD","23059","Henrico","Single Family Residence","09/19/2025","$380,000","$375,000","32","Resale (occupied at least once)","1997","Lees Crossing","1,512","0.19","4","2.0","Public Water","Sewer - Public","Conventional","Individuals"
"1","2522659","7769-95-5725","CLOSD","12025 Sunset DR","23005","Hanover","Single Family Residence","09/19/2025","$399,900","$400,000","5","Resale (occupied at least once)","1967","Oak Hill Estates","2,128","0.50","3","2.1","Public Water","Community - Sewer/Septic, Sewer - Public","USDA","Individuals"
"1","2502153","816-685-2853","CLOSD","8213 Grantham Woods WAY","23231","Henrico","Single Family Residence","09/19/2025","$429,800","$429,425","0","New (never occupied)","2025","None","1,794","","3","2.0","Public Water","Septic - Engineered","Cash","Corporate"
"1","2512669","039D-2-5","CLOSD","3527 Fairfield RD","23139","Powhatan","Single Family Residence","09/19/2025","$550,000","$550,000","7","Resale (occupied at least once)","1999","Fairlane","2,156","2.50","4","2.1","Well","Septic - Conventional","Conventional","Individuals"
"1","2518528","734-72-38-37-700-000","CLOSD","13518 Kelham RD","23113","Chesterfield","Single Family Residence","09/19/2025","$1,125,000","$1,100,000","52","Resale (occupied at least once)","2021","Tarrington","4,176","0.62","6","5.0","Public Water","Sewer - Public","Cash","Individuals"
"1","2521062","825-716-2659","CLOSD","104 Jackson AVE","23150","Henrico","Single Family Residence","09/19/2025","$310,000","$310,000","7","Resale (occupied at least once)","1959","Sandston","1,170","0.34","3","1.1","Public Water","Sewer - Public","Conventional","Individuals"
"1","2516083","8705-82-2619","CLOSD","8145 Ashby Ridge PL","23111","Hanover","Single Family Residence","09/19/2025","$475,000","$465,000","57","Resale (occupied at least once)","2003","Mechanicsville","2,137","0.46","4","2.1","Public Water","Sewer - Public","Conventional","Individuals"
"1","2522548","747-746-3559.009","CLOSD","1501 Largo RD Unit#203","23238","Henrico","Condominium","09/19/2025","$205,000","$200,000","5","Resale (occupied at least once)","1976","Regency Woods Condominiums","1,127","0.02","2","2.0","Public Water","Sewer - Public","Conventional","Individuals"
"1","2519500","787-62-61-35-500-000","CLOSD","17614 Elko RD","23803","Chesterfield","Single Family Residence","09/19/2025","$290,000","$286,000","3","Resale (occupied at least once)","1988","None","1,056","1.19","2","2.0","Well","Septic - Conventional","FHA New","Individuals"
"1","2519748","774-66-15-23-700-000","CLOSD","9912 Oldbern CT","23832","Chesterfield","Single Family Residence","09/19/2025","$349,950","$335,000","28","Resale (occupied at least once)","1994","Holly Trace","1,488","0.23","3","2.0","Public Water","Sewer - Public","Cash","Corporate, Individuals"
"1","2518288","Not Yet Assigned","CLOSD","14019 Mosaic Nook","23238","Goochland","Townhouse","09/19/2025","$668,750","$668,750","0","New (never occupied)","2020","Mosaic at West Creek","2,239","","3","3.0","Public Water","Sewer - Public","Conventional","Corporate"
"1","2519882","737-69-47-78-900-000","CLOSD","1631 Porters Mill TER","23114","Chesterfield","Single Family Residence","09/19/2025","$324,900","$315,000","31","Resale (occupied at least once)","1985","Smoketree South","1,152","0.55","3","2.0","Public Water","Sewer - Public","Conventional","Individuals"
"1","2522810","795-65-75-73-500-000","CLOSD","3024 Warfield Estates PL","23831","Chesterfield","Single Family Residence","09/19/2025","$379,900","$411,000","4","Resale (occupied at least once)","2000","Warfield Estates","2,438","0.36","3","2.1","Public Water","Sewer - Public","Conventional","Individuals"
"1","2515986","716679088800000","CLOSD","5560 Riggs DR","23120","Chesterfield","Single Family Residence","09/19/2025","$669,893","$659,893","76","New (never occupied)","2025","Woolridge Landing","2,521","","3","3.0","Public Water","Sewer - Public","Cash","Corporate"
"1","2521123","732-67-87-37-500-000","CLOSD","13102 Morning Hill LN","23112","Chesterfield","Single Family Residence","09/19/2025","$344,000","$340,000","23","Resale (occupied at least once)","1977","Brandermill","1,816","0.17","4","2.1","Public Water","Sewer - Public","Conventional","Individuals"
"1","2521407","772-749-2662","CLOSD","6916 Alder Grove DR","23228","Henrico","Townhouse","09/19/2025","$385,000","$386,000","5","Resale (occupied at least once)","2008","Glenside Woods","2,316","0.07","3","2.1","Public Water","Sewer - Public","Cash","Individuals"
"1","2523589","7777-86-0901","CLOSD","10385 Silver Willow PL","23059","Hanover","Single Family Residence","09/19/2025","$755,000","$765,000","6","Resale (occupied at least once)","2024","Chickahominy Falls","2,338","0.24","3","2.1","Public Water","Sewer - Public","Cash","Individuals"
"1","2523498","W000-1329-001","CLOSD","1113 Sunset AVE","23221","Richmond City","Single Family Residence","09/19/2025","$625,000","$650,000","5","Resale (occupied at least once)","1956","William Byrd","2,548","0.18","3","3.1","Public Water","Sewer - Public","Cash","Individuals"
"1","2523372","777-749-2419","CLOSD","2803 Hilliard RD","23228","Henrico","Single Family Residence","09/19/2025","$374,950","$400,000","3","Resale (occupied at least once)","1941","None","2,156","0.25","3","1.1","Public Water","Sewer - Public","Conventional","Individuals"
"1","2523286","739-67-77-04-500-000","CLOSD","4800 White Manor CT","23112","Chesterfield","Single Family Residence","09/19/2025","$285,000","$290,000","3","Resale (occupied at least once)","1990","Misty Glen","1,056","0.26","3","2.0","Public Water","Sewer - Public","Conventional","Individuals"
"1","2522822","782-66-96-77-000-000","CLOSD","4280 Laurel Oak RD","23237","Chesterfield","Single Family Residence","09/19/2025","$295,000","$295,000","3","Resale (occupied at least once)","1983","Oakmont","1,280","0.20","3","1.1","Public Water","Sewer - Public","FHA New","Corporate"
"1","2522783","802-730-7062","CLOSD","1919 Oak Hill LN","23223","Henrico","Single Family Residence","09/19/2025","$229,950","$229,950","2","Resale (occupied at least once)","1953","Oak Hill","816","0.18","2","1.0","Public Water","Sewer - Public","Conventional","Corporate"
"1","2522696","785-766-1989","CLOSD","9712 Taylors Crossing CT","23059","Henrico","Single Family Residence","09/19/2025","$439,500","$455,000","1","Resale (occupied at least once)","1997","Stonewall Glen","2,481","0.46","3","2.1","Public Water","Sewer - Public","Conventional","Individuals"
"1","2522388","731-72-02-98-400-000","CLOSD","13220 Drakewood RD","23113","Chesterfield","Single Family Residence","09/19/2025","$775,000","$800,000","5","Resale (occupied at least once)","1987","Powderham","3,334","1.01","4","2.1","Public Water","Sewer - Public","Conventional","Individuals"
"1","2522259","W000-0785-011","CLOSD","1702 Greenville AVE","23220","Richmond City","Single Family Residence","09/19/2025","$309,000","$309,000","5","Resale (occupied at least once)","1941","Riverview","770","0.12","2","1.0","Public Water","Sewer - Public","Conventional","Individuals"
"1","2522121","778-754-0994","CLOSD","8211 Rambler DR","23228","Henrico","Single Family Residence","09/19/2025","$299,999","$336,000","12","Resale (occupied at least once)","1954","Valentine Hills","3,762","0.43","3","3.0","Public Water","Sewer - Public","Cash","Individuals"
"1","2521159","7769-35-2578","CLOSD","12359 Ashcake RD","23005","Hanover","Single Family Residence","09/19/2025","$699,999","$700,000","20","Resale (occupied at least once)","1987","None","3,062","3.88","5","3.1","Well","Septic - Conventional","Cash","Individuals"
"1","2520805","794-65-42-82-500-000","CLOSD","12401 Ivytree TER","23831","Chesterfield","Single Family Residence","09/19/2025","$325,000","$310,000","11","Resale (occupied at least once)","2004","Ivy Ridge","2,468","0.25","4","2.1","Public Water","Sewer - Public","Other","Individuals"
"1","2520759","717-67-94-72-400-000","CLOSD","5506 Windy Ridge TER","23112","Chesterfield","Single Family Residence","09/19/2025","$479,990","$475,000","11","Resale (occupied at least once)","1990","Woodlake","2,344","","4","2.1","Public Water","Sewer - Public","Conventional","Individuals"
"1","2520742","E000-0162-049","CLOSD","215 N 19th ST Unit#U21","23223","Richmond City","Condominium","09/19/2025","$295,000","$295,000","32","Resale (occupied at least once)","1976","Shockoe Valley Lofts","1,174","0.03","2","1.0","Public Water","Sewer - Public","Conventional","Individuals"
"1","2520437","33B8 2CF 30","CLOSD","5470 Tyshire PKY","23140","New Kent","Single Family Residence","09/19/2025","$615,000","$592,000","4","Resale (occupied at least once)","2008","Brickshire","","0.74","5","4.1","Public Water","Sewer - Public","Conventional","Individuals"
"1","2520393","8704-49-8807","CLOSD","8266 Tangle Oaks CT","23111","Hanover","Single Family Residence","09/19/2025","$295,000","$327,250","29","Resale (occupied at least once)","1987","Tangle Oaks","1,918","0.37","4","3.1","Public Water","Sewer - Public","Conventional","Individuals"
"1","2520029","744-774-4873","CLOSD","5904 Park Creste DR","23059","Henrico","Townhouse","09/19/2025","$444,900","$435,000","36","Resale (occupied at least once)","2001","Townes At Shady Grove","","0.06","3","2.1","Public Water","Sewer - Public","Conventional","Individuals"
"1","2519835","788-766-2031.041","CLOSD","801 Brassie LN Unit#E","23059","Henrico","Condominium","09/19/2025","$170,000","$162,000","26","Resale (occupied at least once)","1998","Links Condominiums","780","15.20","1","1.0","Public Water","Sewer - Public","Cash","Individuals"
"1","2519730","780-65-43-86-300-048","CLOSD","6317 Great Swan LN","23831","Chesterfield","Condominium","09/19/2025","$479,000","$470,000","18","Resale (occupied at least once)","2020","The Cove at Magnolia Lakes","2,274","","3","2.0","Public Water","Sewer - Public","Cash","Estate"
"1","2519205","781-756-5960.224","CLOSD","1517 Honor DR","23228","Henrico","Condominium","09/19/2025","$275,000","$270,000","24","Resale (occupied at least once)","1985","Stonewall Manor Condominiums","1,052","35.71","3","1.1","Public Water","Sewer - Public","Conventional","Individuals"
"1","2518921","701-67-30-14-200-000","CLOSD","6636 Stonewolf CT","23120","Chesterfield","Single Family Residence","09/19/2025","$899,950","$889,950","23","Resale (occupied at least once)","2022","Magnolia Green","6,566","0.26","5","4.0","Public Water","Sewer - Public","Conventional","Individuals"
"1","2518625","721-71-38-80-400-000","CLOSD","14530 Gildenborough DR","23113","Chesterfield","Single Family Residence","09/19/2025","$895,000","$865,000","23","Resale (occupied at least once)","1999","Salisbury","4,630","1.02","5","3.1","Public Water","Sewer - Public","Conventional","Individuals"
"1","2517926","805-713-4154","CLOSD","5102 Randall AVE","23231","Henrico","Single Family Residence","09/19/2025","$239,900","$225,000","48","Resale (occupied at least once)","1990","National Heights","980","0.15","3","1.0","Public Water","Sewer - Public","Conventional","Individuals"
"1","2517024","7186629136","CLOSD","15707 Greenhart DR","23832","Chesterfield","Single Family Residence","09/19/2025","$563,030","$563,030","54","New (never occupied)","2025","Harpers Mill","2,535","0.03","4","2.1","Public Water","Sewer - Public","Conventional","Other"
"1","2516400","698-67-12-40-700-000","CLOSD","18207 Maple Summit CT","23120","Chesterfield","Single Family Residence","09/19/2025","$729,900","$720,000","57","Resale (occupied at least once)","2022","Magnolia Green","3,206","0.35","4","3.1","Public Water","Sewer - Public","Conventional","Individuals"
"1","2515946","777-65-71-03-200-000","CLOSD","6402 Willow Landing WAY","23831","Chesterfield","Single Family Residence","09/19/2025","$399,900","$385,000","91","Resale (occupied at least once)","1993","Arbor Landing","2,636","0.29","4","2.1","Public Water","Sewer - Public","Conventional","Individuals"
"1","2515360","33B12 1 P 17","CLOSD","5501 Pine Needles TER","23140","New Kent","Single Family Residence","09/19/2025","$565,000","$565,000","68","Resale (occupied at least once)","2005","Brickshire","","0.47","3","2.1","Public Water","Sewer - Public","Conventional","Individuals"
"1","2514458","TBD","CLOSD","1020 Porter ST Unit#103","23224","Richmond City","Condominium","09/19/2025","$219,000","$205,000","92","Resale (occupied at least once)","2013","None","","","1","1.0","Public Water","Sewer - Public","Owner Finance","Other"
"1","2514443","761-62-54-98-800-000","CLOSD","16121 Rowlett RD","23838","Chesterfield","Single Family Residence","09/19/2025","$295,000","$210,000","33","Resale (occupied at least once)","1968","None","2,050","1.70","3","2.0","Well","Septic - Conventional","Conventional","Estate"
"1","2510083","834-713-0209","CLOSD","224 Greenpark RD","23150","Henrico","Townhouse","09/19/2025","$302,505","$302,505","0","New (never occupied)","2025","Parkside Townes","1,336","","3","2.1","Public Water","Sewer - Public","Conventional","Corporate"
"1","2509717","823660910900000","CLOSD","1713 Galley PL","23836","Chesterfield","Single Family Residence","09/19/2025","$472,500","$472,500","106","New (never occupied)","2025","Twin Rivers","1,541","","4","3.0","Public Water","Sewer - Public","Conventional","Corporate"
"1","2509434","6890-01-4469","CLOSD","13312 Woodson Forest CT","23102","Hanover","Single Family Residence","09/19/2025","$649,950","$653,513","29","New (never occupied)","2025","None","","10.00","4","2.1","Well","Septic - Conventional","Conventional","Corporate"
"1","2501101","721703599300000","CLOSD","1024 Arbor Heights TER","23114","Chesterfield","Single Family Residence","09/19/2025","$711,815","$711,815","0","New (never occupied)","2025","Charter Colony West","2,642","","3","3.1","Public Water","Sewer - Public","Conventional","Corporate"
"1","2404807","8705-66-7546","CLOSD","8109 Jenna DR","23116","Hanover","Single Family Residence","09/19/2025","$670,818","$670,818","359","New (never occupied)","2024","Shady Grove Park","2,448","","3","2.1","Public Water","Septic - Engineered","Conventional","Corporate"
"1","2523605","7896768497","CLOSD","2916 Congress RD","23237","Chesterfield","Single Family Residence","09/22/2025","$359,950","$360,000","13","New (never occupied)","2025","Rayon Park","","0.34","3","2.1","Public Water","Sewer - Public","Conventional","Corporate"
"1","2520477","7797-55-2563","CLOSD","10282 Penningcroft LN","23116","Hanover","Single Family Residence","09/22/2025","$529,950","$529,950","33","Resale (occupied at least once)","1992","Kings Charter","2,508","0.24","4","2.1","Public Water","Sewer - Public","Conventional","Individuals"
"1","2515374","764-64-29-22-500-000","CLOSD","8300 McKibben DR","23838","Chesterfield","Single Family Residence","09/22/2025","$974,950","$1,008,200","33","Resale (occupied at least once)","2019","Lake Margaret","6,520","1.88","5","4.1","Public Water","Septic - Engineered","Conventional","Individuals"
"1","2500602","716672359400000","CLOSD","15111 Bishops Run CT","23112","Chesterfield","Single Family Residence","09/22/2025","$484,950","$484,950","188","New (never occupied)","2025","Cottages At Millwood","1,984","","3","2.1","Public Water","Sewer - Public","FHA New","Corporate"
"1","2429208","725696384300000","CLOSD","1007 Arborway LN","23114","Chesterfield","Townhouse","09/22/2025","$379,990","$380,430","36","New (never occupied)","2024","Centerpointe Townes","1,886","","3","2.2","Public Water","Sewer - Public","FHA New","Corporate"
"1","2506889","805-692-4713","CLOSD","1725 New Settlement DR","23231","Henrico","Single Family Residence","09/22/2025","$413,160","$464,775","0","New (never occupied)","2025","Settlers Ridge","1,898","","3","2.0","Public Water","Sewer - Public","Conventional","Corporate"
"1","2522136","715-66-53-30-100-000","CLOSD","8506 Tallion WAY","23832","Chesterfield","Single Family Residence","09/22/2025","$590,000","$590,000","10","Resale (occupied at least once)","2021","Harpers Mill","2,968","0.33","4","3.0","Public Water","Sewer - Public","Conventional","Individuals"
"1","2519122","8725-26-6727","CLOSD","6835 Turnage LN","23111","Hanover","Single Family Residence","09/22/2025","$524,950","$515,000","27","Resale (occupied at least once)","2001","Sherrington","2,640","0.23","4","2.1","Public Water","Sewer - Public","Conventional","Corporate, Individuals"
"1","2521877","718-66-83-63-800-000","CLOSD","15219 Fern Hollow CT","23832","Chesterfield","Single Family Residence","09/22/2025","$399,990","$405,000","19","Resale (occupied at least once)","2000","Ashbrook","1,986","0.26","4","2.1","Public Water","Sewer - Public","Conventional","Individuals"
"1","2524189","724-68-83-59-000-000","CLOSD","2600 Ridge Creek CT","23112","Chesterfield","Single Family Residence","09/22/2025","$299,900","$315,000","5","Resale (occupied at least once)","1984","Brandermill","1,272","0.14","3","2.0","Public Water","Sewer - Public","Conventional","Individuals"
"1","2522239","785667843000000","CLOSD","9512 Fuchsia DR","23237","Chesterfield","Single Family Residence","09/22/2025","$429,990","$439,990","6","New (never occupied)","2025","Magnolia Crossing at Centralia","","","4","2.0","Public Water","Sewer - Public","FHA New","Corporate"
"1","2521798","Not Yet Assigned","CLOSD","12413 Wescott AVE","23112","Chesterfield","Condominium","09/22/2025","$360,420","$360,420","28","New (never occupied)","2025","Wescott","1,572","","3","2.1","Public Water","Sewer - Public","FHA New","Corporate"
"1","2513661","767677664100000","CLOSD","7013 Greenholm PL","23234","Chesterfield","Single Family Residence","09/22/2025","$518,990","$515,290","78","New (never occupied)","2025","Watermark","","","4","2.1","Public Water","Sewer - Public","FHA New","Corporate"
"1","2519846","052A3-2D-9","CLOSD","2806 Gaynel DR","23139","Powhatan","Single Family Residence","09/22/2025","$349,950","$370,000","7","Resale (occupied at least once)","1988","Kimberly Farms","1,566","1.06","3","2.0","Well","Septic - Conventional","Conventional","Corporate, Individuals"
"1","2522066","029-37R","CLOSD","2571 Judes Ferry RD","23139","Powhatan","Single Family Residence","09/22/2025","$400,000","$385,000","18","Resale (occupied at least once)","1986","Old Ferry Path","1,728","2.03","3","2.1","Well","Septic - Conventional","FHA New","Individuals"
"1","2519926","824643306800000","CLOSD","1616 florence","23836","Chesterfield","Single Family Residence","09/22/2025","$420,000","$420,000","33","New (never occupied)","2025","Prestwould Farms","","","4","3.1","Public Water","Sewer - Public","Conventional","Corporate"
"1","2519031","S000-0062-004","CLOSD","1108 Porter ST","23224","Richmond City","Single Family Residence","09/22/2025","$489,000","$475,000","44","Resale (occupied at least once)","1895","None","2,512","0.11","4","2.1","Public Water","Sewer - Public","Conventional","Individuals"
"1","2517695","W000-1781-001","CLOSD","3925 Park AVE","23221","Richmond City","Single Family Residence","09/22/2025","$864,000","$810,000","46","Resale (occupied at least once)","1959","None","3,507","0.21","5","2.1","Public Water","Sewer - Public","Conventional","Individuals"
"1","2518951","C003-0240-014","CLOSD","2301 Stratford CT","23225","Richmond City","Single Family Residence","09/22/2025","$425,000","$425,000","41","Resale (occupied at least once)","1966","Stratford Hills","2,150","0.91","4","2.1","Public Water","Sewer - Public","Conventional","Individuals"
"1","2505652","Not Yet Assigned","CLOSD","3368 Broadwick RD","23234","Richmond City","Townhouse","09/22/2025","$300,310","$300,310","0","New (never occupied)","2025","Kinwick","1,318","","3","2.1","Public Water","Sewer - Public","Conventional","Corporate"
"1","2518962","737-67-99-54-100-102","CLOSD","3800 Maze Runner DR Unit#101","23112","Chesterfield","Condominium","09/22/2025","$287,000","$282,000","37","Resale (occupied at least once)","2022","Wescott","1,122","","2","2.0","Public Water","Sewer - Public","Conventional","Individuals"
"1","2517866","N000-1043-012","CLOSD","3106 Cliff AVE","23222","Richmond City","Single Family Residence","09/22/2025","$275,000","$267,500","33","Resale (occupied at least once)","1938","Alvista Heights","2,007","0.14","5","1.1","Public Water","Sewer - Public","Conventional","Individuals"
"1","2522559","817-64-59-74-500-000","CLOSD","613 Greyshire DR","23836","Chesterfield","Single Family Residence","09/22/2025","$439,900","$443,000","6","Resale (occupied at least once)","2002","Montclair@Southbend","2,444","0.91","4","2.1","Public Water","Sewer - Public","VA New","Individuals"
"1","2522177","789-66-10-21-000-000","CLOSD","3900 Old Cheshire DR","23831","Chesterfield","Single Family Residence","09/22/2025","$340,000","$340,000","3","Resale (occupied at least once)","1993","Cheshire","1,424","0.50","4","2.0","Public Water","None","FHA New","Individuals"
"1","2521120","728-70-65-92-000-000","CLOSD","309 Randolph View DR","23114","Chesterfield","Townhouse","09/22/2025","$435,000","$435,000","27","Resale (occupied at least once)","2023","Randolph Pond","2,580","0.04","3","3.1","Public Water","Sewer - Public","Conventional","Individuals"
"1","2518716","N0001793097","CLOSD","3446 Carlton ST Unit#6-13A","23230","Richmond City","Condominium","09/22/2025","$549,831","$549,831","19","New (never occupied)","2025","Mason Yards","2,516","","3","2.1","Public Water","Sewer - Public","Conventional","Corporate"
"1","2518731","782-764-5145","CLOSD","1325 Berrymeade AVE","23060","Henrico","Single Family Residence","09/22/2025","$325,000","$315,000","26","Resale (occupied at least once)","1989","Berrymeade","1,144","0.18","3","2.0","Public Water","Sewer - Public","Cash","Individuals"
"1","2515392","716-67-21-33-000-000","CLOSD","15362 Oasis Sun WAY","23112","Chesterfield","Townhouse","09/22/2025","$457,452","$436,952","33","New (never occupied)","2025","Oasis Townhomes","2,191","","3","3.1","Public Water","Sewer - Public","Conventional","Corporate"
"1","2524836","S000-1350-011","CLOSD","22 W Broad Rock RD","23225","Richmond City","Single Family Residence","09/22/2025","$169,900","$176,500","2","Resale (occupied at least once)","1948","Swansboro","1,179","0.14","3","1.0","Public Water","Sewer - Public","Cash","Individuals"
"1","2524723","791-752-5438","CLOSD","114 Luray DR","23227","Henrico","Single Family Residence","09/22/2025","$239,950","$246,000","6","Resale (occupied at least once)","1950","Chamberlayne Heights","2,772","0.28","3","2.0","Public Water","Sewer - Public","Cash","Individuals"
"1","2523961","W019-0122-020","CLOSD","4902 Monumental ST","23226","Richmond City","Single Family Residence","09/22/2025","$495,000","$525,000","4","Resale (occupied at least once)","1955","Monument Heights","1,396","0.14","3","1.1","Public Water","Sewer - Public","Cash","Individuals"
"1","2523744","760-759-1590","CLOSD","4106 W End DR","23294","Henrico","Single Family Residence","09/22/2025","$310,000","$310,000","7","Resale (occupied at least once)","1963","West End Manor","1,040","0.32","3","1.1","Public Water","Sewer - Public","Cash","Individuals"
"1","2523702","E010-0137-003","CLOSD","5302 Waverly AVE","23231","Richmond City","Single Family Residence","09/22/2025","$172,000","$172,000","5","Resale (occupied at least once)","1924","East End","1,098","0.27","3","1.0","Public Water","Sewer - Public","Cash","Individuals"
"1","2523672","725-70-72-66-900-017","CLOSD","14243 Tanager Wood CT","23114","Chesterfield","Condominium","09/22/2025","$399,950","$399,950","3","Resale (occupied at least once)","2005","Midlothian Wood Condo","1,461","","2","2.0","Public Water","Sewer - Public","Conventional","Individuals"
"1","2523497","746-767-9203","CLOSD","4741 SADLER GREEN PL","23060","Henrico","Single Family Residence","09/22/2025","$669,000","$700,000","3","Resale (occupied at least once)","2005","Sadler Green","","0.29","4","3.1","Public Water","Sewer - Public","Conventional","Individuals"
"1","2523489","742-70-32-19-600-000","CLOSD","106 Huddersfield DR","23236","Chesterfield","Single Family Residence","09/22/2025","$699,900","$686,500","4","Resale (occupied at least once)","1991","Stonehenge","4,521","0.63","4","2.1","Public Water","Sewer - Public","Cash","Individuals"
"1","2522694","748-69-10-88-800-000","CLOSD","10340 Sauna DR","23236","Chesterfield","Single Family Residence","09/22/2025","$320,000","$343,000","5","Resale (occupied at least once)","1996","Chestnut Hills","1,200","0.37","3","2.0","Public Water","Sewer - Public","Conventional","Individuals"
"1","2522452","8707-36-5453","CLOSD","8418 Wheeling RD","23116","Hanover","Single Family Residence","09/22/2025","$465,000","$455,000","9","Resale (occupied at least once)","1952","Patrick Henry Heights","2,020","1.12","4","2.0","Well","Septic - Conventional","Cash","Individuals"
"1","2522293","735-71-20-70-600-000","CLOSD","1621 Olde Coalmine RD","23113","Chesterfield","Single Family Residence","09/22/2025","$425,000","$450,000","6","Resale (occupied at least once)","1978","Olde Coach Village","2,132","0.44","4","2.1","Public Water","Sewer - Public","Conventional","Individuals"
"1","2522270","775-766-5700","CLOSD","10496 Marions WAY","23060","Henrico","Townhouse","09/22/2025","$389,900","$389,900","8","Resale (occupied at least once)","2016","Townes At Woodman","1,621","0.07","3","2.1","Public Water","Sewer - Public","VA New","Individuals"
"1","2522111","8724-37-0828","CLOSD","7813 Marshall Arch DR","23111","Hanover","Townhouse","09/22/2025","$390,000","$370,000","14","Resale (occupied at least once)","2015","Liberty Trace","1,937","0.07","3","2.1","Public Water","Sewer - Public","VA New","Individuals"
"1","2521743","768-740-4163","CLOSD","6426 Millhiser AVE","23226","Henrico","Single Family Residence","09/22/2025","$429,000","$405,000","5","Resale (occupied at least once)","1951","Westwood Terrace","1,632","0.21","4","2.1","Public Water","Sewer - Public","Conventional","Individuals"
"1","2521695","711-68-44-75-600-000","CLOSD","4507 Summer Camp CT","23120","Chesterfield","Single Family Residence","09/22/2025","$799,000","$795,000","21","Resale (occupied at least once)","2024","Summer Lake","","0.46","5","4.1","Public Water","Sewer - Public","Conventional","Individuals"
"1","2521203","772-735-5697.100","CLOSD","5100 Monument AVE Unit#801","23230","Henrico","Condominium","09/22/2025","$209,900","$205,000","29","Resale (occupied at least once)","1961","5100 Monument","820","0.01","1","1.0","Public Water","Sewer - Public","Conventional","Individuals"
"1","2520898","W019-0125-002","CLOSD","4719 Monument AVE","23230","Richmond City","Single Family Residence","09/22/2025","$674,999","$665,000","26","Resale (occupied at least once)","1952","Monument Avenue Park","1,738","0.15","3","2.1","Public Water","Sewer - Public","Conventional","Individuals"
"1","2520335","766-61-42-89-900-000","CLOSD","19333 Eanes RD","23803","Chesterfield","Single Family Residence","09/22/2025","$280,500","$271,000","23","Resale (occupied at least once)","1972","None","1,551","1.00","3","2.0","Well","Septic - Conventional","Conventional","Individuals"
"1","2520092","7797-74-4912","CLOSD","10246 Balducci PL","23116","Hanover","Single Family Residence","09/22/2025","$619,900","$620,000","6","Resale (occupied at least once)","1999","Ash Creek","2,872","0.43","4","2.1","Public Water","Sewer - Public","Conventional","Individuals"
"1","2519877","038E-1-33","CLOSD","3891 Grove Tavern LN","23139","Powhatan","Single Family Residence","09/22/2025","$500,000","$515,000","2","Resale (occupied at least once)","2005","Scottville At Powhatan Courthouse","2,054","0.21","2","2.1","Public Water","Sewer - Public","Cash","Individuals"
"1","2518998","W000-1915-017","CLOSD","4210 Park AVE","23221","Richmond City","Single Family Residence","09/22/2025","$735,000","$735,000","8","Resale (occupied at least once)","1938","Leonard Heights","2,421","0.17","4","2.1","Public Water","Sewer - Public","Conventional","Individuals"
"1","2518920","019-2A-6","CLOSD","3180 Judes Ferry RD","23139","Powhatan","Single Family Residence","09/22/2025","$524,500","$524,500","25","Resale (occupied at least once)","1987","River Commons","2,034","4.06","3","2.1","Well","Septic - Conventional","Conventional","Individuals"
"1","2518899","764-757-8973.135","CLOSD","7707 Odonnell CT Unit#2103","23228","Henrico","Condominium","09/22/2025","$209,950","$205,000","45","Resale (occupied at least once)","1986","Shannon Green Condo","848","0.01","2","2.0","Public Water","Sewer - Public","Conventional","Individuals"
"1","2518864","719-71-25-59-100-000","CLOSD","14906 Bridge Spring DR","23113","Chesterfield","Single Family Residence","09/22/2025","$595,000","$585,000","14","Resale (occupied at least once)","2015","Brookcreek Crossing","2,869","0.26","5","3.0","Public Water","Sewer - Public","Conventional","Individuals"
"1","2518372","730-66-25-62-500-000","CLOSD","9913 Craftsbury DR","23112","Chesterfield","Single Family Residence","09/22/2025","$593,500","$575,000","60","Resale (occupied at least once)","2022","Collington East","2,979","0.19","5","3.0","Public Water","Sewer - Public","Cash","Individuals"
"1","2518008","7778-11-5989","CLOSD","11159 Broken Bit LN","23005","Hanover","Single Family Residence","09/22/2025","$940,000","$930,000","47","Resale (occupied at least once)","2017","Cedar Ridge Estates","2,746","10.00","4","3.1","Well","Septic - Conventional","Conventional","Individuals"
"1","2517709","12-13-0-9-0","CLOSD","4290 Three Chopt RD","23065","Goochland","Single Family Residence","09/22/2025","$600,000","$570,000","45","Resale (occupied at least once)","2007","Ham-Lin Oaks","2,313","7.00","3","2.1","Well","Septic - Engineered","Cash","Individuals"
"1","2517451","7870-60-8097","CLOSD","702 S Center ST","23005","Hanover","Single Family Residence","09/22/2025","$950,000","$950,000","6","Resale (occupied at least once)","1840","None","3,008","0.80","4","2.1","Public Water","Sewer - Public","Conventional","Individuals"
"1","2517371","738-71-34-37-200-098","CLOSD","11808 N Briar Patch DR","22313","Chesterfield","Condominium","09/22/2025","$229,900","$230,900","24","Resale (occupied at least once)","1974","Briarwood Hearth","","25.94","3","2.1","Public Water","Sewer - Public","Cash","Individuals"
"1","2515229","757-65-28-00-300-000","CLOSD","11430 Avocet DR","23838","Chesterfield","Single Family Residence","09/22/2025","$685,000","$675,000","100","Resale (occupied at least once)","1994","Woodland Pond","3,806","1.52","5","2.1","Public Water","Septic - Conventional","Conventional","Individuals"
"501","2511679","731-70-60-67-900-078","CLOSD","13285 Coalfield Station LN","23114","Chesterfield","Condominium","09/22/2025","$424,000","$427,000","100","Resale (occupied at least once)","2023","Coalfield Station","2,208","","3","2.1","Public Water","Sewer - Public","Conventional","Individuals"
"501","2510592","N0000637043","CLOSD","2611 Montrose","23222","Richmond City","Single Family Residence","09/22/2025","$620,000","$615,000","119","New (never occupied)","2024","Battery Court Addition","","","4","3.1","Public Water","Sewer - Public","Conventional","Corporate"
"501","2507376","79065126640000","CLOSD","4318 Poplar Village DR","23831","Chesterfield","Single Family Residence","09/22/2025","$492,469","$493,104","0","New (never occupied)","2025","Poplar Village","","0.35","4","2.1","Public Water","Sewer - Public","Cash","Corporate"
"501","2507095","046A-2A-6","CLOSD","6340 Springside DR","23139","Powhatan","Single Family Residence","09/22/2025","$319,900","$319,900","163","Resale (occupied at least once)","2021","Slate Springs","1,144","2.17","3","2.0","Well","Septic - Conventional","Conventional","Individuals"
"501","2524195","766-756-7304","CLOSD","5507 Eunice DR","23228","Henrico","Single Family Residence","09/23/2025","$344,950","$345,000","4","Resale (occupied at least once)","1985","Laurel View","1,170","0.28","3","2.0","Public Water","Sewer - Public","Conventional","Individuals"
"501","2509274","697673785800000","CLOSD","6707 Holly Crest CT","23120","Chesterfield","Single Family Residence","09/23/2025","$609,990","$750,000","15","New (never occupied)","2025","Magnolia Green","","","5","3.0","Public Water","Sewer - Public","Conventional","Corporate"
"501","2520530","817-64-76-94-600-000","CLOSD","600 Rothschild DR","23836","Chesterfield","Single Family Residence","09/23/2025","$450,000","$450,000","32","Resale (occupied at least once)","1990","New Rochelle At Rochedale","2,508","0.51","4","2.1","Public Water","Sewer - Public","FHA New","Individuals"
"501","2513457","768-760-1507","CLOSD","8049 Lake Laurel LN Unit#B","23060","Henrico","Condominium","09/23/2025","$399,990","$399,990","2","New (never occupied)","2025","None","2,498","","3","2.1","Public Water","Sewer - Public","Conventional","Corporate"
"501","2523134","757-65-30-91-600-000","CLOSD","9300 Owl Trace CT","23838","Chesterfield","Single Family Residence","09/23/2025","$649,500","$638,000","8","Resale (occupied at least once)","1991","Woodland Pond","4,148","2.79","4","2.1","Public Water","Septic - Conventional","Conventional","Individuals"
"501","2522828","700-68-74-88-100-000","CLOSD","4112 Tuckmar Pond DR","23120","Chesterfield","Single Family Residence","09/23/2025","$679,950","$679,950","13","New (never occupied)","2025","Tuckmar Farm","","0.43","4","2.1","Public Water","Sewer - Public","Conventional","Corporate"
"501","2518940","726-71-41-07-500-000","CLOSD","2242 Banstead RD","23113","Chesterfield","Single Family Residence","09/23/2025","$649,950","$645,000","22","Resale (occupied at least once)","1979","Salisbury","2,742","0.71","4","2.1","Public Water","Sewer - Public","FHA New","Individuals"
"501","2519945","029A-8Y-4","CLOSD","2447 Ocala DR","23139","Powhatan","Single Family Residence","09/23/2025","$290,000","$290,000","4","Resale (occupied at least once)","1998","Lake Shawnee","1,188","0.39","3","2.0","Well","Septic - Conventional","Conventional","Individuals"
"501","2523269","773-64-47-60-000-000","CLOSD","13813 Bluff Ridge DR","23838","Chesterfield","Single Family Residence","09/23/2025","$489,950","$485,000","3","Resale (occupied at least once)","1997","Amstel Bluff","3,023","1.03","5","2.1","Public Water","Septic - Conventional","Conventional","Individuals"
"501","2507630","716673644600000","CLOSD","6452 Lila Crest LN","23112","Chesterfield","Single Family Residence","09/23/2025","$416,240","$416,240","0","New (never occupied)","2025","Cottages At Millwood","1,617","","3","2.1","Public Water","Sewer - Public","Conventional","Corporate"
"501","2504604","Not Yet Assigned","CLOSD","3837 Kinalin LN","23234","Richmond City","Single Family Residence","09/23/2025","$371,405","$373,805","49","New (never occupied)","2025","Kinwick","1,270","","3","2.0","Public Water","Sewer - Public","Conventional","Corporate"
"501","2522747","785667892700000","CLOSD","9516 Fuchsia DR","23237","Chesterfield","Single Family Residence","09/23/2025","$439,990","$446,990","6","New (never occupied)","2025","Magnolia Crossing at Centralia","","","4","2.1","Public Water","Sewer - Public","FHA New","Corporate"
"501","2522277","735-71-07-77-800-000","CLOSD","12305 Little Pond LN","23113","Chesterfield","Single Family Residence","09/23/2025","$394,900","$389,900","18","Resale (occupied at least once)","1978","Olde Coach Village","1,704","0.37","4","1.2","Public Water","Sewer - Public","Conventional","Individuals"
"501","2521216","787-65-10-61-700-000","CLOSD","10525 Morehead DR","23831","Chesterfield","Single Family Residence","09/23/2025","$401,800","$410,000","24","Resale (occupied at least once)","1966","Bruce Farms","2,720","0.83","3","2.1","Public Water","Septic - Conventional","FHA New","Individuals"
"501","2519985","776-752-6713","CLOSD","7412 Vernon RD","23228","Henrico","Single Family Residence","09/23/2025","$335,000","$335,000","23","Resale (occupied at least once)","1949","Woodland Hills","1,227","0.22","3","1.1","Public Water","Sewer - Public","Conventional","Individuals"
"501","2428373","8724-27-6806","CLOSD","7728 Marshall Arch DR","23111","Hanover","Townhouse","09/23/2025","$393,000","$393,000","292","Resale (occupied at least once)","2009","Liberty Trace","2,178","0.08","3","2.1","Public Water","Sewer - Public","Conventional","Individuals"
"501","2522662","754-752-8979","CLOSD","2508 Haviland DR","23229","Henrico","Single Family Residence","09/23/2025","$385,000","$385,000","3","Resale (occupied at least once)","1962","Westbriar","1,544","0.24","3","2.0","Public Water","Sewer - Public","FHA New","Individuals"
"501","2522169","827-720-1700","CLOSD","1907 Repp ST","23075","Henrico","Townhouse","09/23/2025","$179,000","$185,000","0","Resale (occupied at least once)","1973","Fairlawn Townhouses","1,085","0.06","3","1.1","Public Water","Sewer - Public","FHA New","Individuals"
"501","2512102","716-67-22-46-000-000","CLOSD","15343 Sunray WAY","23112","Chesterfield","Townhouse","09/23/2025","$441,560","$427,679","0","New (never occupied)","2025","Oasis Townhomes","","","2","3.1","Public Water","Sewer - Public","Conventional","Corporate"
"501","2523348","802-731-3729","CLOSD","1901 Johnson CT","23223","Henrico","Single Family Residence","09/23/2025","$299,000","$305,000","5","Resale (occupied at least once)","2005","Oak Hill","1,417","0.23","3","2.0","Public Water","Sewer - Public","FHA New","Individuals"
"501","2522663","738-65-77-00-000-000","CLOSD","10750 Trailwood DR","23832","Chesterfield","Single Family Residence","09/23/2025","$369,950","$375,000","5","Resale (occupied at least once)","1979","Quail Hollow","1,506","0.70","3","2.1","Well","Septic - Conventional","Conventional","Individuals"
"501","2518059","780-66-57-34-800-000","CLOSD","5354 Thornington DR","23237","Chesterfield","Single Family Residence","09/23/2025","$230,000","$205,000","14","Resale (occupied at least once)","1978","Centralia Gardens","1,200","0.34","3","1.1","Public Water","Sewer - Public","Cash","Other"
"501","2522900","C008-0804-024","CLOSD","6315 Shadybrook LN","23224","Richmond City","Single Family Residence","09/23/2025","$395,000","$395,000","9","Resale (occupied at least once)","1957","Brookhaven Farms","2,604","0.54","4","2.0","Public Water","Sewer - Public","Conventional","Individuals"
"501","2518521","022-1-7A","CLOSD","6434 Anderson HWY","23139","Powhatan","Single Family Residence","09/23/2025","$356,500","$356,500","40","Resale (occupied at least once)","2003","None","1,416","2.00","3","2.0","Well","Septic - Conventional","FHA New","Individuals"
"501","2510219","769-774-5115","CLOSD","3900 Lyons Mill LN","23059","Henrico","Single Family Residence","09/23/2025","$1,228,490","$1,203,490","25","New (never occupied)","2025","None","","0.49","7","6.1","Public Water","Sewer - Public","Conventional","Corporate"
"501","2520024","815-726-8638","CLOSD","2 Ainsworth LN","23223","Henrico","Single Family Residence","09/23/2025","$360,000","$360,000","36","Resale (occupied at least once)","1937","None","1,227","0.29","3","3.0","Public Water","Sewer - Public","FHA New","Individuals"
"501","2522961","20        73B","CLOSD","7520 Airport RD","23141","New Kent","Single Family Residence","09/23/2025","$495,000","$495,000","6","Resale (occupied at least once)","1987","None","6,042","4.70","4","2.1","Well","Septic - Conventional","Conventional","Individuals"
"501","2520527","8724-19-2662","CLOSD","7980 Elliott DR","23111","Hanover","Single Family Residence","09/23/2025","$389,900","$382,000","44","Resale (occupied at least once)","1960","Dogwood Knoll","2,096","0.45","3","2.0","Public Water","Sewer - Public","Cash","Individuals"
"501","2519393","772-749-0924","CLOSD","7204 Birch Point DR","23228","Henrico","Townhouse","09/23/2025","$400,000","$395,000","15","Resale (occupied at least once)","2009","Glenside Woods","2,052","0.07","3","2.1","Public Water","Sewer - Public","Conventional","Individuals"
"501","2523469","N000-1155-009","CLOSD","730 E Gladstone AVE","23222","Richmond City","Single Family Residence","09/23/2025","$220,000","$220,000","3","Resale (occupied at least once)","1924","Providence Park","1,100","0.07","3","1.0","Public Water","Sewer - Public","Conventional","Partnership"
"501","2523318","W000-1030-024","CLOSD","2318 Maplewood AVE","23220","Richmond City","Single Family Residence","09/23/2025","$625,000","$635,000","7","Resale (occupied at least once)","1923","None","2,370","0.06","3","2.1","Public Water","Sewer - Public","Conventional","Individuals"
"501","2523148","817-722-8366","CLOSD","849 Pleasant ST","23075","Henrico","Townhouse","09/23/2025","$225,000","$225,000","2","Resale (occupied at least once)","1973","Vivania Hall","1,218","0.03","3","1.1","Public Water","Sewer - Public","FHA New","Individuals"
"501","2523068","780-747-3314","CLOSD","2300 Martin ST","23228","Henrico","Single Family Residence","09/23/2025","$299,500","$304,500","6","Resale (occupied at least once)","1959","Park View","1,992","0.18","3","2.0","Public Water","Sewer - Public","Conventional","Individuals"
"501","2523049","790-738-5634","CLOSD","210 W Laburnum AVE","23222","Henrico","Single Family Residence","09/23/2025","$150,000","$150,000","4","Resale (occupied at least once)","1946","Chatham Place","1,164","0.19","2","1.0","Public Water","Sewer - Public","Other","Individuals"
"501","2522440","N000-1028-017","CLOSD","3013 Seminary AVE","23227","Richmond City","Single Family Residence","09/23/2025","$1,400,000","$1,510,000","7","Resale (occupied at least once)","1915","Ginter Park","7,536","0.54","4","3.1","Public Water","Sewer - Public","Conventional","Individuals"
"501","2522052","700-68-88-10-000-000","CLOSD","4173 Tuckmar Pond DR","23120","Chesterfield","Single Family Residence","09/23/2025","$739,950","$720,000","10","New (never occupied)","2025","Tuckmar Farm","3,138","0.35","4","3.1","Public Water","Sewer - Public","Cash","Corporate"
"501","2522018","813-733-6881","CLOSD","4324 Bridle Run LN","23223","Henrico","Single Family Residence","09/23/2025","$460,000","$460,000","11","Resale (occupied at least once)","2011","Hillcrest Farms","3,504","0.31","4","2.1","Public Water","Sewer - Public","Other","Individuals"
"501","2520175","771-741-1201","CLOSD","2106 Hampstead AVE","23230","Henrico","Single Family Residence","09/23/2025","$270,000","$258,000","42","Resale (occupied at least once)","1952","Westmont","948","0.21","2","1.0","Public Water","Sewer - Public","Conventional","Corporate"
"501","2520039","743-71-36-01-200-000","CLOSD","1913 Millsap LN","23235","Chesterfield","Single Family Residence","09/23/2025","$399,000","$399,000","5","Resale (occupied at least once)","1980","Country Place","1,536","0.18","3","2.1","Public Water","Sewer - Public","Conventional","Individuals"
"501","2519862","797-712-4325","CLOSD","32 Capital Trail ROW","23231","Henrico","Townhouse","09/23/2025","$689,950","$675,000","30","Resale (occupied at least once)","2017","Village Of Rocketts Landing","2,346","0.03","3","3.2","Public Water","Sewer - Public","Conventional","Individuals"
"501","2518194","754-750-4662","CLOSD","8803 Basswood RD","23229","Henrico","Single Family Residence","09/23/2025","$415,000","$400,000","20","Resale (occupied at least once)","1963","Wedgewood Park","1,900","0.28","4","2.1","Public Water","Sewer - Public","Conventional","Individuals"
"501","2516455","752-70-17-77-800-000","CLOSD","125 Rosegill RD","23236","Chesterfield","Single Family Residence","09/23/2025","$359,000","$354,500","7","Resale (occupied at least once)","1973","Archway","1,988","0.27","4","2.0","Public Water","Sewer - Public","Cash","Corporate"
"501","2515728","63-38-0-33-0","CLOSD","308 Victoria WAY","23238","Goochland","Single Family Residence","09/23/2025","$934,000","$934,000","40","Resale (occupied at least once)","2006","Creekmore Park","3,708","0.47","4","3.1","Public Water","Sewer - Public","Conventional","Individuals"
"501","2513979","826-66-13-93-200-000","CLOSD","11942 Channelmark DR","23836","Chesterfield","Single Family Residence","09/23/2025","$849,950","$820,000","83","Resale (occupied at least once)","2020","Meadowville Landing","5,772","0.58","5","4.1","Public Water","Sewer - Public","Conventional","Individuals"
"501","2513976","696671281700000","CLOSD","18709 Palisades Cove TRL","23120","Chesterfield","Townhouse","09/23/2025","$424,135","$424,135","90","New (never occupied)","2025","Magnolia Green","1,829","","3","2.1","Public Water","Sewer - Public","Cash","Corporate"
"501","2512610","731-764-3831","CLOSD","3325 Haydenpark LN","23233","Henrico","Townhouse","09/23/2025","$898,291","$899,781","95","New (never occupied)","2025","Greengate","3,033","","4","4.1","Public Water","Sewer - Public","Conventional","Corporate"
"501","2504448","824659339500000","CLOSD","1812 Outrigger DR","23836","Chesterfield","Single Family Residence","09/23/2025","$495,890","$495,890","36","New (never occupied)","2025","Twin Rivers","1,541","0.15","4","3.0","Public Water","Sewer - Public","Conventional","Corporate"
"501","2504024","W020-0063-037","CLOSD","5315 Stokes LN","23226","Richmond City","Single Family Residence","09/23/2025","$505,000","$462,500","142","Resale (occupied at least once)","1960","Westwood","1,514","0.11","4","2.1","Public Water","Sewer - Public","Other","Corporate"
"501","2421092","64-32-0-5-0","CLOSD","175 Blair Estates CT","23238","Goochland","Single Family Residence","09/23/2025","$1,267,386","$1,527,064","29","New (never occupied)","2024","Blair Estates","5,000","","5","4.1","Public Water","Sewer - Public","VA New","Corporate"
"501","2418962","715689576300000","CLOSD","3506 Heaton CT","23112","Chesterfield","Single Family Residence","09/23/2025","$875,130","$910,725","0","New (never occupied)","2024","Rountrey","3,252","","4","4.0","Public Water","Sewer - Public","Conventional","Corporate"
"501","2521275","722670030900162","CLOSD","7300 Hancock Crest PL Unit#T-7","23832","Chesterfield","Townhouse","09/24/2025","$396,560","$391,560","0","New (never occupied)","2025","Hancock Village","1,525","","3","2.1","Public Water","Sewer - Public","FHA New","Corporate"
"501","2504440","785-756-7093","CLOSD","8315 Scott PL","23227","Henrico","Townhouse","09/24/2025","$393,990","$391,000","159","New (never occupied)","2025","Glens at Scott Place","1,763","0.08","3","2.1","Public Water","Sewer - Public","Conventional","Corporate"
"501","2520901","742-65-94-62-200-000","CLOSD","10330 Christina RD","23832","Chesterfield","Single Family Residence","09/24/2025","$559,900","$552,400","4","Resale (occupied at least once)","1989","Huntwood","3,173","0.89","5","3.1","Well","Septic - Conventional","Conventional","Individuals"
"501","2513433","772677195200000","CLOSD","6004 Banyan LN","23234","Chesterfield","Townhouse","09/24/2025","$359,990","$359,990","15","New (never occupied)","2025","Watermark","","","3","2.1","Public Water","Sewer - Public","FHA New","Corporate"
"501","2510106","8707-70-8257","CLOSD","10426 Odette Estate LN Unit#S2","23116","Hanover","Townhouse","09/24/2025","$521,605","$566,038","4","New (never occupied)","2025","Stags Leap","","0.12","2","2.0","Public Water","Sewer - Public","Cash","Corporate"
"501","2508207","790652641300000","CLOSD","4224 Poplar Village DR","23035","Chesterfield","Single Family Residence","09/24/2025","$480,467","$480,562","2","New (never occupied)","2025","Poplar Village","","0.21","5","2.1","Public Water","Sewer - Public","Conventional","Corporate"
"501","2523185","7797-31-9133","CLOSD","10058 Beechwood DR","23116","Hanover","Single Family Residence","09/24/2025","$375,000","$368,000","11","Resale (occupied at least once)","1967","Beechwood Farms","3,502","0.51","3","3.0","Public Water","Sewer - Public","Conventional","Individuals"
"501","2521772","C0011100027","CLOSD","3108 Lake Village DR","23235","Richmond City","Condominium","09/24/2025","$260,000","$250,000","12","Resale (occupied at least once)","1987","Summerhill At Stony Point Condo","","","2","1.0","Public Water","Sewer - Public","Cash","Individuals"
"501","2520743","8047357285","CLOSD","3817 Pinewood Glen","23223","Henrico","Single Family Residence","09/24/2025","$259,900","$259,900","27","Resale (occupied at least once)","1997","Pinewood Glen","","0.19","3","1.1","Public Water","Sewer - Public","VHDA/FHA","Individuals"
"501","2522905","779-66-57-45-400-000","CLOSD","9408 Chipping DR","23237","Chesterfield","Single Family Residence","09/24/2025","$355,000","$365,000","4","Resale (occupied at least once)","1984","Salem Woods","1,592","0.17","3","2.1","Public Water","Sewer - Public","FHA New","Individuals"
"501","2517834","N0001034021","CLOSD","3014 Edgewood AVE","23222","Richmond City","Single Family Residence","09/24/2025","$559,950","$549,000","67","Resale (occupied at least once)","1921","Ginter Park Terrace","","0.15","4","3.1","Public Water","Sewer - Public","Cash","Corporate"
"501","2523954","N000-0862-012","CLOSD","2919 Northumberland AVE","23220","Richmond City","Single Family Residence","09/24/2025","$499,990","$520,000","4","Resale (occupied at least once)","1925","Harrison Place","2,218","0.21","3","2.1","Public Water","Sewer - Public","Conventional","Individuals"
"501","2514126","W000-0014-025","CLOSD","6 N 6th ST Unit#U2B","23219","Richmond City","Condominium","09/24/2025","$320,000","$300,000","75","Resale (occupied at least once)","1914","None","1,239","0.00","2","2.0","Public Water","Sewer - Public","Cash","Individuals"
"501","2521134","792666037500000","CLOSD","9825 Proctors RD","23237","Chesterfield","Single Family Residence","09/24/2025","$279,900","$273,000","32","Resale (occupied at least once)","1964","Quail Oaks","","","3","1.0","Public Water","Sewer - Public","Conventional","Estate"
"501","2520310","760-752-3755","CLOSD","3003 Dancer RD","23294","Henrico","Single Family Residence","09/24/2025","$379,000","$370,000","29","Resale (occupied at least once)","1961","Tuckahoe Park","1,862","0.33","3","1.1","Public Water","Sewer - Public","Cash","Individuals"
"501","2524394","773-66-92-71-800-000","CLOSD","8804 Leisure LN","23237","Chesterfield","Single Family Residence","09/24/2025","$325,000","$327,000","5","Resale (occupied at least once)","1991","The Park","1,356","0.25","3","2.0","Public Water","Sewer - Public","Conventional","Individuals"
"501","2519059","19-15-0-3-0","CLOSD","3611 Brandons Bluff CT","23153","Goochland","Single Family Residence","09/24/2025","$850,000","$750,000","50","Resale (occupied at least once)","2005","None","4,327","6.18","3","2.1","Well","Septic - Conventional","FHA New","Individuals"
"501","2429717","700-68-84-10-500-000","CLOSD","4024 Tuckmar Pond DR","23120","Chesterfield","Single Family Residence","09/24/2025","$653,950","$841,777","0","New (never occupied)","2025","Tuckmar Farm","3,480","0.35","4","5.0","Public Water","Sewer - Public","Conventional","Corporate"
"501","2523914","7797-50-3226","CLOSD","10049 Doe Run PL","23116","Hanover","Single Family Residence","09/24/2025","$542,950","$545,000","4","Resale (occupied at least once)","2002","Chickahominy Oaks","2,696","0.21","4","2.1","Public Water","Sewer - Public","Conventional","Individuals"
"501","2523565","58-41-6-15-0","CLOSD","700 Milstead LN","23103","Goochland","Single Family Residence","09/24/2025","$935,000","$925,000","14","Resale (occupied at least once)","2014","Kinloch","3,128","0.34","3","3.1","Public Water","Sewer - Public","Cash","Individuals"
"501","2523212","10A  1GA   4","CLOSD","5833 Buckhunt LN","23124","New Kent","Single Family Residence","09/24/2025","$445,000","$445,000","15","Resale (occupied at least once)","2002","Deerlake","4,615","1.10","3","2.1","Public Water","Septic - Engineered","VA New","Individuals"
"501","2522887","771-736-2305.002","CLOSD","1217 Byrd AVE","23226","Henrico","Condominium","09/24/2025","$915,000","$900,000","8","Resale (occupied at least once)","2008","Monument Square Condo","3,179","0.07","4","3.2","Public Water","Sewer - Public","Other","Individuals"
"501","2522827","8725-70-1288","CLOSD","6135 Havenview DR","23111","Hanover","Single Family Residence","09/24/2025","$695,000","$700,000","8","Resale (occupied at least once)","1997","Stonegate At Pebble Creek","3,283","0.63","6","3.1","Public Water","Sewer - Public","Conventional","Individuals"
"501","2522719","S000-0763-010","CLOSD","2100 Halifax AVE","23224","Richmond City","Single Family Residence","09/24/2025","$314,950","$314,950","4","Resale (occupied at least once)","2018","Mason Park","1,882","0.16","4","2.1","Public Water","Sewer - Public","Conventional","Individuals"
"501","2522708","774-748-8026","CLOSD","3022 Ruthland RD","23228","Henrico","Single Family Residence","09/24/2025","$314,995","$325,000","6","Resale (occupied at least once)","1941","Ruthland","1,085","0.27","2","1.0","Public Water","Sewer - Public","Conventional","Individuals"
"501","2522405","43-38-A-4-0","CLOSD","1666 Indy's RUN","23102","Goochland","Single Family Residence","09/24/2025","$925,000","$915,000","18","Resale (occupied at least once)","2018","Breeze Hill","3,479","2.62","4","3.1","Well","Septic - Engineered","Cash","Individuals"
"501","2521763","731-71-72-03-500-000","CLOSD","2610 Radstock RD","23113","Chesterfield","Single Family Residence","09/24/2025","$895,950","$900,000","5","Resale (occupied at least once)","1979","Salisbury","2,725","1.01","4","2.1","Public Water","Septic - Conventional","Conventional","Individuals"
"501","2521742","733-750-6085","CLOSD","12412 Locustgrove RD","23238","Henrico","Single Family Residence","09/24/2025","$295,000","$300,500","3","Resale (occupied at least once)","1984","Heritage Oaks","1,508","0.22","3","2.0","Public Water","Sewer - Public","Conventional","Individuals"
"501","2521729","57-16-0-6-0","CLOSD","1397 Gray Fox RD","23103","Goochland","Single Family Residence","09/24/2025","$949,000","$1,015,000","14","Resale (occupied at least once)","1996","None","2,955","5.00","4","2.1","Well","Septic - Conventional","Conventional","Individuals"
"501","2521366","731-62-31-45-000-000","CLOSD","13519 Pungo CT","23838","Chesterfield","Single Family Residence","09/24/2025","$1,195,000","$1,191,000","6","Resale (occupied at least once)","2006","Chesdin Landing","5,225","3.55","5","5.2","Public Water","Septic - Conventional","Conventional","Individuals"
"501","2520511","019C-3-16","CLOSD","2965 Elioch Manor DR","23139","Powhatan","Single Family Residence","09/24/2025","$885,000","$845,000","8","Resale (occupied at least once)","2007","Elioch Trace","3,420","2.10","4","3.1","Well","Septic - Engineered","Cash","Individuals"
"501","2519865","745-740-1443","CLOSD","1114 Marney CT Unit#VV-1","23229","Henrico","Townhouse","09/24/2025","$1,050,000","$995,000","16","Resale (occupied at least once)","2016","Grayson Hill","3,672","0.12","3","3.1","Public Water","Sewer - Public","Cash","Estate"
"501","2519845","W000-0849-055","CLOSD","1921 W Cary ST Unit#A","23220","Richmond City","Condominium","09/24/2025","$329,600","$335,000","4","Resale (occupied at least once)","2006","Lofts at Cary Place Condo","1,061","0.75","2","2.0","Public Water","Sewer - Public","Cash","Estate"
"501","2519785","754-754-1730","CLOSD","2810 Queensland DR","23294","Henrico","Townhouse","09/24/2025","$320,000","$320,000","12","Resale (occupied at least once)","1998","Pemberton Oaks Townhouses","1,376","0.04","2","2.1","Public Water","Sewer - Public","Conventional","Individuals"
"501","2517178","738-745-9523","CLOSD","1504 Stoneycreek CT","23238","Henrico","Single Family Residence","09/24/2025","$650,000","$620,000","66","Resale (occupied at least once)","1976","Kingsley","3,456","0.49","5","3.0","Public Water","Sewer - Public","Cash","Individuals"
"501","2516899","710-64-80-07-100-000","CLOSD","11601 Black RD","23838","Chesterfield","Single Family Residence","09/24/2025","$589,950","$575,000","66","Resale (occupied at least once)","1997","None","1,998","5.02","3","2.1","Well","Septic - Conventional","Conventional","Individuals"
"501","2514748","716-68-62-70-200-000","CLOSD","4030 Water Overlook BLVD","23112","Chesterfield","Single Family Residence","09/24/2025","$795,000","$809,000","91","Resale (occupied at least once)","2008","Cambria Cove","5,526","0.68","4","3.1","Public Water","Sewer - Public","Conventional","Individuals"
"501","2511666","W000-0142-021","CLOSD","610 Albemarle ST","23220","Richmond City","Single Family Residence","09/24/2025","$349,950","$345,000","110","Resale (occupied at least once)","1900","None","1,282","0.04","4","1.1","Public Water","Sewer - Public","Conventional","Corporate"
"501","2505228","047-24","CLOSD","1200 Gills RD","23139","Powhatan","Single Family Residence","09/24/2025","$995,000","$995,000","100","Resale (occupied at least once)","1840","None","2,792","223.42","3","2.1","Well","Septic - Conventional","Conventional","Individuals"
"501","2413933","733-72-57-32-700-000","CLOSD","4054 Bircham LOOP","23113","Chesterfield","Single Family Residence","09/24/2025","$799,000","$945,243","9","New (never occupied)","2024","Tarrington","2,827","0.26","4","3.0","Public Water","Sewer - Public","Conventional","Corporate"
"501","BRTVAHN2000936","782-772-4216","CLOSD","4005 Sweet Azalea ROW","23059","Henrico","Single Family Residence","09/24/2025","$640,000","$625,000","24","Resale (occupied at least once)","2020","NONE AVAILABLE","2,542","0.00","4","3.0","Public Water","Public Sewer On Site","",""
"501","2522850","C009-0551-008","CLOSD","4332 Warwick RD","23234","Richmond City","Single Family Residence","09/25/2025","$267,500","$267,000","12","Resale (occupied at least once)","1967","Wendell Farms","931","0.25","3","2.0","Public Water","Sewer - Public","FHA New","Corporate"
"501","2521054","N000-2043-011","CLOSD","3904 Brook RD","23227","Richmond City","Single Family Residence","09/25/2025","$799,950","$799,950","9","Resale (occupied at least once)","1925","Brookdale","2,012","0.16","5","3.0","Public Water","Sewer - Public","Cash","Corporate"
"501","2510792","741-72-53-03-400-000","CLOSD","3831 Reeds Landing CIR","23113","Chesterfield","Single Family Residence","09/25/2025","$1,425,000","$1,425,000","18","Resale (occupied at least once)","1988","Reeds Landing","7,299","0.92","6","5.1","Public Water","Septic - Conventional","Conventional","Individuals"
"501","2431253","756698103200000","CLOSD","1248 Bethany Park CT","23236","Chesterfield","Single Family Residence","09/25/2025","$464,990","$458,990","634","New (never occupied)","2024","Bethany Creek Park","2,080","","3","2.1","Public Water","Sewer - Public","VA New","Corporate"
"501","2513430","772677195200000","CLOSD","6008 Banyan LN","23234","Chesterfield","Townhouse","09/25/2025","$349,990","$349,990","64","New (never occupied)","2025","Watermark","","","3","2.1","Public Water","Sewer - Public","Other","Corporate"
"501","2520197","716-67-22-65-000-000","CLOSD","15339 Sunray ALY","23112","Chesterfield","Townhouse","09/25/2025","$452,535","$429,950","43","New (never occupied)","2025","Oasis Townhomes","","","4","3.1","Public Water","Sewer - Public","Conventional","Corporate"
"501","2519002","795-61-54-77-100-000","CLOSD","3605 Dupuy RD","23803","Chesterfield","Single Family Residence","09/25/2025","$255,000","$248,000","18","Resale (occupied at least once)","1940","Washington Place","1,064","0.36","3","1.1","Public Water","Sewer - Public","FHA New","Individuals"
"501","2518944","711668844600007","CLOSD","7806 Oak Grove Tree DR","23832","Chesterfield","Condominium","09/25/2025","$449,900","$448,000","48","New (never occupied)","2025","Hampton Park","","","4","3.0","Public Water","Sewer - Public","Conventional","Corporate"
"501","2521060","18A  1    13","CLOSD","1471 Yakima RD","23141","New Kent","Single Family Residence","09/25/2025","$575,000","$575,000","26","Resale (occupied at least once)","2019","Dispatch Station","4,898","2.08","4","2.1","Public Water","Septic - Conventional","Conventional","Individuals"
"501","2515154","119829","CLOSD","7779 Arbor Marsh TER","23124","New Kent","Single Family Residence","09/25/2025","$444,990","$438,490","54","New (never occupied)","2025","The Arbors At New Kent Winery","1,906","","4","2.1","Public Water","Sewer - Public","FHA New","Corporate"
"501","2513791","772677485300000","CLOSD","5904 Banyan LN","23234","Chesterfield","Townhouse","09/25/2025","$360,990","$360,990","61","New (never occupied)","2025","Watermark","","","3","2.1","Public Water","Sewer - Public","VA New","Corporate"
"501","2513613","767677696300000","CLOSD","7006 Greenholm PL","23234","Chesterfield","Single Family Residence","09/25/2025","$509,990","$511,490","56","New (never occupied)","2025","Watermark","","","4","2.1","Public Water","Sewer - Public","VA New","Corporate"
"501","2513293","767677982300000","CLOSD","7001 Sanguine MEWS","23234","Chesterfield","Single Family Residence","09/25/2025","$533,990","$500,000","33","New (never occupied)","2025","Watermark","","","5","3.0","Public Water","Sewer - Public","FHA New","Corporate"
"501","2511716","119724","CLOSD","7788 Arbor Marsh TER","23124","New Kent","Single Family Residence","09/25/2025","$436,990","$436,990","35","New (never occupied)","2025","The Arbors At New Kent Winery","2,220","","4","2.0","Public Water","Community - Sewer/Septic","Conventional","Corporate"
"501","2511311","119734","CLOSD","7798 Arbor Marsh TER","23124","New Kent","Single Family Residence","09/25/2025","$436,990","$436,990","9","New (never occupied)","2025","The Arbors At New Kent Winery","2,220","","4","2.0","Public Water","Community - Sewer/Septic","FHA New","Corporate"
"501","2507341","7906525405","CLOSD","4236 Poplar Village Drive","23035","Chesterfield","Single Family Residence","09/25/2025","$532,009","$531,544","0","New (never occupied)","2025","Poplar Village","","0.21","4","2.1","Public Water","Community - Sewer/Septic","Conventional","Corporate"
"501","2520800","836-712-5887","CLOSD","2266 Palm CT","23150","Henrico","Townhouse","09/25/2025","$369,990","$369,990","36","New (never occupied)","2025","Landmark","","","3","2.1","Public Water","Sewer - Public","FHA New","Corporate"
"501","2517339","716-67-23-65-800-000","CLOSD","15313 Sunray WAY","23112","Chesterfield","Townhouse","09/25/2025","$438,085","$418,950","71","New (never occupied)","2025","Oasis Townhomes","","","4","3.1","Public Water","Sewer - Public","Conventional","Corporate"
"501","2523232","712672555200478","CLOSD","15801 Hallowell RDG Unit#304","23120","Chesterfield","Condominium","09/25/2025","$304,990","$298,490","15","New (never occupied)","2025","Greenwich Walk At Foxcreek","","","2","2.0","Public Water","Sewer - Public","Cash","Corporate"
"501","2521503","759-68-89-37-100-000","CLOSD","8510 Hunton CIR","23235","Chesterfield","Single Family Residence","09/25/2025","$420,000","$420,000","22","Resale (occupied at least once)","1978","Bedford","3,248","0.72","4","3.0","Public Water","Sewer - Public","Conventional","Individuals"
"501","2430246","699-69-05-40-900-000","CLOSD","18307 Harvest View CT","23120","Chesterfield","Single Family Residence","09/25/2025","$660,950","$819,081","0","New (never occupied)","2025","Tuckmar Farm","2,897","","4","3.0","Public Water","Sewer - Public","Conventional","Corporate"
"501","2520536","765-739-7908","CLOSD","1003 Christie RD","23226","Henrico","Single Family Residence","09/25/2025","$619,999","$599,500","25","Resale (occupied at least once)","1957","Belle Air","1,456","0.24","3","2.0","Public Water","Sewer - Public","Conventional","Partnership"
"501","2523093","052G-1-1","CLOSD","1363 Meadow Grove DR","23139","Powhatan","Single Family Residence","09/25/2025","$859,950","$859,950","7","New (never occupied)","2025","None","","2.45","4","3.1","Well","Septic - Conventional","Conventional","Corporate"
"501","2521540","850-683-3180","CLOSD","6001 Bootsie BLVD","23231","Henrico","Single Family Residence","09/25/2025","$469,999","$466,000","14","Resale (occupied at least once)","2005","Estates At Willis Church","2,652","2.51","4","2.1","Well","Septic - Engineered","Conventional","Individuals"
"501","2518893","786-64-25-85-800-000","CLOSD","14313 Woodleigh DR","23831","Chesterfield","Single Family Residence","09/25/2025","$509,950","$500,000","52","Resale (occupied at least once)","2003","Stoney Glen South","2,971","0.39","5","3.1","Public Water","Sewer - Public","FHA New","Individuals"
"501","2521897","801-735-0673","CLOSD","3702 Pemberton AVE","23222","Henrico","Single Family Residence","09/25/2025","$265,000","$265,000","11","Resale (occupied at least once)","1948","Pleasant View","1,356","0.19","4","2.0","Public Water","Sewer - Public","Conventional","Estate"
"501","2517193","810-729-7908","CLOSD","1034 Aubuchon RD","23223","Henrico","Single Family Residence","09/25/2025","$299,999","$299,999","36","Resale (occupied at least once)","1990","Mitcheltree","1,512","0.18","3","1.1","Public Water","Sewer - Public","FHA New","Individuals"
"501","2522616","19B1 7AA  24","CLOSD","3301 Pointe DR","23141","New Kent","Single Family Residence","09/25/2025","$429,950","$410,000","16","Resale (occupied at least once)","1989","Five Lakes","4,620","0.69","3","3.0","Public Water","Septic - Conventional","VA New","Individuals"
"501","2521118","741-68-81-61-300-000","CLOSD","11907 Tadley CT","23112","Chesterfield","Single Family Residence","09/25/2025","$450,000","$445,000","12","Resale (occupied at least once)","2014","Walnut Grove","2,004","0.32","4","2.1","Public Water","Sewer - Public","Conventional","Individuals"
"501","2510676","716-67-22-76-000-000","CLOSD","15337 Sunray WAY","23112","Chesterfield","Townhouse","09/25/2025","$444,950","$448,715","0","New (never occupied)","2025","Oasis Townhomes","","","4","3.1","Public Water","Sewer - Public","Conventional","Corporate"
"501","2517417","716679296700000","CLOSD","16007 Canoe Pointe LOOP","23120","Chesterfield","Single Family Residence","09/25/2025","$609,170","$664,166","0","New (never occupied)","2025","Woolridge Landing","1,838","","3","3.0","Public Water","Sewer - Public","Cash","Corporate"
"501","2522044","795-64-51-69-500-000","CLOSD","3325 Appleford DR","23831","Chesterfield","Single Family Residence","09/25/2025","$379,900","$379,900","10","Resale (occupied at least once)","1994","Longmeadow","1,832","0.24","3","2.1","Public Water","Sewer - Public","VA New","Individuals"
"501","2524147","738-71-00-16-500-000","CLOSD","11900 Corianna LN","23113","Chesterfield","Single Family Residence","09/25/2025","$360,000","$311,000","14","Resale (occupied at least once)","1974","Olde Coach Village","2,132","0.39","4","2.1","Public Water","Sewer - Public","Other","Individuals"
"501","2524016","W000-1207-044","CLOSD","503 N Arthur Ashe BLVD Unit#U9","23220","Richmond City","Condominium","09/25/2025","$305,000","$295,000","9","Resale (occupied at least once)","1928","Tuscan Villas Condominiums","890","0.00","2","1.0","Public Water","Sewer - Public","Cash","Individuals"
"501","2523902","C008-0594-042","CLOSD","4100 Walmsley BLVD","23234","Richmond City","Single Family Residence","09/25/2025","$236,000","$229,000","5","Resale (occupied at least once)","1941","Clydewood Park","1,455","0.32","3","1.0","Public Water","Sewer - Public","Conventional","Individuals"
"501","2523814","785-763-6161","CLOSD","9528 Brant LN","23060","Henrico","Single Family Residence","09/25/2025","$414,000","$414,000","11","Resale (occupied at least once)","1999","Telegraph Run","2,454","0.33","4","2.1","Public Water","Sewer - Public","Conventional","Individuals"
"501","2523029","W000-0119-058","CLOSD","605 Spring ST Unit#T","23220","Richmond City","Condominium","09/25/2025","$399,777","$360,000","13","Resale (occupied at least once)","2002","Parsons Row Condo","","","2","2.1","Public Water","Sewer - Public","Cash","Individuals"
"501","2522954","759-761-0804","CLOSD","4204 English Holly CIR","23294","Henrico","Single Family Residence","09/25/2025","$425,000","$425,000","0","Resale (occupied at least once)","2000","Park West","1,729","0.29","2","2.0","Public Water","Sewer - Public","Conventional","Individuals"
"501","2522943","20-3-0-3-B","CLOSD","3489 Cedar Plains RD","23153","Goochland","Single Family Residence","09/25/2025","$189,900","$280,000","20","Resale (occupied at least once)","2004","Bolling Layne Place","1,530","2.00","3","2.0","Well","Septic - Conventional","Cash","Corporate"
"501","2522768","735-748-8980","CLOSD","10814 Smithers CT","23238","Henrico","Townhouse","09/25/2025","$350,000","$350,000","6","Resale (occupied at least once)","1988","Sussex Wood","1,328","0.04","2","2.1","Public Water","Sewer - Public","Conventional","Individuals"
"501","2522712","798-737-4214","CLOSD","3822 Vawter AVE","23222","Henrico","Single Family Residence","09/25/2025","$329,950","$325,000","13","Resale (occupied at least once)","1939","East Highland Park","1,398","0.11","3","2.0","Public Water","Sewer - Public","Conventional","Corporate"
"501","2522519","E011-0227-022","CLOSD","2013 National ST","23231","Richmond City","Single Family Residence","09/25/2025","$389,950","$385,000","10","Resale (occupied at least once)","2020","Montrose Heights","1,647","0.18","3","2.0","Public Water","Sewer - Public","Conventional","Individuals"
"501","2522009","1-1-0-20-C","CLOSD","5363 Duval RD","23084","Goochland","Single Family Residence","09/25/2025","$125,000","$125,000","24","Resale (occupied at least once)","1978","None","720","1.74","2","1.0","Well","Septic - Conventional","Private","Individuals"
"501","2521660","C005-0163-030","CLOSD","5960 Forest Hill AVE","23225","Richmond City","Single Family Residence","09/25/2025","$399,000","$392,500","19","Resale (occupied at least once)","1958","Shirley Hills","1,487","0.35","3","2.0","Public Water","Sewer - Public","Cash","Individuals"
"501","2521452","744-752-6586.220","CLOSD","2119 Turtle Run DR Unit#4","23233","Henrico","Condominium","09/25/2025","$239,000","$237,000","10","Resale (occupied at least once)","1985","Turtle Creek West Condominiums","","","2","2.0","Public Water","Sewer - Public","Conventional","Individuals"
"501","2521412","W019-0306-048","CLOSD","56 E Lock LN Unit#U1","23226","Richmond City","Condominium","09/25/2025","$314,900","$316,000","3","Resale (occupied at least once)","1930","Lock Lane Condominium","758","0.02","1","1.1","Public Water","Sewer - Public","Conventional","Individuals"
"501","2521264","723-67-78-17-300-000","CLOSD","5805 Laurel Trail CT","23112","Chesterfield","Single Family Residence","09/25/2025","$354,950","$364,000","7","Resale (occupied at least once)","1986","Laurel Trail","1,623","0.24","3","2.1","Public Water","Sewer - Public","Conventional","Individuals"
"501","2520754","785-770-2887","CLOSD","9485 Pinkman RD","23059","Henrico","Townhouse","09/25/2025","$436,060","$414,000","36","New (never occupied)","2025","Village at Virginia Center Commons","1,943","","4","3.1","Public Water","Sewer - Public","Conventional","Corporate"
"501","2520366","732-763-9296","CLOSD","3214 Conningham LN","23233","Henrico","Townhouse","09/25/2025","$899,900","$899,900","7","Resale (occupied at least once)","2019","Greengate","3,398","0.04","4","4.1","Public Water","Sewer - Public","Cash","Individuals"
"501","2520341","806-692-1146","CLOSD","7614 Settlers Ridge CT","23231","Henrico","Single Family Residence","09/25/2025","$379,950","$376,000","17","Resale (occupied at least once)","2018","Settlers Ridge","1,916","0.16","2","2.0","Public Water","Sewer - Public","Cash","Individuals"
"501","2519319","C005-0352-008","CLOSD","6516 Vischer RD","23225","Richmond City","Single Family Residence","09/25/2025","$470,000","$470,000","6","Resale (occupied at least once)","2023","Westlake","2,176","0.12","3","2.1","Public Water","Sewer - Public","Conventional","Individuals"
"501","2518317","775-66-34-39-300-000","CLOSD","9515 Riddle RD","23832","Chesterfield","Single Family Residence","09/25/2025","$265,000","$265,000","2","Resale (occupied at least once)","1975","Courthouse Green","1,120","0.27","3","1.1","Public Water","Sewer - Public","Conventional","Individuals"
"501","2515601","831-713-3457","CLOSD","313 Taylor Farm LN","23150","Henrico","Single Family Residence","09/25/2025","$379,900","$375,000","74","Resale (occupied at least once)","2014","Anderson Mill","2,552","0.27","3","2.1","Public Water","Sewer - Public","VA New","Corporate"
"501","2511881","765-775-8509","CLOSD","11400 Long Meadow DR","23059","Henrico","Single Family Residence","09/25/2025","$874,950","$850,000","97","Resale (occupied at least once)","2004","Rock Spring Estates","4,938","1.64","6","4.1","Public Water","Septic - Engineered","Cash","Individuals"
"501","REIN10595531","36   1     4","CLOSD","4525 Good Hope RD","23089","New Kent","Single Family Residence","09/25/2025","$429,000","$414,000","34","Resale (occupied at least once)","1999","ALL OTHERS AREA 140","1,560","2.20","2","2.0","Well","Septic","",""
"501","2522143","7747443490.050","CLOSD","11 MEADOW LARK LN","23228","Henrico","Condominium","09/26/2025","$188,500","$165,000","13","Resale (occupied at least once)","1962","Hamlet Condominium","","0.03","3","1.1","Public Water","Sewer - Public","Cash","Individuals"
"501","2521893","727-67-13-34-700-000","CLOSD","7002 Deer Thicket DR","23112","Chesterfield","Single Family Residence","09/26/2025","$355,000","$355,000","2","Resale (occupied at least once)","1989","Antler Ridge","1,548","0.34","3","2.1","Public Water","Sewer - Public","FHA New","Individuals"
"501","2131494","717-68-93-14-100-000","CLOSD","15013 Dordon LN","23112","Chesterfield","Single Family Residence","09/26/2025","$591,490","$1,490,614","127","New (never occupied)","2019","Rountrey","2,892","0.23","4","3.0","Public Water","Sewer - Public","Cash","Corporate"
"501","2432355","770678829000000","CLOSD","6261 Belay DR","23234","Chesterfield","Townhouse","09/26/2025","$358,990","$348,990","166","New (never occupied)","2025","Watermark","1,474","","3","2.1","Public Water","Sewer - Public","FHA New","Corporate"
"501","2515041","785-760-3649.227","CLOSD","9210 Magellan PKY Unit#A","23060","Henrico","Condominium","09/26/2025","$344,590","$344,590","55","New (never occupied)","2025","Retreat at One","1,573","","2","2.1","Public Water","Sewer - Public","FHA New","Corporate"
"501","2521894","769-762-5087","CLOSD","9809 Brookemoor PL","23060","Henrico","Single Family Residence","09/26/2025","$574,950","$570,000","5","Resale (occupied at least once)","1995","Tall Oaks","3,032","0.31","4","3.1","Public Water","Sewer - Public","Conventional","Individuals"
"501","2513866","786-68-98-39-000-000","CLOSD","5103 Mill Race CIR","23234","Chesterfield","Single Family Residence","09/26/2025","$331,500","$331,000","83","Resale (occupied at least once)","1978","Shady Creek","1,584","0.31","3","1.1","Public Water","Sewer - Public","Conventional","Individuals"
"501","2514033","119830","CLOSD","7775 Arbor Marsh TER","23124","New Kent","Single Family Residence","09/26/2025","$484,990","$490,990","58","New (never occupied)","2025","The Arbors At New Kent Winery","1,953","","4","2.1","Public Water","Sewer - Public","FHA New","Corporate"
"501","2523189","738-70-45-82-500-000","CLOSD","11760 Edenberry DR","23236","Chesterfield","Single Family Residence","09/26/2025","$795,000","$795,000","5","Resale (occupied at least once)","1985","Stonehenge","4,155","0.79","5","3.1","Public Water","Septic - Conventional","Conventional","Individuals"
"501","2515069","767677940600000","CLOSD","7013 Sanguine MEWS","23234","Chesterfield","Single Family Residence","09/26/2025","$528,990","$525,990","12","New (never occupied)","2025","Watermark","","","5","3.1","Public Water","Sewer - Public","FHA New","Corporate"
"501","2511719","119726","CLOSD","7794 Arbor Marsh TER","23124","New Kent","Single Family Residence","09/26/2025","$485,990","$485,990","70","New (never occupied)","2025","The Arbors At New Kent Winery","2,340","","4","2.1","Public Water","Sewer - Public","FHA New","Corporate"
"501","2505145","836-712-2493","CLOSD","2240 Palm CT","23150","Henrico","Townhouse","09/26/2025","$334,990","$340,175","0","New (never occupied)","2024","Landmark","1,577","","3","2.1","Public Water","Sewer - Public","FHA New","Corporate"
"501","2513478","7-4-0-A-0 and 7-4-0-5-0","CLOSD","4850 Old Fredericksburg RD","23117","Goochland","Single Family Residence","09/26/2025","$524,950","$515,000","109","Resale (occupied at least once)","1993","None","2,944","6.30","4","3.0","Well","Septic - Conventional","VA New","Individuals"
"501","2513288","772677195200000","CLOSD","6020 Banyan LN","23234","Chesterfield","Townhouse","09/26/2025","$359,990","$360,990","12","New (never occupied)","2025","Watermark","","","3","2.1","Public Water","Sewer - Public","FHA New","Corporate"
"501","2521835","028D-1D-19","CLOSD","2724 Ridgeview RD","23139","Powhatan","Single Family Residence","09/26/2025","$424,950","$429,000","17","Resale (occupied at least once)","1986","Spencerwood West","2,072","1.35","3","2.1","Well","Septic - Conventional","Conventional","Individuals"
"501","2502517","8715-74-3918","CLOSD","0 Spicewood DR","23111","Hanover","Single Family Residence","09/26/2025","$568,347","$555,574","124","New (never occupied)","2025","Hanover Grove","2,364","0.43","3","2.1","Public Water","Sewer - Public","Conventional","Corporate"
"501","2521883","767-770-8143","CLOSD","3329 White Chimneys CT","23060","Henrico","Single Family Residence","09/26/2025","$574,950","$575,000","5","Resale (occupied at least once)","2000","Sheppards Way","2,970","0.35","5","2.1","Public Water","Sewer - Public","Conventional","Individuals"
"501","2521202","756-65-33-08-800-000","CLOSD","11221 Rabbit Ridge RD","23838","Chesterfield","Single Family Residence","09/26/2025","$675,000","$675,000","17","Resale (occupied at least once)","1991","Woodland Pond","3,259","1.34","5","3.1","Public Water","Septic - Conventional","Conventional","Individuals"
"501","2521160","789-68-28-23-100-000","CLOSD","2724 Swineford RD","23237","Chesterfield","Single Family Residence","09/26/2025","$345,000","$345,000","31","Resale (occupied at least once)","1971","Glen Conner","1,468","0.20","3","2.0","Public Water","Sewer - Public","Conventional","Individuals"
"501","2521050","738-759-7388","CLOSD","3125 Chestnut Grove CT","23233","Henrico","Single Family Residence","09/26/2025","$895,000","$890,000","13","Resale (occupied at least once)","1990","Stratford Glen At Wellesley","4,444","0.87","5","3.1","Public Water","Sewer - Public","Conventional","Individuals"
"501","2517346","767677946500000","CLOSD","6125 Whisperwood DR","23234","Chesterfield","Single Family Residence","09/26/2025","$526,990","$526,990","26","New (never occupied)","2025","Watermark","","","5","3.0","Public Water","Sewer - Public","VA New","Corporate"
"501","2516866","790-64-33-43-100-000","CLOSD","13920 Sandy Oak RD","23831","Chesterfield","Single Family Residence","09/26/2025","$389,900","$390,000","53","Resale (occupied at least once)","1989","Stoney Glen","2,200","0.25","4","2.1","Public Water","Sewer - Public","FHA New","Individuals"
"501","2515832","045-1B-1","CLOSD","6705 Clark RD","23139","Powhatan","Single Family Residence","09/26/2025","$272,000","$277,000","68","Resale (occupied at least once)","1994","Cumberland Gap","1,092","1.05","3","2.0","Well","Septic - Conventional","FHA New","Individuals"
"501","2512625","708661522900000","CLOSD","16900 Farthing CT","23838","Chesterfield","Single Family Residence","09/26/2025","$666,990","$661,665","78","New (never occupied)","2025","Harpers Mill","","","5","4.0","Public Water","Sewer - Public","Conventional","Corporate"
"501","2511715","119733","CLOSD","7784 Arbor Marsh TER","23124","New Kent","Single Family Residence","09/26/2025","$539,990","$539,990","56","New (never occupied)","2025","The Arbors At New Kent Winery","3,590","","4","2.1","Public Water","Sewer - Public","FHA New","Corporate"
"501","2507742","790651297000000","CLOSD","4312 Poplar Village DR","23035","Chesterfield","Single Family Residence","09/26/2025","$469,885","$473,467","2","New (never occupied)","2025","Poplar Village","","0.30","4","3.0","Public Water","Sewer - Public","Conventional","Corporate"
"501","2503820","815-686-6523","CLOSD","2501 Grantham Woods TER","23231","Henrico","Single Family Residence","09/26/2025","$449,650","$449,650","0","New (never occupied)","2025","None","2,227","","4","2.1","Public Water","Septic - Engineered","Conventional","Corporate"
"501","2501069","713-67-13-30-200-000","CLOSD","7048 Leire DR","23832","Chesterfield","Townhouse","09/26/2025","$429,900","$428,000","244","Resale (occupied at least once)","2023","Cosby Village Townhomes","2,198","","3","2.1","Public Water","Sewer - Public","Conventional","Individuals"
"501","2517950","795-64-43-89-000-000","CLOSD","3019 Ramsey DR","23831","Chesterfield","Single Family Residence","09/26/2025","$355,000","$360,000","58","Resale (occupied at least once)","1994","Somersby","1,898","1.00","3","2.1","Public Water","Sewer - Public","FHA New","Individuals"
"501","2512508","737679954100059","CLOSD","3813 Maze Runner DR","23112","Chesterfield","Condominium","09/26/2025","$306,425","$306,425","91","New (never occupied)","2025","Wescott","1,363","","2","2.0","Public Water","Sewer - Public","Conventional","Corporate"
"501","2516212","803-702-7498","CLOSD","1256 N James Estates DR","23231","Henrico","Single Family Residence","09/26/2025","$374,950","$382,950","24","Resale (occupied at least once)","2013","North James Estates","2,392","0.25","3","2.1","Public Water","Sewer - Public","FHA New","Individuals"
"501","2522969","723-68-70-55-500-000","CLOSD","14314 Cove Ridge PL","23112","Chesterfield","Single Family Residence","09/26/2025","$409,950","$412,950","9","Resale (occupied at least once)","1988","Brandermill","1,875","0.15","3","2.1","Public Water","Sewer - Public","Conventional","Individuals"
"501","2523138","779678563600000","CLOSD","4606 S Run CT","23234","Chesterfield","Single Family Residence","09/26/2025","$319,950","$324,950","3","Resale (occupied at least once)","1986","Mason Woods","","0.41","3","2.0","Public Water","Sewer - Public","FHA New","Individuals"
"501","2518672","783-66-52-23-200-000","CLOSD","9466 Lost Forest DR","23237","Chesterfield","Single Family Residence","09/26/2025","$285,000","$292,500","6","Resale (occupied at least once)","1978","Lost Forest","1,332","0.24","3","1.1","Public Water","None","VHDA ","Individuals"
"501","2519118","727-67-28-80-600-000","CLOSD","13803 Deer Run CIR","23112","Chesterfield","Single Family Residence","09/26/2025","$374,900","$360,000","15","Resale (occupied at least once)","1989","Deer Run","1,730","0.30","4","2.1","Public Water","Sewer - Public","Conventional","Corporate, Individuals"
"501","2520218","789-64-10-86-000-000","CLOSD","4600 Hill Spring TER","23831","Chesterfield","Single Family Residence","09/26/2025","$399,950","$399,950","32","Resale (occupied at least once)","1990","Stoney Glen","2,305","0.40","5","2.1","Public Water","Sewer - Public","FHA New","Individuals"
"501","2508630","834-713-1428","CLOSD","219 Greenpark RD","23150","Henrico","Townhouse","09/26/2025","$319,690","$319,690","97","New (never occupied)","2025","Parkside Townes","1,336","","3","2.1","Public Water","Sewer - Public","Conventional","Corporate"
"501","2429585","7787-37-2108","CLOSD","10525 Stony Bluff Drive Unit#108","23005","Hanover","Condominium","09/26/2025","$340,000","$340,000","318","New (never occupied)","2024","Stony Run","1,156","","2","2.0","Public Water","Sewer - Public","Conventional","Corporate"
"501","2520534","743-68-11-61-700-000","CLOSD","11501 Leiden LN","23112","Chesterfield","Single Family Residence","09/26/2025","$325,000","$327,500","30","Resale (occupied at least once)","1985","Frederick Farms","1,214","0.39","3","2.0","Public Water","Sewer - Public","FHA New","Individuals"
"501","2516534","N000-0884-003","CLOSD","2914 Griffin AVE","23222","Richmond City","Single Family Residence","09/26/2025","$460,000","$455,000","74","Resale (occupied at least once)","1982","Parkland","2,035","0.16","4","3.0","Public Water","Sewer - Public","Conventional","Corporate"
"501","2514514","410 & 411","CLOSD","11001 Old Church RD","23124","New Kent","Single Family Residence","09/26/2025","$675,000","$633,790","64","Resale (occupied at least once)","1985","None","","24.50","3","3.0","Well","Septic - Conventional","Conventional","Individuals"
"501","2521907","856-698-3953","CLOSD","4820 Red Coach WAY","23150","Henrico","Single Family Residence","09/26/2025","$399,900","$399,000","21","Resale (occupied at least once)","1989","Cedar Ridge","2,502","1.16","3","2.1","Well","Septic - Conventional","VA New","Individuals"
"501","2520887","797-62-14-44-600-000","CLOSD","18805 Pine Grove AVE","23834","Chesterfield","Single Family Residence","09/26/2025","$315,000","$315,000","43","Resale (occupied at least once)","2022","Brookside","1,092","0.51","3","2.0","Public Water","Sewer - Public","Conventional","Individuals"
"501","2521731","738-779-8586","CLOSD","12418 Morgans Glen CIR","23059","Henrico","Townhouse","09/26/2025","$429,950","$429,950","5","Resale (occupied at least once)","1997","Morgans Glen At Wyndham","2,004","0.07","3","2.1","Public Water","Sewer - Public","FHA New","Individuals"
"501","2521294","724-72-20-85-100-000","CLOSD","14231 Riverdowns South DR","23113","Chesterfield","Single Family Residence","09/26/2025","$1,200,000","$1,220,000","2","Resale (occupied at least once)","2008","Queens Grant","8,156","0.95","6","5.0","Public Water","Sewer - Public","Conventional","Individuals"
"501","2520256","731-753-3660","CLOSD","2609 Chancer DR","23233","Henrico","Townhouse","09/26/2025","$289,000","$289,000","15","Resale (occupied at least once)","1983","Cedar Hill Townhouses","1,440","0.05","3","2.1","Public Water","Sewer - Public","FHA New","Individuals"
"501","2520154","7166607285","CLOSD","9031 Hereford CT","23832","Chesterfield","Single Family Residence","09/26/2025","$584,680","$580,000","18","New (never occupied)","2025","Harpers Mill","3,085","","4","2.1","Public Water","Sewer - Public","Cash","Other"
"501","2514768","58-54-3-2-0","CLOSD","9461 Tesserae WAY","23238","Goochland","Townhouse","09/26/2025","$583,960","$583,960","76","New (never occupied)","2025","Mosaic at West Creek","1,942","","2","2.1","Public Water","Sewer - Public","Conventional","Corporate"
"501","2509174","7870-65-3459","CLOSD","262 Amburn LN","23005","Hanover","Townhouse","09/26/2025","$500,030","$499,595","38","New (never occupied)","2025","Amburn","2,462","","3","2.1","Public Water","Sewer - Public","Conventional","Corporate"
"501","2516358","S007-1681-001","CLOSD","2218 Warwick AVE","23224","Richmond City","Single Family Residence","09/26/2025","$450,000","$430,000","69","Resale (occupied at least once)","2024","Melrose","2,249","0.16","3","2.1","Public Water","Sewer - Public","Conventional","Corporate"
"501","2520563","721-67-51-73-800-000","CLOSD","14600 Duck Cove CT","23112","Chesterfield","Single Family Residence","09/26/2025","$347,900","$350,000","30","Resale (occupied at least once)","1985","Woodlake","1,495","0.18","3","2.1","Public Water","Sewer - Public","FHA New","Individuals"
"501","2515031","E000-0483-026","CLOSD","323 N 27th ST","23223","Richmond City","Single Family Residence","09/26/2025","$625,000","$595,000","56","Resale (occupied at least once)","1910","None","2,208","0.05","4","2.0","Public Water","Sewer - Public","Conventional","Individuals"
"501","2523132","737-70-07-46-200-000","CLOSD","403 Smoketree CIR","23236","Chesterfield","Single Family Residence","09/26/2025","$499,900","$500,000","7","Resale (occupied at least once)","1983","Smoketree","2,849","0.36","4","2.1","Public Water","Sewer - Public","Cash","Individuals"
"501","2522805","8705-48-7202","CLOSD","8410 Rainey DR","23116","Hanover","Single Family Residence","09/26/2025","$435,000","$435,000","5","Resale (occupied at least once)","1971","Holly Ridge","1,846","0.44","3","2.0","Community Well","Sewer - Public","Conventional","Individuals"
"501","2520085","740-69-65-29-000-000","CLOSD","11718 Duxbury CT","23114","Chesterfield","Single Family Residence","09/26/2025","$525,000","$525,000","8","Resale (occupied at least once)","2000","St James Woods","2,980","0.28","4","2.1","Public Water","Sewer - Public","FHA New","Other"
"501","2430741","699-69-04-21-400-000","CLOSD","18313 Harvest View CT","23120","Chesterfield","Single Family Residence","09/26/2025","$671,950","$766,912","0","New (never occupied)","2025","Tuckmar Farm","2,899","","4","3.0","Public Water","Sewer - Public","Conventional","Corporate"
"501","2522449","801-726-5869","CLOSD","2004 Poplar ST","23223","Henrico","Single Family Residence","09/26/2025","$230,000","$202,000","16","Resale (occupied at least once)","1967","Roosevelt Park","1,008","0.23","3","1.0","Public Water","Sewer - Public","Conventional","Individuals"
"501","2522543","739-68-82-90-700-000","CLOSD","12200 McKenna CT","23112","Chesterfield","Single Family Residence","09/26/2025","$350,000","$355,000","12","Resale (occupied at least once)","1978","Clarendon","1,900","0.21","3","2.1","Public Water","Sewer - Public","Conventional","Individuals"
"501","2522845","805-716-7896","CLOSD","4428 Kings Bishop RD","23231","Henrico","Single Family Residence","09/26/2025","$295,000","$295,000","13","Resale (occupied at least once)","1987","Kings Hill West","1,344","0.23","3","2.0","Public Water","Sewer - Public","Conventional","Individuals"
"501","2521863","TBD","CLOSD","339 Brae Haven DR","23060","Henrico","Townhouse","09/26/2025","$364,490","$339,490","32","New (never occupied)","2025","Retreat at One","1,470","","3","2.1","Public Water","Sewer - Public","Cash","Corporate"
"501","2519943","785-760-3649.213","CLOSD","9224 Magellan PKY Unit#A","23060","Henrico","Condominium","09/26/2025","$349,240","$349,240","37","New (never occupied)","2025","Retreat at One","1,573","","3","2.1","Public Water","Sewer - Public","FHA New","Corporate"
"501","2525635","C001-1230-048","CLOSD","3311 Corley Home DR","23235","Richmond City","Single Family Residence","09/26/2025","$620,000","$660,000","3","Resale (occupied at least once)","2015","Villas At Archer Springs","2,592","0.27","3","3.0","Public Water","Sewer - Public","Cash","Individuals"
"501","2524853","730-764-2710","CLOSD","12461 Graham Meadows DR","23233","Henrico","Single Family Residence","09/26/2025","$469,900","$485,000","1","Resale (occupied at least once)","1999","Graham Meadows","2,138","0.23","3","2.0","Public Water","Sewer - Public","Conventional","Individuals"
"501","2524684","755-70-79-24-200-000","CLOSD","525 Brighton DR","23235","Chesterfield","Single Family Residence","09/26/2025","$445,000","$445,000","5","Resale (occupied at least once)","1974","Brighton Green","2,464","0.32","4","2.1","Public Water","Sewer - Public","Conventional","Individuals"
"501","2524655","727-69-08-90-600-000","CLOSD","2503 Crosstimbers CT","23112","Chesterfield","Single Family Residence","09/26/2025","$425,000","$380,000","14","Resale (occupied at least once)","1988","Brandermill","2,896","0.21","5","2.1","Public Water","Sewer - Public","Cash","Individuals"
"501","2524548","E000-2405-006","CLOSD","1309 Carlisle AVE","23231","Richmond City","Single Family Residence","09/26/2025","$215,000","$210,000","2","Resale (occupied at least once)","1946","None","1,952","0.14","2","1.0","Public Water","Sewer - Public","Cash","Individuals"
"501","2524486","758-69-53-59-900-000","CLOSD","2201 Oxer CT","23235","Chesterfield","Single Family Residence","09/26/2025","$219,950","$235,000","4","Resale (occupied at least once)","1984","Foxberry","1,296","0.32","4","2.0","Public Water","Sewer - Public","Cash","Individuals"
"501","2524358","765-68-25-63-600-000","CLOSD","5757 Tuskwillow DR","23832","Chesterfield","Single Family Residence","09/26/2025","$449,900","$445,000","4","Resale (occupied at least once)","2020","Land-O-Pines","2,328","0.46","4","2.1","Public Water","Sewer - Public","FHA New","Individuals"
"501","2524275","782-61-40-62-500-000","CLOSD","5919 Ferintosh LN","23803","Chesterfield","Single Family Residence","09/26/2025","$299,900","$307,000","6","Resale (occupied at least once)","2003","Oak Forest Estates","1,056","0.23","3","2.0","Public Water","Sewer - Public","Conventional","Individuals"
"501","2524132","727-70-28-39-300-000","CLOSD","695 Krim Point LOOP","23114","Chesterfield","Single Family Residence","09/26/2025","$525,000","$541,800","4","Resale (occupied at least once)","2003","The Grove","2,228","0.14","5","3.0","Public Water","Sewer - Public","Conventional","Individuals"
"501","2524040","744-68-28-11-100-000","CLOSD","4407 Heidi CT","23112","Chesterfield","Single Family Residence","09/26/2025","$485,950","$480,000","8","Resale (occupied at least once)","2004","The Forest At Carole Heights","2,272","0.60","4","2.1","Public Water","Sewer - Public","Conventional","Individuals"
"501","2523975","806-731-2742","CLOSD","2920 Sandy Grove CT","23223","Henrico","Single Family Residence","09/26/2025","$280,000","$280,000","4","Resale (occupied at least once)","2007","Sandy Grove","1,158","0.31","3","2.0","Public Water","Sewer - Public","Conventional","Individuals"
"501","2523740","793-754-6597","CLOSD","300 N Wilkinson RD","23227","Henrico","Single Family Residence","09/26/2025","$425,000","$436,000","6","Resale (occupied at least once)","1967","Chamberlayne Hills","3,303","0.56","4","2.1","Public Water","Sewer - Public","Cash","Estate"
"501","2523399","742-68-77-25-200-000","CLOSD","11501 Clintwood TER","23112","Chesterfield","Single Family Residence","09/26/2025","$375,000","$380,000","2","Resale (occupied at least once)","2007","Lake Genito","1,584","0.46","3","2.0","Public Water","Sewer - Public","FHA New","Individuals"
"501","2523083","S005-3304-019","CLOSD","710 Forest View DR","23225","Richmond City","Single Family Residence","09/26/2025","$325,000","$325,000","5","Resale (occupied at least once)","1947","Forest View Heights","1,077","0.13","3","2.0","Public Water","Sewer - Public","Conventional","Corporate"
"501","2523016","W000-0251-025","CLOSD","326 S Cherry ST","23220","Richmond City","Single Family Residence","09/26/2025","$475,000","$472,500","10","Resale (occupied at least once)","2016","None","1,484","0.05","3","3.0","Public Water","Sewer - Public","Conventional","Individuals"
"501","2522942","7797-80-6014","CLOSD","10315 Colony Bee PL","23116","Hanover","Townhouse","09/26/2025","$460,000","$450,000","7","Resale (occupied at least once)","2014","Honey Meadows","2,052","0.12","3","2.1","Public Water","Sewer - Public","Conventional","Individuals"
"501","2522821","735-70-63-37-800-092","CLOSD","12507 Carnoustie LN","23236","Chesterfield","Condominium","09/26/2025","$375,000","$392,000","9","Resale (occupied at least once)","2001","Fairways Villas","1,728","","2","2.1","Public Water","Sewer - Public","Conventional","Individuals"
"501","2522739","756-749-9743","CLOSD","8207 Gwinnett RD","23229","Henrico","Single Family Residence","09/26/2025","$549,000","$550,000","11","Resale (occupied at least once)","2016","Parham Hills","2,430","0.48","4","2.1","Public Water","Sewer - Public","Conventional","Individuals"
"501","2522590","767-737-3496","CLOSD","6120 Hampstead AVE","23226","Henrico","Single Family Residence","09/26/2025","$525,000","$520,000","8","Resale (occupied at least once)","1946","None","1,440","0.22","4","1.1","Public Water","Sewer - Public","Conventional","Individuals"
"501","2522493","753-748-9352","CLOSD","1903 Windsordale DR","23229","Henrico","Single Family Residence","09/26/2025","$385,000","$400,000","2","Resale (occupied at least once)","1962","Windsordale","1,452","0.33","3","2.0","Public Water","Sewer - Public","Conventional","Individuals"
"501","2522454","757-767-2834","CLOSD","5205 Linsey Lakes DR","23060","Henrico","Single Family Residence","09/26/2025","$437,500","$450,000","9","Resale (occupied at least once)","1996","Linsey Lakes","1,640","0.14","3","2.1","Public Water","Sewer - Public","Conventional","Individuals"
"501","2522302","735-747-0695","CLOSD","11812 Northglen LN","23238","Henrico","Townhouse","09/26/2025","$424,500","$419,500","25","Resale (occupied at least once)","1979","Sussex Square","2,369","0.11","4","2.1","Public Water","Sewer - Public","Conventional","Individuals"
"501","2522056","739-754-8388","CLOSD","12141 Morning Walk","23233","Henrico","Townhouse","09/26/2025","$574,950","$557,990","24","New (never occupied)","2024","Shire Walk","2,206","","4","3.1","Public Water","Sewer - Public","Conventional","Corporate"
"501","2521994","733-71-54-80-100-000","CLOSD","2200 Normandstone DR","23113","Chesterfield","Single Family Residence","09/26/2025","$785,000","$785,000","5","Resale (occupied at least once)","1988","Roxshire","3,687","0.79","5","3.1","Public Water","Sewer - Public","Conventional","Individuals"
"501","2521794","S004-3281-073","CLOSD","3905 Marcy PL","23224","Richmond City","Single Family Residence","09/26/2025","$269,900","$258,000","22","Resale (occupied at least once)","1943","Woodside Court","1,020","0.18","3","1.0","Public Water","Sewer - Public","Conventional","Individuals"
"501","2521573","8715-32-5469","CLOSD","7434 Leaf Fall WAY","23111","Hanover","Townhouse","09/26/2025","$425,000","$430,000","5","Resale (occupied at least once)","2017","Cherry Grove Section 1 - Hanover","1,607","0.11","2","2.0","Public Water","Sewer - Public","Cash","Individuals"
"501","2521482","028-5-8B","CLOSD","2153 Hunters Mill RD","23139","Powhatan","Single Family Residence","09/26/2025","$725,000","$717,000","3","Resale (occupied at least once)","1986","Hunters Mill","3,369","11.09","4","3.1","Well","Septic - Conventional","Conventional","Individuals"
"501","2521393","757-770-0427","CLOSD","5360 Springfield RD","23060","Henrico","Single Family Residence","09/26/2025","$530,000","$520,000","25","Resale (occupied at least once)","2000","Summerberry","2,733","0.62","4","2.1","Public Water","Sewer - Public","Conventional","Individuals"
"501","2521326","S000-2290-008","CLOSD","118 E 34th ST","23224","Richmond City","Single Family Residence","09/26/2025","$324,950","$325,000","17","Resale (occupied at least once)","1938","Centre Heights","1,351","0.20","3","2.0","Public Water","Sewer - Public","Conventional","Individuals"
"501","2521046","732-756-2646","CLOSD","12255 Shore View DR","23233","Henrico","Townhouse","09/26/2025","$329,900","$329,900","33","Resale (occupied at least once)","1987","Bay Cove","1,844","0.04","3","3.1","Public Water","Sewer - Public","FHA New","Individuals"
"501","2520828","739-754-6766","CLOSD","11926 Evening Loop","23233","Henrico","Townhouse","09/26/2025","$586,930","$565,630","29","New (never occupied)","2025","Shire Walk","2,236","","4","3.1","Public Water","Sewer - Public","Cash","Corporate"
"501","2520746","733-757-2818","CLOSD","12512 Hidden Oaks CT","23233","Henrico","Single Family Residence","09/26/2025","$450,000","$425,000","30","Resale (occupied at least once)","1994","Creekwood - Henrico","2,654","0.32","4","2.1","Public Water","Sewer - Public","Conventional","Individuals"
"501","2520178","N000-1132-013","CLOSD","3203 Garland AVE","23222","Richmond City","Single Family Residence","09/26/2025","$530,000","$576,000","5","Resale (occupied at least once)","1924","Brookland Park","2,527","0.16","4","3.1","Public Water","Sewer - Public","Conventional","Individuals"
"501","2520061","735-754-2734","CLOSD","2903 Leffingwell PL","23233","Henrico","Single Family Residence","09/26/2025","$849,900","$849,900","33","Resale (occupied at least once)","1992","Pine Run","4,520","0.37","5","3.1","Public Water","Sewer - Public","Conventional","Individuals"
"501","2519458","RES","CLOSD","8622 Rock Cedar RD","23124","New Kent","Single Family Residence","09/26/2025","$389,950","$380,000","21","Resale (occupied at least once)","2019","Cedar Lane Farm","","0.56","3","2.0","Well","Septic - Conventional","Cash","Individuals"
"501","2519054","763-743-6258","CLOSD","1517 Fort Hill DR","23226","Henrico","Single Family Residence","09/26/2025","$325,000","$350,000","5","Resale (occupied at least once)","1951","Fort Hill","1,440","0.28","2","2.0","Public Water","Community - Sewer/Septic","Conventional","Individuals"
"501","2518679","8709-35-4532","CLOSD","8383 Mount Eagle RD","23005","Hanover","Single Family Residence","09/26/2025","$1,489,000","$1,423,584","65","New (never occupied)","2024","The Reserve at Campbell Creek","4,883","11.10","4","4.1","Well","Septic - Conventional","Cash","Corporate"
"501","2517707","S008-0453-004","CLOSD","2306 Yorktown AVE","23234","Richmond City","Single Family Residence","09/26/2025","$159,995","$143,000","22","Resale (occupied at least once)","1947","Southampton","780","0.12","2","1.0","Public Water","Sewer - Public","Other","Individuals"
"501","2517663","782-760-8591","CLOSD","1409 Virginia AVE","23060","Henrico","Single Family Residence","09/26/2025","$330,000","$316,000","36","Resale (occupied at least once)","1942","Biltmore","1,261","0.22","3","2.0","Public Water","Sewer - Public","VA New","Partnership"
"501","2516008","E000-1236-010","CLOSD","1808 N 20th ST","23223","Richmond City","Single Family Residence","09/26/2025","$249,000","$225,000","81","Resale (occupied at least once)","1930","Chelsea Place","1,920","0.12","2","1.1","Public Water","Sewer - Public","Conventional","Individuals"
"501","2508267","781-756-5140.004","CLOSD","1507 Watch Tower LN","23228","Henrico","Condominium","09/26/2025","$280,000","$262,000","155","Resale (occupied at least once)","2017","Townes At Stonewall Manor","1,360","","2","2.1","Public Water","Sewer - Public","Conventional","Corporate"
"501","2506033","Not Yet Assigned","CLOSD","3372 Broadwick RD","23234","Richmond City","Townhouse","09/26/2025","$302,470","$295,940","0","New (never occupied)","2025","Kinwick","1,318","","3","2.1","Public Water","Sewer - Public","Conventional","Corporate"
"501","2432107","8765-00-8036","CLOSD","8510 Roden DR","23111","Hanover","Single Family Residence","09/26/2025","$990,399","$990,399","0","New (never occupied)","2024","Rock Creek","4,070","8.00","4","3.1","Well","Septic - Conventional","Conventional","Corporate"
"501","2428817","TBD","CLOSD","15161 Johns Trace CIR","23192","Hanover","Single Family Residence","09/26/2025","$1,169,990","$1,239,402","0","New (never occupied)","2024","Millwood Landing","4,500","5.05","3","3.1","Well","Septic - Conventional","Conventional","Corporate"
"501","2423504","8709-45-9245","CLOSD","8287 Mount Eagle Road","23005","Hanover","Single Family Residence","09/26/2025","$1,443,200","$1,543,359","0","New (never occupied)","2024","The Reserve at Campbell Creek","3,663","10.10","3","2.1","Well","Septic - Conventional","Conventional","Corporate"
"501","2423301","TBD","CLOSD","18511 Willoughby Heights LN","23015","Hanover","Single Family Residence","09/26/2025","$1,106,575","$1,106,575","0","New (never occupied)","2024","Willoughby","2,415","10.01","4","3.0","Well","Septic - Conventional, Septic - Engineered","Cash","Corporate"
"501","BRTVAHN2000928","776-745-6521","CLOSD","5508 Impala DR","23228","Henrico","Single Family Residence","09/26/2025","$385,000","$367,500","95","Resale (occupied at least once)","2004","BRYAN PARK GARDENS","1,656","0.00","3","3.0","Public Water","Public Sewer On Site","",""
"501","2522424","8724-89-7741","CLOSD","6076 Pond Place WAY","23111","Hanover","Single Family Residence","09/27/2025","$475,000","$488,000","2","Resale (occupied at least once)","1997","Pebble Creek","2,696","0.50","4","2.1","Public Water","Sewer - Public","Conventional","Individuals"
"501","2522751","E000-0131-050","CLOSD","1815 E Grace ST","23223","Richmond City","Single Family Residence","09/29/2025","$489,950","$489,950","10","Resale (occupied at least once)","1818","None","2,382","0.04","2","2.1","Public Water","Sewer - Public","Conventional","Individuals"
"501","2508545","770679592000000","CLOSD","6302 Jackline RUN","23234","Chesterfield","Single Family Residence","09/29/2025","$428,990","$424,990","135","New (never occupied)","2025","Watermark","1,834","0.10","3","2.1","Public Water","Sewer - Public","Other","Corporate"
"501","2510648","TBD","CLOSD","12159 Calgary LOOP","23836","Chesterfield","Condominium","09/29/2025","$375,935","$370,940","0","New (never occupied)","2025","Moore's Lake","2,066","","3","2.1","Public Water","Sewer - Public","VA New","Corporate"
"501","2501629","759647721500000","CLOSD","12006 Buckrudy TER","23838","Chesterfield","Single Family Residence","09/29/2025","$724,555","$713,875","0","New (never occupied)","2025","The Highlands","4,165","","5","3.0","Public Water","Septic - Conventional","FHA New","Corporate"
"501","2515370","767677645700000","CLOSD","7012 Greenholm PL","23234","Chesterfield","Single Family Residence","09/29/2025","$529,990","$529,990","36","New (never occupied)","2025","Watermark","","","5","3.0","Public Water","Sewer - Public","VA New","Corporate"
"501","2501033","700-68-94-87-500-000","CLOSD","18207 Red Barn CT","23120","Chesterfield","Single Family Residence","09/29/2025","$668,950","$772,301","0","New (never occupied)","2025","Tuckmar Farm","2,893","","5","4.0","Public Water","Sewer - Public","Conventional","Corporate"
"501","2505615","790-743-2463","CLOSD","605 Conley RD","23227","Henrico","Single Family Residence","09/29/2025","$293,000","$280,000","1","Resale (occupied at least once)","1959","Stukeley Hall Farms","1,088","0.26","3","1.1","Public Water","Sewer - Public","Conventional","Corporate"
"501","2518378","723-66-95-45-200-000","CLOSD","7501 Winterpock RD","23832","Chesterfield","Single Family Residence","09/29/2025","$649,900","$632,700","28","Resale (occupied at least once)","1974","None","3,816","3.88","4","3.0","Public Water","Septic - Conventional","Conventional","Estate"
"501","2523532","733-64-75-31-800-000","CLOSD","13101 Devette DR","23838","Chesterfield","Single Family Residence","09/29/2025","$376,000","$385,000","2","Resale (occupied at least once)","2002","Second Branch","1,814","1.63","3","2.1","Public Water","Septic - Engineered","Conventional","Individuals"
"501","2519213","72677224000000","CLOSD","6021 Banyan LN","23234","Chesterfield","Townhouse","09/29/2025","$384,690","$375,990","38","New (never occupied)","2025","Watermark","","","3","2.1","Public Water","Sewer - Public","FHA New","Corporate"
"501","2512616","119734","CLOSD","7791 Arbor Marsh TER","23124","New Kent","Single Family Residence","09/29/2025","$469,990","$477,190","32","New (never occupied)","2025","The Arbors At New Kent Winery","2,220","","4","2.1","Public Water","Community - Sewer/Septic","FHA New","Corporate"
"501","2523791","745-71-33-52-900-000","CLOSD","10824 Granada RD","23235","Chesterfield","Single Family Residence","09/29/2025","$375,000","$390,000","3","Resale (occupied at least once)","1971","Greenfield","1,949","0.23","4","2.0","Public Water","Sewer - Public","VA New","Estate"
"501","2516771","S006-0265-001","CLOSD","5100 Forest Hill AVE","23225","Richmond City","Single Family Residence","09/29/2025","$575,000","$575,000","55","Resale (occupied at least once)","1942","Westover Court","2,086","0.21","4","3.1","Public Water","Sewer - Public","FHA New","Individuals"
"501","2513376","772677195200000","CLOSD","6012 Banyan LN","23234","Chesterfield","Townhouse","09/29/2025","$360,990","$360,990","56","New (never occupied)","2025","Watermark","","","3","2.1","Public Water","Sewer - Public","FHA New","Corporate"
"501","2511293","824660830500000","CLOSD","1925 Galley PL","23836","Chesterfield","Single Family Residence","09/29/2025","$579,990","$560,000","104","New (never occupied)","2020","Twin Rivers","1,738","0.15","4","3.0","Public Water","Sewer - Public","Conventional","Corporate"
"501","2523407","21        56B","CLOSD","8330 George W Watkins RD","23141","New Kent","Single Family Residence","09/29/2025","$290,500","$300,500","1","Resale (occupied at least once)","1963","None","2,924","0.94","3","1.1","Well","Septic - Conventional","FHA New","Individuals"
"501","2519729","7086754820","CLOSD","6424 Fennec RUN","23120","Chesterfield","Single Family Residence","09/29/2025","$470,990","$447,400","57","New (never occupied)","2025","Harpers Mill","","0.11","3","2.1","Public Water","Sewer - Public","Conventional","Other"
"501","2522188","718677388800000","CLOSD","5804 Maple Brook DR","23112","Chesterfield","Single Family Residence","09/29/2025","$575,000","$580,000","9","Resale (occupied at least once)","1991","Maple Brook","","0.47","6","3.1","Public Water","Sewer - Public","Conventional","Individuals"
"501","2519966","790-66-64-27-400-000","CLOSD","3206 Ransom Hills RD","23237","Chesterfield","Single Family Residence","09/29/2025","$324,950","$324,950","11","Resale (occupied at least once)","1996","Proctors Point","1,584","0.14","3","2.1","Public Water","Sewer - Public","FHA New","Corporate, Individuals"
"501","2504379","S000-0639-025","CLOSD","1105 E 16th ST","23224","Richmond City","Single Family Residence","09/29/2025","$224,950","$220,000","121","Resale (occupied at least once)","1947","Mason Park","1,200","0.11","3","1.0","Public Water","Sewer - Public","Conventional","Individuals"
"501","2523996","721-67-94-12-500-000","CLOSD","14505 Standing Oak CT","23112","Chesterfield","Single Family Residence","09/29/2025","$425,000","$425,000","13","Resale (occupied at least once)","1988","Woodlake","1,999","0.21","4","2.1","Public Water","Sewer - Public","Conventional","Individuals"
"501","2517740","765-69-27-47-700-000","CLOSD","6910 Silliman DR","23832","Chesterfield","Single Family Residence","09/29/2025","$319,900","$319,900","57","Resale (occupied at least once)","1984","None","1,456","0.27","3","1.1","Public Water","Sewer - Public","Conventional","Corporate"
"501","2525483","817-721-3191","CLOSD","4202 Rosedown PL","23223","Henrico","Townhouse","09/29/2025","$299,000","$299,000","5","Resale (occupied at least once)","2018","The Townes At Oakleys Bluff","1,782","0.05","3","2.1","Public Water","Sewer - Public","Conventional","Individuals"
"501","2519586","22A10 1 1  20","CLOSD","8334 E Lord Botetourt LOOP","23124","New Kent","Single Family Residence","09/29/2025","$385,000","$385,000","33","Resale (occupied at least once)","2013","Four Seasons At New Kent","5,124","0.17","2","2.0","Public Water","Sewer - Public","Conventional","Individuals"
"501","2521807","722670030900159","CLOSD","7400 Hancock Crest PL Unit#T-4","23832","Chesterfield","Townhouse","09/29/2025","$378,825","$369,460","24","New (never occupied)","2025","Hancock Village","1,525","","3","2.1","Public Water","Sewer - Public","VA New","Corporate"
"501","2518327","779-65-21-51-200-034","CLOSD","5915 E Stonepath Garden DR","23831","Chesterfield","Condominium","09/29/2025","$357,000","$357,000","12","Resale (occupied at least once)","2011","Stonebridge","1,955","","2","2.0","Public Water","Sewer - Public","FHA New","Individuals"
"501","2520307","737-67-99-54-100-081","CLOSD","3900 Maze Runner DR Unit#104","23112","Chesterfield","Condominium","09/29/2025","$279,500","$277,000","43","Resale (occupied at least once)","2022","Wescott","1,122","","2","2.0","Public Water","Sewer - Public","Cash","Individuals"
"501","2518761","818-720-8345","CLOSD","109 South ST","23075","Henrico","Single Family Residence","09/29/2025","$287,950","$281,000","24","Resale (occupied at least once)","2006","Highland Springs","1,352","0.44","3","2.0","Public Water","Sewer - Public","FHA New Assumption","Individuals"
"501","2517252","20        77","CLOSD","4800 Bailey Branch LN","23141","New Kent","Single Family Residence","09/29/2025","$869,950","$865,000","65","Resale (occupied at least once)","1998","None","7,929","11.85","3","3.1","Well","Septic - Conventional","Conventional","Individuals"
"501","2524752","718-66-97-00-300-000","CLOSD","7600 Blue Cedar DR","23832","Chesterfield","Single Family Residence","09/29/2025","$350,000","$350,000","2","Resale (occupied at least once)","1999","Ashbrook","1,130","0.22","3","2.0","Public Water","Sewer - Public","Conventional","Individuals"
"501","2524254","742-69-81-68-700-000","CLOSD","11433 Westcreek CT","23236","Chesterfield","Single Family Residence","09/29/2025","$465,000","$481,000","5","Resale (occupied at least once)","1986","Monacan Hills","2,045","0.45","4","2.1","Public Water","Sewer - Public","Conventional","Individuals"
"501","2524005","W019-0311-001","CLOSD","4314 N Ashlawn DR","23221","Richmond City","Single Family Residence","09/29/2025","$949,950","$1,227,000","4","Resale (occupied at least once)","1940","Colonial Village","2,660","0.18","3","2.1","Public Water","Sewer - Public","Cash","Individuals"
"501","2523844","758-733-5098","CLOSD","7110 Club Vista LN","23229","Henrico","Single Family Residence","09/29/2025","$1,575,000","$1,811,000","6","Resale (occupied at least once)","1951","Westham","3,948","0.31","5","5.1","Public Water","Sewer - Public","Cash","Individuals"
"501","2523832","781-760-8940","CLOSD","9525 Kennedy Station TER","23060","Henrico","Single Family Residence","09/29/2025","$340,000","$390,000","6","Resale (occupied at least once)","1997","Kennedy Station","2,536","0.29","4","2.1","Public Water","Sewer - Public","Cash","Corporate"
"501","2523520","789-67-73-70-400-000","CLOSD","3000 Botone AVE","23237","Chesterfield","Single Family Residence","09/29/2025","$290,000","$297,500","5","Resale (occupied at least once)","1966","Rayon Park","1,188","0.42","3","2.0","Public Water","Sewer - Public","Conventional","Individuals"
"501","2523461","788-769-1041","CLOSD","4011 Ironwoods Walk DR","23059","Henrico","Condominium","09/29/2025","$435,000","$435,000","13","Resale (occupied at least once)","2006","Villages At The Crossings","2,644","0.09","3","2.1","Public Water","Sewer - Public","Cash","Individuals"
"501","2523442","785-66-12-70-300-000","CLOSD","4507 Wellington Farms DR","23831","Chesterfield","Single Family Residence","09/29/2025","$649,000","$632,000","6","Resale (occupied at least once)","2001","Wellington Farms","3,411","0.58","4","2.1","Public Water","Sewer - Public","Conventional","Individuals"
"501","2523391","742-69-50-61-900-000","CLOSD","1511 Wilson Wood RD","23114","Chesterfield","Single Family Residence","09/29/2025","$460,000","$472,000","2","Resale (occupied at least once)","1994","St James Woods","2,266","0.49","4","2.1","Public Water","Sewer - Public","Conventional","Individuals"
"501","2523333","W000-0816-003","CLOSD","1827 Hanover AVE","23220","Richmond City","Single Family Residence","09/29/2025","$1,400,000","$1,550,000","7","Resale (occupied at least once)","1912","None","4,124","0.08","3","2.1","Public Water","Sewer - Public","Cash","Individuals"
"501","2522779","833-719-1649","CLOSD","3157 Chartwood DR","23150","Henrico","Single Family Residence","09/29/2025","$379,900","$379,900","9","Resale (occupied at least once)","2003","Chartwood","2,555","0.42","4","2.1","Public Water","None","Conventional","Individuals"
"501","2522732","C004-0332-014","CLOSD","7542 Brisbane DR","23225","Richmond City","Single Family Residence","09/29/2025","$499,950","$532,000","5","Resale (occupied at least once)","1959","Cherokee Estates","1,966","0.68","4","3.0","Public Water","Sewer - Public","Conventional","Individuals"
"501","2522553","825-718-9030","CLOSD","202 W McClellan ST","23150","Henrico","Single Family Residence","09/29/2025","$299,950","$299,950","23","Resale (occupied at least once)","1951","Sandston","1,492","0.26","4","2.0","Public Water","Sewer - Public","Conventional","Individuals"
"501","2522522","733-69-48-38-300-000","CLOSD","1500 Water Willow DR","23114","Chesterfield","Single Family Residence","09/29/2025","$300,000","$291,000","4","Resale (occupied at least once)","1988","Sachems Head","1,150","0.12","2","2.0","Public Water","Sewer - Public","Cash","Individuals"
"501","2522500","27-2-0-6-0","CLOSD","5059 River Road West","23063","Goochland","Single Family Residence","09/29/2025","$389,000","$384,600","23","New (never occupied)","2025","None","","1.78","2","2.0","Well","Other - See Remarks","Cash","Corporate"
"501","2522117","743-68-99-97-800-000","CLOSD","2606 Krossridge RD","23236","Chesterfield","Single Family Residence","09/29/2025","$435,000","$405,000","22","Resale (occupied at least once)","1990","Brandon","3,000","2.39","4","2.1","Public Water","Sewer - Public","Conventional","Individuals"
"501","2521730","814-716-0335","CLOSD","3911 Ludlow RD","23231","Henrico","Single Family Residence","09/29/2025","$280,000","$285,000","8","Resale (occupied at least once)","1962","Lawndale Farms","2,100","0.32","5","2.0","Public Water","Sewer - Public","Conventional","Individuals"
"501","2521504","745-754-3893","CLOSD","10110 Hearthrock CT","23233","Henrico","Single Family Residence","09/29/2025","$450,000","$423,377","6","Resale (occupied at least once)","1985","Cedar Chase","1,742","0.30","3","2.0","Public Water","Sewer - Public","Conventional","Individuals"
"501","2521311","749-742-8068","CLOSD","9128 Gayton RD","23229","Henrico","Single Family Residence","09/29/2025","$325,000","$325,000","6","Resale (occupied at least once)","1990","Saint Andrews Terrace","1,341","1.59","3","2.0","Public Water","Sewer - Public","Cash","Individuals"
"501","2519962","W000-1773-009","CLOSD","320 N Hamilton ST","23221","Richmond City","Single Family Residence","09/29/2025","$719,950","$710,000","47","New (never occupied)","2025","None","","0.04","3","3.1","Public Water","Sewer - Public","Cash","Corporate"
"501","2519871","811-692-1623","CLOSD","7586 Willson RD","23231","Henrico","Single Family Residence","09/29/2025","$335,000","$333,000","16","Resale (occupied at least once)","1965","Acreage","1,378","2.35","3","1.1","Well","Septic - Conventional","Conventional","Individuals"
"501","2517854","724-71-09-49-600-000","CLOSD","14434 Michaux Springs DR","23113","Chesterfield","Single Family Residence","09/29/2025","$789,950","$782,500","45","Resale (occupied at least once)","2020","Winterfield Park","4,261","0.12","5","5.1","Public Water","Sewer - Public","Conventional","Individuals"
"501","2515429","7851-94-8920","CLOSD","14270 Country Club DR","23005","Hanover","Single Family Residence","09/29/2025","$515,000","$507,500","91","Resale (occupied at least once)","1990","Country Club Hills","2,702","0.57","4","2.1","Public Water","Sewer - Public","FHA New","Corporate"
"501","BRTVACF2001260","721679412500000","CLOSD","14505 Standing Oak","23112","Chesterfield","Single Family Residence","09/29/2025","$425,000","$425,000","14","Resale (occupied at least once)","1988","WOODLAKE","1,999","0.21","0","3.0","Public Water","Sewer - Public, Public Sewer On Site","",""
"501","2523206","N000-0308-010","CLOSD","715 W Leigh ST","23220","Richmond City","Single Family Residence","09/30/2025","$299,950","$275,000","7","Resale (occupied at least once)","1999","None","","0.08","3","1.1","Public Water","Sewer - Public","Conventional","Estate"
"501","2517092","W000-0953-008","CLOSD","2025 W Grace ST","23220","Richmond City","Single Family Residence","09/30/2025","$699,000","$640,000","70","Resale (occupied at least once)","1910","None","4,532","0.10","5","2.2","Public Water","Sewer - Public","Other","Estate"
"501","2500803","TBD","CLOSD","18201 Red Barn CT","23120","Chesterfield","Single Family Residence","09/30/2025","$684,950","$907,062","0","New (never occupied)","2025","Tuckmar Farm","2,899","","5","4.0","Public Water","Sewer - Public","Conventional","Corporate"
"501","2521947","TBD","CLOSD","9222 Magellan PKY Unit#B","23060","Henrico","Condominium","09/30/2025","$389,830","$388,170","32","New (never occupied)","2025","Retreat at One","2,345","","3","2.1","Public Water","Sewer - Public","FHA New","Corporate"
"501","2518843","824-722-7766","CLOSD","9 N Quince AVE","23075","Henrico","Single Family Residence","09/30/2025","$244,900","$249,500","26","Resale (occupied at least once)","1962","Highland Springs","952","0.13","3","1.0","Public Water","Sewer - Public","FHA New","Individuals"
"501","2521954","743-72-43-70-400-000","CLOSD","3711 Old Gun E RD","23113","Chesterfield","Single Family Residence","09/30/2025","$779,000","$779,000","4","Resale (occupied at least once)","1963","Arsenal Hills","4,872","1.48","4","2.1","Public Water","Septic - Conventional","Conventional","Individuals"
"501","2519332","776-745-8722","CLOSD","2929 Ginter ST","23228","Henrico","Single Family Residence","09/30/2025","$365,000","$365,000","24","Resale (occupied at least once)","2006","Bryan Park Gardens","1,928","0.19","3","2.1","Public Water","Sewer - Public","FHA New","Individuals"
"501","2516087","784-66-79-89-300-000","CLOSD","9540 Alfaree RD","23237","Chesterfield","Single Family Residence","09/30/2025","$345,000","$345,000","84","Resale (occupied at least once)","1977","Kendale Acres","2,198","0.36","4","3.0","Public Water","Sewer - Public","VA New","Individuals"
"501","2524544","805-695-1424","CLOSD","1519 Tree Ridge RD","23231","Henrico","Single Family Residence","09/30/2025","$325,000","$335,000","2","Resale (occupied at least once)","1991","Olde Colony Estates","1,966","0.29","4","2.0","Public Water","Sewer - Public","VA New","Individuals"
"501","2514358","837-713-7837.002","CLOSD","501 Portal CIR Unit#B","23150","Henrico","Condominium","09/30/2025","$270,580","$270,580","0","New (never occupied)","2025","Landmark","","","3","2.0","Public Water","Sewer - Public","FHA New","Corporate"
"501","2522685","C001-0550-052","CLOSD","8813 Waxford RD","23235","Richmond City","Single Family Residence","09/30/2025","$425,000","$435,000","8","Resale (occupied at least once)","1955","Nottingham","3,054","0.46","4","2.1","Public Water","Sewer - Public","Conventional","Estate"
"501","2521424","014-55B","CLOSD","4758 Powhatan Lakes RD","23139","Powhatan","Single Family Residence","09/30/2025","$359,000","$359,000","27","Resale (occupied at least once)","2019","None","1,274","2.50","3","2.0","Well","Septic - Conventional","FHA New","Individuals"
"501","2508603","7870-65-5429","CLOSD","252 Amburn LN","23005","Hanover","Townhouse","09/30/2025","$503,345","$512,400","63","New (never occupied)","2025","Amburn","","","3","2.1","Public Water","Sewer - Public","Conventional","Corporate"
"501","2512620","119828","CLOSD","7785 Arbor Marsh TER","23124","New Kent","Single Family Residence","09/30/2025","$557,990","$557,990","95","New (never occupied)","2025","The Arbors At New Kent Winery","2,511","","5","3.0","Public Water","Sewer - Public","VA New","Corporate"
"501","2523548","052E29","CLOSD","1130 Sparrows LN","23139","Powhatan","Single Family Residence","09/30/2025","$699,950","$699,900","11","Resale (occupied at least once)","2015","Sparrows Landing","","2.06","4","3.0","Well","Septic - Conventional","VA New","Individuals"
"501","2519477","8766-52-1246","CLOSD","9118 Epps RD","23111","Hanover","Single Family Residence","09/30/2025","$350,000","$350,000","28","Resale (occupied at least once)","1976","None","1,536","1.75","2","3.0","Well","Septic - Conventional","FHA New","Individuals"
"501","2522542","737679954100059","CLOSD","4004 Next Level TRCE","23112","Chesterfield","Condominium","09/30/2025","$253,510","$253,510","21","New (never occupied)","2025","Wescott","1,116","","1","1.1","Public Water","Sewer - Public","FHA New","Corporate"
"501","2522446","763641533700000","CLOSD","8401 Abercrombie DR","23838","Chesterfield","Single Family Residence","09/30/2025","$899,950","$899,950","3","New (never occupied)","2025","Lake Margaret","","2.07","5","4.1","Public Water","Septic - Conventional","Conventional","Corporate"
"501","2521959","30B  3 3  19","CLOSD","6804 Sassafras DR","23141","New Kent","Single Family Residence","09/30/2025","$410,000","$410,000","22","Resale (occupied at least once)","2003","Five Lakes","3,680","0.50","3","2.1","Public Water","Septic - Conventional","Conventional","Individuals"
"501","2521304","7840-51-9268","CLOSD","13048 Farrington RD","23005","Hanover","Single Family Residence","09/30/2025","$559,000","$555,000","30","Resale (occupied at least once)","1997","None","2,148","2.08","4","2.1","Well","Septic - Conventional","Conventional","Individuals"
"501","2518604","19H  1    49","CLOSD","3391 Rock Creek Villa DR","23141","New Kent","Single Family Residence","09/30/2025","$425,000","$425,000","60","Resale (occupied at least once)","2022","Rock Creek Villas","4,226","0.11","3","3.0","Public Water","Sewer - Public","Conventional","Individuals"
"501","2518106","759-70-83-26-300-000","CLOSD","8101 Lake Shore DR","23235","Chesterfield","Single Family Residence","09/30/2025","$419,900","$420,000","54","Resale (occupied at least once)","1957","Rock Creek Park","1,833","0.44","4","2.1","Public Water","Sewer - Public","Conventional","Individuals"
"501","2515156","709661045100000","CLOSD","16831 Barmer RD","23838","Chesterfield","Single Family Residence","09/30/2025","$668,890","$658,000","96","New (never occupied)","2025","Harpers Mill","","","4","3.0","Public Water","Sewer - Public","FHA New","Corporate"
"501","2504758","Not Yet Assigned","CLOSD","3376 Broadwick RD","23234","Richmond City","Townhouse","09/30/2025","$308,889","$308,889","0","New (never occupied)","2025","Kinwick","1,318","","3","2.1","Public Water","Sewer - Public","Conventional","Corporate"
"501","2519405","744-752-2625","CLOSD","2007 Rocky Creek LN","23238","Henrico","Townhouse","09/30/2025","$340,000","$330,000","24","Resale (occupied at least once)","1987","Stony Run","1,397","0.08","3","2.0","Public Water","Sewer - Public","Cash","Individuals"
"501","2513763","33B9 1    29","CLOSD","5681 Saint Leger DR","23140","New Kent","Single Family Residence","09/30/2025","$535,000","$530,000","107","Resale (occupied at least once)","2021","Brickshire","4,484","0.96","5","3.0","Public Water","Sewer - Public","Conventional","Individuals"
"501","2522748","765-65-11-34-600-000","CLOSD","11324 Regalia DR","23838","Chesterfield","Single Family Residence","09/30/2025","$489,950","$479,000","19","Resale (occupied at least once)","2001","The Highlands","2,581","1.78","4","2.1","Public Water","Septic - Conventional, Sewer - Public","VA New","Individuals"
"501","2524411","053C-5-33","CLOSD","2109 Eastwood Ridge DR","23120","Powhatan","Single Family Residence","09/30/2025","$524,950","$529,950","8","Resale (occupied at least once)","1999","Genito West","2,291","3.75","4","2.1","Well","Septic - Conventional","FHA New","Individuals"
"501","2523885","773675527800000","CLOSD","7305 Willowbranch CT","23234","Chesterfield","Single Family Residence","09/30/2025","$255,000","$260,000","7","Resale (occupied at least once)","1982","Willowhurst","","","2","1.0","Public Water","Sewer - Public","Conventional","Estate"
"501","2522752","749-747-2557","CLOSD","9609 Della DR","23238","Henrico","Single Family Residence","09/30/2025","$474,950","$475,000","10","Resale (occupied at least once)","1983","Pemberton West","2,000","0.27","4","3.0","Public Water","Sewer - Public","VA New","Corporate"
"501","2522701","765-68-44-83-300-000","CLOSD","7101 Appelman RD","23832","Chesterfield","Single Family Residence","09/30/2025","$399,999","$400,000","6","Resale (occupied at least once)","2022","Pennwood Estates","1,728","0.36","3","2.1","Public Water","Sewer - Public","FHA New","Individuals"
"501","2521478","C0060763020","CLOSD","912 Rosemont RD","23224","Richmond City","Single Family Residence","09/30/2025","$212,000","$202,000","28","Resale (occupied at least once)","1975","Warwick Gardens","","0.29","3","1.1","Public Water","Sewer - Public","Conventional","Individuals"
"501","2504010","805-692-2678","CLOSD","7505 Indian River RUN","23231","Henrico","Single Family Residence","09/30/2025","$389,990","$365,165","63","New (never occupied)","2025","Settlers Ridge","1,601","0.20","3","2.0","Public Water","Sewer - Public","Cash","Corporate"
"501","2523369","30-14-0-6-0","CLOSD","3124 Walnut Ridge LN","23063","Goochland","Single Family Residence","09/30/2025","$1,549,000","$1,535,000","11","Resale (occupied at least once)","2008","Walnut Ridge","4,237","12.64","4","4.1","Well","Septic - Conventional","Conventional","Individuals"
"501","2517271","8704-92-6270","CLOSD","8009 Dominion Park DR","23111","Hanover","Single Family Residence","09/30/2025","$399,900","$395,000","21","Resale (occupied at least once)","2000","Cold Harbor Meadows","1,658","0.18","4","2.1","Public Water","Sewer - Public","Conventional","Corporate, Individuals"
"501","2523530","741-70-14-03-500-000","CLOSD","11306 Poplar Ridge RD","23236","Chesterfield","Single Family Residence","09/30/2025","$499,950","$500,000","5","Resale (occupied at least once)","1978","Smoketree","3,491","0.51","5","3.1","Public Water","Sewer - Public","Conventional","Individuals"
"501","2520471","7797-55-9007","CLOSD","9204 Burkes Garden PL","23116","Hanover","Single Family Residence","09/30/2025","$509,000","$500,000","16","Resale (occupied at least once)","1992","Kings Charter","2,016","0.26","4","2.1","Public Water","Sewer - Public","Conventional","Individuals"
"501","2513609","E000-1763-189","CLOSD","3517 Briel ST Unit#U10","23223","Richmond City","Townhouse","09/30/2025","$147,000","$137,000","38","Resale (occupied at least once)","1968","Villas Of Oakwood South","822","","3","1.1","Public Water","Sewer - Public","Other","Individuals"
"501","2522793","752-766-1246.438","CLOSD","4125 San Marco DR","23060","Henrico","Condominium","09/30/2025","$331,950","$325,000","17","Resale (occupied at least once)","2005","Villas At Innsbrook","1,427","0.03","2","2.0","Public Water","Sewer - Public","Conventional","Individuals"
"501","2519360","720-67-33-06-900-019","CLOSD","14736 Boyces Cove DR Unit#8","23112","Chesterfield","Single Family Residence","09/30/2025","$325,000","$300,000","39","Resale (occupied at least once)","1987","Boyces Cove","1,008","","2","2.0","Public Water","Sewer - Public","Conventional","Individuals"
"501","2518833","735-758-5970","CLOSD","3013 Wiltonshire DR","23233","Henrico","Single Family Residence","09/30/2025","$520,000","$510,000","23","Resale (occupied at least once)","1990","Gayton Ridge","2,298","0.24","4","2.1","Public Water","Sewer - Public","Cash","Individuals"
"501","2525742","S000-1131-006","CLOSD","204 W 29th ST","23225","Richmond City","Single Family Residence","09/30/2025","$499,950","$541,000","6","Resale (occupied at least once)","1938","None","2,702","0.14","4","2.1","Public Water","Sewer - Public","Conventional","Corporate"
"501","2524849","W000-1704-213","CLOSD","705 N Hamilton ST Unit#D","23221","Richmond City","Condominium","09/30/2025","$309,900","$310,000","2","Resale (occupied at least once)","1962","Mount Vernon Condominiums","828","0.02","2","1.1","Public Water","Sewer - Public","Conventional","Individuals"
"501","2524516","W000-0989-021","CLOSD","2224 Rosewood AVE","23220","Richmond City","Single Family Residence","09/30/2025","$750,000","$765,000","4","Resale (occupied at least once)","1920","None","3,682","0.08","4","2.2","Public Water","Sewer - Public","Conventional","Individuals"
"501","2524445","728-70-68-84-800-000","CLOSD","13813 Sycamore Village DR","23114","Chesterfield","Single Family Residence","09/30/2025","$339,900","$363,000","6","Resale (occupied at least once)","1995","Sycamore Village","1,258","0.11","3","2.0","Public Water","Sewer - Public","Conventional","Individuals"
"501","2524159","777-66-04-35-500-000","CLOSD","5910 Meadowood LN","23237","Chesterfield","Single Family Residence","09/30/2025","$357,000","$357,000","4","Resale (occupied at least once)","1993","Carters Run","1,802","0.42","3","2.1","Public Water","Sewer - Public","Conventional","Individuals"
"501","2524074","724-70-68-09-300-022","CLOSD","442 Dunlin CT","23114","Chesterfield","Condominium","09/30/2025","$559,000","$510,000","17","Resale (occupied at least once)","2010","Midlothian Wood Condo","2,382","","3","2.1","Public Water","Sewer - Public","Cash","Individuals"
"501","2524046","764-757-1155.056","CLOSD","7750 Flannagan CT Unit#6","23228","Henrico","Condominium","09/30/2025","$180,000","$190,000","5","Resale (occupied at least once)","1992","Shannon Green Condo","920","0.02","2","2.0","Public Water","Sewer - Public","Conventional","Estate"
"501","2523544","W019-0306-043","CLOSD","38 E Lock LN Unit#4","22226","Richmond City","Condominium","09/30/2025","$384,950","$380,500","3","Resale (occupied at least once)","1930","Lock Lane Condominium","","","2","2.0","Public Water","Sewer - Public","Cash","Individuals"
"501","2523502","757-65-05-14-300-000","CLOSD","11518 Barrows Ridge LN","23838","Chesterfield","Single Family Residence","09/30/2025","$775,000","$770,000","7","Resale (occupied at least once)","2013","Woodland Pond","3,493","1.59","5","4.0","Public Water","Septic - Conventional","Cash","Individuals"
"501","2523501","8716-25-5312","CLOSD","9260 Rochdale CT","23116","Hanover","Single Family Residence","09/30/2025","$400,000","$410,000","7","Resale (occupied at least once)","1976","Avondale","1,960","0.54","4","3.0","Public Water","Septic - Conventional","Conventional","Individuals"
"501","2523493","761-759-8699","CLOSD","8708 Lonepine RD","23294","Henrico","Single Family Residence","09/30/2025","$359,950","$350,000","11","Resale (occupied at least once)","1964","West End Manor","1,774","0.26","4","1.2","Public Water","Sewer - Public","Conventional","Individuals"
"501","2523429","W020-0133-012","CLOSD","5303 Ditchley RD","23226","Richmond City","Single Family Residence","09/30/2025","$1,295,000","$1,527,000","9","Resale (occupied at least once)","1941","Glenburnie","2,998","0.17","3","4.0","Public Water","Sewer - Public","Cash","Individuals"
"501","2523238","8745-33-6892","CLOSD","8411 Beatties Mill RD","23111","Hanover","Single Family Residence","09/30/2025","$379,950","$380,000","6","Resale (occupied at least once)","1940","None","1,012","2.00","3","2.0","Well","Septic - Conventional","Conventional","Individuals"
"501","2523101","740-781-2953.030","CLOSD","12016 Kershaw CT","23059","Henrico","Condominium","09/30/2025","$545,000","$545,000","3","Resale (occupied at least once)","1995","Kelston Green At Wyndham","2,321","","3","2.1","Public Water","Sewer - Public","Cash","Individuals"
"501","2523094","769-761-6136","CLOSD","9560 Kimberly Lynn CIR","23060","Henrico","Townhouse","09/30/2025","$299,900","$285,000","25","Resale (occupied at least once)","1990","Laurel Lakes Ths","1,280","0.04","3","2.1","Public Water","Sewer - Public","Conventional","Individuals"
"501","2522657","743-747-2161","CLOSD","1727 Logwood CIR","23238","Henrico","Townhouse","09/30/2025","$435,000","$420,000","11","Resale (occupied at least once)","1988","Gayton Forest Townhouses","2,522","0.09","3","2.1","Public Water","Sewer - Public","Conventional","Individuals"
"501","2522469","30A  8  1078","CLOSD","6421 Lakeshore DR","23141","New Kent","Single Family Residence","09/30/2025","$299,950","$310,000","5","Resale (occupied at least once)","1994","Woodhaven Shores","2,712","0.14","3","2.0","Community Well","Septic - Conventional","Conventional","Individuals"
"501","2522130","731-67-85-87-800-000","CLOSD","4601 Peppercorn PL","23112","Chesterfield","Single Family Residence","09/30/2025","$425,000","$425,000","6","Resale (occupied at least once)","1976","Brandermill","2,188","0.19","5","3.0","Public Water","Sewer - Public","VA New","Corporate"
"501","2522070","W000-1119-023","CLOSD","2 N Davis AVE","23220","Richmond City","Single Family Residence","09/30/2025","$400,000","$340,000","16","Resale (occupied at least once)","1910","None","3,120","0.05","3","1.1","Public Water","Sewer - Public","Cash","Individuals"
"501","2522064","759-755-6436","CLOSD","2415 Homeview DR","23294","Henrico","Single Family Residence","09/30/2025","$349,900","$353,000","7","Resale (occupied at least once)","1953","Mimosa Park","1,067","0.47","2","1.0","Public Water","Sewer - Public","VA New","Individuals"
"501","2521971","8725-91-4213","CLOSD","6030 Northfall Creek PKY","23111","Hanover","Single Family Residence","09/30/2025","$515,500","$510,000","16","Resale (occupied at least once)","1999","Pebble Creek","2,224","0.39","4","2.1","Public Water","Sewer - Public","Cash","Individuals"
"501","2521949","22A11 4   103","CLOSD","7630 Summer Morning DR","23124","New Kent","Single Family Residence","09/30/2025","$525,000","$525,000","9","Resale (occupied at least once)","2023","Renaissance at Four Seasons","5,739","0.21","3","3.0","Public Water","Sewer - Public","FHA New","Individuals"
"501","2521930","67-11-C-6-0","CLOSD","11 Dahlgren RD","23238","Goochland","Single Family Residence","09/30/2025","$795,000","$876,500","8","Resale (occupied at least once)","1972","Lower Tuckahoe","2,813","","5","3.1","Public Water","Septic - Conventional","Conventional","Individuals"
"501","2521904","58-54-1-6-0","CLOSD","14012 Mosaic Nook","23238","Goochland","Townhouse","09/30/2025","$612,500","$615,000","17","Resale (occupied at least once)","2020","Mosaic at West Creek","","0.09","3","2.1","Public Water","Sewer - Public","Conventional","Individuals"
"501","2521899","754-765-2749","CLOSD","10604 Timber PASS","23060","Henrico","Single Family Residence","09/30/2025","$424,950","$418,000","5","Resale (occupied at least once)","1992","The Woods At Innsbrook","1,694","0.23","3","2.1","Public Water","Sewer - Public","Conventional","Individuals"
"501","2521898","S006-0246-022","CLOSD","4708 King William RD","23225","Richmond City","Single Family Residence","09/30/2025","$749,000","$749,000","21","Resale (occupied at least once)","1947","Westover Hills","2,840","0.15","3","2.2","Public Water","Sewer - Public","Conventional","Individuals"
"501","2521423","744-752-6586.138","CLOSD","2112 Turtle Creek DR Unit#6","23233","Henrico","Condominium","09/30/2025","$224,950","$232,500","4","Resale (occupied at least once)","1987","Turtle Creek West Condominiums","920","0.02","1","1.0","Public Water","Sewer - Public","Conventional","Individuals"
"501","2521302","787-65-60-16-900-000","CLOSD","4800 Empire PKY","23831","Chesterfield","Single Family Residence","09/30/2025","$399,950","$380,000","15","Resale (occupied at least once)","1973","Chesterbrook Farms","2,004","0.49","3","2.1","Public Water","Septic - Conventional","Cash","Individuals"
"501","2520643","750-746-3646","CLOSD","31 Huneycutt DR","23238","Henrico","Townhouse","09/30/2025","$269,950","$260,000","32","Resale (occupied at least once)","1976","Pemberton Townhouse","1,178","0.04","2","1.2","Public Water","Sewer - Public","Conventional","Individuals"
"501","2520436","032B-9-19","CLOSD","2195 Founders View LN","23113","Powhatan","Single Family Residence","09/30/2025","$874,500","$874,500","2","Resale (occupied at least once)","2005","Founders Bridge","2,816","0.22","4","3.0","Public Water","Sewer - Public","Cash","Individuals"
"501","2520086","793648850700000","CLOSD","3818 Belspring RD","23831","Chesterfield","Single Family Residence","09/30/2025","$539,990","$529,990","17","New (never occupied)","2025","Roberts Forest","2,071","","3","2.1","Public Water","Sewer - Public","VA New","Corporate"
"501","2519746","757-68-52-03-300-000","CLOSD","8811 S Boones Trail RD","23236","Chesterfield","Single Family Residence","09/30/2025","$350,000","$340,000","43","Resale (occupied at least once)","1997","Jacobs Glenn","1,196","0.55","3","2.0","Public Water","Sewer - Public","Cash","Individuals"
"501","2519593","805-692-2484","CLOSD","7501 Indian River RUN","23231","Henrico","Single Family Residence","09/30/2025","$389,900","$365,000","25","New (never occupied)","2025","Settlers Ridge","1,601","0.20","2","2.0","Public Water","Sewer - Public","Conventional","Corporate"
"501","2519592","C005-0864-019","CLOSD","5404 Decker RD","23225","Richmond City","Single Family Residence","09/30/2025","$260,000","$250,000","37","Resale (occupied at least once)","1969","Westover South","1,582","0.28","3","1.1","Public Water","Sewer - Public","Conventional","Individuals"
"501","2519503","802-729-3695","CLOSD","2004 Hobson LN","23223","Henrico","Single Family Residence","09/30/2025","$218,000","$215,000","13","Resale (occupied at least once)","1949","Montezuma Gardens","978","0.25","3","2.0","Public Water","Sewer - Public","FHA New","Individuals"
"501","2518321","746-69-70-75-100-000","CLOSD","1101 Clearlake RD","23236","Chesterfield","Single Family Residence","09/30/2025","$409,950","$409,950","42","Resale (occupied at least once)","1976","Lake Crystal Farms","2,252","0.46","4","3.0","Public Water","Septic - Conventional","Conventional","Individuals"
"501","2517379","8706-58-6597","CLOSD","8158 Judith LN","23116","Hanover","Single Family Residence","09/30/2025","$569,950","$569,000","6","Resale (occupied at least once)","2020","None","","0.12","4","2.1","Public Water","Sewer - Public","Conventional","Individuals"
"501","2517266","742-747-7563","CLOSD","1817 Poplar GRN","23238","Henrico","Townhouse","09/30/2025","$365,000","$365,000","16","Resale (occupied at least once)","1985","Gayton Forest Townhouses","1,938","0.09","3","2.1","Public Water","Sewer - Public","Conventional","Individuals"
"501","2516891","787-769-8449","CLOSD","904 Pale Moon DR","23059","Henrico","Townhouse","09/30/2025","$350,000","$350,000","49","Resale (occupied at least once)","2007","Villages At The Crossings","1,848","0.05","3","2.1","Public Water","Sewer - Public","Conventional","Individuals"
"501","2516426","W000-0666-053","CLOSD","1630 Park AVE","23220","Richmond City","Single Family Residence","09/30/2025","$1,100,000","$1,000,000","39","Resale (occupied at least once)","1910","None","4,036","0.07","3","2.1","Public Water","Sewer - Public","Cash","Estate, Individuals"
"501","2515038","785-760-3649.220","CLOSD","9218 Magellan PKY Unit#B","23060","Henrico","Condominium","09/30/2025","$379,080","$379,080","107","New (never occupied)","2025","Retreat at One","2,345","","3","2.1","Public Water","Sewer - Public","Conventional","Corporate"
"501","2514554","7798-63-9275","CLOSD","11292 Silverstone DR","23116","Hanover","Single Family Residence","09/30/2025","$565,000","$565,000","97","Resale (occupied at least once)","2002","Somerset","","0.35","4","3.1","Public Water","Sewer - Public","Conventional","Individuals"
"501","2514473","781-756-5140.020","CLOSD","1506 Stonewall Manor DR","23228","Henrico","Condominium","09/30/2025","$285,000","$275,000","57","Resale (occupied at least once)","2017","Townes At Stonewall Manor","1,360","2.65","3","2.1","Public Water","Sewer - Public","Cash","Individuals"
"501","2514450","8745-66-7066","CLOSD","8295 Pepper LN","23111","Hanover","Single Family Residence","09/30/2025","$499,950","$495,000","76","Resale (occupied at least once)","1986","Pepper Town Farms Resub","1,820","2.07","3","2.1","Well","Septic - Conventional","Conventional","Individuals"
"501","2513589","TBD","CLOSD","13236 Garland LN","23114","Chesterfield","Condominium","09/30/2025","$444,735","$414,735","79","New (never occupied)","2024","Coalfield Station","2,512","","3","2.1","Public Water","Sewer - Public","Cash","Corporate"
"501","2508237","C004-0544-022","CLOSD","2956 Hathaway RD Unit#U210","23225","Richmond City","Condominium","09/30/2025","$284,000","$268,000","147","Resale (occupied at least once)","1972","Hathaway Tower Condominiums","1,561","0.04","2","2.0","Public Water","Sewer - Public","Cash","Individuals"
"501","2504139","W000-06-13-035","CLOSD","1524 West AVE Unit#33","23220","Richmond City","Condominium","09/30/2025","$425,000","$420,000","183","Resale (occupied at least once)","1931","Laurel Hill House Condo","1,737","0.04","3","2.0","Public Water","Sewer - Public","Cash","Individuals"
"501","2500992","721704730400000","CLOSD","1031 Arbor Heights TER","23114","Chesterfield","Single Family Residence","09/30/2025","$716,150","$716,150","0","New (never occupied)","2025","Charter Colony West","3,182","","3","3.1","Public Water","Sewer - Public","Cash","Corporate"
"501","BRTVAHN2001036","752-766-1246.438","CLOSD","4125 San Marco Unit#H","23058","Henrico","Townhouse","09/30/2025","$331,950","$325,000","19","Resale (occupied at least once)","2005","RAINTREE","1,427","","2","2.0","Public Water","Public Sewer On Site","",""
"501","REIN10585046","52A3 4   131","CLOSD","201 Colony TRL","23089","New Kent","Single Family Residence","09/30/2025","$575,000","$550,000","92","Resale (occupied at least once)","1989","THE COLONIES","2,771","1.20","3","3.0","","Septic","",""
"501","2519736","8706-76-3896","CLOSD","9346 Braxton WAY","23116","Hanover","Single Family Residence","10/01/2025","$565,000","$560,000","36","Resale (occupied at least once)","1993","Crown Colony","2,936","0.43","4","3.1","Public Water","Sewer - Public","FHA New","Individuals"
"501","2519873","748-773-9460","CLOSD","11104 Chappell Ridge CT","23059","Henrico","Single Family Residence","10/01/2025","$689,950","$677,500","36","Resale (occupied at least once)","2002","Chappell Ridge","3,624","0.35","5","2.1","Public Water","Sewer - Public","Conventional","Individuals"
"501","2518442","C001-1044-016","CLOSD","10220 Duryea DR","23235","Richmond City","Single Family Residence","10/01/2025","$899,950","$850,000","41","Resale (occupied at least once)","1956","Hobby Hill Farms","3,143","2.40","3","3.0","Public Water","Sewer - Public","Conventional","Corporate"
"501","2523271","735-746-0222","CLOSD","1409 Wood Grove CIR","23238","Henrico","Single Family Residence","10/01/2025","$439,900","$440,000","6","Resale (occupied at least once)","1987","Chatsworth","1,872","0.23","4","2.1","Public Water","Sewer - Public","Conventional","Individuals"
"501","2519944","742-765-8656","CLOSD","11416 Country Oaks CT","23059","Henrico","Single Family Residence","10/01/2025","$769,950","$770,000","49","Resale (occupied at least once)","2005","Cobblestone Landing @ Twin Hickory","3,902","0.26","5","3.1","Public Water","Sewer - Public","Conventional","Individuals"
"501","2523722","730-71-99-03-500-000","CLOSD","2941 Ellesmere DR","23113","Chesterfield","Single Family Residence","10/01/2025","$799,950","$799,950","8","Resale (occupied at least once)","1987","Powderham","3,476","1.28","5","3.1","Public Water","Sewer - Public","Conventional","Corporate"
"501","2523692","734-71-55-56-000-000","CLOSD","2329 Olde Queen TER","23113","Chesterfield","Single Family Residence","10/01/2025","$690,000","$690,000","4","Resale (occupied at least once)","1990","Roxshire","3,153","0.55","4","2.1","Public Water","Sewer - Public","Conventional","Individuals"
"501","2523209","723-68-92-01-900-000","CLOSD","14305 Chimney House RD","23112","Chesterfield","Single Family Residence","10/01/2025","$589,950","$597,450","13","Resale (occupied at least once)","1987","Brandermill","3,439","0.41","5","2.2","Public Water","Sewer - Public","VA New","Individuals"
"501","2505209","E000-0558-003","CLOSD","2205 Fairmount AVE","23223","Richmond City","Single Family Residence","10/01/2025","$434,950","$428,000","145","Resale (occupied at least once)","1900","Fairmount Park","1,900","0.07","4","2.1","Public Water","Sewer - Public","Conventional","Corporate"
"501","2522707","733-716-77-10-00000","CLOSD","12602 Swanhurst CIR","23113","Chesterfield","Single Family Residence","10/01/2025","$695,000","$675,000","10","Resale (occupied at least once)","1988","Roxshire","","","5","2.1","Public Water","Sewer - Public","Conventional","Individuals"
"501","2520627","779-748-3133","CLOSD","2502 Williams ST","23228","Henrico","Single Family Residence","10/01/2025","$359,000","$360,000","9","Resale (occupied at least once)","1937","Acreage","1,438","0.32","2","2.0","Public Water","Sewer - Public","Conventional","Individuals"
"501","2519803","W000-1602-012","CLOSD","3531 Grove AVE","23221","Richmond City","Single Family Residence","10/01/2025","$655,000","$665,000","37","Resale (occupied at least once)","1910","None","2,376","0.09","3","2.1","Public Water","Sewer - Public","Conventional","Individuals"
"501","2521240","826-64-80-62-900-000","CLOSD","1984 Enon Station DR","23836","Chesterfield","Single Family Residence","10/01/2025","$410,000","$411,000","18","Resale (occupied at least once)","2024","Enon Station","1,812","0.16","3","2.1","Public Water","Sewer - Public","FHA New","Individuals"
"501","2508444","7126629564","CLOSD","16025 Abelson WAY","23832","Chesterfield","Townhouse","10/01/2025","$397,540","$385,000","27","New (never occupied)","2025","Harpers Mill","1,793","0.10","3","2.2","Public Water","Sewer - Public","Conventional","Other"
"501","2523528","773-66-19-22-800-000","CLOSD","6407 Oldbern RD","23832","Chesterfield","Single Family Residence","10/01/2025","$314,999","$314,999","7","Resale (occupied at least once)","1993","Holly Trace","1,336","0.24","3","2.1","Public Water","Sewer - Public","FHA New","Individuals"
"501","2519832","742-68-72-18-800-000","CLOSD","3020 Clintwood RD","23112","Chesterfield","Single Family Residence","10/01/2025","$320,000","$318,000","7","Resale (occupied at least once)","1985","Lake Genito","1,350","0.72","3","2.0","Public Water","Septic - Conventional","Conventional","Corporate"
"501","2525199","792-66-57-09-200-000","CLOSD","10050 S General BLVD","23237","Chesterfield","Single Family Residence","10/01/2025","$399,900","$399,900","4","Resale (occupied at least once)","1952","Central Park","2,196","1.00","4","2.0","Public Water","Sewer - Public","VA New","Individuals"
"501","2523919","C004-0448-026","CLOSD","3831 Custis RD","23225","Richmond City","Single Family Residence","10/01/2025","$625,000","$625,000","11","Resale (occupied at least once)","1959","Stratford Hills","2,586","0.79","4","2.1","Public Water","Sewer - Public","Conventional","Corporate"
"501","2522272","765-68-45-01-800-000","CLOSD","7749 Drexelbrook RD","23832","Chesterfield","Single Family Residence","10/01/2025","$325,000","$325,000","13","Resale (occupied at least once)","1984","Pennwood","1,350","0.31","3","2.0","Public Water","Sewer - Public","Conventional","Individuals"
"501","2521430","737-69-53-96-300-000","CLOSD","1508 Porters Mill CT","23114","Chesterfield","Single Family Residence","10/01/2025","$335,000","$328,000","6","Resale (occupied at least once)","1988","Smoketree South","1,164","0.27","3","2.0","Public Water","Sewer - Public","VA New","Individuals"
"501","2432242","TBD","CLOSD","18213 Red Barn CT","23120","Chesterfield","Single Family Residence","10/01/2025","$665,950","$745,280","0","New (never occupied)","2025","Tuckmar Farm","2,893","","5","4.0","Public Water","Sewer - Public","Conventional","Corporate"
"501","2522665","19G1 31A  13","CLOSD","7506 S Franklins WAY","23141","New Kent","Single Family Residence","10/01/2025","$410,000","$390,000","20","Resale (occupied at least once)","2012","Patriots Landing","4,418","0.13","3","2.0","Public Water","Community - Sewer/Septic","Conventional","Individuals"
"501","2525105","732-756-6276","CLOSD","12111 Shore View DR","23233","Henrico","Townhouse","10/01/2025","$374,990","$370,000","13","Resale (occupied at least once)","1990","Bay Cove","2,068","0.07","3","3.1","Public Water","Sewer - Public","Cash","Individuals"
"501","2524780","780-65-70-46-400-000","CLOSD","11200 Chalkley RD","23831","Chesterfield","Single Family Residence","10/01/2025","$179,900","$192,500","3","Resale (occupied at least once)","1960","None","930","1.20","3","1.0","Well","Septic - Conventional","Cash","Individuals"
"501","2524310","760-763-0355","CLOSD","4810 Candlelight PL","23060","Henrico","Single Family Residence","10/01/2025","$349,950","$360,000","4","Resale (occupied at least once)","1985","Dunncroft","1,414","0.25","3","1.1","Public Water","Sewer - Public","Conventional","Individuals"
"501","2524164","E000-0380-018","CLOSD","806 N 26th ST","23223","Richmond City","Single Family Residence","10/01/2025","$249,900","$250,000","4","Resale (occupied at least once)","1910","None","1,628","0.10","3","1.1","Public Water","Sewer - Public","Cash","Corporate"
"501","2524004","742-751-1739","CLOSD","2122 Willowick LN","23238","Henrico","Single Family Residence","10/01/2025","$689,950","$713,550","6","Resale (occupied at least once)","1988","Raintree","3,218","0.30","4","2.1","Public Water","Sewer - Public","Conventional","Individuals"
"501","2523504","S008-0772-010","CLOSD","2721 Lamberts AVE","23234","Richmond City","Single Family Residence","10/01/2025","$100,000","$135,000","2","Resale (occupied at least once)","1946","Lamberts Terrace","1,025","0.19","3","1.0","Public Water","Sewer - Public","Cash","Corporate"
"501","2523397","778-68-69-04-600-000","CLOSD","5533 Upp ST","23234","Chesterfield","Single Family Residence","10/01/2025","$335,000","$320,000","3","Resale (occupied at least once)","1994","Henning Heights","1,456","0.83","3","2.1","Public Water","Sewer - Public","Cash","Individuals"
"501","2523371","740-753-0858","CLOSD","2440 Summerwood DR","23233","Henrico","Single Family Residence","10/01/2025","$530,000","$512,500","25","Resale (occupied at least once)","1996","Sutton","2,765","0.23","4","2.1","Public Water","Sewer - Public","Conventional","Individuals"
"501","2523293","8725-18-1678","CLOSD","7738 Clarey LN","23116","Hanover","Single Family Residence","10/01/2025","$579,000","$579,000","7","Resale (occupied at least once)","2020","Bishops Park","2,429","0.24","4","3.0","Public Water","Sewer - Public","Conventional","Individuals"
"501","2523081","7797-21-9696","CLOSD","9355 Ashking DR","23116","Hanover","Single Family Residence","10/01/2025","$370,000","$375,500","3","Resale (occupied at least once)","1978","Beechwood Farms","1,675","0.32","3","2.0","Public Water","Sewer - Public","Conventional","Individuals"
"501","2522282","744-747-5578","CLOSD","1826 Millrun PL","23238","Henrico","Townhouse","10/01/2025","$345,000","$340,000","7","Resale (occupied at least once)","1976","Ivystone Village At Raintree","1,454","0.07","3","2.0","Public Water","Sewer - Public","Conventional","Individuals"
"501","2522112","794-64-23-55-900-000","CLOSD","3700 Nesting WAY","23831","Chesterfield","Single Family Residence","10/01/2025","$275,000","$275,000","10","Resale (occupied at least once)","1990","Pheasant Run","1,810","0.28","3","2.1","Public Water","Sewer - Public","Conventional","Individuals"
"501","2521649","796-63-46-59-200-000","CLOSD","15907 Meridian AVE","23831","Chesterfield","Single Family Residence","10/01/2025","$290,000","$273,000","5","Resale (occupied at least once)","1966","Timsberry Gardens","1,008","0.35","3","1.0","Public Water","Sewer - Public","FHA New","Individuals"
"501","2521439","744-753-3518","CLOSD","2207 Grainmill CT","23233","Henrico","Single Family Residence","10/01/2025","$375,000","$375,000","4","Resale (occupied at least once)","1981","Stonegate","1,832","0.22","4","2.1","Public Water","Sewer - Public","Conventional","Individuals"
"501","2520525","790-64-02-51-400-000","CLOSD","4501 Exton LN","23831","Chesterfield","Single Family Residence","10/01/2025","$399,000","$399,000","33","Resale (occupied at least once)","1993","Greenbriar","2,280","0.58","4","2.1","Public Water","Sewer - Public","VA New","Individuals"
"501","2520206","7759-43-2262","CLOSD","13360 Ashland RD","23005","Hanover","Single Family Residence","10/01/2025","$498,950","$500,000","6","Resale (occupied at least once)","1986","None","1,812","4.39","3","2.1","Well","Septic - Conventional","Conventional","Individuals"
"501","2519434","739-72-44-44-800-000","CLOSD","3808 Solebury PL","23113","Chesterfield","Single Family Residence","10/01/2025","$1,695,000","$1,569,000","25","Resale (occupied at least once)","1995","Reeds Landing","7,084","1.20","5","5.2","Public Water","Septic - Conventional","Other","Individuals"
"501","2519283","5-1-0-22-0","CLOSD","3495 County Line RD","23084","Goochland","Single Family Residence","10/01/2025","$385,000","$385,000","30","Resale (occupied at least once)","1989","None","1,864","4.12","3","2.0","Well","Septic - Conventional","Conventional","Individuals"
"501","2518887","C004-0453-009","CLOSD","7516 Tanglewood RD","23225","Richmond City","Single Family Residence","10/01/2025","$419,950","$412,000","20","Resale (occupied at least once)","1954","Stratford Hills","2,015","0.40","3","1.1","Public Water","Sewer - Public","Conventional","Corporate"
"501","2518475","796657924800000","CLOSD","3119 Perdue Springs DR","23831","Chesterfield","Townhouse","10/01/2025","$345,000","$332,000","37","Resale (occupied at least once)","2023","Westchester Townhouses","1,730","","3","2.1","Public Water","Sewer - Public","Conventional","Individuals"
"501","2518311","8715-01-5789","CLOSD","8680 Hope Farm LN","23111","Hanover","Townhouse","10/01/2025","$449,900","$449,900","34","New (never occupied)","2025","Brunswick at Hope Farm","2,330","","1","2.0","Public Water","Sewer - Public","Conventional","Corporate"
"501","2518185","760-71-38-32-400-000","CLOSD","7856 Epic RD","23235","Chesterfield","Single Family Residence","10/01/2025","$415,000","$405,000","19","Resale (occupied at least once)","1984","Jahnke Place","2,112","0.34","6","3.0","Public Water","Sewer - Public","FHA New","Corporate"
"501","2515094","841-673-4282","CLOSD","5138 New Market RD","23231","Henrico","Single Family Residence","10/01/2025","$329,950","$240,000","52","Resale (occupied at least once)","1951","Acreage","1,071","6.98","2","1.0","Well","Septic - Conventional","Cash","Individuals"
"501","2514779","723-67-76-28-600-000","CLOSD","5802 Laurel Trail CT","23112","Chesterfield","Single Family Residence","10/01/2025","$425,000","$417,500","33","Resale (occupied at least once)","1986","Woodlake","","0.22","4","2.1","Public Water","Sewer - Public","VA New","Individuals"
"501","2512612","731-764-4031","CLOSD","3327 Haydenpark LN","23233","Henrico","Townhouse","10/01/2025","$904,733","$885,363","95","New (never occupied)","2025","Greengate","3,033","","4","4.1","Public Water","Sewer - Public","Cash","Corporate"
"501","BRTVAHN2001066","737-744-3362","CLOSD","11405 Blendon LN","23238","Henrico","Single Family Residence","10/01/2025","$415,000","$370,000","6","Resale (occupied at least once)","1966","TUCKAHOE VILLAGE","1,894","0.35","4","2.0","Public Water","Public Sewer On Site","",""
"501","BRTVACF2001182","720675526000000","CLOSD","6011 Mill Spring CT","23112","Chesterfield","Single Family Residence","10/01/2025","$364,900","$360,000","82","Resale (occupied at least once)","1985","NONE AVAILABLE","1,536","0.18","3","3.0","Public Water","Public Sewer On Site","",""
"501","2522281","771-745-8986","CLOSD","3317 Hard Rock CT","23230","Henrico","Single Family Residence","10/02/2025","$374,950","$360,000","18","Resale (occupied at least once)","1992","Still Meadow","1,424","0.30","3","2.1","Public Water","Sewer - Public","Conventional","Individuals"
"501","2524172","735-70-12-19-200-000","CLOSD","12629 Queensgate RD","23114","Chesterfield","Single Family Residence","10/02/2025","$525,000","$532,000","6","Resale (occupied at least once)","1991","Walton Park","2,670","0.37","4","2.1","Public Water","Sewer - Public","Conventional","Individuals"
"501","2524714","20  14     1","CLOSD","8851 Topeka RD","23141","New Kent","Single Family Residence","10/02/2025","$700,000","$715,000","10","Resale (occupied at least once)","2021","None","5,420","16.82","4","2.0","Well","Septic - Conventional","FHA New","Individuals"
"501","2506978","721704470700000","CLOSD","1006 Arbor Heights TER","23114","Chesterfield","Single Family Residence","10/02/2025","$649,985","$649,985","43","New (never occupied)","2025","Charter Colony West","2,084","","3","3.0","Public Water","Sewer - Public","Conventional","Corporate"
"501","2519237","8734-84-0582","CLOSD","5190 Danes RUN","23111","Hanover","Single Family Residence","10/02/2025","$674,950","$672,950","57","Resale (occupied at least once)","2007","Glenharbor","2,752","2.17","4","3.1","Well","Septic - Conventional","Conventional","Individuals"
"501","2521552","790-64-30-92-600-000","CLOSD","14008 Sandy Oak RD","23831","Chesterfield","Single Family Residence","10/02/2025","$429,999","$425,000","33","Resale (occupied at least once)","1990","Stoney Glen","2,700","0.25","5","2.1","Public Water","Sewer - Public","Conventional","Individuals"
"501","2502292","Not Yet Assigned","CLOSD","5304 Twisting Vine LN Unit#101","23059","Henrico","Condominium","10/02/2025","$366,785","$366,785","0","New (never occupied)","2025","Twin Hickory","1,291","","2","2.0","Public Water","Sewer - Public","Conventional","Corporate"
"501","2522404","776-67-00-10-500-000","CLOSD","8522 Rainwater RD","23237","Chesterfield","Single Family Residence","10/02/2025","$275,000","$280,000","7","Resale (occupied at least once)","1978","Huntingcreek Hills","1,056","0.31","3","1.0","Public Water","Sewer - Public","Conventional","Individuals"
"501","2523592","790-65-99-50-400-000","CLOSD","11440 Rochelle RD","23831","Chesterfield","Single Family Residence","10/02/2025","$365,000","$380,914","1","Resale (occupied at least once)","1970","Trueheart Heights","2,788","0.41","4","2.0","Public Water","Septic - Conventional","Conventional","Individuals"
"501","2520317","720-67-67-22-100-000","CLOSD","5902 Mill Spring RD","23112","Chesterfield","Single Family Residence","10/02/2025","$399,900","$408,000","12","Resale (occupied at least once)","1985","Mill Spring","1,832","0.22","4","2.1","Public Water","Sewer - Public","Conventional","Individuals"
"501","2521233","787-65-92-11-400-000","CLOSD","11336 Great Branch DR","23831","Chesterfield","Single Family Residence","10/02/2025","$259,500","$275,000","33","Resale (occupied at least once)","1981","Dense Wood Hills","1,088","0.21","3","1.1","Public Water","Sewer - Public","FHA New","Individuals"
"501","2516818","N000-0701-022","CLOSD","2717 Hanes AVE","23222","Richmond City","Single Family Residence","10/02/2025","$464,000","$460,000","49","Resale (occupied at least once)","1924","Brookland Park","1,800","0.12","3","2.1","Public Water","Sewer - Public","Conventional","Corporate"
"501","2525246","792-65-96-65-300-000","CLOSD","11412 Ludgate PL","23831","Chesterfield","Single Family Residence","10/02/2025","$380,000","$380,000","4","Resale (occupied at least once)","1985","Summit Point","1,992","0.28","3","2.1","Public Water","Sewer - Public","Conventional","Individuals"
"501","2525168","797-63-67-10-000-000","CLOSD","15806 Roland View DR","23831","Chesterfield","Single Family Residence","10/02/2025","$255,000","$255,000","2","Resale (occupied at least once)","1986","Millcreek","1,444","0.21","3","2.0","Public Water","Sewer - Public","FHA New","Individuals"
"501","2502751","699-69-05-63-500-000","CLOSD","18312 Harvest View CT","23120","Chesterfield","Single Family Residence","10/02/2025","$677,950","$760,370","0","New (never occupied)","2025","Tuckmar Farm","3,032","","4","3.1","Public Water","Sewer - Public","Conventional","Corporate"
"501","2520275","788639834400000","CLOSD","4720 Treely Road","23831","Chesterfield","Single Family Residence","10/02/2025","$324,900","$315,000","54","Resale (occupied at least once)","1989","Greenbriar","","","4","2.1","Public Water","Sewer - Public","Conventional","Individuals"
"501","2518766","762-68-01-30-000-000","CLOSD","7731 Centerbrook LN","23832","Chesterfield","Single Family Residence","10/02/2025","$414,900","$410,000","40","Resale (occupied at least once)","1996","Five Forks Village","2,052","0.32","4","2.1","Public Water","Sewer - Public","Conventional","Individuals"
"501","2524177","Cumberland @ Patriots Landing","CLOSD","2415 Prince Andrew CT Unit#17","23124","New Kent","Condominium","10/02/2025","$308,000","$308,000","4","Resale (occupied at least once)","2010","Cumberland","","","3","2.1","Public Water","Sewer - Public","Cash","Individuals"
"501","2520909","C004-0632-014","CLOSD","2621 Rettig RD","23225","Richmond City","Single Family Residence","10/02/2025","$309,950","$302,500","27","Resale (occupied at least once)","1953","Granite Hills","1,484","0.33","2","1.1","Public Water","Sewer - Public","Conventional","Individuals"
"501","2518439","806-738-2615","CLOSD","4216 Valley Side DR","23223","Henrico","Single Family Residence","10/02/2025","$360,000","$355,000","44","Resale (occupied at least once)","1993","Maplewood Farms","1,978","0.21","4","2.0","Public Water","Sewer - Public","FHA New","Individuals"
"501","2516097","8718-93-5140","CLOSD","12025 Autumn Knoll DR","23116","Hanover","Single Family Residence","10/02/2025","$784,900","$775,000","67","Resale (occupied at least once)","2020","Autumn Hill","","0.76","4","3.1","Well","Septic - Conventional","Conventional","Individuals"
"501","2524538","774-741-1472","CLOSD","4909 Regent RD","23230","Henrico","Single Family Residence","10/02/2025","$365,000","$381,000","4","Resale (occupied at least once)","1951","Kildare","1,356","0.27","3","2.0","Public Water","Sewer - Public","Conventional","Individuals"
"501","2525086","735-780-0933","CLOSD","12327 Bradford Landing WAY","23059","Henrico","Single Family Residence","10/02/2025","$825,000","$890,500","7","Resale (occupied at least once)","2000","Bradford At Wyndham","4,106","0.28","5","3.1","Public Water","Sewer - Public","Cash","Individuals"
"501","2525006","755-748-4649","CLOSD","8413 Gaylord RD","23229","Henrico","Single Family Residence","10/02/2025","$443,500","$464,000","4","Resale (occupied at least once)","1958","Westdale Estates","2,323","0.26","4","3.1","Public Water","Sewer - Public","Conventional","Individuals"
"501","2524978","709-68-11-03-800-000","CLOSD","16712 Cabretta CT","23120","Chesterfield","Single Family Residence","10/02/2025","$535,000","$545,000","3","Resale (occupied at least once)","2011","Westerleigh","2,929","0.42","4","2.1","Public Water","Sewer - Public","Conventional","Individuals"
"501","2524313","8714-25-0345","CLOSD","7397 Ewell RD","23111","Hanover","Single Family Residence","10/02/2025","$369,000","$369,000","7","Resale (occupied at least once)","1967","Battlefield Farms","1,512","0.34","3","2.0","Public Water","Sewer - Public","FHA New","Individuals"
"501","2523683","8724-25-9974","CLOSD","6349 Little Sorrel DR","23111","Hanover","Single Family Residence","10/02/2025","$499,999","$515,000","8","Resale (occupied at least once)","1995","Travellers Run","2,848","0.34","4","2.1","Public Water","Sewer - Public","Conventional","Individuals"
"501","2523252","W000-1506-005","CLOSD","3221 Idlewood AVE","23221","Richmond City","Single Family Residence","10/02/2025","$375,000","$390,000","3","Resale (occupied at least once)","1926","None","778","0.07","2","1.0","Public Water","Sewer - Public","Conventional","Individuals"
"501","2522782","748-737-4170","CLOSD","8957 Bellefonte RD","23229","Henrico","Single Family Residence","10/02/2025","$795,000","$835,000","11","Resale (occupied at least once)","1964","Deer Lodge","4,320","0.46","4","3.0","Public Water","Sewer - Public","Conventional","Individuals"
"501","2522523","734-71-61-95-300-000","CLOSD","2441 Swanhurst DR","23113","Chesterfield","Single Family Residence","10/02/2025","$709,000","$735,000","6","Resale (occupied at least once)","1988","Roxshire","2,692","0.54","5","2.1","Public Water","Sewer - Public","Conventional","Individuals"
"501","2521934","739-754-8586","CLOSD","12129 Morning Walk","23233","Henrico","Townhouse","10/02/2025","$567,950","$557,037","33","New (never occupied)","2024","Shire Walk","2,236","","4","3.1","Public Water","Sewer - Public","Conventional","Corporate"
"501","2521906","777-65-79-51-200-000","CLOSD","11207 Arbor Green DR","23831","Chesterfield","Single Family Residence","10/02/2025","$419,950","$419,950","27","Resale (occupied at least once)","1994","Arbor Landing","2,172","0.40","4","3.0","Public Water","Sewer - Public","Conventional","Individuals"
"501","2521888","E000-1236-011","CLOSD","1810 N 20th ST","23223","Richmond City","Single Family Residence","10/02/2025","$295,000","$300,000","4","Resale (occupied at least once)","1925","Chelsea Place","2,080","0.11","3","1.0","Public Water","Sewer - Public","Conventional","Individuals"
"501","2521418","725-65-85-45-400-000","CLOSD","9652 Prince James TER","23832","Chesterfield","Single Family Residence","10/02/2025","$539,999","$510,000","31","Resale (occupied at least once)","2003","The Woods At Summerford","2,686","0.37","5","2.1","Public Water","Sewer - Public","Conventional","Individuals"
"501","2521222","N000-1168-002","CLOSD","3422 2nd AVE","23222","Richmond City","Single Family Residence","10/02/2025","$329,000","$329,000","27","Resale (occupied at least once)","1926","Highland Park","1,364","0.11","3","2.1","Public Water","Sewer - Public","Conventional","Individuals"
"501","2520233","759-765-1898","CLOSD","9120 Woodchuck PL","23060","Henrico","Single Family Residence","10/02/2025","$469,000","$460,000","9","Resale (occupied at least once)","1988","The Timbers","1,904","0.26","4","2.0","Public Water","Sewer - Public","Other","Individuals"
"501","2519903","C009-0534-004","CLOSD","3502 Delano ST","23234","Richmond City","Single Family Residence","10/02/2025","$185,000","$195,000","10","Resale (occupied at least once)","1947","Cherry Gardens","1,595","0.23","4","2.0","Public Water","Sewer - Public","Cash","Individuals"
"501","2519339","793-63-38-00-600-000","CLOSD","4055 Tanner Slip CIR","23831","Chesterfield","Single Family Residence","10/02/2025","$357,500","$357,500","7","Resale (occupied at least once)","2002","Harrowgate Place","1,626","0.28","3","2.0","Public Water","Sewer - Public","Conventional","Individuals"
"501","2518369","746-746-1118","CLOSD","1510 Heritage Hill DR","23238","Henrico","Townhouse","10/02/2025","$249,900","$245,000","52","Resale (occupied at least once)","1978","Heritage Hill Raintree","1,280","0.04","3","1.1","Public Water","Sewer - Public","Conventional","Individuals"
"501","2518049","W000-0658-023","CLOSD","20 S Lombardy ST","23220","Richmond City","Single Family Residence","10/02/2025","$449,000","$434,000","69","Resale (occupied at least once)","1900","None","1,590","0.05","4","2.0","Public Water","Sewer - Public","Conventional","Individuals"
"501","2516781","64-12-G-7-0","CLOSD","401 Knollwood DR","23238","Goochland","Single Family Residence","10/02/2025","$409,000","$405,000","71","Resale (occupied at least once)","2017","Pagebrook","","0.44","3","2.0","Public Water","Other - See Remarks","Conventional","Individuals"
"501","2516556","813-715-1390","CLOSD","3707 Denison RD","23231","Henrico","Single Family Residence","10/02/2025","$219,950","$195,000","62","Resale (occupied at least once)","1958","Lawndale Farms","1,328","0.26","3","1.0","Public Water","Sewer - Public","Cash","Individuals"
"501","2509044","775-767-5846","CLOSD","10732 Forget Me Not WAY","23060","Henrico","Single Family Residence","10/02/2025","$746,935","$793,690","0","New (never occupied)","2025","Greenhouse","","0.17","5","4.1","Public Water","Sewer - Public","Conventional","Corporate"
"501","2520253","7779-59-4235","CLOSD","503 Dale AVE","23005","Hanover","Single Family Residence","10/03/2025","$639,950","$650,000","2","Resale (occupied at least once)","1996","None","2,175","0.31","3","2.0","Public Water","Sewer - Public","Cash","Individuals"
"501","2522645","722-69-10-72-700-000","CLOSD","2236 Rose Family DR","23112","Chesterfield","Single Family Residence","10/03/2025","$515,000","$491,500","21","Resale (occupied at least once)","2003","Watermill","","","5","2.1","Public Water","Sewer - Public","Conventional","Individuals"
"501","2519340","E000-0637-007","CLOSD","3010 E Franklin ST","23223","Richmond City","Single Family Residence","10/03/2025","$610,000","$595,000","57","Resale (occupied at least once)","2016","None","2,436","0.05","4","3.1","Public Water","Sewer - Public","Conventional","Individuals"
"501","2517653","E000-0628-003","CLOSD","3009 Q ST","23223","Richmond City","Single Family Residence","10/03/2025","$335,000","$315,000","20","Resale (occupied at least once)","1900","None","986","0.06","3","2.0","Public Water","Sewer - Public","Conventional","Corporate"
"501","2519358","789641521900000","CLOSD","14413 Reisen LN","23831","Chesterfield","Single Family Residence","10/03/2025","$549,990","$549,990","54","New (never occupied)","2025","Wellspring","3,306","0.30","5","4.0","Public Water","Sewer - Public","FHA New","Corporate"
"1001","2519564","051A-8-7","CLOSD","1457 Donavon Mill LN","23139","Powhatan","Single Family Residence","10/03/2025","$899,900","$899,900","26","Resale (occupied at least once)","2006","Quarter Mill","4,004","2.01","5","4.1","Well","Septic - Conventional","Conventional","Individuals"
"1001","2513948","8724-47-0438","CLOSD","6292 Bunker Hill DR","23111","Hanover","Single Family Residence","10/03/2025","$529,950","$540,000","36","Resale (occupied at least once)","2016","Adams Farm","2,603","0.31","4","2.1","Public Water","Sewer - Public","Conventional","Individuals"
"1001","2411825","100727","CLOSD","11857 Pine Needles DR","23140","New Kent","Single Family Residence","10/03/2025","$739,990","$719,990","849","New (never occupied)","2024","Brickshire","4,008","0.40","6","4.0","Public Water","Sewer - Public","VA New","Corporate"
"1001","2519196","C009-0789-066","CLOSD","3741 Greer AVE","23234","Richmond City","Single Family Residence","10/03/2025","$334,950","$339,950","16","Resale (occupied at least once)","2014","Walmsley Village","1,872","0.28","3","2.1","Public Water","Sewer - Public","FHA New","Individuals"
"1001","2427753","Not Yet Assigned","CLOSD","5304 Twisting Vine LN Unit#205","23059","Henrico","Condominium","10/03/2025","$478,200","$478,200","0","New (never occupied)","2024","Twin Hickory","2,207","","3","2.1","Public Water","Sewer - Public","VA New","Corporate"
"1001","2523428","782-69-17-42-000-000","CLOSD","4825 Stornoway DR","23234","Chesterfield","Single Family Residence","10/03/2025","$389,950","$395,000","4","Resale (occupied at least once)","1964","Meadowbrook","2,268","0.49","4","2.1","Public Water","Sewer - Public","Conventional","Individuals"
"1001","2521309","757-69-20-22-400-000","CLOSD","8708 Ewes CT","23236","Chesterfield","Single Family Residence","10/03/2025","$399,900","$396,400","36","Resale (occupied at least once)","1988","Bexley Cosmopolitan","2,064","0.21","3","2.1","Public Water","Sewer - Public","Conventional","Individuals"
"1001","2522498","817-727-4993","CLOSD","101 Evergreen AVE","23223","Henrico","Single Family Residence","10/03/2025","$350,000","$350,000","20","Resale (occupied at least once)","2018","Bungalow City","2,134","0.25","4","2.1","Public Water","Sewer - Public","Conventional","Individuals"
"1001","2509819","708661593000000","CLOSD","8866 Farthing DR","23838","Chesterfield","Single Family Residence","10/03/2025","$669,990","$669,990","141","New (never occupied)","2025","Harpers Mill","","","5","3.1","Public Water","Sewer - Public","FHA New","Corporate"
"1001","2505304","Not Yet Assigned","CLOSD","5304 Twisting Vine LN Unit#104","23059","Henrico","Condominium","10/03/2025","$319,045","$319,045","98","New (never occupied)","2025","Twin Hickory","1,116","","1","1.1","Public Water","Sewer - Public","VA New","Corporate"
"1001","2431092","Not Yet Assigned","CLOSD","5304 Twisting Vine LN Unit#105","23059","Henrico","Condominium","10/03/2025","$475,695","$475,695","0","New (never occupied)","2024","Twin Hickory","1,910","","3","2.1","Public Water","Sewer - Public","Conventional","Corporate"
"1001","2428386","Not Yet Assigned","CLOSD","5304 Twisting Vine LN Unit#102","23059","Henrico","Condominium","10/03/2025","$371,995","$371,995","0","New (never occupied)","2024","Twin Hickory","1,291","","2","2.0","Public Water","Sewer - Public","Conventional","Corporate"
"1001","2520180","749-71-45-66-900-000","CLOSD","2443 Trefoil WAY","23235","Chesterfield","Single Family Residence","10/03/2025","$475,000","$455,000","47","Resale (occupied at least once)","1990","North Settlers Landing","3,365","0.31","4","2.2","Public Water","Sewer - Public","Conventional","Corporate"
"1001","2523621","31-23-0-14-0","CLOSD","2290 White Horse RD","23102","Goochland","Single Family Residence","10/03/2025","$449,900","$451,000","11","Resale (occupied at least once)","1994","Maidens Forest","1,762","2.44","3","2.1","Well","Septic - Conventional","Conventional","Individuals"
"1001","2525395","810-715-0951","CLOSD","3104 Danville ST","23231","Henrico","Single Family Residence","10/03/2025","$249,950","$249,000","3","Resale (occupied at least once)","1947","Ginter Gardens","1,234","0.29","3","2.0","Public Water","Sewer - Public","Conventional","Individuals"
"1001","2518643","C008-0775-032","CLOSD","2810 Bertram RD","23224","Richmond City","Single Family Residence","10/03/2025","$259,950","$260,000","72","Resale (occupied at least once)","1958","Broad Rock Manor","1,228","0.26","3","1.0","Public Water","Sewer - Public","Conventional","Individuals"
"1001","2525054","737-772-5759","CLOSD","5308 Hillshire WAY","23059","Henrico","Single Family Residence","10/03/2025","$1,050,000","$1,050,000","4","Resale (occupied at least once)","2004","Hillshire At Berkeley","5,490","0.44","5","5.1","Public Water","Sewer - Public","Conventional","Individuals"
"1001","2524130","N000-1055-024","CLOSD","3111 Groveland AVE","23222","Richmond City","Single Family Residence","10/03/2025","$335,000","$345,000","9","Resale (occupied at least once)","2022","Highland Terrace Annex","1,360","0.05","3","2.1","Public Water","Sewer - Public","Conventional","Individuals"
"1001","2518846","764-757-8973.060","CLOSD","7604 Portadown CT Unit#2712","23228","Henrico","Condominium","10/03/2025","$209,990","$209,990","62","Resale (occupied at least once)","1991","Shannon Green Condo","912","0.02","2","2.0","Public Water","Sewer - Public","VA New","Individuals"
"1001","2516539","W000-1629-023","CLOSD","1112 Roseneath RD Unit#U1","23230","Richmond City","Condominium","10/03/2025","$229,000","$220,000","57","Resale (occupied at least once)","1929","None","665","0.02","1","1.0","Public Water","Sewer - Public","VA New","Individuals"
"1001","2516062","7186725276","CLOSD","15023 Manor Gate CT","23112","Chesterfield","Single Family Residence","10/03/2025","$449,900","$449,000","94","Resale (occupied at least once)","1995","Woodlake","","0.16","4","2.1","Public Water","Sewer - Public","VA New","Other"
"1001","2524399","8724-78-7285","CLOSD","6287 Indian Trails CT","23111","Hanover","Single Family Residence","10/03/2025","$475,000","$475,000","4","Resale (occupied at least once)","2002","Pebble Creek","2,219","0.38","4","2.1","Public Water","Sewer - Public","Conventional","Individuals"
"1001","2524346","757-68-55-66-000-000","CLOSD","4318 Boones Bluff WAY","23832","Chesterfield","Single Family Residence","10/03/2025","$349,900","$340,000","4","Resale (occupied at least once)","1993","Cabin Creek West","1,614","0.30","3","2.0","Public Water","Community - Sewer/Septic","Conventional","Individuals"
"1001","2523653","8725-41-2951","CLOSD","8316 Creekside Meadow WAY","23111","Hanover","Townhouse","10/03/2025","$325,000","$330,000","11","Resale (occupied at least once)","2014","Creekside Village","1,584","0.03","3","2.1","Public Water","Sewer - Public","Conventional","Individuals"
"1001","2522652","834-719-1452","CLOSD","224 Taylor RD","23150","Henrico","Single Family Residence","10/03/2025","$397,725","$392,725","31","New (never occupied)","2024","None","1,719","","4","2.1","Well","Septic - Engineered","VA New","Corporate"
"1001","2522295","747-70-84-76-100-000","CLOSD","10411 Hyannis DR","23236","Chesterfield","Townhouse","10/03/2025","$215,000","$212,000","11","Resale (occupied at least once)","1975","Sturbridge Village","1,064","0.04","2","1.1","Public Water","Sewer - Public","Conventional","Individuals"
"1001","2521081","8724-33-3814","CLOSD","6339 Queens Lace RD","23111","Hanover","Single Family Residence","10/03/2025","$345,000","$335,000","23","Resale (occupied at least once)","1986","Lereve Manor","1,630","0.46","3","3.0","Public Water","Sewer - Public","Conventional","Estate"
"1001","2516321","807-64-05-65-400-000","CLOSD","1431 Quiet Forest LN","23834","Chesterfield","Single Family Residence","10/03/2025","$534,950","$525,000","82","Resale (occupied at least once)","2011","Southcreek","3,064","2.49","5","2.1","Public Water","Sewer - Public","Conventional","Individuals"
"1001","2514005","774-67-75-97-800-000","CLOSD","6705 Tupper Branch LN","23234","Chesterfield","Townhouse","10/03/2025","$338,950","$336,000","54","Resale (occupied at least once)","2023","Austin Woods","1,533","0.06","3","2.1","Public Water","Sewer - Public","FHA New Assumption","Individuals"
"1001","2522885","834-723-4707","CLOSD","1816 Evanrude PL","23150","Henrico","Single Family Residence","10/03/2025","$310,000","$310,000","4","Resale (occupied at least once)","1990","Oak Hill Estates","1,200","0.61","3","2.0","Public Water","Septic - Conventional","FHA New","Individuals"
"1001","2523108","766639345100000","CLOSD","8106 Killbevan DR","23838","Chesterfield","Single Family Residence","10/03/2025","$735,000","$730,000","32","Resale (occupied at least once)","2024","Lake Margaret","","2.67","5","4.0","Public Water","Septic - Conventional","Conventional","Individuals"
"1001","2519014","786-67-52-48-600-000","CLOSD","7828 Vermeil ST","23237","Chesterfield","Townhouse","10/03/2025","$329,999","$330,000","17","Resale (occupied at least once)","2020","Silverleaf","1,708","0.05","3","2.1","Public Water","Sewer - Public","FHA New","Individuals"
"1001","2521779","C007-0553-143","CLOSD","1508 Stowmarket CT","23225","Richmond City","Condominium","10/03/2025","$155,000","$145,000","15","Resale (occupied at least once)","1970","The Madison Place Condos","976","10.02","2","1.1","Public Water","Sewer - Public","FHA New","Individuals"
"1001","2523440","7797-15-6602","CLOSD","9421 Aynhoe LN","23116","Hanover","Single Family Residence","10/03/2025","$398,000","$400,000","15","Resale (occupied at least once)","1986","Kings Charter","1,399","0.21","3","2.1","Public Water","Sewer - Public","Conventional","Individuals"
"1001","2519225","775-65-89-91-600-000","CLOSD","6784 Arbor Meadows DR","23831","Chesterfield","Single Family Residence","10/03/2025","$429,950","$429,950","41","Resale (occupied at least once)","2007","Arbor Meadows","2,408","0.27","4","3.1","Public Water","Sewer - Public","Cash","Individuals"
"1001","2501515","699-68-93-47-200-000","CLOSD","3736 Tuckmar Ridge DR","23120","Chesterfield","Single Family Residence","10/03/2025","$694,950","$893,313","0","New (never occupied)","2025","Tuckmar Farm","3,428","","5","5.1","Public Water","Sewer - Public","Conventional","Corporate"
"1001","2526115","813-716-8596","CLOSD","4511 Mizar RD","23231","Henrico","Single Family Residence","10/03/2025","$245,000","$225,000","4","Resale (occupied at least once)","1963","Lawndale Farms","1,920","0.27","4","2.0","Public Water","Sewer - Public","Cash","Individuals"
"1001","2525768","E000-0386-054","CLOSD","2511 E Broad ST Unit#U8","23223","Richmond City","Condominium","10/03/2025","$449,950","$445,000","4","Resale (occupied at least once)","1850","Belfry Condominiums","1,527","0.04","3","2.1","Public Water","Sewer - Public","Cash","Individuals"
"1001","2525667","858-704-2657","CLOSD","5038 Hurop RD","23150","Henrico","Single Family Residence","10/03/2025","$499,900","$516,000","6","Resale (occupied at least once)","2000","Hurop Hills","3,085","2.26","3","2.0","Well","Septic - Conventional","Conventional","Partnership"
"1001","2525077","TBD","CLOSD","1020 Porter ST Unit#201","23224","Richmond City","Condominium","10/03/2025","$219,900","$219,000","8","Resale (occupied at least once)","2013","None","","","1","1.0","Public Water","Sewer - Public","Owner Finance","Other"
"1001","2525003","W021-0348-020","CLOSD","6416 Roselawn RD","23226","Richmond City","Single Family Residence","10/03/2025","$2,195,000","$2,320,000","9","Resale (occupied at least once)","1925","Roselawn","6,765","0.54","4","3.1","Public Water","Sewer - Public","Cash","Individuals"
"1001","2524948","811-64-31-26-200-000","CLOSD","14808 Green Forest DR","23834","Chesterfield","Single Family Residence","10/03/2025","$375,000","$407,500","3","Resale (occupied at least once)","1978","Walthallmill","3,080","1.63","3","2.1","Public Water","Septic - Conventional","Conventional","Corporate"
"1001","2524140","764-740-9194","CLOSD","6827 Monument AVE","23226","Henrico","Single Family Residence","10/03/2025","$599,000","$605,000","7","Resale (occupied at least once)","1954","Duntreath","1,330","0.32","3","2.1","Public Water","Sewer - Public","FHA New","Individuals"
"1001","2523691","761-70-51-40-700-000","CLOSD","7813 Provincetown DR","23235","Chesterfield","Townhouse","10/03/2025","$219,900","$220,000","6","Resale (occupied at least once)","1975","Providence Green","1,400","0.04","2","1.1","Public Water","None","Conventional","Individuals"
"1001","2523470","W000-0946-019","CLOSD","2106 Floyd AVE","23220","Richmond City","Single Family Residence","10/03/2025","$949,500","$1,000,000","5","Resale (occupied at least once)","1911","None","3,080","0.08","3","2.1","Public Water","Sewer - Public","Conventional","Individuals"
"1001","2522939","788-66-37-11-400-000","CLOSD","10316 Hamlin DR","23831","Chesterfield","Single Family Residence","10/03/2025","$367,000","$365,000","20","Resale (occupied at least once)","1985","Glen Oaks","1,650","0.41","3","2.1","Public Water","Sewer - Public","Conventional","Individuals"
"1001","2522889","749-738-5917","CLOSD","8809 Wishart RD","23229","Henrico","Single Family Residence","10/03/2025","$575,000","$684,000","10","Resale (occupied at least once)","1967","Bellefonte","2,150","0.38","4","2.1","Public Water","Sewer - Public","Conventional","Individuals"
"1001","2522038","739-780-0710","CLOSD","12438 Morgans Glen CIR","23059","Henrico","Townhouse","10/03/2025","$499,950","$510,000","6","Resale (occupied at least once)","1995","Morgans Glen At Wyndham","2,398","0.11","3","2.1","Public Water","Sewer - Public","Conventional","Individuals"
"1001","2521920","771-736-2305.068","CLOSD","5225 Monument AVE Unit#4B","23226","Henrico","Condominium","10/03/2025","$635,000","$715,000","3","Resale (occupied at least once)","2013","Monument Square Condo","1,512","0.03","2","2.1","Public Water","Sewer - Public","Cash","Individuals"
"1001","2521814","780-743-6232","CLOSD","2311 Wedgewood AVE","23228","Henrico","Single Family Residence","10/03/2025","$589,500","$610,000","7","Resale (occupied at least once)","1946","Bryan Parkway","2,150","0.18","3","2.1","Public Water","Sewer - Public","Conventional","Individuals, Other"
"1001","2521690","730-71-33-10-300-000","CLOSD","1911 Oakengate LN","23113","Chesterfield","Single Family Residence","10/03/2025","$1,350,000","$1,505,000","7","Resale (occupied at least once)","1978","Salisbury","5,040","1.23","5","4.0","Public Water","Sewer - Public","Conventional","Individuals"
"1001","2521641","716-68-89-97-400-000","CLOSD","3812 Waverton DR","23112","Chesterfield","Single Family Residence","10/03/2025","$750,000","$753,700","33","Resale (occupied at least once)","2017","Rountrey","3,740","0.28","5","3.0","Public Water","Sewer - Public","VA New","Individuals"
"1001","2521624","038E-1-2","CLOSD","2137 Old Homestead PL","23139","Powhatan","Single Family Residence","10/03/2025","$379,999","$380,000","6","Resale (occupied at least once)","2006","Scottville At Powhatan Courthouse","1,066","0.13","2","2.0","Public Water","Sewer - Public","Cash","Individuals"
"1001","2521498","742-776-4456","CLOSD","5905 Herrick PL","23059","Henrico","Single Family Residence","10/03/2025","$615,000","$585,000","31","Resale (occupied at least once)","1998","Dominion Hills","2,679","0.51","4","2.1","Public Water","Sewer - Public","Conventional","Individuals"
"1001","2521491","754-71-71-66-200-000","CLOSD","2324 Pulliam ST","23235","Chesterfield","Single Family Residence","10/03/2025","$375,000","$370,000","4","Resale (occupied at least once)","1965","Brookwood","2,021","0.47","3","2.1","Public Water","Septic - Conventional","Conventional","Estate"
"1001","2521121","7797-43-7399","CLOSD","9263 Guenevere PL","23116","Hanover","Single Family Residence","10/03/2025","$459,950","$459,950","8","Resale (occupied at least once)","1990","Castlewood","2,318","0.51","4","2.1","Public Water","Sewer - Public","Conventional","Individuals"
"1001","2521057","W000-1472-037","CLOSD","3234 Park AVE","23221","Richmond City","Single Family Residence","10/03/2025","$699,000","$775,000","8","Resale (occupied at least once)","1927","None","2,449","0.08","3","1.0","Public Water","Sewer - Public","Conventional","Individuals"
"1001","2520955","715-69-27-79-900-000","CLOSD","2604 Lilybank PL","23112","Chesterfield","Single Family Residence","10/03/2025","$579,777","$574,000","30","Resale (occupied at least once)","2022","Newmarket","2,354","0.19","4","2.1","Public Water","Sewer - Public","Conventional","Individuals"
"1001","2520690","57-20-C-4-0","CLOSD","8 Deer Run RD","23103","Goochland","Single Family Residence","10/03/2025","$1,175,000","$1,175,000","9","Resale (occupied at least once)","1981","Broad Run I","4,441","2.38","4","3.0","Well","Septic - Conventional","Conventional","Individuals"
"1001","2520273","33B13 1EL 81","CLOSD","4787 Bishops Gate WAY","23140","New Kent","Single Family Residence","10/03/2025","$610,000","$585,000","52","Resale (occupied at least once)","2003","Brickshire","","0.33","4","3.1","Public Water","Sewer - Public","Conventional","Individuals"
"1001","2519272","745-778-2215","CLOSD","11908 Shady Hills CT","23059","Henrico","Single Family Residence","10/03/2025","$685,000","$700,000","57","Resale (occupied at least once)","1999","Shady Ridge","3,226","0.76","5","2.1","Public Water","Sewer - Public","Conventional","Individuals"
"1001","2517668","58-55-7-67-0","CLOSD","12635 Branch Parke DR","23103","Goochland","Townhouse","10/03/2025","$629,297","$648,958","36","New (never occupied)","2025","Readers Branch","2,140","","3","2.1","Public Water","Sewer - Public","Cash","Corporate"
"1001","2517387","N000-0761-012","CLOSD","2703 Seminary AVE","23220","Richmond City","Single Family Residence","10/03/2025","$449,500","$450,000","26","Resale (occupied at least once)","1925","Oak Ridge","2,340","0.17","3","2.1","Public Water","Sewer - Public","Conventional","Individuals"
"1001","2516385","S0000911068","CLOSD","11 W 29th ST","23225","Richmond City","Single Family Residence","10/03/2025","$439,950","$439,950","45","New (never occupied)","2025","Branders Plan","1,696","0.10","3","2.1","Public Water","Sewer - Public","Conventional","Corporate"
"1001","2516264","6-19-0=B-0","CLOSD","4729 Broad Street RD","23117","Goochland","Single Family Residence","10/03/2025","$549,000","$549,000","94","New (never occupied)","2025","None","","3.00","4","2.1","Well","Septic - Conventional","Conventional","Corporate"
"1001","2500883","713-69-30-07-500-000","CLOSD","15907 Maclear DR","23112","Chesterfield","Single Family Residence","10/03/2025","$602,231","$616,463","0","New (never occupied)","2025","Newmarket","1,799","0.17","3","2.0","Public Water","Sewer - Public","Conventional","Other"
"1001","2429588","TBD","CLOSD","10992 Brookhollow CT","23059","Hanover","Single Family Residence","10/03/2025","$1,061,305","$1,061,305","0","New (never occupied)","2025","Stony Run Estates","3,124","3.10","4","3.1","Well","Septic - Conventional, Septic - Engineered","Conventional","Corporate"
"1001","BRTVARC2000818","C0070553143","CLOSD","1508 Stowmarket CT","23225","Richmond City","Townhouse","10/03/2025","$145,000","$145,000","0","Resale (occupied at least once)","1970","OTHER","976","","2","2.0","Public Water","Public Sewer On Site","",""
"1001","BRTVAHA2001060","7840-09-0684","CLOSD","15312 Scotchtown RD","23192","Hanover","Single Family Residence","10/03/2025","$499,999","$499,999","7","Resale (occupied at least once)","1987","NONE AVAILABLE","2,352","6.21","3","2.0","Well","Septic","",""
"1001","BRTVAHA2001056","7797-15-6602","CLOSD","9421 Aynhoe LN","23116","Hanover","Single Family Residence","10/03/2025","$398,000","$400,000","14","Resale (occupied at least once)","1986","KINGS CHARTER","1,400","0.21","3","3.0","Public Water","Public Sewer On Site","",""
"1001","BRTVAHA2001042","7779-59-4235","CLOSD","503 Dale AVE","23005","Hanover","Single Family Residence","10/03/2025","$639,950","$650,000","8","Resale (occupied at least once)","1996","NONE","2,175","0.31","3","2.0","Public Water","Public Sewer On Site","",""
"1001","REIN10593668","33B13&#160;1EL&#160;&#160;81","CLOSD","4787 Bishops Gate WAY","23140","New Kent","Single Family Residence","10/03/2025","$610,000","$585,000","51","Resale (occupied at least once)","2003","BRICKSHIRE","4,487","0.33","4","4.0","Public Water","Public Sewer On Site","",""
"1001","BRTVAHN2001050","750-742-5379","CLOSD","1200 Blue Jay LN","23229","Henrico","Single Family Residence","10/06/2025","$349,999","$349,999","6","Resale (occupied at least once)","1955","GREENBRIER HILLS","1,088","0.00","3","2.0","Public Water","Public Sewer On Site","",""
"1001","2521862","785-758-5089","CLOSD","343 Brae Haven DR","23060","Henrico","Townhouse","10/06/2025","$362,840","$357,840","45","New (never occupied)","2025","Retreat at One","1,470","","3","2.1","Public Water","Sewer - Public","Conventional","Corporate"
"1001","2506524","764-66-14-59-200-000","CLOSD","9949 Boschen Woods PL","23838","Chesterfield","Single Family Residence","10/06/2025","$651,950","$745,480","0","New (never occupied)","2025","Boschen Woods","","1.12","4","3.0","Well","Septic - Conventional","Conventional","Corporate"
"1001","2520302","776-745-8871","CLOSD","2914 Greenway AVE","23228","Henrico","Single Family Residence","10/06/2025","$410,000","$410,000","42","Resale (occupied at least once)","2005","West Hermitage Park","1,896","0.20","3","2.1","Public Water","Sewer - Public","Conventional","Individuals"
"1001","2524827","760-67-92-84-600-000","CLOSD","9318 Salix Grove LN","23832","Chesterfield","Single Family Residence","10/06/2025","$438,500","$438,500","12","Resale (occupied at least once)","2005","Five Forks Village","2,284","0.26","4","2.1","Public Water","Sewer - Public","Conventional","Individuals"
"1001","2515811","19C  2DB  15","CLOSD","7708 Walnut CIR","23141","New Kent","Single Family Residence","10/06/2025","$399,995","$406,000","73","Resale (occupied at least once)","1979","Brookwood Manor","4,603","0.48","4","3.0","Public Water","Septic - Conventional","FHA New","Estate, Individuals"
"1001","2519190","766-69-43-80-300-000","CLOSD","3131 Ghent DR","23832","Chesterfield","Single Family Residence","10/06/2025","$314,950","$320,000","32","Resale (occupied at least once)","1994","North Lake Hills","1,412","0.31","3","2.0","Public Water","Sewer - Public","FHA New","Individuals"
"1001","2513164","46A  1    22","CLOSD","17410 Wedgewood DR","23089","New Kent","Single Family Residence","10/06/2025","$398,300","$404,274","124","New (never occupied)","2025","Wedgewood","","0.46","3","2.0","Well","Septic - Engineered","VA New","Other"
"1001","2522242","751-62-37-94-500-000","CLOSD","11010 Trents Bridge RD","23838","Chesterfield","Single Family Residence","10/06/2025","$380,000","$380,000","40","Resale (occupied at least once)","1974","None","3,047","0.75","3","2.1","Well","Septic - Conventional","FHA New","Individuals"
"1001","2518289","E000-1277-007","CLOSD","1111 N 36th ST","23223","Richmond City","Single Family Residence","10/06/2025","$599,000","$599,000","69","Resale (occupied at least once)","2006","None","1,870","0.17","4","3.1","Public Water","Sewer - Public","Conventional","Individuals"
"1001","2523456","C003-0257-007","CLOSD","2250 Stratford RD","23225","Richmond City","Single Family Residence","10/06/2025","$339,000","$335,000","21","Resale (occupied at least once)","1979","Stratford Hills","1,248","0.33","3","1.1","Public Water","Sewer - Public","Conventional","Individuals"
"1001","2501717","712672555200231","CLOSD","15800 Hallowell RDG Unit#205","23120","Chesterfield","Condominium","10/06/2025","$348,990","$348,990","33","New (never occupied)","2025","Greenwich Walk At Foxcreek","1,333","","2","2.0","Public Water","Sewer - Public","Conventional","Corporate"
"1001","2523311","728-72-72-01-200-000","CLOSD","14113 Riverdowns North TER","23113","Chesterfield","Single Family Residence","10/06/2025","$775,000","$785,000","5","Resale (occupied at least once)","2005","Lenox Forest","3,866","0.56","5","3.1","Public Water","Sewer - Public","Conventional","Individuals"
"1001","2505227","712672555200231","CLOSD","15800 Hallowell RDG Unit#201","23120","Chesterfield","Condominium","10/06/2025","$289,990","$292,580","5","New (never occupied)","2025","Greenwich Walk At Foxcreek","1,153","","2","2.0","Public Water","Sewer - Public","Conventional","Corporate"
"1001","2521841","S000-1587-036","CLOSD","17 E Blake LN","23224","Richmond City","Single Family Residence","10/06/2025","$324,900","$303,000","23","Resale (occupied at least once)","1923","Battery Heights","1,818","0.11","3","2.1","Public Water","Sewer - Public","Conventional","Estate"
"1001","2521135","727-72-72-96-500-000","CLOSD","14119 Forest Creek DR","23113","Chesterfield","Single Family Residence","10/06/2025","$885,000","$860,000","31","Resale (occupied at least once)","2002","Lenox Forest","5,095","0.89","6","5.0","Public Water","Sewer - Public","Conventional","Individuals"
"1001","2505777","712672555200231","CLOSD","15800 Hallowell RDG Unit#103","23120","Chesterfield","Condominium","10/06/2025","$362,990","$356,990","73","New (never occupied)","2025","Greenwich Walk At Foxcreek","1,330","","2","2.0","Public Water","Sewer - Public","Conventional","Corporate"
"1001","2520159","772-760-9419","CLOSD","9717 PARAGON DR","23228","Henrico","Single Family Residence","10/06/2025","$340,000","$340,000","54","Resale (occupied at least once)","1958","Laurel Park","","","3","1.0","Public Water","Sewer - Public","Conventional","Individuals"
"1001","2520549","764-757-8973.014","CLOSD","7604 Roscommon CT Unit#2402","23228","Henrico","Condominium","10/06/2025","$219,900","$216,500","33","Resale (occupied at least once)","1989","Shannon Green Condo","912","0.02","2","2.0","Public Water","Sewer - Public","Conventional","Corporate"
"1001","2521571","N000-0972-025","CLOSD","3007 Fendall AVE","23222","Richmond City","Single Family Residence","10/06/2025","$389,900","$389,900","31","Resale (occupied at least once)","1920","Brookland Park","1,875","0.13","3","2.1","Public Water","Sewer - Public","Conventional","Individuals"
"1001","2520683","779-68-35-37-400-000","CLOSD","4700 Brimley PL","23234","Chesterfield","Townhouse","10/06/2025","$249,995","$246,000","30","Resale (occupied at least once)","1974","Berwick Village","1,176","0.06","3","1.1","Public Water","Sewer - Public","FHA New","Partnership"
"1001","2513982","817-692-4160","CLOSD","2721 Fawnwick DR","23231","Henrico","Single Family Residence","10/06/2025","$399,000","$390,000","78","Resale (occupied at least once)","1975","Lyn-Juan Acres","2,765","1.00","3","3.0","Well","Septic - Conventional","Conventional","Individuals"
"1001","2511373","790-64-24-07-100-000","CLOSD","4606 Oak Hollow RD","23831","Chesterfield","Single Family Residence","10/06/2025","$429,950","$430,000","114","Resale (occupied at least once)","1989","Stoney Glen","2,751","0.24","4","2.1","Public Water","Sewer - Public","Conventional","Individuals"
"1001","2521675","C008-0536-032","CLOSD","2419 Brinkwood DR","23224","Richmond City","Single Family Residence","10/06/2025","$260,000","$260,000","10","Resale (occupied at least once)","1965","Brinkwood","1,188","0.20","2","1.1","Public Water","Sewer - Public","Conventional","Individuals"
"1001","2525460","790-64-81-64-700-000","CLOSD","4318 Erlene CT","23831","Chesterfield","Single Family Residence","10/06/2025","$419,950","$435,000","5","Resale (occupied at least once)","1978","Victoria Hills","3,164","0.67","3","2.1","Public Water","Septic - Conventional","Conventional","Individuals"
"1001","2517413","815-724-3381","CLOSD","1012 Tall Grass CT","23223","Henrico","Single Family Residence","10/06/2025","$310,000","$310,000","24","Resale (occupied at least once)","2001","Oakley Meadows","1,556","0.22","3","3.0","Public Water","Sewer - Public","Conventional","Individuals"
"1001","2513776","763-764-6730","CLOSD","10232 Locklies DR","23060","Henrico","Townhouse","10/06/2025","$429,900","$415,000","85","Resale (occupied at least once)","2002","Townes At Crossridge","2,300","0.09","2","2.1","Public Water","Sewer - Public","Conventional","Individuals"
"1001","2524964","724700554300000","CLOSD","14300 Nicolay WAY","23114","Chesterfield","Single Family Residence","10/06/2025","$575,000","$594,500","6","Resale (occupied at least once)","2005","Clayborne Village C Colony","","","3","3.0","Public Water","Sewer - Public","Cash","Individuals"
"1001","2522801","797-63-14-91-300-000","CLOSD","3100 Pineland AVE","23834","Chesterfield","Single Family Residence","10/06/2025","$325,000","$310,000","22","Resale (occupied at least once)","2019","Pineland","1,361","0.09","3","2.0","Well","Septic - Engineered","Conventional","Individuals"
"1001","2525642","747-740-0287","CLOSD","9316 Avalon DR","23229","Henrico","Single Family Residence","10/06/2025","$497,500","$497,500","9","Resale (occupied at least once)","1966","Westmoor","2,710","0.35","4","2.1","Public Water","Sewer - Public","Cash","Individuals"
"1001","2524702","769-738-5851","CLOSD","5812 W Club LN","23226","Henrico","Single Family Residence","10/06/2025","$839,900","$852,000","4","Resale (occupied at least once)","1950","Westwood","2,616","0.34","4","3.0","Public Water","Sewer - Public","Cash","Individuals"
"1001","2524576","19B4  3BG  17","CLOSD","3709 Willow LN","23141","New Kent","Single Family Residence","10/06/2025","$465,000","$480,000","2","Resale (occupied at least once)","1974","Five Lakes Forest","","0.48","3","2.1","Public Water","Septic - Conventional","VA New","Individuals"
"1001","2524382","802-730-5711","CLOSD","2822 Mauldin ST","23223","Henrico","Single Family Residence","10/06/2025","$285,000","$285,000","5","Resale (occupied at least once)","1954","Montezuma Gardens","1,208","0.34","3","2.0","Public Water","Sewer - Public","FHA New","Individuals"
"1001","2524235","W000-2025-022","CLOSD","4511 Park AVE","23221","Richmond City","Single Family Residence","10/06/2025","$910,000","$958,200","3","Resale (occupied at least once)","1938","Colonial Place","3,171","0.15","3","3.0","Public Water","Sewer - Public","Conventional","Individuals"
"1001","2524089","8706-40-9829","CLOSD","9050 Winter Spring DR","23116","Hanover","Single Family Residence","10/06/2025","$569,950","$575,000","1","Resale (occupied at least once)","1999","Atlee Springs","2,857","0.35","4","2.1","Public Water","Sewer - Public","Cash","Individuals"
"1001","2523973","7797-55-3657","CLOSD","9257 Kings Charter DR","23116","Hanover","Single Family Residence","10/06/2025","$549,950","$549,950","4","Resale (occupied at least once)","1992","Kings Charter","2,573","0.24","4","2.1","Public Water","Sewer - Public","Conventional","Individuals"
"1001","2523970","C001-0512-002","CLOSD","8621 Burgundy RD","23235","Richmond City","Single Family Residence","10/06/2025","$299,950","$335,200","6","Resale (occupied at least once)","1980","Wellington","2,400","0.57","3","2.0","Public Water","Sewer - Public","Conventional","Individuals"
"1001","2523854","744-68-11-08-500-000","CLOSD","4207 Stigall DR","23112","Chesterfield","Single Family Residence","10/06/2025","$195,000","$195,000","29","Resale (occupied at least once)","1948","None","896","2.40","2","1.0","Public Water","Sewer - Public","Cash","Individuals"
"1001","2523323","765-762-0847","CLOSD","4157 Coles Point WAY","23060","Henrico","Single Family Residence","10/06/2025","$518,000","$525,500","5","Resale (occupied at least once)","2006","The Cottages At Crossridge","2,199","0.20","3","2.0","Public Water","Sewer - Public","Cash","Individuals"
"1001","2523320","797-64-01-47-400-000","CLOSD","3021 Fielding RD","23834","Chesterfield","Single Family Residence","10/06/2025","$314,000","$316,500","2","Resale (occupied at least once)","1984","Happy Hill Farms","1,300","0.27","3","2.0","Public Water","Sewer - Public","FHA New","Corporate"
"1001","2523065","733-70-47-73-800-000","CLOSD","300 Ashtree PL","23114","Chesterfield","Single Family Residence","10/06/2025","$499,950","$507,000","7","Resale (occupied at least once)","1985","Stonehenge West","2,143","0.73","4","2.1","Public Water","Sewer - Public","Conventional","Individuals"
"1001","2522966","C004-0504-006","CLOSD","6808 Montauk DR","23225","Richmond City","Single Family Residence","10/06/2025","$337,900","$318,865","18","Resale (occupied at least once)","1962","None","1,426","0.44","3","1.1","Public Water","Sewer - Public","Conventional","Corporate"
"1001","2522129","734-69-84-51-000-000","CLOSD","12700 Lakestone DR","23114","Chesterfield","Single Family Residence","10/06/2025","$654,950","$695,000","6","Resale (occupied at least once)","1994","Walton Lake","2,862","0.93","4","3.1","Public Water","Sewer - Public","Conventional","Individuals"
"1001","2521924","733-757-4179","CLOSD","12704 Stonebriar LN","23233","Henrico","Single Family Residence","10/06/2025","$598,000","$590,000","32","Resale (occupied at least once)","1994","Creekwood - Henrico","2,893","0.31","4","2.1","Public Water","Sewer - Public","Conventional","Individuals"
"1001","2520123","N000-1115-008","CLOSD","1222 Whitby RD","23227","Richmond City","Single Family Residence","10/06/2025","$599,000","$605,000","7","Resale (occupied at least once)","1949","Sherwood Park","2,127","0.26","3","2.0","Public Water","Sewer - Public","Conventional","Individuals"
"1001","2516679","N000-0657-007","CLOSD","2502 4th AVE","23222","Richmond City","Single Family Residence","10/06/2025","$405,000","$400,000","31","Resale (occupied at least once)","1920","Chestnut Hills","2,320","0.10","4","2.1","Public Water","Sewer - Public","Conventional","Corporate"
"1001","2516432","S000-0493-018","CLOSD","415 W 24th ST","23225","Richmond City","Single Family Residence","10/06/2025","$275,999","$271,000","80","Resale (occupied at least once)","1920","Woodland Heights","2,080","0.14","3","1.1","Public Water","Sewer - Public","Cash","Corporate"
"1001","2515265","725-68-88-84-500-000","CLOSD","14000 Autumn Woods RD","23112","Chesterfield","Single Family Residence","10/06/2025","$455,000","$440,000","59","Resale (occupied at least once)","1980","Brandermill","2,121","0.24","4","2.1","Public Water","Sewer - Public","Conventional","Individuals"
"1001","2514940","19H-1-57","CLOSD","3331 Rock Creek Villa DR","23141","New Kent","Single Family Residence","10/06/2025","$419,000","$399,000","23","New (never occupied)","2025","Rock Creek Villas","1,625","0.13","3","2.0","Public Water","Sewer - Public","Conventional","Corporate"
"1001","2514454","769-760-6002.120","CLOSD","10205 Wolfe Manor CT Unit#1012","23060","Henrico","Condominium","10/06/2025","$265,000","$262,000","104","Resale (occupied at least once)","1994","Landings At Laurel","1,065","0.02","2","2.0","Public Water","Sewer - Public","Conventional","Individuals"
"1001","2500517","031-25E","CLOSD","1120 Cardinal Crest TER","23113","Powhatan","Single Family Residence","10/06/2025","$1,995,000","$1,995,000","197","New (never occupied)","2025","Huguenot Manor","3,825","5.12","4","4.1","Well","Septic - Engineered","Conventional","Corporate"
"1001","BRTVACF2001240","793649265800000","CLOSD","12911 Chipstead RD","23831","Chesterfield","Single Family Residence","10/06/2025","$497,400","$485,000","22","Resale (occupied at least once)","1993","NONE AVAILABLE","3,571","0.51","5","3.0","Public Water","Public Sewer On Site","",""
"1001","2513566","to be determined","CLOSD","2130 Grand Reserve WAY Unit#N-4","23223","Henrico","Townhouse","10/07/2025","$329,655","$338,155","114","New (never occupied)","2025","Reserve at Springdale Park","1,525","","3","2.1","Public Water","Sewer - Public","FHA New","Corporate"
"1001","2524560","782-67-24-45-600-000","CLOSD","4515 Shanto CT","23237","Chesterfield","Single Family Residence","10/07/2025","$450,000","$457,500","5","Resale (occupied at least once)","1989","Indian Springs - Chest","2,821","0.47","4","2.1","Public Water","Sewer - Public","Conventional","Individuals"
"1001","2522834","738-70-64-13-700-000","CLOSD","11821 Rothbury DR","23236","Chesterfield","Single Family Residence","10/07/2025","$899,900","$907,000","5","Resale (occupied at least once)","1988","Stonehenge","6,268","1.59","5","4.1","Public Water","Septic - Conventional","Conventional","Individuals"
"1001","2511802","705685281100000","CLOSD","4713 Tuscany Sun WAY","23120","Chesterfield","Single Family Residence","10/07/2025","$675,495","$675,495","236","New (never occupied)","2025","East Estates At Mount Hermon","3,691","0.00","5","4.0","Public Water","Sewer - Public","Cash","Corporate"
"1001","2501822","713660171500000","CLOSD","9255 Moldova RD","23832","Chesterfield","Single Family Residence","10/07/2025","$630,435","$630,435","74","New (never occupied)","2025","Harpers Mill","3,703","","4","3.0","Public Water","Sewer - Public","Conventional","Corporate"
"1001","2517521","8725-66-1561","CLOSD","6184 Midnight DR","23111","Hanover","Single Family Residence","10/07/2025","$399,950","$412,000","38","Resale (occupied at least once)","1999","Pole Green Station","1,867","0.25","4","2.1","Public Water","Sewer - Public","FHA New","Individuals"
"1001","2518348","798-64-91-67-700-000","CLOSD","2816 Cicero PKY","23831","Chesterfield","Single Family Residence","10/07/2025","$285,000","$291,000","38","Resale (occupied at least once)","1967","Bryan Ridge","1,404","0.35","3","2.0","Public Water","Septic - Conventional","FHA New","Individuals"
"1001","2522863","8714-38-9687","CLOSD","7434 Sandy LN","23111","Hanover","Single Family Residence","10/07/2025","$449,950","$452,000","34","Resale (occupied at least once)","2014","Jerningham Residential Sub","1,949","0.42","4","2.1","Public Water","Sewer - Public","Conventional","Individuals"
"1001","2518615","E000-0069-041","CLOSD","301 Virginia ST Unit#U810","23219","Richmond City","Condominium","10/07/2025","$379,000","$378,500","62","Resale (occupied at least once)","2006","Vistas On The James","969","0.02","2","2.0","Public Water","Sewer - Public","Conventional","Individuals"
"1001","2512337","TBD","CLOSD","7860 Summer Morning DR","23124","New Kent","Single Family Residence","10/07/2025","$437,400","$503,740","0","New (never occupied)","2025","Renaissance at Four Seasons","1,410","","3","2.0","Public Water","Sewer - Public","Conventional","Corporate"
"1001","2524393","810-686-9287","CLOSD","2081 Mill RD","23231","Henrico","Single Family Residence","10/07/2025","$379,500","$387,000","5","Resale (occupied at least once)","2005","None","2,344","1.35","3","2.0","Well","Septic - Conventional","VA New","Individuals"
"1001","2522870","749-739-0927","CLOSD","9001 Burkhart DR","23229","Henrico","Single Family Residence","10/07/2025","$481,000","$475,000","10","Resale (occupied at least once)","1955","West River Hills","2,132","0.61","3","1.1","Public Water","Sewer - Public","Cash","Individuals"
"1001","2523467","732-748-7410","CLOSD","1714 Cambridge CT","23238","Henrico","Townhouse","10/07/2025","$304,950","$304,950","8","Resale (occupied at least once)","1972","Tuckahoe Village W. Townhouses","1,360","0.04","3","1.2","Public Water","Sewer - Public","Conventional","Individuals"
"1001","2520316","772-763-4618","CLOSD","2509 Winston Trace CIR","23060","Henrico","Single Family Residence","10/07/2025","$410,000","$410,000","26","Resale (occupied at least once)","2009","Winston Trace","1,656","0.26","3","2.1","Public Water","Sewer - Public","Conventional","Individuals"
"1001","2516838","E000-0732-024","CLOSD","202 N 32nd ST","23223","Richmond City","Single Family Residence","10/07/2025","$789,000","$770,000","76","Resale (occupied at least once)","1896","None","3,292","0.05","4","2.1","Public Water","Sewer - Public","Conventional","Individuals"
"1001","2512295","770-67-92-81-400-000","CLOSD","6330 Gennaker RUN","23234","Chesterfield","Townhouse","10/07/2025","$337,499","$334,000","106","New (never occupied)","2024","Watermark","","0.07","3","2.1","Public Water","Sewer - Public","Conventional","Other"
"1001","2504905","700-69-03-60-000-000","CLOSD","18212 Red Barn CT","23120","Chesterfield","Single Family Residence","10/07/2025","$672,950","$765,355","0","New (never occupied)","2025","Tuckmar Farm","","","5","4.0","Public Water","Sewer - Public","Conventional","Corporate"
"1001","2516521","789-69-12-16-200-000","CLOSD","2702 Pate AVE","23234","Chesterfield","Single Family Residence","10/07/2025","$225,000","$220,000","70","Resale (occupied at least once)","1945","Grindall Creek Park","816","0.27","2","1.0","Public Water","Sewer - Public","FHA New","Individuals"
"1001","2523855","738-67-16-21-000-000","CLOSD","12336 Hillcreek TER","23112","Chesterfield","Single Family Residence","10/07/2025","$460,000","$460,000","8","Resale (occupied at least once)","1995","Bayhill Pointe","2,146","0.37","4","2.1","Public Water","Sewer - Public","Conventional","Individuals"
"1001","2522419","819-727-6967","CLOSD","303 Knight DR","23223","Henrico","Single Family Residence","10/07/2025","$298,000","$298,000","7","Resale (occupied at least once)","1987","Beechwood Park","1,056","0.25","3","2.0","Public Water","Sewer - Public","Conventional","Individuals"
"1001","2510253","716-67-21-86-100-000","CLOSD","15361 Sunray WAY","23112","Chesterfield","Townhouse","10/07/2025","$454,950","$458,515","0","New (never occupied)","2025","Oasis Townhomes","","","4","3.1","Public Water","Sewer - Public","Conventional","Corporate"
"1001","2523828","722-65-52-59-700-000","CLOSD","14300 Beach RD","23838","Chesterfield","Single Family Residence","10/07/2025","$415,000","$415,000","4","Resale (occupied at least once)","1984","Physic Hill","1,456","2.00","3","2.0","Well","Septic - Conventional","FHA New","Corporate"
"1001","2525907","734-756-4574","CLOSD","12017 Heiber CT","23233","Henrico","Townhouse","10/07/2025","$339,000","$334,000","9","Resale (occupied at least once)","1987","Worthington Hills","1,667","0.06","2","2.1","Public Water","Sewer - Public","Cash","Partnership"
"1001","2525216","732-68-01-44-200-000","CLOSD","13006 Tall Hickory CT","23112","Chesterfield","Single Family Residence","10/07/2025","$349,950","$349,950","4","Resale (occupied at least once)","1984","Nuttree","1,584","0.54","3","2.0","Public Water","Sewer - Public","FHA New","Individuals"
"1001","2524933","E012-0398-007","CLOSD","2503 Peter Paul BLVD","23223","Richmond City","Single Family Residence","10/07/2025","$150,000","$150,000","7","Resale (occupied at least once)","1946","Peter Paul Tract","720","0.15","2","1.0","Public Water","Sewer - Public","Private","Estate"
"1001","2524923","721-67-21-67-700-002","CLOSD","104 Water Pointe Court","23112","Chesterfield","Condominium","10/07/2025","$285,000","$282,000","10","Resale (occupied at least once)","1986","Water Pointe","","","2","2.0","Public Water","Sewer - Public","Cash","Individuals"
"1001","2524758","750-754-4145","CLOSD","10028 Joppa PL","23233","Henrico","Townhouse","10/07/2025","$303,500","$303,500","5","Resale (occupied at least once)","1983","Ruxton","1,530","0.07","3","2.1","Public Water","None","Conventional","Individuals"
"1001","2524204","731-68-29-50-300-000","CLOSD","4318 Rose Glen PL","23112","Chesterfield","Single Family Residence","10/07/2025","$425,000","$425,000","4","Resale (occupied at least once)","2006","Rose Glen","2,231","0.28","4","2.1","Public Water","Sewer - Public","Conventional","Individuals"
"1001","2524198","7797-12-3636","CLOSD","9867 Littlerock CT","23116","Hanover","Single Family Residence","10/07/2025","$489,900","$517,000","3","Resale (occupied at least once)","1997","Green Ridge","2,336","0.35","4","2.1","Public Water","Sewer - Public","VA New","Individuals"
"1001","2524155","743-766-6423","CLOSD","4801 Cobblestone Landing PL","23059","Henrico","Single Family Residence","10/07/2025","$1,075,000","$1,030,000","7","Resale (occupied at least once)","2005","Cobblestone Landing @ Twin Hickory","4,752","0.31","6","5.0","Public Water","Sewer - Public","Conventional","Individuals"
"1001","2524090","C007-0283-001","CLOSD","906 Andros RD","23225","Richmond City","Single Family Residence","10/07/2025","$239,700","$239,700","10","Resale (occupied at least once)","1964","Worthington Farms","1,098","0.35","3","1.1","Public Water","Sewer - Public","Conventional","Individuals"
"1001","2522877","727-68-68-74-300-000","CLOSD","3300 Nuttree Woods PL","23112","Chesterfield","Single Family Residence","10/07/2025","$574,950","$600,000","7","Resale (occupied at least once)","1978","Nuttree Woods","3,016","0.45","4","2.1","Public Water","Sewer - Public","Conventional","Individuals"
"1001","2522830","733-66-64-91-700-000","CLOSD","13111 Deerpark DR","23112","Chesterfield","Single Family Residence","10/07/2025","$440,000","$440,000","40","Resale (occupied at least once)","1978","Clover Hill Farms","","1.50","4","2.1","Well","Septic - Conventional","Conventional","Individuals"
"1001","2522744","C006-0659-004","CLOSD","5400 Calvert DR","23224","Richmond City","Single Family Residence","10/07/2025","$150,000","$160,000","9","Resale (occupied at least once)","1948","Cavalier Court","672","0.44","2","1.0","Public Water","Sewer - Public","Conventional","Individuals"
"1001","2522394","764-757-8973.076","CLOSD","7701 Okeith CT Unit#1604","23228","Henrico","Condominium","10/07/2025","$213,950","$212,000","31","Resale (occupied at least once)","1987","Shannon Green Condo","912","0.02","2","2.0","Public Water","Sewer - Public","Cash","Individuals"
"1001","2522126","046-68C","CLOSD","890 Clement Town RD","23139","Powhatan","Single Family Residence","10/07/2025","$384,500","$390,000","2","Resale (occupied at least once)","2006","Powhatan","1,569","2.66","3","2.0","Well","Septic - Conventional","FHA New","Individuals"
"1001","2521176","731-752-6038.048","CLOSD","2400 Stone Post TER","23233","Henrico","Condominium","10/07/2025","$289,950","$283,000","15","Resale (occupied at least once)","1986","Westleyen Condo","1,128","15.46","3","2.0","Public Water","Sewer - Public","Conventional","Individuals"
"1001","2521129","739-754-7137","CLOSD","10948 Parkshire LN","23233","Henrico","Townhouse","10/07/2025","$489,950","$472,000","25","Resale (occupied at least once)","2015","Shire Place","2,543","0.07","3","3.1","Public Water","Sewer - Public","Conventional","Individuals"
"1001","2519964","758-68-04-64-500-000","CLOSD","9813 Garden Ridge PL","23832","Chesterfield","Single Family Residence","10/07/2025","$389,950","$389,950","7","Resale (occupied at least once)","2016","Five Forks Village","2,034","0.31","4","2.1","Public Water","Sewer - Public","Conventional","Individuals"
"1001","2519621","754-750-8943","CLOSD","8701 Basswood RD","23229","Henrico","Single Family Residence","10/07/2025","$365,000","$365,000","51","Resale (occupied at least once)","1963","Wedgewood Park","1,875","0.25","4","2.1","Public Water","Sewer - Public","Conventional","Individuals"
"1001","2518925","21-15-2-27-0","CLOSD","2827 Preston Park WAY","23153","Goochland","Single Family Residence","10/07/2025","$574,900","$575,000","23","Resale (occupied at least once)","2022","Preston Park","","1.56","4","2.0","Well","Septic - Conventional","VA New","Individuals"
"1001","2515323","N000-0335-009","CLOSD","1602 Sewell ST","23222","Richmond City","Single Family Residence","10/07/2025","$249,000","$190,000","41","Resale (occupied at least once)","1910","Barton Heights","2,286","0.08","4","2.0","Public Water","Sewer - Public","Cash","Individuals"
"1001","2514325","43-47-0-21-0","CLOSD","1555 Smokey Ridge RD","23102","Goochland","Single Family Residence","10/07/2025","$1,275,000","$1,275,000","39","New (never occupied)","2025","Breeze Hill","","2.11","4","4.0","Well","Septic - Conventional","Conventional","Other"
"1001","2513204","725-72-02-79-300-000","CLOSD","13951 Whitechapel RD","23113","Chesterfield","Single Family Residence","10/07/2025","$725,000","$720,000","71","Resale (occupied at least once)","1975","Salisbury","4,160","0.92","4","3.1","Public Water","Septic - Conventional","Conventional","Individuals"
"1001","2508668","028-6-5","CLOSD","3160 Academy Farms DR","23139","Powhatan","Single Family Residence","10/07/2025","$650,000","$650,000","6","Resale (occupied at least once)","1984","Academy Farms","2,572","10.00","4","3.1","Well","Septic - Conventional","Conventional","Individuals"
"1001","2507941","722703176900000","CLOSD","1090 Arbor Heights TER","23114","Chesterfield","Single Family Residence","10/07/2025","$639,595","$639,595","0","New (never occupied)","2025","Charter Colony West","2,084","","3","3.0","Public Water","Sewer - Public","Cash","Corporate"
"1001","BRTVACF2001256","68455","CLOSD","2612 Wicklow LOOP","23236","Chesterfield","Single Family Residence","10/07/2025","$519,500","$510,000","3","Resale (occupied at least once)","1993","BEXLEY COSMOPOLITAN","2,043","0.34","3","3.0","Public Water","Public Sewer On Site","",""
"1001","2522653","7186621731","CLOSD","8712 Centerline DR","23832","Chesterfield","Single Family Residence","10/08/2025","$652,840","$625,190","23","New (never occupied)","2025","Harpers Mill","","0.30","5","3.2","Public Water","Sewer - Public","Conventional","Other"
"1001","2517052","8765-71-5478","CLOSD","2065 Philbunny CT","23111","Hanover","Single Family Residence","10/08/2025","$599,950","$585,000","51","Resale (occupied at least once)","2014","Christian Ridge","3,390","1.36","4","3.1","Well","Septic - Conventional","VA New","Individuals"
"1001","2522422","715-66-47-63-200-000","CLOSD","8412 Morocco PL","23832","Chesterfield","Single Family Residence","10/08/2025","$589,000","$565,000","29","Resale (occupied at least once)","2018","Harpers Mill","3,647","0.28","5","3.1","Public Water","Sewer - Public","FHA New","Individuals"
"1001","2519048","C0090762001","CLOSD","3353 Hopkins RD","23234","Richmond City","Townhouse","10/08/2025","$307,290","$307,290","28","New (never occupied)","2025","Kinwick","1,318","","3","2.1","Public Water","Sewer - Public","Conventional","Corporate"
"1001","2520833","819-716-4303","CLOSD","4803 Annlyn DR","23150","Henrico","Single Family Residence","10/08/2025","$249,950","$245,000","28","Resale (occupied at least once)","1955","Sanburne Park","1,050","0.35","3","1.1","Public Water","Sewer - Public","Conventional","Individuals"
"1001","2520204","43-37-B-22-0","CLOSD","2510 Langdale TER","23102","Goochland","Single Family Residence","10/08/2025","$469,900","$469,000","46","Resale (occupied at least once)","2015","Clifton","1,987","1.83","3","2.1","Well","Septic - Conventional","FHA New","Individuals"
"1001","2517526","774-744-5714","CLOSD","3104 Aqua CT","23230","Henrico","Single Family Residence","10/08/2025","$459,950","$459,950","82","New (never occupied)","2025","Lakeview Manor","","0.22","3","2.0","Public Water","Sewer - Public","Conventional","Corporate"
"1001","2508341","824-727-2143","CLOSD","410 N Daisy AVE","23075","Henrico","Single Family Residence","10/08/2025","$334,200","$334,200","150","Resale (occupied at least once)","1961","Meadowview","1,776","0.23","3","2.0","Public Water","Sewer - Public","Conventional","Partnership"
"1001","2522026","739-66-87-78-600-000","CLOSD","8806 Bailey Creek RD","23112","Chesterfield","Single Family Residence","10/08/2025","$550,000","$550,000","24","Resale (occupied at least once)","2006","Bayhill Pointe","3,078","0.34","4","3.1","Public Water","Sewer - Public","VA New","Individuals"
"1001","2524624","786-62-88-30-300-000","CLOSD","5206 Thornwood CT","23803","Chesterfield","Single Family Residence","10/08/2025","$459,900","$459,900","4","Resale (occupied at least once)","1996","Elko Farms","2,152","1.46","4","2.1","Well","Septic - Conventional","Conventional","Individuals"
"1001","2524932","723-69-99-54-600-000","CLOSD","14742 Rolling Spring DR","23114","Chesterfield","Single Family Residence","10/08/2025","$650,000","$660,000","5","Resale (occupied at least once)","2005","Mallory Village @ Charter Colony","3,864","0.25","5","3.1","Public Water","Sewer - Public","Conventional","Individuals"
"1001","2522324","8714-07-8309","CLOSD","7964 Arnoka RD","23111","Hanover","Single Family Residence","10/08/2025","$399,000","$400,000","14","Resale (occupied at least once)","1967","Ridgeview Estates","1,826","0.41","3","2.0","Public Water","Sewer - Public","Conventional","Individuals"
"1001","2526045","745-750-3295","CLOSD","10102 Windsong TER","23238","Henrico","Single Family Residence","10/08/2025","$524,900","$535,000","4","Resale (occupied at least once)","1980","Raintree","2,114","0.33","4","2.1","Public Water","Sewer - Public","Conventional","Individuals"
"1001","2523978","736-749-1518","CLOSD","10704 Oceana CT","23238","Henrico","Townhouse","10/08/2025","$287,500","$295,000","3","Resale (occupied at least once)","1995","Sussex Wood","","","3","1.1","Public Water","Sewer - Public","Conventional","Individuals"
"1001","2523743","744-65-94-49-100-000","CLOSD","10200 Cloverfield CIR","23832","Chesterfield","Single Family Residence","10/08/2025","$294,500","$298,000","6","Resale (occupied at least once)","1984","Spring Run","1,056","0.90","3","1.0","Well","Septic - Conventional","Conventional","Individuals"
"1001","2520295","816-698-8695","CLOSD","6901 STRATH RD","23231","Henrico","Single Family Residence","10/08/2025","$324,500","$324,500","53","Resale (occupied at least once)","1980","None","","1.00","4","2.1","Well","Septic - Conventional","Conventional","Individuals"
"1001","2525321","N000-1635-008","CLOSD","3608 Moss Side AVE","23222","Richmond City","Single Family Residence","10/08/2025","$875,000","$862,500","3","Resale (occupied at least once)","1925","Ginter Park","3,875","0.34","4","2.1","Public Water","Sewer - Public","Conventional","Individuals"
"1001","2523414","750-752-4927","CLOSD","9906 Fort King RD","23229","Henrico","Single Family Residence","10/08/2025","$380,000","$386,000","9","Resale (occupied at least once)","1983","Pembrooke","2,033","0.30","4","2.1","Public Water","Sewer - Public","Conventional","Individuals"
"1001","2524238","731-64-60-03-300-000","CLOSD","13307 Degonia WAY","23838","Chesterfield","Single Family Residence","10/08/2025","$749,000","$749,000","2","Resale (occupied at least once)","2014","Second Branch","3,203","14.59","4","2.1","Public Water","Septic - Conventional","Conventional","Individuals"
"1001","2523462","716-71-25-70-700-000","CLOSD","230 Quiet Breeze ALY","23113","Chesterfield","Townhouse","10/08/2025","$600,000","$600,000","20","Resale (occupied at least once)","2024","Edge at Westchester","3,243","0.05","3","2.2","Public Water","Sewer - Public","Cash","Individuals"
"1001","2523098","757-760-1591","CLOSD","9339 Gildenfield CT","23294","Henrico","Townhouse","10/08/2025","$285,000","$281,000","27","Resale (occupied at least once)","1980","Pheasant Run","1,120","0.04","3","1.1","Public Water","Sewer - Public","Conventional","Individuals"
"1001","2502732","699-68-93-82-600-000","CLOSD","3812 Tuckmar Ridge DR","23120","Chesterfield","Single Family Residence","10/08/2025","$681,950","$840,499","0","New (never occupied)","2025","Tuckmar Farm","2,893","","3","2.1","Public Water","Sewer - Public","Conventional","Corporate"
"1001","2523025","769-69-39-46-600-000","CLOSD","4707 Milfax RD","23224","Chesterfield","Townhouse","10/08/2025","$250,000","$250,000","13","Resale (occupied at least once)","2006","Ashley Village","1,292","0.04","3","2.1","Public Water","Sewer - Public","FHA New","Individuals"
"1001","2526310","E000-2816-017","CLOSD","1410 Williamsburg RD","23231","Richmond City","Single Family Residence","10/08/2025","$175,000","$169,000","5","Resale (occupied at least once)","1946","Fulton Community Hills","953","0.14","3","1.0","Public Water","Sewer - Public","Conventional","Individuals"
"1001","2525777","752-735-1682","CLOSD","311 Berwickshire DR","23229","Henrico","Single Family Residence","10/08/2025","$1,199,999","$1,185,000","7","Resale (occupied at least once)","2020","Sleepy Hollow","4,411","0.82","4","3.2","Public Water","Sewer - Public","Cash","Individuals"
"1001","2525738","723-64-52-46-700-000","CLOSD","14200 Princess Mary RD","23838","Chesterfield","Single Family Residence","10/08/2025","$315,900","$340,000","7","Resale (occupied at least once)","1997","Windsor Park","2,261","1.31","4","2.1","Public Water","Septic - Conventional","Cash","Corporate"
"1001","2525561","W000-1773-008","CLOSD","316 N Hamilton ST","23221","Richmond City","Single Family Residence","10/08/2025","$689,950","$665,000","3","New (never occupied)","2025","None","","0.03","3","3.1","Public Water","Sewer - Public","Conventional","Corporate"
"1001","2525410","738-68-84-01-600-000","CLOSD","12308 Leesburg CIR","23112","Chesterfield","Single Family Residence","10/08/2025","$350,000","$350,000","4","Resale (occupied at least once)","1985","South Ridge","1,296","0.25","4","2.0","Public Water","Sewer - Public","Conventional","Individuals"
"1001","2525164","771-776-4474","CLOSD","3215 Greenwood CT","23059","Henrico","Single Family Residence","10/08/2025","$285,000","$300,000","3","Resale (occupied at least once)","1954","Glen Allen","1,993","1.03","3","1.0","Well","Septic - Conventional","Cash","Individuals"
"1001","2524861","776-66-30-79-800-000","CLOSD","9508 Snowbird RD","23832","Chesterfield","Single Family Residence","10/08/2025","$235,000","$240,000","5","Resale (occupied at least once)","1976","Courthouse Green","1,120","0.24","3","1.1","Public Water","Sewer - Public","Conventional","Individuals"
"1001","2524638","758-68-54-24-500-000","CLOSD","8511 Long Tom CT","23832","Chesterfield","Single Family Residence","10/08/2025","$349,950","$335,000","5","Resale (occupied at least once)","1985","Cabin Creek","1,428","0.25","4","2.0","Public Water","Sewer - Public","Conventional","Individuals"
"1001","2523735","753-757-4830","CLOSD","9904 Whitney CIR","23233","Henrico","Townhouse","10/08/2025","$287,500","$280,000","19","Resale (occupied at least once)","1988","Pemberton Green","1,344","0.04","3","1.1","Public Water","Sewer - Public","Conventional","Individuals"
"1001","2523705","730-755-9507","CLOSD","2605 Wetherburn CT","23233","Henrico","Townhouse","10/08/2025","$324,900","$324,900","4","Resale (occupied at least once)","1985","Berkeley Pointe","1,200","0.06","2","2.1","Public Water","Sewer - Public","Conventional","Individuals"
"1001","2523144","32   2     D","CLOSD","4958 Olivet Church RD","23140","New Kent","Single Family Residence","10/08/2025","$649,000","$650,500","4","Resale (occupied at least once)","2003","None","5,269","15.67","3","2.1","Well","Septic - Conventional","Cash","Individuals"
"1001","2523124","741-66-03-77-600-000","CLOSD","10104 Manordale RD","23832","Chesterfield","Single Family Residence","10/08/2025","$349,900","$375,000","5","Resale (occupied at least once)","1975","Beaverwood","1,470","1.63","3","2.0","Well","Septic - Conventional","Conventional","Individuals"
"1001","2523063","N000-0870-018","CLOSD","2913 Hawthorne AVE","23222","Richmond City","Single Family Residence","10/08/2025","$830,000","$835,000","8","Resale (occupied at least once)","1919","Battery Park","4,214","0.18","5","4.1","Public Water","Sewer - Public","Conventional","Individuals"
"1001","2522983","W000-1785-006","CLOSD","4003 W Franklin ST","23221","Richmond City","Single Family Residence","10/08/2025","$849,000","$960,000","8","Resale (occupied at least once)","1939","Monument Avenue Gardens","4,080","0.19","4","2.0","Public Water","Sewer - Public","Cash","Individuals"
"1001","2522865","744-757-7544","CLOSD","11220 Eastborough CT","23233","Henrico","Single Family Residence","10/08/2025","$575,000","$625,000","4","Resale (occupied at least once)","1988","Church Run","3,515","0.31","5","2.1","Public Water","Sewer - Public","Conventional","Individuals"
"1001","2522667","732-66-09-83-300-000","CLOSD","10110 N Donegal RD","23112","Chesterfield","Single Family Residence","10/08/2025","$499,950","$511,000","9","Resale (occupied at least once)","1985","Donegal Forest North","3,360","7.80","3","3.0","Well","Septic - Conventional","FHA New","Individuals"
"1001","2522596","759-70-28-54-100-000","CLOSD","733 S Providence RD","23236","Chesterfield","Single Family Residence","10/08/2025","$697,000","$700,000","7","Resale (occupied at least once)","1979","None","4,360","16.14","3","2.1","Public Water","Septic - Conventional","Conventional","Individuals"
"1001","2522075","756-741-6905","CLOSD","1206 Old Nelson Hill AVE","23229","Henrico","Single Family Residence","10/08/2025","$475,000","$475,000","6","Resale (occupied at least once)","1953","University Heights","1,506","0.44","3","1.1","Public Water","Sewer - Public","Conventional","Individuals"
"1001","2521983","W000-2032-004","CLOSD","4515 Augusta AVE","23230","Richmond City","Single Family Residence","10/08/2025","$699,000","$700,000","33","Resale (occupied at least once)","1952","Monument Avenue Park","1,971","0.18","4","3.0","Public Water","Sewer - Public","Conventional","Individuals"
"1001","2520597","782-67-45-41-600-000","CLOSD","8109 Concho RD","23237","Chesterfield","Single Family Residence","10/08/2025","$319,950","$312,000","11","Resale (occupied at least once)","1969","Indian Springs - Chest","3,475","0.34","4","3.0","Public Water","Sewer - Public","Conventional","Individuals"
"1001","2520582","737-67-99-54-100-097","CLOSD","3900 Maze Runner DR Unit#402","23112","Chesterfield","Condominium","10/08/2025","$299,900","$292,500","99","Resale (occupied at least once)","2022","Wescott","1,524","","2","2.0","Public Water","Sewer - Public","Conventional","Individuals"
"1001","2519970","774-66-21-93-600-000","CLOSD","9808 Brenspark RD","23832","Chesterfield","Single Family Residence","10/08/2025","$369,950","$369,950","14","Resale (occupied at least once)","1987","Courthouse Woods","1,996","0.29","4","2.1","Public Water","Sewer - Public","Conventional","Corporate, Individuals"
"1001","2519029","748-69-10-75-200-000","CLOSD","10326 Dorel CT","23236","Chesterfield","Single Family Residence","10/08/2025","$365,000","$360,000","15","Resale (occupied at least once)","1978","Chestnut Hills","1,475","0.44","3","2.0","Public Water","Sewer - Public","Conventional","Individuals"
"1001","2514968","W019-0050-020","CLOSD","4703 Radford AVE","23230","Richmond City","Single Family Residence","10/08/2025","$410,000","$400,000","56","Resale (occupied at least once)","1953","Monument Avenue Park","1,429","0.14","2","2.0","Public Water","Sewer - Public","Conventional","Estate"
"1001","2504089","8706-65-6707","CLOSD","8415 Villetta Pointe LN","23116","Hanover","Condominium","10/08/2025","$399,900","$405,342","167","New (never occupied)","2025","Villetta Pointe","1,082","","2","2.0","Public Water","Sewer - Public","Conventional","Corporate"
"1001","2502079","8705-66-1980","CLOSD","8582 LeAnne LN","23116","Hanover","Single Family Residence","10/08/2025","$661,820","$672,105","0","New (never occupied)","2025","Shady Grove Park","2,302","0.48","4","3.0","Public Water","Septic - Conventional","Conventional","Corporate"
"1001","2501052","8764-09-9555","CLOSD","8410 Roden DR","23111","Hanover","Single Family Residence","10/08/2025","$789,900","$789,900","218","New (never occupied)","2025","Rock Creek","3,509","5.02","4","3.1","Well","Septic - Conventional","FHA New","Corporate"
"1001","2430402","8709-54-3957","CLOSD","8269 Mount Eagle RD","23005","Hanover","Single Family Residence","10/08/2025","$1,225,000","$1,310,455","0","New (never occupied)","2024","The Reserve at Campbell Creek","3,000","10.25","3","2.1","Well","Sewer - Public","Conventional","Corporate"
"1001","2421090","64-32-0-11-0","CLOSD","XXX Blair Estates CT","23238","Goochland","Single Family Residence","10/08/2025","$1,293,990","$1,397,723","26","New (never occupied)","2024","Blair Estates","3,778","0.66","4","4.1","Public Water","Sewer - Public","Conventional","Corporate"
"1001","2229889","TBD","CLOSD","7113 Montage ROW","23238","Goochland","Single Family Residence","10/08/2025","$810,550","$828,346","139","New (never occupied)","2022","Mosaic at West Creek","2,817","","3","2.1","Public Water","Sewer - Public","Conventional","Corporate"
"1001","2219462","58-54-8-28-0","CLOSD","7107 Montage ROW","23238","Goochland","Single Family Residence","10/08/2025","$802,093","$768,802","0","New (never occupied)","2022","Mosaic at West Creek","2,932","","3","2.1","Public Water","Sewer - Public","Conventional","Corporate"
"1001","2523455","S006-0140-012","CLOSD","5207 Caledonia RD","23225","Richmond City","Single Family Residence","10/09/2025","$649,000","$727,500","6","Resale (occupied at least once)","1939","Westover Hills","2,092","0.23","3","2.1","Public Water","Sewer - Public","Conventional","Individuals"
"1001","2512310","792-66-25-73-400-000","CLOSD","10901 Drayton RD","23831","Chesterfield","Single Family Residence","10/09/2025","$343,000","$338,000","107","Resale (occupied at least once)","1985","Chipchase At Mineola","1,866","0.27","5","2.0","Public Water","Sewer - Public","Conventional","Corporate"
"1001","2523170","741-772-1703","CLOSD","11336 Grey Oaks Estates WAY","23059","Henrico","Single Family Residence","10/09/2025","$1,299,950","$1,360,000","7","Resale (occupied at least once)","2018","Estates at Grey Oaks Section 5","6,327","0.25","6","5.0","Public Water","Sewer - Public","Conventional","Individuals"
"1001","2429261","7822-73-7032","CLOSD","16159 W Patrick Henry RD","23192","Hanover","Single Family Residence","10/09/2025","$564,999","$550,000","290","New (never occupied)","2024","South Anna","2,302","2.12","3","2.1","Well","Septic - Conventional","Conventional","Corporate"
"1001","2524427","719-66-74-09-000-000","CLOSD","7823 Breaker Point CT","23832","Chesterfield","Single Family Residence","10/09/2025","$395,500","$390,000","9","Resale (occupied at least once)","1989","Ashbrook","1,334","0.11","3","2.1","Public Water","Sewer - Public","Conventional","Individuals"
"1001","2525294","8723-29-9901","CLOSD","6367 Dairy DR","23111","Hanover","Single Family Residence","10/09/2025","$304,950","$316,000","5","Resale (occupied at least once)","1988","Sledd Run","1,162","0.26","3","2.0","Public Water","Sewer - Public","FHA New","Individuals"
"1001","2520925","736-66-94-76-100-000","CLOSD","8806 Bailey Hill RD","23112","Chesterfield","Single Family Residence","10/09/2025","$550,000","$550,000","42","Resale (occupied at least once)","2016","Bayhill Pointe","3,260","0.37","4","3.1","Public Water","Sewer - Public","Conventional","Individuals"
"1001","2524878","8716-06-7620","CLOSD","7458 Rural Point CT","23116","Hanover","Single Family Residence","10/09/2025","$400,000","$410,000","4","Resale (occupied at least once)","1988","Rural Point","1,784","1.58","3","2.0","Public Water","Septic - Conventional","Conventional","Individuals"
"1001","2516861","709-67-65-73-500-000","CLOSD","16704 Thornapple RUN","23120","Chesterfield","Single Family Residence","10/09/2025","$510,000","$505,000","76","Resale (occupied at least once)","2019","Wynwood at Foxcreek","2,399","0.09","4","3.1","Public Water","Sewer - Public","Conventional","Individuals"
"1001","2521534","780-67-98-64-800-000","CLOSD","6705 Mason Valley DR","23234","Chesterfield","Single Family Residence","10/09/2025","$299,000","$300,000","15","Resale (occupied at least once)","1988","Mason Woods","1,344","0.22","3","2.0","Public Water","Sewer - Public","Conventional","Individuals"
"1001","2522346","752-765-3743","CLOSD","4708 Snowmass RD","23060","Henrico","Single Family Residence","10/09/2025","$565,000","$570,000","7","Resale (occupied at least once)","1993","The Village @ Innsbrook","3,073","0.27","3","2.1","Public Water","Sewer - Public","FHA New","Individuals"
"1001","2519138","034A-1-8","CLOSD","6337 Walnut Tree DR","23139","Powhatan","Single Family Residence","10/09/2025","$449,950","$443,000","11","Resale (occupied at least once)","2008","Walnut Creek","2,186","3.02","4","2.1","Well","Septic - Conventional","Conventional","Corporate, Individuals"
"1001","2522092","794-66-01-24-100-000","CLOSD","3210 Castlebury DR","23831","Chesterfield","Single Family Residence","10/09/2025","$340,000","$340,000","10","Resale (occupied at least once)","1984","Cameron Run","1,786","0.24","3","2.1","Public Water","Sewer - Public","VHDA ","Individuals"
"1001","2523434","E000-0162-031","CLOSD","219 N 19th ST Unit#23","23223","Richmond City","Condominium","10/09/2025","$280,000","$280,000","9","Resale (occupied at least once)","1851","Shockoe Valley Lofts","1,008","0.02","2","1.0","Public Water","Sewer - Public","Conventional","Individuals"
"1001","2514767","58-54-3-3-0","CLOSD","9459 Tesserae WAY","23238","Goochland","Townhouse","10/09/2025","$580,240","$580,240","90","New (never occupied)","2025","Mosaic at West Creek","1,942","","2","2.1","Public Water","Sewer - Public","Conventional","Corporate"
"1001","2514687","8725-95-4948","CLOSD","6040 Shiloh PL","23111","Hanover","Single Family Residence","10/09/2025","$349,000","$344,000","38","Resale (occupied at least once)","1992","Battlefield Green","1,744","0.17","3","2.0","Public Water","Sewer - Public","FHA New","Individuals"
"1001","2525156","8724-27-6813","CLOSD","7732 Marshall Arch DR","23111","Hanover","Townhouse","10/09/2025","$389,900","$389,900","5","Resale (occupied at least once)","2009","Liberty Trace","2,210","0.09","3","2.1","Public Water","Sewer - Public","Conventional","Individuals"
"1001","2523229","739-754-7063","CLOSD","11922 Evening Loop","23233","Henrico","Townhouse","10/09/2025","$532,055","$528,695","16","New (never occupied)","2025","Shire Walk","","","3","3.1","Public Water","Sewer - Public","Conventional","Corporate"
"1001","2521103","W020-0082-029","CLOSD","5102 Park AVE","23226","Richmond City","Single Family Residence","10/09/2025","$625,000","$625,000","7","Resale (occupied at least once)","1957","Willow Lawn","1,750","0.23","4","2.0","Public Water","Sewer - Public","Cash","Individuals"
"1001","2523749","796-63-90-28-600-000","CLOSD","3212 Fielding RD","23834","Chesterfield","Single Family Residence","10/09/2025","$329,000","$323,000","12","Resale (occupied at least once)","1987","Happy Hill Farms","1,590","0.28","3","1.1","Public Water","Sewer - Public","Conventional","Individuals"
"1001","2504708","700-69-05-40-000-000","CLOSD","18200 Red Barn CT","23120","Chesterfield","Single Family Residence","10/09/2025","$697,950","$796,815","0","New (never occupied)","2025","Tuckmar Farm","","","5","4.1","Public Water","Sewer - Public","Conventional","Corporate"
"1001","2525951","C004-0325-026","CLOSD","7944 Cherokee RD","23225","Richmond City","Single Family Residence","10/09/2025","$650,000","$685,000","3","Resale (occupied at least once)","1955","Stratford Hills","1,666","0.49","3","2.0","Public Water","Sewer - Public","Cash","Individuals"
"1001","2525904","782-66-92-91-000-000","CLOSD","4317 Laurel Oak RD","23237","Chesterfield","Single Family Residence","10/09/2025","$274,500","$274,500","2","Resale (occupied at least once)","1984","Oakmont","1,056","1.79","3","1.1","Public Water","Sewer - Public","Conventional","Individuals"
"1001","2520338","8725-31-1031","CLOSD","8053 Woodbridge RD","23111","Hanover","Single Family Residence","10/09/2025","$365,000","$365,000","17","Resale (occupied at least once)","1969","Cherrydale","2,079","0.43","4","2.1","Community Well","Sewer - Public","Conventional","Estate"
"1001","2521744","711-66-23-00-200-000","CLOSD","16106 Turquoise DR","23832","Chesterfield","Single Family Residence","10/09/2025","$725,000","$725,000","31","Resale (occupied at least once)","2019","Harpers Mill","3,776","0.30","5","4.0","Public Water","Sewer - Public","Conventional","Individuals"
"1001","2520687","725-67-72-94-600-000","CLOSD","13720 Long Cove PL","23112","Chesterfield","Single Family Residence","10/09/2025","$469,000","$469,000","3","Resale (occupied at least once)","1990","Woodlake","2,286","0.20","3","2.1","Public Water","Sewer - Public","Conventional","Individuals"
"1001","2521385","S000-0027-044","CLOSD","815 Porter ST Unit#U202","23224","Richmond City","Condominium","10/09/2025","$269,995","$263,000","43","Resale (occupied at least once)","1895","Manchester","809","0.02","1","1.0","Public Water","Sewer - Public","Conventional","Individuals"
"1001","2524511","734-71-12-11-400-000","CLOSD","12502 Whispering WAY","23113","Chesterfield","Single Family Residence","10/09/2025","$330,000","$340,000","3","Resale (occupied at least once)","1979","Old Buckingham Forest","1,545","0.28","3","2.0","Public Water","Sewer - Public","Conventional","Individuals"
"1001","2524580","719-66-88-72-900-000","CLOSD","7731 Offshore DR","23832","Chesterfield","Single Family Residence","10/09/2025","$309,700","$319,700","9","Resale (occupied at least once)","1989","Ashbrook","1,248","0.11","3","2.1","Public Water","Sewer - Public","Conventional","Individuals"
"1001","2524484","W020-0073-021","CLOSD","5709 Park AVE","23226","Richmond City","Single Family Residence","10/09/2025","$499,000","$475,000","21","Resale (occupied at least once)","1948","Monument Avenue Crest","1,133","0.19","2","1.1","Public Water","None","Cash","Individuals"
"1001","2522619","790641106000000","CLOSD","4018 White Creek CT","23831","Chesterfield","Single Family Residence","10/09/2025","$639,990","$639,990","6","New (never occupied)","2025","Wellspring","4,701","","5","4.0","Public Water","Sewer - Public","FHA New","Corporate"
"1001","2522353","708-67-66-52-100-000","CLOSD","6300 Anise CIR","23120","Chesterfield","Townhouse","10/09/2025","$414,900","$410,000","33","Resale (occupied at least once)","2019","Wynwood at Foxcreek","2,436","0.10","3","2.2","Public Water","Sewer - Public","FHA New","Individuals"
"1001","2522275","C006-0469-042","CLOSD","1612 Kingswood ST","23224","Richmond City","Single Family Residence","10/09/2025","$145,000","$133,500","6","Resale (occupied at least once)","1953","Mcguire Manor","1,009","0.24","3","1.0","Public Water","Sewer - Public","Cash","Other"
"1001","2521833","773-740-1304.061","CLOSD","2248 Libbie Lake West ST Unit#A","23230","Henrico","Condominium","10/09/2025","$449,950","$420,000","47","Resale (occupied at least once)","2022","Libbie Mill Townhomes","1,531","1.60","2","2.1","Public Water","Sewer - Public","Cash","Individuals"
"1001","2521440","58-1-0-30-0","CLOSD","296 First Flite LN","23103","Goochland","Single Family Residence","10/09/2025","$950,000","$918,000","16","Resale (occupied at least once)","2006","None","2,953","1.74","4","2.1","Well","Septic - Engineered","Cash","Individuals"
"1001","2521409","C005-0191-034","CLOSD","2106 Nicolet CIR","23225","Richmond City","Single Family Residence","10/09/2025","$399,995","$418,000","6","Resale (occupied at least once)","1961","Forest Hill Farms","1,788","0.49","3","1.1","Public Water","Sewer - Public","Conventional","Individuals"
"1001","2520555","42-16-C-1-0","CLOSD","3280 Gathright DR","23063","Goochland","Single Family Residence","10/09/2025","$499,000","$492,000","42","Resale (occupied at least once)","1975","Venice Heights","2,082","1.93","3","2.0","Public Water","Septic - Conventional","Conventional","Individuals"
"1001","2517904","W000-1514-027","CLOSD","3312 Grove AVE","23221","Richmond City","Single Family Residence","10/09/2025","$799,000","$790,000","60","Resale (occupied at least once)","1923","Lee Park","2,880","0.09","4","2.1","Public Water","Sewer - Public","Cash","Individuals"
"1001","2508162","8733-17-6544","CLOSD","6261 Madonna RD","23111","Hanover","Single Family Residence","10/09/2025","$315,000","$315,000","23","Resale (occupied at least once)","1971","Hanover Farms","2,260","0.44","3","2.0","Public Water","Septic - Conventional","Conventional","Individuals"
"1001","2501923","738-767-1329","CLOSD","4549 Bacova Club CT","23059","Henrico","Single Family Residence","10/09/2025","$1,045,000","$1,045,000","0","New (never occupied)","2025","Woodson Hills At Bacova","4,150","0.17","6","5.0","Public Water","Sewer - Public","Conventional","Corporate"
"1001","2429688","TBD","CLOSD","6639 Mayland Ridge LN","23120","Chesterfield","Condominium","10/09/2025","$520,740","$545,068","87","New (never occupied)","2024","The Villas at Swift Creek","1,859","","3","2.0","Public Water","Sewer - Public","Cash","Corporate"
"1001","2425142","22A10 1 1   8","CLOSD","8232 E Lord Botetourt LOOP","23124","New Kent","Single Family Residence","10/10/2025","$499,900","$480,000","314","Resale (occupied at least once)","2013","Four Seasons At New Kent","2,548","0.16","3","2.0","Public Water","Sewer - Public","VA New","Individuals"
"1001","BRTVAGO2000384","44-3-0-1-A","CLOSD","1966 Sheppard Town RD","23129","Goochland","Single Family Residence","10/10/2025","$435,000","$425,000","4","Resale (occupied at least once)","1984","NONE AVAILABLE","1,827","2.00","3","2.0","Well","Public Sewer On Site, Septic - Shared","",""
"1001","2523928","737-777-9597","CLOSD","5700 Lake West TER","23059","Henrico","Single Family Residence","10/10/2025","$571,000","$580,000","7","Resale (occupied at least once)","1994","Lake West At Millstone","2,724","0.31","4","2.1","Public Water","Sewer - Public","Conventional","Individuals"
"1001","2514585","711668844600020","CLOSD","16221 White Oak Tree CT","23832","Chesterfield","Condominium","10/10/2025","$458,810","$458,810","40","New (never occupied)","2024","None","","","4","3.1","Public Water","Sewer - Public","FHA New","Corporate"
"1001","2523829","730-72-09-04-100-000","CLOSD","3003 Drakewood CT","23113","Chesterfield","Single Family Residence","10/10/2025","$699,000","$700,000","5","Resale (occupied at least once)","1988","Powderham","2,745","0.93","4","2.1","Public Water","Sewer - Public","Conventional","Individuals"
"1001","2505977","797-64-86-34-500-000","CLOSD","13506 Laughter CT","23831","Chesterfield","Single Family Residence","10/10/2025","$395,000","$395,000","173","Resale (occupied at least once)","2004","Forest Lake","2,518","0.36","3","2.2","Public Water","Sewer - Public","FHA New","Individuals"
"1001","2524182","713-66-57-12-900-000","CLOSD","8219 Longlands CT","23832","Chesterfield","Single Family Residence","10/10/2025","$699,950","$699,950","24","Resale (occupied at least once)","2012","Harpers Mill","3,488","0.28","4","3.1","Public Water","Sewer - Public","Conventional","Individuals"
"1001","2517181","743-67-52-72-100-000","CLOSD","11819 Parrish Creek LN","23832","Chesterfield","Single Family Residence","10/10/2025","$425,000","$432,000","87","Resale (occupied at least once)","2013","Colony Pointe","2,003","0.36","3","2.1","Public Water","Sewer - Public","FHA New","Individuals"
"1001","2523301","C001-0444-004","CLOSD","4418 Croatan RD","23235","Richmond City","Single Family Residence","10/10/2025","$535,000","$545,000","3","Resale (occupied at least once)","1990","Huguenot Farms","2,894","0.74","4","3.1","Public Water","Sewer - Public","Conventional","Other"
"1001","2519049","C0090762008","CLOSD","3349 Hopkins RD","23234","Richmond City","Townhouse","10/10/2025","$302,090","$302,090","14","New (never occupied)","2025","Kinwick","1,318","","3","2.1","Public Water","Sewer - Public","Conventional","Corporate"
"1001","2512210","732-69-80-38-200-000","CLOSD","1326 Wesanne LN","23114","Chesterfield","Single Family Residence","10/10/2025","$524,000","$518,000","133","Resale (occupied at least once)","1988","Queensmill","3,072","0.43","5","2.1","Public Water","Sewer - Public","Conventional","Corporate"
"1001","2521556","44-3-0-1-A","CLOSD","1966 Sheppard Town RD","23039","Goochland","Single Family Residence","10/10/2025","$435,000","$425,000","4","Resale (occupied at least once)","1984","None","1,827","2.00","3","2.0","Well","Septic - Conventional","Conventional","Individuals"
"1001","2521784","828-684-2885","CLOSD","8356 Town Hall CT","23231","Henrico","Single Family Residence","10/10/2025","$499,000","$500,000","43","Resale (occupied at least once)","2018","Turner Forest","3,118","1.11","4","3.0","Well","Septic - Engineered","VA New","Individuals"
"1001","2523882","799-63-58-66-100-000","CLOSD","16003 Tipton CIR","23834","Chesterfield","Single Family Residence","10/10/2025","$286,000","$286,000","12","Resale (occupied at least once)","1991","Wendover Hills","1,008","0.30","3","1.0","Public Water","Sewer - Public","VHDA ","Individuals"
"1001","2513591","7-6-A-6","CLOSD","4501 Roxbury RD","23030","Charles City County","Single Family Residence","10/10/2025","$299,000","$270,000","106","Resale (occupied at least once)","1983","None","","1.24","3","1.1","Well","Septic - Conventional","VA New","Estate, Individuals"
"1001","2522627","808-704-5642","CLOSD","6356 Springcrest LN","23231","Henrico","Single Family Residence","10/10/2025","$365,000","$370,250","10","Resale (occupied at least once)","1995","Darbytown Meadows","1,924","0.18","4","2.1","Public Water","Sewer - Public","FHA New","Individuals"
"1001","2524522","763690334900000","CLOSD","3920 Llewellyn LN","23832","Chesterfield","Single Family Residence","10/10/2025","$369,900","$390,000","5","Resale (occupied at least once)","1976","Creekwood","","0.49","4","2.1","Public Water","Sewer - Public","Conventional","Individuals"
"1001","2523670","28C-1-B-4","CLOSD","2861 Three Bridge RD","23139","Powhatan","Single Family Residence","10/10/2025","$399,999","$385,000","22","Resale (occupied at least once)","1973","Powhatan","","1.00","3","2.0","Well","Septic - Conventional","Conventional","Individuals"
"1001","2516979","Not Yet Assigned","CLOSD","5304 Twisting Vine LN Unit#103","23059","Henrico","Condominium","10/10/2025","$299,650","$299,650","103","New (never occupied)","2025","Twin Hickory","1,116","","1","1.1","Public Water","Sewer - Public","Conventional","Corporate"
"1001","2516575","715680886100000","CLOSD","15730 Canoe Pointe LOOP","23120","Chesterfield","Single Family Residence","10/10/2025","$584,467","$584,467","118","New (never occupied)","2025","Woolridge Landing","1,838","","2","2.0","Public Water","Sewer - Public","Conventional","Corporate"
"1001","2513237","Not Yet Assigned","CLOSD","5305 Twisting Vine LN Unit#104","23059","Henrico","Condominium","10/10/2025","$299,620","$299,620","83","New (never occupied)","2025","Twin Hickory","1,116","","1","1.1","Public Water","Sewer - Public","Cash","Corporate"
"1001","2525807","757-61-87-54-100-000","CLOSD","17530 Chemin RD","23803","Chesterfield","Single Family Residence","10/10/2025","$179,000","$230,000","11","Resale (occupied at least once)","1981","Grayson Estates","1,056","0.46","3","2.0","Well","Septic - Conventional","Conventional","Corporate"
"1001","2518394","798-64-70-38-100-000","CLOSD","13631 Laketree DR","23831","Chesterfield","Single Family Residence","10/10/2025","$375,000","$380,000","69","Resale (occupied at least once)","2003","Forest Lake","2,499","0.27","5","2.1","Public Water","Sewer - Public","FHA New","Individuals"
"1001","2520308","763-764-6180.046","CLOSD","10317 White Marsh RD","23060","Henrico","Condominium","10/10/2025","$499,999","$480,000","53","Resale (occupied at least once)","2004","The Carriage Homes @ Crossridge","2,934","0.16","3","2.1","Public Water","Sewer - Public","Conventional","Individuals"
"1001","2518485","W000-1604-062","CLOSD","3513 Hanover AVE Unit#B","23221","Richmond City","Condominium","10/10/2025","$285,000","$282,500","42","Resale (occupied at least once)","1947","Benedictine Commons","655","2.19","1","1.0","Public Water","Sewer - Public","Conventional","Individuals"
"1001","2524196","730-67-07-84-000-000","CLOSD","13807 Cannonade LN","23112","Chesterfield","Single Family Residence","10/10/2025","$399,000","$395,000","15","Resale (occupied at least once)","1992","Deer Run","1,926","0.36","3","2.1","Public Water","Sewer - Public","Conventional","Individuals"
"1001","2524105","736-69-88-19-400-000","CLOSD","929 Meadowcreek DR","23236","Chesterfield","Single Family Residence","10/10/2025","$450,000","$459,000","5","Resale (occupied at least once)","1989","Smoketree Ridge","2,382","0.32","4","2.1","Public Water","Sewer - Public","Conventional","Individuals"
"1001","2523403","S000-0344-013","CLOSD","1907 Chicago AVE","23224","Richmond City","Single Family Residence","10/10/2025","$235,000","$235,000","11","Resale (occupied at least once)","1948","Manchester","855","0.14","2","1.0","Public Water","Sewer - Public","Conventional","Individuals"
"1001","2523366","N000-0789-007","CLOSD","603 Fourqurean LN","23222","Richmond City","Single Family Residence","10/10/2025","$259,900","$250,000","18","Resale (occupied at least once)","1941","Pelham Park","813","0.15","2","1.1","Public Water","Sewer - Public","Conventional","Individuals"
"1001","2522944","757-72-11-29-600-000","CLOSD","3200 Scherer DR","23235","Chesterfield","Single Family Residence","10/10/2025","$559,900","$510,000","30","Resale (occupied at least once)","1979","Oxford","2,968","0.46","4","3.0","Public Water","Sewer - Public","Conventional","Individuals"
"1001","2509107","699-68-96-94-200-000","CLOSD","18213 Well House TER","23120","Chesterfield","Single Family Residence","10/10/2025","$646,950","$701,698","0","New (never occupied)","2025","Tuckmar Farm","","","3","2.1","Public Water","Sewer - Public","Conventional","Corporate"
"1001","2512300","716679278800000","CLOSD","5555 Riggs DR","23120","Chesterfield","Single Family Residence","10/10/2025","$637,393","$637,393","0","New (never occupied)","2025","Woolridge Landing","1,838","","3","2.0","Public Water","Sewer - Public","Cash","Corporate"
"1001","2520953","713-66-58-03-300-000","CLOSD","8213 Longlands CT","23832","Chesterfield","Single Family Residence","10/10/2025","$685,000","$687,500","1","Resale (occupied at least once)","2012","Harpers Mill","3,977","0.30","6","5.0","Public Water","Septic - Conventional","Conventional","Corporate"
"1001","2516549","801-689-7463","CLOSD","7819 Wilton RD","23231","Henrico","Single Family Residence","10/10/2025","$399,000","$380,000","65","Resale (occupied at least once)","1999","None","1,512","1.01","3","2.1","Well","Septic - Conventional","VA New","Individuals"
"1001","2522859","7778-74-2383","CLOSD","11435 Rose Bowl DR","23059","Hanover","Single Family Residence","10/10/2025","$479,900","$475,000","12","Resale (occupied at least once)","2011","Cedarlea Park","2,206","0.14","4","2.1","Public Water","Sewer - Public","Conventional","Individuals"
"1001","2527068","762-742-1546","CLOSD","7402 Three Chopt RD","23226","Henrico","Single Family Residence","10/10/2025","$349,950","$350,000","4","Resale (occupied at least once)","1963","Buckingham Park","2,306","0.31","4","2.1","Public Water","Sewer - Public","Cash","Individuals"
"1001","2526482","753-749-5802","CLOSD","8702 Claymont DR","23229","Henrico","Single Family Residence","10/10/2025","$335,000","$295,000","10","Resale (occupied at least once)","1962","Windsordale","1,452","0.33","3","2.0","Public Water","Sewer - Public","Cash","Individuals"
"1001","2525478","807-727-5046","CLOSD","913 Wheelwood WAY","23223","Henrico","Single Family Residence","10/10/2025","$359,950","$365,000","4","Resale (occupied at least once)","1999","Huntwood","2,368","0.17","4","2.1","Public Water","Sewer - Public","Conventional","Corporate, Individuals"
"1001","2525209","805-692-7555","CLOSD","1605 New Settlement DR","23231","Henrico","Single Family Residence","10/10/2025","$399,950","$394,950","13","Resale (occupied at least once)","2017","Settlers Ridge","2,261","0.17","2","2.0","Public Water","Sewer - Public","Cash","Individuals"
"1001","2525068","W000-1359-024","CLOSD","12 N Sheppard ST","23221","Richmond City","Single Family Residence","10/10/2025","$599,900","$595,000","8","Resale (occupied at least once)","1922","None","1,938","0.04","3","1.1","Public Water","Sewer - Public","Cash","Relocation"
"1001","2524950","742-68-51-92-000-000","CLOSD","11600 Genito RD","23112","Chesterfield","Single Family Residence","10/10/2025","$329,900","$314,950","3","Resale (occupied at least once)","1971","Lake Genito","1,431","0.44","3","2.0","Public Water","Sewer - Public","Cash","Corporate"
"1001","2524114","733-72-00-68-600-000","CLOSD","3000 River Hills TER","23113","Chesterfield","Single Family Residence","10/10/2025","$799,900","$855,000","4","Resale (occupied at least once)","1980","James River West","3,448","1.22","4","3.1","Public Water","Septic - Conventional","Conventional","Individuals"
"1001","2523998","8725-81-3205","CLOSD","6336 Creekway CT","23111","Hanover","Single Family Residence","10/10/2025","$545,000","$550,000","8","Resale (occupied at least once)","2005","Pebble Creek","3,818","0.31","6","3.1","Public Water","Sewer - Public","Conventional","Corporate"
"1001","2523981","67-1-0-10-A","CLOSD","12653 River RD","23238","Goochland","Single Family Residence","10/10/2025","$1,049,000","$1,250,000","3","Resale (occupied at least once)","2014","None","3,246","1.33","4","3.1","Public Water","Septic - Conventional","Cash","Individuals"
"1001","2523909","743-763-1981","CLOSD","11628 Hainesland DR","23060","Henrico","Single Family Residence","10/10/2025","$799,000","$799,000","6","Resale (occupied at least once)","2016","Dalton Park At Sadler Walk","4,524","0.28","5","3.1","Public Water","Sewer - Public","Conventional","Individuals"
"1001","2523846","761-70-21-99-100-000","CLOSD","7816 Marthaven DR","23235","Chesterfield","Single Family Residence","10/10/2025","$254,900","$259,000","16","Resale (occupied at least once)","1957","Butthaven","780","0.35","2","1.0","Public Water","Septic - Conventional","Conventional","Corporate"
"1001","2523793","7832-88-3601","CLOSD","15425 Pine Green LN","23192","Hanover","Single Family Residence","10/10/2025","$499,000","$507,000","5","Resale (occupied at least once)","1992","Pinehurst","","2.30","3","2.1","Well","Septic - Conventional","Cash","Individuals"
"1001","2523726","743-765-4394","CLOSD","4817 Cobblestone Landing PL","23059","Henrico","Single Family Residence","10/10/2025","$549,900","$626,000","7","Resale (occupied at least once)","2005","Cobblestone Landing @ Twin Hickory","4,111","0.39","6","4.0","Public Water","Sewer - Public","Conventional","REO"
"1001","2523267","W019-0304-010","CLOSD","15 Maxwell RD","23226","Richmond City","Single Family Residence","10/10/2025","$1,275,000","$1,350,000","8","Resale (occupied at least once)","1935","Elderslie Place","4,387","0.33","4","3.1","Public Water","Sewer - Public","Cash","Individuals"
"1001","2523216","778-746-7276","CLOSD","2622 Fernhill AVE","23228","Henrico","Single Family Residence","10/10/2025","$299,900","$305,000","4","Resale (occupied at least once)","1950","Hermitage Park","1,210","0.07","3","1.0","Public Water","Sewer - Public","Conventional","Individuals"
"1001","2522924","752-68-86-38-200-000","CLOSD","9058 Amberhill LOOP","23236","Chesterfield","Townhouse","10/10/2025","$499,500","$499,500","10","Resale (occupied at least once)","2005","Amberleigh","2,210","0.10","3","2.1","Public Water","Sewer - Public","Cash","Individuals"
"1001","2522770","741-754-6680","CLOSD","2406 Islandview DR","23233","Henrico","Single Family Residence","10/10/2025","$785,000","$805,000","6","Resale (occupied at least once)","1985","Lake Loreine","4,328","0.53","4","2.1","Public Water","Sewer - Public","Conventional","Individuals, Relocation"
"1001","2522753","776-67-08-12-900-000","CLOSD","5607 English Setter CT","23237","Chesterfield","Single Family Residence","10/10/2025","$300,000","$300,000","43","Resale (occupied at least once)","1978","Huntingcreek Hills","1,056","0.24","3","2.0","Public Water","Sewer - Public","Conventional","Corporate"
"1001","2522695","750-774-0057","CLOSD","4949 Riverplace CT","23059","Henrico","Single Family Residence","10/10/2025","$825,000","$825,000","5","Resale (occupied at least once)","2003","Rivers Edge At Wyndham Forest","3,872","0.29","5","4.1","Public Water","Sewer - Public","Conventional","Individuals"
"1001","2522672","787-64-86-37-100-000","CLOSD","4700 Split Creek CT","23831","Chesterfield","Single Family Residence","10/10/2025","$394,950","$394,950","12","Resale (occupied at least once)","1987","Holly Creek","2,200","0.44","4","2.1","Public Water","Septic - Conventional","Conventional","Individuals"
"1001","2522602","19C  2EB  21","CLOSD","7847 Timber DR","23141","New Kent","Single Family Residence","10/10/2025","$350,000","$368,000","5","Resale (occupied at least once)","1980","Brookwood Manor","3,832","0.50","4","2.0","Public Water","Septic - Conventional","Conventional","Individuals"
"1001","2521698","W000-1774-004","CLOSD","3913 Hanover AVE","23221","Richmond City","Single Family Residence","10/10/2025","$735,000","$700,000","31","Resale (occupied at least once)","1928","Grove Avenue Crest","2,329","0.15","4","1.1","Public Water","Sewer - Public","Conventional","Individuals"
"1001","2521593","726-65-90-67-900-000","CLOSD","13413 Prince James DR","23832","Chesterfield","Single Family Residence","10/10/2025","$549,900","$540,000","40","Resale (occupied at least once)","2006","The Woods At Summerford","3,378","0.45","4","3.1","Public Water","Sewer - Public","VA New","Individuals"
"1001","2521437","762-766-8062","CLOSD","5108 Topping LN","23060","Henrico","Single Family Residence","10/10/2025","$625,000","$642,500","6","Resale (occupied at least once)","2003","Oaks At Crossridge","2,908","0.42","4","2.0","Public Water","Sewer - Public","Conventional","Individuals"
"1001","2521174","749-69-79-73-700-000","CLOSD","1213 Wycliff CT","23236","Chesterfield","Single Family Residence","10/10/2025","$465,000","$455,000","9","Resale (occupied at least once)","2001","The Meadows","2,317","0.86","4","2.1","Public Water","Sewer - Public","FHA New","Individuals"
"1001","2520908","746-769-2095.049","CLOSD","5217 Belva RD","23059","Henrico","Condominium","10/10/2025","$799,000","$799,000","3","Resale (occupied at least once)","2012","Bellingham @ Twin Hickory","3,847","","4","3.1","Public Water","Sewer - Public","Cash","Individuals"
"1001","2520226","8725-08-5977","CLOSD","7770 Millikin LN","23116","Hanover","Single Family Residence","10/10/2025","$654,900","$645,000","34","Resale (occupied at least once)","2020","Bishops Park","3,436","0.21","5","4.0","Public Water","Sewer - Public","Conventional","Individuals"
"1001","2520068","7186625430","CLOSD","8500 Payter CT","23832","Chesterfield","Single Family Residence","10/10/2025","$629,940","$629,940","59","New (never occupied)","2025","Harpers Mill","","0.03","4","4.1","Public Water","Sewer - Public","Conventional","Other"
"1001","2519695","764-767-2402","CLOSD","3412 Katy Brooke CT","23060","Henrico","Single Family Residence","10/10/2025","$799,999","$770,000","56","Resale (occupied at least once)","2005","Meadow Farms","4,607","0.55","5","3.1","Public Water","Sewer - Public","Conventional","Individuals"
"1001","2519299","781-61-55-30-000-000","CLOSD","6018 Glencadam RD","23803","Chesterfield","Single Family Residence","10/10/2025","$210,000","$217,000","1","Resale (occupied at least once)","2002","Oak Forest Estates","1,032","0.31","3","2.0","Public Water","Sewer - Public","Cash","Individuals"
"1001","2518818","786-68-93-10-600-067","CLOSD","5220 Castlewood RD Unit#E","23234","Chesterfield","Condominium","10/10/2025","$159,900","$155,000","54","Resale (occupied at least once)","1968","Tree Top Condominium","1,043","","3","1.1","Public Water","Sewer - Public","Conventional","Corporate"
"1001","2517594","22A10 2 1 57","CLOSD","7833 Arbor Ponds CT","23124","New Kent","Single Family Residence","10/10/2025","$429,950","$422,000","79","Resale (occupied at least once)","2017","The Arbors At New Kent Winery","","0.25","3","2.1","Public Water","Sewer - Public","VA New","Individuals"
"1001","2517231","W021-0139-047","CLOSD","5900 Patterson AVE Unit#U22","23226","Richmond City","Condominium","10/10/2025","$259,900","$259,900","28","Resale (occupied at least once)","1969","Chalet Condominiums","1,188","0.86","3","2.1","Public Water","Sewer - Public","Conventional","Corporate"
"1001","2516936","774-744-3490.141","CLOSD","21 Rock Garden LN","23228","Henrico","Condominium","10/10/2025","$135,000","$125,000","13","Resale (occupied at least once)","1962","Hamlet Condominium","923","0.02","2","1.1","Public Water","Sewer - Public","Cash","Estate, Individuals"
"1001","2515484","C009-0199-004","CLOSD","3200 Kenyon AVE","23224","Richmond City","Single Family Residence","10/10/2025","$199,999","$165,000","96","Resale (occupied at least once)","1947","Mcguire Village","785","0.25","2","1.0","Public Water","Sewer - Public","FHA New","Partnership"
"1001","2511982","716712364100000","CLOSD","501 Golden Haze ALY Unit#16-1","23113","Chesterfield","Townhouse","10/10/2025","$639,151","$643,954","65","New (never occupied)","2025","Edge at Westchester","2,852","","4","3.1","Public Water","Sewer - Public","Conventional","Corporate"
"1001","2511646","S0000360002","CLOSD","2033 Tobacco Mill ST","23225","Richmond City","Townhouse","10/10/2025","$399,950","$395,000","130","Resale (occupied at least once)","2021","Belle Heights","","","3","2.1","Public Water","Sewer - Public","Conventional","Individuals"
"1001","2508944","760-67-74-07-600-000","CLOSD","6012 Scotts Bluff WAY","23832","Chesterfield","Single Family Residence","10/10/2025","$450,000","$442,000","57","Resale (occupied at least once)","2015","Cascade Creek","","0.32","3","2.1","Public Water","Sewer - Public","Conventional","Individuals"
"1001","2508013","850-690-6303","CLOSD","7928 Glendale Estates DR","23231","Henrico","Single Family Residence","10/10/2025","$488,500","$456,000","128","New (never occupied)","2025","Glendale Estates","","1.03","4","2.1","Well","Septic - Engineered","Cash","Corporate"
"1001","2507610","E000-0437-018","CLOSD","2610 E Broad ST","23223","Richmond City","Single Family Residence","10/10/2025","$1,795,000","$1,710,000","148","Resale (occupied at least once)","1860","None","6,720","0.26","5","3.2","Public Water","Sewer - Public","Conventional","Individuals"
"1001","2506125","100700","CLOSD","5457 Pine Needles CT","23140","New Kent","Single Family Residence","10/10/2025","$647,400","$653,955","19","New (never occupied)","2025","Brickshire","3,726","0.89","4","3.1","Public Water","Sewer - Public","Conventional","Corporate"
"1001","2506107","S0000007045","CLOSD","404 W 6th ST","23224","Richmond City","Townhouse","10/10/2025","$869,000","$850,000","141","New (never occupied)","2025","Manchester","2,700","","3","2.1","Public Water","Sewer - Public","Conventional","Corporate"
"1001","2523390","720-68-70-47-800-000","CLOSD","2505 Sailboat PL","23112","Chesterfield","Single Family Residence","10/11/2025","$465,000","$465,000","5","Resale (occupied at least once)","2007","Edgewater At The Reservoir","2,092","0.17","3","2.1","Public Water","Sewer - Public","Conventional","Individuals"
"1001","BRTVAHN2001030","735-748-5414","CLOSD","11809 Goodwick SQ","23238","Henrico","Single Family Residence","10/13/2025","$425,000","$420,000","36","Resale (occupied at least once)","1980","NONE AVAILABLE","2,257","0.00","4","4.0","Public Water","Public Sewer On Site","",""
"1001","2514985","725-65-91-95-800-000","CLOSD","9401 Orchid TER","23832","Chesterfield","Single Family Residence","10/13/2025","$530,000","$525,000","30","Resale (occupied at least once)","2003","The Woods At Summerford","2,744","0.34","4","2.1","Public Water","Sewer - Public","Cash","Individuals"
"1001","2522054","778-65-52-21-600-000","CLOSD","5607 Arbor Point TER","23831","Chesterfield","Single Family Residence","10/13/2025","$410,000","$418,000","19","Resale (occupied at least once)","2002","Arbor Landing","2,380","0.22","4","2.1","Public Water","Sewer - Public","VA New","Individuals"
"1001","2522090","781-756-5960.372","CLOSD","1530 Skirmish Run DR","23228","Henrico","Townhouse","10/13/2025","$239,000","$245,000","29","Resale (occupied at least once)","1980","Stonewall Manor Condominiums","1,041","","3","1.1","Public Water","Sewer - Public","Conventional","Individuals"
"1001","2503165","7870-65-4540","CLOSD","254 Amburn LN","23005","Hanover","Townhouse","10/13/2025","$481,990","$487,280","0","New (never occupied)","2025","Amburn","2,545","","3","2.1","Public Water","Sewer - Public","Conventional","Corporate"
"1001","2527152","31        12H","CLOSD","5355 Pocahontas TRL","23140","New Kent","Single Family Residence","10/13/2025","$539,950","$545,000","6","Resale (occupied at least once)","1999","None","7,530","2.00","3","2.1","Well","Septic - Conventional","Cash","Individuals"
"1001","2526105","43-1-0-28-B","CLOSD","1722 Maidens RD","23102","Goochland","Single Family Residence","10/13/2025","$325,000","$325,000","3","Resale (occupied at least once)","1974","None","960","3.02","3","1.0","Well","Sewer - Public","FHA New","Individuals"
"1001","2524852","7870-41-2366","CLOSD","118 Beverly RD","23005","Hanover","Single Family Residence","10/13/2025","$725,000","$740,000","3","Resale (occupied at least once)","1960","Loving Heights","3,893","1.17","5","3.0","Public Water","Sewer - Public","Conventional","Individuals"
"1001","2522118","22A14 3   204","CLOSD","7748 Baron Berkley LN","23124","New Kent","Townhouse","10/13/2025","$309,950","$301,000","46","Resale (occupied at least once)","2022","Four Seasons At New Kent","2,974","0.06","3","2.1","Public Water","Sewer - Public","Cash","Individuals"
"1001","2519673","S000-2923-035","CLOSD","4018 #6 FOREST HILL AVE Unit#U6","23225","Richmond City","Condominium","10/13/2025","$164,500","$162,000","46","Resale (occupied at least once)","1955","Forest Oaks Condominiums","684","3.80","2","1.0","Public Water","Sewer - Public","Cash","Individuals"
"1001","2518412","S000-0801-016","CLOSD","319 W 27th ST","23225","Richmond City","Single Family Residence","10/13/2025","$375,000","$325,000","68","Resale (occupied at least once)","1920","Woodland Heights","2,016","0.11","4","2.0","Public Water","Sewer - Public","Private","Individuals"
"1001","2517994","7719-20-1730","CLOSD","17605 Underwood CT","23146","Hanover","Single Family Residence","10/13/2025","$1,049,000","$1,000,000","61","Resale (occupied at least once)","2005","Carrington Glen","4,012","1.82","5","3.0","Well","Septic - Conventional","Conventional","Individuals"
"1001","2500338","8708-31-1042","CLOSD","7048 Anderson CT","23116","Hanover","Single Family Residence","10/13/2025","$936,411","$1,037,059","10","New (never occupied)","2025","Hanover Hills Small Farms","3,359","1.03","4","3.1","Well","Septic - Conventional","Conventional","Corporate"
"1001","REIN10604162","31        12H","CLOSD","5355 Pocahontas TRL","23140","New Kent","Single Family Residence","10/13/2025","$539,950","$545,000","5","Resale (occupied at least once)","1999","ALL OTHERS AREA 140","1,967","2.00","3","3.0","Well","Septic","",""
"1001","BRTVACF2001152","725659195800000","CLOSD","9401 Orchid TER","23832","Chesterfield","Single Family Residence","10/13/2025","$530,000","$525,000","30","Resale (occupied at least once)","2003","THE WOODS AT SUMMERFORD","2,744","0.34","4","3.0","Public Water","Public Sewer On Site","",""
"1001","2518851","W019-0235-006","CLOSD","4411 Leonard PKY","23221","Richmond City","Single Family Residence","10/14/2025","$520,000","$470,000","72","Resale (occupied at least once)","1947","Colonial Place","1,321","0.11","3","3.0","Public Water","Sewer - Public","Conventional","Individuals"
"1001","2506157","759646952300000","CLOSD","12054 Buckrudy TER","23838","Chesterfield","Single Family Residence","10/14/2025","$689,405","$695,585","0","New (never occupied)","2025","The Highlands","4,035","","5","2.1","Public Water","Septic - Conventional","VA New","Corporate"
"1001","2523992","740-754-2960","CLOSD","10902 Parkshire LN","23233","Henrico","Townhouse","10/14/2025","$479,000","$479,000","21","Resale (occupied at least once)","2016","Shire Place","2,817","0.04","3","2.2","Public Water","Sewer - Public","FHA New","Individuals"
"1001","2506805","834-712-4371","CLOSD","268 Greenpark RD","23150","Henrico","Townhouse","10/14/2025","$375,875","$365,875","0","New (never occupied)","2025","Parkside Townes","1,540","","4","3.1","Public Water","Sewer - Public","FHA New","Corporate"
"1001","2525251","N017-0549-034","CLOSD","1927 Wilmington AVE","23227","Richmond City","Single Family Residence","10/14/2025","$450,000","$437,500","9","Resale (occupied at least once)","1951","Cheverly","1,616","0.18","4","2.0","Public Water","Sewer - Public","Conventional","Individuals"
"1001","2523877","C001-0525-042","CLOSD","4110 Southaven RD","23235","Richmond City","Single Family Residence","10/14/2025","$550,000","$570,000","12","Resale (occupied at least once)","1966","Huguenot Farms","3,567","0.71","4","2.1","Public Water","Sewer - Public","Conventional","Individuals"
"1001","2523076","797-64-58-75-000-000","CLOSD","14106 Kentwood Forest DR","23831","Chesterfield","Single Family Residence","10/14/2025","$399,900","$410,000","7","Resale (occupied at least once)","1999","Kentwood Forest","2,399","0.24","4","2.1","Public Water","Sewer - Public","Cash","Corporate"
"1001","2523826","797-63-57-14-900-000","CLOSD","3105 Lalonde DR","23831","Chesterfield","Single Family Residence","10/14/2025","$290,000","$290,000","13","Resale (occupied at least once)","1985","Millcreek","1,200","0.31","3","1.1","Public Water","Sewer - Public","Conventional","Individuals"
"1001","2521486","783-65-82-59-200-000","CLOSD","10703 Kriserin CIR","23831","Chesterfield","Single Family Residence","10/14/2025","$589,900","$585,000","43","Resale (occupied at least once)","1994","Wellington Farms","2,703","0.66","4","3.1","Public Water","Sewer - Public","FHA New","Individuals"
"1001","2523032","760-68-65-42-800-000","CLOSD","4633 Newbys Bridge RD","23832","Chesterfield","Single Family Residence","10/14/2025","$270,000","$237,000","18","Resale (occupied at least once)","1978","Glen Wood","1,496","0.31","3","2.1","Public Water","Sewer - Public","Conventional","Individuals"
"1001","2524607","752-71-00-72-900-000","CLOSD","9743 Snowhill RD","23235","Chesterfield","Single Family Residence","10/14/2025","$485,000","$480,000","11","Resale (occupied at least once)","1986","Brighton Green West","3,034","0.30","5","2.1","Public Water","Sewer - Public","Conventional","Individuals"
"1001","2519750","786661506100000","CLOSD","4331 Ganymede DR","23831","Chesterfield","Single Family Residence","10/14/2025","$505,000","$500,000","69","Resale (occupied at least once)","2019","Centralia Station","","","4","2.1","Public Water","Sewer - Public","Cash","Individuals"
"1001","2525513","768-760-9151.151","CLOSD","9367 Brighter Tower CT Unit#1307","23060","Henrico","Condominium","10/14/2025","$199,500","$199,500","2","Resale (occupied at least once)","1988","Laurel Lakes Condo","971","22.49","2","2.0","Public Water","Sewer - Public","Cash","Individuals"
"1001","2501938","8706-08-4915","CLOSD","9541 Thornecrest DR","23116","Hanover","Single Family Residence","10/14/2025","$599,900","$599,900","11","Resale (occupied at least once)","2017","Cool Spring West","","0.18","4","3.0","Public Water","Sewer - Public","FHA New","Individuals"
"1001","2432389","TBD","CLOSD","18201 Well House TER","23120","Chesterfield","Single Family Residence","10/14/2025","$693,950","$768,955","0","New (never occupied)","2025","Tuckmar Farm","2,958","","4","3.1","Public Water","Sewer - Public","Conventional","Corporate"
"1001","2526056","744-758-8221","CLOSD","11305 Markham CT","23233","Henrico","Single Family Residence","10/14/2025","$719,950","$786,000","6","Resale (occupied at least once)","1990","Church Run","3,324","0.21","4","2.1","Public Water","Sewer - Public","Conventional","Individuals"
"1001","2525961","774-765-1434","CLOSD","10416 Servo DR","23060","Henrico","Single Family Residence","10/14/2025","$499,000","$520,000","7","Resale (occupied at least once)","2014","Woodman Glen","2,400","0.25","3","2.1","Public Water","Sewer - Public","Conventional","Individuals"
"1001","2525613","8715-69-9428","CLOSD","7323 Dress Blue CIR","23116","Hanover","Condominium","10/14/2025","$409,900","$410,000","2","Resale (occupied at least once)","2005","None","1,751","0.01","3","2.0","Public Water","Sewer - Public","Cash","Individuals"
"1001","2525600","775-761-0595","CLOSD","1811 Navion ST","23228","Henrico","Single Family Residence","10/14/2025","$385,000","$392,000","6","Resale (occupied at least once)","1961","Woodman Terrace","","0.33","3","2.0","Public Water","Sewer - Public","Conventional","Individuals"
"1001","2525387","S000-0701-003","CLOSD","514 W 25th ST","23225","Richmond City","Single Family Residence","10/14/2025","$649,950","$630,000","14","Resale (occupied at least once)","1922","Woodland Heights","5,304","0.17","4","2.1","Public Water","Sewer - Public","Cash","Individuals"
"1001","2525091","733-71-73-27-200-000","CLOSD","12802 Olde King LN","23113","Chesterfield","Single Family Residence","10/14/2025","$768,000","$800,000","4","Resale (occupied at least once)","1991","Roxshire","3,314","0.90","5","3.1","Public Water","Sewer - Public","Conventional","Individuals"
"1001","2524694","8715-96-6937","CLOSD","8101 Janice AVE","23111","Hanover","Single Family Residence","10/14/2025","$415,000","$415,000","9","Resale (occupied at least once)","2012","Meredith Place","1,554","0.13","2","2.0","Public Water","Sewer - Public","Conventional","Estate, Individuals"
"1001","2524546","734-72-30-60-200-000","CLOSD","13001 Sodbury DR","23113","Chesterfield","Single Family Residence","10/14/2025","$925,000","$950,000","3","Resale (occupied at least once)","2017","Tarrington","4,038","0.61","5","3.1","Public Water","Sewer - Public","Conventional","Individuals"
"1001","2524529","760-763-6174","CLOSD","9004 Kellywood CT","23060","Henrico","Single Family Residence","10/14/2025","$399,950","$405,000","2","Resale (occupied at least once)","1981","Dunncroft","1,632","0.22","3","2.1","Public Water","Sewer - Public","Conventional","Individuals"
"1001","2524463","837-689-8821","CLOSD","7861 Bradbury RD","23231","Henrico","Single Family Residence","10/14/2025","$379,000","$386,050","2","Resale (occupied at least once)","1985","None","1,512","1.00","3","2.0","Well","Septic - Conventional","Conventional","Individuals"
"1001","2524173","C005-0727-024","CLOSD","5249 Reedy AVE","23225","Richmond City","Single Family Residence","10/14/2025","$315,000","$330,000","4","Resale (occupied at least once)","1950","Forest View Heights","1,092","0.34","3","1.0","Public Water","Sewer - Public","Conventional","Individuals"
"1001","2523430","794-65-02-44-000-000","CLOSD","12933 Percival ST","23831","Chesterfield","Single Family Residence","10/14/2025","$375,000","$375,000","3","Resale (occupied at least once)","1996","Chester","1,436","0.68","3","2.0","Public Water","Sewer - Public","Cash","Individuals"
"1001","2523221","W000-1039-043","CLOSD","101 N Stafford AVE Unit#U2","23220","Richmond City","Condominium","10/14/2025","$350,000","$350,000","6","Resale (occupied at least once)","1914","None","1,140","0.03","2","2.0","Public Water","Sewer - Public","Cash","Individuals"
"1001","2522541","737679954100059","CLOSD","3815 Maze Runner DR","23112","Chesterfield","Condominium","10/14/2025","$243,090","$243,090","36","New (never occupied)","2025","Wescott","1,116","","1","1.1","Public Water","Sewer - Public","Conventional","Corporate"
"1001","2522263","758-750-9251","CLOSD","8409 Marroit RD","23229","Henrico","Single Family Residence","10/14/2025","$425,000","$415,000","5","Resale (occupied at least once)","1969","West Lawn","2,845","0.31","5","3.0","Public Water","Sewer - Public","Conventional","Estate"
"1001","2521769","W000-0298-027","CLOSD","612 W Franklin ST Unit#U2F","23220","Richmond City","Condominium","10/14/2025","$199,950","$185,000","40","Resale (occupied at least once)","1927","Prestwould Condominiums","680","0.82","1","1.0","Public Water","Sewer - Public","Cash","Individuals"
"1001","2520738","771-67-98-94-000-000","CLOSD","6700 Old Zion Hill RD","23234","Chesterfield","Single Family Residence","10/14/2025","$344,900","$344,900","8","Resale (occupied at least once)","2010","Kings Forest","1,404","0.20","3","2.0","Public Water","Sewer - Public","Conventional","Individuals"
"1001","2520442","28B  2    59","CLOSD","8241 Virginia AVE","23181","New Kent","Single Family Residence","10/14/2025","$249,950","$253,000","8","Resale (occupied at least once)","1965","None","5,609","0.92","3","3.0","Well","Septic - Conventional","Conventional","Individuals"
"1001","2517062","7787-47-0305","CLOSD","10520 Stony Bluff DR Unit#305","23005","Hanover","Condominium","10/14/2025","$245,000","$241,000","70","Resale (occupied at least once)","2021","Stony Run","","0.10","1","1.0","Public Water","Sewer - Public","Conventional","Corporate, REO"
"1001","2502156","E000-0732-020","CLOSD","210 N 32nd ST","23223","Richmond City","Single Family Residence","10/14/2025","$674,900","$632,500","203","Resale (occupied at least once)","1896","Chimborazo","3,690","0.05","4","3.2","Public Water","Sewer - Public","Other","Other"
"1001","REIN10599904","837-689-8821","CLOSD","7861 Bradbury RD","23231","Henrico","Single Family Residence","10/14/2025","$379,000","$386,050","1","Resale (occupied at least once)","1985","ALL OTHERS AREA 150","1,512","1.00","3","2.0","Well","Septic","",""
"1001","REIN10595336","824-693-4373","CLOSD","7087 Shining Armor DR","23231","Henrico","Single Family Residence","10/14/2025","$524,800","$524,800","38","Resale (occupied at least once)","2023","ALL OTHERS AREA 150","2,701","0.22","4","3.0","Public Water","Public Sewer On Site","",""
"1001","BRTVAHA2001028","7843-63-5155","CLOSD","14341 Herdsmans WAY","23015","Hanover","Single Family Residence","10/14/2025","$749,990","$749,990","28","New (never occupied)","2025","NONE AVAILABLE","3,454","1.51","4","4.0","Well","Septic","",""
"1001","2514707","016D-1-23","CLOSD","3397 Manor Oaks DR","23139","Powhatan","Single Family Residence","10/15/2025","$1,450,000","$1,400,000","57","Resale (occupied at least once)","2018","Oak Leaf Section 1","6,900","2.94","4","5.1","Well","Septic - Conventional","Cash","Individuals"
"1001","2431751","700-68-90-77-300-000","CLOSD","18225 Red Barn CT","23120","Chesterfield","Single Family Residence","10/15/2025","$676,950","$825,749","0","New (never occupied)","2025","Tuckmar Farm","3,428","","5","4.1","Public Water","Sewer - Public","Conventional","Corporate"
"1001","2505582","7843-63-5155","CLOSD","14341 Herdsmans WAY","23015","Hanover","Single Family Residence","10/15/2025","$748,990","$749,990","147","New (never occupied)","2025","Sheppards Fold","","1.51","4","3.1","Well","Septic - Conventional","VA New","Corporate"
"1001","2513387","Not Yet Assigned","CLOSD","3845 Kinalin LN","23234","Richmond City","Single Family Residence","10/15/2025","$425,615","$425,615","0","New (never occupied)","2025","Kinwick","2,185","","3","2.1","Public Water","Sewer - Public","Conventional","Corporate"
"1001","2523984","729-72-34-99-700-000","CLOSD","13601 Riverton DR","23113","Chesterfield","Single Family Residence","10/15/2025","$550,000","$520,000","9","Resale (occupied at least once)","1995","Riverton","2,198","0.45","4","2.1","Public Water","Sewer - Public","Conventional","Individuals"
"1001","2517177","758-760-5086","CLOSD","4017 Bayapple DR","23294","Henrico","Single Family Residence","10/15/2025","$399,000","$399,000","42","Resale (occupied at least once)","2000","Park West","1,849","0.16","2","2.0","Public Water","Sewer - Public","VA New","Individuals"
"1001","2517708","741-67-93-65-200-000","CLOSD","4913 Bailey Woods LN","23112","Chesterfield","Single Family Residence","10/15/2025","$424,950","$419,998","77","New (never occupied)","2025","Cosby Estates","","0.14","3","2.1","Public Water","Sewer - Public","Conventional","Corporate"
"1001","2505311","740-766-2804","CLOSD","5304 Twisting Vine LN Unit#201","23059","Henrico","Condominium","10/15/2025","$375,695","$375,695","98","New (never occupied)","2025","Twin Hickory","1,116","","2","2.0","Public Water","Sewer - Public","Conventional","Corporate"
"1001","2519051","C0090762001","CLOSD","3357 Hopkins RD","23234","Richmond City","Townhouse","10/15/2025","$312,013","$312,013","8","New (never occupied)","2025","Kinwick","1,318","","3","2.1","Public Water","Sewer - Public","Conventional","Corporate"
"1001","2518474","7779-71-1566","CLOSD","12071 Meriturn PL","23005","Hanover","Single Family Residence","10/15/2025","$1,031,500","$960,000","39","Resale (occupied at least once)","1999","Littlepages Resub","3,419","9.33","3","3.1","Well","Septic - Conventional","Conventional","Individuals"
"1001","2518044","727-70-20-48-800-000","CLOSD","566 Abbey Village CIR","23114","Chesterfield","Townhouse","10/15/2025","$395,950","$395,950","64","Resale (occupied at least once)","2011","Abbey Village @ Charter Colony","2,711","0.07","3","3.1","Public Water","Sewer - Public","FHA New","Other"
"1001","2524513","7787-37-4302","CLOSD","10530 Stony Bluff DR Unit#302","23005","Hanover","Condominium","10/15/2025","$360,000","$360,000","0","New (never occupied)","2024","Stony Run","1,346","","2","2.0","Public Water","Sewer - Public","Cash","Corporate"
"1001","2518444","741-67-93-95-500-000","CLOSD","4909 Bailey Woods LN","23112","Chesterfield","Single Family Residence","10/15/2025","$384,950","$384,950","66","New (never occupied)","2025","Cosby Estates","","0.14","3","2.1","Public Water","Sewer - Public","FHA New","Corporate"
"1001","2525155","W000-2026-017","CLOSD","4509 W Franklin ST","23221","Richmond City","Single Family Residence","10/15/2025","$599,950","$599,950","2","Resale (occupied at least once)","1947","Colonial Place","1,667","0.14","3","2.1","Public Water","Sewer - Public","Cash","Individuals"
"1001","2522537","836-715-8741","CLOSD","1803 Old Williamsburg RD","23150","Henrico","Single Family Residence","10/15/2025","$279,950","$275,000","3","Resale (occupied at least once)","1953","Pine Heights","1,329","0.48","3","1.0","Public Water","Septic - Conventional","Conventional","Corporate, Individuals"
"1001","2525248","726-72-08-61-000-000","CLOSD","2901 Mount Hill DR","23113","Chesterfield","Single Family Residence","10/15/2025","$764,900","$764,900","9","Resale (occupied at least once)","1981","Salisbury","2,892","0.96","5","2.1","Public Water","Sewer - Public","Conventional","Individuals"
"1001","2523956","764-763-7553","CLOSD","3406 Lanceor DR","23060","Henrico","Single Family Residence","10/15/2025","$379,000","$380,000","23","Resale (occupied at least once)","1958","Courtney","1,456","0.37","3","2.0","Public Water","Sewer - Public","Conventional","Individuals"
"1001","2521921","739-68-97-28-900-000","CLOSD","12125 Iverson CT","23112","Chesterfield","Single Family Residence","10/15/2025","$350,000","$350,000","26","Resale (occupied at least once)","1989","Clarendon","1,324","0.30","4","2.0","Public Water","Sewer - Public","FHA New","Individuals"
"1001","2522738","S000-2290-010","CLOSD","101 E 35th ST","23224","Richmond City","Single Family Residence","10/15/2025","$289,000","$281,190","10","Resale (occupied at least once)","1941","None","879","0.17","4","1.1","Public Water","Sewer - Public","Conventional","Individuals"
"1001","2524647","770-66-35-58-500-000","CLOSD","7006 W Fox Green","23832","Chesterfield","Townhouse","10/15/2025","$235,000","$237,500","4","Resale (occupied at least once)","1987","Branchs Trace","1,008","0.04","2","1.1","Public Water","Sewer - Public","Conventional","Individuals"
"1001","2526002","830-712-3067","CLOSD","408 PENLEY AVE","23150","Henrico","Single Family Residence","10/15/2025","$259,900","$259,000","12","Resale (occupied at least once)","1958","Lee Park","","","3","1.0","Public Water","Sewer - Public","FHA New","Individuals"
"1001","2524495","778-746-2673","CLOSD","2707 Parkside AVE","23228","Henrico","Single Family Residence","10/15/2025","$282,000","$287,000","5","Resale (occupied at least once)","1982","Hermitage Park","980","0.17","3","1.0","Public Water","Sewer - Public","FHA New","Estate, Individuals"
"1001","2523064","765-69-20-91-500-000","CLOSD","3440 Egan RD","23832","Chesterfield","Single Family Residence","10/15/2025","$305,000","$300,000","12","Resale (occupied at least once)","1979","Belmont Hills West","1,372","0.30","3","2.0","Public Water","Sewer - Public","Conventional","Individuals"
"1001","2516751","N0001793087","CLOSD","3446 Carlton ST Unit#6-8A","23230","Richmond City","Condominium","10/15/2025","$554,230","$554,230","74","New (never occupied)","2025","Mason Yards","2,516","","4","3.0","Public Water","Sewer - Public","Conventional","Corporate"
"1001","2514659","830-726-5235","CLOSD","1799 N Washington ST","23075","Henrico","Single Family Residence","10/15/2025","$315,000","$322,000","97","Resale (occupied at least once)","1944","Acreage","1,409","0.91","3","2.0","Well","Septic - Conventional","FHA New","Individuals"
"1001","2524850","753-765-4014","CLOSD","4508 Vienna Woods PL","23060","Henrico","Single Family Residence","10/15/2025","$405,000","$409,000","15","Resale (occupied at least once)","1989","The Woods At Innsbrook","1,486","0.26","3","2.1","Public Water","Sewer - Public","FHA New","Individuals"
"1001","2524613","19G12A 4  14","CLOSD","2399 Prince Andrew CT Unit#14","23141","New Kent","Condominium","10/15/2025","$299,950","$298,000","9","Resale (occupied at least once)","2008","Cumberland","3,213","0.07","3","2.1","Public Water","Sewer - Public","Conventional","Individuals"
"1001","2523254","766-68-94-44-800-000","CLOSD","6914 Windy Creek TER","23832","Chesterfield","Single Family Residence","10/15/2025","$414,950","$414,950","21","Resale (occupied at least once)","2014","Windy Creek","2,424","0.28","4","2.1","Public Water","Sewer - Public","Conventional","Individuals"
"1001","2523067","58-46-0-8-0","CLOSD","1657 Centerville Parke LN","23103","Goochland","Single Family Residence","10/15/2025","$711,777","$725,000","4","Resale (occupied at least once)","2009","The Parke At Centerville","2,989","0.27","3","2.1","Public Water","Sewer - Public","Conventional","Individuals"
"1001","2507270","C004-0289-008","CLOSD","7717 Comanche DR","23225","Richmond City","Single Family Residence","10/15/2025","$599,950","$599,950","60","Resale (occupied at least once)","1959","Cherokee Farms","2,175","0.42","3","2.0","Public Water","Sewer - Public","Conventional","Individuals"
"1001","2517635","746-69-72-43-000-000","CLOSD","1200 Hybla RD","23236","Chesterfield","Single Family Residence","10/15/2025","$409,900","$400,000","67","Resale (occupied at least once)","1969","Lake Crystal Farms","2,592","0.51","3","2.1","Public Water","Septic - Conventional","VA New","Individuals"
"1001","2519395","745-62-54-46-800-000","CLOSD","15631 Corte Castle TER","23838","Chesterfield","Single Family Residence","10/15/2025","$434,995","$445,000","68","Resale (occupied at least once)","2021","Rivers Trace","2,043","0.99","4","3.0","Public Water","Septic - Conventional","FHA New","Individuals"
"1001","2520864","804-715-9429 & 804-715-9834","CLOSD","2218 Bailey DR","23231","Henrico","Single Family Residence","10/15/2025","$284,900","$260,000","50","Resale (occupied at least once)","1939","Montrose Heights","1,220","0.37","2","1.0","Public Water","Sewer - Public","Conventional","Individuals"
"1001","2517813","711-67-80-41-000-000","CLOSD","5707 Brailen DR","23120","Chesterfield","Single Family Residence","10/15/2025","$524,900","$525,000","72","Resale (occupied at least once)","2021","Foxcreek","2,556","0.18","5","3.0","Public Water","Sewer - Public","VA New","Individuals"
"1001","2527055","744-69-91-83-400-148","CLOSD","11214 Lantern WAY","23236","Chesterfield","Condominium","10/15/2025","$379,000","$390,000","3","Resale (occupied at least once)","2014","Harvest Glen","1,493","","2","2.0","Public Water","Sewer - Public","Cash","Individuals"
"1001","2527026","752-752-6054","CLOSD","2216 Cool Brook DR","23229","Henrico","Single Family Residence","10/15/2025","$415,000","$420,000","2","Resale (occupied at least once)","1956","Roxbury","1,485","0.26","3","1.1","Public Water","Sewer - Public","Conventional","Individuals"
"1001","2526695","760-738-2809","CLOSD","500 Waveny RD","23229","Henrico","Single Family Residence","10/15/2025","$798,000","$935,000","5","Resale (occupied at least once)","1954","Westham","3,484","0.40","3","2.1","Public Water","Sewer - Public","Cash","Estate"
"1001","2526621","736-779-9825","CLOSD","6012 Abington Park DR","23059","Henrico","Single Family Residence","10/15/2025","$639,900","$600,000","5","Resale (occupied at least once)","1995","Abington Park Wyndham","3,060","0.27","4","2.1","Public Water","Sewer - Public","Conventional","Individuals"
"1001","2525831","038A-5-1","CLOSD","1280 Mill Quarter RD","23139","Powhatan","Single Family Residence","10/15/2025","$775,000","$775,000","7","Resale (occupied at least once)","2023","Mill Quarter","","3.37","4","3.1","Well","Septic - Conventional","Conventional","Individuals"
"1001","2525810","W022-0023-004","CLOSD","4307 Cary Street RD","23221","Richmond City","Single Family Residence","10/15/2025","$1,235,000","$1,240,000","10","Resale (occupied at least once)","1969","Windsor Farms","5,716","0.46","4","3.0","Public Water","Sewer - Public","Cash","Individuals"
"1001","2525530","N000-2453-029","CLOSD","1228 Westminster AVE","23227","Richmond City","Single Family Residence","10/15/2025","$589,000","$624,000","3","Resale (occupied at least once)","1936","Bellevue Court","2,016","0.16","4","2.0","Public Water","Sewer - Public","Conventional","Individuals"
"1001","2525511","W000-1517-018","CLOSD","3314 Kensington AVE","23221","Richmond City","Single Family Residence","10/15/2025","$585,000","$585,000","6","Resale (occupied at least once)","1922","None","1,992","0.03","3","1.1","Public Water","Sewer - Public","Cash","Individuals"
"1001","2525433","744-770-6521.038","CLOSD","4908 Hickory Downs DR","23059","Henrico","Condominium","10/15/2025","$540,000","$535,000","10","Resale (occupied at least once)","2002","Belmont Park At Twin Hickory","2,222","0.31","3","0.0","Public Water","Sewer - Public","Cash","Individuals"
"1001","2525421","768-68-93-15-200-000","CLOSD","7031 Summers Trace TER","23832","Chesterfield","Single Family Residence","10/15/2025","$359,900","$359,900","8","Resale (occupied at least once)","2006","Summers Trace","1,836","0.63","4","2.1","Public Water","Sewer - Public","FHA New","Individuals"
"1001","2525404","8725-18-0259","CLOSD","7713 Clarey LN","23116","Hanover","Single Family Residence","10/15/2025","$634,900","$655,000","4","Resale (occupied at least once)","2019","Bishops Park","2,974","0.24","4","3.1","Public Water","Sewer - Public","Conventional","Individuals"
"1001","2525399","758-70-10-97-400-000","CLOSD","804 Fahey CT","23236","Chesterfield","Single Family Residence","10/15/2025","$269,000","$275,100","4","Resale (occupied at least once)","1982","Solar I","992","0.26","3","2.0","Public Water","Sewer - Public","Conventional","Individuals"
"1001","2525377","763-743-0777","CLOSD","1512 Brigham RD","23226","Henrico","Single Family Residence","10/15/2025","$297,000","$300,000","3","Resale (occupied at least once)","1951","Fort Hill","864","0.25","2","1.0","Public Water","Sewer - Public","Cash","Individuals"
"1001","2525008","718-66-85-43-900-000","CLOSD","7736 Blue Cedar DR","23832","Chesterfield","Single Family Residence","10/15/2025","$339,950","$340,000","3","Resale (occupied at least once)","1998","Ashbrook","1,124","0.20","3","2.0","Public Water","Sewer - Public","Conventional","Individuals"
"1001","2524995","769-65-55-55-400-000","CLOSD","8212 Amara PL","23838","Chesterfield","Single Family Residence","10/15/2025","$595,000","$595,000","28","Resale (occupied at least once)","2022","The Highlands","3,026","0.92","5","3.0","Public Water","Septic - Conventional","Conventional","Individuals"
"1001","2524774","N000-0450-009","CLOSD","2111 Barton AVE","23222","Richmond City","Single Family Residence","10/15/2025","$455,000","$440,000","10","Resale (occupied at least once)","1924","Barton Heights","1,832","0.13","3","2.1","Public Water","Sewer - Public","Other","Individuals"
"1001","2524650","825-725-4503","CLOSD","227 N Linden AVE","23075","Henrico","Single Family Residence","10/15/2025","$285,000","$285,000","8","Resale (occupied at least once)","1971","Highland Springs","1,346","0.15","4","2.0","Public Water","Sewer - Public","Conventional","Individuals"
"1001","2524449","C001-0491-018","CLOSD","4231 Saratoga RD","23235","Richmond City","Single Family Residence","10/15/2025","$735,000","$735,000","5","Resale (occupied at least once)","1994","Huguenot Farms","3,528","0.60","4","2.1","Public Water","Sewer - Public","Cash","Individuals"
"1001","2524377","W000-1514-006","CLOSD","3327 Hanover AVE","23221","Richmond City","Single Family Residence","10/15/2025","$995,000","$1,025,000","9","Resale (occupied at least once)","1928","None","2,790","0.07","4","3.1","Public Water","Sewer - Public","Cash","Individuals"
"1001","2524355","824-66-05-00-700-000","CLOSD","1831 Galley PL","23836","Chesterfield","Single Family Residence","10/15/2025","$525,000","$525,000","20","Resale (occupied at least once)","2021","Twin Rivers","2,811","0.17","4","3.0","Public Water","Sewer - Public","Conventional","Individuals"
"1001","2524349","758-740-0798","CLOSD","8009 Patterson AVE","23229","Henrico","Single Family Residence","10/15/2025","$899,000","$830,000","16","Resale (occupied at least once)","2021","Beverly Hills","3,396","0.86","4","3.1","Public Water","Sewer - Public","Conventional","Individuals"
"1001","2524336","W000-1604-082","CLOSD","3519 Hanover AVE Unit#A","23221","Richmond City","Condominium","10/15/2025","$275,000","$275,000","8","Resale (occupied at least once)","1947","Benedictine Commons","655","2.19","1","1.0","Public Water","Sewer - Public","Conventional","Individuals"
"1001","2524149","743-748-6149","CLOSD","10405 Falconbridge DR","23238","Henrico","Single Family Residence","10/15/2025","$595,000","$585,000","14","Resale (occupied at least once)","1979","Gayton Forest","2,616","0.33","4","2.1","Public Water","Sewer - Public","Conventional","Individuals"
"1001","2524102","730-72-67-48-200-000","CLOSD","4013 Waterswatch DR","23113","Chesterfield","Single Family Residence","10/15/2025","$675,000","$675,000","4","Resale (occupied at least once)","2000","Riverton","2,724","0.75","4","2.1","Public Water","Sewer - Public","Conventional","Individuals"
"1001","2524019","728-71-95-26-400-000","CLOSD","2701 Cassaway RD","23113","Chesterfield","Single Family Residence","10/15/2025","$599,900","$603,000","4","Resale (occupied at least once)","1984","Powderham","2,731","0.92","5","2.1","Public Water","Sewer - Public","VA New","Individuals"
"1001","2523751","778-748-1562","CLOSD","6714 Cottage ST","23228","Henrico","Single Family Residence","10/15/2025","$350,000","$342,000","24","Resale (occupied at least once)","1952","None","1,164","0.18","4","1.0","Public Water","Sewer - Public","Conventional","Individuals"
"1001","2523673","733-72-55-34-200-000","CLOSD","3824 Bircham LOOP","23113","Chesterfield","Single Family Residence","10/15/2025","$870,000","$870,000","9","Resale (occupied at least once)","2013","Tarrington","3,681","0.24","3","3.1","Public Water","Sewer - Public","Conventional","Individuals"
"1001","2523475","753-749-6355","CLOSD","1902 Dresden RD","23229","Henrico","Single Family Residence","10/15/2025","$375,000","$375,000","10","Resale (occupied at least once)","1960","Windsordale","1,400","0.29","3","2.1","Public Water","Sewer - Public","Conventional","Individuals"
"1001","2523089","789-66-45-61-700-000","CLOSD","10006 Williams Mill RD","23831","Chesterfield","Single Family Residence","10/15/2025","$445,900","$459,000","27","Resale (occupied at least once)","2011","Brooks Chapel","3,006","0.33","5","3.1","Public Water","Sewer - Public","Conventional","Individuals"
"1001","2522977","740-775-2646","CLOSD","12204 Heatherford PL","23059","Henrico","Single Family Residence","10/15/2025","$1,050,000","$1,126,500","8","Resale (occupied at least once)","2003","Edgemoor","5,066","0.36","5","4.1","Public Water","Sewer - Public","Conventional","Individuals"
"1001","2522603","N017-0132-006","CLOSD","4811 Brook RD","23227","Richmond City","Single Family Residence","10/15/2025","$299,000","$270,000","15","Resale (occupied at least once)","1950","North Ginter Park","1,701","0.17","4","2.0","Public Water","Sewer - Public","Cash","Individuals"
"1001","2522581","714-69-48-79-400-000","CLOSD","15601 Willowmore DR","23112","Chesterfield","Single Family Residence","10/15/2025","$899,000","$920,000","5","Resale (occupied at least once)","2018","Newmarket","3,630","0.30","5","3.1","Public Water","Sewer - Public","Conventional","Individuals"
"1001","2522167","743-747-3124","CLOSD","1701 Logwood CIR","23238","Henrico","Townhouse","10/15/2025","$400,000","$390,000","9","Resale (occupied at least once)","1989","Gayton Forest Townhouses","2,522","0.08","3","2.1","Public Water","Sewer - Public","VA New","Individuals"
"1001","2522141","773-67-81-02-400-001","CLOSD","6801 Iron Bridge RD","23234","Chesterfield","Single Family Residence","10/15/2025","$579,000","$545,000","11","Resale (occupied at least once)","1961","None","4,117","6.80","3","2.0","Well","Septic - Conventional","Conventional","Other"
"1001","2521912","012-65B","CLOSD","2986 Ballsville RD","23139","Powhatan","Single Family Residence","10/15/2025","$395,000","$395,000","5","Resale (occupied at least once)","2016","None","1,492","2.65","4","2.0","Well","Septic - Conventional","Cash","Individuals"
"1001","2521526","832-716-0766","CLOSD","832 Howard ST","23150","Henrico","Single Family Residence","10/15/2025","$335,000","$310,000","16","Resale (occupied at least once)","2005","Pine Creek","1,640","0.20","3","2.1","Public Water","Sewer - Public","FHA New","Individuals"
"1001","2521281","729-71-65-43-400-000","CLOSD","13501 W Salisbury RD","23113","Chesterfield","Single Family Residence","10/15/2025","$1,450,000","$1,400,000","10","Resale (occupied at least once)","1971","Salisbury","5,446","1.80","5","3.2","Public Water","Septic - Conventional","Conventional","Individuals"
"1001","2521145","7812-64-7297","CLOSD","15303 Clazemont RD","23192","Hanover","Single Family Residence","10/15/2025","$275,000","$260,000","40","Resale (occupied at least once)","1941","None","1,432","0.95","2","1.1","Well","Septic - Conventional","Cash","Individuals"
"1001","2521136","756-734-3938","CLOSD","8114 Kingston RD","23229","Henrico","Single Family Residence","10/15/2025","$1,095,000","$995,000","32","Resale (occupied at least once)","1977","River Road Hills","4,350","0.52","4","3.1","Public Water","Sewer - Public","Cash","Estate"
"1001","2520983","W000-0119-062","CLOSD","605 Spring ST Unit#P","23220","Richmond City","Condominium","10/15/2025","$417,000","$425,000","36","Resale (occupied at least once)","2003","Parsons Row Condo","2,424","0.02","3","2.1","Public Water","Sewer - Public","Conventional","Individuals"
"1001","2520613","763-756-6432","CLOSD","8422 Shannon Green CT","23228","Henrico","Townhouse","10/15/2025","$125,000","$217,250","15","Resale (occupied at least once)","1983","Shannon Green","1,120","0.03","3","1.1","Public Water","Sewer - Public","Cash","Estate"
"1001","2519826","837-721-3978","CLOSD","1020 Challis LN","23150","Henrico","Single Family Residence","10/15/2025","$369,000","$360,000","35","Resale (occupied at least once)","1967","Hickory Hills","2,652","0.91","4","2.0","Well","Septic - Conventional","FHA New","Individuals"
"1001","2517871","43-47-0-10-0","CLOSD","1533 Smokey Ridge RD","23102","Goochland","Single Family Residence","10/15/2025","$1,199,000","$1,125,000","51","New (never occupied)","2025","Breeze Hill","3,644","2.04","4","4.1","Well","Septic - Conventional","Conventional","Corporate"
"1001","2504703","21   5     3","CLOSD","8480 Airport RD","23141","New Kent","Single Family Residence","10/15/2025","$980,000","$900,000","150","Resale (occupied at least once)","1999","None","2,912","10.46","3","2.1","Well","Septic - Conventional","Cash","Individuals"
"1001","2503252","706-68-55-28-800-000","CLOSD","4918 Lake Summer LOOP","23120","Chesterfield","Single Family Residence","10/15/2025","$909,900","$909,637","0","New (never occupied)","2024","Summer Lake","3,214","","4","4.0","Public Water","Sewer - Public","Conventional","Other"
"1001","BRTVACF2001252","815658889500000","CLOSD","12025 Player CT","23836","Chesterfield","Single Family Residence","10/15/2025","$642,000","$635,000","5","Resale (occupied at least once)","2000","RIVERS BEND","3,705","0.49","4","5.0","Public Water","Public Sewer On Site","",""
"1001","BRTVACF2001246","734649753500000","CLOSD","12912 Carters Hill PL","23838","Chesterfield","Single Family Residence","10/15/2025","$550,000","$550,000","7","Resale (occupied at least once)","2004","CARTERS MILL EAST","2,737","1.42","4","3.0","Public Water","","",""
"1001","REIN10571833","21   5     3","CLOSD","8480 Airport RD","23141","New Kent","Single Family Residence","10/15/2025","$980,000","$900,000","228","Resale (occupied at least once)","1999","ALL OTHERS AREA 140","2,912","10.46","3","3.0","Well","Septic","",""
"1001","2505365","720-67-88-34-300-000","CLOSD","5614 Chatmoss RD","23112","Chesterfield","Single Family Residence","11/13/2025","$360,000","$348,500","168","Resale (occupied at least once)","1988","Chatmoss","1,721","0.29","3","2.0","Public Water","Sewer - Public","Conventional","Corporate"
