"#","ML #","PID","Status","Address Line","Zip","County/City","Type","Sales Date","List Price","Sales Price","Days On Market","New/Resale","Year Built","Subdivision","SqFtTotal","Acres","# Bedrooms","Total Baths","Water","Sewer","Sold Terms","Owned By"
"1","2221615","N000-1147-023","CLOSD","506 Arnold Avenue, Richmond City VA 23222","23222","Richmond City","Single Family Residence","10/17/2022","$380,000","$380,000","45","New (never occupied)","2022","Northside Place","1,808","0.09","3","2.1","Public Water","Sewer - Public","Conventional","Corporate"
"1","2223208","740-66-83-40-700-000","CLOSD","9012 Sugar Hill Place, Chesterfield VA 23112","23112","Chesterfield","Single Family Residence","10/17/2022","$469,777","$480,000","30","Resale (occupied at least once)","2018","Bayhill Pointe","2,527","0.35","5","2.1","Public Water","Sewer - Public","VHDA/FHA","Individuals"
"1","2218634","817-722-0171","CLOSD","513 Lowell Street, Henrico VA 23223","23223","Henrico","Single Family Residence","10/17/2022","$283,500","$286,500","68","Resale (occupied at least once)","1980","Wynfield","1,568","0.26","4","2.1","Public Water","Sewer - Public","Conventional","Corporate"
"1","2218102","51A2 1     7","CLOSD","1115 Riverside Drive, New Kent VA 23089","23089","New Kent","Single Family Residence","10/17/2022","$219,900","$225,000","63","Resale (occupied at least once)","1960","Chickahominy Shores","960","0.71","3","1.0","Well","Septic - Conventional","Conventional","Individuals"
"1","2218233","751-70-59-60-900-000","CLOSD","201 Chessington Road, Chesterfield VA 23236","23236","Chesterfield","Single Family Residence","10/17/2022","$259,900","$268,000","75","Resale (occupied at least once)","1976","Archwood","1,753","0.26","3","1.2","Public Water","Sewer - Public","FHA New","Corporate"
"1","2223335","730-755-5442","CLOSD","2600 Southbay Drive, Henrico VA 23233","23233","Henrico","Single Family Residence","10/17/2022","$499,000","$530,500","5","Resale (occupied at least once)","1986","The Colonies At Wilde Lake","3,398","0.63","5","2.1","Public Water","Sewer - Public","Conventional","Individuals"
"1","2220444","815-65-65-32-100-000","CLOSD","400 Hogans Court, Chesterfield VA 23836","23836","Chesterfield","Single Family Residence","10/17/2022","$572,000","$573,000","22","Resale (occupied at least once)","1996","Rivers Bend","3,712","0.61","5","4.1","Public Water","Sewer - Public","Conventional","Individuals"
"1","2225247","778-762-4444","CLOSD","8110 Langley Drive, Henrico VA 23060","23060","Henrico","Single Family Residence","10/17/2022","$350,000","$379,000","8","Resale (occupied at least once)","1968","North Mountain Ridge","2,613","0.35","4","2.1","Public Water","Sewer - Public","Conventional","Individuals"
"1","2210450","J13-1788-4536","CLOSD","8058 West Danube Loop, New Kent VA 23124","23124","New Kent","Single Family Residence","10/17/2022","$384,945","$384,945","0","New (never occupied)","2022","Lifestyle at Four Seasons","1,338","","3","2.0","Public Water","Sewer - Public","Cash","Corporate"
"1","2203133","697670545600000","CLOSD","18352 Palisades Court, Chesterfield VA 23120","23120","Chesterfield","Townhouse","10/17/2022","$403,750","$412,320","0","New (never occupied)","2022","Magnolia Green","2,225","","4","2.1","Public Water","Sewer - Public","Conventional","Corporate"
"1","2227395","To be determined","CLOSD","11612 Ellerbee Mill Avenue #Unit2-3, Chesterfield VA 23831","23831","Chesterfield","Single Family Residence","10/17/2022","$451,132","$451,132","0","New (never occupied)","2022","The Villas at Iron Mill","2,098","","2","2.1","Public Water","Sewer - Public","VA New","Corporate"
"1","2224700","S000-2318-016","CLOSD","4107 Forest Circle, Richmond City VA 23225","23225","Richmond City","Single Family Residence","10/17/2022","$395,000","$450,000","5","Resale (occupied at least once)","1951","Riverside Park","1,536","0.22","4","3.0","Public Water","Sewer - Public","Conventional","Individuals"
"1","2218830","8724-16-8564","CLOSD","7327 Bluebird Way, Hanover VA 23111","23111","Hanover","Single Family Residence","10/17/2022","$315,000","$315,000","19","Resale (occupied at least once)","1970","Brandy Creek East","2,094","0.39","4","2.1","Public Water","Sewer - Public","Conventional","Individuals"
"1","2224580","787-68-84-59-900-000","CLOSD","3024 Freedom Lane, Chesterfield VA 23234","23234","Chesterfield","Single Family Residence","10/17/2022","$235,000","$245,000","6","Resale (occupied at least once)","1945","None","1,260","0.31","3","2.0","Public Water","Sewer - Public","Conventional","Individuals"
"1","2221294","734-64-33-70-200-000","CLOSD","13020 River Road, Chesterfield VA 23838","23838","Chesterfield","Single Family Residence","10/17/2022","$724,995","$720,000","26","Resale (occupied at least once)","1992","Matoaca","4,650","13.67","5","4.1","Well","Septic - Conventional","Conventional","Individuals"
"1","2225530","771-760-7134","CLOSD","9720 Drexel Lane, Henrico VA 23228","23228","Henrico","Single Family Residence","10/17/2022","$274,950","$290,000","6","Resale (occupied at least once)","1958","Laurel Park","1,320","0.30","3","1.0","Public Water","Sewer - Public","Conventional","Individuals"
"1","2224370","749-774-2738","CLOSD","11312 Chappell Ridge Court, Henrico VA 23059","23059","Henrico","Single Family Residence","10/17/2022","$585,000","$585,000","2","Resale (occupied at least once)","2003","Wyndham Forest","3,069","0.29","5","2.1","Public Water","Sewer - Public","Conventional","Individuals"
"1","2227498","to be determined","CLOSD","15711 Mosaic Creek Boulevard #Unit79-2, Goochland VA 23238","23238","Goochland","Single Family Residence","10/17/2022","$569,126","$569,126","0","New (never occupied)","2022","Mosaic at West Creek","1,665","","3","2.0","Public Water","Sewer - Public","Cash","Corporate"
"1","2226097","784-69-01-66-400-000","CLOSD","4960 Southmoor Road, Chesterfield VA 23234","23234","Chesterfield","Single Family Residence","10/17/2022","$425,000","$422,290","6","Resale (occupied at least once)","1978","Meadowbrook","3,600","0.79","4","2.1","Public Water","Sewer - Public","Conventional","Individuals"
"1","2226001","C005-0302-002","CLOSD","5833 Bliley Road, Richmond City VA 23225","23225","Richmond City","Single Family Residence","10/17/2022","$249,950","$270,000","5","Resale (occupied at least once)","1985","Willow Creek","826","0.45","1","1.1","Public Water","Sewer - Public","Conventional","Individuals"
"1","2225984","38-1-0-96-0","CLOSD","1700 Ragland Road, Goochland VA 23063","23063","Goochland","Single Family Residence","10/17/2022","$364,000","$364,000","3","New (never occupied)","2022","None","1,472","5.06","3","2.0","Well","Septic - Conventional","Conventional","Individuals"
"1","2225911","S000-0921-009","CLOSD","2706 Hillcrest Road, Richmond City VA 23225","23225","Richmond City","Single Family Residence","10/17/2022","$465,000","$521,000","7","Resale (occupied at least once)","1922","None","2,036","0.27","4","1.1","Public Water","Sewer - Public","Cash","Individuals"
"1","2225562","S000-0287-007","CLOSD","1704 Albany Avenue, Richmond City VA 23224","23224","Richmond City","Single Family Residence","10/17/2022","$120,000","$120,000","4","Resale (occupied at least once)","1937","Goose Creek In Blackwell Sec 1","1,232","0.07","2","1.0","Public Water","Sewer - Public","Cash","Other"
"1","2225519","826-720-9428","CLOSD","221 Cornett Street, Henrico VA 23075","23075","Henrico","Townhouse","10/17/2022","$120,000","$132,000","2","Resale (occupied at least once)","1971","Fairlawn Townhouses","1,007","0.04","3","1.1","Public Water","Sewer - Public","FHA New","Individuals"
"1","2225483","748-70-30-50-200-000","CLOSD","100 Mistywood Road, Chesterfield VA 23236","23236","Chesterfield","Single Family Residence","10/17/2022","$297,500","$297,500","4","Resale (occupied at least once)","1977","Reams Run","1,402","","3","2.0","Public Water","Sewer - Public","Conventional","Individuals"
"1","2225271","749-68-41-72-000-000","CLOSD","4041 Trisha Trail, Chesterfield VA 23112","23112","Chesterfield","Townhouse","10/17/2022","$259,900","$270,000","3","Resale (occupied at least once)","2006","Rockwood Terrace Townhouse","1,740","0.04","3","3.1","Public Water","Sewer - Public","FHA New","Individuals"
"1","2225061","8704-58-9784","CLOSD","8213 Thelma Lou Road, Hanover VA 23111","23111","Hanover","Single Family Residence","10/17/2022","$309,950","$315,000","4","Resale (occupied at least once)","1994","Meadowbridge","1,992","0.35","3","2.1","Public Water","Sewer - Public","VA New","Individuals"
"1","2224956","765-774-7079","CLOSD","11313 Abbots Cross Lane, Henrico VA 23059","23059","Henrico","Single Family Residence","10/17/2022","$310,000","$305,000","2","Resale (occupied at least once)","2006","The Townes At Hunton Park","1,584","0.07","3","2.1","Public Water","Sewer - Public","Conventional","Individuals"
"1","2224664","762-774-5118.051","CLOSD","541 Siena Lane, Henrico VA 23059","23059","Henrico","Townhouse","10/17/2022","$415,000","$415,000","11","Resale (occupied at least once)","2008","The Villas At Hunton Park","2,258","0.26","3","2.1","Public Water","Sewer - Public","VA New","Individuals"
"1","2224660","764-68-42-60-700-000","CLOSD","7613 Drexelbrook Road, Chesterfield VA 23832","23832","Chesterfield","Single Family Residence","10/17/2022","$249,900","$280,000","4","Resale (occupied at least once)","1984","Pennwood","1,368","0.31","4","2.0","Public Water","Sewer - Public","Conventional","Individuals"
"1","2224355","757-70-10-53-300-000","CLOSD","8519 Hann Road, Chesterfield VA 23236","23236","Chesterfield","Single Family Residence","10/17/2022","$235,000","$220,000","16","Resale (occupied at least once)","1983","Solar I","1,131","0.26","3","2.0","Public Water","Sewer - Public","Cash","Individuals"
"1","2224165","756-735-8377.023","CLOSD","300 North Ridge Road #Unit23, Henrico VA 23229","23229","Henrico","Condominium","10/17/2022","$389,950","$400,000","6","Resale (occupied at least once)","1973","Westham Green","1,482","0.03","2","2.1","Public Water","Sewer - Public","Cash","Individuals"
"1","2224115","758-736-3373","CLOSD","401 Westham Parkway, Henrico VA 23229","23229","Henrico","Single Family Residence","10/17/2022","$749,000","$875,000","8","Resale (occupied at least once)","1941","Westham","2,313","0.46","3","3.0","Public Water","Sewer - Public","Conventional","Individuals"
"1","2223993","737-69-67-99-500-000","CLOSD","1309 Lockett Ridge Road, Chesterfield VA 23114","23114","Chesterfield","Single Family Residence","10/17/2022","$299,000","$289,000","18","Resale (occupied at least once)","1984","Smoketree South","1,407","0.49","3","1.3","Public Water","Sewer - Public","Conventional","Individuals"
"1","2223756","768-751-0027","CLOSD","7953 Wistar Woods Court, Henrico VA 23228","23228","Henrico","Townhouse","10/17/2022","$410,000","$400,000","3","Resale (occupied at least once)","2018","Townes Of Wistar Woods Section 2","2,300","0.05","3","2.1","Public Water","Sewer - Public","Conventional","Individuals"
"1","2223438","8743-18-4034","CLOSD","6517 Confederate Hill Drive, Hanover VA 23111","23111","Hanover","Single Family Residence","10/17/2022","$899,950","$850,000","28","Resale (occupied at least once)","2003","None","5,400","10.05","5","4.1","Well","Septic - Conventional","Cash","Individuals"
"1","2223425","804-729-3801","CLOSD","1304 Piney Ridge Court, Henrico VA 23223","23223","Henrico","Single Family Residence","10/17/2022","$320,000","$320,000","3","Resale (occupied at least once)","2004","Glenwood Lakes","1,904","0.50","4","2.1","Public Water","Sewer - Public","FHA New","Individuals"
"1","2223361","N000-1062-017","CLOSD","3221 Carolina Avenue, Richmond City VA 23222","23222","Richmond City","Single Family Residence","10/17/2022","$484,000","$490,000","17","Resale (occupied at least once)","1910","Highland Park","2,567","0.11","4","3.1","Public Water","Sewer - Public","Conventional","Individuals"
"1","2223289","761-69-97-00-000-000","CLOSD","1741 Lancashire Drive, Chesterfield VA 23235","23235","Chesterfield","Single Family Residence","10/17/2022","$420,806","$410,000","5","Resale (occupied at least once)","1974","Surreywood","2,795","0.35","4","3.1","Public Water","Community - Sewer/Septic","Conventional","Individuals"
"1","2222957","742-765-3254","CLOSD","11704 Cobblestone Landing Court, Henrico VA 23059","23059","Henrico","Single Family Residence","10/17/2022","$770,000","$750,000","4","Resale (occupied at least once)","2004","Twin Hickory","4,006","0.25","6","4.0","Public Water","Sewer - Public","Conventional","Individuals"
"1","2222504","026-6","CLOSD","2727 Fariss Road, Powhatan VA 23139","23139","Powhatan","Single Family Residence","10/17/2022","$799,900","$799,900","11","Resale (occupied at least once)","2002","None","2,656","19.92","3","2.1","Well","Septic - Conventional","Cash","Individuals"
"1","2222238","E000-0637-009","CLOSD","3006 East Franklin Street, Richmond City VA 23223","23223","Richmond City","Single Family Residence","10/17/2022","$695,000","$670,000","35","Resale (occupied at least once)","2019","None","3,264","0.05","4","3.1","Public Water","Sewer - Public","Cash","Individuals"
"1","2221749","782-761-4656","CLOSD","1415 Pennsylvania Avenue, Henrico VA 23060","23060","Henrico","Single Family Residence","10/17/2022","$268,000","$265,000","35","Resale (occupied at least once)","1953","Biltmore","900","0.34","3","1.0","Public Water","Community - Sewer/Septic","Conventional","Individuals"
"1","2221387","19G12A19  74","CLOSD","7723 Battlefield #Unit74, New Kent VA 23141","23141","New Kent","Condominium","10/17/2022","$285,000","$270,000","43","Resale (occupied at least once)","2008","Patriots Landing","1,802","0.36","3","2.1","Public Water","Sewer - Public","Conventional","Individuals"
"1","2220565","805-715-2698","CLOSD","2402 Farrand Drive, Henrico VA 23231","23231","Henrico","Single Family Residence","10/17/2022","$305,000","$305,000","46","Resale (occupied at least once)","1966","Montrose Terrace","2,360","0.27","4","2.1","Public Water","Sewer - Public","FHA New","Individuals"
"1","2219869","W022-0162-066","CLOSD","5621 Cary Street Road #UnitU306, Richmond City VA 23226","23226","Richmond City","Condominium","10/17/2022","$850,000","$850,000","24","Resale (occupied at least once)","1927","Tuckahoe Condominiums","2,479","1.71","3","3.0","Public Water","Sewer - Public","Cash","Individuals"
"1","2219756","835-691-0904","CLOSD","15 Alexis Drive, Henrico VA 23231","23231","Henrico","Single Family Residence","10/17/2022","$399,932","$399,000","6","Resale (occupied at least once)","1980","Yahley Mill Estates","2,112","4.97","4","2.1","Well","Septic - Conventional","Cash","Individuals"
"1","2218608","757-762-8927","CLOSD","4703 Packard Road, Henrico VA 23060","23060","Henrico","Single Family Residence","10/17/2022","$349,900","$330,000","3","Resale (occupied at least once)","1986","Broad Meadows","1,764","0.28","4","3.0","Public Water","Sewer - Public","Conventional","Individuals"
"1","2212071","794-758-2259","CLOSD","8304 Hawk Nest Drive, Henrico VA 23227","23227","Henrico","Single Family Residence","10/17/2022","$514,950","$515,000","71","Resale (occupied at least once)","2006","Ashbury At Stoneleigh","4,793","0.78","5","3.1","Public Water","Sewer - Public","FHA New Assumption","Individuals"
"1","2211250","823-64-49-22-800-000","CLOSD","14608 Cornwall Lane, Chesterfield VA 23836","23836","Chesterfield","Single Family Residence","10/17/2022","$275,000","$265,000","125","Resale (occupied at least once)","1968","Prestwould Farms","1,458","0.35","3","1.1","Public Water","Sewer - Public","Conventional","Individuals"
"1","2130220","775-65-64-63-200-000","CLOSD","11344 Benton Pointe Way, Chesterfield VA 23831","23831","Chesterfield","Townhouse","10/17/2022","$319,950","$336,458","128","New (never occupied)","2021","IronBridge Townhomes","1,639","","3","2.1","Public Water","Sewer - Public","Conventional","Corporate"
"1","REIN10444167","51A2 1     7","CLOSD","1115 Riverside Drive, New Kent VA 23089","23089","New Kent","Single Family Residence","10/17/2022","$219,900","$225,000","80","Resale (occupied at least once)","1960","CHICKAHOMINY SHORES","960","0.71","3","1.0","Well","Septic","",""
"1","2225173","794-744-0155","CLOSD","302 Hummingbird Road, Henrico VA 23227","23227","Henrico","Single Family Residence","10/18/2022","$230,000","$235,000","2","Resale (occupied at least once)","1960","Meadowood","1,153","0.36","3","1.1","Public Water","Sewer - Public","Conventional","Individuals"
"1","2225464","8706-57-7762","CLOSD","8117 Lyman Court, Hanover VA 23116","23116","Hanover","Single Family Residence","10/18/2022","$574,950","$574,950","7","Resale (occupied at least once)","2021","Rutland","2,568","0.15","4","3.1","Public Water","Sewer - Public","FHA New","Individuals"
"1","2219440","760-68-00-60-900-000","CLOSD","5400 Willow Grove Road, Chesterfield VA 23832","23832","Chesterfield","Single Family Residence","10/18/2022","$380,950","$380,000","46","Resale (occupied at least once)","2006","Five Forks Village","2,626","0.26","5","3.0","Public Water","Sewer - Public","Conventional","Individuals"
"1","2211638","826660354300000","CLOSD","12037 Almer Lane, Chesterfield VA 23836","23836","Chesterfield","Single Family Residence","10/18/2022","$538,005","$538,005","0","New (never occupied)","2022","The Landings at Meadowville","3,330","","5","3.0","Public Water","Sewer - Public","FHA New","Corporate"
"1","2205640","738679557600000","CLOSD","12224 Dutch Elm Circle, Chesterfield VA 23112","23112","Chesterfield","Townhouse","10/18/2022","$314,730","$314,730","0","New (never occupied)","2022","Wescott","1,441","","3","2.1","Public Water","Sewer - Public","Conventional","Corporate"
"1","2224590","751-749-7645","CLOSD","9502 Newhall Road, Henrico VA 23229","23229","Henrico","Single Family Residence","10/18/2022","$364,900","$364,900","5","Resale (occupied at least once)","1961","Pinedale Farms","1,823","0.35","3","2.0","Public Water","Sewer - Public","FHA New","Individuals"
"1","2217366","C009-0609-024","CLOSD","3811 Sunora Drive, Richmond City VA 23234","23234","Richmond City","Single Family Residence","10/18/2022","$299,500","$280,000","20","Resale (occupied at least once)","1965","Deerbourne","1,646","0.19","3","2.0","Public Water","Sewer - Public","Conventional","Individuals"
"1","2225036","788-766-2031.288","CLOSD","9501 Short Spoon Court #UnitN, Henrico VA 23059","23059","Henrico","Condominium","10/18/2022","$159,900","$159,000","14","Resale (occupied at least once)","1998","Links Condominiums","780","15.20","1","1.0","Public Water","Sewer - Public","Conventional","Individuals"
"1","2205338","7796-77-0296","CLOSD","9271 Marl Ridge Lane, Hanover VA 23116","23116","Hanover","Townhouse","10/18/2022","$427,075","$427,015","0","New (never occupied)","2022","Giles Farm","2,090","","3","2.1","Public Water","Sewer - Public","Conventional","Corporate"
"1","2208505","8706-58-9501","CLOSD","9248 Crowell Street, Hanover VA 23116","23116","Hanover","Single Family Residence","10/18/2022","$563,515","$563,515","0","New (never occupied)","2022","Rutland","2,653","","4","3.0","Public Water","Sewer - Public","FHA New","Corporate"
"1","2225100","C005-0479-056","CLOSD","5605 Southern Pine Drive, Richmond City VA 23225","23225","Richmond City","Single Family Residence","10/18/2022","$330,000","$350,000","6","Resale (occupied at least once)","1986","Pineneedles","1,600","0.24","2","2.0","Public Water","Sewer - Public","Conventional","Individuals"
"1","2223143","798-736-1532","CLOSD","3705 Benton Avenue, Henrico VA 23222","23222","Henrico","Single Family Residence","10/18/2022","$190,000","$190,000","1","Resale (occupied at least once)","1929","East Highland Park","1,222","0.12","3","1.0","Public Water","Sewer - Public","Conventional","Individuals"
"1","2206102","697670683900000","CLOSD","18333 Palisades Court, Chesterfield VA 23120","23120","Chesterfield","Townhouse","10/18/2022","$396,650","$414,235","0","New (never occupied)","2022","Magnolia Green","1,829","","3","2.1","Public Water","Sewer - Public","Conventional","Corporate"
"1","2223212","W021-0132-015","CLOSD","6408 Kensington Avenue, Richmond City VA 23226","23226","Richmond City","Single Family Residence","10/18/2022","$359,000","$362,000","4","Resale (occupied at least once)","1968","Westhampton Heights Annex","1,254","0.20","3","1.1","Public Water","Sewer - Public","Conventional","Individuals"
"1","2225123","711-66-15-46-900-000","CLOSD","8713 Turquoise Place, Chesterfield VA 23832","23832","Chesterfield","Single Family Residence","10/18/2022","$599,950","$605,000","2","Resale (occupied at least once)","2018","Harpers Mill","2,845","0.42","4","3.0","Public Water","Sewer - Public","Conventional","Individuals"
"1","2222660","7851-94-4984","CLOSD","14250 Riverside Drive, Hanover VA 23005","23005","Hanover","Single Family Residence","10/18/2022","$365,000","$414,000","6","Resale (occupied at least once)","1970","Country Club Hills","2,212","0.60","3","2.1","Public Water","Sewer - Public","Conventional","Individuals"
"1","2226763","7777-58-9982","CLOSD","11205 Hanover Lane, Hanover VA 23059","23059","Hanover","Single Family Residence","10/18/2022","$85,000","$85,000","0","Resale (occupied at least once)","1950","None","1,024","0.46","3","1.0","Well","Septic - Conventional","Cash","Individuals"
"1","2226503","824-65-09-61-300-000","CLOSD","13621 North Enon Church Road, Chesterfield VA 23836","23836","Chesterfield","Single Family Residence","10/18/2022","$154,900","$139,650","5","Resale (occupied at least once)","1961","None","1,284","2.01","4","1.0","Well","Septic - Conventional","Conventional","Individuals"
"1","2225834","734-761-3901","CLOSD","13304 Herringbone Place, Henrico VA 23233","23233","Henrico","Single Family Residence","10/18/2022","$550,000","$570,000","6","Resale (occupied at least once)","1992","Kensington Green At Wellesley","2,843","0.25","5","3.1","Public Water","Sewer - Public","Conventional","Individuals"
"1","2225685","741-69-23-14-500-000","CLOSD","11513 Creek Bottom Court, Chesterfield VA 23236","23236","Chesterfield","Single Family Residence","10/18/2022","$315,000","$312,000","14","Resale (occupied at least once)","2002","Providence Creek","1,436","0.22","3","2.1","Public Water","Sewer - Public","FHA New","Individuals"
"1","2225658","16-7-2","CLOSD","5940 Greenyard Estates Lane, Charles City County VA 23140","23140","Charles City County","Single Family Residence","10/18/2022","$264,960","$275,000","5","Resale (occupied at least once)","2008","None","1,200","1.21","3","2.0","Well","Septic - Conventional","VHDA/FHA","Individuals"
"1","2225566","829-724-0112","CLOSD","322 Chipper Way, Henrico VA 23075","23075","Henrico","Single Family Residence","10/18/2022","$234,950","$245,000","3","Resale (occupied at least once)","1990","Taylors Wood","1,092","0.30","3","2.0","Public Water","Sewer - Public","Conventional","Corporate"
"1","2225563","N000-0695-019","CLOSD","2717 Montrose Avenue, Richmond City VA 23222","23222","Richmond City","Single Family Residence","10/18/2022","$489,950","$520,000","3","Resale (occupied at least once)","1923","Parkland","2,852","0.16","4","3.0","Public Water","Sewer - Public","Conventional","Individuals"
"1","2225477","750-62-46-13-800-000","CLOSD","16101 Exter Mill Road, Chesterfield VA 23838","23838","Chesterfield","Single Family Residence","10/18/2022","$354,000","$362,000","3","Resale (occupied at least once)","2006","None","1,684","3.08","4","2.1","Well","Septic - Conventional","Conventional","Individuals"
"1","2225281","731-752-6038.065","CLOSD","2506 Straw Bridge Chase, Henrico VA 23233","23233","Henrico","Condominium","10/18/2022","$210,000","$220,000","4","Resale (occupied at least once)","1986","Westleyen Condo","904","15.46","2","1.1","Public Water","Sewer - Public","Conventional","Individuals"
"1","2225053","827-65-50-67-800-000","CLOSD","12712 Vogt Avenue, Chesterfield VA 23836","23836","Chesterfield","Single Family Residence","10/18/2022","$349,900","$350,000","7","Resale (occupied at least once)","1983","Mount Blanco","1,962","0.39","4","2.0","Public Water","Septic - Conventional","Conventional","Individuals"
"1","2225015","756-68-44-23-500-000","CLOSD","4708 Fordham Road, Chesterfield VA 23236","23236","Chesterfield","Single Family Residence","10/18/2022","$374,500","$374,500","8","Resale (occupied at least once)","1980","Fernbrook","2,436","0.36","4","3.0","Public Water","Sewer - Public","Conventional","Individuals"
"1","2224380","E000-1763-151","CLOSD","3515 Briel Street #UnitU101, Richmond City VA 23223","23223","Richmond City","Condominium","10/18/2022","$120,000","$115,000","37","Resale (occupied at least once)","1966","Villas Of Oakwood North Condo","822","5.76","2","1.0","Public Water","Sewer - Public","Cash","Individuals"
"1","2224214","751-752-9819","CLOSD","2115 Manlyn Road, Henrico VA 23229","23229","Henrico","Single Family Residence","10/18/2022","$399,000","$384,000","10","Resale (occupied at least once)","1958","Roxbury","1,624","0.28","3","2.0","Public Water","Sewer - Public","Conventional","Corporate"
"1","2224139","779-68-84-59-000-000","CLOSD","5111 Sprucewood Avenue, Chesterfield VA 23234","23234","Chesterfield","Single Family Residence","10/18/2022","$274,950","$268,000","4","Resale (occupied at least once)","1964","Beechwood","1,512","0.74","3","1.1","Public Water","Septic - Conventional","FHA New","Individuals"
"1","2224015","8715-69-9516","CLOSD","7317 Dress Blue Circle, Hanover VA 23116","23116","Hanover","Condominium","10/18/2022","$345,000","$350,000","60","Resale (occupied at least once)","2005","The Bluffs At Bell Creek","1,751","0.01","3","2.0","Public Water","Sewer - Public","Conventional","Individuals"
"1","2223637","7880-12-8643","CLOSD","909 Kitty Hamilton Circle, Hanover VA 23005","23005","Hanover","Townhouse","10/18/2022","$215,000","$220,000","3","Resale (occupied at least once)","2009","Cottage Green Condos","1,440","0.03","2","2.1","Public Water","Sewer - Public","Conventional","Individuals"
"1","2223632","757-71-87-67-500-000","CLOSD","8337 Chelmford Road, Chesterfield VA 23235","23235","Chesterfield","Single Family Residence","10/18/2022","$439,900","$426,500","7","Resale (occupied at least once)","1964","Southampton Acres","3,020","0.51","4","2.0","Public Water","Sewer - Public","Conventional","Individuals"
"1","2223622","746-67-92-66-200-000","CLOSD","10718 Timberun Road, Chesterfield VA 23832","23832","Chesterfield","Single Family Residence","10/18/2022","$300,000","$297,500","10","Resale (occupied at least once)","1991","Great Oaks","1,536","0.27","3","2.1","Public Water","Sewer - Public","Conventional","Individuals"
"1","2223137","792-66-28-03-300-000","CLOSD","10902 Crofton Court, Chesterfield VA 23831","23831","Chesterfield","Single Family Residence","10/18/2022","$285,000","$300,000","8","Resale (occupied at least once)","1989","Chipchase At Mineola","1,898","0.31","3","2.1","Public Water","Sewer - Public","Conventional","Individuals"
"1","2222236","742-780-6153","CLOSD","6009 Treyburn Place, Henrico VA 23059","23059","Henrico","Single Family Residence","10/18/2022","$659,500","$615,000","13","Resale (occupied at least once)","1993","Treyburn At Wyndham","3,092","0.32","4","2.1","Public Water","Sewer - Public","Conventional","Individuals"
"1","2221564","730-767-4819.032","CLOSD","4636 Broad Hill Drive, Henrico VA 23233","23233","Henrico","Condominium","10/18/2022","$550,000","$550,000","4","Resale (occupied at least once)","2019","Saunders Station At Broad Hill Centre","2,514","3.26","4","3.1","Public Water","Sewer - Public","Conventional","Individuals"
"1","2220940","C004-0325-062","CLOSD","4545 Stratford Road, Richmond City VA 23225","23225","Richmond City","Single Family Residence","10/18/2022","$1,275,000","$1,175,000","17","Resale (occupied at least once)","1951","Stratford Hills","6,094","2.32","6","4.2","Public Water","Sewer - Public","Conventional","Estate"
"1","2219487","738-71-98-98-300-000","CLOSD","3010 Summerhurst Drive, Chesterfield VA 23113","23113","Chesterfield","Single Family Residence","10/18/2022","$825,000","$815,000","13","Resale (occupied at least once)","1992","Reeds Hill","4,041","0.95","4","3.1","Public Water","Septic - Conventional","Conventional","Individuals"
"1","2219453","715-66-97-63-100-000","CLOSD","8200 Hampton Crest Circle, Chesterfield VA 23832","23832","Chesterfield","Single Family Residence","10/18/2022","$549,950","$560,000","17","Resale (occupied at least once)","2000","Hampton Park","3,902","0.38","4","3.1","Public Water","Sewer - Public","Conventional","Individuals"
"1","2219139","811-65-06-36-300-000","CLOSD","13506 Green Spire Court, Chesterfield VA 23836","23836","Chesterfield","Single Family Residence","10/18/2022","$350,000","$350,000","14","Resale (occupied at least once)","2009","Cypress Woods","2,154","0.38","4","2.1","Public Water","Sewer - Public","VA New","Individuals"
"1","2218402","765-772-1998","CLOSD","11128 Mill Place Court, Henrico VA 23060","23060","Henrico","Single Family Residence","10/18/2022","$464,950","$450,000","84","Resale (occupied at least once)","2000","Mill Place West","2,064","0.63","4","3.0","Public Water","Sewer - Public","Conventional","Individuals"
"1","2217332","8714-73-6318","CLOSD","7187 Janet Lane, Hanover VA 23111","23111","Hanover","Single Family Residence","10/18/2022","$299,900","$300,000","15","Resale (occupied at least once)","1963","None","1,580","1.00","3","2.0","Well","Septic - Conventional","Conventional","Individuals"
"1","2214469","797-712-6506","CLOSD","3 Shiplock Row, Henrico VA 23231","23231","Henrico","Townhouse","10/18/2022","$619,900","$610,000","94","Resale (occupied at least once)","2018","Village Of Rocketts Landing","1,946","0.02","2","3.2","Public Water","Sewer - Public","Cash","Individuals"
"1","BRTVAHA2000258","7777-58-9982","CLOSD","11205 Hanover Lane, Hanover VA 23059","23059","Hanover","Single Family Residence","10/18/2022","$85,000","$85,000","1","Resale (occupied at least once)","1950","NONE","0","0.46","3","1.0","Well","Septic","",""
"1","BRTVAHA2000248","7880-12-8643","CLOSD","909 Kitty Hamilton Circle, Hanover VA 23005","23005","Hanover","Townhouse","10/18/2022","$215,000","$220,000","3","Resale (occupied at least once)","2009","COTTAGE GREEN","0","0.00","2","3.0","Public Water","Public Sewer On Site","",""
"1","2225621","N000-0870-012","CLOSD","2900 Noble Avenue, Richmond City VA 23222","23222","Richmond City","Single Family Residence","10/19/2022","$639,950","$648,650","7","Resale (occupied at least once)","1922","Roland Park","3,148","0.21","5","3.1","Public Water","Sewer - Public","Conventional","Individuals"
"1","2219719","E010-0200-028","CLOSD","5427 Parker Street, Richmond City VA 23231","23231","Richmond City","Single Family Residence","10/19/2022","$285,000","$292,500","65","New (never occupied)","2022","Powhatan Annex","1,120","0.16","3","2.1","Public Water","Sewer - Public","VA New","Corporate"
"1","2220363","825-725-0346","CLOSD","225 North Juniper Avenue, Henrico VA 23075","23075","Henrico","Single Family Residence","10/19/2022","$244,900","$244,900","53","Resale (occupied at least once)","1954","Highland Springs","965","0.13","3","2.0","Public Water","Sewer - Public","VA New","Individuals"
"1","2205259","TBD","CLOSD","4896 Sir Sagamore Drive, Chesterfield VA 23237","23237","Chesterfield","Single Family Residence","10/19/2022","$487,140","$487,140","0","New (never occupied)","2022","Kingsland Woods","3,010","","5","3.0","Public Water","Sewer - Public","Conventional","Corporate"
"1","2223820","782-67-76-10-100-000","CLOSD","7530 Lawnbrook Drive, Chesterfield VA 23237","23237","Chesterfield","Single Family Residence","10/19/2022","$380,000","$375,000","1","Resale (occupied at least once)","2020","Hopkins Forest","1,918","0.25","4","2.1","Public Water","Sewer - Public","FHA New","Individuals"
"1","2222003","041D-3-7","CLOSD","2640 Dorset Ridge Turn, Powhatan VA 23139","23139","Powhatan","Single Family Residence","10/19/2022","$460,000","$470,000","4","New (never occupied)","2022","Dorset Ridge","1,802","2.72","4","2.1","Well","Septic - Conventional","FHA New","Individuals"
"1","2222735","798-64-42-53-900-000","CLOSD","2618 Mistwood Forest Drive, Chesterfield VA 23831","23831","Chesterfield","Single Family Residence","10/19/2022","$289,900","$300,000","6","Resale (occupied at least once)","1985","Mistwood Forest","1,409","0.35","3","2.0","Public Water","Sewer - Public","VA New","Individuals"
"1","2225851","728-68-72-31-200-000","CLOSD","3110 Three Bridges Road, Chesterfield VA 23112","23112","Chesterfield","Single Family Residence","10/19/2022","$314,000","$322,000","4","Resale (occupied at least once)","1980","Three Bridges","1,514","0.18","2","2.0","Public Water","Sewer - Public","Conventional","Individuals"
"1","2223706","7797-24-0431","CLOSD","10322 Atlee Station Road, Hanover VA 23116","23116","Hanover","Single Family Residence","10/19/2022","$349,000","$325,000","17","Resale (occupied at least once)","1965","None","1,856","0.99","4","2.0","Public Water","Septic - Conventional","Conventional","Individuals"
"1","2224800","795-66-71-11-800-000","CLOSD","9934 Friend Avenue, Chesterfield VA 23237","23237","Chesterfield","Single Family Residence","10/19/2022","$220,000","$231,000","5","Resale (occupied at least once)","1947","James Friend Prop","1,224","0.48","3","2.0","Public Water","Sewer - Public","Conventional","Individuals"
"1","2225789","744-752-6586.036","CLOSD","2103 Turtle Creek Drive #Unit12, Henrico VA 23233","23233","Henrico","Condominium","10/19/2022","$224,000","$224,000","5","Resale (occupied at least once)","1985","Turtle Creek West Condominiums","980","0.02","2","2.0","Public Water","Sewer - Public","Conventional","Individuals"
"1","2224120","783-65-53-52-400-000","CLOSD","11541 Teterling Road, Chesterfield VA 23831","23831","Chesterfield","Single Family Residence","10/19/2022","$415,000","$417,000","11","Resale (occupied at least once)","1982","Lakewood Farms","3,218","0.56","5","3.1","Public Water","Septic - Conventional","FHA New","Corporate"
"1","2225636","E0000378007","CLOSD","816 North 24th Street, Richmond City VA 23223","23223","Richmond City","Single Family Residence","10/19/2022","$375,000","$372,000","6","Resale (occupied at least once)","2007","None","1,920","0.08","3","2.1","Public Water","Sewer - Public","Conventional","Corporate"
"1","2211809","827660217100000","CLOSD","12072 Almer Lane, Chesterfield VA 23836","23836","Chesterfield","Single Family Residence","10/19/2022","$522,205","$522,205","0","New (never occupied)","2022","The Landings at Meadowville","3,082","","5","3.0","Public Water","Sewer - Public","VA New","Corporate"
"1","2202462","58-54-3-104-0","CLOSD","9327 Citrine Run, Goochland VA 23238","23238","Goochland","Townhouse","10/19/2022","$504,950","$504,950","233","New (never occupied)","2022","Mosaic at West Creek","2,130","","3","3.0","Public Water","Sewer - Public","Conventional","Corporate"
"1","2228214","to be determined","CLOSD","14422 Hancock Towns Drive #UnitL 6-2, Chesterfield VA 23832","23832","Chesterfield","Condominium","10/19/2022","$366,690","$366,690","0","New (never occupied)","2022","Hancock Village","2,500","","3","2.1","Public Water","Sewer - Public","Conventional","Corporate"
"1","2203085","TBD","CLOSD","9118 Cambian Place, Chesterfield VA 23832","23832","Chesterfield","Single Family Residence","10/19/2022","$579,950","$703,120","0","New (never occupied)","2022","Harpers Mill","3,078","","5","4.0","Public Water","Sewer - Public","Conventional","Corporate"
"1","2223265","754-766-5988","CLOSD","5112 Mantle Court, Henrico VA 23060","23060","Henrico","Single Family Residence","10/19/2022","$430,000","$430,000","31","Resale (occupied at least once)","1989","Hearthside Ridge","1,914","0.28","4","2.1","Public Water","Sewer - Public","Conventional","Individuals"
"1","2227458","781653194300130","CLOSD","11600 Ellerbee Mill Avenue #Unit4-3, Chesterfield VA 23831","23831","Chesterfield","Single Family Residence","10/19/2022","$455,792","$454,792","0","New (never occupied)","2022","The Villas at Iron Mill","1,672","","2","2.0","Public Water","Sewer - Public","Conventional","Corporate"
"1","2202780","Not Yet Assigned","CLOSD","9255 Marl Ridge Lane, Hanover VA 23116","23116","Hanover","Townhouse","10/19/2022","$424,655","$424,260","1","New (never occupied)","2022","Giles Farm","2,090","","3","2.1","Public Water","Sewer - Public","Conventional","Corporate"
"1","2208837","699673608900000","CLOSD","6542 Hammock Creek Drive, Chesterfield VA 23120","23120","Chesterfield","Single Family Residence","10/19/2022","$610,420","$610,420","0","New (never occupied)","2022","Magnolia Green","3,260","","4","3.1","Public Water","Sewer - Public","Conventional","Corporate"
"1","2221631","E000-0573-049","CLOSD","630 North 30th Street #Unit1, Richmond City VA 23223","23223","Richmond City","Townhouse","10/19/2022","$449,900","$449,900","46","Resale (occupied at least once)","2018","None","2,112","","3","3.1","Public Water","Sewer - Public","Conventional","Individuals"
"1","2227396","To be determined","CLOSD","11606 Ellerbee Mill Avenue, Chesterfield VA 23831","23831","Chesterfield","Single Family Residence","10/19/2022","$435,509","$435,509","0","New (never occupied)","2022","The Villas at Iron Mill","1,802","","3","2.0","Public Water","Sewer - Public","Cash","Corporate"
"1","2227383","744-756-2218","CLOSD","11227 Church Road, Henrico VA 23233","23233","Henrico","Single Family Residence","10/19/2022","$459,000","$460,000","4","Resale (occupied at least once)","1963","None","1,782","1.35","3","2.0","Well","Septic - Conventional","Cash","Individuals"
"1","2226923","772-735-5697.029","CLOSD","5100 Monument Avenue #Unit311, Henrico VA 23230","23230","Henrico","Condominium","10/19/2022","$154,800","$150,000","2","Resale (occupied at least once)","1961","5100 Monument","880","0.02","1","1.0","Public Water","Sewer - Public","Cash","Individuals"
"1","2226151","777-68-47-76-300-000","CLOSD","4920 Stanley Drive, Chesterfield VA 23234","23234","Chesterfield","Single Family Residence","10/19/2022","$129,900","$155,000","10","Resale (occupied at least once)","1948","Meadow Ridge","1,224","0.33","3","1.0","Public Water","Sewer - Public","Cash","Other"
"1","2225900","744-68-36-41-700-000","CLOSD","11101 Poachers Run, Chesterfield VA 23832","23832","Chesterfield","Single Family Residence","10/19/2022","$319,900","$330,000","5","Resale (occupied at least once)","1989","Hunters Landing","1,752","0.27","4","2.1","Public Water","Sewer - Public","Conventional","Individuals"
"1","2225606","829-695-5633","CLOSD","7251 Creekridge Road, Henrico VA 23231","23231","Henrico","Single Family Residence","10/19/2022","$320,000","$305,000","13","Resale (occupied at least once)","1977","Turner Woods","1,488","1.01","3","1.1","Well","Septic - Conventional","Cash","Individuals"
"1","2225475","053A-1-4","CLOSD","1345 Stavemill Road, Powhatan VA 23139","23139","Powhatan","Single Family Residence","10/19/2022","$499,999","$485,000","5","Resale (occupied at least once)","1986","None","2,892","19.79","4","3.0","Well","Septic - Conventional","Conventional","Individuals"
"1","2225397","779-66-38-59-800-000","CLOSD","9931 Remora Drive, Chesterfield VA 23237","23237","Chesterfield","Single Family Residence","10/19/2022","$249,900","$255,000","6","Resale (occupied at least once)","1983","Salem Woods","1,242","0.32","3","2.0","Public Water","Sewer - Public","Conventional","Individuals"
"1","2225352","58-41-6-19-0","CLOSD","712 Milstead Lane, Goochland VA 23103","23103","Goochland","Single Family Residence","10/19/2022","$949,000","$950,000","7","Resale (occupied at least once)","2019","Kinloch","3,191","0.44","3","3.1","Public Water","Sewer - Public","Cash","Individuals"
"1","2225325","737-71-30-53-500-000","CLOSD","11751 Heathmere Crescent, Chesterfield VA 23113","23113","Chesterfield","Single Family Residence","10/19/2022","$315,000","$315,000","13","Resale (occupied at least once)","1968","Windsor Forest - Chestfld","2,276","0.38","3","2.1","Public Water","Septic - Conventional","Conventional","Individuals"
"1","2225121","776-68-65-60-900-000","CLOSD","5433 Iron Bridge Road, Chesterfield VA 23234","23234","Chesterfield","Single Family Residence","10/19/2022","$195,000","$211,500","2","Resale (occupied at least once)","1953","None","1,872","0.65","5","2.0","Public Water","Sewer - Public","Conventional","Individuals"
"1","2224984","766-69-19-46-700-000","CLOSD","3605 Welch Court, Chesterfield VA 23832","23832","Chesterfield","Single Family Residence","10/19/2022","$299,900","$310,000","4","Resale (occupied at least once)","1984","Belmont Hills West","1,606","0.24","4","3.0","Public Water","Sewer - Public","VA New","Individuals"
"1","2224971","723-65-77-90-200-000","CLOSD","11207 Hazelbury Court, Chesterfield VA 23112","23112","Chesterfield","Single Family Residence","10/19/2022","$449,950","$455,000","7","Resale (occupied at least once)","2019","Collington","2,452","0.28","4","2.1","Public Water","Sewer - Public","Cash","Individuals"
"1","2224770","8724-28-6163","CLOSD","7896 Marshall Arch Drive, Hanover VA 23111","23111","Hanover","Townhouse","10/19/2022","$380,000","$387,000","2","Resale (occupied at least once)","2013","Liberty Trace","2,007","0.11","3","2.1","Public Water","Sewer - Public","Conventional","Individuals"
"1","2224559","809-734-0975","CLOSD","1301 Selma Lane, Henrico VA 23223","23223","Henrico","Single Family Residence","10/19/2022","$364,950","$360,000","10","Resale (occupied at least once)","2003","Clarendon Woods","2,493","0.23","4","2.1","Public Water","Sewer - Public","FHA New","Individuals"
"1","2224263","761-69-72-32-600-000","CLOSD","7733 Yorkdale Drive, Chesterfield VA 23235","23235","Chesterfield","Single Family Residence","10/19/2022","$369,950","$377,000","3","Resale (occupied at least once)","1969","Surreywood","2,634","0.42","4","2.1","Public Water","Sewer - Public","Cash","Individuals"
"1","2224222","C007-0255-005","CLOSD","924 Whitehead Road, Richmond City VA 23225","23225","Richmond City","Single Family Residence","10/19/2022","$225,000","$238,750","8","Resale (occupied at least once)","1967","Worthington Farms","1,181","0.30","3","1.1","Public Water","Sewer - Public","Conventional","Individuals"
"1","2224140","791-66-64-23-300-000","CLOSD","3054 Kenova Drive, Chesterfield VA 23237","23237","Chesterfield","Single Family Residence","10/19/2022","$199,950","$225,000","4","Resale (occupied at least once)","1968","Quail Oaks","1,425","0.21","3","2.0","Public Water","Sewer - Public","FHA New","Individuals"
"1","2224124","817-721-1497","CLOSD","614 Rosedown Lane, Henrico VA 23223","23223","Henrico","Townhouse","10/19/2022","$245,000","$245,000","4","Resale (occupied at least once)","2018","The Townes At Oakleys Bluff","1,294","0.04","3","2.1","Public Water","Community - Sewer/Septic","FHA New","Individuals"
"1","2224076","724-66-84-89-100-000","CLOSD","8001 Ainsdale Lane, Chesterfield VA 23832","23832","Chesterfield","Single Family Residence","10/19/2022","$399,000","$401,129","5","Resale (occupied at least once)","1996","Birkdale","2,530","0.31","4","2.1","Public Water","Sewer - Public","VA New","Individuals"
"1","2223922","740-67-71-26-600-000","CLOSD","12005 Ashley Wilkes Lane, Chesterfield VA 23112","23112","Chesterfield","Single Family Residence","10/19/2022","$229,950","$235,000","5","Resale (occupied at least once)","1981","Glen Tara","1,056","0.27","3","1.0","Public Water","Sewer - Public","Conventional","Individuals"
"1","2223906","788-64-19-95-300-000","CLOSD","4601 Hill Spring Terrace, Chesterfield VA 23831","23831","Chesterfield","Single Family Residence","10/19/2022","$369,900","$374,900","6","Resale (occupied at least once)","1991","Stoney Glen","2,596","0.33","5","2.1","Public Water","Sewer - Public","Conventional","Individuals"
"1","2223804","8707-20-6095","CLOSD","10003 Holly Road, Hanover VA 23116","23116","Hanover","Single Family Residence","10/19/2022","$319,950","$315,000","4","Resale (occupied at least once)","1997","None","2,042","1.03","3","2.0","Well","Septic - Conventional","Conventional","Individuals"
"1","2223722","764-756-2095.216","CLOSD","8420 Obannon Court #Unit12, Henrico VA 23228","23228","Henrico","Condominium","10/19/2022","$184,950","$187,000","11","Resale (occupied at least once)","1985","Shannon Green Condo","912","0.02","2","2.0","Public Water","Sewer - Public","Conventional","Individuals"
"1","2223430","8715-75-5903","CLOSD","8309 Mendenhall Place, Hanover VA 23111","23111","Hanover","Single Family Residence","10/19/2022","$435,000","$440,000","8","Resale (occupied at least once)","2002","Brooks Hollow","3,536","0.60","5","3.1","Public Water","Sewer - Public","FHA New","Individuals"
"1","2223236","7870-61-3911","CLOSD","108 North James Street, Hanover VA 23005","23005","Hanover","Single Family Residence","10/19/2022","$210,000","$200,000","7","Resale (occupied at least once)","1860","None","1,512","0.15","2","1.1","Public Water","Sewer - Public","Cash","Individuals"
"1","2223071","759-735-6191","CLOSD","211 Wood Road, Henrico VA 23229","23229","Henrico","Single Family Residence","10/19/2022","$1,295,000","$1,510,000","11","Resale (occupied at least once)","1949","Westham","3,945","0.47","4","4.0","Public Water","Sewer - Public","Cash","Individuals"
"1","2222800","48-17-0-32-0","CLOSD","7000 Benhall Circle, Goochland VA 23059","23059","Goochland","Single Family Residence","10/19/2022","$625,000","$625,000","35","Resale (occupied at least once)","2014","Parkside Village","2,951","","3","2.1","Public Water","Sewer - Public","Conventional","Individuals"
"1","2222716","N017-0549-022","CLOSD","1900 Maple Shade Lane, Richmond City VA 23227","23227","Richmond City","Single Family Residence","10/19/2022","$275,000","$315,000","3","Resale (occupied at least once)","1954","Cheverly","1,105","0.20","3","1.0","Public Water","Sewer - Public","Conventional","Individuals"
"1","2222046","734-756-4163","CLOSD","12020 Courtyard Glen Place, Henrico VA 23233","23233","Henrico","Single Family Residence","10/19/2022","$375,000","$380,750","4","Resale (occupied at least once)","1998","Courtyard Glen Gary","1,881","0.19","3","0.3","Public Water","Sewer - Public","FHA New","Individuals"
"1","2221646","E000-2295-006","CLOSD","1211 Mount Erin Drive, Richmond City VA 23231","23231","Richmond City","Single Family Residence","10/19/2022","$239,950","$239,950","48","Resale (occupied at least once)","1946","East Lawn","984","0.13","3","1.0","Public Water","Sewer - Public","FHA New","Individuals"
"1","2221141","772-735-5697.026","CLOSD","5100 Monument Avenue #Unit308, Henrico VA 23230","23230","Henrico","Condominium","10/19/2022","$299,500","$293,900","49","Resale (occupied at least once)","1961","5100 Monument","1,604","0.03","3","2.0","Public Water","Sewer - Public","Cash","Individuals"
"1","2219427","016B-1C-3","CLOSD","3766 Tilmans Farm Drive, Powhatan VA 23139","23139","Powhatan","Single Family Residence","10/19/2022","$999,950","$999,950","66","Resale (occupied at least once)","2015","Tilmans Farm","4,800","2.58","4","3.1","Community Well","Septic - Conventional","VA New","Individuals"
"1","2215419","8704-37-0250","CLOSD","8368 Windsor Drive, Hanover VA 23111","23111","Hanover","Single Family Residence","10/19/2022","$499,950","$499,950","40","Resale (occupied at least once)","2008","Elwin Place","2,789","0.57","5","3.1","Public Water","Sewer - Public","Conventional","Individuals"
"1","2207511","040-37Y","CLOSD","2931 Anderson Highway, Powhatan VA 23139","23139","Powhatan","Single Family Residence","10/19/2022","$155,000","$140,000","119","Resale (occupied at least once)","1984","None","1,152","1.00","3","2.0","Well","Septic - Conventional","Cash","Individuals"
"1","2132445","M12-1494-1399","CLOSD","9421 Crumps Mill Road, New Kent VA 23141","23141","New Kent","Single Family Residence","10/19/2022","$549,990","$615,000","70","New (never occupied)","2021","Clopton Forest","2,160","5.33","4","2.1","Well","Septic - Conventional","Cash","Partnership"
"1","2035068","758-733-7658","CLOSD","7102 River Road, Henrico VA 23229","23229","Henrico","Single Family Residence","10/19/2022","$1,089,000","$1,196,464","125","New (never occupied)","2020","None","3,418","0.38","4","3.1","Public Water","Sewer - Public","Conventional","Corporate"
"1","2225543","755-71-44-61-300-000","CLOSD","1625 Pulliam Street, Chesterfield VA 23235","23235","Chesterfield","Single Family Residence","10/20/2022","$399,000","$430,000","4","Resale (occupied at least once)","2003","Holiday Acres","1,758","0.46","3","2.1","Public Water","Sewer - Public","Conventional","Individuals"
"1","2225824","729-70-24-66-300-000","CLOSD","13524 Grove Pond Drive, Chesterfield VA 23114","23114","Chesterfield","Single Family Residence","10/20/2022","$525,000","$525,000","7","Resale (occupied at least once)","2002","The Grove","3,052","0.33","5","2.1","Public Water","Sewer - Public","Conventional","Individuals"
"1","2222683","755-762-1942","CLOSD","9415 Meredith Creek Lane, Henrico VA 23060","23060","Henrico","Townhouse","10/20/2022","$379,950","$395,000","26","Resale (occupied at least once)","2006","The Townes At Meredith Creek","1,994","0.09","3","2.1","Public Water","Sewer - Public","Conventional","Individuals"
"1","2224562","719-68-07-64-300-000","CLOSD","5110 Highberry Woods Road, Chesterfield VA 23112","23112","Chesterfield","Single Family Residence","10/20/2022","$400,000","$400,000","5","Resale (occupied at least once)","1995","Highberry Woods I","2,374","0.18","4","2.1","Public Water","Sewer - Public","Conventional","Individuals"
"1","2217195","793-65-79-13-600-000","CLOSD","11800 Boyd Road, Chesterfield VA 23831","23831","Chesterfield","Single Family Residence","10/20/2022","$339,950","$338,000","44","Resale (occupied at least once)","1959","Chester Heights","2,374","0.55","3","2.0","Well","Sewer - Public","Conventional","Individuals"
"1","2224011","J13-3323-2193","CLOSD","7228 Peyton Randolph Lane #UnitD, New Kent VA 23124","23124","New Kent","Townhouse","10/20/2022","$267,990","$267,990","26","New (never occupied)","2022","Townhomes at Four Seasons","1,564","","3","2.1","Public Water","Sewer - Public","USDA","Corporate"
"1","2220063","N000-0369-012","CLOSD","206 Yancey Street, Richmond City VA 23222","23222","Richmond City","Single Family Residence","10/20/2022","$235,000","$230,000","50","Resale (occupied at least once)","1958","Barton Heights","1,284","0.14","3","1.1","Public Water","Sewer - Public","Conventional","Individuals"
"1","2202162","7890-44-8994","CLOSD","9612 Seven Sisters Drive, Hanover VA 23005","23005","Hanover","Single Family Residence","10/20/2022","$671,839","$679,363","0","New (never occupied)","2022","Hickory Hill","2,415","1.00","3","2.0","Well","Septic - Conventional","Conventional","Corporate, Individuals"
"1","2225032","705-67-00-51-000-000","CLOSD","7388 Nicklaus Circle, Chesterfield VA 23120","23120","Chesterfield","Single Family Residence","10/20/2022","$419,000","$419,000","6","Resale (occupied at least once)","2015","Magnolia Green","2,219","0.13","3","2.1","Public Water","Sewer - Public","FHA New","Individuals"
"1","2224693","796673291300000","CLOSD","8919 Quinnford Boulevard, Chesterfield VA 23237","23237","Chesterfield","Single Family Residence","10/20/2022","$255,000","$255,000","5","Resale (occupied at least once)","2007","Bellwood Heights Dev","1,221","","3","2.0","Public Water","Sewer - Public","Conventional","Individuals"
"1","2209545","738679458100000","CLOSD","12229 Lightning Bug Loop, Chesterfield VA 23112","23112","Chesterfield","Townhouse","10/20/2022","$338,305","$338,305","0","New (never occupied)","2022","Wescott","1,502","","2","2.1","Public Water","Sewer - Public","Conventional","Corporate"
"1","2130279","775-65-64-72-900-000","CLOSD","11348 Benton Pointe Way, Chesterfield VA 23831","23831","Chesterfield","Townhouse","10/20/2022","$323,950","$339,273","146","New (never occupied)","2021","IronBridge Townhomes","1,609","","3","2.1","Public Water","Sewer - Public","Conventional","Corporate"
"1","2130170","To be determined","CLOSD","1524 Westhall Gardens Drive #Unit7-3, Chesterfield VA 23235","23235","Chesterfield","Townhouse","10/20/2022","$357,594","$357,593","52","New (never occupied)","2021","The Townes At Notting Place","1,564","","2","2.0","Public Water","Sewer - Public","Conventional","Corporate"
"1","2205569","7796-77-0279","CLOSD","9267 Marl Ridge Lane, Hanover VA 23116","23116","Hanover","Townhouse","10/20/2022","$459,920","$459,920","0","New (never occupied)","2022","Giles Farm","2,106","","3","2.1","Public Water","Sewer - Public","Conventional","Corporate"
"1","2205657","697670663900000","CLOSD","18337 Palisades Court, Chesterfield VA 23120","23120","Chesterfield","Townhouse","10/20/2022","$406,130","$406,130","7","New (never occupied)","2022","Magnolia Green","1,829","","3","2.1","Public Water","Sewer - Public","Conventional","Corporate"
"1","2225146","782-747-1147","CLOSD","6008 Clover Lane, Henrico VA 23228","23228","Henrico","Single Family Residence","10/20/2022","$269,900","$295,000","4","Resale (occupied at least once)","1952","Hermitage Court Addition","1,365","0.22","3","2.0","Public Water","Sewer - Public","Conventional","Individuals"
"1","2225496","793-63-37-69-700-000","CLOSD","15824 Sandwave Road, Chesterfield VA 23831","23831","Chesterfield","Single Family Residence","10/20/2022","$310,000","$300,000","8","Resale (occupied at least once)","2000","Harrowgate Place","1,908","0.22","3","2.1","Public Water","None","FHA New","Individuals"
"1","2222431","N000-1147-011","CLOSD","527 Northside Avenue, Richmond City VA 23222","23222","Richmond City","Single Family Residence","10/20/2022","$295,000","$295,000","8","Resale (occupied at least once)","1924","Northside Place","1,400","0.09","3","2.1","Public Water","Sewer - Public","Conventional","Individuals"
"1","2223615","C006-0694-022","CLOSD","832 Rosemont Road, Richmond City VA 23224","23224","Richmond City","Single Family Residence","10/20/2022","$280,000","$280,000","12","Resale (occupied at least once)","1970","Warwick Gardens","1,680","0.35","4","2.0","Public Water","Sewer - Public","Conventional","Individuals"
"1","2226213","756-70-39-55-100-000","CLOSD","621 Hartford Lane, Chesterfield VA 23236","23236","Chesterfield","Single Family Residence","10/20/2022","$300,000","$315,000","1","Resale (occupied at least once)","1972","Brookfield","1,670","0.38","3","1.1","Public Water","Sewer - Public","Conventional","Individuals"
"1","2227004","856-703-6339","CLOSD","6464 White Oak Road, Henrico VA 23150","23150","Henrico","Single Family Residence","10/20/2022","$199,950","$168,000","3","Resale (occupied at least once)","1939","Acreage","1,456","1.59","2","2.0","Well","Septic - Conventional","Cash","Individuals"
"1","2226752","8714-58-5449","CLOSD","7222 Hickory Lane, Hanover VA 23111","23111","Hanover","Single Family Residence","10/20/2022","$200,000","$205,000","3","Resale (occupied at least once)","1963","Spring Meadows","1,350","0.43","3","1.0","Public Water","Sewer - Public","Cash","Individuals"
"1","2226744","742-67-93-08-900-000","CLOSD","11548 New Forest Trail, Chesterfield VA 23112","23112","Chesterfield","Single Family Residence","10/20/2022","$270,000","$285,000","2","Resale (occupied at least once)","1996","Bailey Ridge Estates","1,038","0.25","3","2.0","Public Water","Sewer - Public","Conventional","Individuals"
"1","2225665","737665226400000","CLOSD","9500 Raven Wing Drive, Chesterfield VA 23832","23832","Chesterfield","Single Family Residence","10/20/2022","$319,900","$319,900","7","Resale (occupied at least once)","1991","Sleepy Hollow","1,768","1.05","4","2.1","Public Water","Septic - Conventional","Conventional","Individuals"
"1","2225545","026B125","CLOSD","4320 Steger Creek Drive, Powhatan VA 23139","23139","Powhatan","Single Family Residence","10/20/2022","$399,900","$411,000","2","Resale (occupied at least once)","2002","Pocahontas Woods","1,942","3.16","3","2.1","Well","Septic - Conventional","VA New","Individuals"
"1","2225427","795-65-51-58-700-000","CLOSD","3160 Mountclair Road, Chesterfield VA 23831","23831","Chesterfield","Single Family Residence","10/20/2022","$295,000","$300,000","5","Resale (occupied at least once)","1959","None","1,532","0.99","4","2.0","Public Water","Septic - Conventional","Conventional","Individuals"
"1","2225424","745-67-88-49-700-000","CLOSD","10804 Timberun Road, Chesterfield VA 23832","23832","Chesterfield","Single Family Residence","10/20/2022","$310,000","$290,000","6","Resale (occupied at least once)","1986","Great Oaks","1,934","0.40","4","3.0","Public Water","Sewer - Public","Cash","Individuals"
"1","2225314","797-713-4643","CLOSD","106 Rocketts Way, Henrico VA 23231","23231","Henrico","Townhouse","10/20/2022","$647,000","$630,000","10","Resale (occupied at least once)","2014","Village Of Rocketts Landing","1,946","","3","3.1","Public Water","Sewer - Public","Cash","Individuals"
"1","2225183","789-69-13-51-600-000","CLOSD","5012 Oriole Avenue, Chesterfield VA 23234","23234","Chesterfield","Single Family Residence","10/20/2022","$215,000","$205,000","8","Resale (occupied at least once)","1925","Falling Creek Court","768","0.24","2","1.0","Public Water","Sewer - Public","VHDA/FHA","Individuals"
"1","2225019","736-71-53-88-100-000","CLOSD","12151 Wiesinger Lane, Chesterfield VA 23113","23113","Chesterfield","Single Family Residence","10/20/2022","$600,000","$600,000","3","Resale (occupied at least once)","1980","Roxshire","2,820","0.60","5","3.1","Public Water","Sewer - Public","Conventional","Individuals"
"1","2224977","N000-0597-012","CLOSD","100 Overbrook Road, Richmond City VA 23222","23222","Richmond City","Single Family Residence","10/20/2022","$199,000","$222,000","5","Resale (occupied at least once)","1917","Battery Court Addition","2,153","0.24","4","1.1","Public Water","Sewer - Public","Cash","Individuals"
"1","2224959","S000-2018-006","CLOSD","114 West 34th Street, Richmond City VA 23225","23225","Richmond City","Single Family Residence","10/20/2022","$383,500","$395,000","5","Resale (occupied at least once)","1925","West Manchester","1,911","0.11","3","2.1","Public Water","Sewer - Public","Conventional","Individuals"
"1","2224940","038A-1B-1","CLOSD","1411 East Overlook Drive, Powhatan VA 23139","23139","Powhatan","Single Family Residence","10/20/2022","$534,950","$535,000","2","Resale (occupied at least once)","2021","Mill Quarter","2,731","0.57","4","3.0","Public Water","Septic - Conventional","Conventional","Individuals"
"1","2224915","785-67-63-05-200-000","CLOSD","3600 Argent Lane, Chesterfield VA 23237","23237","Chesterfield","Single Family Residence","10/20/2022","$314,900","$320,000","4","Resale (occupied at least once)","2019","Silverleaf","1,398","0.18","3","2.0","Public Water","Sewer - Public","VA New","Individuals"
"1","2224852","732-67-95-56-600-000","CLOSD","4501 Old Well Terrace, Chesterfield VA 23112","23112","Chesterfield","Single Family Residence","10/20/2022","$298,900","$320,000","5","Resale (occupied at least once)","1979","Brandermill","1,476","0.17","3","2.1","Public Water","Sewer - Public","FHA New","Individuals"
"1","2224750","825-717-5889","CLOSD","214 Early Avenue, Henrico VA 23150","23150","Henrico","Single Family Residence","10/20/2022","$339,950","$325,300","12","Resale (occupied at least once)","1953","Sandston","2,565","0.44","4","2.1","Public Water","Sewer - Public","Cash","Individuals"
"1","2224749","747-777-0605","CLOSD","12000 Holman Lane, Henrico VA 23059","23059","Henrico","Single Family Residence","10/20/2022","$599,000","$640,000","5","Resale (occupied at least once)","2000","Wyndham Forest","2,922","0.27","4","2.1","Public Water","Sewer - Public","Conventional","Individuals"
"1","2224531","735-749-4602","CLOSD","1814 Timberly Waye, Henrico VA 23238","23238","Henrico","Townhouse","10/20/2022","$259,950","$252,000","14","Resale (occupied at least once)","1993","Sussex Wood","1,280","0.04","2","2.1","Public Water","Sewer - Public","Conventional","Individuals"
"1","2224247","E000-0936-020","CLOSD","1707 North 20th Street, Richmond City VA 23223","23223","Richmond City","Single Family Residence","10/20/2022","$170,000","$170,000","12","Resale (occupied at least once)","1940","None","1,410","0.11","4","1.0","Public Water","Sewer - Public","Conventional","Individuals"
"1","2223356","742-767-6636.026","CLOSD","4632 Twin Hickory Lake Drive, Henrico VA 23059","23059","Henrico","Condominium","10/20/2022","$299,900","$280,000","19","Resale (occupied at least once)","2002","Holly Glen","1,520","0.03","2","2.0","Public Water","Sewer - Public","Conventional","Individuals"
"1","2222115","716-66-34-64-100-000","CLOSD","8578 Amington Lane, Chesterfield VA 23832","23832","Chesterfield","Single Family Residence","10/20/2022","$499,000","$499,000","50","Resale (occupied at least once)","2016","Harpers Mill","2,496","0.28","3","2.1","Public Water","Sewer - Public","VA New","Individuals"
"1","2222087","712672555200264","CLOSD","6707 Southwalk Heights, Chesterfield VA 23120","23120","Chesterfield","Condominium","10/20/2022","$485,000","$479,000","45","Resale (occupied at least once)","2022","Greenwich Walk At Foxcreek","2,540","","3","3.0","Public Water","Sewer - Public","Conventional","Individuals"
"1","2221376","751-751-7366","CLOSD","2105 Cool Brook Drive, Henrico VA 23229","23229","Henrico","Single Family Residence","10/20/2022","$324,000","$280,000","46","Resale (occupied at least once)","1960","Roxbury","1,648","0.30","4","2.0","Public Water","Sewer - Public","Cash","Individuals"
"1","2220641","W000-1599-045","CLOSD","107 North Nansemond Street, Richmond City VA 23221","23221","Richmond City","Single Family Residence","10/20/2022","$579,000","$585,750","48","Resale (occupied at least once)","1933","None","1,360","0.04","2","2.0","Public Water","Sewer - Public","Conventional","Corporate"
"1","2218625","722-71-53-87-000-000","CLOSD","2421 Viburg Court, Chesterfield VA 23113","23113","Chesterfield","Single Family Residence","10/20/2022","$799,950","$799,950","32","Resale (occupied at least once)","1988","Salisbury","4,537","0.99","5","3.1","Public Water","Sewer - Public","Conventional","Individuals"
"1","2218005","747-70-02-57-600-000","CLOSD","512 Pullbrooke Drive, Chesterfield VA 23236","23236","Chesterfield","Single Family Residence","10/20/2022","$235,000","$235,000","12","Resale (occupied at least once)","1986","Briarcliff Section 2","960","0.30","3","1.0","Public Water","Sewer - Public","FHA New","Individuals"
"1","2216778","823-726-9104","CLOSD","205 North Fern Avenue, Henrico VA 23075","23075","Henrico","Single Family Residence","10/20/2022","$159,000","$153,000","22","Resale (occupied at least once)","1939","Highland Springs","768","0.13","2","1.0","Public Water","Sewer - Public","Conventional","Individuals"
"1","2201654","731-66-22-36-200-000","CLOSD","12906 Craftsbury Mews, Chesterfield VA 23112","23112","Chesterfield","Single Family Residence","10/20/2022","$468,950","$507,852","0","New (never occupied)","2022","Collington East","2,793","","4","3.0","Public Water","Community - Sewer/Septic","Conventional","Corporate"
"1","2200875","761-65-67-64-100-000","CLOSD","8400 Cypress Pond Lane, Chesterfield VA 23838","23838","Chesterfield","Single Family Residence","10/20/2022","$551,950","$662,217","0","New (never occupied)","2022","The Highlands","3,032","","4","3.1","Public Water","Septic - Conventional","Conventional","Corporate"
"1","2200618","TBD","CLOSD","9009 Atlee Road, Hanover VA 23116","23116","Hanover","Single Family Residence","10/20/2022","$506,490","$541,367","5","New (never occupied)","2021","None","2,336","1.48","3","2.1","Well","Other - See Remarks","Conventional","Corporate"
"1","2136476","830-696-1765","CLOSD","7120 Turner Road, Henrico VA 23231","23231","Henrico","Single Family Residence","10/20/2022","$448,000","$463,000","55","New (never occupied)","2021","None","2,577","1.80","5","3.0","Well","Septic - Engineered","Conventional","Corporate"
"1","2114973","712-69-65-35-000-000","CLOSD","2306 Showning Lane, Chesterfield VA 23112","23112","Chesterfield","Single Family Residence","10/20/2022","$1,455,000","$1,314,230","18","New (never occupied)","2021","Hallsley","4,853","","5","4.1","Public Water","Sewer - Public","Conventional","Corporate"
"1","2225918","028A3-1E-7A","CLOSD","2174 Mountain View Road, Powhatan VA 23139","23139","Powhatan","Single Family Residence","10/21/2022","$259,500","$264,500","3","Resale (occupied at least once)","1973","Red Lane","1,060","1.00","3","1.0","Well","Septic - Conventional","Conventional","Individuals"
"1","2220287","769676766500000","CLOSD","7013 Alabaster Terrace, Chesterfield VA 23234","23234","Chesterfield","Single Family Residence","10/21/2022","$420,990","$420,990","12","New (never occupied)","2022","Watermark","2,250","","4","2.0","Public Water","Sewer - Public","VA New","Corporate"
"1","2214266","117519","CLOSD","7363 Fougere Place, New Kent VA 23124","23124","New Kent","Single Family Residence","10/21/2022","$510,990","$510,990","0","New (never occupied)","2022","Arbors","3,590","","4","2.1","Public Water","Sewer - Public","Conventional","Corporate"
"1","2222672","788-68-27-96-300-000","CLOSD","6824 Wentworth Street, Chesterfield VA 23237","23237","Chesterfield","Single Family Residence","10/21/2022","$235,000","$255,000","4","Resale (occupied at least once)","1947","Sherbourne Heights","1,413","0.27","3","2.0","Public Water","Sewer - Public","Conventional","Individuals"
"1","2211916","W000-1342-014","CLOSD","814 Blanton Avenue, Richmond City VA 23221","23221","Richmond City","Single Family Residence","10/21/2022","$739,000","$720,000","103","Resale (occupied at least once)","1924","None","3,413","0.18","4","2.2","Public Water","Sewer - Public","Conventional","Individuals"
"1","2202362","7826-32-5627","CLOSD","16426 Tyler Station Road, Hanover VA 23015","23015","Hanover","Single Family Residence","10/21/2022","$439,450","$439,450","42","New (never occupied)","2022","None","1,933","10.18","3","3.0","Well","Septic - Conventional","FHA New","Corporate"
"1","2221698","TBD","CLOSD","2855 South Street, Chesterfield VA 23834","23834","Chesterfield","Single Family Residence","10/21/2022","$364,990","$364,990","30","New (never occupied)","2022","Timbercreek","1,680","0.51","4","2.1","Public Water","Sewer - Public","VA New","Corporate"
"1","2200824","763-769-1306","CLOSD","10736 Chase Grove Lane, Henrico VA 23060","23060","Henrico","Single Family Residence","10/21/2022","$564,990","$626,260","90","New (never occupied)","2022","Britlyn North","1,947","","4","3.0","Public Water","Sewer - Public","Cash","Corporate"
"1","2223140","810-719-3946","CLOSD","4421 Foxtail Lane, Henrico VA 23223","23223","Henrico","Townhouse","10/21/2022","$204,500","$213,000","7","Resale (occupied at least once)","1991","Foxhill Townhouses","1,320","0.04","3","1.1","Public Water","Sewer - Public","FHA New","Individuals"
"1","2225730","724-71-08-59-500-000","CLOSD","14504 Michaux Springs Place, Chesterfield VA 23113","23113","Chesterfield","Townhouse","10/21/2022","$415,000","$407,500","10","Resale (occupied at least once)","2020","Winterfield Park","2,041","0.03","3","3.1","Public Water","Sewer - Public","Cash","Individuals"
"1","2223550","813-64-95-40-500-000","CLOSD","13806 Parsons Bay Drive, Chesterfield VA 23836","23836","Chesterfield","Single Family Residence","10/21/2022","$479,000","$479,000","9","Resale (occupied at least once)","2009","Ramblewood Forest","3,004","0.39","4","3.1","Public Water","Sewer - Public","Conventional","Individuals"
"1","2225487","712-67-41-12-800-000","CLOSD","6413 Old Moon Terrace, Chesterfield VA 23120","23120","Chesterfield","Single Family Residence","10/21/2022","$569,500","$555,000","8","Resale (occupied at least once)","2007","Foxcreek","3,454","0.41","5","3.1","Public Water","Sewer - Public","FHA New","Individuals"
"1","2223004","727-69-01-77-100-000","CLOSD","13821 Garrison Place Drive, Chesterfield VA 23112","23112","Chesterfield","Single Family Residence","10/21/2022","$379,950","$364,500","4","Resale (occupied at least once)","1984","Garrison Place","1,986","0.19","4","2.1","Public Water","Sewer - Public","VA New","Individuals"
"1","2212987","825660905800000","CLOSD","12020 Almer Lane, Chesterfield VA 23836","23836","Chesterfield","Single Family Residence","10/21/2022","$486,995","$486,995","0","New (never occupied)","2022","The Landings at Meadowville","2,380","","3","2.1","Public Water","Sewer - Public","Conventional","Corporate"
"1","2226322","052A2-4K-10","CLOSD","1257 Avatar Drive, Powhatan VA 23139","23139","Powhatan","Single Family Residence","10/21/2022","$329,900","$342,000","3","Resale (occupied at least once)","1990","Kimberly Farms","1,376","2.49","3","2.0","Well","Septic - Conventional","USDA","Individuals"
"1","2225896","774-66-07-86-100-000","CLOSD","6301 Old Wrexham Place, Chesterfield VA 23832","23832","Chesterfield","Single Family Residence","10/21/2022","$320,000","$337,500","5","Resale (occupied at least once)","1987","Wrexham Estates","1,888","0.45","3","2.1","Public Water","Sewer - Public","Conventional","Other"
"1","2225142","S006-0444-008","CLOSD","4906 Pine Crest Avenue, Richmond City VA 23225","23225","Richmond City","Single Family Residence","10/21/2022","$230,000","$235,000","4","Resale (occupied at least once)","1924","Forest View Heights","1,436","0.16","4","1.0","Public Water","Sewer - Public","Conventional","Individuals"
"1","2225070","052B-4-16","CLOSD","1555 Walkers Ridge Road, Powhatan VA 23139","23139","Powhatan","Single Family Residence","10/21/2022","$375,000","$375,000","13","Resale (occupied at least once)","1999","Walkers Ridge","1,690","2.00","3","2.0","Well","Septic - Conventional","Conventional","Individuals"
"1","2220748","785-68-51-23-100-000","CLOSD","6102 Keydet Court, Chesterfield VA 23234","23234","Chesterfield","Townhouse","10/21/2022","$165,000","$178,000","9","Resale (occupied at least once)","1974","Meadowdale Th Pk","1,178","0.04","3","1.1","Public Water","Sewer - Public","FHA New","Individuals"
"1","2226319","782-67-73-24-500-000","CLOSD","7501 Hopkins Road, Chesterfield VA 23237","23237","Chesterfield","Single Family Residence","10/21/2022","$210,000","$210,000","3","Resale (occupied at least once)","1950","None","1,128","0.51","3","1.0","Public Water","Sewer - Public","Conventional","Individuals"
"1","2226187","728-68-96-01-800-000","CLOSD","13702 Watkins Glen Road, Chesterfield VA 23112","23112","Chesterfield","Single Family Residence","10/21/2022","$299,000","$290,000","3","Resale (occupied at least once)","1980","Watkins Glen","1,419","","3","2.1","Public Water","Sewer - Public","Conventional","Individuals"
"1","2225779","791-66-18-89-300-000","CLOSD","11012 Belvoir Road, Chesterfield VA 23831","23831","Chesterfield","Single Family Residence","10/21/2022","$295,000","$295,000","5","Resale (occupied at least once)","1988","Carrisbrook At Mineola","1,632","0.30","3","2.1","Public Water","Sewer - Public","VA New","Individuals"
"1","2224846","780-770-1248","CLOSD","10830 Tutelo Court, Henrico VA 23059","23059","Henrico","Single Family Residence","10/21/2022","$475,000","$455,000","6","Resale (occupied at least once)","2002","Magnolia Ridge","3,006","0.38","4","2.1","Public Water","Sewer - Public","Conventional","Individuals"
"1","2224768","792-759-4520","CLOSD","8502 Spring Hollow Drive, Henrico VA 23227","23227","Henrico","Single Family Residence","10/21/2022","$350,000","$355,000","18","Resale (occupied at least once)","1972","Northfield","2,126","0.47","4","2.1","Public Water","Sewer - Public","Conventional","Individuals"
"1","2224718","783-67-67-29-100-000","CLOSD","7616 Flagler Road, Chesterfield VA 23237","23237","Chesterfield","Single Family Residence","10/21/2022","$189,900","$195,000","3","Resale (occupied at least once)","1956","Beulah Village","944","0.28","3","1.0","Public Water","Sewer - Public","Conventional","Individuals"
"1","2223234","772-68-34-84-100-000","CLOSD","5913 Barnwood Drive, Chesterfield VA 23234","23234","Chesterfield","Single Family Residence","10/21/2022","$425,000","$425,000","13","Resale (occupied at least once)","2006","Meadowbrook Farm","2,524","0.22","4","2.1","Public Water","Sewer - Public","Conventional","Individuals"
"1","2222169","040A-2A-6","CLOSD","2080 Red Lane Road, Powhatan VA 23139","23139","Powhatan","Single Family Residence","10/21/2022","$269,500","$262,000","20","Resale (occupied at least once)","1940","Red Lane","954","1.12","2","1.1","Well","Septic - Conventional","Conventional","Individuals"
"1","2222847","E000-0001-087","CLOSD","1101 Haxall Point #UnitU706, Richmond City VA 23219","23219","Richmond City","Condominium","10/21/2022","$300,000","$260,000","35","Resale (occupied at least once)","2005","Riverside On The James","693","0.02","1","1.0","Public Water","Sewer - Public","Conventional","Individuals"
"1","2225712","771-68-07-33-000-000","CLOSD","6514 Canute Drive, Chesterfield VA 23234","23234","Chesterfield","Single Family Residence","10/21/2022","$225,000","$227,000","7","Resale (occupied at least once)","1980","Kings Forest","1,056","0.21","3","1.0","Public Water","Sewer - Public","Conventional","Individuals"
"1","2223041","E000-0616-008","CLOSD","1308 North 23rd Street, Richmond City VA 23223","23223","Richmond City","Single Family Residence","10/21/2022","$489,950","$486,500","35","New (never occupied)","2022","Fairmount Park","2,016","0.07","3","2.1","Public Water","Sewer - Public","Conventional","Corporate"
"1","2219081","746-765-7411","CLOSD","4551 Whinny Lane, Henrico VA 23060","23060","Henrico","Townhouse","10/21/2022","$545,000","$555,000","26","Resale (occupied at least once)","2018","Sadler Crossing","2,756","0.08","3","3.1","Public Water","Sewer - Public","Conventional","Individuals"
"1","2225719","751-754-5410","CLOSD","2909 Grand Oaks Place, Henrico VA 23233","23233","Henrico","Single Family Residence","10/21/2022","$375,000","$370,000","6","Resale (occupied at least once)","1999","Rolling Oaks","1,695","0.23","3","2.1","Public Water","Sewer - Public","Conventional","Individuals"
"1","2225640","771-746-2766","CLOSD","6619 Fernwood Street, Henrico VA 23228","23228","Henrico","Single Family Residence","10/21/2022","$264,950","$282,000","5","Resale (occupied at least once)","1979","Greendale Forest","1,000","0.24","3","1.1","Public Water","Sewer - Public","VHDA ","Individuals"
"1","2224720","719-67-49-56-000-000","CLOSD","6221 Willow Glen Road, Chesterfield VA 23112","23112","Chesterfield","Single Family Residence","10/21/2022","$430,000","$450,000","4","Resale (occupied at least once)","1987","Willow Glen","2,496","0.37","4","2.1","Public Water","Sewer - Public","Conventional","Individuals"
"1","2225500","731-67-77-76-600-000","CLOSD","13304 Court Ridge Road, Chesterfield VA 23112","23112","Chesterfield","Single Family Residence","10/21/2022","$279,900","$279,900","4","Resale (occupied at least once)","1977","Brandermill","1,512","0.24","4","2.0","Public Water","Sewer - Public","Cash","Individuals"
"1","2224980","741-66-20-59-800-000","CLOSD","9900 Qualla Road, Chesterfield VA 23832","23832","Chesterfield","Single Family Residence","10/21/2022","$275,000","$243,000","4","Resale (occupied at least once)","1976","None","2,756","2.31","3","2.0","Well","Septic - Conventional","Cash","Individuals"
"1","2225372","8746-42-9654","CLOSD","9138 Blakewood Drive, Hanover VA 23116","23116","Hanover","Single Family Residence","10/21/2022","$299,900","$299,900","9","Resale (occupied at least once)","1971","Dianne Ridge","1,658","0.41","3","2.0","Public Water","Septic - Conventional","Conventional","Individuals"
"1","2224671","33B6 2 2  JD","CLOSD","5723 Flowering Peach Lane, New Kent VA 23140","23140","New Kent","Townhouse","10/21/2022","$243,000","$243,000","3","Resale (occupied at least once)","2008","Oakmont Villas","1,512","0.05","3","2.1","Public Water","Sewer - Public","FHA New","Individuals"
"1","2227543","776-754-1617","CLOSD","8202 Lydell Drive, Henrico VA 23228","23228","Henrico","Single Family Residence","10/21/2022","$299,950","$310,000","4","Resale (occupied at least once)","1974","Glen Hills","1,915","0.33","4","2.1","Public Water","Sewer - Public","Cash","Individuals"
"1","2227484","727-70-31-93-500-141","CLOSD","604 Bristol Village Drive #Unit301, Chesterfield VA 23114","23114","Chesterfield","Condominium","10/21/2022","$209,950","$209,950","1","Resale (occupied at least once)","2005","Bristol Village @ Charter Colony","1,305","21.97","2","2.0","Public Water","Sewer - Public","Cash","Individuals"
"1","2227014","780-66-46-06-100-000","CLOSD","5431 Chatteris Place, Chesterfield VA 23237","23237","Chesterfield","Single Family Residence","10/21/2022","$275,000","$280,000","4","Resale (occupied at least once)","1982","Salem Woods","1,596","0.27","4","2.0","Public Water","Sewer - Public","VHDA ","Individuals"
"1","2226824","S000-2313-003","CLOSD","1506 West 41st Street, Richmond City VA 23225","23225","Richmond City","Single Family Residence","10/21/2022","$520,000","$550,000","7","Resale (occupied at least once)","1939","Forest Hill Park Land Co","1,830","0.17","3","2.0","Public Water","Sewer - Public","Conventional","Individuals"
"1","2226673","737-71-91-28-400-000","CLOSD","3040 Middlewood Road, Chesterfield VA 23113","23113","Chesterfield","Single Family Residence","10/21/2022","$499,950","$456,000","14","Resale (occupied at least once)","1985","Foundry Run","3,658","2.00","5","3.1","Public Water","Sewer - Public","Cash","Estate"
"1","2226444","8714-91-3371","CLOSD","7140 Mccauley Lane, Hanover VA 23111","23111","Hanover","Single Family Residence","10/21/2022","$335,000","$325,000","7","Resale (occupied at least once)","1995","Milton Woods At Highpoint","2,184","0.46","3","2.2","Public Water","Sewer - Public","Cash","Corporate"
"1","2226381","779-66-37-56-300-000","CLOSD","10006 Remora Drive, Chesterfield VA 23237","23237","Chesterfield","Single Family Residence","10/21/2022","$199,000","$190,000","3","Resale (occupied at least once)","1980","Salem Woods","1,248","0.22","3","1.1","Public Water","Sewer - Public","Cash","Individuals"
"1","2226236","W019-0183-004","CLOSD","4813 West Franklin Street, Richmond City VA 23226","23226","Richmond City","Single Family Residence","10/21/2022","$410,000","$425,000","4","Resale (occupied at least once)","1951","Willow Lawn","1,278","0.11","2","2.0","Public Water","Sewer - Public","Cash","Individuals"
"1","2226235","752-71-85-02-600-000","CLOSD","2459 Brookwood Road, Chesterfield VA 23235","23235","Chesterfield","Single Family Residence","10/21/2022","$629,000","$650,000","4","Resale (occupied at least once)","1949","Brookwood","2,874","1.29","4","2.2","Public Water","Septic - Conventional","Conventional","Individuals"
"1","2226226","028C-1E-16","CLOSD","2788 Spencerwood Drive, Powhatan VA 23139","23139","Powhatan","Single Family Residence","10/21/2022","$350,000","$365,000","4","Resale (occupied at least once)","1987","Spencerwood","2,078","2.20","4","2.1","Well","Septic - Conventional","Cash","Individuals"
"1","2226120","748-739-7080","CLOSD","806 Derby Drive, Henrico VA 23229","23229","Henrico","Single Family Residence","10/21/2022","$329,950","$390,000","5","Resale (occupied at least once)","1965","Westriver Hills","1,814","0.36","3","2.0","Public Water","Sewer - Public","Conventional","Individuals"
"1","2226095","S000-0199-013","CLOSD","1500 Porter Street, Richmond City VA 23224","23224","Richmond City","Single Family Residence","10/21/2022","$479,900","$479,900","4","Resale (occupied at least once)","1915","Manchester","3,887","0.13","5","3.0","Public Water","Sewer - Public","VA New","Other"
"1","2226038","731-70-21-62-400-000","CLOSD","13325 Tipple Point Road, Chesterfield VA 23114","23114","Chesterfield","Single Family Residence","10/21/2022","$659,000","$772,000","2","Resale (occupied at least once)","2006","The Grove","3,887","0.33","6","4.1","Public Water","Sewer - Public","Cash","Individuals"
"1","2226037","C005-0621-042","CLOSD","1211 Irby Drive, Richmond City VA 23225","23225","Richmond City","Single Family Residence","10/21/2022","$229,950","$260,000","2","Resale (occupied at least once)","1947","Raleigh Court","1,320","0.26","3","1.0","Public Water","Sewer - Public","Conventional","Individuals"
"1","2225967","41A1 3    13","CLOSD","9320 Minnetree Hill Road, New Kent VA 23140","23140","New Kent","Single Family Residence","10/21/2022","$350,000","$361,000","6","Resale (occupied at least once)","2005","Westview","1,527","1.25","3","2.0","Well","Septic - Conventional","Conventional","Individuals"
"1","2225952","730-66-65-93-100-000","CLOSD","8200 Preakness Court, Chesterfield VA 23112","23112","Chesterfield","Single Family Residence","10/21/2022","$300,000","$271,625","8","Resale (occupied at least once)","1994","Deer Run","1,744","0.33","3","2.1","Public Water","Sewer - Public","Conventional","Individuals"
"1","2225946","786-763-1177","CLOSD","9505 Stonemeadow Court, Henrico VA 23060","23060","Henrico","Single Family Residence","10/21/2022","$280,000","$288,000","7","Resale (occupied at least once)","1998","Stonefield","1,484","0.32","3","2.1","Public Water","Sewer - Public","Conventional","Individuals"
"1","2225865","762-69-60-37-400-000","CLOSD","2208 Oak Water Court, Chesterfield VA 23235","23235","Chesterfield","Single Family Residence","10/21/2022","$375,000","$375,000","6","Resale (occupied at least once)","1983","Surreywood","2,118","0.33","4","2.1","Public Water","Sewer - Public","Conventional","Individuals"
"1","2225810","795-61-77-12-300-000","CLOSD","19521 Julep Circle, Chesterfield VA 23834","23834","Chesterfield","Single Family Residence","10/21/2022","$185,000","$185,000","3","Resale (occupied at least once)","1982","Colonial Pine Estates","1,080","0.34","3","1.1","Public Water","Sewer - Public","Conventional","Individuals"
"1","2225565","7778-74-0876","CLOSD","11356 Scots Hill Terrace, Hanover VA 23059","23059","Hanover","Single Family Residence","10/21/2022","$419,950","$424,950","5","Resale (occupied at least once)","2012","Cedarlea Park","2,284","0.17","4","2.1","Public Water","Sewer - Public","Conventional","Individuals"
"1","2225536","738-69-47-99-400-000","CLOSD","1612 Upperbury Drive, Chesterfield VA 23114","23114","Chesterfield","Single Family Residence","10/21/2022","$400,000","$425,000","3","Resale (occupied at least once)","1999","Westbury","2,131","0.21","4","2.1","Public Water","Sewer - Public","Conventional","Individuals"
"1","2225517","730-66-88-65-300-000","CLOSD","7506 Winning Colors Court, Chesterfield VA 23112","23112","Chesterfield","Single Family Residence","10/21/2022","$350,000","$350,000","6","Resale (occupied at least once)","1991","Deer Run","1,812","0.33","3","2.1","Public Water","Sewer - Public","Conventional","Individuals"
"1","2225499","763-65-36-22-200-000","CLOSD","8512 Eastfair Court, Chesterfield VA 23838","23838","Chesterfield","Single Family Residence","10/21/2022","$499,000","$527,500","4","Resale (occupied at least once)","2000","The Highlands","2,714","1.21","4","3.1","Public Water","Septic - Conventional","Conventional","Individuals"
"1","2225409","762-748-4513","CLOSD","2302 Huntcliff Court, Henrico VA 23294","23294","Henrico","Single Family Residence","10/21/2022","$359,950","$371,500","7","Resale (occupied at least once)","1983","Thousand Oaks","2,144","0.51","3","2.1","Public Water","Sewer - Public","Conventional","Individuals"
"1","2225345","8725-11-6546","CLOSD","8055 Sussex Road, Hanover VA 23111","23111","Hanover","Single Family Residence","10/21/2022","$399,950","$415,000","5","Resale (occupied at least once)","2001","Summer Grove","2,580","0.53","4","2.1","Public Water","Sewer - Public","Conventional","Individuals"
"1","2225312","755-71-79-13-100-000","CLOSD","2213 Buford Road, Chesterfield VA 23235","23235","Chesterfield","Single Family Residence","10/21/2022","$750,000","$851,000","9","Resale (occupied at least once)","1987","None","3,597","0.46","4","3.1","Public Water","Sewer - Public","Conventional","Individuals"
"1","2225310","C006-0159-016","CLOSD","3917 Decatur Street, Richmond City VA 23224","23224","Richmond City","Single Family Residence","10/21/2022","$150,000","$151,000","15","Resale (occupied at least once)","1960","Blackwell","1,583","0.25","3","2.0","Community Well","Community - Sewer/Septic","Cash","Corporate, REO"
"1","2225154","733-757-2996","CLOSD","12705 Stonebriar Lane, Henrico VA 23233","23233","Henrico","Single Family Residence","10/21/2022","$479,000","$492,500","7","Resale (occupied at least once)","1994","Creekwood - Henrico","2,123","0.22","4","2.1","Public Water","Sewer - Public","Conventional","Individuals"
"1","2225126","C001-0891-082","CLOSD","3107 Stony Point Road #UnitUC, Richmond City VA 23235","23235","Richmond City","Condominium","10/21/2022","$354,900","$420,000","7","Resale (occupied at least once)","1987","Bluffs Condo","2,026","22.01","3","2.0","Public Water","Sewer - Public","Cash","Other"
"1","2225063","7815-92-1323","CLOSD","17064 Parsons Road, Hanover VA 23015","23015","Hanover","Single Family Residence","10/21/2022","$410,000","$420,000","4","Resale (occupied at least once)","1981","None","1,856","22.17","3","2.0","Well","Septic - Conventional","Conventional","Individuals"
"1","2225051","792-66-27-77-300-000","CLOSD","10800 Drayton Road, Chesterfield VA 23831","23831","Chesterfield","Single Family Residence","10/21/2022","$289,950","$290,000","14","Resale (occupied at least once)","1987","Chipchase At Mineola","1,480","0.27","3","2.0","Public Water","Sewer - Public","Conventional","Estate"
"1","2224744","761-68-61-39-100-000","CLOSD","4502 Cordova Lane, Chesterfield VA 23832","23832","Chesterfield","Single Family Residence","10/21/2022","$284,950","$310,000","3","Resale (occupied at least once)","1976","Glen Wood","1,794","0.47","3","2.0","Public Water","Sewer - Public","FHA New","Individuals"
"1","2224423","745-746-8899","CLOSD","1576 United Court, Henrico VA 23238","23238","Henrico","Townhouse","10/21/2022","$240,000","$238,000","8","Resale (occupied at least once)","1979","Heritage Hill Raintree","1,280","0.04","3","1.1","Public Water","Sewer - Public","Conventional","Corporate"
"1","2224379","738-71-59-98-200-000","CLOSD","2410 Hillandale Drive, Chesterfield VA 23113","23113","Chesterfield","Single Family Residence","10/21/2022","$529,900","$519,500","12","Resale (occupied at least once)","1987","Hillanne","2,985","0.59","5","2.1","Public Water","Sewer - Public","Conventional","Individuals"
"1","2224340","C004-0548-014","CLOSD","2929 Windsorview Drive, Richmond City VA 23225","23225","Richmond City","Single Family Residence","10/21/2022","$370,000","$305,000","22","Resale (occupied at least once)","1958","Windsorview","1,949","0.48","3","2.0","Public Water","Sewer - Public","Private","Estate"
"1","2224306","781-744-5991","CLOSD","2109 Dumbarton Road, Henrico VA 23228","23228","Henrico","Single Family Residence","10/21/2022","$269,950","$245,000","34","Resale (occupied at least once)","1946","Bryan Parkway","1,302","0.20","3","1.1","Public Water","Sewer - Public","Conventional","Individuals"
"1","2224296","029C-2D-1","CLOSD","2406 Morningview Drive, Powhatan VA 23139","23139","Powhatan","Single Family Residence","10/21/2022","$319,500","$319,500","0","Resale (occupied at least once)","1969","Wood Dale Acres","1,456","1.00","3","2.0","Well","Septic - Conventional","Conventional","Individuals"
"1","2224238","7797-44-8308","CLOSD","10227 Castle Tower Road, Hanover VA 23116","23116","Hanover","Single Family Residence","10/21/2022","$319,500","$325,000","4","Resale (occupied at least once)","1988","Castlewood","1,320","0.35","3","2.0","Public Water","Sewer - Public","FHA New","Individuals"
"1","2224090","032B-11-2","CLOSD","16249 Maple Hall Drive, Powhatan VA 23113","23113","Powhatan","Single Family Residence","10/21/2022","$875,000","$950,000","12","Resale (occupied at least once)","2006","Founders Bridge","4,595","","4","3.2","Public Water","Sewer - Public","Cash","Individuals"
"1","2223949","7796-92-6514","CLOSD","9031 Westone Road, Hanover VA 23116","23116","Hanover","Single Family Residence","10/21/2022","$359,900","$359,900","14","Resale (occupied at least once)","1988","Craney Island Estates","2,050","0.45","3","2.0","Public Water","Sewer - Public","Conventional","Individuals"
"1","2223947","W000-0950-007","CLOSD","2113 Stuart Avenue, Richmond City VA 23220","23220","Richmond City","Single Family Residence","10/21/2022","$1,750,000","$1,649,000","18","Resale (occupied at least once)","2019","None","2,552","0.13","3","3.1","Public Water","Sewer - Public","Cash","Individuals"
"1","2223760","8725-73-1111","CLOSD","6153 Thicket Run Way, Hanover VA 23111","23111","Hanover","Townhouse","10/21/2022","$250,000","$255,000","3","Resale (occupied at least once)","2001","Battlefield Green","1,296","0.04","3","2.1","Public Water","Sewer - Public","FHA New","Individuals"
"1","2223593","784-761-4774","CLOSD","1123 Maryland Avenue, Henrico VA 23060","23060","Henrico","Single Family Residence","10/21/2022","$218,000","$218,000","25","Resale (occupied at least once)","1950","Biltmore","757","0.18","2","1.0","Public Water","Sewer - Public","Cash","Individuals"
"1","2223519","795-61-47-71-200-000","CLOSD","3400 North Street, Chesterfield VA 23803","23803","Chesterfield","Single Family Residence","10/21/2022","$244,950","$235,200","13","Resale (occupied at least once)","2020","Laurel Branch Farms","1,134","0.26","3","2.0","Public Water","Sewer - Public","Conventional","Individuals"
"1","2223390","C008-0593-028","CLOSD","3217 Olive Avenue, Richmond City VA 23234","23234","Richmond City","Single Family Residence","10/21/2022","$259,000","$260,000","18","Resale (occupied at least once)","1957","Chesterfield Court","1,601","0.28","4","2.0","Public Water","Sewer - Public","Conventional","Individuals"
"1","2223377","723-68-73-20-900-000","CLOSD","14304 Cove Ridge Terrace, Chesterfield VA 23112","23112","Chesterfield","Single Family Residence","10/21/2022","$375,000","$380,000","4","Resale (occupied at least once)","1988","Cove Ridge","2,217","0.42","3","2.1","Public Water","Sewer - Public","Conventional","Individuals"
"1","2222954","741-769-3732","CLOSD","5255 Harvest Glen Drive, Henrico VA 23059","23059","Henrico","Single Family Residence","10/21/2022","$695,000","$738,000","6","Resale (occupied at least once)","2002","Harvest Glen At Twin Hickory","3,521","0.39","5","3.1","Public Water","Sewer - Public","Conventional","Individuals"
"1","2222756","S000-0027-101","CLOSD","815 Porter Street #UnitU413, Richmond City VA 23224","23224","Richmond City","Condominium","10/21/2022","$199,950","$192,500","38","Resale (occupied at least once)","1895","Manchester","687","0.02","1","1.0","Public Water","Sewer - Public","Conventional","Individuals"
"1","2222649","761-65-12-28-200-000","CLOSD","11410 Glendevon Road, Chesterfield VA 23838","23838","Chesterfield","Single Family Residence","10/21/2022","$449,900","$456,000","6","Resale (occupied at least once)","1993","The Highlands","2,417","1.93","4","2.1","Public Water","Septic - Conventional","FHA New","Individuals"
"1","2222569","E000-0795-031","CLOSD","1613 North 30th Street, Richmond City VA 23223","23223","Richmond City","Single Family Residence","10/21/2022","$150,000","$170,000","2","Resale (occupied at least once)","1946","Woodville","1,035","0.14","3","1.0","Public Water","Sewer - Public","Conventional","Individuals"
"1","2221308","746-65-46-71-700-000","CLOSD","11311 Beach Road, Chesterfield VA 23838","23838","Chesterfield","Single Family Residence","10/21/2022","$459,000","$440,000","31","Resale (occupied at least once)","1987","None","3,000","4.02","4","3.0","Well","Septic - Conventional","Conventional","Individuals"
"1","2221058","W019-0303-001","CLOSD","4708 Cary Street Road, Richmond City VA 23226","23226","Richmond City","Single Family Residence","10/21/2022","$1,995,000","$1,940,000","20","Resale (occupied at least once)","1933","Matoaka Place","4,904","0.95","5","5.1","Public Water","Sewer - Public","Cash","Individuals"
"1","2220636","794-65-00-17-900-000","CLOSD","12808 Richmond Street, Chesterfield VA 23831","23831","Chesterfield","Single Family Residence","10/21/2022","$329,800","$330,000","31","Resale (occupied at least once)","1964","None","2,084","0.37","3","2.1","Public Water","Sewer - Public","Conventional","Individuals"
"1","2219650","C008-1221-031","CLOSD","5224 Bemiss Road, Richmond City VA 23234","23234","Richmond City","Single Family Residence","10/21/2022","$335,000","$335,000","14","Resale (occupied at least once)","2010","Brookbury","2,058","0.65","4","2.1","Public Water","Sewer - Public","Conventional","Individuals"
"1","2219619","791-65-33-24-700-000","CLOSD","3921 Curtis Street, Chesterfield VA 23831","23831","Chesterfield","Single Family Residence","10/21/2022","$329,900","$325,500","65","New (never occupied)","2022","None","1,599","0.25","4","2.1","Public Water","Sewer - Public","FHA New","Corporate"
"1","2218559","712-69-75-94-100-000","CLOSD","15931 Drumone Road, Chesterfield VA 23112","23112","Chesterfield","Single Family Residence","10/21/2022","$1,179,000","$1,179,000","35","Resale (occupied at least once)","2014","Hallsley","4,971","0.40","5","5.1","Public Water","Sewer - Public","Conventional","Individuals"
"1","2218343","027C-4-7","CLOSD","2330 Branchway Creek Drive, Powhatan VA 23139","23139","Powhatan","Single Family Residence","10/21/2022","$549,950","$549,000","78","New (never occupied)","2022","Branchway Springs","2,300","2.02","4","2.1","Well","Septic - Conventional","Conventional","Individuals"
"1","2216814","797-711-6266.022","CLOSD","5301 Old Main Street #UnitB, Henrico VA 23231","23231","Henrico","Condominium","10/21/2022","$570,000","$555,000","52","Resale (occupied at least once)","2018","Village Of Rocketts Landing","2,509","1.65","3","2.1","Public Water","Sewer - Public","Cash","Individuals"
"1","2216756","N000-0446-014","CLOSD","2111 Greenwood Avenue, Richmond City VA 23222","23222","Richmond City","Single Family Residence","10/21/2022","$399,950","$395,000","46","Resale (occupied at least once)","1915","Barton Heights","2,032","0.14","4","3.0","Public Water","Sewer - Public","FHA New","Individuals"
"1","2216532","777-66-91-13-500-000","CLOSD","8813 Rainwater Road, Chesterfield VA 23237","23237","Chesterfield","Single Family Residence","10/21/2022","$244,999","$240,000","15","Resale (occupied at least once)","1978","Huntingcreek Hills","1,056","0.30","3","2.0","Public Water","Sewer - Public","Conventional","Individuals"
"1","2216045","64-15-B-3-0","CLOSD","29 Dahlgren Road, Goochland VA 23238","23238","Goochland","Single Family Residence","10/21/2022","$875,000","$850,000","97","Resale (occupied at least once)","1984","Lower Tuckahoe","3,362","0.68","4","3.1","Public Water","Septic - Conventional","Conventional","Individuals"
"1","2215814","714-69-33-23-400-000","CLOSD","15625 Cedarville Drive, Chesterfield VA 23112","23112","Chesterfield","Single Family Residence","10/21/2022","$449,900","$449,900","106","New (never occupied)","2022","Newmarket","2,118","0.25","4","2.1","Public Water","Sewer - Public","Conventional","Other"
"1","2215652","C004-0332-008","CLOSD","7622 Comanche Drive, Richmond City VA 23225","23225","Richmond City","Single Family Residence","10/21/2022","$439,500","$360,000","91","Resale (occupied at least once)","1960","Cherokee Estates","2,376","0.64","4","2.1","Public Water","Sewer - Public","Other","Individuals"
"1","2211001","26-45","CLOSD","9000 Church Lane, Charles City County VA 23030","23030","Charles City County","Single Family Residence","10/21/2022","$214,999","$214,999","40","Resale (occupied at least once)","1971","None","1,288","2.00","3","1.0","Well","Septic - Conventional","VHDA/FHA","Individuals"
"1","2114962","TBD","CLOSD","Flowers Way, Hanover VA 23111","23111","Hanover","Single Family Residence","10/21/2022","$745,711","$783,091","195","New (never occupied)","2021","None","3,400","","3","3.0","Well","Septic - Conventional","Conventional","Corporate"
"1","BRTVACF2000256","NO TAX RECORD","CLOSD","15625 Cedarville Drive, Chesterfield VA 23112","23112","Chesterfield","Single Family Residence","10/21/2022","$449,900","$449,900","104","New (never occupied)","2022","ROUNTREY","2,118","0.25","4","3.0","Public Water","Sewer - Public","",""
"1","REIN10437562","K32-1784-1712","CLOSD","7832 Plum Point Road, New Kent VA 23181","23181","New Kent","Single Family Residence","10/21/2022","$60,000","$60,000","7","Resale (occupied at least once)","1957","PLUM POINT","934","0.17","3","1.0","Well","Septic","",""
"1","2224669","772-69-09-41-100-000","CLOSD","5507 Heatherhill Drive, Chesterfield VA 23234","23234","Chesterfield","Single Family Residence","10/22/2022","$236,000","$236,000","3","Resale (occupied at least once)","1978","Whale Rock","1,232","0.29","3","2.0","Public Water","Sewer - Public","Conventional","Individuals"
"1","2223410","E000-0578-006","CLOSD","2908 East Franklin Street, Richmond City VA 23223","23223","Richmond City","Single Family Residence","10/24/2022","$599,950","$600,000","14","Resale (occupied at least once)","2017","None","2,418","0.07","3","2.1","Public Water","Sewer - Public","Conventional","Individuals"
"1","2225541","C005-0097-030","CLOSD","5713 Regent Circle, Richmond City VA 23225","23225","Richmond City","Single Family Residence","10/24/2022","$649,950","$700,000","4","Resale (occupied at least once)","1988","Westover Hills West","2,649","0.74","4","2.1","Public Water","Sewer - Public","Conventional","Individuals"
"1","2221874","717-68-18-68-400-000","CLOSD","15612 High Falls Court, Chesterfield VA 23120","23120","Chesterfield","Single Family Residence","10/24/2022","$709,000","$695,000","44","Resale (occupied at least once)","2018","The Landing At Swift Creek","3,006","0.61","3","3.1","Public Water","Sewer - Public","Conventional","Individuals"
"1","2224628","7797-51-7776","CLOSD","10089 Gathright Valley Court, Hanover VA 23116","23116","Hanover","Single Family Residence","10/24/2022","$490,000","$490,000","5","Resale (occupied at least once)","1995","Kings Charter","2,970","0.27","4","2.1","Public Water","Sewer - Public","Conventional","Individuals"
"1","2222414","798-64-90-79-000-000","CLOSD","13437 Evelyn Drive, Chesterfield VA 23831","23831","Chesterfield","Single Family Residence","10/24/2022","$260,000","$269,000","6","Resale (occupied at least once)","1991","Craddock Point","1,452","0.22","3","2.1","Public Water","Sewer - Public","VA New","Individuals"
"1","2224460","7798-61-4771","CLOSD","9174 Hunters Chase Court, Hanover VA 23116","23116","Hanover","Single Family Residence","10/24/2022","$440,000","$450,000","4","Resale (occupied at least once)","1993","Fox Head","2,456","0.35","4","2.1","Public Water","Sewer - Public","Conventional","Individuals"
"1","2224360","E000-0626-005","CLOSD","1226 North 31st Street, Richmond City VA 23223","23223","Richmond City","Single Family Residence","10/24/2022","$309,950","$311,950","17","Resale (occupied at least once)","1910","None","1,216","0.06","3","2.1","Public Water","Sewer - Public","Conventional","Corporate"
"1","2225784","718-66-71-31-300-000","CLOSD","7947 Featherchase Terrace, Chesterfield VA 23832","23832","Chesterfield","Single Family Residence","10/24/2022","$334,777","$322,000","3","Resale (occupied at least once)","1997","Ashbrook","1,543","0.27","4","2.1","Public Water","Sewer - Public","Conventional","Individuals"
"1","2203185","TBD","CLOSD","204 Sag Harbor Court #UnitE, Henrico VA 23075","23075","Henrico","Townhouse","10/24/2022","$252,980","$252,980","0","New (never occupied)","2022","Easthampton","1,440","","3","2.0","Public Water","Sewer - Public","Conventional","Corporate"
"1","2223255","740-776-1773","CLOSD","6561 Glenshaw Drive, Henrico VA 23059","23059","Henrico","Townhouse","10/24/2022","$399,950","$385,000","1","Resale (occupied at least once)","2002","Courtland @ Wyndham","1,818","0.10","3","2.1","Public Water","Sewer - Public","Cash","Individuals"
"1","2224742","735-749-4905","CLOSD","1818 Timberly Waye, Henrico VA 23238","23238","Henrico","Townhouse","10/24/2022","$249,950","$249,950","15","Resale (occupied at least once)","1993","Sussex Wood","1,280","0.04","2","1.1","Public Water","Sewer - Public","Conventional","Individuals"
"1","2224190","789-757-3172","CLOSD","908 Penobscot Road, Henrico VA 23227","23227","Henrico","Single Family Residence","10/24/2022","$315,000","$324,408","12","Resale (occupied at least once)","1959","Wildwood","1,658","0.28","3","1.1","Public Water","Sewer - Public","Conventional","Individuals"
"1","2228256","7870-85-7807","CLOSD","804 Henry Street, Hanover VA 23005","23005","Hanover","Single Family Residence","10/24/2022","$139,000","$146,000","3","Resale (occupied at least once)","1960","North Ashland","1,378","1.34","3","1.0","Well","Septic - Conventional","Cash","Individuals"
"1","2225706","E000-0862-008","CLOSD","1604 Peter Paul Boulevard, Richmond City VA 23223","23223","Richmond City","Single Family Residence","10/24/2022","$189,995","$210,000","11","Resale (occupied at least once)","1944","Peter Paul Tract","816","0.14","3","1.0","Public Water","Sewer - Public","Conventional","Individuals"
"1","2225599","W020-0107-010","CLOSD","324 Oak Lane, Richmond City VA 23226","23226","Richmond City","Single Family Residence","10/24/2022","$995,000","$1,005,000","5","Resale (occupied at least once)","1956","Hampton Gardens","3,144","0.49","3","3.1","Public Water","Sewer - Public","Cash","Individuals"
"1","2225594","830-690-9503","CLOSD","4117 Darbytown Road, Henrico VA 23231","23231","Henrico","Single Family Residence","10/24/2022","$199,500","$180,000","4","Resale (occupied at least once)","1938","Acreage","1,725","1.98","3","2.0","Well","Septic - Engineered","Conventional","Individuals"
"1","2225582","757-64-55-55-400-000","CLOSD","9611 Woodpecker Road, Chesterfield VA 23838","23838","Chesterfield","Single Family Residence","10/24/2022","$475,000","$480,000","4","Resale (occupied at least once)","1990","None","2,641","5.78","4","2.1","Well","Septic - Conventional","Conventional","Individuals"
"1","2225571","752-68-84-15-400-000","CLOSD","9303 Amberleigh Circle, Chesterfield VA 23236","23236","Chesterfield","Townhouse","10/24/2022","$425,000","$455,000","6","Resale (occupied at least once)","2017","Amberleigh","1,738","0.13","3","2.0","Public Water","Sewer - Public","Conventional","Individuals"
"1","2225532","W000-0166-053","CLOSD","513 South Cherry Street, Richmond City VA 23220","23220","Richmond City","Single Family Residence","10/24/2022","$499,000","$505,000","9","Resale (occupied at least once)","2009","None","2,156","0.07","3","2.1","Public Water","Sewer - Public","Conventional","Individuals"
"1","2225491","E000-2024-028","CLOSD","904 State Street, Richmond City VA 23231","23231","Richmond City","Single Family Residence","10/24/2022","$275,000","$289,500","6","Resale (occupied at least once)","1987","Fulton Manor","1,686","0.17","4","2.0","Public Water","Sewer - Public","Conventional","Individuals"
"1","2225444","716-66-67-38-300-000","CLOSD","7830 Twisted Cedar Terrace, Chesterfield VA 23832","23832","Chesterfield","Single Family Residence","10/24/2022","$345,000","$350,000","1","Resale (occupied at least once)","2004","Ashbrook","2,040","0.23","4","2.1","Public Water","Sewer - Public","Conventional","Individuals"
"1","2225379","779-64-13-62-300-000","CLOSD","14421 Creek Stone Drive, Chesterfield VA 23838","23838","Chesterfield","Single Family Residence","10/24/2022","$435,000","$450,000","4","Resale (occupied at least once)","1989","Glebe Point","2,540","0.77","4","2.1","Public Water","Septic - Conventional","Conventional","Individuals"
"1","2225367","718-66-64-39-300-000","CLOSD","15025 Featherchase Drive, Chesterfield VA 23832","23832","Chesterfield","Single Family Residence","10/24/2022","$330,000","$325,000","2","Resale (occupied at least once)","1997","Ashbrook","1,449","0.26","3","2.0","Public Water","Sewer - Public","Cash","Individuals"
"1","2225257","744-751-8255","CLOSD","2200 Boulder Run Place, Henrico VA 23238","23238","Henrico","Townhouse","10/24/2022","$299,950","$299,950","6","Resale (occupied at least once)","1985","Stony Run","1,621","0.16","3","2.0","Public Water","Sewer - Public","Conventional","Individuals"
"1","2225186","754-69-72-25-400-000","CLOSD","1800 Camborne Road, Chesterfield VA 23236","23236","Chesterfield","Single Family Residence","10/24/2022","$275,000","$280,000","4","Resale (occupied at least once)","1968","Spring Hill","1,560","0.74","3","2.0","Public Water","Sewer - Public","Conventional","Individuals"
"1","2224649","741-69-02-95-400-000","CLOSD","2201 Brookforest Road, Chesterfield VA 23112","23112","Chesterfield","Single Family Residence","10/24/2022","$336,000","$405,000","8","Resale (occupied at least once)","2008","Walnut Grove","1,916","0.58","4","2.0","Public Water","Sewer - Public","Cash","Individuals"
"1","2224168","C007-0310-016","CLOSD","6555 Holliday Road, Richmond City VA 23225","23225","Richmond City","Single Family Residence","10/24/2022","$225,000","$260,000","4","Resale (occupied at least once)","1959","Worthington Farms","1,098","0.31","3","2.0","Public Water","Sewer - Public","Conventional","Individuals"
"1","2223229","751-754-1925","CLOSD","10129 Grand Oaks Drive, Henrico VA 23233","23233","Henrico","Single Family Residence","10/24/2022","$350,000","$365,000","5","Resale (occupied at least once)","1997","Rolling Oaks","1,695","0.26","3","2.1","Public Water","Sewer - Public","Conventional","Individuals"
"1","2222769","732-745-2056","CLOSD","1403 Westshire Lane, Henrico VA 23238","23238","Henrico","Single Family Residence","10/24/2022","$409,900","$397,000","25","Resale (occupied at least once)","1972","Tuckahoe Village West","2,697","0.40","4","3.1","Public Water","Sewer - Public","Conventional","Individuals"
"1","2221548","N000-1823-026","CLOSD","1318 West Laburnum Avenue, Richmond City VA 23227","23227","Richmond City","Single Family Residence","10/24/2022","$449,777","$467,500","7","Resale (occupied at least once)","1925","Brookdale","1,720","0.15","4","2.0","Public Water","Sewer - Public","Conventional","Individuals"
"1","2221352","757-64-79-66-400-000","CLOSD","8819 First Branch Lane, Chesterfield VA 23838","23838","Chesterfield","Single Family Residence","10/24/2022","$640,000","$630,000","56","Resale (occupied at least once)","2005","Woodland Pond","3,563","1.61","5","4.0","Public Water","Septic - Conventional","VA New","Individuals"
"1","2220645","14-1-0-9-A","CLOSD","3604 Shepherd Spring Road, Goochland VA 23065","23065","Goochland","Single Family Residence","10/24/2022","$370,000","$356,000","37","Resale (occupied at least once)","1990","None","2,102","2.55","4","3.0","Well","Septic - Conventional","FHA New","Individuals"
"1","2219902","822-64-55-72-100-000","CLOSD","14412 Tranor Avenue, Chesterfield VA 23836","23836","Chesterfield","Single Family Residence","10/24/2022","$335,000","$340,000","33","Resale (occupied at least once)","1971","Forest Glenn","1,791","0.46","4","2.0","Public Water","Sewer - Public","FHA New","Individuals"
"1","2217537","W022-0205-003","CLOSD","113 Tempsford Lane, Richmond City VA 23226","23226","Richmond City","Single Family Residence","10/24/2022","$1,150,000","$1,200,000","10","Resale (occupied at least once)","1953","None","3,990","0.49","4","4.1","Public Water","Sewer - Public","Cash","Individuals"
"1","2215880","755-761-2888","CLOSD","9512 Spring Moss Terrace, Henrico VA 23060","23060","Henrico","Townhouse","10/24/2022","$370,000","$365,000","51","Resale (occupied at least once)","2003","The Townes At Meredith Creek","1,966","0.06","3","2.1","Public Water","Sewer - Public","Conventional","Individuals"
"1","2203202","730-66-29-96-400-000","CLOSD","9700 Craftsbury Drive, Chesterfield VA 23112","23112","Chesterfield","Single Family Residence","10/24/2022","$482,950","$586,252","0","New (never occupied)","2022","Collington East","2,964","","4","3.0","Public Water","Sewer - Public","Conventional","Corporate"
"1","2129008","777671164500000","CLOSD","5642 Windingrun Place, Chesterfield VA 23237","23237","Chesterfield","Single Family Residence","10/24/2022","$456,750","$505,438","0","New (never occupied)","2021","Reedy Springs","3,124","","5","2.1","Public Water","Sewer - Public","VA New","Corporate"
"1","BRTVAHN2000140","816-724-9531","CLOSD","5607 Yates Lane, Henrico VA 23223","23223","Henrico","Single Family Residence","10/24/2022","$299,000","$295,000","71","Resale (occupied at least once)","1985","NONE AVAILABLE","1,745","0.20","4","2.0","Public Water","Public Sewer On Site","",""
"1","BRTVARC2000178","N0000506008","CLOSD","1900 5Th Avenue, Richmond City VA 23222","23222","Richmond City","Single Family Residence","10/25/2022","$380,000","$369,000","33","Resale (occupied at least once)","1920","CHESTNUT HILLS","2,316","0.14","4","3.0","Public Water","Public Sewer On Site","",""
"1","2226405","707-70-01-94-300-000","CLOSD","1107 Mt Hermon Road, Chesterfield VA 23112","23112","Chesterfield","Single Family Residence","10/25/2022","$475,000","$472,000","12","Resale (occupied at least once)","1993","None","2,479","3.42","4","2.1","Well","Septic - Conventional","Conventional","Individuals"
"1","2223466","720-67-98-36-100-000","CLOSD","14605 Standing Oak Court, Chesterfield VA 23112","23112","Chesterfield","Single Family Residence","10/25/2022","$369,950","$385,000","20","Resale (occupied at least once)","1989","Standing Oak","2,155","0.23","4","2.1","Public Water","Sewer - Public","Conventional","Individuals"
"1","2222839","728-66-47-96-500-000","CLOSD","8011 Whirlaway Drive, Chesterfield VA 23112","23112","Chesterfield","Single Family Residence","10/25/2022","$450,000","$437,500","35","Resale (occupied at least once)","1997","Winners Circle At Triple","2,450","0.34","5","3.1","Public Water","Sewer - Public","Conventional","Individuals"
"1","2224272","791-65-55-07-300-000","CLOSD","3751 West Hundred Road, Chesterfield VA 23831","23831","Chesterfield","Single Family Residence","10/25/2022","$340,000","$343,000","7","Resale (occupied at least once)","1976","None","2,004","1.60","4","2.1","Public Water","Septic - Conventional","FHA New","Individuals"
"1","2226171","S000-1483-005","CLOSD","3201 Forest Hill Avenue, Richmond City VA 23225","23225","Richmond City","Single Family Residence","10/25/2022","$450,000","$450,000","9","Resale (occupied at least once)","1920","Woodland Heights","1,768","0.21","3","3.0","Public Water","Sewer - Public","Conventional","Individuals"
"1","2206523","769654078800000","CLOSD","8201 Calypso Lane, Chesterfield VA 23838","23838","Chesterfield","Single Family Residence","10/25/2022","$777,210","$777,210","0","New (never occupied)","2022","The Highlands","6,076","","5","5.1","Public Water","Sewer - Public","VA New","Corporate"
"1","2221976","767-67-99-90-500-000","CLOSD","7125 Lake Caroline Drive, Chesterfield VA 23832","23832","Chesterfield","Single Family Residence","10/25/2022","$372,000","$372,000","39","Resale (occupied at least once)","2005","Kingsland Glen","2,021","0.31","4","2.1","Public Water","Sewer - Public","Conventional","Individuals"
"1","2208681","738679478300000","CLOSD","12225 Lightning Bug Loop, Chesterfield VA 23112","23112","Chesterfield","Townhouse","10/25/2022","$324,815","$324,815","0","New (never occupied)","2022","Wescott","1,441","","3","2.1","Public Water","Sewer - Public","Conventional","Corporate"
"1","2211162","19B1 1CA  19","CLOSD","3016 Cardinal Drive, New Kent VA 23141","23141","New Kent","Single Family Residence","10/25/2022","$299,995","$250,000","130","Resale (occupied at least once)","1979","Five Lakes","1,196","0.86","3","2.0","Community Well","Septic - Conventional","Conventional","Individuals"
"1","2206768","TBD","CLOSD","202 Sag Harbor Court #UnitF, Henrico VA 23075","23075","Henrico","Townhouse","10/25/2022","$254,265","$254,265","0","New (never occupied)","2022","Easthampton","1,440","","3","2.1","Public Water","Sewer - Public","Conventional","Corporate"
"1","2225964","N005-1187-006","CLOSD","3311 Detroit Avenue, Richmond City VA 23222","23222","Richmond City","Single Family Residence","10/25/2022","$175,000","$166,000","10","Resale (occupied at least once)","1966","Highland Park Addition","1,680","0.14","3","2.0","Public Water","Sewer - Public","Cash","Individuals"
"1","2208815","7796-77-1461","CLOSD","9262 Marl Ridge Lane, Hanover VA 23116","23116","Hanover","Townhouse","10/25/2022","$465,530","$465,875","7","New (never occupied)","2022","Giles Farm","2,106","","3","2.1","Public Water","Sewer - Public","Conventional","Corporate"
"1","2211305","20B-1-6","CLOSD","3667 Kingsfield Road, New Kent VA 23141","23141","New Kent","Single Family Residence","10/25/2022","$423,820","$423,820","107","New (never occupied)","2022","Kingsfield","2,236","","4","2.1","Well","Septic - Engineered","Cash","Corporate"
"1","2205717","69767064400000","CLOSD","18341 Palisades Court, Chesterfield VA 23120","23120","Chesterfield","Townhouse","10/25/2022","$420,150","$449,610","0","New (never occupied)","2022","Magnolia Green","2,531","","4","3.1","Public Water","Sewer - Public","Conventional","Corporate"
"1","2225249","826-65-99-25-400-000","CLOSD","12113 Winbolt Drive, Chesterfield VA 23836","23836","Chesterfield","Single Family Residence","10/25/2022","$474,995","$475,000","10","Resale (occupied at least once)","2016","Mount Blanco On The James","3,344","0.35","5","3.0","Public Water","Sewer - Public","VA New","Individuals"
"1","2224125","S000-1224-002","CLOSD","2861 Lawson Street, Richmond City VA 23224","23224","Richmond City","Single Family Residence","10/25/2022","$229,900","$229,900","27","Resale (occupied at least once)","1927","None","1,140","0.05","3","1.1","Public Water","Sewer - Public","Conventional","Individuals"
"1","2218713","731-67-86-02-600-000","CLOSD","13313 Farm Crest Court, Chesterfield VA 23112","23112","Chesterfield","Single Family Residence","10/25/2022","$269,000","$269,000","25","Resale (occupied at least once)","1977","Brandermill","1,568","0.17","3","2.0","Public Water","Sewer - Public","FHA New","Individuals"
"1","2225902","758-684-43-44-00000","CLOSD","4507 Cindiwood Drive, Chesterfield VA 23236","23236","Chesterfield","Single Family Residence","10/25/2022","$375,000","$388,000","5","Resale (occupied at least once)","2001","Jacobs Glenn","2,632","0.37","5","3.1","Public Water","Sewer - Public","Conventional","Individuals"
"1","2136157","715-66-12-08-100-000","CLOSD","15619 Henningford Road, Chesterfield VA 23832","23832","Chesterfield","Single Family Residence","10/25/2022","$472,950","$546,230","0","New (never occupied)","2022","Harpers Mill","2,452","","4","3.0","Public Water","Sewer - Public","Conventional","Corporate"
"1","2226028","743-62-46-24-200-000","CLOSD","11845 St Audries Drive, Chesterfield VA 23838","23838","Chesterfield","Single Family Residence","10/25/2022","$379,900","$375,000","3","Resale (occupied at least once)","2017","Rivers Trace","2,010","1.33","4","2.1","Public Water","Septic - Conventional","Conventional","Individuals"
"1","2227633","774-747-6590","CLOSD","6907 Greendale Road, Henrico VA 23228","23228","Henrico","Single Family Residence","10/25/2022","$125,000","$126,000","5","Resale (occupied at least once)","1946","Ruthland","751","0.26","2","1.0","Public Water","Sewer - Public","Cash","Individuals"
"1","2227284","757-68-50-88-700-000","CLOSD","4107 Boonesboro Drive, Chesterfield VA 23236","23236","Chesterfield","Single Family Residence","10/25/2022","$235,000","$250,000","2","Resale (occupied at least once)","1991","Fernbrook","1,548","0.58","3","2.1","Public Water","Sewer - Public","Cash","Individuals"
"1","2226877","746-738-0542","CLOSD","9400 Belfort Road, Henrico VA 23229","23229","Henrico","Single Family Residence","10/25/2022","$449,950","$425,000","9","Resale (occupied at least once)","1961","Brandon","1,719","0.67","3","2.0","Public Water","Sewer - Public","Cash","Individuals"
"1","2226618","733-759-1552","CLOSD","3708 Bremerton Drive, Henrico VA 23233","23233","Henrico","Single Family Residence","10/25/2022","$489,950","$525,000","4","Resale (occupied at least once)","1993","Bremerton At Wellesley","2,621","0.37","4","2.1","Public Water","None","Conventional","Individuals"
"1","2226308","805-730-2929","CLOSD","3003 Peabody Lane, Henrico VA 23223","23223","Henrico","Single Family Residence","10/25/2022","$218,500","$212,000","4","Resale (occupied at least once)","1976","Forham Village","1,544","0.24","3","1.2","Public Water","Community - Sewer/Septic","Cash","Individuals"
"1","2226159","736-757-3863","CLOSD","11800 Rutgers Drive, Henrico VA 23233","23233","Henrico","Single Family Residence","10/25/2022","$529,950","$519,950","10","Resale (occupied at least once)","1989","Glen Gary","2,365","0.22","4","2.1","Public Water","Sewer - Public","Conventional","Individuals"
"1","2225910","C009-0646-006","CLOSD","3149 Bashford Lane, Richmond City VA 23234","23234","Richmond City","Single Family Residence","10/25/2022","$125,000","$95,000","19","Resale (occupied at least once)","1940","Scottdale","663","0.18","2","1.0","Public Water","Sewer - Public","Cash","Other"
"1","2225625","758-761-0267","CLOSD","4612 Kayhoe Road, Henrico VA 23060","23060","Henrico","Single Family Residence","10/25/2022","$285,000","$317,000","8","Resale (occupied at least once)","1990","Purcell Acres","1,516","0.18","4","2.0","Public Water","Sewer - Public","Cash","Individuals"
"1","2225528","7880-53-3214","CLOSD","111 Frances Road, Hanover VA 23005","23005","Hanover","Single Family Residence","10/25/2022","$324,950","$324,950","2","Resale (occupied at least once)","1961","None","1,584","1.76","3","1.1","Well","Septic - Conventional","Conventional","Corporate"
"1","2225430","810-729-1188","CLOSD","3816 Dominion Townes Circle, Henrico VA 23223","23223","Henrico","Townhouse","10/25/2022","$250,000","$250,000","0","Resale (occupied at least once)","2005","Dominion Townes","1,440","0.04","3","2.1","Public Water","Sewer - Public","Conventional","Corporate"
"1","2225270","757-68-84-09-500-000","CLOSD","3827 Snyder Road, Chesterfield VA 23235","23235","Chesterfield","Single Family Residence","10/25/2022","$235,000","$247,500","4","Resale (occupied at least once)","1960","Longwood Acres","1,414","0.42","3","1.1","Public Water","Septic - Conventional","Conventional","Individuals"
"1","2224732","061-41A","CLOSD","540 Clayville Road, Powhatan VA 23139","23139","Powhatan","Single Family Residence","10/25/2022","$449,500","$410,000","17","Resale (occupied at least once)","2013","None","1,332","2.00","3","2.0","Well","Septic - Conventional","Conventional","Estate"
"1","2224404","788-68-29-18-300-000","CLOSD","6807 Wentworth Street, Chesterfield VA 23237","23237","Chesterfield","Single Family Residence","10/25/2022","$239,000","$234,500","13","Resale (occupied at least once)","1970","Glen Conner","1,092","0.21","3","1.0","Public Water","Sewer - Public","Conventional","Corporate"
"1","2224322","806-727-8839","CLOSD","800 Maplegrove Drive, Henrico VA 23223","23223","Henrico","Single Family Residence","10/25/2022","$289,900","$308,500","4","Resale (occupied at least once)","1997","Huntwood","2,012","0.27","4","2.1","Public Water","Sewer - Public","FHA New","Individuals"
"1","2224229","8724-03-5996","CLOSD","7189 Autumn Ridge Lane, Hanover VA 23111","23111","Hanover","Single Family Residence","10/25/2022","$409,950","$420,000","6","Resale (occupied at least once)","1999","Autumn Ridge","2,360","0.35","4","2.1","Public Water","Sewer - Public","Conventional","Individuals"
"1","2224130","802-740-3177","CLOSD","4603 Olney Drive, Henrico VA 23222","23222","Henrico","Single Family Residence","10/25/2022","$249,000","$260,000","3","Resale (occupied at least once)","1961","Olney Park","1,230","0.47","3","1.1","Public Water","Sewer - Public","VHDA/FHA","Individuals"
"1","2224126","8        22D","CLOSD","3013 Quaker Road, New Kent VA 23141","23141","New Kent","Single Family Residence","10/25/2022","$499,999","$500,000","18","Resale (occupied at least once)","1974","None","2,785","5.16","3","3.0","Well","Septic - Conventional","Conventional","Individuals"
"1","2224063","720-69-15-08-200-000","CLOSD","2112 Tomahawk Ridge Place, Chesterfield VA 23112","23112","Chesterfield","Single Family Residence","10/25/2022","$464,950","$483,000","3","Resale (occupied at least once)","2007","Watermill","2,641","0.29","5","2.1","Public Water","Sewer - Public","Conventional","Individuals"
"1","2223905","67-2-C-19-0","CLOSD","206 Sweetbriar Drive, Goochland VA 23238","23238","Goochland","Single Family Residence","10/25/2022","$549,950","$581,000","7","Resale (occupied at least once)","1958","James River Estates","2,765","0.83","4","2.1","Public Water","Septic - Conventional","Cash","Individuals"
"1","2223178","781-65-31-94-300-007","CLOSD","5750 Magnolia Shore Lane #Unit5750, Chesterfield VA 23831","23831","Chesterfield","Condominium","10/25/2022","$385,000","$382,500","23","Resale (occupied at least once)","2010","Villas At Magnolia Lakes","1,876","26.28","3","2.0","Public Water","Sewer - Public","Cash","Individuals"
"1","2222391","S000-0007-029","CLOSD","505 West 7th Street, Richmond City VA 23224","23224","Richmond City","Townhouse","10/25/2022","$950,000","$935,000","42","Resale (occupied at least once)","2019","Manchester","3,120","0.04","3","3.1","Public Water","Sewer - Public","Cash","Individuals"
"1","2221586","772-749-0761","CLOSD","4002 Alder Grove Lane, Henrico VA 23228","23228","Henrico","Townhouse","10/25/2022","$365,000","$355,000","4","Resale (occupied at least once)","2008","Glenside Woods","2,106","0.07","3","2.1","Public Water","Sewer - Public","Conventional","Individuals"
"1","2220013","8705-52-9148","CLOSD","8251 North Mayfield Lane, Hanover VA 23111","23111","Hanover","Single Family Residence","10/25/2022","$320,000","$320,000","9","Resale (occupied at least once)","1957","Mayfield Farms","1,793","0.46","3","2.0","Well","Sewer - Public","Conventional","Estate"
"1","2219879","N-000-0506-008","CLOSD","1900 5th Ave, Richmond City VA 23222","23222","Richmond City","Single Family Residence","10/25/2022","$380,000","$369,000","30","Resale (occupied at least once)","1940","Chestnut Hills","2,316","","4","2.1","Public Water","Sewer - Public","Other","Corporate"
"1","2212630","731-764-8575","CLOSD","372 Bramber Walk #Unit15, Henrico VA 23233","23233","Henrico","Townhouse","10/25/2022","$849,950","$860,422","92","New (never occupied)","2022","Greengate","3,033","","3","3.1","Public Water","Sewer - Public","Conventional","Corporate"
"1","2206463","W000-2024-007","CLOSD","4517 Patterson Avenue, Richmond City VA 23221","23221","Richmond City","Single Family Residence","10/25/2022","$949,950","$925,000","168","New (never occupied)","2022","Colonial Place","2,746","0.16","4","3.1","Public Water","Sewer - Public","Conventional","Partnership"
"1","2205302","8707-81-3499","CLOSD","10077 Silverado Trail, Hanover VA 23116","23116","Hanover","Single Family Residence","10/25/2022","$791,900","$779,900","203","New (never occupied)","2022","Stags Leap","3,266","","4","3.1","Public Water","Sewer - Public","Conventional","Corporate"
"1","2226414","737-745-7367","CLOSD","11410 Creekside Drive, Henrico VA 23238","23238","Henrico","Single Family Residence","10/26/2022","$325,000","$351,750","6","Resale (occupied at least once)","1970","Tuckahoe Village","1,936","0.43","4","2.0","Public Water","Sewer - Public","Conventional","Individuals"
"1","2225158","746-733-7199","CLOSD","8910 Brieryle Road, Henrico VA 23229","23229","Henrico","Single Family Residence","10/26/2022","$1,050,000","$965,000","7","Resale (occupied at least once)","1951","Mooreland Farms","4,014","0.64","5","4.1","Public Water","Sewer - Public","Conventional","Estate"
"1","2220593","814-716-0257","CLOSD","4605 Mizar Road, Henrico VA 23231","23231","Henrico","Single Family Residence","10/26/2022","$300,000","$306,000","44","Resale (occupied at least once)","1962","Lawndale Farms","1,920","0.29","4","2.0","Public Water","Sewer - Public","FHA New","Corporate"
"1","2211265","TBD","CLOSD","9253 Magellan Parkway #UnitB, Henrico VA 23060","23060","Henrico","Condominium","10/26/2022","$399,990","$399,990","104","New (never occupied)","2021","Retreat at One","2,365","","3","2.1","Public Water","Sewer - Public","Conventional","Corporate"
"1","2225461","E000-1408-002","CLOSD","1203 North 35th Street, Richmond City VA 23223","23223","Richmond City","Single Family Residence","10/26/2022","$385,000","$385,000","10","Resale (occupied at least once)","1925","Mccarthy Vineyard","1,650","0.09","3","2.0","Public Water","Sewer - Public","Conventional","Partnership"
"1","2224498","S000-0865-015","CLOSD","2314 Ingram Avenue, Richmond City VA 23224","23224","Richmond City","Single Family Residence","10/26/2022","$199,950","$208,000","5","Resale (occupied at least once)","1921","Mason Park","1,471","0.15","3","3.0","Public Water","Sewer - Public","Conventional","Individuals"
"1","2225222","8744-14-6865","CLOSD","7512 Earthworks Drive, Hanover VA 23111","23111","Hanover","Single Family Residence","10/26/2022","$799,950","$820,000","6","Resale (occupied at least once)","2014","Madison Estates","4,507","1.42","5","4.0","Well","Septic - Conventional","Conventional","Individuals"
"1","2224610","743-67-87-90-600-000","CLOSD","10305 West Alberta Court, Chesterfield VA 23832","23832","Chesterfield","Single Family Residence","10/26/2022","$235,000","$240,000","9","Resale (occupied at least once)","1989","Sunnybrook","980","0.65","3","1.1","Public Water","Sewer - Public","VHDA/FHA","Individuals"
"1","2222901","N000-0704-010","CLOSD","2705 North Avenue, Richmond City VA 23222","23222","Richmond City","Single Family Residence","10/26/2022","$374,999","$374,999","42","Resale (occupied at least once)","1910","Highland Park","1,976","0.16","4","2.1","Public Water","Sewer - Public","Conventional","Partnership"
"1","2222393","W000-0615-080","CLOSD","1333 West Broad Street #UnitU404, Richmond City VA 23220","23220","Richmond City","Condominium","10/26/2022","$234,900","$232,000","44","Resale (occupied at least once)","1915","Ironhouse Place Condominiums","1,109","0.03","2","2.0","Public Water","Sewer - Public","Conventional","Individuals"
"1","2225329","711-69-77-64-400-000","CLOSD","16030 Drumone Road, Chesterfield VA 23112","23112","Chesterfield","Single Family Residence","10/26/2022","$1,135,000","$1,135,000","8","Resale (occupied at least once)","2015","Hallsley","4,497","0.63","6","5.1","Public Water","Sewer - Public","Conventional","Individuals"
"1","2224695","764-757-8973.001","CLOSD","7608 Roscommon Court #Unit2301, Henrico VA 23228","23228","Henrico","Condominium","10/26/2022","$185,000","$190,000","4","Resale (occupied at least once)","1989","Shannon Green Condo","848","0.01","2","2.0","Public Water","Sewer - Public","VHDA/FHA","Individuals"
"1","2224330","781-68-86-89-800-000","CLOSD","4010 Monza Drive, Chesterfield VA 23234","23234","Chesterfield","Single Family Residence","10/26/2022","$350,000","$355,000","6","Resale (occupied at least once)","1976","Meadowbrook","2,453","0.40","4","2.1","Public Water","Sewer - Public","Conventional","Individuals"
"1","2223332","781-65-67-10-600-000","CLOSD","10541 Lunswood Road, Chesterfield VA 23831","23831","Chesterfield","Single Family Residence","10/26/2022","$349,900","$349,900","31","New (never occupied)","2022","Lunswood","1,640","0.47","3","2.0","Public Water","Septic - Conventional","Conventional","Individuals"
"1","2221855","W000-1008-020","CLOSD","2205 West Grace Street, Richmond City VA 23220","23220","Richmond City","Single Family Residence","10/26/2022","$779,950","$785,000","6","Resale (occupied at least once)","1910","None","2,986","0.08","4","2.1","Public Water","Sewer - Public","Conventional","Individuals"
"1","2219916","N005-1080-022","CLOSD","3212 5th Avenue, Richmond City VA 23222","23222","Richmond City","Single Family Residence","10/26/2022","$269,000","$270,000","64","Resale (occupied at least once)","1925","Highland Park Addition","1,380","0.07","3","2.1","Public Water","Sewer - Public","USDA","Individuals"
"1","2218640","824-693-5956","CLOSD","3494 Macallan Parkway, Henrico VA 23231","23231","Henrico","Single Family Residence","10/26/2022","$479,990","$478,990","14","New (never occupied)","2022","Castleton","2,449","0.22","4","2.1","Public Water","Sewer - Public","Conventional","Corporate"
"1","2212004","to be determined","CLOSD","1473 Overbrook Road #UnitA14, Richmond City VA 23220","23220","Richmond City","Condominium","10/26/2022","$604,750","$604,750","40","New (never occupied)","2022","The Outpost at Brewers Row","2,538","","4","3.0","Public Water","Sewer - Public","Conventional","Corporate"
"1","2211285","713-67-19-95-500-000","CLOSD","6945 Leire Lane, Chesterfield VA 23832","23832","Chesterfield","Townhouse","10/26/2022","$419,170","$419,340","12","New (never occupied)","2022","Cosby Village Townhomes","2,304","","3","2.1","Public Water","Sewer - Public","Conventional","Corporate"
"1","2226197","W022-0127-022","CLOSD","5401 Cary Street Road, Richmond City VA 23226","23226","Richmond City","Single Family Residence","10/26/2022","$899,000","$899,000","14","Resale (occupied at least once)","1948","None","2,713","0.34","4","3.1","Public Water","Sewer - Public","Conventional","Individuals"
"1","2222345","N000-0861-006","CLOSD","2902 Seminary Avenue, Richmond City VA 23220","23220","Richmond City","Single Family Residence","10/26/2022","$419,900","$390,000","39","Resale (occupied at least once)","1928","Hammond Place","2,372","0.23","4","2.0","Public Water","Sewer - Public","Conventional","Other"
"1","2222342","8715-61-0900","CLOSD","7201 Loralea Drive, Hanover VA 23111","23111","Hanover","Single Family Residence","10/26/2022","$315,000","$305,000","1","Resale (occupied at least once)","1974","Loralea","1,469","0.57","3","2.0","Well","Septic - Conventional","Cash","Individuals"
"1","2215732","N000-1294-086","CLOSD","1475 Overbrook Road #UnitA16, Richmond City VA 23220","23220","Richmond City","Condominium","10/26/2022","$619,430","$619,555","0","New (never occupied)","2022","The Outpost at Brewers Row","2,516","","4","2.1","Public Water","Sewer - Public","Conventional","Corporate"
"1","2226160","784-748-3238.084","CLOSD","5928 Laurel Bed Lane #UnitB, Henrico VA 23227","23227","Henrico","Condominium","10/26/2022","$365,000","$365,000","4","Resale (occupied at least once)","2020","Lakeside Landing","2,509","","3","2.1","Public Water","Sewer - Public","Conventional","Individuals"
"1","2226301","W000-0907-017","CLOSD","404 North Meadow Street, Richmond City VA 23220","23220","Richmond City","Single Family Residence","10/26/2022","$595,000","$595,000","7","Resale (occupied at least once)","1908","None","2,040","0.03","3","2.0","Public Water","Sewer - Public","Conventional","Individuals"
"1","2223513","739-67-07-98-200-000","CLOSD","12107 Sunset Point Court, Chesterfield VA 23112","23112","Chesterfield","Single Family Residence","10/26/2022","$449,900","$456,000","4","Resale (occupied at least once)","2001","Bayhill Pointe","2,721","0.35","4","2.1","Public Water","Sewer - Public","Conventional","Individuals"
"1","2137118","7717-61-5342","CLOSD","2101 Tuckahoe Bridge Drive, Goochland VA 23103","23103","Goochland","Single Family Residence","10/26/2022","$640,950","$780,211","0","New (never occupied)","2022","Tuckahoe Bridge","3,103","","4","3.1","Public Water","Sewer - Public","Conventional","Corporate"
"1","2225777","775-64-16-25-800-000","CLOSD","14205 Masada Court, Chesterfield VA 23838","23838","Chesterfield","Single Family Residence","10/26/2022","$449,950","$449,950","8","Resale (occupied at least once)","2003","Glebe Point West","2,569","1.25","3","2.1","Public Water","Septic - Conventional","Conventional","Individuals"
"1","2227029","795-61-93-15-900-000","CLOSD","19305 Varanda Lane, Chesterfield VA 23834","23834","Chesterfield","Single Family Residence","10/26/2022","$195,000","$200,000","4","Resale (occupied at least once)","1980","Colonial Pine Estates","1,056","0.23","3","1.1","Public Water","Sewer - Public","FHA New","Corporate"
"1","2226686","N016-0130-016","CLOSD","3512 Edgewood Avenue, Richmond City VA 23222","23222","Richmond City","Single Family Residence","10/26/2022","$385,000","$400,000","3","Resale (occupied at least once)","1952","Wrights Park","2,170","0.17","3","2.0","Public Water","Sewer - Public","Conventional","Individuals"
"1","2226599","039-6-13","CLOSD","1626 Lake Randolph Drive, Powhatan VA 23139","23139","Powhatan","Single Family Residence","10/26/2022","$409,950","$410,000","0","Resale (occupied at least once)","2005","None","1,854","2.06","3","2.0","Well","Septic - Conventional","Cash","Individuals"
"1","2226241","767-739-3996","CLOSD","6414 West Grace Street, Henrico VA 23226","23226","Henrico","Single Family Residence","10/26/2022","$260,000","$260,000","3","Resale (occupied at least once)","1948","Westhaven","936","0.19","2","1.0","Public Water","Sewer - Public","Cash","Individuals"
"1","2226195","732-752-7020","CLOSD","12502 Evansdale Road, Henrico VA 23233","23233","Henrico","Single Family Residence","10/26/2022","$315,000","$300,000","9","Resale (occupied at least once)","1985","Ridgefield","1,554","0.34","2","2.0","Public Water","Sewer - Public","Conventional","Individuals"
"1","2226135","7816-91-6778","CLOSD","19107 Hollowing Creek Road, Hanover VA 23015","23015","Hanover","Single Family Residence","10/26/2022","$275,000","$260,000","4","Resale (occupied at least once)","1999","None","1,944","1.77","3","2.0","Well","Septic - Conventional","Cash","Individuals"
"1","2226109","718-66-78-89-400-000","CLOSD","7900 Featherchase Place, Chesterfield VA 23832","23832","Chesterfield","Single Family Residence","10/26/2022","$299,000","$313,000","6","Resale (occupied at least once)","1997","Ashbrook","1,139","0.29","3","2.0","Public Water","Sewer - Public","Conventional","Individuals"
"1","2225765","808-703-6166","CLOSD","6405 Springcrest Lane, Henrico VA 23231","23231","Henrico","Single Family Residence","10/26/2022","$299,900","$305,000","6","Resale (occupied at least once)","1994","Darbytown Meadows","1,920","0.19","4","2.1","Public Water","Sewer - Public","Cash","Individuals"
"1","2225748","742-67-86-42-200-000","CLOSD","5101 Morning Dove Mews, Chesterfield VA 23112","23112","Chesterfield","Single Family Residence","10/26/2022","$279,950","$302,500","12","Resale (occupied at least once)","1999","Clay Pointe","1,414","0.21","3","2.1","Public Water","Sewer - Public","Conventional","Individuals"
"1","2224891","S000-0802-010","CLOSD","408 West 26th Street, Richmond City VA 23225","23225","Richmond City","Single Family Residence","10/26/2022","$389,900","$383,000","26","Resale (occupied at least once)","2020","Woodland Heights","1,607","0.11","3","2.1","Public Water","Sewer - Public","Conventional","Individuals"
"1","2224850","C004-0471-014","CLOSD","2881 Braidwood Road, Richmond City VA 23225","23225","Richmond City","Single Family Residence","10/26/2022","$975,000","$1,050,000","8","Resale (occupied at least once)","1959","Willow Oaks","3,968","0.88","4","3.1","Public Water","Septic - Conventional","Conventional","Individuals"
"1","2224837","750-62-84-62-800-000","CLOSD","15401 Saddlebrook Road, Chesterfield VA 23838","23838","Chesterfield","Single Family Residence","10/26/2022","$270,000","$287,000","6","Resale (occupied at least once)","2009","Bright Oaks Estates","1,300","0.52","3","2.0","Public Water","Septic - Conventional","FHA New","Individuals"
"1","2224762","759-738-0193","CLOSD","7728 Brookside Road, Henrico VA 23229","23229","Henrico","Single Family Residence","10/26/2022","$799,000","$915,000","9","Resale (occupied at least once)","1951","Westham","3,398","0.34","5","3.1","Public Water","Sewer - Public","Cash","Individuals"
"1","2224674","W000-1070-077","CLOSD","501 South Davis Avenue #UnitU5, Richmond City VA 23220","23220","Richmond City","Condominium","10/26/2022","$269,500","$259,000","12","Resale (occupied at least once)","1923","Fountain Lake Condominiums","748","0.02","2","1.0","Public Water","Sewer - Public","Cash","Individuals"
"1","2224617","52A3 3    34","CLOSD","450 Colony Trail, New Kent VA 23089","23089","New Kent","Single Family Residence","10/26/2022","$924,900","$924,900","5","Resale (occupied at least once)","1989","The Colonies - New Kent","2,800","0.60","3","2.1","Well","Septic - Conventional","Cash","Individuals"
"1","2224494","713-66-54-98-400-000","CLOSD","15837 Longlands Road, Chesterfield VA 23832","23832","Chesterfield","Single Family Residence","10/26/2022","$575,000","$590,000","11","Resale (occupied at least once)","2013","Harpers Mill","3,314","0.28","4","3.1","Public Water","Sewer - Public","Conventional","Individuals"
"1","2224487","711-66-64-85-100-000","CLOSD","8116 Hampton Meadows Circle, Chesterfield VA 23832","23832","Chesterfield","Single Family Residence","10/26/2022","$600,000","$605,000","10","Resale (occupied at least once)","2001","Hampton Park","3,377","0.27","6","4.0","Public Water","Sewer - Public","Conventional","Individuals"
"1","2224250","781-65-31-94-300-001","CLOSD","5738 Magnolia Shore Lane, Chesterfield VA 23831","23831","Chesterfield","Condominium","10/26/2022","$325,000","$320,000","6","Resale (occupied at least once)","2008","Villas At Magnolia Lakes","1,322","26.28","2","2.0","Public Water","Sewer - Public","Cash","Individuals"
"1","2224218","N000-0777-012","CLOSD","2800 Fendall Avenue, Richmond City VA 23222","23222","Richmond City","Single Family Residence","10/26/2022","$349,000","$300,000","0","Resale (occupied at least once)","1916","Brookland Park","1,922","0.22","4","1.2","Public Water","Sewer - Public, None","Conventional","Individuals"
"1","2224182","8766-23-1704","CLOSD","9213 Madison Leigh Court, Hanover VA 23111","23111","Hanover","Single Family Residence","10/26/2022","$459,950","$460,000","7","Resale (occupied at least once)","1997","Pamunkey River View","2,428","10.15","4","2.1","Well","Septic - Conventional","Conventional","Individuals"
"1","2224177","753-755-6717","CLOSD","2975 Queensland Drive #Unit2975, Henrico VA 23294","23294","Henrico","Townhouse","10/26/2022","$250,000","$260,000","4","Resale (occupied at least once)","1999","Pemberton Oaks Townhouses","1,280","0.04","3","2.1","Public Water","Sewer - Public","Conventional","Individuals"
"1","2223945","738-70-65-31-600-000","CLOSD","11820 Wakehurst Drive, Chesterfield VA 23236","23236","Chesterfield","Single Family Residence","10/26/2022","$469,000","$470,000","6","Resale (occupied at least once)","1972","Stonehenge","2,886","0.71","4","2.1","Public Water","Septic - Conventional","Conventional","Estate"
"1","2223504","N000-1039-025","CLOSD","3119 Garland Avenue, Richmond City VA 23222","23222","Richmond City","Single Family Residence","10/26/2022","$399,900","$390,000","22","Resale (occupied at least once)","2019","Brookland Park","1,880","0.14","3","2.1","Public Water","Sewer - Public","Conventional","Individuals"
"1","2222574","811-64-45-83-500-000","CLOSD","607 Spring Valley Road, Chesterfield VA 23834","23834","Chesterfield","Single Family Residence","10/26/2022","$349,950","$340,000","48","Resale (occupied at least once)","1966","Walthall Park","2,000","0.68","3","3.0","Public Water","Septic - Conventional","Conventional","Corporate"
"1","2221842","741-760-8569","CLOSD","2527 Perch Lane, Henrico VA 23060","23060","Henrico","Townhouse","10/26/2022","$445,000","$445,000","33","Resale (occupied at least once)","2012","West Broad Village","2,111","0.03","3","2.1","Public Water","Sewer - Public","Conventional","Individuals"
"1","2221580","8725-45-8795","CLOSD","8289 Fieldshire Drive, Hanover VA 23111","23111","Hanover","Single Family Residence","10/26/2022","$280,000","$290,000","2","Resale (occupied at least once)","1986","Fieldshire","1,232","0.30","3","2.0","Public Water","Sewer - Public","FHA New","Individuals"
"1","2218696","808-64-37-21-800-000","CLOSD","14700 Blue Creek Place, Chesterfield VA 23834","23834","Chesterfield","Single Family Residence","10/26/2022","$358,000","$350,000","85","Resale (occupied at least once)","2002","Southcreek","2,306","0.53","4","2.1","Public Water","Sewer - Public","Cash","Individuals"
"1","2218411","808-725-5223","CLOSD","4100 Elmswell Drive, Henrico VA 23223","23223","Henrico","Single Family Residence","10/26/2022","$265,000","$275,000","20","Resale (occupied at least once)","2001","Fairfield Woods","1,826","0.25","5","3.0","Public Water","Sewer - Public","VHDA ","Individuals"
"1","2216021","64-22-B-6-0","CLOSD","13299 Beckford Lane, Goochland VA 23238","23238","Goochland","Single Family Residence","10/26/2022","$2,995,000","$2,995,000","3","Resale (occupied at least once)","2007","Rivergate","11,414","5.75","6","6.2","Public Water","Sewer - Public","Cash","Individuals"
"1","2211200","772-738-2310","CLOSD","1901 Shenandoah Avenue, Henrico VA 23226","23226","Henrico","Single Family Residence","10/26/2022","$439,000","$447,000","59","Resale (occupied at least once)","1953","Shenandoah Place","1,884","0.25","3","2.1","Public Water","Sewer - Public","Conventional","Corporate"
"1","2132893","762-65-55-80-600-000","CLOSD","11213 Cypress Branch Lane, Chesterfield VA 23838","23838","Chesterfield","Single Family Residence","10/26/2022","$540,950","$679,361","0","New (never occupied)","2021","The Highlands","3,712","2.08","5","3.0","Public Water","Septic - Conventional","Conventional","Corporate"
"1","REIN10455585","52A3 3    34","CLOSD","450 Colony Trail, New Kent VA 23089","23089","New Kent","Single Family Residence","10/26/2022","$924,900","$924,900","4","Resale (occupied at least once)","1989","THE COLONIES","2,535","0.60","3","3.0","Well","Septic","",""
"1","2225439","E000-0878-002","CLOSD","3317 Q Street, Richmond City VA 23223","23223","Richmond City","Single Family Residence","10/27/2022","$325,000","$325,000","3","Resale (occupied at least once)","1900","Ginter Park Terrace","1,290","0.05","3","2.1","Public Water","Sewer - Public","Conventional","Corporate"
"1","2222639","754-69-09-27-100-000","CLOSD","2910 Wicklow Lane, Chesterfield VA 23236","23236","Chesterfield","Single Family Residence","10/27/2022","$599,950","$641,000","6","Resale (occupied at least once)","1982","Bexley","3,718","1.20","5","3.1","Public Water","Sewer - Public","Conventional","Individuals"
"1","2218514","769676266900000","CLOSD","6624 Whisperwood Drive, Chesterfield VA 23234","23234","Chesterfield","Single Family Residence","10/27/2022","$499,990","$497,990","20","New (never occupied)","2022","Watermark","3,052","","5","3.0","Public Water","Sewer - Public","FHA New","Corporate"
"1","2218503","769676176800000","CLOSD","6618 Whisperwood Drive, Chesterfield VA 23234","23234","Chesterfield","Single Family Residence","10/27/2022","$495,990","$495,990","40","New (never occupied)","2022","Watermark","3,059","","4","2.1","Public Water","Sewer - Public","Conventional","Corporate"
"1","2213478","741-72-53-03-400-000","CLOSD","3831 Reeds Landing Circle, Chesterfield VA 23113","23113","Chesterfield","Single Family Residence","10/27/2022","$1,250,000","$1,160,000","38","Resale (occupied at least once)","1988","Reeds Landing","7,078","0.92","6","5.1","Public Water","Septic - Conventional","Cash","Individuals"
"1","2219478","N000-0240-009","CLOSD","503 West Marshall Street, Richmond City VA 23220","23220","Richmond City","Single Family Residence","10/27/2022","$349,950","$325,000","23","Resale (occupied at least once)","1857","None","1,971","0.10","3","1.1","Public Water","Sewer - Public","FHA New","Individuals"
"1","2216270","to be determined","CLOSD","3414 Dewsberry Lane #UnitD 1-2, Henrico VA 23231","23231","Henrico","Townhouse","10/27/2022","$315,783","$315,783","13","New (never occupied)","2022","Village at Millers Lane","1,532","","3","2.1","Public Water","Sewer - Public","VHDA/FHA","Corporate"
"1","2226107","S000-2466-020","CLOSD","3712 Moody Avenue, Richmond City VA 23225","23225","Richmond City","Single Family Residence","10/27/2022","$329,900","$315,150","12","Resale (occupied at least once)","1944","Forest Hill Park Annex","1,393","0.19","3","2.1","Public Water","Sewer - Public","Conventional","Individuals"
"1","2220998","768-69-38-56-100-000","CLOSD","3603 Stevens Wood Court, Chesterfield VA 23832","23832","Chesterfield","Single Family Residence","10/27/2022","$243,000","$249,000","6","Resale (occupied at least once)","1982","Stevens Hollow","1,188","0.25","3","2.0","Public Water","Sewer - Public","FHA New","Individuals"
"1","2225558","767640781700000","CLOSD","8013 Clancy Place, Chesterfield VA 23838","23838","Chesterfield","Single Family Residence","10/27/2022","$595,000","$575,000","14","Resale (occupied at least once)","2017","Lake Margaret","3,437","1.55","4","3.1","Public Water","Septic - Conventional","Cash","Individuals"
"1","2212563","C006-0297-005","CLOSD","1118 Evergreen Avenue, Richmond City VA 23224","23224","Richmond City","Single Family Residence","10/27/2022","$205,000","$205,000","111","Resale (occupied at least once)","1948","Woodstock","1,350","0.20","3","2.0","Public Water","Sewer - Public","Conventional","Individuals"
"1","2207557","TBD","CLOSD","3828 Clarendon Crescent Place, Henrico VA 23223","23223","Henrico","Single Family Residence","10/27/2022","$467,745","$467,745","0","New (never occupied)","2022","Kensington Meadows","2,718","","4","3.0","Public Water","Sewer - Public","Conventional","Corporate"
"1","2206407","697670604000000","CLOSD","18345 Palisades Court, Chesterfield VA 23120","23120","Chesterfield","Townhouse","10/27/2022","$424,080","$446,475","0","New (never occupied)","2022","Magnolia Green","2,106","","3","2.1","Public Water","Sewer - Public","VA New","Corporate"
"1","2202659","714-66-25-39-200-000","CLOSD","15901 Fishers Green Drive, Chesterfield VA 23832","23832","Chesterfield","Single Family Residence","10/27/2022","$457,950","$513,592","0","New (never occupied)","2022","Harpers Mill","2,298","","4","2.1","Public Water","Sewer - Public","Conventional","Corporate"
"1","2227451","To be determined","CLOSD","11536 Ellerbee Mill Avenue #Unit6-3, Chesterfield VA 23831","23831","Chesterfield","Single Family Residence","10/27/2022","$428,367","$428,367","0","New (never occupied)","2022","The Villas at Iron Mill","2,098","","3","2.1","Public Water","Sewer - Public","Conventional","Corporate"
"1","2225473","767-751-2999","CLOSD","4614 Willow Leaf Pl, Henrico VA 23228","23228","Henrico","Townhouse","10/27/2022","$299,995","$311,000","6","Resale (occupied at least once)","2006","Willow Run","1,848","","3","2.1","Public Water","Sewer - Public","Conventional","Individuals"
"1","2224474","768-68-58-51-900-000","CLOSD","6312 Brambleton Road, Chesterfield VA 23234","23234","Chesterfield","Single Family Residence","10/27/2022","$275,000","$288,000","8","Resale (occupied at least once)","1981","Lake Farms","1,860","0.23","4","2.1","Public Water","Sewer - Public","Conventional","Individuals"
"1","2227078","739-66-86-03-200-000","CLOSD","12030 Hidden Nest Court, Chesterfield VA 23112","23112","Chesterfield","Single Family Residence","10/27/2022","$449,900","$450,000","4","Resale (occupied at least once)","2003","Bayhill Pointe","2,803","0.41","4","2.1","Public Water","Sewer - Public","Conventional","Individuals"
"1","2225831","788-66-31-90-300-000","CLOSD","10400 Hamlin Drive, Chesterfield VA 23831","23831","Chesterfield","Single Family Residence","10/27/2022","$330,000","$330,000","15","Resale (occupied at least once)","1985","Glen Oaks","2,002","0.32","4","2.1","Public Water","Sewer - Public","Conventional","Individuals"
"1","2123790","713-67-19-95-800-000","CLOSD","6941 Leire Lane, Chesterfield VA 23832","23832","Chesterfield","Townhouse","10/27/2022","$378,950","$395,905","106","New (never occupied)","2022","Cosby Village Townhomes","2,163","","3","2.1","Public Water","Sewer - Public","Conventional","Corporate"
"1","2226707","755-750-0089","CLOSD","8700 Overhill Road, Henrico VA 23229","23229","Henrico","Single Family Residence","10/27/2022","$369,950","$380,000","7","Resale (occupied at least once)","1991","Chestnut Oaks","2,360","0.26","4","3.0","Public Water","Sewer - Public","FHA New","Individuals"
"1","2227722","C008-1112-002","CLOSD","4212 Grantlake Road, Richmond City VA 23234","23234","Richmond City","Single Family Residence","10/27/2022","$135,000","$124,000","4","Resale (occupied at least once)","1955","Grantlake Hills","775","0.46","2","1.0","Public Water","Sewer - Public","Private","Corporate"
"1","2227658","31-1-0-31-B","CLOSD","2432 Maidens Road, Goochland VA 23102","23102","Goochland","Single Family Residence","10/27/2022","$390,000","$390,000","8","Resale (occupied at least once)","1950","None","1,200","14.11","4","1.0","Well","Septic - Conventional","Conventional","Individuals"
"1","2227072","764-68-87-51-900-000","CLOSD","4323 Round Hill Drive, Chesterfield VA 23832","23832","Chesterfield","Single Family Residence","10/27/2022","$249,950","$245,000","8","Resale (occupied at least once)","1978","Creekwood","2,004","0.38","4","2.1","Public Water","Sewer - Public","Cash","Individuals"
"1","2226827","W019-0306-111","CLOSD","45 East Lock Lane #UnitU9, Richmond City VA 23226","23226","Richmond City","Condominium","10/27/2022","$339,900","$340,000","2","Resale (occupied at least once)","1930","Lock Lane Condominium","910","0.00","2","2.0","Public Water","Sewer - Public","Cash","Individuals"
"1","2226371","779-762-1115","CLOSD","8010 Langley Drive, Henrico VA 23060","23060","Henrico","Single Family Residence","10/27/2022","$209,998","$210,000","5","Resale (occupied at least once)","1954","Randolph Ridge","768","0.18","2","1.0","Public Water","Sewer - Public","Conventional","Individuals"
"1","2226129","819-728-8332","CLOSD","316 Knight Court, Henrico VA 23223","23223","Henrico","Single Family Residence","10/27/2022","$184,900","$215,000","5","Resale (occupied at least once)","1981","Beechwood Park","1,040","0.36","3","1.0","Public Water","Sewer - Public","Conventional","Individuals"
"1","2225859","W000-2024-006","CLOSD","4515 Patterson Avenue, Richmond City VA 23221","23221","Richmond City","Single Family Residence","10/27/2022","$799,000","$801,600","6","Resale (occupied at least once)","1933","Colonial Place","2,518","0.16","4","3.1","Public Water","Sewer - Public","Conventional","Individuals"
"1","2225814","W000-0907-014","CLOSD","410 North Meadow Street, Richmond City VA 23220","23220","Richmond City","Single Family Residence","10/27/2022","$599,500","$603,500","5","Resale (occupied at least once)","1908","None","2,024","0.03","3","2.1","Public Water","Sewer - Public","Cash","Individuals"
"1","2225772","727-66-26-15-400-000","CLOSD","9718 Brading Lane, Chesterfield VA 23112","23112","Chesterfield","Single Family Residence","10/27/2022","$415,000","$425,000","3","Resale (occupied at least once)","2005","Collington","2,280","0.18","4","3.0","Public Water","Sewer - Public","VA New","Individuals"
"1","2225762","761-68-54-52-100-000","CLOSD","4884 Wedgemere Road, Chesterfield VA 23832","23832","Chesterfield","Single Family Residence","10/27/2022","$279,999","$270,000","9","Resale (occupied at least once)","1983","Glen Wood","1,200","0.30","3","2.0","Public Water","Sewer - Public","FHA New","Individuals"
"1","2225703","727-70-31-93-500-092","CLOSD","610 Fern Meadow Loop #Unit304, Chesterfield VA 23114","23114","Chesterfield","Condominium","10/27/2022","$189,900","$202,000","6","Resale (occupied at least once)","2005","Bristol Village @ Charter Colony","1,014","21.97","1","1.0","Public Water","Community - Sewer/Septic, Sewer - Public","Cash","Individuals"
"1","2225654","8715-79-3873","CLOSD","7378 Dress Blue Circle, Hanover VA 23116","23116","Hanover","Condominium","10/27/2022","$344,950","$338,000","20","Resale (occupied at least once)","2005","The Bluffs At Bell Creek","1,811","0.01","3","3.0","Public Water","Sewer - Public","Cash","Individuals"
"1","2225561","769-68-07-25-800-000","CLOSD","6304 Phobus Court, Chesterfield VA 23234","23234","Chesterfield","Single Family Residence","10/27/2022","$275,000","$260,000","9","Resale (occupied at least once)","1980","Kings Forest","1,224","0.20","4","2.0","Public Water","Sewer - Public","FHA New","Individuals"
"1","2225447","E000-0633-031","CLOSD","510 North 31st Street, Richmond City VA 23223","23223","Richmond City","Single Family Residence","10/27/2022","$589,000","$589,000","16","Resale (occupied at least once)","2015","None","2,761","0.08","4","2.1","Public Water","Sewer - Public","Conventional","Individuals"
"1","2225408","694-67-05-89-000-000","CLOSD","7111 Ledo Road, Chesterfield VA 23120","23120","Chesterfield","Single Family Residence","10/27/2022","$349,950","$350,000","1","Resale (occupied at least once)","1987","None","1,500","2.75","3","2.0","Well","Septic - Conventional","VA New","Estate"
"1","2225350","7789-63-2813","CLOSD","12185 Cheroy Road, Hanover VA 23005","23005","Hanover","Single Family Residence","10/27/2022","$289,900","$289,900","5","Resale (occupied at least once)","1969","None","1,000","2.00","3","1.0","Well","Septic - Conventional","Conventional","Individuals"
"1","2225272","C001-0891-248","CLOSD","3424 West Point Court, Richmond City VA 23235","23235","Richmond City","Single Family Residence","10/27/2022","$450,750","$450,750","3","Resale (occupied at least once)","2016","James River Commons","1,875","0.14","3","2.0","Public Water","Sewer - Public","Cash","Individuals"
"1","2225200","749-743-4784","CLOSD","9207 Mapleway Road, Henrico VA 23229","23229","Henrico","Single Family Residence","10/27/2022","$300,000","$316,000","22","Resale (occupied at least once)","1958","Farmington","1,750","0.25","4","2.0","Public Water","Sewer - Public","Conventional","Individuals"
"501","2224778","726-68-52-79-400-000","CLOSD","13917 Barnes Spring Road, Chesterfield VA 23112","23112","Chesterfield","Single Family Residence","10/27/2022","$299,900","$315,000","13","Resale (occupied at least once)","1981","Barnes Spring","1,728","0.29","3","2.1","Public Water","Sewer - Public","Conventional","Individuals"
"501","2224596","765-68-29-19-500-000","CLOSD","5617 Obisque Drive, Chesterfield VA 23832","23832","Chesterfield","Single Family Residence","10/27/2022","$299,950","$300,000","12","Resale (occupied at least once)","1994","Land-O-Pines","1,624","0.46","3","2.0","Public Water","Sewer - Public","Conventional","Individuals"
"501","2224439","E012-0397-011","CLOSD","2405 Peter Paul Boulevard, Richmond City VA 23223","23223","Richmond City","Single Family Residence","10/27/2022","$135,000","$135,000","3","Resale (occupied at least once)","1946","Peter Paul Tract","816","0.16","3","1.0","Public Water","None","Conventional","Individuals"
"501","2224293","734-757-6017","CLOSD","12008 Warrington Court, Henrico VA 23233","23233","Henrico","Townhouse","10/27/2022","$329,950","$325,000","5","Resale (occupied at least once)","1988","Worthington Hills","1,203","0.11","2","2.0","Public Water","Sewer - Public","Cash","Individuals"
"501","2223875","W000-1877-004","CLOSD","4111 Wythe Avenue, Richmond City VA 23221","23221","Richmond City","Single Family Residence","10/27/2022","$749,950","$740,000","10","Resale (occupied at least once)","1929","Monument Avenue Gardens","1,962","0.11","3","2.1","Public Water","Sewer - Public","Conventional","Individuals"
"501","2223547","736-67-48-21-300-000","CLOSD","6036 Cameron Bridge Drive, Chesterfield VA 23112","23112","Chesterfield","Single Family Residence","10/27/2022","$375,000","$365,000","20","Resale (occupied at least once)","2004","Cameron Bay","2,000","0.54","4","2.1","Public Water","Sewer - Public","FHA New","Individuals"
"501","2223472","741-68-95-12-900-000","CLOSD","3049 Barnack Road, Chesterfield VA 23112","23112","Chesterfield","Single Family Residence","10/27/2022","$375,000","$375,000","23","Resale (occupied at least once)","2013","Walnut Grove","2,206","0.28","4","2.1","Public Water","Sewer - Public","Conventional","Individuals"
"501","2223100","786-763-2177","CLOSD","9501 Stonemeadow Court, Henrico VA 23060","23060","Henrico","Single Family Residence","10/27/2022","$334,950","$325,000","43","Resale (occupied at least once)","1998","Stonefield","1,484","0.29","3","2.1","Public Water","Sewer - Public","Conventional","Corporate"
"501","2222507","014-23C","CLOSD","4817 Powhatan Lakes Road, Powhatan VA 23139","23139","Powhatan","Single Family Residence","10/27/2022","$191,500","$191,500","23","Resale (occupied at least once)","1991","None","1,008","2.00","3","1.0","Well","Septic - Conventional","Conventional","REO"
"501","2222296","028-28","CLOSD","2875 Red Lane Road, Powhatan VA 23139","23139","Powhatan","Single Family Residence","10/27/2022","$749,900","$775,000","7","Resale (occupied at least once)","2012","None","2,554","25.34","3","2.1","Well","Septic - Conventional","Conventional","Individuals"
"501","2221847","825-66-09-00-200-000","CLOSD","1637 Almer Court, Chesterfield VA 23836","23836","Chesterfield","Single Family Residence","10/27/2022","$474,000","$475,000","51","Resale (occupied at least once)","2021","The Landings at Meadowville","2,455","0.35","3","2.1","Public Water","Sewer - Public","Conventional","Individuals, Relocation"
"501","2221004","779-69-16-26-600-000","CLOSD","4632 Selwood Road, Chesterfield VA 23234","23234","Chesterfield","Single Family Residence","10/27/2022","$362,500","$357,000","34","Resale (occupied at least once)","1962","Garland Heights","3,618","0.69","5","3.0","Well","Septic - Conventional","Conventional","Individuals"
"501","2214580","698-67-12-40-700-000","CLOSD","18207 Maple Summit Court, Chesterfield VA 23120","23120","Chesterfield","Single Family Residence","10/27/2022","$699,950","$695,000","41","New (never occupied)","2022","Magnolia Green","3,119","0.35","4","3.1","Public Water","Sewer - Public","Conventional","Corporate"
"501","2209593","45   1     B","CLOSD","15287 Diascund View Trail, New Kent VA 23089","23089","New Kent","Single Family Residence","10/27/2022","$1,000,000","$1,030,000","104","Resale (occupied at least once)","2007","None","6,110","5.60","3","3.3","Well","Septic - Conventional","VA New","Individuals"
"501","2136092","699-67-29-65-000-000","CLOSD","18118 Timber Banks Lane, Chesterfield VA 23120","23120","Chesterfield","Single Family Residence","10/27/2022","$790,805","$869,028","2","New (never occupied)","2021","Magnolia Green","3,243","","5","4.0","Public Water","Sewer - Public","VA New","Corporate"
"501","2132467","731-764-8575","CLOSD","365 Souldren Walk #Unit19A, Henrico VA 23233","23233","Henrico","Condominium","10/27/2022","$473,581","$486,888","153","New (never occupied)","2021","Greengate","1,504","","2","2.1","Public Water","Sewer - Public","Conventional","Corporate"
"501","2128656","to be determined","CLOSD","3416 Dewsberry Lane #UnitD 2-2, Henrico VA 23231","23231","Henrico","Townhouse","10/27/2022","$303,735","$303,735","54","New (never occupied)","2021","Village at Millers Lane","1,535","","3","2.1","Public Water","Sewer - Public","FHA New","Corporate"
"501","BRTVANK2000022","NO TAX RECORD","CLOSD","15287 Diascund View Trail, New Kent VA 23089","23089","New Kent","Single Family Residence","10/27/2022","$1,000,000","$1,030,000","42","Resale (occupied at least once)","2007","NONE","6,110","5.60","3","5.0","Well","Septic","",""
"501","REIN10434819","45   1     B","CLOSD","15287 Diascund View Trail, New Kent VA 23089","23089","New Kent","Single Family Residence","10/27/2022","$1,000,000","$1,030,000","147","Resale (occupied at least once)","2007","ALL OTHERS AREA 140","6,110","5.60","4","6.0","Well","Septic","",""
"501","2220566","760-71-19-16-200-000","CLOSD","1012 Chiswick Road, Chesterfield VA 23235","23235","Chesterfield","Single Family Residence","10/28/2022","$289,000","$275,000","52","Resale (occupied at least once)","1961","Southam","2,100","0.26","3","2.0","Public Water","Sewer - Public","Conventional","Individuals"
"501","2215010","716-68-60-59-300-000","CLOSD","4000 Island Park Court, Chesterfield VA 23112","23112","Chesterfield","Single Family Residence","10/28/2022","$1,800,000","$1,800,000","123","Resale (occupied at least once)","1998","None","6,852","7.38","6","4.3","Public Water","Sewer - Public","Conventional","Individuals"
"501","2218512","769676767300000","CLOSD","7007 Alabaster Terrace, Chesterfield VA 23234","23234","Chesterfield","Single Family Residence","10/28/2022","$437,990","$440,885","12","New (never occupied)","2022","Watermark","2,618","","4","2.1","Public Water","Sewer - Public","FHA New","Corporate"
"501","2225787","725-64-81-02-900-000","CLOSD","11501 Riverpark Way, Chesterfield VA 23838","23838","Chesterfield","Single Family Residence","10/28/2022","$525,000","$540,000","18","Resale (occupied at least once)","1999","River Ridge","3,240","1.17","6","3.1","Public Water","Septic - Conventional","FHA New","Individuals"
"501","2223592","710-66-43-52-200-000","CLOSD","16500 Crossfell Drive, Chesterfield VA 23832","23832","Chesterfield","Single Family Residence","10/28/2022","$699,000","$694,500","21","Resale (occupied at least once)","2020","Harpers Mill","4,017","0.67","4","3.1","Public Water","Sewer - Public","Conventional","Individuals"
"501","2217190","766-68-71-41-700-000","CLOSD","6704 Belmont Road, Chesterfield VA 23832","23832","Chesterfield","Single Family Residence","10/28/2022","$558,000","$545,000","27","Resale (occupied at least once)","1981","None","5,111","2.29","5","4.2","Well","Sewer - Public","Conventional","Individuals"
"501","2225767","735-757-8187","CLOSD","12157 Glen Gary Circle, Henrico VA 23233","23233","Henrico","Single Family Residence","10/28/2022","$599,950","$650,000","3","Resale (occupied at least once)","1988","Glen Gary","3,048","0.25","4","2.1","Public Water","Sewer - Public","Conventional","Individuals"
"501","2223277","7748-67-1899","CLOSD","14160 Gordons Lane, Hanover VA 23059","23059","Hanover","Single Family Residence","10/28/2022","$479,000","$479,000","33","Resale (occupied at least once)","2003","None","2,403","2.86","3","2.1","Well","Septic - Engineered","Conventional","Individuals"
"501","2225683","720-67-74-68-700-000","CLOSD","14719 Beacon Hill Court, Chesterfield VA 23112","23112","Chesterfield","Townhouse","10/28/2022","$285,000","$290,000","14","Resale (occupied at least once)","1989","Beacon Hill","1,306","0.09","3","3.0","Public Water","Sewer - Public","VA New","Individuals"
"501","2217933","762-750-0466","CLOSD","32 Skipwith Green Circle, Henrico VA 23294","23294","Henrico","Townhouse","10/28/2022","$224,900","$230,000","7","Resale (occupied at least once)","1972","Skipwith Green Townhouses","1,870","0.05","4","2.1","Public Water","Sewer - Public","Conventional","Individuals"
"501","2224228","33B13113R  69","CLOSD","10420 Pine Warbler Drive, New Kent VA 23140","23140","New Kent","Single Family Residence","10/28/2022","$500,000","$510,000","3","Resale (occupied at least once)","2009","Brickshire","3,349","0.44","5","3.1","Public Water","Sewer - Public","VA New","Individuals"
"501","2223191","782-66-84-81-300-000","CLOSD","5301 Dermotte Lane, Chesterfield VA 23237","23237","Chesterfield","Single Family Residence","10/28/2022","$314,950","$314,950","33","Resale (occupied at least once)","1976","Kendale Acres","1,992","0.34","3","2.1","Public Water","Sewer - Public","Conventional","Corporate"
"501","2226889","795-65-62-99-300-000","CLOSD","12113 Warfield Estates Drive, Chesterfield VA 23831","23831","Chesterfield","Single Family Residence","10/28/2022","$320,000","$330,000","8","Resale (occupied at least once)","2001","Warfield Estates","1,726","0.34","3","2.1","Public Water","Sewer - Public","Conventional","Individuals"
"501","2225575","43-37-B-2-0","CLOSD","1705 Cahill Terrace, Goochland VA 23102","23102","Goochland","Single Family Residence","10/28/2022","$414,900","$415,000","9","Resale (occupied at least once)","2011","Clifton","2,200","1.83","4","2.1","Well","Septic - Conventional","Conventional","Individuals"
"501","2224344","806-713-3681","CLOSD","5102 Cavedo Lane, Henrico VA 23231","23231","Henrico","Single Family Residence","10/28/2022","$285,000","$275,000","12","Resale (occupied at least once)","1941","San Rafael Court","1,268","0.23","4","1.0","Public Water","Sewer - Public","Conventional","Partnership"
"501","2225516","747-749-6916","CLOSD","9621 Peppertree Drive, Henrico VA 23238","23238","Henrico","Single Family Residence","10/28/2022","$399,000","$400,000","6","Resale (occupied at least once)","1980","Candlewood","2,352","0.41","5","2.1","Public Water","Sewer - Public","Cash","Individuals"
"501","2212826","to be determined","CLOSD","4607 Broad Hill Drive #Unit62, Henrico VA 23233","23233","Henrico","Condominium","10/28/2022","$655,215","$655,215","18","New (never occupied)","2022","Saunders Station At Broad Hill Centre","2,716","","4","3.1","Public Water","Sewer - Public","FHA New","Corporate"
"501","2211268","TBD","CLOSD","2731 Acadia Drive #UnitB, Henrico VA 23294","23294","Henrico","Condominium","10/28/2022","$401,390","$401,390","64","New (never occupied)","2022","West Broad Landing","2,518","","3","2.1","Public Water","Sewer - Public","Conventional","Corporate"
"501","2225922","725-68-71-00-100-000","CLOSD","14103 Liberty Oaks Circle, Chesterfield VA 23112","23112","Chesterfield","Single Family Residence","10/28/2022","$290,000","$280,000","8","Resale (occupied at least once)","1985","Brandermill","1,362","0.17","3","2.0","Public Water","Sewer - Public","Conventional","Individuals"
"501","2226411","784-67-57-66-400-000","CLOSD","7842 Silver Mist Avenue, Chesterfield VA 23237","23237","Chesterfield","Single Family Residence","10/28/2022","$367,950","$355,000","8","Resale (occupied at least once)","2017","Silverleaf","2,112","0.19","3","2.1","Public Water","Sewer - Public","Conventional","Individuals"
"501","2226219","734-70-37-33-800-000","CLOSD","12617 Lancey Court, Chesterfield VA 23114","23114","Chesterfield","Single Family Residence","10/28/2022","$450,000","$445,000","8","Resale (occupied at least once)","1987","Walton Park","3,007","0.38","4","2.2","Public Water","Sewer - Public","Conventional","Individuals"
"501","2226209","754-65-18-07-100-000","CLOSD","9512 Owl Trace Drive, Chesterfield VA 23838","23838","Chesterfield","Single Family Residence","10/28/2022","$658,200","$650,000","10","Resale (occupied at least once)","1999","Woodland Pond","3,559","1.15","4","3.1","Public Water","Septic - Conventional","Conventional","Individuals"
"501","2226157","777-750-5082","CLOSD","2621 Linbrook Drive, Henrico VA 23228","23228","Henrico","Single Family Residence","10/28/2022","$279,900","$279,900","6","Resale (occupied at least once)","1941","Hilliard Park","1,584","0.34","4","2.0","Public Water","Sewer - Public","Conventional","Individuals"
"501","2226007","762-69-74-18-600-000","CLOSD","2008 Pocoshock Boulevard, Chesterfield VA 23235","23235","Chesterfield","Single Family Residence","10/28/2022","$240,000","$240,000","9","Resale (occupied at least once)","1940","Pocoshock Hills","1,217","0.96","4","2.0","Public Water","Septic - Conventional","Conventional","Individuals"
"501","2219978","753-742-6680","CLOSD","1305 St Michaels Lane, Henrico VA 23229","23229","Henrico","Single Family Residence","10/28/2022","$225,000","$220,000","36","Resale (occupied at least once)","1950","Ridgecrest","720","0.23","2","1.0","Public Water","Sewer - Public","Conventional","Corporate"
"501","2219208","801-62-99-66-900-000","CLOSD","17104 Swift Bluff Court, Chesterfield VA 23834","23834","Chesterfield","Single Family Residence","10/28/2022","$130,000","$130,000","35","Resale (occupied at least once)","1986","Millside","1,008","0.21","3","2.0","Public Water","Sewer - Public","FHA New","Individuals"
"501","2219004","745683722900000","CLOSD","10937 Genito Square Drive #Unit15C, Chesterfield VA 23112","23112","Chesterfield","Townhouse","10/28/2022","$312,485","$322,485","13","New (never occupied)","2022","Genito Square","1,567","","3","2.1","Public Water","Sewer - Public","FHA New","Corporate"
"501","2208596","738679498400000","CLOSD","12221 Lightning Bug Loop, Chesterfield VA 23112","23112","Chesterfield","Townhouse","10/28/2022","$338,075","$338,075","0","New (never occupied)","2022","Wescott","1,502","","3","2.1","Public Water","Sewer - Public","Conventional","Corporate"
"501","2219667","727-68-88-94-800-002","CLOSD","13825 Woodbridge Crossing Way #Unit2, Chesterfield VA 23112","23112","Chesterfield","Condominium","10/28/2022","$344,900","$340,900","46","Resale (occupied at least once)","2009","Woodbridge Crossing","2,091","3.55","3","2.1","Public Water","Sewer - Public","Conventional","Individuals"
"501","2220749","783-751-6181","CLOSD","1500 Lakeside Avenue, Henrico VA 23228","23228","Henrico","Single Family Residence","10/28/2022","$350,000","$345,000","51","Resale (occupied at least once)","1986","Lakeside Hills","2,029","0.33","4","2.0","Public Water","Sewer - Public","Conventional","Individuals"
"501","2227417","To be determined","CLOSD","11542 Ellerbee Mill Avenue #Unit5-3, Chesterfield VA 23831","23831","Chesterfield","Single Family Residence","10/28/2022","$443,570","$443,570","0","New (never occupied)","2022","The Villas at Iron Mill","1,559","","3","2.0","Public Water","Sewer - Public","Conventional","Corporate"
"501","2222947","788-68-56-98-200-000","CLOSD","6115 Strathcona Street, Chesterfield VA 23234","23234","Chesterfield","Single Family Residence","10/28/2022","$285,000","$290,000","25","Resale (occupied at least once)","1964","Falling Creek Hills","1,350","0.30","3","2.0","Public Water","Sewer - Public","Conventional","Individuals"
"501","2221907","7788-66-0176","CLOSD","11318 Winding Brook Terrace Drive, Hanover VA 23005","23005","Hanover","Townhouse","10/28/2022","$335,000","$337,500","54","Resale (occupied at least once)","2021","Winding Brook Townhomes","1,567","0.05","3","2.1","Public Water","Sewer - Public","Conventional","Individuals"
"501","2225619","809-734-7473","CLOSD","3908 Morton Drive, Henrico VA 23223","23223","Henrico","Single Family Residence","10/28/2022","$375,000","$375,000","8","Resale (occupied at least once)","2006","Clarendon Woods","3,202","0.19","5","3.1","Public Water","Sewer - Public","FHA New","Individuals"
"501","2208735","7840-01-7372","CLOSD","14783 Kelleys Ford Lane, Hanover VA 23059","23059","Hanover","Single Family Residence","10/28/2022","$820,000","$800,000","119","Resale (occupied at least once)","2004","Mountain Run","4,151","1.10","4","4.1","Community Well","Community - Sewer/Septic","Conventional","Individuals"
"501","2226653","W000-1472-004","CLOSD","3229 West Franklin Street, Richmond City VA 23221","23221","Richmond City","Single Family Residence","10/28/2022","$315,000","$315,000","3","Resale (occupied at least once)","1958","None","848","0.08","1","1.0","Public Water","Sewer - Public","Conventional","Individuals"
"501","2223097","757-769-9633","CLOSD","5132 Hart Mill Drive, Henrico VA 23060","23060","Henrico","Single Family Residence","10/28/2022","$475,000","$460,000","17","Resale (occupied at least once)","2001","Springcreek","2,430","0.21","4","2.1","Public Water","Sewer - Public","Conventional","Individuals"
"501","2225808","748-749-5751","CLOSD","1705 Coachlite Drive, Henrico VA 23238","23238","Henrico","Single Family Residence","10/28/2022","$425,000","$455,000","7","Resale (occupied at least once)","1985","Gates Head","2,085","0.23","4","2.1","Public Water","Sewer - Public","Conventional","Individuals"
"501","2224876","744-68-57-09-700-000","CLOSD","11016 Speeks Court, Chesterfield VA 23112","23112","Chesterfield","Single Family Residence","10/28/2022","$225,000","$225,000","5","Resale (occupied at least once)","1985","William Gwyn Estates","960","0.25","3","1.0","Public Water","Sewer - Public","Conventional","Individuals"
"501","2224743","740-66-08-99-200-000","CLOSD","12302 Birchlake Circle, Chesterfield VA 23832","23832","Chesterfield","Single Family Residence","10/28/2022","$359,950","$400,000","3","Resale (occupied at least once)","1974","Beaverwood","1,500","0.96","3","2.1","Well","Septic - Conventional","Cash","Individuals"
"501","2224821","741-777-2048","CLOSD","11720 Park Forest Court, Henrico VA 23059","23059","Henrico","Single Family Residence","10/28/2022","$399,000","$399,000","13","Resale (occupied at least once)","1996","Aubury @ Wyndham","1,516","0.18","3","2.1","Public Water","Sewer - Public","Conventional","Individuals"
"501","2220831","823-722-6361","CLOSD","521 Highland Drive, Henrico VA 23075","23075","Henrico","Single Family Residence","10/28/2022","$267,950","$268,000","19","Resale (occupied at least once)","1948","Highland Terrace","1,500","0.21","3","2.0","Public Water","Sewer - Public","Conventional","Individuals"
"501","2226039","724-69-92-17-800-000","CLOSD","1043 Cohen Trail, Chesterfield VA 23114","23114","Chesterfield","Single Family Residence","10/28/2022","$520,000","$510,000","12","Resale (occupied at least once)","2005","Armistead Village at Charter Colony","3,389","0.21","4","3.1","Public Water","Sewer - Public","FHA New","Individuals"
"501","2219664","N000-1555-006","CLOSD","405 East Ladies Mile Road, Richmond City VA 23222","23222","Richmond City","Single Family Residence","10/28/2022","$259,950","$259,950","30","Resale (occupied at least once)","2009","Providence Park","1,410","0.09","3","1.1","Public Water","Sewer - Public","VHDA ","Corporate"
"501","2228193","807-714-3082","CLOSD","2511 Carlisle Avenue, Henrico VA 23231","23231","Henrico","Single Family Residence","10/28/2022","$139,950","$144,000","5","Resale (occupied at least once)","1954","Shurm Heights","936","0.22","2","1.0","Public Water","Sewer - Public","Cash","Individuals"
"501","2227548","781-65-31-94-300-130","CLOSD","5715 Magnolia Shore Lane, Chesterfield VA 23831","23831","Chesterfield","Condominium","10/28/2022","$365,000","$365,000","3","Resale (occupied at least once)","2018","Villas At Magnolia Lakes","1,779","26.28","2","2.0","Public Water","Sewer - Public","Cash","Individuals"
"501","2227265","E000-1763-087","CLOSD","3518 East Richmond Road #UnitU2, Richmond City VA 23223","23223","Richmond City","Condominium","10/28/2022","$109,950","$105,000","4","Resale (occupied at least once)","1966","Villas Of Oakwood South","760","0.02","2","1.0","Public Water","Sewer - Public","Cash","Individuals"
"501","2227249","028A1-1N-8","CLOSD","2529 Mountain View Road, Powhatan VA 23139","23139","Powhatan","Single Family Residence","10/28/2022","$210,000","$200,000","2","Resale (occupied at least once)","1974","Red Lane","1,248","1.11","3","2.0","Well","Septic - Conventional","Cash","Individuals"
"501","2227200","751-70-12-54-500-000","CLOSD","316 Philray Road, Chesterfield VA 23236","23236","Chesterfield","Single Family Residence","10/28/2022","$279,000","$265,000","6","Resale (occupied at least once)","1972","Archway","1,745","0.43","4","2.0","Public Water","Sewer - Public","Cash","Individuals"
"501","2227067","804-735-7665","CLOSD","3840 Bolling Road, Henrico VA 23223","23223","Henrico","Single Family Residence","10/28/2022","$199,900","$183,000","4","Resale (occupied at least once)","1948","Glenwood Farms","1,393","0.21","3","2.1","Public Water","Sewer - Public","Cash","Individuals"
"501","2226922","791-65-93-60-800-000","CLOSD","11440 Driscoll Road, Chesterfield VA 23831","23831","Chesterfield","Single Family Residence","10/28/2022","$350,000","$374,000","4","Resale (occupied at least once)","1975","Trueheart Heights","2,104","0.56","3","2.1","Public Water","Septic - Conventional","VA New","Individuals"
"501","2226815","755-71-16-95-800-000","CLOSD","8710 Sunview Lane, Chesterfield VA 23235","23235","Chesterfield","Single Family Residence","10/28/2022","$340,000","$380,000","4","Resale (occupied at least once)","1984","Sunview","1,440","0.38","3","2.1","Public Water","Sewer - Public","FHA New","Individuals"
"501","2226718","709-69-72-50-100-000","CLOSD","16513 Hannington Drive, Chesterfield VA 23112","23112","Chesterfield","Single Family Residence","10/28/2022","$1,031,500","$1,050,000","7","Resale (occupied at least once)","2017","Hallsley","4,126","0.41","5","4.0","Public Water","Sewer - Public","Cash","Individuals"
"501","2226684","753-751-1740","CLOSD","9312 Freestone Avenue, Henrico VA 23229","23229","Henrico","Single Family Residence","10/28/2022","$409,000","$410,000","7","Resale (occupied at least once)","1963","Three Chopt Estates","1,974","0.28","3","2.1","Public Water","Sewer - Public","Conventional","Individuals"
"501","2226614","S004-2910-014","CLOSD","111 Winber Drive, Richmond City VA 23224","23224","Richmond City","Single Family Residence","10/28/2022","$189,000","$180,000","12","Resale (occupied at least once)","1945","None","1,552","0.17","4","2.0","Public Water","Sewer - Public","Cash","Individuals"
"501","2226586","8714-13-3007","CLOSD","7436 Jennifer Circle, Hanover VA 23111","23111","Hanover","Single Family Residence","10/28/2022","$180,000","$200,000","2","Resale (occupied at least once)","1980","Hunters Crossing","1,832","0.26","4","2.1","Public Water","Sewer - Public","Cash","Estate"
"501","2226498","763-764-1268.015","CLOSD","3401 Coles Point Way #UnitE, Henrico VA 23060","23060","Henrico","Condominium","10/28/2022","$459,950","$440,000","13","Resale (occupied at least once)","2008","Southall @ Crossridge","2,110","1.29","3","2.0","Public Water","Sewer - Public","Conventional","Individuals"
"501","2226428","737-758-8755","CLOSD","12112 Carmon Court, Henrico VA 23233","23233","Henrico","Single Family Residence","10/28/2022","$494,950","$500,000","6","Resale (occupied at least once)","1990","Sherbrooke","2,513","0.24","4","2.1","Public Water","Sewer - Public","Conventional","Individuals"
"501","2226334","825-724-5395","CLOSD","228 North Mapleleaf Avenue, Henrico VA 23075","23075","Henrico","Single Family Residence","10/28/2022","$249,000","$240,000","13","Resale (occupied at least once)","1971","Highland Springs","1,053","0.15","3","1.1","Public Water","Sewer - Public","Cash","Partnership"
"501","2226279","7874-80-4520","CLOSD","11095 Richards Road, Hanover VA 23047","23047","Hanover","Single Family Residence","10/28/2022","$259,000","$245,000","5","Resale (occupied at least once)","1960","None","1,056","2.59","3","1.0","Well","Septic - Conventional","FHA New","Corporate"
"501","2226225","742-751-2825","CLOSD","2118 Willowick Lane, Henrico VA 23238","23238","Henrico","Single Family Residence","10/28/2022","$524,950","$572,000","6","Resale (occupied at least once)","1987","Raintree North","2,643","0.28","4","3.1","Public Water","Sewer - Public","Conventional","Individuals"
"501","2226216","W019-0306-029","CLOSD","33 West Locke Lane #UnitU6, Richmond City VA 23226","23226","Richmond City","Condominium","10/28/2022","$249,950","$285,000","4","Resale (occupied at least once)","1930","Lock Lane Condominium","758","0.02","1","1.1","Public Water","Sewer - Public","Conventional","Individuals"
"501","2226059","779-67-98-11-500-000","CLOSD","4601 Mason Dale Terrace, Chesterfield VA 23234","23234","Chesterfield","Single Family Residence","10/28/2022","$233,000","$250,000","5","Resale (occupied at least once)","1996","Mason Woods","1,632","0.49","3","2.1","Public Water","Sewer - Public","Cash","Individuals"
"501","2225768","701-67-33-40-600-000","CLOSD","6706 Grand Haven Lane, Chesterfield VA 23120","23120","Chesterfield","Single Family Residence","10/28/2022","$774,900","$740,000","11","Resale (occupied at least once)","2021","Magnolia Green","3,020","0.38","4","3.1","Public Water","Sewer - Public","Cash","Individuals"
"501","2225754","8764-47-5333","CLOSD","7385 Flannigan Mill Road, Hanover VA 23111","23111","Hanover","Single Family Residence","10/28/2022","$370,000","$375,000","5","Resale (occupied at least once)","1977","None","1,716","3.40","4","2.0","Well","Septic - Conventional","Conventional","Individuals"
"501","2225693","N000-0966-008","CLOSD","3014 Noble Avenue, Richmond City VA 23222","23222","Richmond City","Single Family Residence","10/28/2022","$579,000","$583,000","3","Resale (occupied at least once)","1919","Ginter Park Terrace","2,492","0.16","4","2.0","Public Water","Sewer - Public","Conventional","Individuals"
"501","2225631","751-71-50-20-900-013","CLOSD","10120 Iron Mill Road, Chesterfield VA 23235","23235","Chesterfield","Condominium","10/28/2022","$104,999","$125,000","15","Resale (occupied at least once)","1973","Edgehill Condo","816","18.14","1","1.0","Public Water","Sewer - Public","Conventional","Individuals"
"501","2225549","766-69-92-50-600-000","CLOSD","7000 Dyer Lane, Chesterfield VA 23225","23225","Chesterfield","Single Family Residence","10/28/2022","$469,000","$462,000","8","Resale (occupied at least once)","1994","None","3,626","8.12","3","3.0","Well","Sewer - Public","FHA New","Individuals"
"501","2225506","S008-0779-010","CLOSD","2402 Haden Avenue, Richmond City VA 23234","23234","Richmond City","Single Family Residence","10/28/2022","$145,000","$130,000","23","Resale (occupied at least once)","1964","Pine Hurst","912","0.21","3","1.0","Public Water","Sewer - Public","Cash","Individuals"
"501","2225503","725-71-26-66-200-000","CLOSD","14230 Newgate Road, Chesterfield VA 23113","23113","Chesterfield","Single Family Residence","10/28/2022","$765,000","$750,000","8","Resale (occupied at least once)","1982","Salisbury","3,170","0.80","4","2.1","Public Water","Sewer - Public","Cash","Individuals"
"501","2225484","W000-1160-042","CLOSD","13 South Mulberry Street, Richmond City VA 23220","23220","Richmond City","Single Family Residence","10/28/2022","$449,000","$455,000","5","Resale (occupied at least once)","1920","None","1,960","0.02","3","2.1","Public Water","Sewer - Public","Conventional","Individuals"
"501","2225469","820-688-5385","CLOSD","7901 DORAN Road, Henrico VA 23231","23231","Henrico","Single Family Residence","10/28/2022","$325,000","$300,000","23","Resale (occupied at least once)","1978","None","1,726","2.50","3","2.0","Well","Septic - Conventional","Conventional","Individuals"
"501","2225403","741-765-1451","CLOSD","5025 Parsons Walk Circle, Henrico VA 23059","23059","Henrico","Single Family Residence","10/28/2022","$624,999","$625,000","6","Resale (occupied at least once)","2004","Parsons Walk @ Twin Hickory","3,502","0.21","5","3.1","Public Water","Sewer - Public","Conventional","Individuals"
"501","2225391","W000-1168-007","CLOSD","2602 Park Avenue, Richmond City VA 23220","23220","Richmond City","Single Family Residence","10/28/2022","$999,950","$950,000","13","Resale (occupied at least once)","1910","None","3,808","0.10","4","4.0","Public Water","Sewer - Public","Cash","Individuals"
"501","2225232","E000-1544-005","CLOSD","1315 North 35th Street, Richmond City VA 23223","23223","Richmond City","Single Family Residence","10/28/2022","$180,000","$175,000","0","Resale (occupied at least once)","1920","Chimborazo","1,452","0.09","3","1.1","Public Water","Sewer - Public","Private","Corporate"
"501","2225195","827-720-2328","CLOSD","404 Fairbury Road, Henrico VA 23075","23075","Henrico","Townhouse","10/28/2022","$124,999","$132,500","3","Resale (occupied at least once)","1973","Fairlawn Townhouses","1,007","0.03","3","1.1","Public Water","Sewer - Public","Conventional","Individuals"
"501","2225157","7797-06-8237","CLOSD","9471 Manorwood Drive, Hanover VA 23116","23116","Hanover","Single Family Residence","10/28/2022","$449,500","$449,500","8","Resale (occupied at least once)","1998","Kings Charter","2,173","0.22","4","2.1","Public Water","Sewer - Public","Conventional","Individuals"
"501","2225088","701-63-80-45-000-000","CLOSD","13619 Cedar Creek Road, Chesterfield VA 23838","23838","Chesterfield","Single Family Residence","10/28/2022","$299,900","$300,000","14","Resale (occupied at least once)","1976","None","1,425","1.93","3","2.0","Well","Septic - Conventional","Conventional","Corporate"
"501","2224992","713-68-03-20-100-000","CLOSD","5418 Trail Ride Court, Chesterfield VA 23120","23120","Chesterfield","Single Family Residence","10/28/2022","$655,000","$660,000","4","Resale (occupied at least once)","2006","Foxfield","4,223","0.50","5","3.1","Public Water","Sewer - Public","Conventional","Individuals"
"501","2224874","736-777-3626","CLOSD","5705 Hinsdale Place, Henrico VA 23059","23059","Henrico","Single Family Residence","10/28/2022","$594,000","$580,000","23","Resale (occupied at least once)","1995","Benning Oaks At Wyndham","2,784","0.32","5","2.1","Public Water","Sewer - Public","Conventional","Individuals"
"501","2224804","769-759-0825","CLOSD","3006 Silverbush Court, Henrico VA 23228","23228","Henrico","Townhouse","10/28/2022","$275,000","$260,000","15","Resale (occupied at least once)","1997","Lakeland Towns","1,280","0.04","3","2.1","Public Water","Sewer - Public","Cash","Individuals"
"501","2224656","C005-0292-020","CLOSD","1700 Blakemore Road, Richmond City VA 23225","23225","Richmond City","Single Family Residence","10/28/2022","$249,500","$247,000","7","Resale (occupied at least once)","1957","Westlake Hills","1,417","0.24","3","2.1","Public Water","Sewer - Public","Private","Individuals"
"501","2224638","752-766-9137","CLOSD","10700 High Mountain Court, Henrico VA 23060","23060","Henrico","Single Family Residence","10/28/2022","$449,950","$440,000","10","Resale (occupied at least once)","1998","The Village @ Innsbrook","2,064","0.36","3","2.1","Public Water","Sewer - Public","VA New","Individuals"
"501","2224557","22A13 1 2 123","CLOSD","7150 Marecage Court, New Kent VA 23124","23124","New Kent","Single Family Residence","10/28/2022","$442,995","$442,995","29","Resale (occupied at least once)","2021","The Arbors At New Kent Winery","2,888","0.30","4","2.1","Public Water","Sewer - Public","Conventional","Individuals"
"501","2224444","761-740-6486","CLOSD","1016 Westham Parkway, Henrico VA 23229","23229","Henrico","Single Family Residence","10/28/2022","$374,950","$340,000","28","Resale (occupied at least once)","1955","Westhampton Hills","1,520","0.26","3","1.2","Public Water","Sewer - Public","Conventional","Individuals"
"501","2224416","763-757-4172","CLOSD","4906 Donegal Trace Court, Henrico VA 23228","23228","Henrico","Townhouse","10/28/2022","$245,000","$245,000","22","Resale (occupied at least once)","1990","Shannon Green","1,126","0.04","2","2.1","Public Water","Sewer - Public","Cash","Individuals"
"501","2224347","742-777-7916","CLOSD","11729 Olde Covington Way, Henrico VA 23059","23059","Henrico","Single Family Residence","10/28/2022","$899,995","$950,000","11","Resale (occupied at least once)","2008","Covington","4,860","0.40","5","4.2","Public Water","Sewer - Public","Conventional","Individuals"
"501","2224291","W019-0167-027","CLOSD","4818 West Franklin Street, Richmond City VA 23226","23226","Richmond City","Single Family Residence","10/28/2022","$985,000","$1,050,000","6","Resale (occupied at least once)","1948","Colonial Place","2,982","0.17","4","3.0","Public Water","Sewer - Public","Cash","Individuals"
"501","2224287","8725-95-6278","CLOSD","6012 Dugout Terrace, Hanover VA 23111","23111","Hanover","Single Family Residence","10/28/2022","$279,900","$300,000","13","Resale (occupied at least once)","1993","Battlefield Green","1,437","0.46","3","2.1","Public Water","Sewer - Public","Conventional","Individuals"
"501","2224243","780-66-11-24-000-000","CLOSD","10437 Oakside Drive, Chesterfield VA 23237","23237","Chesterfield","Single Family Residence","10/28/2022","$385,000","$382,500","13","Resale (occupied at least once)","1997","North Oaks","2,334","0.28","4","2.1","Public Water","Sewer - Public","Conventional","Individuals"
"501","2223878","E000-0438-031","CLOSD","2600 East Grace Street #UnitU1, Richmond City VA 23223","23223","Richmond City","Condominium","10/28/2022","$339,900","$335,000","19","Resale (occupied at least once)","1914","None","1,183","0.03","2","2.0","Public Water","Sewer - Public","Conventional","Individuals"
"501","2223778","749-749-2218","CLOSD","9520 Chatterleigh Drive, Henrico VA 23238","23238","Henrico","Single Family Residence","10/28/2022","$425,000","$517,000","5","Resale (occupied at least once)","1979","Candlewood","2,002","0.31","4","2.1","Public Water","Sewer - Public","Conventional","Individuals"
"501","2223723","6798-69-8188","CLOSD","19297 Whistling Drive, Hanover VA 23146","23146","Hanover","Single Family Residence","10/28/2022","$525,000","$535,000","7","Resale (occupied at least once)","1998","Red Bud","2,419","10.01","3","2.0","Well","Septic - Conventional","Conventional","Individuals"
"501","2223700","726-68-72-94-200-000","CLOSD","13911 Sagegrove Circle, Chesterfield VA 23112","23112","Chesterfield","Single Family Residence","10/28/2022","$325,000","$325,000","7","Resale (occupied at least once)","1981","Brandermill","1,712","0.16","3","2.1","Public Water","None","FHA New","Individuals"
"501","2223648","44-16-0-14-B","CLOSD","1546 Horsepen Hills Road, Goochland VA 23102","23102","Goochland","Single Family Residence","10/28/2022","$699,000","$700,000","19","Resale (occupied at least once)","2020","Horsepen Hills","3,216","6.81","4","3.1","Well","Septic - Conventional","VA New","Individuals"
"501","2223580","710-69-78-15-900-000","CLOSD","2018 Drumone Court, Chesterfield VA 23112","23112","Chesterfield","Single Family Residence","10/28/2022","$775,000","$770,000","18","Resale (occupied at least once)","2015","Hallsley","3,697","0.39","5","3.0","Public Water","Sewer - Public","Conventional","Individuals"
"501","2223400","036-77A","CLOSD","2026 Old Tavern Road, Powhatan VA 23139","23139","Powhatan","Single Family Residence","10/28/2022","$265,000","$265,000","37","Resale (occupied at least once)","1985","None","1,136","1.00","3","2.0","Well","Septic - Conventional","FHA New","Corporate"
"501","2223337","E000-0069-019","CLOSD","301 Virginia Street #UnitU702, Richmond City VA 23219","23219","Richmond City","Condominium","10/28/2022","$352,500","$355,000","55","Resale (occupied at least once)","2006","Vistas On The James","1,087","0.02","2","2.0","Public Water","Sewer - Public","Cash","Individuals"
"501","2223172","C005-0259-030","CLOSD","1920 North Junaluska Drive, Richmond City VA 23225","23225","Richmond City","Single Family Residence","10/28/2022","$329,950","$310,000","39","Resale (occupied at least once)","1961","Westlake Hills","1,911","0.30","3","2.1","Public Water","Sewer - Public","Conventional","Individuals"
"501","2223168","C005-0259-006","CLOSD","1843 Blakemore Road, Richmond City VA 23225","23225","Richmond City","Single Family Residence","10/28/2022","$295,000","$295,000","17","Resale (occupied at least once)","1968","Westover Hills","1,633","0.28","3","1.1","Public Water","Sewer - Public","Conventional","Individuals"
"501","2223060","751-735-5039","CLOSD","304 Berwickshire Drive, Henrico VA 23229","23229","Henrico","Single Family Residence","10/28/2022","$899,999","$914,000","30","Resale (occupied at least once)","1975","Sleepy Hollow","3,673","0.84","5","3.2","Public Water","Sewer - Public","Conventional","Individuals"
"501","2222941","742-752-0494","CLOSD","10417 Silverbrook Drive, Henrico VA 23233","23233","Henrico","Single Family Residence","10/28/2022","$425,000","$425,000","5","Resale (occupied at least once)","1980","Crown Grant","2,016","0.20","4","2.1","Public Water","Sewer - Public","Conventional","Individuals"
"501","2222898","7616093190000","CLOSD","20031 Ivan Road, Chesterfield VA 23803","23803","Chesterfield","Single Family Residence","10/28/2022","$349,000","$362,500","13","Resale (occupied at least once)","2006","Eagle Cove","2,309","0.70","4","2.1","Public Water","Septic - Conventional","FHA New","Individuals"
"501","2222409","739-774-7507","CLOSD","5900 Bottomley Place, Henrico VA 23059","23059","Henrico","Single Family Residence","10/28/2022","$949,950","$954,950","14","New (never occupied)","2022","Ketterley At Grey Oaks","3,707","0.33","5","4.0","Public Water","Sewer - Public","VA New","Corporate"
"501","2221604","700-67-23-05-600-000","CLOSD","6848 Cherry Creek Lane, Chesterfield VA 23120","23120","Chesterfield","Single Family Residence","10/28/2022","$799,000","$799,000","31","Resale (occupied at least once)","2022","Magnolia Green","3,218","0.48","5","3.0","Public Water","Sewer - Public","Conventional","Individuals"
"501","2221497","W019-0278-047","CLOSD","4520 Grove Avenue #UnitU8, Richmond City VA 23221","23221","Richmond City","Condominium","10/28/2022","$265,000","$255,000","60","Resale (occupied at least once)","1960","Colonial Place","1,100","0.03","2","1.0","Public Water","Sewer - Public","Conventional","Individuals"
"501","2221060","816-724-9531","CLOSD","5607 Yates Lane, Henrico VA 23223","23223","Henrico","Single Family Residence","10/28/2022","$299,000","$295,000","50","Resale (occupied at least once)","1985","Beth Dale","1,600","0.20","4","2.0","Public Water","Sewer - Public","VHDA/FHA","Individuals"
"501","2220774","730-71-48-82-000-000","CLOSD","13301 Torrington Drive, Chesterfield VA 23113","23113","Chesterfield","Single Family Residence","10/28/2022","$750,000","$697,000","10","Resale (occupied at least once)","1985","Salisbury","3,147","0.89","4","3.1","Public Water","Sewer - Public","Conventional","Individuals"
"501","2218405","7826-78-6220","CLOSD","16180 Beaverdam School Road, Hanover VA 23015","23015","Hanover","Single Family Residence","10/28/2022","$890,000","$750,000","67","Resale (occupied at least once)","1965","None","3,486","62.00","5","4.1","Well","Septic - Conventional","Other","Estate"
"501","2217745","E000-0470-005","CLOSD","2309 Carrington Street, Richmond City VA 23223","23223","Richmond City","Single Family Residence","10/28/2022","$599,950","$602,000","3","New (never occupied)","2022","None","2,305","0.06","3","3.1","Public Water","Sewer - Public","Conventional","Corporate"
"501","2214904","760-740-3178","CLOSD","7608 Hollins Road, Henrico VA 23229","23229","Henrico","Single Family Residence","10/28/2022","$629,000","$622,000","74","Resale (occupied at least once)","1960","Rollingwood","2,412","0.30","3","3.0","Public Water","Sewer - Public","Conventional","Individuals"
"501","2214226","795-63-93-63-400-000","CLOSD","3240 Fielding Road, Chesterfield VA 23834","23834","Chesterfield","Single Family Residence","10/28/2022","$319,000","$319,000","120","New (never occupied)","2022","Farmview Estates","1,732","2.32","4","2.0","Public Water","Sewer - Public","Conventional","Individuals"
"501","2214056","S000-0007-001","CLOSD","433 West 7th Street #Unit20, Richmond City VA 23224","23224","Richmond City","Townhouse","10/28/2022","$899,000","$880,000","101","New (never occupied)","2022","Manchester","3,068","","3","3.1","Public Water","Sewer - Public","Conventional","Corporate"
"501","2211074","826660854800000","CLOSD","12057 Almer Lane, Chesterfield VA 23836","23836","Chesterfield","Single Family Residence","10/28/2022","$583,325","$583,325","0","New (never occupied)","2022","The Landings at Meadowville","4,165","","5","4.0","Public Water","Sewer - Public","FHA New","Corporate"
"501","2203922","42-40-0-9-0","CLOSD","3013 Swanns Inn Crescent, Goochland VA 23063","23063","Goochland","Single Family Residence","10/28/2022","$634,950","$706,442","88","New (never occupied)","2022","Swann's Inn Estates","2,603","0.53","4","3.1","Public Water","Sewer - Public","Conventional","Corporate"
"501","2203614","731-66-22-47-000-000","CLOSD","12913 Craftsbury Mews, Chesterfield VA 23112","23112","Chesterfield","Single Family Residence","10/28/2022","$481,950","$511,297","0","New (never occupied)","2022","Collington East","2,793","","5","3.0","Public Water","Sewer - Public","Conventional","Corporate"
"501","2136409","764685541900000","CLOSD","7300 Lancewood Court, Chesterfield VA 23832","23832","Chesterfield","Single Family Residence","10/28/2022","$451,845","$454,173","0","New (never occupied)","2021","Pennwood Estates","2,544","0.28","3","2.3","Public Water","Sewer - Public","Conventional","Corporate"
"501","2135642","8737-02-6867","CLOSD","5990 Studley Road, Hanover VA 23116","23116","Hanover","Single Family Residence","10/28/2022","$901,701","$901,701","0","New (never occupied)","2021","Oak Grove","4,070","10.00","4","3.1","Well","Septic - Conventional","Conventional","Corporate"
"501","2130041","716689557200000","CLOSD","3831 Bellstone Drive, Chesterfield VA 23112","23112","Chesterfield","Single Family Residence","10/28/2022","$714,295","$819,470","3","New (never occupied)","2021","Rountrey","3,252","","4","4.0","Public Water","Sewer - Public","Conventional","Corporate"
"501","2124178","713-67-19-86-100-000","CLOSD","6937 Leire Lane, Chesterfield VA 23832","23832","Chesterfield","Townhouse","10/28/2022","$380,975","$409,241","118","New (never occupied)","2022","Cosby Village Townhomes","2,198","","3","2.1","Public Water","Sewer - Public","Conventional","Corporate"
"501","REIN10452946","33B14 22R 106","CLOSD","4137 Virginia Rail Drive, New Kent VA 23140","23140","New Kent","Single Family Residence","10/28/2022","$485,000","$485,000","16","Resale (occupied at least once)","2006","BRICKSHIRE","3,396","0.37","5","4.0","Public Water","Public Sewer On Site","",""
"501","2225771","S000-0027-066","CLOSD","815 Porter Street #UnitU301, Richmond City VA 23224","23224","Richmond City","Condominium","10/29/2022","$310,000","$305,000","11","Resale (occupied at least once)","1895","Manchester","1,250","0.03","2","2.0","Public Water","Sewer - Public","Conventional","Individuals"
"501","2221705","769676597000000","CLOSD","7006 Alabaster Terrace, Chesterfield VA 23234","23234","Chesterfield","Single Family Residence","10/31/2022","$433,990","$433,990","20","New (never occupied)","2022","Watermark","2,250","","4","2.0","Public Water","Sewer - Public","VA New","Corporate"
"501","2220290","769676597800000","CLOSD","7000 Alabaster Terrace, Chesterfield VA 23234","23234","Chesterfield","Single Family Residence","10/31/2022","$449,990","$450,985","12","New (never occupied)","2022","Watermark","2,618","","4","2.1","Public Water","Sewer - Public","VA New","Corporate"
"501","2202746","826660306200000","CLOSD","12036 Almer Lane, Chesterfield VA 23836","23836","Chesterfield","Single Family Residence","10/31/2022","$554,740","$554,740","0","New (never occupied)","2022","The Landings at Meadowville","2,787","","4","3.0","Public Water","Sewer - Public","FHA New","Corporate"
"501","2228245","7870-63-0474","CLOSD","212 Wesley Street, Hanover VA 23005","23005","Hanover","Single Family Residence","10/31/2022","$354,900","$344,900","9","Resale (occupied at least once)","1955","None","2,361","0.65","3","2.0","Public Water","Sewer - Public","Cash","Individuals"
"501","2223253","S000-0638-009","CLOSD","1116 East 16th Street, Richmond City VA 23224","23224","Richmond City","Single Family Residence","10/31/2022","$285,000","$285,000","27","Resale (occupied at least once)","1947","None","2,080","0.11","3","2.0","Public Water","Sewer - Public","Conventional","Individuals"
"501","2209719","Not Yet Assigned","CLOSD","7669 Leeds Castle Lane, New Kent VA 23124","23124","New Kent","Townhouse","10/31/2022","$359,550","$359,550","41","New (never occupied)","2022","Maidstone Village","1,829","","3","2.1","Public Water","Sewer - Public","Conventional","Corporate"
"501","2225226","3-1-0-11-0","CLOSD","4228 Shannon Hill Road, Goochland VA 23038","23038","Goochland","Single Family Residence","10/31/2022","$316,000","$316,000","8","Resale (occupied at least once)","1993","Tabscott East","1,516","6.12","3","2.1","Well","Septic - Conventional","Conventional","Individuals"
"501","2223282","796-65-31-40-600-000","CLOSD","2901 Blithe Drive, Chesterfield VA 23831","23831","Chesterfield","Single Family Residence","10/31/2022","$419,500","$419,500","41","Resale (occupied at least once)","1971","Gay Farms","2,544","0.51","5","3.0","Public Water","Septic - Conventional","VA New","Individuals"
"501","2226754","734-71-23-64-500-000","CLOSD","12212 Deerhurst Drive, Chesterfield VA 23113","23113","Chesterfield","Single Family Residence","10/31/2022","$287,900","$270,000","4","Resale (occupied at least once)","1981","Old Buckingham Forest","1,484","0.30","3","1.1","Public Water","None","Conventional","Individuals"
"501","2227726","797-64-38-77-800-000","CLOSD","2600 Eagle Rock Court, Chesterfield VA 23831","23831","Chesterfield","Single Family Residence","10/31/2022","$289,990","$300,000","11","Resale (occupied at least once)","1989","Mistwood Forest","1,806","0.40","3","2.0","Public Water","Sewer - Public","FHA New","Individuals"
"501","2224961","C008-0617-028","CLOSD","5330 Snead Road, Richmond City VA 23224","23224","Richmond City","Single Family Residence","10/31/2022","$205,000","$242,000","3","Resale (occupied at least once)","1938","Piney Knolls","1,052","0.67","2","1.0","Public Water","Sewer - Public","FHA New","Individuals"
"501","2224812","778-65-50-89-500-000","CLOSD","6309 Arbor Banks Terrace, Chesterfield VA 23831","23831","Chesterfield","Single Family Residence","10/31/2022","$340,000","$345,000","8","Resale (occupied at least once)","1994","Arbor Landing","2,338","0.43","4","2.1","Public Water","Sewer - Public","FHA New","Individuals"
"501","2224029","787-770-7281","CLOSD","944 Wellston Court, Henrico VA 23059","23059","Henrico","Townhouse","10/31/2022","$330,000","$330,000","20","Resale (occupied at least once)","2007","Villages At The Crossings","2,376","0.05","3","3.1","Public Water","Sewer - Public","Conventional","Individuals"
"501","2223267","N000-1261-005","CLOSD","609 Pollock Street, Richmond City VA 23222","23222","Richmond City","Single Family Residence","10/31/2022","$227,500","$222,500","15","Resale (occupied at least once)","1929","Hillcrest Park","949","","2","1.0","Public Water","Sewer - Public","FHA New","Individuals"
"501","2215730","to be determined","CLOSD","1447 Overbrook Road #UnitA1, Richmond City VA 23220","23220","Richmond City","Condominium","10/31/2022","$498,930","$498,930","0","New (never occupied)","2022","The Outpost at Brewers Row","1,516","","2","2.1","Public Water","Sewer - Public","FHA New","Corporate"
"501","2209808","713663921300000","CLOSD","9130 Widthby Road, Chesterfield VA 23832","23832","Chesterfield","Single Family Residence","10/31/2022","$524,990","$563,420","40","New (never occupied)","2022","Harpers Mill","2,626","","4","3.0","Public Water","Sewer - Public","Conventional","Corporate"
"501","2225511","741-69-59-33-700-000","CLOSD","1500 Wilson Wood Road, Chesterfield VA 23114","23114","Chesterfield","Single Family Residence","10/31/2022","$435,000","$425,000","14","Resale (occupied at least once)","1993","St James Woods","2,517","0.49","5","3.1","Public Water","Sewer - Public","Conventional","Individuals"
"501","2211686","to be determined","CLOSD","1449 Overbrook Road #UnitA2, Richmond City VA 23220","23220","Richmond City","Condominium","10/31/2022","$613,230","$613,860","25","New (never occupied)","2022","The Outpost at Brewers Row","2,534","","3","2.1","Public Water","Sewer - Public","Conventional","Corporate"
"501","2216624","to be determined","CLOSD","3422 Dewsberry Lane #UnitD 5-2, Henrico VA 23231","23231","Henrico","Townhouse","10/31/2022","$335,590","$335,590","60","New (never occupied)","2021","Village at Millers Lane","1,858","","3","2.2","Public Water","Sewer - Public","FHA New","Corporate"
"501","2223962","762-68-07-97-700-000","CLOSD","7607 Bakers Hill Road, Chesterfield VA 23832","23832","Chesterfield","Single Family Residence","10/31/2022","$360,000","$355,500","37","Resale (occupied at least once)","1994","Five Forks Village","2,208","0.21","4","2.1","Public Water","Sewer - Public","Conventional","Individuals"
"501","2208591","7796-77-1491","CLOSD","9266 Marl Ridge Lane, Hanover VA 23116","23116","Hanover","Townhouse","10/31/2022","$441,615","$441,615","0","New (never occupied)","2022","Giles Farm","2,090","","3","2.1","Public Water","Sewer - Public","Conventional","Corporate"
"501","2225340","745-69-91-04-000-000","CLOSD","10703 Kewbridge Court, Chesterfield VA 23236","23236","Chesterfield","Single Family Residence","10/31/2022","$315,000","$310,000","6","Resale (occupied at least once)","1982","Heatheridge","1,764","0.43","3","3.0","Public Water","Sewer - Public","Conventional","Individuals"
"501","2219458","to be determined","CLOSD","3420 Dewsberry Lane #UnitD 4-2, Henrico VA 23231","23231","Henrico","Townhouse","10/31/2022","$308,460","$308,460","12","New (never occupied)","2022","Village at Millers Lane","1,525","","3","2.1","Public Water","Sewer - Public","Other","Corporate"
"501","2226112","6798-47-3143","CLOSD","11367 Pinhook Road, Hanover VA 23146","23146","Hanover","Single Family Residence","10/31/2022","$349,950","$350,000","5","Resale (occupied at least once)","1991","None","1,568","2.55","3","2.0","Well","Septic - Conventional","Conventional","Individuals"
"501","2222361","738-746-7450","CLOSD","1623 Swansbury Drive, Henrico VA 23238","23238","Henrico","Single Family Residence","10/31/2022","$599,500","$580,500","9","Resale (occupied at least once)","1978","Kingsley","3,820","0.62","4","3.1","Public Water","Sewer - Public","Conventional","Individuals"
"501","2226539","S000-1876-004","CLOSD","3218 Moody Avenue, Richmond City VA 23225","23225","Richmond City","Single Family Residence","10/31/2022","$299,000","$310,000","6","Resale (occupied at least once)","1921","West Manchester","1,688","0.11","4","2.0","Public Water","Sewer - Public","Conventional","Individuals"
"501","2228159","774-744-3490.056","CLOSD","23 Meadow Lark Lane, Henrico VA 23228","23228","Henrico","Condominium","10/31/2022","$124,900","$133,000","3","Resale (occupied at least once)","1962","Hamlet Condominium","1,132","0.03","3","1.1","Public Water","Sewer - Public","Cash","Individuals"
"501","2227802","731-753-2494","CLOSD","2632 Chancer Drive #Unit2653, Henrico VA 23233","23233","Henrico","Townhouse","10/31/2022","$285,000","$285,000","0","Resale (occupied at least once)","1985","Cedar Hill Townhouses","1,500","0.05","3","2.0","Public Water","Sewer - Public","Conventional","Individuals"
"501","2227532","774-744-3490.103","CLOSD","6 Stillwater Lane #Unit6, Henrico VA 23228","23228","Henrico","Condominium","10/31/2022","$124,950","$125,000","7","Resale (occupied at least once)","1962","Hamlet Condominium","914","0.02","1","1.0","Public Water","Sewer - Public","Cash","Individuals"
"501","2227258","W000-1460-008","CLOSD","3221 Hanover Avenue, Richmond City VA 23221","23221","Richmond City","Single Family Residence","10/31/2022","$469,000","$475,000","5","Resale (occupied at least once)","1923","None","1,456","0.04","3","1.0","Public Water","Sewer - Public","Cash","Individuals"
"501","2227033","43-20-0-22-0","CLOSD","2569 Log Cabin Road, Goochland VA 23102","23102","Goochland","Single Family Residence","10/31/2022","$409,000","$409,000","2","Resale (occupied at least once)","1996","Crossroads West","1,992","3.32","3","2.0","Well","Septic - Conventional","Conventional","Individuals"
"501","2226828","728-69-05-81-100-000","CLOSD","2510 Carriage Creek Court, Chesterfield VA 23112","23112","Chesterfield","Single Family Residence","10/31/2022","$285,000","$305,000","4","Resale (occupied at least once)","1986","Carriage Creek","1,332","0.16","3","2.0","Public Water","Sewer - Public","Conventional","Individuals"
"501","2226811","W000-1207-101","CLOSD","511 North Arthur Ashe Boulevard #UnitU24, Richmond City VA 23220","23220","Richmond City","Condominium","10/31/2022","$249,000","$295,000","7","Resale (occupied at least once)","1928","Tuscan Villas Condominiums","830","","1","1.0","Public Water","Sewer - Public","Conventional","Individuals"
"501","2226802","757-69-57-52-300-000","CLOSD","2502 Foxberry Circle, Chesterfield VA 23235","23235","Chesterfield","Single Family Residence","10/31/2022","$275,000","$296,000","5","Resale (occupied at least once)","1984","Foxberry","1,445","0.25","4","2.0","Public Water","Sewer - Public","Conventional","Individuals"
"501","2226798","744-763-5640","CLOSD","11491 Stanford Mill Road, Henrico VA 23060","23060","Henrico","Single Family Residence","10/31/2022","$599,900","$655,100","2","Resale (occupied at least once)","2018","None","2,856","0.27","4","3.0","Public Water","Sewer - Public","Conventional","Individuals"
"501","2226796","812-700-4868","CLOSD","142 Township Boulevard, Henrico VA 23231","23231","Henrico","Townhouse","10/31/2022","$279,950","$290,000","4","Resale (occupied at least once)","2019","New Market Village","1,624","0.08","3","2.1","Public Water","Sewer - Public","Conventional","Individuals"
"501","2226792","761-68-78-97-000-000","CLOSD","4550 Little Ridge Lane, Chesterfield VA 23832","23832","Chesterfield","Single Family Residence","10/31/2022","$349,950","$350,000","3","Resale (occupied at least once)","1985","Creekwood","2,304","0.69","4","2.1","Public Water","Sewer - Public","Conventional","Individuals"
"501","2226662","813-689-4924","CLOSD","2342 New Market Road, Henrico VA 23231","23231","Henrico","Single Family Residence","10/31/2022","$279,900","$290,000","4","Resale (occupied at least once)","1923","None","1,013","0.85","3","1.0","Public Water","Septic - Conventional","Cash","Individuals"
"501","2226589","W000-1203-013","CLOSD","2700 Floyd Avenue, Richmond City VA 23220","23220","Richmond City","Single Family Residence","10/31/2022","$600,000","$630,000","4","Resale (occupied at least once)","1914","None","1,988","0.06","3","2.0","Public Water","Sewer - Public","Conventional","Individuals"
"501","2226567","790-747-4779","CLOSD","5449 Stone Lane, Henrico VA 23227","23227","Henrico","Single Family Residence","10/31/2022","$317,900","$320,000","3","Resale (occupied at least once)","2003","Afton","1,572","0.26","3","2.0","Public Water","Community - Sewer/Septic","Conventional","Other"
"501","2226500","789-66-04-93-600-000","CLOSD","3904 Paces Ferry Road, Chesterfield VA 23831","23831","Chesterfield","Single Family Residence","10/31/2022","$339,900","$345,000","8","Resale (occupied at least once)","1989","Ascot Pointe","1,862","0.27","4","2.1","Public Water","Sewer - Public","Conventional","Individuals"
"501","2226466","767-761-7291","CLOSD","10020 Laurel Lakes Drive, Henrico VA 23060","23060","Henrico","Single Family Residence","10/31/2022","$349,900","$350,400","8","Resale (occupied at least once)","1985","Laurel Lakes","1,850","0.28","3","2.1","Public Water","Sewer - Public","Cash","Individuals"
"501","2226454","C004-0049-032","CLOSD","7401 Riverside Drive, Richmond City VA 23225","23225","Richmond City","Single Family Residence","10/31/2022","$2,500,000","$3,060,000","5","Resale (occupied at least once)","2001","Southampton","4,056","2.40","4","3.2","Public Water","Sewer - Public","Cash","Estate"
"501","2226106","C005-0340-023","CLOSD","5521 Riverside Heights Way, Richmond City VA 23225","23225","Richmond City","Townhouse","10/31/2022","$369,500","$369,500","5","Resale (occupied at least once)","2016","Riverside Heights","1,584","0.08","3","2.1","Public Water","Sewer - Public","Conventional","Individuals"
"501","2226061","723-69-57-74-300-000","CLOSD","1439 Tomahawk Creek Road, Chesterfield VA 23114","23114","Chesterfield","Single Family Residence","10/31/2022","$719,900","$725,000","2","Resale (occupied at least once)","2015","Centerpointe Crossing","5,103","0.66","5","5.0","Public Water","Sewer - Public","VA New","Individuals"
"501","2226018","746-70-35-79-900-000","CLOSD","36 Natural Bridge Court, Chesterfield VA 23236","23236","Chesterfield","Single Family Residence","10/31/2022","$269,000","$285,000","4","Resale (occupied at least once)","1983","Shenandoah Hills","1,276","0.40","3","1.2","Public Water","Sewer - Public","Conventional","Individuals"
"501","2226000","747-746-3559.200","CLOSD","1509 Bronwyn Road #Unit102, Henrico VA 23238","23238","Henrico","Condominium","10/31/2022","$169,995","$182,000","4","Resale (occupied at least once)","1977","Regency Woods Condominiums","990","0.02","2","1.0","Public Water","Sewer - Public","Conventional","Individuals"
"501","2225930","739-752-5927","CLOSD","12401 Courtyard Lane, Henrico VA 23233","23233","Henrico","Single Family Residence","10/31/2022","$459,995","$480,000","9","Resale (occupied at least once)","1995","Steveston","2,176","0.27","4","2.1","Public Water","Sewer - Public","Conventional","Individuals"
"501","2225842","781-68-94-07-700-000","CLOSD","5110 Hopkins Road, Chesterfield VA 23234","23234","Chesterfield","Single Family Residence","10/31/2022","$299,900","$320,000","6","Resale (occupied at least once)","1967","Meadowbrook West","2,059","0.43","4","2.1","Public Water","Sewer - Public","Cash","Individuals"
"501","2225718","W019-0246-035","CLOSD","4630 Stuart Avenue, Richmond City VA 23226","23226","Richmond City","Single Family Residence","10/31/2022","$499,950","$550,000","5","Resale (occupied at least once)","1939","Colonial Place","1,620","0.19","3","2.0","Public Water","Sewer - Public","Conventional","Individuals"
"501","2225711","703-67-32-39-200-000","CLOSD","6413 Doyles Trail, Chesterfield VA 23120","23120","Chesterfield","Single Family Residence","10/31/2022","$549,900","$549,900","4","Resale (occupied at least once)","2020","Magnolia Green","2,922","0.18","4","2.1","Public Water","Sewer - Public","Conventional","Individuals"
"501","2225691","C008-0770-030","CLOSD","2515 Hey Road, Richmond City VA 23224","23224","Richmond City","Single Family Residence","10/31/2022","$399,500","$399,500","4","Resale (occupied at least once)","1940","None","2,376","1.00","4","3.0","Public Water","Sewer - Public","Conventional","Corporate"
"501","2225422","708-69-93-93-100-000","CLOSD","1712 Tulip Hill Drive, Chesterfield VA 23112","23112","Chesterfield","Single Family Residence","10/31/2022","$1,080,000","$1,070,000","18","Resale (occupied at least once)","2017","Hallsley","4,126","0.40","6","4.0","Public Water","Sewer - Public","Conventional","Individuals"
"501","2225335","718-66-83-27-100-000","CLOSD","15131 Fernway Drive, Chesterfield VA 23832","23832","Chesterfield","Single Family Residence","10/31/2022","$315,000","$310,000","11","Resale (occupied at least once)","2002","Ashbrook","1,700","0.18","4","2.1","Public Water","Sewer - Public","Cash","Individuals"
"501","2225295","770-738-2843","CLOSD","5800 South Crestwood Avenue, Henrico VA 23226","23226","Henrico","Single Family Residence","10/31/2022","$519,900","$536,000","3","Resale (occupied at least once)","1948","Westwood","1,804","0.32","3","2.0","Public Water","Sewer - Public","Conventional","Individuals"
"501","2225269","731-751-0255.101","CLOSD","2431 Stembridge Court #UnitA, Henrico VA 23238","23238","Henrico","Condominium","10/31/2022","$193,000","$185,000","24","Resale (occupied at least once)","1987","Palmer Place Condo","954","4.68","2","2.0","Public Water","Sewer - Public","Conventional","Individuals"
"501","2225227","W000-1466-020","CLOSD","3206 Kensington Avenue, Richmond City VA 23221","23221","Richmond City","Single Family Residence","10/31/2022","$724,900","$710,000","7","Resale (occupied at least once)","1919","None","1,720","0.06","3","3.1","Public Water","Sewer - Public","Conventional","Individuals"
"501","2225058","E000-0732-006","CLOSD","3109 East Broad Street, Richmond City VA 23223","23223","Richmond City","Single Family Residence","10/31/2022","$499,950","$530,000","3","Resale (occupied at least once)","1901","Chimborazo","1,892","0.04","3","2.1","Public Water","Sewer - Public","Conventional","Individuals"
"501","2224639","823-724-3684","CLOSD","21 North Holly Avenue, Henrico VA 23075","23075","Henrico","Single Family Residence","10/31/2022","$199,000","$199,000","29","Resale (occupied at least once)","1937","Highland Springs","961","","2","1.0","Public Water","Sewer - Public","Conventional","Corporate"
"501","2224619","770-763-7128","CLOSD","2809 Purcell Court, Henrico VA 23060","23060","Henrico","Single Family Residence","10/31/2022","$525,000","$535,000","24","Resale (occupied at least once)","2018","None","2,315","0.26","4","2.1","Public Water","Sewer - Public","Conventional","Individuals"
"501","2224581","7796-97-9423","CLOSD","8845 Seaycroft Drive, Hanover VA 23116","23116","Hanover","Single Family Residence","10/31/2022","$449,000","$425,000","22","Resale (occupied at least once)","2015","Cool Spring West","2,098","0.10","3","2.1","Public Water","Sewer - Public","Conventional","Individuals"
"501","2224566","743-71-77-60-300-000","CLOSD","2824 Live Oak Lane, Chesterfield VA 23113","23113","Chesterfield","Single Family Residence","10/31/2022","$1,050,000","$1,175,000","7","Resale (occupied at least once)","2014","Oak Park","4,030","0.81","4","4.0","Public Water","Sewer - Public","Cash","Individuals"
"501","2224516","729-72-49-49-500-000","CLOSD","3624 Rivermist Terrace, Chesterfield VA 23113","23113","Chesterfield","Single Family Residence","10/31/2022","$585,000","$565,000","37","Resale (occupied at least once)","1997","Riverton","3,161","0.69","4","2.1","Public Water","Sewer - Public","Conventional","Individuals"
"501","2224506","779-65-48-62-900-004","CLOSD","5912 Magnolia Cove Circle, Chesterfield VA 23831","23831","Chesterfield","Condominium","10/31/2022","$549,000","$500,000","8","Resale (occupied at least once)","2020","The Cove at Magnolia Lakes","3,280","","3","3.0","Public Water","Sewer - Public","VA New","Individuals"
"501","2224266","8704-97-2350","CLOSD","7390 Fullview Avenue, Hanover VA 23111","23111","Hanover","Single Family Residence","10/31/2022","$285,000","$285,000","15","Resale (occupied at least once)","1971","Full View Manor","1,466","0.38","2","1.1","Public Water","Sewer - Public","Conventional","Individuals"
"501","2224204","825-691-4836","CLOSD","7009 Ravenscraig Crescent, Henrico VA 23231","23231","Henrico","Single Family Residence","10/31/2022","$367,500","$340,000","13","Resale (occupied at least once)","2016","Castleton","1,858","0.23","3","2.1","Public Water","Sewer - Public","Conventional","Estate, Individuals"
"501","2224073","733-72-31-44-000-000","CLOSD","3201 Handley Road, Chesterfield VA 23113","23113","Chesterfield","Single Family Residence","10/31/2022","$999,950","$1,000,000","9","Resale (occupied at least once)","2007","Tarrington","5,681","0.68","6","4.1","Public Water","Sewer - Public","Conventional","Individuals"
"501","2223729","C004-0544-067","CLOSD","2956 Hathaway Road #UnitU607, Richmond City VA 23225","23225","Richmond City","Condominium","10/31/2022","$314,000","$314,000","49","Resale (occupied at least once)","1972","Hathaway Tower Condominiums","1,423","4.02","2","2.0","Public Water","Sewer - Public","Cash","Individuals"
"501","2223673","20-21-34","CLOSD","3112 Rock Cress Lane, Goochland VA 23153","23153","Goochland","Single Family Residence","10/31/2022","$729,000","$755,000","14","Resale (occupied at least once)","2002","Mill Forest","3,600","3.01","5","3.0","Well","Septic - Conventional","Cash","Individuals"
"501","2223616","S000-0027-073","CLOSD","815 Porter Street #UnitU308, Richmond City VA 23224","23224","Richmond City","Townhouse","10/31/2022","$215,000","$200,000","20","Resale (occupied at least once)","2000","None","747","0.02","1","1.0","Public Water","Sewer - Public","Cash","Individuals"
"501","2223269","782-761-5005","CLOSD","1414 Virginia Avenue, Henrico VA 23060","23060","Henrico","Single Family Residence","10/31/2022","$79,500","$44,275","14","Resale (occupied at least once)","1937","Biltmore","1,221","0.17","3","1.0","Public Water","Sewer - Public","Cash","REO"
"501","2223263","26        49","CLOSD","15749 Nevarc Hill, New Kent VA 23089","23089","New Kent","Single Family Residence","10/31/2022","$99,990","$85,000","24","Resale (occupied at least once)","1955","None","720","2.00","2","1.0","Well","Septic - Conventional","Cash","Individuals"
"501","2222982","N000-0541-022","CLOSD","2507 North Avenue, Richmond City VA 23222","23222","Richmond City","Single Family Residence","10/31/2022","$180,000","$160,000","24","Resale (occupied at least once)","1920","None","1,534","0.17","3","2.0","Public Water","Sewer - Public","Cash","Other"
"501","2222952","039-106","CLOSD","3323 Anderson Highway, Powhatan VA 23139","23139","Powhatan","Single Family Residence","10/31/2022","$349,950","$305,000","42","Resale (occupied at least once)","1965","None","1,726","2.08","4","2.0","Well","Septic - Conventional","Conventional","Estate, Individuals"
"501","2222487","W000-1082-054","CLOSD","210 North Stafford Avenue #Unit8, Richmond City VA 23220","23220","Richmond City","Condominium","10/31/2022","$179,900","$179,000","33","Resale (occupied at least once)","1927","Stafford Square Condominiums","600","0.01","2","1.0","Public Water","Sewer - Public","Cash","Individuals"
"501","2222308","7779-27-6783","CLOSD","12235 Kenton Ridge Road, Hanover VA 23005","23005","Hanover","Single Family Residence","10/31/2022","$609,900","$595,000","71","New (never occupied)","2022","Lankfords Crossing","2,918","0.46","4","3.1","Public Water","Sewer - Public","Conventional","Corporate"
"501","2221796","746-69-22-00-800-000","CLOSD","10613 Halflight Drive, Chesterfield VA 23236","23236","Chesterfield","Townhouse","10/31/2022","$389,990","$389,990","47","New (never occupied)","2022","Sunset Hills","1,884","0.09","3","2.1","Public Water","Sewer - Public","Conventional","Corporate"
"501","2221453","737-67-16-09-900-000","CLOSD","12606 Erika Hill Place, Chesterfield VA 23112","23112","Chesterfield","Single Family Residence","10/31/2022","$450,000","$445,000","25","Resale (occupied at least once)","2001","Bayhill Pointe","2,711","0.41","4","2.1","Public Water","Sewer - Public","Conventional","Individuals"
"501","2221003","8717-35-9336","CLOSD","7303 Windermere Drive, Hanover VA 23116","23116","Hanover","Single Family Residence","10/31/2022","$589,500","$589,500","31","Resale (occupied at least once)","2020","Colonial Forest","2,704","0.96","4","2.1","Community Well, Public Water","Septic - Conventional","VA New","Corporate"
"501","2220905","744-770-6521.063","CLOSD","11932 Belmont Park Court, Henrico VA 23059","23059","Henrico","Condominium","10/31/2022","$525,000","$510,000","31","Resale (occupied at least once)","2005","Belmont Park At Twin Hickory","2,982","0.17","3","3.0","Public Water","Sewer - Public","Conventional","Individuals"
"501","2219958","723-67-79-50-800-000","CLOSD","5707 North Chase Road, Chesterfield VA 23112","23112","Chesterfield","Single Family Residence","10/31/2022","$545,000","$545,000","107","Resale (occupied at least once)","1988","North Chase","3,717","0.39","5","2.2","Public Water","Sewer - Public","Other","Individuals"
"501","2219564","742-779-5570.034","CLOSD","10828 Dominion Fairways Drive, Henrico VA 23059","23059","Henrico","Condominium","10/31/2022","$579,500","$575,000","20","Resale (occupied at least once)","2000","Fairways At Wyndham","2,713","0.23","3","2.1","Public Water","Sewer - Public","Conventional","Individuals"
"501","2219188","W000-2033-006","CLOSD","4509 Fitzhugh Avenue, Richmond City VA 23230","23230","Richmond City","Single Family Residence","10/31/2022","$299,950","$320,000","6","Resale (occupied at least once)","1939","Monument Avenue Park","1,300","0.14","3","2.0","Public Water","Sewer - Public","Cash","Individuals"
"501","2216249","714-69-36-33-500-000","CLOSD","2602 Cedarville Court, Chesterfield VA 23112","23112","Chesterfield","Single Family Residence","10/31/2022","$449,900","$449,900","108","New (never occupied)","2022","Newmarket","2,118","0.24","4","2.1","Public Water","Sewer - Public","FHA New","Other"
"501","2214282","714-66-35-92-000-000","CLOSD","8712 Sanibel Court, Chesterfield VA 23832","23832","Chesterfield","Single Family Residence","10/31/2022","$506,050","$506,050","71","New (never occupied)","2022","Harpers Mill","2,032","","3","3.0","Public Water","Sewer - Public","Conventional","Corporate"
"501","2209493","775-65-64-82-700-000","CLOSD","11352 Benton Pointe Way, Chesterfield VA 23831","23831","Chesterfield","Single Family Residence","10/31/2022","$328,950","$332,985","0","New (never occupied)","2022","IronBridge Townhomes","1,513","","3","2.1","Public Water","Sewer - Public","Conventional","Corporate"
"501","2206273","763-64-42-66-800-000","CLOSD","8407 Capernwray Drive, Chesterfield VA 23838","23838","Chesterfield","Single Family Residence","10/31/2022","$674,950","$674,950","193","New (never occupied)","2022","The Highlands","3,827","1.16","5","4.1","Public Water","Septic - Conventional","Conventional","Corporate"
"501","2203161","700-67-24-42-000-000","CLOSD","18031 Timber Banks Lane, Chesterfield VA 23120","23120","Chesterfield","Single Family Residence","10/31/2022","$882,932","$882,932","2","New (never occupied)","2022","Magnolia Green","3,549","","6","4.0","Public Water","Sewer - Public","Cash","Corporate"
"501","2135241","751-68-76-49-500-000","CLOSD","4032 Ambergrove Avenue, Chesterfield VA 23236","23236","Chesterfield","Townhouse","10/31/2022","$442,750","$442,750","309","New (never occupied)","2021","Amberleigh","1,540","","2","2.0","Public Water","Sewer - Public","Cash","Corporate"
"501","BRTVACF2000168","NO TAX RECORD","CLOSD","2602 Cedarville Court, Chesterfield VA 23112","23112","Chesterfield","Single Family Residence","10/31/2022","$449,900","$449,900","239","New (never occupied)","2022","NEWMARKET AT ROUNTREY","2,118","0.24","4","3.0","Public Water","Sewer - Public","",""
"501","BRTVACF2000270","733723144000000","CLOSD","3201 Handley Road, Chesterfield VA 23113","23113","Chesterfield","Single Family Residence","10/31/2022","$999,950","$1,000,000","50","Resale (occupied at least once)","2007","NONE AVAILABLE","5,681","0.68","6","5.0","Public Water","Public Sewer On Site","",""
"501","REIN10431952","Not Yet Assigned","CLOSD","7669 Leeds Castle Lane, New Kent VA 23124","23124","New Kent","Townhouse","10/31/2022","$359,550","$359,550","40","New (never occupied)","2022","MAIDSTONE VILLAGE","1,829","","3","3.0","Public Water","Public Sewer On Site","",""
"501","2226193","788-755-4840","CLOSD","8203 Metcalf Drive, Henrico VA 23227","23227","Henrico","Single Family Residence","11/01/2022","$319,000","$310,000","16","Resale (occupied at least once)","1959","Wildwood","1,918","0.36","4","2.0","Public Water","Sewer - Public","Conventional","Estate"
"501","2226207","778-746-7941","CLOSD","2621 Dellrose Avenue, Henrico VA 23228","23228","Henrico","Single Family Residence","11/01/2022","$275,000","$290,000","2","Resale (occupied at least once)","1951","Hermitage Park","1,244","0.15","3","2.0","Public Water","Sewer - Public","FHA New","Individuals"
"501","2227513","801-729-1890","CLOSD","1809 Binford Lane, Henrico VA 23223","23223","Henrico","Single Family Residence","11/01/2022","$219,000","$232,000","4","Resale (occupied at least once)","1949","Oak Hill","996","0.21","3","1.0","Public Water","Sewer - Public","VHDA/FHA","Individuals"
"501","2226929","E000-0794-020","CLOSD","1500 North 31st Street, Richmond City VA 23223","23223","Richmond City","Single Family Residence","11/01/2022","$499,000","$499,000","8","Resale (occupied at least once)","1946","East End","3,069","0.20","4","3.0","Public Water","Sewer - Public","Cash","Corporate"
"501","2224811","W022-0295-010","CLOSD","4806 Lockgreen Circle, Richmond City VA 23226","23226","Richmond City","Single Family Residence","11/01/2022","$1,995,000","$1,795,000","8","Resale (occupied at least once)","1989","Lockgreen","4,742","0.83","4","4.2","Public Water","Sewer - Public","Conventional","Individuals"
"501","2208599","738679518500000","CLOSD","12217 Lightning Bug Loop, Chesterfield VA 23112","23112","Chesterfield","Townhouse","11/01/2022","$323,850","$323,850","0","New (never occupied)","2022","Wescott","1,441","","3","2.1","Public Water","Sewer - Public","Conventional","Corporate"
"501","2223767","8753-33-3999","CLOSD","3361 Rose Drive, Hanover VA 23111","23111","Hanover","Single Family Residence","11/01/2022","$429,950","$429,950","17","Resale (occupied at least once)","1975","Black Creek Estates","2,266","5.00","4","2.1","Well","Septic - Conventional","Cash","Individuals"
"501","2215302","797-66-19-50-800-000","CLOSD","2312 Aspen Avenue, Chesterfield VA 23831","23831","Chesterfield","Single Family Residence","11/01/2022","$225,000","$225,000","25","Resale (occupied at least once)","1976","Normandale Terrace","1,075","0.27","3","1.0","Public Water","Septic - Conventional","Conventional","Individuals"
"501","2210045","852-687-7579","CLOSD","6208 Glendale Woods Drive, Henrico VA 23231","23231","Henrico","Single Family Residence","11/01/2022","$398,900","$402,080","3","New (never occupied)","2022","Glendale Woods","1,982","1.68","3","2.1","Well","Septic - Engineered","USDA","Corporate"
"501","2225885","751-71-41-95-400-000","CLOSD","1926 Hollingsworth Drive, Chesterfield VA 23235","23235","Chesterfield","Single Family Residence","11/01/2022","$394,500","$400,000","10","Resale (occupied at least once)","1975","Edgehill","2,321","0.34","4","2.1","Public Water","Sewer - Public","Conventional","Individuals"
"501","BRTVAHN2000184","806-737-2183","CLOSD","2812 Farm Creek Drive, Henrico VA 23223","23223","Henrico","Single Family Residence","11/01/2022","$279,900","$279,900","4","Resale (occupied at least once)","1990","NONE AVAILABLE","1,804","0.00","3","2.0","Public Water","Public Sewer On Site","",""
"501","2222336","781-68-48-75-000-000","CLOSD","5906 Slumber Lane, Chesterfield VA 23234","23234","Chesterfield","Single Family Residence","11/01/2022","$270,000","$272,000","41","Resale (occupied at least once)","1975","Meadowdale","1,588","","3","2.1","Public Water","Sewer - Public","FHA New","Corporate"
"501","2202856","712-66-27-42-900-000","CLOSD","16006 Cambian Lane, Chesterfield VA 23832","23832","Chesterfield","Single Family Residence","11/01/2022","$800,410","$801,660","0","New (never occupied)","2022","Harpers Mill","4,781","0.34","5","4.0","Public Water","Sewer - Public","Conventional","Corporate"
"501","2226190","720-69-38-38-200-000","CLOSD","1733 Stonemill Lake Court, Chesterfield VA 23112","23112","Chesterfield","Townhouse","11/01/2022","$345,000","$355,000","6","Resale (occupied at least once)","2005","Watermill Villas","1,772","0.13","3","2.1","Public Water","Sewer - Public","Cash","Individuals"
"501","2226172","761-755-8830","CLOSD","2504 Hollybrook Avenue, Henrico VA 23294","23294","Henrico","Single Family Residence","11/01/2022","$225,000","$240,000","6","Resale (occupied at least once)","1948","Pine Grove","768","0.39","2","1.0","Public Water","Septic - Conventional","Conventional","Individuals"
"501","2227230","724-71-09-44-100-000","CLOSD","14371 Michaux Village Drive, Chesterfield VA 23113","23113","Chesterfield","Townhouse","11/01/2022","$424,900","$424,900","2","Resale (occupied at least once)","2020","Winterfield Park","2,138","0.05","2","2.1","Public Water","Sewer - Public","Conventional","Individuals"
"501","2227050","778-758-5916","CLOSD","9007 Lydell Drive, Henrico VA 23228","23228","Henrico","Single Family Residence","11/01/2022","$370,000","$360,000","2","Resale (occupied at least once)","1964","North Run Hills","1,825","0.43","3","2.0","Public Water","Sewer - Public","Conventional","Individuals"
"501","2226947","743-744-5738","CLOSD","10312 Collinwood Drive, Henrico VA 23238","23238","Henrico","Single Family Residence","11/01/2022","$599,950","$626,500","4","Resale (occupied at least once)","1966","Canterbury East","2,622","0.45","4","3.1","Public Water","Sewer - Public","Cash","Individuals"
"501","2226914","748682046400000","CLOSD","4444 Braden Woods Drive #Unit4444, Chesterfield VA 23832","23832","Chesterfield","Townhouse","11/01/2022","$319,900","$330,000","8","Resale (occupied at least once)","2020","Braden Townes","1,567","","3","2.1","Public Water","Sewer - Public","Conventional","Individuals"
"501","2226696","W022-0162-004","CLOSD","7 River Road, Richmond City VA 23226","23226","Richmond City","Single Family Residence","11/01/2022","$1,150,000","$1,050,000","3","Resale (occupied at least once)","1925","Hampton Hills","4,078","0.63","5","3.2","Public Water","Sewer - Public","Cash","Individuals"
"501","2226457","788-765-7655","CLOSD","608 Virginia Center Parkway, Henrico VA 23059","23059","Henrico","Single Family Residence","11/01/2022","$430,000","$430,000","5","Resale (occupied at least once)","1999","Cross Point","2,206","0.21","4","3.0","Public Water","Sewer - Public","Cash","Individuals"
"501","2226288","8724-44-5149","CLOSD","7285 Cactus Road, Hanover VA 23111","23111","Hanover","Single Family Residence","11/01/2022","$410,000","$410,000","3","Resale (occupied at least once)","1978","Lereve Manor","2,278","0.56","4","2.1","Public Water","Septic - Conventional","FHA New","Individuals"
"501","2226079","735-62-44-69-800-000","CLOSD","15542 Chesdin Landing Court, Chesterfield VA 23838","23838","Chesterfield","Single Family Residence","11/01/2022","$540,000","$420,000","8","Resale (occupied at least once)","1999","Chesdin Landing","2,957","3.59","4","3.1","Public Water","Septic - Conventional","Cash","Individuals"
"501","2226036","781-756-5140.038","CLOSD","1511 Rapunzel Way, Henrico VA 23228","23228","Henrico","Townhouse","11/01/2022","$274,950","$275,000","2","Resale (occupied at least once)","2018","Townes At Stonewall Manor","1,360","2.65","3","2.1","Public Water","Sewer - Public","Conventional","Individuals"
"501","2225987","54-53","CLOSD","11400 Weyanoke Road, Charles City County VA 23030","23030","Charles City County","Single Family Residence","11/01/2022","$95,000","$80,000","18","Resale (occupied at least once)","1974","None","920","0.68","3","1.0","Well","Septic - Conventional","Cash","Corporate"
"501","2225764","N000-0154-053","CLOSD","103 West Jackson Street, Richmond City VA 23220","23220","Richmond City","Single Family Residence","11/01/2022","$429,950","$398,000","20","Resale (occupied at least once)","1865","None","1,952","0.04","3","2.1","Public Water","Sewer - Public","Conventional","Individuals"
"501","2225591","731-748-2861","CLOSD","1541 Westshire Lane, Henrico VA 23238","23238","Henrico","Single Family Residence","11/01/2022","$419,950","$420,000","6","Resale (occupied at least once)","1973","Tuckahoe Village West","2,484","0.35","4","2.1","Public Water","Sewer - Public","Cash","Individuals"
"501","2225421","738-772-8040","CLOSD","11901 Blairmont Place, Henrico VA 23059","23059","Henrico","Single Family Residence","11/01/2022","$959,950","$976,000","5","Resale (occupied at least once)","2005","Blairmont At Grey Oaks","4,923","0.47","5","4.1","Public Water","Sewer - Public","Conventional","Individuals"
"501","2224904","773-66-81-45-800-000","CLOSD","8906 Leisure Lane, Chesterfield VA 23237","23237","Chesterfield","Single Family Residence","11/01/2022","$294,000","$294,000","20","Resale (occupied at least once)","1992","The Park","1,200","0.22","3","2.0","Public Water","Sewer - Public","Conventional","Individuals"
"501","2224726","756-65-27-47-400-000","CLOSD","9308 Owl Trace Court, Chesterfield VA 23838","23838","Chesterfield","Single Family Residence","11/01/2022","$684,950","$655,000","22","Resale (occupied at least once)","1992","Woodland Pond","4,249","0.82","5","4.1","Public Water","Septic - Conventional","Conventional","Individuals"
"501","2224401","750-773-3902","CLOSD","5036 Maben Hill Lane, Henrico VA 23059","23059","Henrico","Single Family Residence","11/01/2022","$775,000","$800,000","6","Resale (occupied at least once)","2016","Holloway At Wyndham Forest","3,895","0.31","5","4.0","Public Water","Sewer - Public","Conventional","Individuals"
"501","2223837","788-68-45-43-500-000","CLOSD","2924 Dundas Road, Chesterfield VA 23237","23237","Chesterfield","Single Family Residence","11/01/2022","$299,000","$299,000","12","Resale (occupied at least once)","1975","Bensley","1,932","0.23","4","2.0","Public Water","Sewer - Public","VA New","Individuals"
"501","2223292","47-38-0-83-0","CLOSD","1342 Hounslow Drive, Goochland VA 23103","23103","Goochland","Single Family Residence","11/01/2022","$699,950","$695,000","5","Resale (occupied at least once)","2015","Parke At Saddlecreek","3,172","0.20","4","2.1","Public Water","Sewer - Public","Cash","Individuals"
"501","2223187","N018-0452-012","CLOSD","802 Cheatwood Avenue, Richmond City VA 23222","23222","Richmond City","Single Family Residence","11/01/2022","$289,000","$284,500","7","Resale (occupied at least once)","1900","Washington Park","1,117","0.13","3","1.0","Public Water","Sewer - Public","Conventional","Individuals"
"501","2222905","720-67-29-46-200-006","CLOSD","312 Water Pointe Lane #Unit312, Chesterfield VA 23112","23112","Chesterfield","Condominium","11/01/2022","$239,950","$237,000","40","Resale (occupied at least once)","1991","Water Pointe Condo","1,341","1.38","2","2.0","Public Water","Sewer - Public","Conventional","Individuals"
"501","2222648","739-779-8146.023","CLOSD","12401 Old Greenway Place, Henrico VA 23059","23059","Henrico","Condominium","11/01/2022","$649,950","$630,000","13","Resale (occupied at least once)","2000","Greens At Wyndham","3,042","0.23","4","3.1","Public Water","Sewer - Public","Cash","Individuals"
"501","2222404","E000-0470-006","CLOSD","2311 Carrington Street, Richmond City VA 23223","23223","Richmond City","Single Family Residence","11/01/2022","$599,950","$599,950","17","New (never occupied)","2022","None","2,507","0.08","4","3.1","Public Water","Sewer - Public","Conventional","Corporate"
"501","2220923","734-70-08-68-300-000","CLOSD","12708 Clearwater Drive, Chesterfield VA 23114","23114","Chesterfield","Single Family Residence","11/01/2022","$450,000","$460,000","9","Resale (occupied at least once)","1994","Walton Lake","2,307","0.49","4","2.1","Public Water","Sewer - Public","Conventional","Individuals"
"501","2220687","756-746-2314","CLOSD","8308 Shannon Hill Road, Henrico VA 23229","23229","Henrico","Single Family Residence","11/01/2022","$225,000","$220,000","21","Resale (occupied at least once)","1956","Westbury Estates","1,138","0.28","3","1.0","Public Water","Sewer - Public","Cash","Individuals"
"501","2219880","W022-0162-032","CLOSD","5621 Cary Street Road #UnitU3, Richmond City VA 23226","23226","Richmond City","Condominium","11/01/2022","$675,000","$525,000","65","Resale (occupied at least once)","1927","Tuckahoe Condominiums","1,876","1.71","2","2.0","Public Water","Sewer - Public","Cash","Individuals"
"501","2221890","821-688-2189","CLOSD","2904 Four Mile Run Drive, Henrico VA 23231","23231","Henrico","Single Family Residence","11/02/2022","$370,000","$355,200","56","Resale (occupied at least once)","2001","Four Mile Run","2,464","0.32","5","3.0","Public Water","Sewer - Public","Cash","Individuals"
"501","2224167","E000-0780-007","CLOSD","1512 North 24th Street, Richmond City VA 23223","23223","Richmond City","Single Family Residence","11/02/2022","$249,950","$240,000","9","Resale (occupied at least once)","1900","East End","2,166","0.05","3","2.1","Public Water","Sewer - Public","Cash","Corporate, Individuals"
"501","2221693","TBD","CLOSD","2849 South Street, Chesterfield VA 23834","23834","Chesterfield","Single Family Residence","11/02/2022","$378,985","$378,985","63","New (never occupied)","2022","Timbercreek","2,203","0.42","4","2.1","Public Water","Sewer - Public","VA New","Corporate"
"501","2135747","TBD","CLOSD","11330 Amara Drive, Chesterfield VA 23838","23838","Chesterfield","Single Family Residence","11/02/2022","$666,490","$666,490","10","New (never occupied)","2022","The Highlands","6,076","","5","5.0","Public Water","Sewer - Public","Conventional","Corporate"
"501","2226401","724-70-48-96-900-000","CLOSD","14124 Wiley Circle, Chesterfield VA 23114","23114","Chesterfield","Single Family Residence","11/02/2022","$574,990","$570,000","4","Resale (occupied at least once)","2007","Glenmore Village","4,081","0.19","6","4.0","Public Water","Sewer - Public","Conventional","Individuals"
"501","2220581","756-65-06-92-800-000","CLOSD","11525 Park Branch Lane, Chesterfield VA 23838","23838","Chesterfield","Single Family Residence","11/02/2022","$775,000","$765,000","54","Resale (occupied at least once)","2003","Woodland Pond","5,279","2.57","5","4.1","Public Water","Septic - Conventional","VA New","Individuals"
"501","2226633","C006-0436-001","CLOSD","1537 Kingswood Street, Richmond City VA 23224","23224","Richmond City","Single Family Residence","11/02/2022","$250,000","$236,000","0","Resale (occupied at least once)","1953","Mcguire Manor","1,233","0.32","3","2.0","Public Water","Sewer - Public","VA New","Corporate"
"501","2218398","23-75","CLOSD","8700 The New Road, Charles City County VA 23030","23030","Charles City County","Single Family Residence","11/02/2022","$239,999","$247,000","109","Resale (occupied at least once)","1942","None","1,300","0.99","3","1.1","Public Water","Septic - Conventional","FHA New","Corporate"
"501","2225848","737-69-59-63-400-000","CLOSD","1506 Porters Mill Terrace, Chesterfield VA 23114","23114","Chesterfield","Single Family Residence","11/02/2022","$269,950","$267,500","10","Resale (occupied at least once)","1985","Smoketree South","1,146","0.20","3","2.0","Public Water","Sewer - Public","Conventional","Individuals"
"501","2222215","787-68-38-95-200-000","CLOSD","3025 Sherbourne Road, Chesterfield VA 23237","23237","Chesterfield","Single Family Residence","11/02/2022","$220,000","$218,000","35","Resale (occupied at least once)","1947","Sherbourne Heights","1,238","0.27","3","2.0","Public Water","Sewer - Public","VHDA/FHA","Individuals"
"501","2224780","S008-0526-027","CLOSD","2908 Lynhaven Avenue, Richmond City VA 23234","23234","Richmond City","Single Family Residence","11/02/2022","$214,900","$219,000","16","Resale (occupied at least once)","1956","None","1,030","0.16","3","2.0","Public Water","Sewer - Public","FHA New","Individuals"
"501","2223366","828-64-18-51-200-000","CLOSD","2520 Bermuda Avenue, Chesterfield VA 23836","23836","Chesterfield","Single Family Residence","11/02/2022","$275,000","$275,000","12","Resale (occupied at least once)","1987","Chesterfield Manor","1,310","0.53","4","2.0","Public Water","Septic - Conventional","FHA New","Estate"
"501","2225587","C005-0792-079","CLOSD","1017 Forest View School Drive, Richmond City VA 23225","23225","Richmond City","Single Family Residence","11/02/2022","$339,000","$339,000","12","Resale (occupied at least once)","2007","Molanna Acres","1,648","0.35","3","2.1","Public Water","Sewer - Public","Conventional","Individuals"
"501","2225389","8765-84-7152","CLOSD","2004 Cricket Creek Court, Hanover VA 23111","23111","Hanover","Single Family Residence","11/02/2022","$549,950","$529,950","14","Resale (occupied at least once)","2004","Christian Ridge","3,585","0.94","5","3.1","Well","Septic - Conventional, Sewer - Public","Conventional","Individuals"
"501","2223437","737-67-30-15-700-000","CLOSD","12443 Cameron Bridge Place, Chesterfield VA 23112","23112","Chesterfield","Single Family Residence","11/02/2022","$379,950","$375,000","25","Resale (occupied at least once)","2003","Cameron Bay","2,532","0.22","5","3.0","Public Water","Sewer - Public","Conventional","Individuals"
"501","2222119","745-757-6459","CLOSD","11205 Ensley Court, Henrico VA 23233","23233","Henrico","Single Family Residence","11/02/2022","$675,000","$665,000","27","Resale (occupied at least once)","1992","Church Run","3,482","0.37","5","3.1","Public Water","Sewer - Public","Conventional","Individuals"
"501","2227087","745-68-21-89-200-000","CLOSD","10924 Decoy Lane, Chesterfield VA 23832","23832","Chesterfield","Single Family Residence","11/02/2022","$289,900","$301,000","13","Resale (occupied at least once)","1989","Hunters Landing","1,314","0.33","4","3.0","Public Water","Sewer - Public","Conventional","Individuals"
"501","2226860","761-746-0529","CLOSD","7513 Century Drive, Henrico VA 23229","23229","Henrico","Single Family Residence","11/02/2022","$362,986","$362,986","4","Resale (occupied at least once)","1957","Westgate","1,901","0.43","4","2.0","Public Water","Sewer - Public","Conventional","Individuals"
"501","2223982","749-740-8007","CLOSD","9006 Midway Road, Henrico VA 23229","23229","Henrico","Single Family Residence","11/02/2022","$495,000","$495,000","16","New (never occupied)","2022","Westhampton Settlement","2,200","","4","2.1","Public Water","Sewer - Public","Conventional","Individuals"
"501","2219325","769-69-24-30-600-000","CLOSD","3919 Breezy Court, Chesterfield VA 23234","23234","Chesterfield","Townhouse","11/02/2022","$199,900","$199,900","0","Resale (occupied at least once)","1975","Belfair Townhouses","1,920","0.05","3","2.1","Public Water","Sewer - Public","Conventional","Corporate"
"501","2228157","757-70-22-22-100-000","CLOSD","8513 Scottingham Drive, Chesterfield VA 23236","23236","Chesterfield","Single Family Residence","11/02/2022","$175,000","$201,000","4","Resale (occupied at least once)","1984","Scottingham","1,194","0.33","2","2.0","Public Water","Sewer - Public","Cash","Individuals"
"501","2227269","748-733-3980","CLOSD","8863 River Road, Henrico VA 23229","23229","Henrico","Single Family Residence","11/02/2022","$899,000","$820,000","2","Resale (occupied at least once)","1971","Cedar Ridge","3,557","1.25","4","4.1","Public Water","Sewer - Public","Cash","Individuals"
"501","2227174","8725-66-5309","CLOSD","8320 Southern Watch Place, Hanover VA 23111","23111","Hanover","Single Family Residence","11/02/2022","$350,000","$363,000","2","Resale (occupied at least once)","2000","Pole Green Station","2,031","0.33","4","2.1","Public Water","Sewer - Public","VA New","Individuals"
"501","2227094","799-63-67-95-700-000","CLOSD","2703 Tins Lane, Chesterfield VA 23834","23834","Chesterfield","Single Family Residence","11/02/2022","$205,000","$195,000","4","Resale (occupied at least once)","1978","Tinsberry Trace","1,788","0.21","4","2.0","Public Water","Sewer - Public","Conventional","Individuals"
"501","2226893","732-759-3226","CLOSD","4004 Wheat Court, Henrico VA 23233","23233","Henrico","Single Family Residence","11/02/2022","$649,950","$718,001","7","Resale (occupied at least once)","1996","Burgundy Parke","3,369","0.35","5","2.1","Public Water","Sewer - Public","Conventional","Individuals"
"501","2226882","763-757-1050","CLOSD","7810 Camolin Court, Henrico VA 23228","23228","Henrico","Townhouse","11/02/2022","$235,000","$235,000","1","Resale (occupied at least once)","1988","Summer Hill","1,200","0.03","2","2.1","Public Water","Sewer - Public","Cash","Individuals"
"501","2226641","C001-1179-016","CLOSD","3032 Wighton Drive, Richmond City VA 23235","23235","Richmond City","Single Family Residence","11/02/2022","$309,900","$312,000","4","Resale (occupied at least once)","1960","Staffordshire","1,642","0.75","3","2.1","Public Water","Sewer - Public","Conventional","Individuals"
"501","2225609","739-67-97-62-300-000","CLOSD","4408 Southernbelle Lane, Chesterfield VA 23112","23112","Chesterfield","Single Family Residence","11/02/2022","$259,950","$270,000","2","Resale (occupied at least once)","1984","Glen Tara","1,056","0.33","3","2.0","Public Water","Sewer - Public","VHDA ","Individuals"
"501","2225555","738-68-89-43-100-000","CLOSD","3012 Tammaway Drive, Chesterfield VA 23112","23112","Chesterfield","Single Family Residence","11/02/2022","$335,000","$334,000","10","Resale (occupied at least once)","1977","Clarendon","1,968","0.29","4","2.1","Public Water","Sewer - Public","Cash","Individuals"
"501","2225547","761-752-8977","CLOSD","2400 Gurley Road, Henrico VA 23294","23294","Henrico","Single Family Residence","11/02/2022","$275,000","$275,000","7","Resale (occupied at least once)","1957","Skipwith Heights","1,702","0.28","3","1.2","Public Water","Sewer - Public","Conventional","Individuals"
"501","2225404","752-68-84-04-800-000","CLOSD","9435 Amberleigh Circle, Chesterfield VA 23236","23236","Chesterfield","Townhouse","11/02/2022","$410,000","$410,000","18","Resale (occupied at least once)","2017","Amberleigh","1,611","0.09","3","2.0","Public Water","Sewer - Public","FHA New","Other"
"501","2225056","803-724-2185","CLOSD","2408 Pickering Boulevard, Henrico VA 23223","23223","Henrico","Single Family Residence","11/02/2022","$125,000","$125,000","7","Resale (occupied at least once)","1949","Glenwood Gardens","696","0.19","2","1.0","Public Water","Sewer - Public","Cash","Individuals"
"501","2224456","794-63-05-34-600-000","CLOSD","3801 Whitehouse Road, Chesterfield VA 23834","23834","Chesterfield","Single Family Residence","11/02/2022","$465,000","$475,000","3","Resale (occupied at least once)","1940","None","1,970","5.60","2","2.0","Public Water","Septic - Conventional","Conventional","Individuals"
"501","2224411","759-747-7032","CLOSD","7708 Wanymala Road, Henrico VA 23229","23229","Henrico","Single Family Residence","11/02/2022","$315,000","$350,000","8","Resale (occupied at least once)","1955","Skipwith Farms","1,974","0.37","3","1.1","Public Water","Sewer - Public","Conventional","Individuals"
"501","2222767","21-15-2-16-0","CLOSD","2951 Preston Park Court, Goochland VA 23153","23153","Goochland","Single Family Residence","11/02/2022","$465,000","$465,000","59","New (never occupied)","2022","Preston Park","2,044","1.56","3","2.1","Well","Septic - Conventional","Conventional","Corporate"
"501","2220104","7832-01-6833","CLOSD","15215 Whispering Wind Circle, Hanover VA 23192","23192","Hanover","Single Family Residence","11/02/2022","$599,950","$575,000","52","Resale (occupied at least once)","2016","Sugar Maple","3,138","10.01","4","3.1","Well","Septic - Conventional","VA New","Individuals"
"501","2219698","2018050","CLOSD","3918 Whitehall Road, Goochland VA 23153","23153","Goochland","Single Family Residence","11/02/2022","$484,900","$484,900","68","Resale (occupied at least once)","1995","None","2,733","3.60","4","3.1","Well","Septic - Conventional","Conventional","Individuals"
"501","2217147","719-65-38-10-300-000","CLOSD","11401 Winterpock Road, Chesterfield VA 23838","23838","Chesterfield","Single Family Residence","11/02/2022","$325,000","$305,000","43","Resale (occupied at least once)","1968","None","1,680","2.50","3","2.1","Public Water","Septic - Conventional","Other","Individuals"
"501","2202818","7890-52-3805","CLOSD","9448 Wickham Crossing Way, Hanover VA 23005","23005","Hanover","Single Family Residence","11/02/2022","$694,943","$713,658","0","New (never occupied)","2022","Hickory Hill","2,861","1.19","4","3.0","Well","Septic - Conventional","Conventional","Corporate"
"501","2225110","765-64-58-45-600-000","CLOSD","8212 Ravenna Terrace, Chesterfield VA 23838","23838","Chesterfield","Single Family Residence","11/03/2022","$565,000","$567,250","10","Resale (occupied at least once)","2004","The Highlands","2,859","1.03","4","4.0","Public Water","Septic - Engineered","VA New","Individuals"
"501","2206184","7796-53-1682","CLOSD","9259 Giles Pond Drive, Hanover VA 23116","23116","Hanover","Single Family Residence","11/03/2022","$671,685","$671,685","0","New (never occupied)","2022","Giles Farm","4,033","","5","4.0","Public Water","Sewer - Public","Conventional","Corporate"
"501","2226449","61-4-0-B-1","CLOSD","1016 West River Road, Goochland VA 23103","23103","Goochland","Single Family Residence","11/03/2022","$729,000","$736,000","7","Resale (occupied at least once)","1930","None","2,798","10.00","4","3.0","Well","Septic - Conventional","Conventional","Individuals"
"501","2222022","764-64-63-53-300-000","CLOSD","8201 Cromarty Court, Chesterfield VA 23838","23838","Chesterfield","Single Family Residence","11/03/2022","$569,500","$569,500","74","Resale (occupied at least once)","2003","The Highlands","2,950","1.10","4","3.1","Public Water","Septic - Conventional","Conventional","Partnership"
"501","2219369","794-66-53-35-200-000","CLOSD","10211 Brightwood Avenue, Chesterfield VA 23237","23237","Chesterfield","Single Family Residence","11/03/2022","$319,950","$307,000","71","New (never occupied)","2022","Central Park","1,640","0.26","4","2.1","Public Water","Sewer - Public","Conventional","Corporate"
"501","2226168","S000-1866-005","CLOSD","104 East 31st Street, Richmond City VA 23224","23224","Richmond City","Single Family Residence","11/03/2022","$289,000","$278,000","13","Resale (occupied at least once)","1947","Battery Heights","1,545","0.22","4","2.0","Public Water","Sewer - Public","Conventional","Other"
"501","2226649","764-757-8973.142","CLOSD","7707 Odonnell Court #Unit2110, Henrico VA 23228","23228","Henrico","Condominium","11/03/2022","$176,000","$179,000","5","Resale (occupied at least once)","1986","Shannon Green","912","0.02","2","2.0","Public Water","Sewer - Public","FHA New","Individuals"
"501","2123797","713-67-19-86-300-000","CLOSD","6933 Leire Lane, Chesterfield VA 23832","23832","Chesterfield","Townhouse","11/03/2022","$367,950","$397,967","51","New (never occupied)","2022","Cosby Village Townhomes","2,163","","3","2.1","Public Water","Sewer - Public","Conventional","Corporate"
"501","2219280","N000-0538-016","CLOSD","212 West Graham Road, Richmond City VA 23222","23222","Richmond City","Single Family Residence","11/03/2022","$419,000","$419,000","47","Resale (occupied at least once)","1916","Battery Court Addition","2,142","0.09","4","3.1","Public Water","Sewer - Public","Conventional","Corporate"
"501","2214898","728-72-12-68-600-000","CLOSD","13521 Trilithon Road, Chesterfield VA 23113","23113","Chesterfield","Single Family Residence","11/03/2022","$675,000","$650,000","128","Resale (occupied at least once)","1979","Salisbury","3,798","1.04","5","3.1","Public Water","Septic - Conventional","Conventional","Individuals"
"501","2227035","752-751-1487","CLOSD","9509 Bonnie Dale Road, Henrico VA 23229","23229","Henrico","Single Family Residence","11/03/2022","$380,000","$370,000","11","Resale (occupied at least once)","1957","Roxbury","1,848","0.28","3","2.0","Public Water","Sewer - Public","Conventional","Individuals"
"501","2220149","790-66-70-71-500-000","CLOSD","3201 Howlett Road, Chesterfield VA 23237","23237","Chesterfield","Single Family Residence","11/03/2022","$255,000","$245,000","63","Resale (occupied at least once)","2006","None","1,230","0.55","3","2.0","Well","Septic - Conventional","Conventional","Estate"
"501","2226313","742-760-9632","CLOSD","2230 Liesfeld Parkway, Henrico VA 23060","23060","Henrico","Townhouse","11/03/2022","$449,950","$449,950","5","Resale (occupied at least once)","2014","West Broad Village","2,286","0.03","3","3.1","Public Water","Sewer - Public","Conventional","Individuals"
"501","2226861","33B7 6 2  QC","CLOSD","10601 Golden Bell Circle, New Kent VA 23140","23140","New Kent","Townhouse","11/03/2022","$224,900","$232,000","4","Resale (occupied at least once)","2010","Oakmont Villas","1,360","0.05","3","1.1","Public Water","Sewer - Public","FHA New","Individuals"
"501","2226636","S000-2933-012","CLOSD","1300 West 43rd Street, Richmond City VA 23225","23225","Richmond City","Single Family Residence","11/03/2022","$200,000","$311,000","6","Resale (occupied at least once)","1920","Forest Hill Park","1,419","0.75","3","1.1","Public Water","Sewer - Public","Cash","Individuals"
"501","2226456","N000-2272-021","CLOSD","1316 Amherst Avenue, Richmond City VA 23227","23227","Richmond City","Single Family Residence","11/03/2022","$320,000","$340,000","4","Resale (occupied at least once)","1929","Brookdale","1,110","0.12","2","1.0","Public Water","Sewer - Public","Conventional","Individuals"
"501","2226286","767-737-3496","CLOSD","6120 Hampstead Avenue, Henrico VA 23226","23226","Henrico","Single Family Residence","11/03/2022","$450,000","$476,000","4","Resale (occupied at least once)","1946","Westview Manor","1,440","0.22","4","1.1","Public Water","Sewer - Public","Conventional","Individuals"
"501","2225968","786-68-93-10-600-007","CLOSD","5218 Castlewood Road #UnitA, Chesterfield VA 23234","23234","Chesterfield","Condominium","11/03/2022","$104,999","$110,000","0","Resale (occupied at least once)","1968","Tree Top Condominium","860","7.09","2","1.0","Public Water","Sewer - Public","Conventional","Individuals"
"501","2225868","19B2 3ID   9","CLOSD","6831 North Hairpin Drive, New Kent VA 23141","23141","New Kent","Single Family Residence","11/03/2022","$499,950","$499,950","22","Resale (occupied at least once)","1983","Five Lakes East","4,056","1.13","4","2.2","Public Water","Septic - Conventional","Conventional","Individuals"
"501","2225672","N000-0711-015","CLOSD","2602 Harold Avenue, Richmond City VA 23222","23222","Richmond City","Single Family Residence","11/03/2022","$159,950","$170,000","4","Resale (occupied at least once)","1951","Green Park","864","0.21","3","1.0","Public Water","Sewer - Public","Conventional","Individuals"
"501","2225546","735-757-1528","CLOSD","12039 Bexley Court, Henrico VA 23233","23233","Henrico","Townhouse","11/03/2022","$299,500","$299,999","10","Resale (occupied at least once)","1992","Worthington Hills","1,203","0.11","2","2.0","Public Water","Sewer - Public","Cash","Individuals"
"501","2225535","N000-0982-022","CLOSD","700 East Brookland Park Boulevard, Richmond City VA 23222","23222","Richmond City","Single Family Residence","11/03/2022","$325,000","$293,000","11","Resale (occupied at least once)","1910","None","1,694","0.17","3","2.0","Public Water","Sewer - Public","Conventional","Individuals"
"501","2225360","846-719-6444","CLOSD","2805 Pin Oak Lane, Henrico VA 23150","23150","Henrico","Single Family Residence","11/03/2022","$299,500","$289,900","14","Resale (occupied at least once)","1979","Green Meadows","1,664","1.00","3","2.0","Well","Septic - Conventional","Conventional","Individuals"
"501","2225349","763-765-3636.107","CLOSD","5031 Lewisetta Drive, Henrico VA 23060","23060","Henrico","Condominium","11/03/2022","$465,000","$481,500","2","Resale (occupied at least once)","2009","The Carriage Homes @ Crossridge","1,944","0.05","3","2.0","Public Water","Sewer - Public","Cash","Individuals"
"501","2225211","726-65-85-37-000-000","CLOSD","9606 Blossom Loop, Chesterfield VA 23112","23112","Chesterfield","Single Family Residence","11/03/2022","$455,000","$445,000","20","Resale (occupied at least once)","2006","The Timbers At Summerford","2,665","","3","2.1","Public Water","Sewer - Public","Conventional","Individuals"
"501","2225134","736-72-12-60-800-000","CLOSD","12225 Capwell Drive, Chesterfield VA 23113","23113","Chesterfield","Single Family Residence","11/03/2022","$1,295,000","$1,250,000","14","Resale (occupied at least once)","2015","None","4,042","2.16","4","3.1","Public Water","Septic - Conventional","Cash","Individuals"
"501","2224614","791-739-3714","CLOSD","3927 East Chatham Drive, Henrico VA 23222","23222","Henrico","Single Family Residence","11/03/2022","$219,990","$215,000","22","Resale (occupied at least once)","1947","Chatham Place","720","","2","1.0","Public Water","Sewer - Public","Other","Corporate"
"501","2224482","791-64-20-17-800-000","CLOSD","5001 Stoney Creek PKWY, Chesterfield VA 23831","23831","Chesterfield","Single Family Residence","11/03/2022","$360,000","$370,000","3","Resale (occupied at least once)","1990","Stoney Glen","2,344","0.35","4","3.0","Public Water","Sewer - Public","Conventional","Individuals"
"501","2224437","22A5 1 1  73","CLOSD","7210 Blanc Street, New Kent VA 23124","23124","New Kent","Single Family Residence","11/03/2022","$859,000","$855,000","8","Resale (occupied at least once)","2019","Viniterra","4,355","1.09","6","5.1","Public Water","Sewer - Public","Conventional","Individuals"
"501","2224314","774-765-4246","CLOSD","10509 Servo Drive, Henrico VA 23060","23060","Henrico","Single Family Residence","11/03/2022","$454,990","$440,000","23","Resale (occupied at least once)","2015","Woodman Glen","1,913","0.28","3","2.1","Public Water","Sewer - Public","FHA New Assumption","Individuals"
"501","2224187","780-744-8142","CLOSD","2300 Essex Road, Henrico VA 23228","23228","Henrico","Single Family Residence","11/03/2022","$469,950","$500,000","6","Resale (occupied at least once)","1948","Bryan Parkway","2,329","0.19","4","2.0","Public Water","Sewer - Public","Conventional","Individuals"
"501","2223564","771-745-7237","CLOSD","5625 Hard Rock Place, Henrico VA 23230","23230","Henrico","Single Family Residence","11/03/2022","$315,000","$300,000","15","Resale (occupied at least once)","1995","Still Meadow","1,442","0.28","4","2.0","Public Water","Sewer - Public","FHA New","Individuals"
"501","2223307","746-69-20-92-100-000","CLOSD","10620 Halflight Drive, Chesterfield VA 23236","23236","Chesterfield","Townhouse","11/03/2022","$404,990","$402,990","27","New (never occupied)","2022","Sunset Hills","1,884","0.08","3","2.1","Public Water","Sewer - Public","Conventional","Corporate"
"501","2220521","777-744-4879","CLOSD","2825 Dumbarton Road, Henrico VA 23228","23228","Henrico","Single Family Residence","11/03/2022","$340,000","$340,000","8","Resale (occupied at least once)","1951","Battery Park","2,030","","4","2.1","Public Water","Sewer - Public","VA New","Estate"
"501","2208684","697670924200000","CLOSD","18301 Palisades Court, Chesterfield VA 23120","23120","Chesterfield","Townhouse","11/03/2022","$428,685","$458,085","0","New (never occupied)","2022","Magnolia Green","2,106","","3","2.1","Public Water","Sewer - Public","Conventional","Corporate"
"501","2208592","7796-77-2450","CLOSD","9274 Marl Ridge Lane, Hanover VA 23116","23116","Hanover","Townhouse","11/03/2022","$451,175","$467,990","0","New (never occupied)","2022","Giles Farm","2,106","","3","2.1","Public Water","Sewer - Public","Conventional","Corporate"
"501","2206562","7726-24-2052","CLOSD","12322 Beech Hall Circle, Goochland VA 23103","23103","Goochland","Single Family Residence","11/03/2022","$630,142","$691,189","39","New (never occupied)","2022","Readers Branch","2,309","","3","3.1","Public Water","Sewer - Public","Cash","Corporate"
"501","2200623","TBD","CLOSD","10432 Little Meadow Lane, Hanover VA 23059","23059","Hanover","Single Family Residence","11/03/2022","$705,654","$752,325","0","New (never occupied)","2021","Chickahominy Falls","2,472","","3","4.0","Public Water","Sewer - Public","Cash","Corporate"
"501","2133672","762-65-58-95-200-000","CLOSD","11201 Cypress Branch Drive, Chesterfield VA 23838","23838","Chesterfield","Single Family Residence","11/03/2022","$536,950","$653,187","0","New (never occupied)","2021","The Highlands","3,083","1.57","4","3.1","Public Water","Septic - Conventional","Conventional","Corporate"
"501","2225731","W000-0612-002","CLOSD","1529 West Avenue, Richmond City VA 23220","23220","Richmond City","Single Family Residence","11/04/2022","$895,000","$850,000","17","Resale (occupied at least once)","1915","None","3,052","0.04","4","3.1","Public Water","Sewer - Public","Conventional","Individuals"
"501","2208151","TBD","CLOSD","9267 Giles Pond Drive, Hanover VA 23116","23116","Hanover","Single Family Residence","11/04/2022","$610,765","$610,765","0","New (never occupied)","2022","Giles Farm","3,010","","5","3.0","Public Water","Sewer - Public","Conventional","Corporate"
"501","2226871","7811-09-4720","CLOSD","14585 Clazemont Road, Hanover VA 23192","23192","Hanover","Single Family Residence","11/04/2022","$1,185,000","$1,163,500","12","Resale (occupied at least once)","2008","Clazemont","4,825","15.11","5","4.1","Well","Septic - Conventional","Conventional","Individuals"
"501","2226823","W000-1004-022","CLOSD","2208 Stuart Avenue, Richmond City VA 23220","23220","Richmond City","Single Family Residence","11/04/2022","$600,000","$620,000","4","Resale (occupied at least once)","1904","None","1,874","0.05","3","2.0","Public Water","Sewer - Public","Conventional","Individuals"
"501","2224745","W021-0136-009","CLOSD","6114 Patterson Avenue, Richmond City VA 23226","23226","Richmond City","Single Family Residence","11/04/2022","$420,000","$425,000","26","Resale (occupied at least once)","1946","Westview Manor","1,423","0.28","3","1.1","Public Water","Sewer - Public","FHA New","Individuals"
"501","2224588","774-66-38-82-200-000","CLOSD","6205 Gatesgreen Drive, Chesterfield VA 23832","23832","Chesterfield","Single Family Residence","11/04/2022","$254,900","$280,000","6","Resale (occupied at least once)","1973","Courthouse Green","1,725","0.25","2","2.0","Public Water","Sewer - Public","Conventional","Individuals"
"501","2203086","725696256200000","CLOSD","1900 Chartermark Drive #Unit1A, Chesterfield VA 23114","23114","Chesterfield","Townhouse","11/04/2022","$478,110","$525,640","31","New (never occupied)","2022","Centerpointe Townes","2,233","","4","3.1","Public Water","Sewer - Public","Conventional","Corporate"
"501","2220116","770-64-46-86-900-000","CLOSD","12206 Rosemead Court, Chesterfield VA 23838","23838","Chesterfield","Single Family Residence","11/04/2022","$675,000","$647,000","71","Resale (occupied at least once)","2006","The Highlands","4,580","5.71","5","5.1","Public Water","Septic - Conventional","VA New","Individuals"
"501","2226627","723-66-63-17-500-000","CLOSD","14607 Houghton Street, Chesterfield VA 23832","23832","Chesterfield","Single Family Residence","11/04/2022","$425,000","$430,000","7","Resale (occupied at least once)","1991","Birkdale","2,816","0.36","4","2.1","Public Water","Sewer - Public","Conventional","Individuals"
"501","2226441","795-752-2494","CLOSD","8005 Cobblewood Terrace, Henrico VA 23227","23227","Henrico","Single Family Residence","11/04/2022","$399,950","$410,000","6","Resale (occupied at least once)","2002","Sterling Forest","2,936","0.42","4","2.1","Public Water","Sewer - Public","VHDA/FHA","Individuals"
"501","2226009","738-66-89-14-300-000","CLOSD","9018 Hidden Nest Drive, Chesterfield VA 23112","23112","Chesterfield","Single Family Residence","11/04/2022","$425,000","$425,000","12","Resale (occupied at least once)","2003","Bayhill Pointe","2,528","0.51","4","2.1","Public Water","Sewer - Public","Conventional","Individuals"
"501","2223294","C004-0457-053","CLOSD","7248 South Drive, Richmond City VA 23225","23225","Richmond City","Single Family Residence","11/04/2022","$440,000","$435,000","28","Resale (occupied at least once)","1980","Bramley","1,843","0.49","3","2.1","Public Water","Sewer - Public","Conventional","Individuals"
"501","2217312","to be determined","CLOSD","1465 Overbrook Road #UnitA-10, Richmond City VA 23220","23220","Richmond City","Condominium","11/04/2022","$602,000","$607,000","54","New (never occupied)","2022","The Outpost at Brewers Row","2,516","","3","2.1","Public Water","Sewer - Public","Conventional","Corporate"
"501","2226548","737-750-8597","CLOSD","2240 Perennial Circle, Henrico VA 23233","23233","Henrico","Townhouse","11/04/2022","$439,500","$439,500","4","Resale (occupied at least once)","2019","Ridgefield Green","2,088","0.08","3","3.1","Public Water","Sewer - Public","Conventional","Individuals"
"501","2225985","W000-0530-021","CLOSD","1107 West Avenue, Richmond City VA 23220","23220","Richmond City","Single Family Residence","11/04/2022","$869,900","$900,000","5","Resale (occupied at least once)","1898","None","2,768","","4","2.1","Public Water","Sewer - Public","Conventional","Individuals"
"501","2225030","751-762-2418","CLOSD","10904 Spray Court, Henrico VA 23060","23060","Henrico","Single Family Residence","11/04/2022","$499,500","$501,000","25","Resale (occupied at least once)","1994","Lexington","2,504","0.23","4","2.1","Public Water","Sewer - Public","FHA New","Individuals"
"501","2211992","to be determined","CLOSD","1469 Overbrook Road #UnitA11, Richmond City VA 23220","23220","Richmond City","Condominium","11/04/2022","$486,500","$486,500","158","New (never occupied)","2022","The Outpost at Brewers Row","1,528","","2","2.1","Public Water","Sewer - Public","Conventional","Corporate"
"501","2225208","738-71-34-37-200-033","CLOSD","11781 North Briar Patch Drive, Chesterfield VA 23113","23113","Chesterfield","Condominium","11/04/2022","$210,000","$212,000","20","Resale (occupied at least once)","1974","Briarwood Hearth","1,396","25.94","3","2.1","Public Water","Sewer - Public","VHDA/FHA","Individuals"
"501","2225393","744-774-5472","CLOSD","5900 Park Creste Drive, Henrico VA 23059","23059","Henrico","Townhouse","11/04/2022","$425,000","$425,000","9","Resale (occupied at least once)","2001","Townes At Shady Grove","1,745","0.08","3","2.1","Public Water","Sewer - Public","Conventional","Individuals"
"501","2225285","776-759-9024","CLOSD","9300 Electra Lane, Henrico VA 23228","23228","Henrico","Single Family Residence","11/04/2022","$409,000","$390,000","27","Resale (occupied at least once)","1969","North Run Terrace","2,053","0.34","4","3.0","Public Water","Sewer - Public","Conventional","Individuals"
"501","2224912","S000-0400-007","CLOSD","2105 Chicago Avenue, Richmond City VA 23224","23224","Richmond City","Single Family Residence","11/04/2022","$235,000","$235,000","29","Resale (occupied at least once)","2004","Manchester","1,892","0.15","3","2.1","Public Water","Sewer - Public","Conventional","Individuals"
"501","2223569","734-69-50-85-800-000","CLOSD","12605 West Wood Sage, Chesterfield VA 23114","23114","Chesterfield","Single Family Residence","11/04/2022","$250,000","$237,500","36","Resale (occupied at least once)","1985","Sachems Head","1,054","0.14","2","2.0","Public Water","Sewer - Public","Conventional","Individuals"
"501","2222019","W000-0812-038","CLOSD","7 North Granby Street, Richmond City VA 23220","23220","Richmond City","Single Family Residence","11/04/2022","$399,999","$399,999","60","Resale (occupied at least once)","1904","None","1,428","0.04","3","1.1","Public Water","Sewer - Public","Cash","Individuals"
"501","2220910","765-67-74-46-600-000","CLOSD","7532 Robinwood Court, Chesterfield VA 23832","23832","Chesterfield","Single Family Residence","11/04/2022","$264,950","$270,000","7","Resale (occupied at least once)","1984","Robinwood","1,368","0.68","4","2.0","Public Water","Septic - Conventional","Conventional","Individuals"
"501","2215070","764-65-94-69-800-000","CLOSD","10201 Kimlynn Trail, Chesterfield VA 23838","23838","Chesterfield","Single Family Residence","11/04/2022","$950,000","$900,000","100","Resale (occupied at least once)","2014","Kimlynn","3,506","5.40","5","3.1","Public Water","Septic - Engineered","Conventional","Individuals"
"501","2225990","771-741-8307","CLOSD","5613 Indigo Road, Henrico VA 23230","23230","Henrico","Single Family Residence","11/04/2022","$365,000","$360,000","9","Resale (occupied at least once)","1961","Westbourne","1,896","0.30","5","2.0","Public Water","Sewer - Public","Conventional","Corporate"
"501","2226175","748-745-9836","CLOSD","9309 Woodcrest Road, Henrico VA 23229","23229","Henrico","Single Family Residence","11/04/2022","$377,950","$370,000","10","Resale (occupied at least once)","1959","Farmington","2,228","0.26","5","2.0","Public Water","Sewer - Public","Conventional","Corporate"
"501","2221970","To be determined","CLOSD","1521 Westhall Gardens Drive #Unit44-3, Chesterfield VA 23235","23235","Chesterfield","Townhouse","11/04/2022","$399,990","$399,989","56","New (never occupied)","2022","The Townes At Notting Place","1,730","","2","2.1","Public Water","Sewer - Public","Conventional","Corporate"
"501","2124096","713-67-19-86-700-000","CLOSD","6925 Leire Lane, Chesterfield VA 23832","23832","Chesterfield","Townhouse","11/04/2022","$385,950","$419,588","91","New (never occupied)","2022","Cosby Village Townhomes","2,304","","4","3.1","Public Water","Sewer - Public","Conventional","Corporate"
"501","2227866","745-71-68-99-700-000","CLOSD","2358 Woodmont Drive, Chesterfield VA 23235","23235","Chesterfield","Single Family Residence","11/04/2022","$399,000","$405,000","1","Resale (occupied at least once)","1963","Woodmont","2,066","0.42","3","2.0","Public Water","Sewer - Public","Conventional","Individuals"
"501","2227120","727-69-06-99-300-000","CLOSD","2313 Arrowood Road, Chesterfield VA 23112","23112","Chesterfield","Single Family Residence","11/04/2022","$325,000","$303,000","19","Resale (occupied at least once)","1984","Arrowood","2,002","0.22","4","3.0","Public Water","Sewer - Public","Cash","Individuals"
"501","2225820","711-68-42-45-900-000","CLOSD","4512 Summer Camp Court, Chesterfield VA 23120","23120","Chesterfield","Single Family Residence","11/04/2022","$819,000","$810,000","8","Resale (occupied at least once)","2019","Summer Lake","3,562","0.36","5","4.1","Public Water","Sewer - Public","Conventional","Individuals"
"501","2223724","8705-36-7026","CLOSD","8345 Silkwood Court, Hanover VA 23116","23116","Hanover","Single Family Residence","11/04/2022","$399,900","$395,000","7","Resale (occupied at least once)","1998","Summer Walk","1,961","0.39","3","2.1","Public Water","Sewer - Public","Conventional","Individuals"
"501","2224717","C002-0176-013","CLOSD","3238 East Weyburn Road, Richmond City VA 23235","23235","Richmond City","Single Family Residence","11/04/2022","$375,000","$346,500","17","Resale (occupied at least once)","1962","Oxford","2,589","0.78","4","2.1","Public Water","Sewer - Public","Cash","Individuals"
"501","2227801","778-745-8146","CLOSD","5516 Willis Lane, Henrico VA 23228","23228","Henrico","Single Family Residence","11/04/2022","$270,000","$275,000","3","Resale (occupied at least once)","1949","Schultz A F","1,057","0.19","3","1.0","Public Water","Sewer - Public","Conventional","Individuals"
"501","2226376","778-744-0061","CLOSD","2808 Battery Avenue, Henrico VA 23228","23228","Henrico","Single Family Residence","11/04/2022","$349,700","$364,500","7","Resale (occupied at least once)","1978","Battery Park","1,461","0.24","3","1.2","Public Water","Sewer - Public","Conventional","Individuals"
"501","2224537","726-69-79-60-200-000","CLOSD","14308 Colonyhouse Boulevard, Chesterfield VA 23114","23114","Chesterfield","Townhouse","11/04/2022","$425,000","$426,500","34","Resale (occupied at least once)","2021","Centerpointe Townes","2,171","0.04","3","2.2","Public Water","Sewer - Public","Conventional","Individuals"
"501","2228275","797-713-6051.303","CLOSD","210 Rocketts Way #Unit303, Henrico VA 23231","23231","Henrico","Condominium","11/04/2022","$239,000","$239,000","1","Resale (occupied at least once)","2008","Village Of Rocketts Landing","893","0.02","1","1.0","Public Water","Sewer - Public","Cash","Individuals"
"501","2227445","785-68-35-32-300-000","CLOSD","3700 Astral Court, Chesterfield VA 23234","23234","Chesterfield","Single Family Residence","11/04/2022","$239,000","$235,000","2","Resale (occupied at least once)","1972","Meadowdale","1,120","0.39","3","1.0","Public Water","Sewer - Public","Conventional","Individuals"
"501","2227246","764-762-3536","CLOSD","9933 Wares Wharf Circle, Henrico VA 23060","23060","Henrico","Single Family Residence","11/04/2022","$449,950","$485,000","3","Resale (occupied at least once)","2006","The Cottages At Crossridge","2,158","0.17","3","3.0","Public Water","Sewer - Public","VA New","Individuals"
"501","2227093","747-745-0312","CLOSD","1322 Westridge Road, Henrico VA 23229","23229","Henrico","Single Family Residence","11/04/2022","$330,000","$330,000","8","Resale (occupied at least once)","1972","Farmington","1,688","0.27","4","2.0","Public Water","Sewer - Public","FHA New","Other"
"501","2227045","719-68-01-95-200-000","CLOSD","5212 Highberry Woods Road, Chesterfield VA 23112","23112","Chesterfield","Single Family Residence","11/04/2022","$395,000","$400,000","2","Resale (occupied at least once)","1991","Highberry Woods I","2,256","0.20","4","2.1","Public Water","Sewer - Public","Conventional","Individuals"
"501","2226985","38-5","CLOSD","6324 Farmers Drive, New Kent VA 23011","23011","New Kent","Single Family Residence","11/04/2022","$249,900","$250,000","7","Resale (occupied at least once)","1977","None","1,125","1.87","2","1.0","Well","Septic - Conventional","Cash","Individuals"
"501","2226858","751-69-82-97-000-000","CLOSD","1613 Winters Hill Circle, Chesterfield VA 23236","23236","Chesterfield","Single Family Residence","11/04/2022","$264,950","$255,000","6","Resale (occupied at least once)","1989","Winters Hill Place","1,205","0.18","3","2.0","Public Water","Sewer - Public","Conventional","Individuals"
"501","2226842","705-66-74-39-300-000","CLOSD","7528 Vinca Court #Unit7528, Chesterfield VA 23120","23120","Chesterfield","Townhouse","11/04/2022","$310,000","$310,000","2","Resale (occupied at least once)","2014","Magnolia Green","1,516","0.05","3","2.1","Public Water","Sewer - Public","Conventional","Individuals"
"501","2226648","C009-0551-018","CLOSD","2906 Elmore Lane, Richmond City VA 23234","23234","Richmond City","Single Family Residence","11/04/2022","$224,950","$230,000","4","Resale (occupied at least once)","1993","Wendell Farms","947","0.30","3","1.0","Public Water","Sewer - Public","FHA New","Individuals"
"501","2226610","S000-0549-005","CLOSD","2210 Fairfax Avenue, Richmond City VA 23224","23224","Richmond City","Single Family Residence","11/04/2022","$239,500","$245,000","4","Resale (occupied at least once)","1950","Mason Park","1,044","0.11","2","2.0","Public Water","Sewer - Public","Conventional","Individuals"
"501","2226311","8705-41-2871","CLOSD","8288 Wonderland Lane, Hanover VA 23111","23111","Hanover","Single Family Residence","11/04/2022","$289,950","$295,000","5","Resale (occupied at least once)","1955","None","1,175","0.46","3","1.0","Public Water","Sewer - Public","Conventional","Individuals"
"501","2226164","748-70-44-04-200-000","CLOSD","10111 Natural Bridge Road, Chesterfield VA 23236","23236","Chesterfield","Single Family Residence","11/04/2022","$269,950","$280,000","4","Resale (occupied at least once)","1984","Sachems Head","1,266","0.36","3","1.2","Public Water","Sewer - Public","Conventional","Individuals"
"501","2225919","7880-22-0784","CLOSD","950 Kitty Hamilton Circle, Hanover VA 23005","23005","Hanover","Townhouse","11/04/2022","$229,950","$238,000","2","Resale (occupied at least once)","2010","Cottage Green Townes","1,440","0.04","3","2.1","Public Water","Sewer - Public","Conventional","Individuals"
"501","2225666","767-773-8673","CLOSD","11409 Sethwarner Drive, Henrico VA 23059","23059","Henrico","Single Family Residence","11/04/2022","$675,000","$712,000","6","Resale (occupied at least once)","2002","Hunton Estates","3,674","0.57","5","3.1","Public Water","Sewer - Public","Cash","Individuals"
"501","2225663","745-65-85-93-800-000","CLOSD","10500 Spring Run Road, Chesterfield VA 23832","23832","Chesterfield","Single Family Residence","11/04/2022","$384,500","$390,000","6","Resale (occupied at least once)","1967","Spring Run","1,904","1.44","4","2.0","Well","Septic - Conventional","Conventional","Individuals"
"501","2225626","757-70-11-92-500-000","CLOSD","8507 Hann Road, Chesterfield VA 23236","23236","Chesterfield","Single Family Residence","11/04/2022","$222,000","$280,000","7","Resale (occupied at least once)","1982","Solar I","1,029","0.26","2","2.0","Public Water","Sewer - Public","Cash","Individuals"
"501","2225624","W0000790006","CLOSD","1511 Carter, Richmond City VA 23220","23220","Richmond City","Single Family Residence","11/04/2022","$280,000","$265,000","6","Resale (occupied at least once)","1948","Maymont Terrace","1,624","","4","2.0","Public Water","Sewer - Public","Conventional","Individuals"
"501","2225072","C002-0173-017","CLOSD","3330 Sherbrook Road, Richmond City VA 23235","23235","Richmond City","Single Family Residence","11/04/2022","$545,000","$540,000","7","Resale (occupied at least once)","1962","Oxford","3,157","0.56","5","2.1","Public Water","Sewer - Public","Cash","Individuals"
"501","2224466","749-746-9456","CLOSD","6 Ashinghurst Road, Henrico VA 23238","23238","Henrico","Townhouse","11/04/2022","$249,950","$250,000","2","Resale (occupied at least once)","1975","Pemberton Townhouse","1,178","0.05","3","1.2","Public Water","Sewer - Public","Conventional","Individuals"
"501","2224422","780-69-05-06-600-000","CLOSD","4308 Whitestone Court, Chesterfield VA 23234","23234","Chesterfield","Single Family Residence","11/04/2022","$329,950","$318,500","34","Resale (occupied at least once)","1969","Meadowbrook West","2,322","0.45","3","2.1","Public Water","Sewer - Public","Conventional","Corporate"
"501","2224145","796-65-70-86-300-000","CLOSD","11924 Warfield Ridge Drive, Chesterfield VA 23831","23831","Chesterfield","Single Family Residence","11/04/2022","$349,900","$327,000","16","Resale (occupied at least once)","1998","Warfield Estates","2,680","0.84","4","2.1","Public Water","Sewer - Public","Conventional","Individuals"
"501","2224042","736-63-84-69-600-000","CLOSD","12731 River Road, Chesterfield VA 23838","23838","Chesterfield","Single Family Residence","11/04/2022","$415,000","$415,000","14","Resale (occupied at least once)","2017","None","2,016","4.00","3","2.0","Public Water","Septic - Conventional","Conventional","Individuals"
"501","2223631","779-751-0472","CLOSD","7500 Woodman Road, Henrico VA 23228","23228","Henrico","Single Family Residence","11/04/2022","$259,000","$250,000","45","Resale (occupied at least once)","1956","Eldridge Grove","1,030","0.21","2","1.0","Public Water","Sewer - Public","Conventional","Individuals"
"501","2223409","767-69-19-59-200-000","CLOSD","6611 Welch Drive, Chesterfield VA 23832","23832","Chesterfield","Single Family Residence","11/04/2022","$345,000","$345,000","14","Resale (occupied at least once)","1973","Belmont Hills West","1,849","0.34","4","2.1","Public Water","Sewer - Public","Conventional","Individuals"
"501","2223252","797-64-02-96-900-000","CLOSD","3034 Loganwood Drive, Chesterfield VA 23834","23834","Chesterfield","Single Family Residence","11/04/2022","$269,990","$250,000","16","Resale (occupied at least once)","1983","Happy Hill Farms","1,300","0.27","3","2.0","Public Water","Sewer - Public","Cash","Individuals"
"501","2221857","769-65-28-68-800-000","CLOSD","8107 Fedora Drive, Chesterfield VA 23838","23838","Chesterfield","Single Family Residence","11/04/2022","$759,900","$725,000","27","Resale (occupied at least once)","2020","The Highlands","4,897","2.28","5","4.1","Public Water","Septic - Conventional","VA New","Individuals"
"501","2221133","816-64-94-46-200-000","CLOSD","518 Mason Orchard Drive, Chesterfield VA 23836","23836","Chesterfield","Single Family Residence","11/04/2022","$434,950","$422,500","52","Resale (occupied at least once)","2021","Bermuda Orchard","2,310","0.31","4","3.0","Public Water","Sewer - Public","Conventional","Individuals"
"501","2220637","735-71-81-14-300-000","CLOSD","12510 Robious Road, Chesterfield VA 23113","23113","Chesterfield","Single Family Residence","11/04/2022","$515,000","$505,000","79","Resale (occupied at least once)","1972","River Oaks","2,905","0.96","4","2.1","Public Water","Septic - Conventional","Conventional","Individuals"
"501","2219841","014-1-8","CLOSD","4654 Powhatan Lakes Road, Powhatan VA 23139","23139","Powhatan","Single Family Residence","11/04/2022","$249,950","$240,000","58","Resale (occupied at least once)","1972","Hicks","1,456","1.33","3","2.0","Well","Septic - Conventional","Conventional","Individuals"
"501","2219210","33B8 42Q  11","CLOSD","5063 Ashborough Drive, New Kent VA 23140","23140","New Kent","Single Family Residence","11/04/2022","$674,990","$674,990","43","New (never occupied)","2022","Brickshire","4,020","0.44","6","4.0","Public Water","Sewer - Public","Conventional","Corporate"
"501","2203754","58-54-3-83-0","CLOSD","9312 Citrine Run, Goochland VA 23238","23238","Goochland","Townhouse","11/04/2022","$575,305","$575,305","0","New (never occupied)","2022","Mosaic at West Creek","2,253","","3","3.0","Public Water","Sewer - Public","VA New","Corporate"
"501","2201645","7779-37-2368","CLOSD","12368 Hayward Lane, Hanover VA 23005","23005","Hanover","Single Family Residence","11/04/2022","$742,231","$779,142","0","New (never occupied)","2022","Lankfords Crossing","2,230","","4","3.0","Public Water","Sewer - Public","Conventional","Corporate"
"501","2136844","7777-96-0211","CLOSD","10520 Little Meadow Lane, Hanover VA 23059","23059","Hanover","Single Family Residence","11/04/2022","$651,864","$656,609","55","New (never occupied)","2022","Chickahominy Falls","2,523","","3","2.1","Public Water","Sewer - Public","Conventional","Corporate"
"501","2133120","764685711400000","CLOSD","4807 Lancewood Road, Chesterfield VA 23832","23832","Chesterfield","Single Family Residence","11/04/2022","$429,950","$429,950","69","New (never occupied)","2022","Pennwood Estates","2,540","","5","3.0","Public Water","Sewer - Public","Conventional","Corporate"
"501","2206461","7796-43-9741","CLOSD","9271 Giles Pond Drive, Hanover VA 23116","23116","Hanover","Single Family Residence","11/07/2022","$540,145","$540,145","0","New (never occupied)","2022","Giles Farm","2,423","","4","2.1","Public Water","Sewer - Public","Conventional","Corporate"
"501","2225264","751-751-4141","CLOSD","9703 Fort King Road, Henrico VA 23229","23229","Henrico","Single Family Residence","11/07/2022","$325,000","$330,000","9","Resale (occupied at least once)","1985","Fort King Estates","1,568","0.35","3","2.1","Public Water","Sewer - Public","Conventional","Individuals"
"501","2224174","8725-90-3893","CLOSD","8029 Clay Hills Court, Hanover VA 23111","23111","Hanover","Single Family Residence","11/07/2022","$429,950","$429,950","25","Resale (occupied at least once)","2001","Pebble Creek","2,303","0.85","4","2.1","Public Water","Sewer - Public","VA New","Individuals"
"501","2227597","730-71-96-09-300-000","CLOSD","2939 Glendower Circle, Chesterfield VA 23113","23113","Chesterfield","Single Family Residence","11/07/2022","$590,000","$607,000","2","Resale (occupied at least once)","1985","Powderham","3,661","0.95","4","2.1","Public Water","Sewer - Public","Conventional","Individuals"
"501","2226881","764-757-1155.063","CLOSD","7740 Flannagan Court #Unit603, Henrico VA 23228","23228","Henrico","Condominium","11/07/2022","$180,000","$180,000","3","Resale (occupied at least once)","1991","Shannon Green Condo","920","0.02","2","2.0","Public Water","Sewer - Public","Conventional","Individuals"
"501","2226014","764-68-58-75-700-000","CLOSD","7218 Drexelbrook Road, Chesterfield VA 23832","23832","Chesterfield","Single Family Residence","11/07/2022","$260,000","$260,000","17","Resale (occupied at least once)","1985","Pennwood","1,260","0.51","3","2.0","Public Water","Sewer - Public","FHA New","Individuals"
"501","2220843","793-62-13-95-800-000","CLOSD","18508 Rollingside Drive, Chesterfield VA 23834","23834","Chesterfield","Single Family Residence","11/07/2022","$300,000","$295,000","18","Resale (occupied at least once)","1998","Forest View","1,971","0.29","3","2.1","Public Water","Sewer - Public","Conventional","Individuals"
"501","2204466","826-66-14-40-700-000","CLOSD","11706 Riverboat Drive, Chesterfield VA 23836","23836","Chesterfield","Single Family Residence","11/07/2022","$642,170","$701,050","2","New (never occupied)","2022","Meadowville Landing","3,703","0.57","5","4.0","Public Water","Sewer - Public","Conventional","Corporate"
"501","2223808","708-67-69-31-300-000","CLOSD","16908 Gossamer Drive, Chesterfield VA 23120","23120","Chesterfield","Townhouse","11/07/2022","$364,000","$368,000","11","Resale (occupied at least once)","2017","Wynwood at Foxcreek","1,897","0.05","3","2.2","Public Water","Sewer - Public","Conventional","Relocation"
"501","2224188","805-714-6691","CLOSD","2306 Carlisle Avenue, Henrico VA 23231","23231","Henrico","Single Family Residence","11/07/2022","$285,000","$285,000","22","Resale (occupied at least once)","1951","Montrose Terrace","1,137","0.33","3","3.0","Public Water","Sewer - Public","FHA New","Individuals"
"501","2225632","787-757-9026","CLOSD","1118 Penobscot Road, Henrico VA 23227","23227","Henrico","Single Family Residence","11/07/2022","$364,950","$364,950","14","Resale (occupied at least once)","1974","Wildwood","1,914","0.41","4","2.1","Public Water","Sewer - Public","FHA New","Individuals"
"501","2225163","781-749-7573","CLOSD","1905 Hilliard Road, Henrico VA 23228","23228","Henrico","Single Family Residence","11/07/2022","$230,000","$225,000","10","Resale (occupied at least once)","1939","Hermitage Court","1,478","0.16","3","2.0","Public Water","Sewer - Public","Conventional","Individuals"
"501","2211550","7787-37-9178","CLOSD","10520 Stony Bluff Drive #Unit405, Hanover VA 23005","23005","Hanover","Condominium","11/07/2022","$260,000","$260,000","178","New (never occupied)","2019","Stony Run","1,053","","1","1.0","Community Well","Sewer - Public","Cash","Corporate"
"501","2225681","795-64-89-00-000-000","CLOSD","2937 Abbeydale Court, Chesterfield VA 23831","23831","Chesterfield","Single Family Residence","11/07/2022","$349,999","$345,600","6","Resale (occupied at least once)","2006","Stockleigh","2,392","0.31","4","2.1","Public Water","Sewer - Public","Cash","Individuals"
"501","2226635","S000-1010-007","CLOSD","302 West 28th Street, Richmond City VA 23225","23225","Richmond City","Single Family Residence","11/07/2022","$450,000","$450,000","6","Resale (occupied at least once)","1925","Fonticello Park","1,806","0.16","4","2.0","Public Water","Sewer - Public","Conventional","Individuals"
"501","2225357","779-60-85-15-200-000","CLOSD","6605 Jackson Street, Chesterfield VA 23803","23803","Chesterfield","Single Family Residence","11/07/2022","$214,900","$213,000","4","Resale (occupied at least once)","1978","None","1,008","0.29","3","1.0","Public Water","Sewer - Public","USDA","Individuals"
"501","2225975","767-759-9170","CLOSD","7904 Cottesmore Terrace, Henrico VA 23228","23228","Henrico","Townhouse","11/07/2022","$259,950","$261,000","2","Resale (occupied at least once)","2001","Lakeland Towns","1,376","0.04","2","1.1","Public Water","Sewer - Public","Conventional","Individuals"
"501","2200892","7717-82-0315","CLOSD","2164 Ellis Farm Drive, Goochland VA 23103","23103","Goochland","Single Family Residence","11/07/2022","$677,950","$837,687","0","New (never occupied)","2022","Tuckahoe Bridge","2,835","0.67","4","3.0","Public Water","Sewer - Public","Conventional","Corporate"
"501","2228713","779-68-48-20-800-000","CLOSD","4605 Coldstream Drive, Chesterfield VA 23234","23234","Chesterfield","Townhouse","11/07/2022","$112,500","$118,500","3","Resale (occupied at least once)","1973","Berwick Village","950","0.04","2","1.1","Public Water","Sewer - Public","Cash","Individuals"
"501","2228535","S006-0368-027","CLOSD","1005 Forest View Drive, Richmond City VA 23225","23225","Richmond City","Single Family Residence","11/07/2022","$185,000","$185,000","3","Resale (occupied at least once)","1949","Hyman Heights","1,304","0.14","2","1.0","Public Water","Sewer - Public","Cash","Individuals"
"501","2228389","788-746-5297.043","CLOSD","5614 Crenshaw Road #Unit1033, Henrico VA 23227","23227","Henrico","Condominium","11/07/2022","$92,000","$92,000","4","Resale (occupied at least once)","1963","Ashley Terrace Condo","885","0.27","2","1.0","Public Water","Sewer - Public","Cash","Individuals"
"501","2228211","756-69-69-55-600-000","CLOSD","1735 White Cedar Lane, Chesterfield VA 23235","23235","Chesterfield","Single Family Residence","11/07/2022","$189,950","$192,500","2","Resale (occupied at least once)","1985","Three Pines","1,056","0.21","3","1.1","Public Water","Sewer - Public","Cash","Individuals"
"501","2227796","745-69-82-27-600-000","CLOSD","741 Courthouse Road, Chesterfield VA 23236","23236","Chesterfield","Single Family Residence","11/07/2022","$285,000","$265,000","3","Resale (occupied at least once)","1968","Lake Crystal Farms","1,500","0.40","3","2.0","Public Water","Septic - Conventional","Cash","Individuals"
"501","2227410","719-70-77-74-800-000","CLOSD","430 Old Otterdale Road, Chesterfield VA 23114","23114","Chesterfield","Single Family Residence","11/07/2022","$410,000","$400,000","5","Resale (occupied at least once)","1965","Otterdale","1,914","2.49","3","2.0","Well","Septic - Conventional","Cash","Other"
"501","2227194","771-762-4078","CLOSD","2713 Maurice Walk Court, Henrico VA 23060","23060","Henrico","Single Family Residence","11/07/2022","$339,950","$340,000","3","Resale (occupied at least once)","1991","Maurice Walk","1,464","0.51","4","2.0","Public Water","Sewer - Public","Conventional","Individuals"
"501","2227048","704-66-86-11-900-000","CLOSD","17605 Wynstone Park Lane, Chesterfield VA 23120","23120","Chesterfield","Townhouse","11/07/2022","$379,900","$377,000","10","Resale (occupied at least once)","2016","Magnolia Green","1,617","0.06","3","2.1","Public Water","Sewer - Public","Conventional","Individuals"
"501","2226774","755-766-1908","CLOSD","5009 Country Way Court, Henrico VA 23060","23060","Henrico","Single Family Residence","11/07/2022","$400,000","$390,000","6","Resale (occupied at least once)","1992","Country Meadows","1,708","0.28","3","2.1","Public Water","Sewer - Public","Conventional","Individuals"
"501","2226767","719-67-86-48-700-000","CLOSD","14902 Orchard Grove Court, Chesterfield VA 23112","23112","Chesterfield","Single Family Residence","11/07/2022","$395,000","$425,000","4","Resale (occupied at least once)","1989","Orchard Grove","2,045","0.25","4","2.1","Public Water","Sewer - Public","Conventional","Individuals"
"501","2226552","755-750-5274","CLOSD","2121 Dresden Road, Henrico VA 23229","23229","Henrico","Single Family Residence","11/07/2022","$354,950","$355,000","12","Resale (occupied at least once)","1992","Chestnut Oaks","1,709","0.25","4","2.0","Public Water","Sewer - Public","Conventional","Individuals"
"501","2226220","W000-1794-023","CLOSD","3904 West Grace Street, Richmond City VA 23230","23230","Richmond City","Single Family Residence","11/07/2022","$320,000","$305,000","11","Resale (occupied at least once)","1951","Monument Annex","1,032","0.16","3","1.0","Public Water","Sewer - Public","Other","Individuals"
"501","2226033","832-723-9829","CLOSD","456 Young Drive, Henrico VA 23150","23150","Henrico","Single Family Residence","11/07/2022","$242,000","$239,000","13","Resale (occupied at least once)","1991","Broadwater Bluff","1,300","0.42","3","2.0","Public Water","Septic - Conventional","FHA New","Individuals"
"501","2225793","758-68-56-07-600-000","CLOSD","4718 Long Tom Lane, Chesterfield VA 23832","23832","Chesterfield","Single Family Residence","11/07/2022","$269,950","$280,000","5","Resale (occupied at least once)","1985","Cabin Creek","1,224","0.25","4","2.0","Public Water","Sewer - Public","Conventional","Individuals"
"501","2225259","760-753-8081.008","CLOSD","3109 North Parham Road #Unit8, Henrico VA 23294","23294","Henrico","Condominium","11/07/2022","$174,900","$155,000","38","Resale (occupied at least once)","1964","Westshire On Parham Condos","863","0.02","2","1.0","Public Water","Sewer - Public","Cash","Individuals"
"501","2224951","W000-1519-027","CLOSD","3316 Park Avenue, Richmond City VA 23221","23221","Richmond City","Single Family Residence","11/07/2022","$475,000","$455,000","25","Resale (occupied at least once)","1977","Lee Annex","1,433","0.08","3","1.1","Public Water","Sewer - Public","Conventional","Individuals"
"501","2224910","20        66B","CLOSD","7401 Old Roxbury Road, New Kent VA 23141","23141","New Kent","Single Family Residence","11/07/2022","$405,000","$405,000","6","Resale (occupied at least once)","1974","None","2,378","3.39","3","2.1","Well","Septic - Conventional","VA New","Individuals"
"501","2224888","708-68-03-76-800-000","CLOSD","16819 Laurel Park Drive, Chesterfield VA 23120","23120","Chesterfield","Single Family Residence","11/07/2022","$524,500","$517,000","3","Resale (occupied at least once)","2021","Westerleigh","1,887","0.15","3","2.0","Public Water","Sewer - Public","Cash","Individuals"
"501","2224855","W000-0935-021","CLOSD","2110 Lakeview Avenue, Richmond City VA 23220","23220","Richmond City","Single Family Residence","11/07/2022","$479,000","$484,000","14","Resale (occupied at least once)","1924","None","1,600","0.06","3","1.2","Public Water","Sewer - Public","Conventional","Individuals"
"501","2224405","773-746-2570","CLOSD","6702 East Davista Avenue, Henrico VA 23228","23228","Henrico","Single Family Residence","11/07/2022","$309,950","$308,000","6","Resale (occupied at least once)","2014","Davista Park","1,295","0.17","3","2.0","Public Water","Sewer - Public","Conventional","Individuals"
"501","2224210","731-72-25-49-100-000","CLOSD","13224 Penhurst Road, Chesterfield VA 23113","23113","Chesterfield","Single Family Residence","11/07/2022","$525,000","$525,000","2","Resale (occupied at least once)","2004","Tarrington","2,388","0.21","3","2.1","Public Water","Sewer - Public","Cash","Individuals"
"501","2222895","803-704-1636","CLOSD","1311 Southbury Avenue, Henrico VA 23231","23231","Henrico","Single Family Residence","11/07/2022","$255,000","$247,000","30","Resale (occupied at least once)","1959","Nelson Estates","1,222","0.36","3","1.0","Public Water","Sewer - Public","FHA New","Individuals"
"501","2222863","33B13 72O 9","CLOSD","5150 Brandon Pines Way, New Kent VA 23140","23140","New Kent","Single Family Residence","11/07/2022","$715,000","$700,000","32","Resale (occupied at least once)","2021","Brickshire","4,327","","5","5.1","Public Water","Sewer - Public","Conventional","Individuals"
"501","2222810","745-770-4859.024","CLOSD","5092 Park Commons Loop, Henrico VA 23059","23059","Henrico","Condominium","11/07/2022","$579,000","$579,000","8","Resale (occupied at least once)","2004","Park Commons At Twin Hickory","2,464","0.17","4","2.1","Public Water","Sewer - Public","Cash","Individuals"
"501","2222449","763-765-3636.030","CLOSD","3601 Corrotoman Road, Henrico VA 23060","23060","Henrico","Condominium","11/07/2022","$525,000","$516,000","41","Resale (occupied at least once)","2006","The Carriage Homes @ Crossridge","2,503","0.25","3","2.1","Public Water","Sewer - Public","Cash","Individuals"
"501","2218536","779-761-5903","CLOSD","9009 Prince Road, Henrico VA 23228","23228","Henrico","Single Family Residence","11/07/2022","$295,000","$285,000","1","Resale (occupied at least once)","1973","North Run Estates","2,324","0.24","3","3.0","Public Water","Sewer - Public","Conventional","Estate"
"501","2216967","713694188100000","CLOSD","15824 W Millington, Chesterfield VA 23112","23112","Chesterfield","Single Family Residence","11/07/2022","$868,950","$854,941","65","New (never occupied)","2022","Newmarket","3,501","","4","3.1","Public Water","Sewer - Public","Conventional","Corporate"
"501","2205210","58-54-3-85-0","CLOSD","9318 Citrine Run, Goochland VA 23238","23238","Goochland","Townhouse","11/07/2022","$534,990","$534,990","152","New (never occupied)","2022","Mosaic at West Creek","2,335","","3","3.0","Public Water","Sewer - Public","Conventional","Corporate"
"501","BRTVARC2000170","N0001148017","CLOSD","526 Northside Avenue, Richmond City VA 23222","23222","Richmond City","Single Family Residence","11/08/2022","$390,000","$385,000","61","Resale (occupied at least once)","1926","HIGHLAND TERRACE","2,184","0.08","3","4.0","Public Water","Public Sewer On Site","",""
"501","2226634","E000-0528-022","CLOSD","503 North 28th Street, Richmond City VA 23223","23223","Richmond City","Single Family Residence","11/08/2022","$629,900","$620,000","7","Resale (occupied at least once)","1860","None","2,452","0.09","3","3.0","Public Water","Sewer - Public","Conventional","Corporate"
"501","2226514","E000-0528-025","CLOSD","509 North 28th Street, Richmond City VA 23223","23223","Richmond City","Single Family Residence","11/08/2022","$750,000","$740,000","5","New (never occupied)","2022","None","2,576","0.09","4","3.1","Public Water","Sewer - Public","Cash","Corporate"
"501","2216471","N000-1263-001","CLOSD","3208 Delaware Avenue, Richmond City VA 23222","23222","Richmond City","Single Family Residence","11/08/2022","$359,000","$357,950","74","New (never occupied)","2022","Highland Park","1,613","0.06","3","2.1","Public Water","Sewer - Public","Conventional","Corporate"
"501","2225395","716-66-58-10-500-000","CLOSD","15313 Spiral Place, Chesterfield VA 23832","23832","Chesterfield","Single Family Residence","11/08/2022","$470,000","$470,000","24","Resale (occupied at least once)","2019","Harpers Mill","2,214","0.33","4","3.0","Public Water","Sewer - Public","Cash","Individuals"
"501","2226758","778-65-50-32-900-000","CLOSD","5624 Arbor Point Terrace, Chesterfield VA 23831","23831","Chesterfield","Single Family Residence","11/08/2022","$320,000","$330,000","3","Resale (occupied at least once)","2002","Arbor Landing","2,263","0.23","4","2.1","Public Water","Sewer - Public","VA New","Individuals"
"501","2221547","763-757-2477","CLOSD","7804 Coachford Court, Henrico VA 23228","23228","Henrico","Townhouse","11/08/2022","$239,000","$242,500","22","Resale (occupied at least once)","1989","Summer Hill","1,200","0.04","2","2.1","Public Water","Sewer - Public","FHA New","Individuals"
"501","2204840","TBD","CLOSD","4907 Sir Sagamore Drive, Chesterfield VA 23237","23237","Chesterfield","Single Family Residence","11/08/2022","$570,350","$570,350","2","New (never occupied)","2022","Kingsland Woods","3,625","","4","3.1","Public Water","Sewer - Public","FHA New","Corporate"
"501","2225302","808-715-5787","CLOSD","4700 Brittles Lane, Henrico VA 23231","23231","Henrico","Single Family Residence","11/08/2022","$248,000","$250,000","25","Resale (occupied at least once)","1949","Acreage","1,832","0.31","4","2.0","Public Water","None","Conventional","Corporate"
"501","2216245","to be determined","CLOSD","3424 Dewsberry Lane #UnitD 6-2, Henrico VA 23231","23231","Henrico","Townhouse","11/08/2022","$350,170","$340,970","110","New (never occupied)","2022","Village at Millers Lane","1,853","","3","2.2","Public Water","Sewer - Public","FHA New","Corporate"
"501","2204999","58-54-3-86-0","CLOSD","9320 Citrine Run, Goochland VA 23238","23238","Goochland","Townhouse","11/08/2022","$542,400","$542,400","0","New (never occupied)","2022","Mosaic at West Creek","2,338","","3","3.0","Public Water","Sewer - Public","Conventional","Corporate"
"501","2210210","8706-58-8129","CLOSD","9224 Crowell Street, Hanover VA 23116","23116","Hanover","Single Family Residence","11/08/2022","$581,955","$581,955","0","New (never occupied)","2022","Rutland","2,775","","4","3.1","Public Water","Sewer - Public","VA New","Corporate"
"501","2224866","809-720-3915","CLOSD","4308 8th Street, Henrico VA 23223","23223","Henrico","Single Family Residence","11/08/2022","$275,000","$270,000","62","Resale (occupied at least once)","1929","Windsor Place","1,787","0.33","3","2.0","Public Water","Sewer - Public","Conventional","Individuals"
"501","2218175","725696204700000","CLOSD","14100 Vanee Lane #Unit2A, Chesterfield VA 23114","23114","Chesterfield","Townhouse","11/08/2022","$479,990","$486,040","30","New (never occupied)","2022","Centerpointe Townes","2,247","","3","2.2","Public Water","Sewer - Public","Cash","Corporate"
"501","2227456","778-746-3675","CLOSD","2703 Parkside Avenue, Henrico VA 23228","23228","Henrico","Single Family Residence","11/08/2022","$229,000","$233,000","3","Resale (occupied at least once)","1948","Hermitage Park","1,056","0.18","3","1.0","Public Water","Sewer - Public","Conventional","Individuals"
"501","2209436","Not Yet Assigned","CLOSD","7679 Leeds Castle Lane, New Kent VA 23124","23124","New Kent","Townhouse","11/08/2022","$350,170","$350,170","14","New (never occupied)","2022","Maidstone Village","1,914","","3","2.1","Public Water","Sewer - Public","VA New","Corporate"
"501","2227576","C006-0429-012","CLOSD","1017 Dixon Drive, Richmond City VA 23224","23224","Richmond City","Single Family Residence","11/08/2022","$254,950","$270,000","5","Resale (occupied at least once)","1951","Woodstock","1,715","0.46","4","2.0","Public Water","Sewer - Public","FHA New","Individuals"
"501","2227088","746-750-4732","CLOSD","10111 Falconbridge Drive, Henrico VA 23238","23238","Henrico","Single Family Residence","11/08/2022","$399,950","$405,000","4","Resale (occupied at least once)","1978","Raintree","2,028","0.33","4","2.1","Public Water","Sewer - Public","Conventional","Individuals"
"501","2211625","7796-77-3304","CLOSD","9278 Marl Ridge Lane, Hanover VA 23116","23116","Hanover","Townhouse","11/08/2022","$463,110","$475,840","0","New (never occupied)","2022","Giles Farm","2,114","","3","2.1","Public Water","Sewer - Public","Conventional","Corporate"
"501","2227379","8737-35-0062","CLOSD","5346 Summer Plains Drive, Hanover VA 23116","23116","Hanover","Single Family Residence","11/08/2022","$429,000","$435,000","3","Resale (occupied at least once)","1990","Summer Plains","2,148","2.00","3","2.1","Well","Septic - Conventional","Conventional","Individuals"
"501","2222117","734-760-9858","CLOSD","3800 Danewood Drive, Henrico VA 23233","23233","Henrico","Single Family Residence","11/08/2022","$450,000","$450,000","30","Resale (occupied at least once)","1992","Langtree At Wellesley","2,152","0.26","4","2.1","Community Well","Sewer - Public","Conventional","Individuals"
"501","2226808","S000-2467-023","CLOSD","3718 Crutchfield Street, Richmond City VA 23225","23225","Richmond City","Single Family Residence","11/08/2022","$315,000","$315,000","9","Resale (occupied at least once)","1982","Forest Hill Park Annex","1,080","0.20","3","1.0","Public Water","Sewer - Public","Conventional","Individuals"
"501","2226986","817-65-32-92-900-000","CLOSD","409 Bermuda Hundred Road, Chesterfield VA 23836","23836","Chesterfield","Single Family Residence","11/08/2022","$229,500","$229,500","20","Resale (occupied at least once)","1947","Westover Farms","1,250","0.60","3","1.0","Well","Septic - Conventional","Conventional","Individuals"
"501","2227827","778-755-0099","CLOSD","2103 Spider Drive, Henrico VA 23228","23228","Henrico","Single Family Residence","11/08/2022","$349,000","$342,000","18","Resale (occupied at least once)","1971","Valentine Hills","1,708","0.31","3","2.0","Public Water","Sewer - Public","Cash","Individuals"
"501","2228707","E000-1763-035","CLOSD","3510 East Richmond Road #UnitU28, Richmond City VA 23223","23223","Richmond City","Condominium","11/08/2022","$65,000","$67,000","9","Resale (occupied at least once)","1966","Villas Of Oakwood South","560","0.01","1","1.0","Public Water","Sewer - Public","Cash","Individuals"
"501","2227152","W019-0306-030","CLOSD","33 West Locke Lane #UnitU7, Richmond City VA 23226","23226","Richmond City","Condominium","11/08/2022","$339,900","$339,900","6","Resale (occupied at least once)","1930","Lock Lane Condominium","840","0.02","2","2.0","Public Water","Sewer - Public","Conventional","Individuals"
"501","2227089","736-779-9111","CLOSD","6017 Chestnut Hill Drive, Henrico VA 23059","23059","Henrico","Single Family Residence","11/08/2022","$619,900","$645,000","7","Resale (occupied at least once)","1996","Chestnut Hill At Wyndham","2,865","0.23","4","2.1","Public Water","Sewer - Public","Conventional","Individuals"
"501","2227018","794-65-52-69-300-000","CLOSD","3300 West Hundred Road, Chesterfield VA 23831","23831","Chesterfield","Single Family Residence","11/08/2022","$295,500","$305,000","13","Resale (occupied at least once)","1964","Chester Heights","1,456","0.64","3","3.0","Public Water","Septic - Conventional","Conventional","Individuals"
"501","2226971","726-66-08-98-800-000","CLOSD","14507 Hockliffe Loop, Chesterfield VA 23112","23112","Chesterfield","Single Family Residence","11/08/2022","$499,900","$499,900","3","Resale (occupied at least once)","2019","Collington","2,667","0.32","4","3.1","Public Water","Sewer - Public","VA New","Individuals"
"501","2226967","W022-0026-005","CLOSD","4105 Cary Street Road, Richmond City VA 23221","23221","Richmond City","Single Family Residence","11/08/2022","$1,199,999","$1,400,000","0","Resale (occupied at least once)","1957","Windsor Farms","3,720","0.46","5","3.1","Public Water","Sewer - Public","Conventional","Individuals"
"501","2226906","7798-52-9212","CLOSD","9222 Hunters Chase Drive, Hanover VA 23116","23116","Hanover","Single Family Residence","11/08/2022","$419,000","$419,000","5","Resale (occupied at least once)","1991","Fox Head","2,151","0.40","4","2.1","Public Water","Sewer - Public","Conventional","Individuals"
"501","2226715","764-739-9371","CLOSD","1000 Stilwell Road, Henrico VA 23226","23226","Henrico","Single Family Residence","11/08/2022","$325,000","$352,000","3","Resale (occupied at least once)","1953","Monument Hills","1,200","0.19","3","1.0","Public Water","Sewer - Public","Conventional","Individuals"
"1001","2226292","C004-0607-002","CLOSD","3601 Stratford Road, Richmond City VA 23225","23225","Richmond City","Single Family Residence","11/08/2022","$499,950","$535,000","5","Resale (occupied at least once)","1955","Stratford Hills","3,316","0.54","4","2.1","Public Water","Sewer - Public","Conventional","Individuals"
"1001","2226201","806-714-2939","CLOSD","2323 National Street, Henrico VA 23231","23231","Henrico","Single Family Residence","11/08/2022","$200,000","$198,000","19","Resale (occupied at least once)","1951","Kemp Heights","1,009","0.22","3","1.0","Public Water","Sewer - Public","FHA New","Individuals"
"1001","2226077","738-64-93-08-100-000","CLOSD","11810 Spikehorn Lane, Chesterfield VA 23838","23838","Chesterfield","Single Family Residence","11/08/2022","$288,000","$285,000","12","Resale (occupied at least once)","1979","Deerwood","1,973","0.84","3","2.1","Well","Septic - Conventional","Cash","Individuals"
"1001","2225907","E000-0930-002","CLOSD","1534 North 19th Street, Richmond City VA 23223","23223","Richmond City","Single Family Residence","11/08/2022","$224,950","$225,000","9","Resale (occupied at least once)","1948","None","1,008","0.18","3","1.0","Public Water","Sewer - Public","FHA New","Individuals"
"1001","2224820","772-735-5697.096","CLOSD","5100 Monument Avenue #Unit713, Henrico VA 23230","23230","Henrico","Condominium","11/08/2022","$249,995","$235,000","42","Resale (occupied at least once)","1961","5100 Monument","1,095","0.02","2","2.0","Public Water","Sewer - Public","Cash","Individuals"
"1001","2224760","S000-0147-019","CLOSD","220 East 14th Street, Richmond City VA 23224","23224","Richmond City","Single Family Residence","11/08/2022","$190,000","$135,000","39","Resale (occupied at least once)","1925","Blackwell","1,134","0.05","3","1.1","Public Water","None","Cash","Individuals"
"1001","2224682","816-728-0780","CLOSD","420 Westover Pines Drive, Henrico VA 23223","23223","Henrico","Single Family Residence","11/08/2022","$215,000","$225,000","16","Resale (occupied at least once)","2006","Westover Pines Townhouses","1,320","0.04","2","2.1","Public Water","Sewer - Public","FHA New","Individuals"
"1001","2219168","N000-1148-017","CLOSD","526 North Northside Avenue, Richmond City VA 23222","23222","Richmond City","Single Family Residence","11/08/2022","$390,000","$385,000","52","Resale (occupied at least once)","1926","Northside Place","2,184","0.08","3","2.2","Public Water","Sewer - Public","Other","Corporate"
"1001","2214057","770683459000000","CLOSD","5466 Niles Road, Chesterfield VA 23234","23234","Chesterfield","Single Family Residence","11/08/2022","$371,955","$371,955","0","New (never occupied)","2022","Jessup Meadows","1,680","","4","2.1","Public Water","Sewer - Public","VA New","Corporate"
"1001","2210051","697670894100000","CLOSD","18305 Palisades Court, Chesterfield VA 23120","23120","Chesterfield","Townhouse","11/08/2022","$426,350","$463,430","3","New (never occupied)","2022","Magnolia Green","2,469","","4","3.1","Public Water","Sewer - Public","Conventional","Corporate"
"1001","REIN10431500","Not Yet Assigned","CLOSD","7679 Leeds Castle Lane, New Kent VA 23124","23124","New Kent","Townhouse","11/08/2022","$350,170","$350,170","13","New (never occupied)","2022","MAIDSTONE VILLAGE","1,914","","3","3.0","Public Water","Public Sewer On Site","",""
"1001","2225216","C006-0195-040","CLOSD","1020 East Belt Boulevard, Richmond City VA 23224","23224","Richmond City","Single Family Residence","11/09/2022","$215,000","$198,000","7","Resale (occupied at least once)","1941","Woodstock","1,356","0.21","3","2.0","Public Water","Sewer - Public","Conventional","Individuals"
"1001","2224016","748-70-32-10-000-000","CLOSD","101 Mistywood Road, Chesterfield VA 23236","23236","Chesterfield","Single Family Residence","11/09/2022","$285,000","$300,000","2","Resale (occupied at least once)","1977","Reams Run","1,716","","4","2.0","Public Water","Sewer - Public","FHA New","Individuals"
"1001","2222068","785-66-19-38-400-000","CLOSD","10324 Centralia Station Road, Chesterfield VA 23831","23831","Chesterfield","Single Family Residence","11/09/2022","$459,900","$460,000","43","Resale (occupied at least once)","2019","Centralia Station","2,757","0.31","4","3.0","Public Water","Sewer - Public","FHA New","Individuals"
"1001","2226795","TBD","CLOSD","9251 Magellan Parkway #UnitB, Henrico VA 23060","23060","Henrico","Condominium","11/09/2022","$349,671","$349,671","15","New (never occupied)","2022","Retreat at One","2,345","","3","2.1","Public Water","Sewer - Public","Conventional","Corporate"
"1001","2219031","784-759-8684.","CLOSD","641 Rivanna Hill Road, Henrico VA 23060","23060","Henrico","Townhouse","11/09/2022","$399,990","$399,990","35","New (never occupied)","2022","Retreat at One","2,174","","3","3.1","Public Water","Sewer - Public","Conventional","Corporate"
"1001","2224009","S007-1178-003","CLOSD","2306 Harwood Street, Richmond City VA 23224","23224","Richmond City","Single Family Residence","11/09/2022","$165,000","$155,000","38","Resale (occupied at least once)","1960","None","979","0.17","3","1.0","Public Water","Sewer - Public","Conventional","Individuals"
"1001","2224008","S007-1178-023","CLOSD","1305 Lynhaven Avenue, Richmond City VA 23224","23224","Richmond City","Single Family Residence","11/09/2022","$180,000","$160,000","38","Resale (occupied at least once)","1960","None","998","0.17","3","1.0","Public Water","Sewer - Public","Conventional","Individuals"
"1001","2224350","729-67-22-31-400-000","CLOSD","13604 Velvet Antler Run, Chesterfield VA 23112","23112","Chesterfield","Single Family Residence","11/09/2022","$275,000","$280,000","3","Resale (occupied at least once)","1988","Deer Run","1,203","0.30","3","2.0","Public Water","Sewer - Public","Conventional","Individuals"
"1001","2227352","744-69-26-42-000-000","CLOSD","10740 West Providence Road, Chesterfield VA 23236","23236","Chesterfield","Single Family Residence","11/09/2022","$199,900","$205,000","4","Resale (occupied at least once)","1981","Solar II","1,006","0.31","3","1.0","Public Water","Sewer - Public","VA New","Corporate"
"1001","2226746","784-67-05-02-700-000","CLOSD","8932 Hawkbill Road, Chesterfield VA 23237","23237","Chesterfield","Single Family Residence","11/09/2022","$295,000","$310,000","12","Resale (occupied at least once)","1979","Falconbridge","1,975","0.34","5","2.0","Public Water","Sewer - Public","FHA New","Corporate"
"1001","2226287","E010-0107-007","CLOSD","5211 Salem Street, Richmond City VA 23231","23231","Richmond City","Single Family Residence","11/09/2022","$239,999","$234,000","9","Resale (occupied at least once)","1923","Powhatan Place","1,034","0.11","3","2.0","Public Water","Sewer - Public","VA New","Individuals"
"1001","2201059","101343","CLOSD","11237 Kings Pond Drive, New Kent VA 23140","23140","New Kent","Single Family Residence","11/09/2022","$499,128","$538,579","2","New (never occupied)","2021","Brickshire","2,421","0.78","3","2.0","Public Water","Sewer - Public","Conventional","Corporate"
"1001","2220478","722-71-96-91-500-000","CLOSD","14140 Netherfield Drive, Chesterfield VA 23113","23113","Chesterfield","Single Family Residence","11/09/2022","$710,000","$710,000","85","Resale (occupied at least once)","1972","Salisbury","4,283","1.59","5","3.2","Public Water","Septic - Conventional","Cash","Individuals"
"1001","2205214","58-54-3-87-0","CLOSD","9322 Citrine Run, Goochland VA 23238","23238","Goochland","Townhouse","11/09/2022","$495,090","$493,490","27","New (never occupied)","2022","Mosaic at West Creek","1,949","","3","2.1","Public Water","Sewer - Public","Cash","Corporate"
"1001","2223652","753-737-0728","CLOSD","7 Bridgehampton Place, Henrico VA 23229","23229","Henrico","Single Family Residence","11/09/2022","$575,000","$575,000","6","Resale (occupied at least once)","1985","Yorkshire","2,895","0.59","4","3.1","Public Water","Sewer - Public","Conventional","Individuals"
"1001","2228590","E000-1763-037","CLOSD","3510 East Richmond Road #UnitU30, Richmond City VA 23223","23223","Richmond City","Condominium","11/09/2022","$100,000","$85,000","10","Resale (occupied at least once)","1966","Villas Of Oakwood South","560","0.01","1","1.0","Public Water","Sewer - Public","Cash","Corporate, Individuals"
"1001","2228473","754-751-0329","CLOSD","2209 Vandover Road, Henrico VA 23229","23229","Henrico","Single Family Residence","11/09/2022","$339,500","$360,500","2","Resale (occupied at least once)","1959","Roxbury","1,508","0.26","3","2.0","Public Water","Sewer - Public","Cash","Individuals"
"1001","2228338","C001-0550-016","CLOSD","8913 Old Holly Road, Richmond City VA 23235","23235","Richmond City","Single Family Residence","11/09/2022","$459,990","$469,350","6","Resale (occupied at least once)","1959","Southampton","2,632","0.69","4","3.0","Public Water","Sewer - Public","Cash","Individuals"
"1001","2227965","725-68-91-13-500-000","CLOSD","2607 Whispering Oaks Court, Chesterfield VA 23112","23112","Chesterfield","Single Family Residence","11/09/2022","$385,000","$417,500","5","Resale (occupied at least once)","1981","Brandermill","2,114","0.28","4","2.1","Public Water","Sewer - Public","Conventional","Individuals"
"1001","2227661","763680088700000","CLOSD","7600 Bakers Hill Road, Chesterfield VA 23832","23832","Chesterfield","Single Family Residence","11/09/2022","$349,000","$336,000","5","Resale (occupied at least once)","1989","Five Forks Village","2,353","0.32","4","2.1","Public Water","Sewer - Public","Cash","Individuals"
"1001","2227536","S000-0547-005","CLOSD","2010 Fairfax Avenue, Richmond City VA 23224","23224","Richmond City","Single Family Residence","11/09/2022","$339,950","$340,000","12","New (never occupied)","2022","Mason Park","1,584","0.11","3","2.1","Public Water","Sewer - Public","Conventional","Corporate"
"1001","2227251","800-708-9514","CLOSD","5909 New Osborne Turnpike, Henrico VA 23231","23231","Henrico","Single Family Residence","11/09/2022","$399,950","$400,000","4","Resale (occupied at least once)","1928","Acreage","1,747","1.00","3","2.1","Public Water","Sewer - Public","Cash","Corporate"
"1001","2227204","799-63-62-86-800-000","CLOSD","15811 Tinsberry Place, Chesterfield VA 23834","23834","Chesterfield","Single Family Residence","11/09/2022","$299,900","$283,200","8","Resale (occupied at least once)","1978","Tinsberry Trace","1,788","0.20","3","2.1","Public Water","Sewer - Public","Cash","Individuals"
"1001","2227107","777-65-79-51-200-000","CLOSD","11207 Arbor Green Drive, Chesterfield VA 23831","23831","Chesterfield","Single Family Residence","11/09/2022","$365,000","$365,000","3","Resale (occupied at least once)","1994","Arbor Landing","2,172","0.40","4","3.0","Public Water","Sewer - Public","Conventional","Individuals"
"1001","2226969","779-745-0318","CLOSD","5505 Willis Lane, Henrico VA 23228","23228","Henrico","Single Family Residence","11/09/2022","$324,999","$315,000","4","Resale (occupied at least once)","1950","None","1,728","0.20","3","1.1","Public Water","Sewer - Public","Conventional","Other"
"1001","2226465","775-68-50-67-000-000","CLOSD","5308 West Garthdale Road, Chesterfield VA 23234","23234","Chesterfield","Single Family Residence","11/09/2022","$265,000","$265,000","6","Resale (occupied at least once)","1959","Rock Spring Farms","1,596","0.54","3","2.0","Public Water","Sewer - Public","VA New","Individuals"
"1001","2226407","758-766-8609","CLOSD","9204 Timbers Edge Court, Henrico VA 23060","23060","Henrico","Single Family Residence","11/09/2022","$399,000","$396,000","5","Resale (occupied at least once)","1988","The Timbers","1,980","0.32","3","2.0","Public Water","Sewer - Public","FHA New","Estate"
"1001","2226248","E000-0252-021","CLOSD","526 North 21st Street, Richmond City VA 23223","23223","Richmond City","Single Family Residence","11/09/2022","$349,950","$349,950","0","Resale (occupied at least once)","1900","East End","1,804","0.06","2","2.0","Public Water","Sewer - Public","Cash","Individuals"
"1001","2226099","761-69-99-66-900-000","CLOSD","1615 Lancashire Drive, Chesterfield VA 23235","23235","Chesterfield","Single Family Residence","11/09/2022","$349,000","$365,000","7","Resale (occupied at least once)","1974","Surreywood","2,192","0.34","4","2.1","Public Water","Sewer - Public","Conventional","Individuals"
"1001","2225958","751-761-3732","CLOSD","10820 Hinton Court, Henrico VA 23060","23060","Henrico","Single Family Residence","11/09/2022","$450,000","$450,000","4","Resale (occupied at least once)","1997","Lexington","2,076","0.26","4","2.1","Public Water","Sewer - Public","Conventional","Individuals"
"1001","2225889","743-733-2660","CLOSD","9310 South Mooreland Road, Henrico VA 23229","23229","Henrico","Single Family Residence","11/09/2022","$1,199,000","$1,260,000","5","Resale (occupied at least once)","1979","Dorset Woods South","4,270","0.57","5","3.1","Public Water","Sewer - Public","Conventional","Individuals"
"1001","2225713","14-3-0-7-0","CLOSD","4776 Fox Lair Road, Goochland VA 23065","23065","Goochland","Single Family Residence","11/09/2022","$385,000","$370,000","5","Resale (occupied at least once)","1986","Tally Ho Estates","1,500","3.22","3","2.0","Well","Septic - Conventional","Cash","Individuals"
"1001","2225689","721-68-51-33-100-000","CLOSD","14507 Sailview Court, Chesterfield VA 23112","23112","Chesterfield","Single Family Residence","11/09/2022","$995,000","$995,000","11","Resale (occupied at least once)","1999","Waterviews At The Reservoir","4,285","0.81","5","4.1","Public Water","Sewer - Public","Conventional","Individuals"
"1001","2221345","66-1-0-6-0","CLOSD","287 Flag Station Road, Goochland VA 23238","23238","Goochland","Single Family Residence","11/09/2022","$2,500,000","$2,198,000","17","Resale (occupied at least once)","1770","None","5,300","6.14","5","4.1","Well","Septic - Conventional","Cash","Individuals"
"1001","2218077","N000-0077-006","CLOSD","11 West Clay Street, Richmond City VA 23220","23220","Richmond City","Single Family Residence","11/09/2022","$330,000","$350,000","9","Resale (occupied at least once)","1885","None","3,046","0.10","4","2.0","Public Water","None","Conventional","Estate"
"1001","2209574","7796-53-6592","CLOSD","9348 Janeway Drive, Hanover VA 23116","23116","Hanover","Single Family Residence","11/09/2022","$637,035","$637,035","0","New (never occupied)","2022","Giles Farm","3,656","","5","4.0","Public Water","Sewer - Public","Conventional","Corporate"
"1001","2213173","6744","CLOSD","8350 Piper Drive, New Kent VA 23011","23011","New Kent","Single Family Residence","11/10/2022","$354,900","$369,000","130","New (never occupied)","2022","Browns","1,470","1.50","3","2.0","Well","Septic - Conventional","VA New","Other"
"1001","2226138","754-68-43-59-900-000","CLOSD","4500 Wind Place, Chesterfield VA 23236","23236","Chesterfield","Single Family Residence","11/10/2022","$329,950","$319,000","15","Resale (occupied at least once)","1991","Fernbrook","1,550","0.58","4","2.0","Public Water","Sewer - Public","FHA New","Individuals"
"1001","2224806","E000-0470-039","CLOSD","2315 Carrington Street, Richmond City VA 23223","23223","Richmond City","Single Family Residence","11/10/2022","$415,000","$425,000","4","Resale (occupied at least once)","1910","None","1,779","0.05","3","2.1","Public Water","Sewer - Public","Conventional","Individuals"
"1001","2225884","791-67-98-40-500-000","CLOSD","2565 Alcott Road, Chesterfield VA 23237","23237","Chesterfield","Single Family Residence","11/10/2022","$249,900","$250,000","4","Resale (occupied at least once)","1977","Patterson Park Resub","1,161","0.25","3","1.1","Public Water","Sewer - Public","FHA New","Other"
"1001","2220139","7820-02-2048","CLOSD","16505 Saint Peters Church Road, Hanover VA 23192","23192","Hanover","Single Family Residence","11/10/2022","$1,475,000","$1,465,560","39","Resale (occupied at least once)","1973","None","8,367","21.93","5","4.1","Well","Septic - Conventional","Conventional","Individuals"
"1001","2226766","8724-33-1426","CLOSD","6348 Lereve Circle, Hanover VA 23111","23111","Hanover","Single Family Residence","11/10/2022","$335,000","$335,000","4","Resale (occupied at least once)","1986","Lereve Manor","2,222","0.68","4","2.1","Public Water","Sewer - Public","Conventional","Individuals"
"1001","2224625","742-739-7690","CLOSD","9717 Colony Bluff Drive, Henrico VA 23238","23238","Henrico","Single Family Residence","11/10/2022","$824,900","$925,000","6","Resale (occupied at least once)","1996","Weston","5,510","0.56","4","3.2","Public Water","Sewer - Public","Cash","Individuals"
"1001","2224631","M11-1018-1518","CLOSD","6100 Bushnell Drive, New Kent VA 23124","23124","New Kent","Single Family Residence","11/10/2022","$525,000","$525,000","9","Resale (occupied at least once)","2020","Rochambeau Estates","3,350","","4","3.1","Public Water","Septic - Conventional","Conventional","Individuals"
"1001","2220844","727-69-04-21-500-000","CLOSD","2406 Crosstimbers Place, Chesterfield VA 23112","23112","Chesterfield","Single Family Residence","11/10/2022","$325,000","$325,000","10","Resale (occupied at least once)","1989","Crosstimbers","1,608","0.23","4","2.1","Public Water","Sewer - Public","Conventional","Individuals"
"1001","2226525","8745-39-6117","CLOSD","8711 Beatties Mill Road, Hanover VA 23111","23111","Hanover","Single Family Residence","11/10/2022","$424,900","$420,000","6","Resale (occupied at least once)","1975","None","4,238","0.73","5","3.1","Well","Septic - Conventional","VA New","Corporate"
"1001","2223678","6798-68-1140","CLOSD","11402 Whispering Pines Court, Hanover VA 23146","23146","Hanover","Single Family Residence","11/10/2022","$470,000","$462,500","24","Resale (occupied at least once)","1992","Pembroke","2,363","2.00","3","2.1","Well","Septic - Conventional","Conventional","Individuals"
"1001","2224093","780-68-48-79-200-000","CLOSD","4219 Briarwood Drive, Chesterfield VA 23234","23234","Chesterfield","Single Family Residence","11/10/2022","$225,000","$200,000","21","Resale (occupied at least once)","1957","Chesterwood","1,084","0.34","3","1.0","Public Water","Sewer - Public","Conventional","Individuals"
"1001","2221740","762-68-48-74-800-000","CLOSD","5010 Tulip Oak Road, Chesterfield VA 23832","23832","Chesterfield","Single Family Residence","11/10/2022","$309,900","$305,500","30","Resale (occupied at least once)","1989","Pennwood","1,713","0.92","3","2.1","Public Water","Sewer - Public","FHA New","Individuals"
"1001","2212241","825660345700000","CLOSD","1600 Almer Court, Chesterfield VA 23836","23836","Chesterfield","Single Family Residence","11/10/2022","$544,625","$544,625","0","New (never occupied)","2022","The Landings at Meadowville","3,082","","5","3.0","Public Water","Sewer - Public","Conventional","Corporate"
"1001","2214309","7822-87-7729","CLOSD","16070 Geese Lake Lane, Hanover VA 23192","23192","Hanover","Single Family Residence","11/10/2022","$397,500","$397,500","117","New (never occupied)","2022","None","1,784","1.00","3","2.1","Well","Septic - Conventional","USDA","Corporate"
"1001","2226387","37-164","CLOSD","10300 Kimages Road, Charles City County VA 23030","23030","Charles City County","Single Family Residence","11/10/2022","$135,000","$148,000","2","Resale (occupied at least once)","1951","None","940","1.00","3","1.0","Public Water","Septic - Conventional","Conventional","Estate"
"1001","2214536","J13-2013-4578","CLOSD","8083 West Danube Loop, New Kent VA 23124","23124","New Kent","Single Family Residence","11/10/2022","$382,065","$382,065","0","New (never occupied)","2022","Lifestyle at Four Seasons","1,533","","3","2.0","Public Water","Sewer - Public","VA New","Corporate"
"1001","2203867","Hickory Hill","CLOSD","9649 Seven Sisters Drive, Hanover VA 23005","23005","Hanover","Single Family Residence","11/10/2022","$740,460","$781,566","0","New (never occupied)","2022","Hickory Hill","3,234","1.00","4","3.1","Well","Septic - Conventional","Conventional","Corporate, Individuals"
"1001","2100507","7860-99-4929","CLOSD","13800 Independence Road, Hanover VA 23005","23005","Hanover","Single Family Residence","11/10/2022","$677,572","$709,145","390","New (never occupied)","2021","None","2,572","10.00","4","2.1","Well","Septic - Conventional","Conventional","Other"
"1001","2132629","713-67-14-03-500-000","CLOSD","7009 Leire Drive, Chesterfield VA 23832","23832","Chesterfield","Townhouse","11/10/2022","$486,275","$514,849","8","New (never occupied)","2022","Cosby Village Townhomes","2,385","","3","3.0","Public Water","Sewer - Public","Conventional","Corporate"
"1001","2227180","052D-1-24","CLOSD","2731 Winterbrook Court, Powhatan VA 23139","23139","Powhatan","Single Family Residence","11/10/2022","$325,000","$312,000","7","Resale (occupied at least once)","1999","Winterbrook","1,206","2.00","3","2.0","Well","Septic - Conventional","Conventional","Individuals"
"1001","2226708","772-763-4753","CLOSD","2509 Winston Court, Henrico VA 23060","23060","Henrico","Single Family Residence","11/10/2022","$289,000","$295,000","2","Resale (occupied at least once)","1988","Winston Court","1,200","0.25","3","2.0","Public Water","Sewer - Public","Conventional","Estate"
"1001","2228671","735-749-2301","CLOSD","1991 Airy Circle, Henrico VA 23238","23238","Henrico","Townhouse","11/10/2022","$239,950","$245,000","5","Resale (occupied at least once)","1987","Knollingwood","1,172","0.04","2","1.1","Public Water","Sewer - Public","Conventional","Individuals"
"1001","2226101","734-71-11-02-400-000","CLOSD","12513 Sandbag Road, Chesterfield VA 23113","23113","Chesterfield","Single Family Residence","11/10/2022","$349,000","$350,000","6","Resale (occupied at least once)","1979","Old Buckingham Forest","1,960","0.33","4","2.1","Public Water","Sewer - Public","Conventional","Individuals"
"1001","2225119","733-762-4551","CLOSD","12104 Glastonbury Place, Henrico VA 23233","23233","Henrico","Single Family Residence","11/10/2022","$750,000","$712,000","4","Resale (occupied at least once)","2000","Sedgemoor Oaks","3,794","0.25","4","3.2","Public Water","Sewer - Public","Conventional","Individuals"
"1001","2211627","7796-77-3301","CLOSD","9282 Marl Ridge Lane, Hanover VA 23116","23116","Hanover","Townhouse","11/10/2022","$429,225","$439,070","0","New (never occupied)","2022","Giles Farm","2,090","","3","2.1","Public Water","Sewer - Public","Conventional","Corporate"
"1001","2225297","796-65-91-54-800-000","CLOSD","11624 Hillside Road, Chesterfield VA 23831","23831","Chesterfield","Single Family Residence","11/10/2022","$319,000","$312,500","33","Resale (occupied at least once)","2007","Holly Trail","1,580","0.42","3","2.0","Public Water","Sewer - Public","Cash","Individuals"
"1001","2204159","756-69-11-31-200-000","CLOSD","8807 Rams Crossing Place, Chesterfield VA 23236","23236","Chesterfield","Single Family Residence","11/10/2022","$524,950","$613,323","0","New (never occupied)","2022","Bexley East","2,793","","4","3.0","Public Water","Sewer - Public","Conventional","Corporate"
"1001","2221823","C001-1100-034","CLOSD","3122 Lake Village Drive #Unit35, Richmond City VA 23235","23235","Richmond City","Condominium","11/10/2022","$215,000","$215,000","41","Resale (occupied at least once)","1987","Summerhill At Stony Point Condo","1,030","0.03","2","2.0","Public Water","Sewer - Public","Conventional","Individuals"
"1001","2227924","813-701-0408","CLOSD","3405 New Pasture Court, Henrico VA 23231","23231","Henrico","Townhouse","11/10/2022","$280,000","$285,000","2","Resale (occupied at least once)","2019","New Market Village","1,630","0.06","3","2.1","Public Water","Sewer - Public","FHA New","Individuals"
"1001","2228792","774-68-76-90-500-000","CLOSD","5208 Pineland Court, Chesterfield VA 23234","23234","Chesterfield","Single Family Residence","11/10/2022","$107,000","$107,000","0","Resale (occupied at least once)","1966","Trampling Farms","2,100","0.30","3","1.2","Public Water","Sewer - Public","Cash","Individuals"
"1001","2228119","777-64-27-08-500-000","CLOSD","6600 Elvas Lane, Chesterfield VA 23838","23838","Chesterfield","Single Family Residence","11/10/2022","$435,000","$435,000","13","Resale (occupied at least once)","1994","Matoax Hundred","2,328","1.02","3","2.1","Public Water","Septic - Conventional","Conventional","Individuals"
"1001","2228100","740-744-1170","CLOSD","1514 Harborough Road, Henrico VA 23238","23238","Henrico","Single Family Residence","11/10/2022","$575,000","$610,000","2","Resale (occupied at least once)","1973","Kingsley","3,122","0.49","5","3.0","Public Water","Sewer - Public","Conventional","Individuals"
"1001","2228052","774-744-2542","CLOSD","3113 Manor Circle, Henrico VA 23230","23230","Henrico","Single Family Residence","11/10/2022","$225,000","$235,500","3","Resale (occupied at least once)","1959","Lakeview Manor","2,688","0.22","4","3.0","Public Water","Sewer - Public","Cash","Corporate, Individuals"
"1001","2227867","779-743-8480","CLOSD","2410 Kenmore Road, Henrico VA 23228","23228","Henrico","Single Family Residence","11/10/2022","$339,950","$368,950","6","Resale (occupied at least once)","1946","Bryan Parkway","1,490","0.15","3","2.0","Public Water","Sewer - Public","Cash","Individuals"
"1001","2227696","8725-06-9707","CLOSD","6524 Legacy Park Drive, Hanover VA 23111","23111","Hanover","Single Family Residence","11/10/2022","$324,900","$349,000","4","Resale (occupied at least once)","2003","Legacy Park","1,556","0.19","2","2.0","Public Water","Sewer - Public","Conventional","Individuals"
"1001","2227629","8724-07-9196","CLOSD","7354 Wren Way, Hanover VA 23111","23111","Hanover","Single Family Residence","11/10/2022","$289,950","$292,500","6","Resale (occupied at least once)","1962","Brandy Creek Estates","1,733","0.47","4","3.0","Public Water","Sewer - Public","Conventional","Individuals"
"1001","2227552","744-751-8875","CLOSD","2204 Rocky Point Pkwy, Henrico VA 23238","23238","Henrico","Townhouse","11/10/2022","$247,000","$267,000","3","Resale (occupied at least once)","1981","Stony Run","1,397","0.09","3","2.0","Public Water","Sewer - Public","FHA New","Individuals"
"1001","2227510","757-69-85-56-700-000","CLOSD","1517 Rayburn Road, Chesterfield VA 23235","23235","Chesterfield","Single Family Residence","11/10/2022","$200,000","$210,500","2","Resale (occupied at least once)","1979","Pocoshock","960","0.23","3","1.0","Public Water","Sewer - Public","Conventional","Individuals"
"1001","2227431","795-61-73-59-400-000","CLOSD","3309 Julep Drive, Chesterfield VA 23834","23834","Chesterfield","Single Family Residence","11/10/2022","$240,000","$236,000","2","Resale (occupied at least once)","1981","Colonial Pine Estates","1,290","0.25","3","1.1","Public Water","Sewer - Public","FHA New","Individuals"
"1001","2227364","757-762-5253","CLOSD","9237 Emmett Road, Henrico VA 23060","23060","Henrico","Single Family Residence","11/10/2022","$374,950","$380,000","3","Resale (occupied at least once)","1987","Broad Meadows","1,824","0.19","3","2.1","Public Water","Sewer - Public","Conventional","Individuals"
"1001","2227363","762-64-51-45-100-000","CLOSD","12136 Glen Kilchurn Drive, Chesterfield VA 23838","23838","Chesterfield","Single Family Residence","11/10/2022","$495,000","$518,000","4","Resale (occupied at least once)","1999","The Highlands","3,177","1.49","4","3.1","Public Water","Septic - Conventional","Conventional","Individuals"
"1001","2226931","771-770-6776","CLOSD","11081 Old Washington Highway, Henrico VA 23060","23060","Henrico","Single Family Residence","11/10/2022","$535,000","$540,000","6","Resale (occupied at least once)","2009","None","2,584","3.73","4","2.1","Public Water","Sewer - Public","Conventional","Individuals"
"1001","2226924","738-69-53-09-900-000","CLOSD","1401 Porters Mill Terrace, Chesterfield VA 23114","23114","Chesterfield","Single Family Residence","11/10/2022","$285,000","$290,000","4","Resale (occupied at least once)","1986","Smoketree South","1,164","0.23","3","2.0","Public Water","Sewer - Public","Conventional","Individuals"
"1001","2226836","744-69-17-24-100-000","CLOSD","2301 Sleepy Hill Road, Chesterfield VA 23236","23236","Chesterfield","Single Family Residence","11/10/2022","$275,000","$291,000","3","Resale (occupied at least once)","1990","Brandon","2,371","0.80","4","2.1","Public Water","Sewer - Public","Conventional","Individuals"
"1001","2226755","791-66-29-33-800-000","CLOSD","10918 Belvoir Road, Chesterfield VA 23831","23831","Chesterfield","Single Family Residence","11/10/2022","$295,000","$307,000","2","Resale (occupied at least once)","1990","Carrisbrook At Mineola","1,576","0.27","3","2.1","Public Water","Sewer - Public","Cash","Individuals"
"1001","2226751","8706-72-3730","CLOSD","8242 Washburn Court, Hanover VA 23116","23116","Hanover","Single Family Residence","11/10/2022","$600,000","$585,000","16","Resale (occupied at least once)","2018","Garrison Manor","3,088","0.32","4","3.0","Public Water","Sewer - Public","Cash","Individuals"
"1001","2226739","34A  3 3   8","CLOSD","7025 Oakfork Loop, New Kent VA 23124","23124","New Kent","Single Family Residence","11/10/2022","$369,900","$375,000","6","Resale (occupied at least once)","2018","The Oaks","2,140","0.46","4","2.1","Public Water","Sewer - Public","Conventional","Individuals"
"1001","2226675","762-68-35-56-700-000","CLOSD","7505 Brightridge Road, Chesterfield VA 23832","23832","Chesterfield","Single Family Residence","11/10/2022","$290,000","$300,000","4","Resale (occupied at least once)","1989","Glen Wood","1,574","0.45","4","2.0","Public Water","Sewer - Public","VA New","Individuals"
"1001","2226651","N000-1060-005","CLOSD","3112 1st Avenue, Richmond City VA 23222","23222","Richmond City","Single Family Residence","11/10/2022","$350,000","$350,000","5","Resale (occupied at least once)","1913","Highland Park","2,144","0.17","4","2.1","Public Water","Sewer - Public","Conventional","Individuals"
"1001","2226611","734-757-9638","CLOSD","12029 Bexley Court, Henrico VA 23233","23233","Henrico","Townhouse","11/10/2022","$345,000","$335,000","9","Resale (occupied at least once)","1990","Worthington Hills","1,565","0.09","2","2.0","Public Water","Sewer - Public","Cash","Individuals"
"1001","2226603","784686859500000","CLOSD","3515 Oregon Oak Drive, Chesterfield VA 23234","23234","Chesterfield","Single Family Residence","11/10/2022","$424,995","$445,000","3","New (never occupied)","2022","Meadow Oaks","2,944","0.57","4","3.1","Public Water","Sewer - Public","Cash","Corporate"
"1001","2226585","8717-34-9743","CLOSD","10249 Korona Drive, Hanover VA 23116","23116","Hanover","Single Family Residence","11/10/2022","$389,500","$370,000","7","Resale (occupied at least once)","1974","Colonial Forest","2,190","0.98","3","2.1","Community Well, Public Water","Septic - Conventional","Conventional","Individuals"
"1001","2226510","757-69-42-78-800-000","CLOSD","8519 Foxberry Drive, Chesterfield VA 23235","23235","Chesterfield","Single Family Residence","11/10/2022","$290,000","$270,000","18","Resale (occupied at least once)","1984","Foxberry","1,608","0.23","4","2.0","Public Water","Sewer - Public","Cash","Individuals"
"1001","2226253","8718-40-7624","CLOSD","11028 Swayback Lane, Hanover VA 23116","23116","Hanover","Single Family Residence","11/10/2022","$489,000","$475,000","16","Resale (occupied at least once)","1978","Georgetown","2,408","0.93","4","2.1","Public Water","Septic - Conventional","Conventional","Corporate"
"1001","2226176","729-68-72-46-900-000","CLOSD","13603 Steeple Chase Road, Chesterfield VA 23112","23112","Chesterfield","Single Family Residence","11/10/2022","$314,950","$320,000","6","Resale (occupied at least once)","1978","Brandermill","1,392","0.24","3","2.0","Public Water","Sewer - Public","Cash","Individuals"
"1001","2226043","019B-1-6","CLOSD","3070 St Marys Way, Powhatan VA 23139","23139","Powhatan","Single Family Residence","11/10/2022","$798,000","$780,000","6","Resale (occupied at least once)","1991","St. Marys","4,328","2.75","4","4.2","Well","Septic - Conventional","Conventional","Individuals"
"1001","2226029","28-5-B-4","CLOSD","12778 Tylers Ridge Court, Charles City County VA 23140","23140","Charles City County","Single Family Residence","11/10/2022","$299,000","$282,000","3","Resale (occupied at least once)","2005","None","1,421","3.70","3","2.0","Well","Septic - Conventional","Conventional","Individuals"
"1001","2225454","726-72-62-52-700-000","CLOSD","3612 Lenox Forest Drive, Chesterfield VA 23113","23113","Chesterfield","Single Family Residence","11/10/2022","$605,000","$605,000","14","Resale (occupied at least once)","2002","Lenox Forest","3,326","0.73","4","3.1","Public Water","Sewer - Public","Conventional","Individuals"
"1001","2225423","7627745118.174","CLOSD","324 Siena, Henrico VA 23059","23059","Henrico","Condominium","11/10/2022","$395,000","$395,000","12","Resale (occupied at least once)","2013","The Villas At Hunton Park","2,199","0.05","3","2.2","Public Water","Sewer - Public","Conventional","Individuals"
"1001","2225411","765-69-94-48-500-000","CLOSD","2007 Buggy Drive, Chesterfield VA 23225","23225","Chesterfield","Single Family Residence","11/10/2022","$259,000","$268,520","4","Resale (occupied at least once)","2001","Andersons Forge","1,316","0.22","3","2.0","Public Water","Sewer - Public","FHA New","Individuals"
"1001","2225291","061-27 and 061-10","CLOSD","377 Clayville Road, Powhatan VA 23139","23139","Powhatan","Single Family Residence","11/10/2022","$1,499,950","$1,050,000","7","Resale (occupied at least once)","1981","None","1,566","161.00","3","2.0","Well","Septic - Conventional","Conventional","Individuals"
"1001","2225253","41         7D","CLOSD","8010 Long Reach Road, New Kent VA 23140","23140","New Kent","Single Family Residence","11/10/2022","$749,000","$722,000","24","Resale (occupied at least once)","2017","None","3,722","15.13","4","3.1","Well","Septic - Conventional","Conventional","Individuals"
"1001","2224738","W022-0104-002","CLOSD","102 Windsor Way, Richmond City VA 23221","23221","Richmond City","Single Family Residence","11/10/2022","$1,500,000","$1,811,000","4","Resale (occupied at least once)","1948","Windsor Farms","4,084","0.46","4","3.1","Public Water","Sewer - Public","Conventional","Individuals"
"1001","2224616","21-9-0-17-0","CLOSD","2760 Hill House Lane, Goochland VA 23153","23153","Goochland","Single Family Residence","11/10/2022","$489,000","$470,000","38","Resale (occupied at least once)","1995","High Grove","2,554","3.06","4","2.1","Well","Septic - Conventional","Conventional","Individuals"
"1001","2224109","729-64-96-82-200-000","CLOSD","11912 Carters Creek Drive, Chesterfield VA 23838","23838","Chesterfield","Single Family Residence","11/10/2022","$470,000","$475,000","13","Resale (occupied at least once)","2002","Carters Mill","3,098","0.73","5","3.1","Public Water","Septic - Conventional","Conventional","Individuals"
"1001","2223711","754-736-4749","CLOSD","221 Melwood Lane, Henrico VA 23229","23229","Henrico","Single Family Residence","11/10/2022","$574,900","$629,005","6","Resale (occupied at least once)","1957","Roslyn Hills","2,400","0.42","4","2.0","Public Water","Sewer - Public","Conventional","Individuals"
"1001","2223153","33B8 3DD  25","CLOSD","5881 Chaucer Drive, New Kent VA 23140","23140","New Kent","Single Family Residence","11/10/2022","$799,950","$752,500","43","Resale (occupied at least once)","2003","Brickshire","6,300","1.14","4","5.2","Public Water","Sewer - Public","Conventional","Individuals"
"1001","2222172","741-69-07-31-100-000","CLOSD","11921 Chislet Mews, Chesterfield VA 23112","23112","Chesterfield","Single Family Residence","11/10/2022","$385,000","$375,000","63","Resale (occupied at least once)","2012","Walnut Grove","2,110","0.33","4","2.1","Public Water","Sewer - Public","Conventional","Individuals"
"1001","2222152","C004-0544-020","CLOSD","2956 Hathaway Road #UnitU208, Richmond City VA 23225","23225","Richmond City","Condominium","11/10/2022","$299,900","$290,000","56","Resale (occupied at least once)","1972","Hathaway Tower Condominiums","1,480","4.02","2","2.0","Public Water","Sewer - Public","Conventional","Individuals"
"1001","2221751","22A10 1 1  30","CLOSD","8418 East Lord Botetourt Loop, New Kent VA 23124","23124","New Kent","Single Family Residence","11/10/2022","$430,000","$430,000","3","Resale (occupied at least once)","2017","Four Seasons At New Kent","2,638","0.18","3","2.0","Public Water","Sewer - Public","Cash","Individuals"
"1001","2220826","744-733-4415","CLOSD","404 South Mooreland Road, Henrico VA 23229","23229","Henrico","Single Family Residence","11/10/2022","$2,195,000","$2,235,000","19","Resale (occupied at least once)","1962","Mooreland Farms","7,966","1.25","5","6.1","Public Water","Septic - Conventional","Conventional","Individuals"
"1001","2219557","772-735-5697.042","CLOSD","5100 Monument Avenue #Unit408, Henrico VA 23230","23230","Henrico","Condominium","11/10/2022","$289,500","$280,000","86","Resale (occupied at least once)","1961","5100 Monument","1,585","0.03","3","2.0","Public Water","Sewer - Public","Conventional","Estate, Individuals"
"1001","2219060","787-754-0744","CLOSD","7615 Edgewood Avenue, Henrico VA 23227","23227","Henrico","Single Family Residence","11/10/2022","$249,950","$237,000","50","Resale (occupied at least once)","1954","Brookside Gardens","2,266","0.32","3","1.1","Public Water","Sewer - Public","Cash","Individuals"
"1001","2218761","W000-0806-077","CLOSD","1838 Idlewood Avenue, Richmond City VA 23220","23220","Richmond City","Single Family Residence","11/10/2022","$349,000","$340,000","100","Resale (occupied at least once)","1924","Maple Rose Garden","1,280","0.07","3","2.0","Public Water","Sewer - Public","Conventional","Individuals"
"1001","2216258","W000-1291-004","CLOSD","2825 West Grace Street, Richmond City VA 23221","23221","Richmond City","Single Family Residence","11/10/2022","$379,900","$365,865","137","Resale (occupied at least once)","1917","None","1,710","0.05","4","2.0","Public Water","Sewer - Public","Cash","Corporate"
"1001","2215980","750-70-47-05-600-000","CLOSD","25 Goodward Road, Chesterfield VA 23236","23236","Chesterfield","Single Family Residence","11/10/2022","$389,950","$375,000","88","Resale (occupied at least once)","1968","Shenandoah","3,726","0.38","4","3.1","Public Water","Sewer - Public","Conventional","Individuals"
"1001","2210208","8706-58-8115","CLOSD","9220 Crowell Street, Hanover VA 23116","23116","Hanover","Single Family Residence","11/10/2022","$549,480","$549,480","0","New (never occupied)","2022","Rutland","2,653","","4","3.0","Public Water","Sewer - Public","Conventional","Corporate"
"1001","2208590","Not Yet Assigned","CLOSD","18107 Jones Run Trail, Chesterfield VA 23120","23120","Chesterfield","Single Family Residence","11/10/2022","$541,835","$541,835","0","New (never occupied)","2022","Magnolia Green","2,473","","4","3.0","Public Water","Sewer - Public","Conventional","Corporate"
"1001","2203887","7779-37-2550","CLOSD","11219 Kenton Ridge Road, Hanover VA 23005","23005","Hanover","Single Family Residence","11/10/2022","$618,350","$633,639","0","New (never occupied)","2022","Lankfords Crossing","2,336","0.46","3","2.1","Public Water","Sewer - Public","Conventional","Corporate"
"1001","2201149","775-65-64-92-300-000","CLOSD","11356 Benton Pointe Way, Chesterfield VA 23831","23831","Chesterfield","Townhouse","11/10/2022","$328,950","$346,113","0","New (never occupied)","2022","IronBridge Townhomes","1,513","","3","2.1","Public Water","Sewer - Public","Conventional","Corporate"
"1001","2133579","715-69-48-99-800-000","CLOSD","2306 Adelay Drive, Chesterfield VA 23112","23112","Chesterfield","Single Family Residence","11/10/2022","$693,026","$808,155","2","New (never occupied)","2021","Newmarket","3,300","0.31","4","4.1","Public Water","Sewer - Public","Conventional","Corporate"
"1001","BRTVACF2000310","793637633800000","CLOSD","3948 Treely Road, Chesterfield VA 23831","23831","Chesterfield","Single Family Residence","11/10/2022","$254,900","$255,000","16","Resale (occupied at least once)","1966","NONE AVAILABLE","1,100","0.00","3","2.0","Public Water","","",""
"1001","BRTVANK2000020","33/B8 3/DD 25","CLOSD","5881 Chaucer Drive, New Kent VA 23140","23140","New Kent","Single Family Residence","11/10/2022","$799,950","$752,500","46","Resale (occupied at least once)","2003","BRICKSHIRE","6,718","1.14","4","8.0","Public Water","Public Sewer On Site, Septic - Shared","",""
"1001","REIN10453770","10570","CLOSD","5881 Chaucer Drive, New Kent VA 23140","23140","New Kent","Single Family Residence","11/10/2022","$799,950","$752,500","42","Resale (occupied at least once)","2003","BRICKSHIRE","6,300","1.14","4","7.0","Public Water","Public Sewer On Site","",""
"1001","REIN10453780","33B7 731","CLOSD","5706 Hogan Bridge Drive, New Kent VA 23140","23140","New Kent","Single Family Residence","11/10/2022","$379,900","$379,900","66","Resale (occupied at least once)","2009","ALL OTHERS AREA 140","2,344","","4","3.0","Public Water","Public Sewer On Site","",""
"1001","BRTVARC2000190","S0000485024","CLOSD","2213 Bainbridge Street, Richmond City VA 23225","23225","Richmond City","Single Family Residence","11/11/2022","$219,900","$190,000","56","Resale (occupied at least once)","1954","NONE AVAILABLE","1,440","0.19","3","1.0","Public Water","Public Sewer On Site","",""
"1001","2226509","50-9-2","CLOSD","10789 Harrison Lake Dr., Charles City County VA 23030","23030","Charles City County","Single Family Residence","11/11/2022","$250,000","$260,000","5","New (never occupied)","2022","None","1,218","1.09","3","2.0","Well","Septic - Conventional","VA New","Other"
"1001","2226713","790-61-53-72-200-000","CLOSD","20307 Stonewood Manor Drive, Chesterfield VA 23803","23803","Chesterfield","Single Family Residence","11/11/2022","$237,500","$230,000","10","Resale (occupied at least once)","2003","Stonewood Manor","1,120","0.39","3","2.0","Public Water","Sewer - Public","FHA New Assumption","Individuals"
"1001","2227544","761-759-0536","CLOSD","4109 North Lakefront Drive, Henrico VA 23294","23294","Henrico","Single Family Residence","11/11/2022","$365,000","$365,000","3","Resale (occupied at least once)","1961","West End Manor","2,068","0.39","3","1.1","Public Water","Sewer - Public","Conventional","Individuals"
"1001","2227255","8714-66-8683","CLOSD","7932 Meadow Drive, Hanover VA 23111","23111","Hanover","Single Family Residence","11/11/2022","$400,000","$397,000","4","Resale (occupied at least once)","1969","Spring Meadows","2,550","0.37","3","3.0","Community Well","Septic - Conventional","Conventional","Individuals"
"1001","2228608","W021-0283-011","CLOSD","5911 Fergusson Road, Richmond City VA 23226","23226","Richmond City","Single Family Residence","11/11/2022","$399,950","$430,000","2","Resale (occupied at least once)","1939","Club View","1,441","0.18","3","1.0","Public Water","Sewer - Public","Cash","Individuals"
"1001","2227988","741-68-81-14-800-000","CLOSD","3166 Tadley Drive, Chesterfield VA 23112","23112","Chesterfield","Single Family Residence","11/11/2022","$375,000","$380,000","2","Resale (occupied at least once)","2008","Walnut Grove","1,866","0.32","4","2.1","Public Water","Sewer - Public","Cash","Individuals"
"1001","2227652","788-766-2031.140","CLOSD","9411 Links Lane #UnitH, Henrico VA 23059","23059","Henrico","Condominium","11/11/2022","$164,000","$165,000","5","Resale (occupied at least once)","1998","Links Condominiums","890","15.20","1","1.0","Public Water","Sewer - Public","Conventional","Individuals"
"1001","2227507","730-750-7401","CLOSD","2300 Pleasant Run Drive, Henrico VA 23238","23238","Henrico","Single Family Residence","11/11/2022","$310,000","$313,000","5","Resale (occupied at least once)","1975","Tuckahoe Village West","1,981","0.36","4","1.2","Public Water","Sewer - Public","Cash","Individuals"
"1001","2227466","8725-74-0713","CLOSD","6155 Stronghold Drive, Hanover VA 23111","23111","Hanover","Single Family Residence","11/11/2022","$299,900","$305,000","3","Resale (occupied at least once)","1987","Battlefield Green","1,574","0.18","3","2.0","Public Water","Sewer - Public","Conventional","Individuals"
"1001","2227098","760-70-50-80-100-000","CLOSD","202 Newstead Drive, Chesterfield VA 23235","23235","Chesterfield","Townhouse","11/11/2022","$165,000","$170,000","4","Resale (occupied at least once)","1973","Providence Green","1,200","0.04","3","1.1","Public Water","None","Cash","Individuals"
"1001","2226378","734-64-30-01-900-000","CLOSD","13030 River Road, Chesterfield VA 23838","23838","Chesterfield","Single Family Residence","11/11/2022","$635,000","$635,000","2","Resale (occupied at least once)","1993","Matoaca","3,032","8.98","4","2.1","Well","Septic - Conventional","Conventional","Individuals"
"1001","2225573","C001-0374-020","CLOSD","9501 Cherokee Road, Richmond City VA 23235","23235","Richmond City","Single Family Residence","11/11/2022","$699,950","$660,000","43","Resale (occupied at least once)","1910","Huguenot Farms","2,526","0.72","4","4.0","Public Water","Sewer - Public","Cash","Individuals"
"1001","2223391","747-67-68-43-300-000","CLOSD","5539 Qualla Road, Chesterfield VA 23832","23832","Chesterfield","Single Family Residence","11/11/2022","$251,750","$230,000","2","Resale (occupied at least once)","1972","Qualla Farms","1,500","0.82","3","2.0","Well","Septic - Conventional","Conventional","Individuals"
"1001","2221533","S000-0485-024","CLOSD","2213 Bainbridge Street, Richmond City VA 23225","23225","Richmond City","Single Family Residence","11/11/2022","$219,900","$190,000","58","Resale (occupied at least once)","1954","Hollands Addition","1,440","0.19","4","1.0","Public Water","Sewer - Public","Cash","Individuals"
"1001","2202179","786-66-35-14-600-000","CLOSD","10221 Centralia Station Road, Chesterfield VA 23831","23831","Chesterfield","Single Family Residence","11/14/2022","$479,900","$469,900","196","New (never occupied)","2022","Centralia Station","2,627","0.43","4","2.1","Public Water","Sewer - Public","VA New","Individuals, Other"
"1001","2227686","S006-0447-011","CLOSD","821 West 47th Street, Richmond City VA 23225","23225","Richmond City","Single Family Residence","11/14/2022","$329,000","$355,000","4","Resale (occupied at least once)","1941","Forest Hill Terrace","1,148","0.17","2","1.0","Public Water","Sewer - Public","Conventional","Individuals"
"1001","2226840","757-745-0692","CLOSD","8211 Shannon Hill Road, Henrico VA 23229","23229","Henrico","Single Family Residence","11/14/2022","$360,000","$365,000","4","Resale (occupied at least once)","1959","Westbury Estates","2,206","0.22","4","3.0","Public Water","Sewer - Public","Conventional","Individuals"
"1001","2227805","W000-1704-219","CLOSD","705 North Hamilton Street #UnitUJ, Richmond City VA 23221","23221","Richmond City","Condominium","11/14/2022","$265,000","$265,000","5","Resale (occupied at least once)","1962","Mount Vernon Condominiums","828","8.50","2","1.1","Public Water","Sewer - Public","Conventional","Individuals"
"1001","2221504","813-733-8684","CLOSD","4316 Bridle Run Lane, Henrico VA 23223","23223","Henrico","Single Family Residence","11/14/2022","$425,000","$415,000","47","Resale (occupied at least once)","2008","Hillcrest Farms","2,850","0.31","4","2.1","Public Water","Sewer - Public","FHA New","Individuals"
"1001","2225870","E000-0803-002","CLOSD","1120 North 33rd Street, Richmond City VA 23223","23223","Richmond City","Single Family Residence","11/14/2022","$350,000","$345,000","44","Resale (occupied at least once)","1914","None","2,000","0.13","3","2.1","Public Water","Sewer - Public","Conventional","Individuals"
"1001","2225326","770-738-0559","CLOSD","5806 South Crestwood Avenue, Henrico VA 23226","23226","Henrico","Single Family Residence","11/14/2022","$499,000","$460,000","29","Resale (occupied at least once)","1948","Westwood Home Sites","1,594","0.29","3","1.1","Public Water","Sewer - Public","Conventional","Corporate"
"1001","2217582","784-759-7287","CLOSD","653 Rivanna Hill Road, Henrico VA 23060","23060","Henrico","Townhouse","11/14/2022","$399,990","$399,990","6","New (never occupied)","2022","Retreat at One","2,147","","4","2.2","Public Water","Sewer - Public","Conventional","Corporate"
"1001","2217988","788-64-91-51-800-000","CLOSD","4608 Crossgate Road, Chesterfield VA 23831","23831","Chesterfield","Single Family Residence","11/14/2022","$465,000","$464,000","91","New (never occupied)","2022","Lora Lynn Heights","2,400","0.52","4","3.0","Public Water","Septic - Engineered, Other - See Remarks","Conventional","Individuals"
"1001","2226402","7827-44-0310","CLOSD","20243 Ben Gayle Road, Hanover VA 23015","23015","Hanover","Single Family Residence","11/14/2022","$325,000","$325,000","12","Resale (occupied at least once)","2008","None","1,835","1.26","3","2.0","Well","Septic - Conventional","VHDA/FHA","Individuals"
"1001","2223956","761-68-11-90-700-000","CLOSD","6101 Waterman Place, Chesterfield VA 23832","23832","Chesterfield","Single Family Residence","11/14/2022","$390,000","$395,000","4","Resale (occupied at least once)","1997","Five Forks Village","2,552","0.39","4","2.1","Public Water","Sewer - Public","FHA New","Individuals"
"1001","2227689","S000-0293-008","CLOSD","1908 Decatur Street, Richmond City VA 23224","23224","Richmond City","Single Family Residence","11/14/2022","$179,000","$172,500","20","Resale (occupied at least once)","1920","None","1,398","0.14","4","1.1","Public Water","Sewer - Public","Cash","Corporate"
"1001","2227682","789-64-22-56-000-000","CLOSD","13905 Twin Cliffs Lane, Chesterfield VA 23831","23831","Chesterfield","Single Family Residence","11/14/2022","$359,000","$359,000","7","Resale (occupied at least once)","1992","Stoney Glen","2,119","0.32","4","2.1","Public Water","Sewer - Public","Conventional","Individuals"
"1001","2227745","N000-2177-023","CLOSD","4007 Chevy Chase Street, Richmond City VA 23227","23227","Richmond City","Single Family Residence","11/14/2022","$335,000","$335,000","5","Resale (occupied at least once)","1928","Monticello","937","0.12","2","1.0","Public Water","Sewer - Public","Conventional","Individuals"
"1001","2226741","742-67-99-20-400-000","CLOSD","11307 Bailey Woods Drive, Chesterfield VA 23112","23112","Chesterfield","Single Family Residence","11/14/2022","$300,000","$295,000","7","Resale (occupied at least once)","1996","Bailey Ridge Estates","1,440","0.26","3","2.1","Public Water","Sewer - Public","Conventional","Individuals"
"1001","2226562","796-63-38-01-100-000","CLOSD","16216 Mistora Road, Chesterfield VA 23831","23831","Chesterfield","Single Family Residence","11/14/2022","$290,000","$260,000","16","Resale (occupied at least once)","1980","Searcy","1,104","0.27","3","1.1","Public Water","Sewer - Public","VA New","Individuals"
"1001","2225505","717-66-54-06-000-000","CLOSD","8319 Amington Lane, Chesterfield VA 23832","23832","Chesterfield","Single Family Residence","11/14/2022","$514,900","$525,000","1","Resale (occupied at least once)","2019","Harpers Mill","2,584","0.39","4","3.1","Public Water","Sewer - Public","Conventional","Individuals"
"1001","2226956","8704-66-6104","CLOSD","7315 Barnette Avenue, Hanover VA 23111","23111","Hanover","Single Family Residence","11/14/2022","$239,950","$237,450","5","Resale (occupied at least once)","1948","None","888","0.31","2","1.0","Public Water","Sewer - Public","Conventional","Individuals"
"1001","2211772","7796-77-3208","CLOSD","9286 Marl Ridge Lane, Hanover VA 23116","23116","Hanover","Townhouse","11/14/2022","$432,125","$446,035","0","New (never occupied)","2022","Giles Farm","2,090","","3","2.1","Public Water","Sewer - Public","Conventional","Corporate"
"1001","2223372","728-68-57-64-200-000","CLOSD","3220 Nuttree Woods Drive, Chesterfield VA 23112","23112","Chesterfield","Single Family Residence","11/14/2022","$375,000","$365,000","11","Resale (occupied at least once)","1981","Brandermill","2,214","0.51","4","2.1","Public Water","Sewer - Public","Conventional","Individuals"
"1001","2211672","8706-58-9634","CLOSD","9260 Crowell Street, Hanover VA 23116","23116","Hanover","Single Family Residence","11/14/2022","$529,275","$556,240","0","New (never occupied)","2022","Rutland","2,670","","4","3.0","Public Water","Sewer - Public","Conventional","Corporate"
"1001","2214063","J13-2454-4325","CLOSD","7493 East Danube Loop, New Kent VA 23124","23124","New Kent","Single Family Residence","11/14/2022","$336,370","$336,370","0","New (never occupied)","2022","Lifestyle at Four Seasons","1,338","","3","2.0","Public Water","Sewer - Public","Conventional","Corporate"
"1001","2227492","779-746-3311","CLOSD","2501 Irisdale Avenue, Henrico VA 23228","23228","Henrico","Single Family Residence","11/14/2022","$349,500","$353,400","3","Resale (occupied at least once)","1948","Hermitage Park","1,403","0.15","4","2.0","Public Water","Sewer - Public","Conventional","Other, Partnership"
"1001","2223799","8746-18-4246","CLOSD","4646 Studley Road, Hanover VA 23116","23116","Hanover","Single Family Residence","11/14/2022","$350,000","$353,000","6","Resale (occupied at least once)","1977","Locust Green","1,848","0.95","3","2.0","Well","Septic - Conventional","Conventional","Individuals"
"1001","2226583","C006-0607-028","CLOSD","4816 Lovells Road, Richmond City VA 23224","23224","Richmond City","Single Family Residence","11/14/2022","$175,000","$170,000","3","Resale (occupied at least once)","1953","Cranford Heights","900","0.32","3","1.0","Public Water","Sewer - Public","Conventional","Individuals"
"1001","2228113","738-71-35-80-700-000","CLOSD","11621 Featherstone Court, Chesterfield VA 23113","23113","Chesterfield","Single Family Residence","11/14/2022","$339,950","$347,500","5","Resale (occupied at least once)","1980","Windsor Place","1,689","0.23","3","2.1","Public Water","Sewer - Public","Conventional","Individuals"
"1001","2225153","C004-0654-030","CLOSD","7503 Potters Court, Richmond City VA 23225","23225","Richmond City","Townhouse","11/14/2022","$264,900","$260,000","18","Resale (occupied at least once)","1985","Southampton Hills","1,340","0.05","2","2.1","Public Water","Sewer - Public","Cash","Individuals"
"1001","2225085","C003-0061-014","CLOSD","2901 Stratford Road, Richmond City VA 23225","23225","Richmond City","Single Family Residence","11/14/2022","$409,900","$400,000","32","Resale (occupied at least once)","1996","Stratford Hills","1,831","0.62","4","2.1","Public Water","Sewer - Public","Conventional","Individuals"
"1001","2221161","746-741-2832","CLOSD","1223 Hyde Lane #Unit1223, Henrico VA 23229","23229","Henrico","Townhouse","11/14/2022","$897,000","$875,000","50","Resale (occupied at least once)","2006","Grayson Hill","3,273","0.12","3","3.1","Public Water","Sewer - Public","Conventional","Individuals"
"1001","2210831","TBD","CLOSD","2737 Acadia Drive #UnitB, Henrico VA 23294","23294","Henrico","Condominium","11/14/2022","$414,905","$414,905","132","New (never occupied)","2022","West Broad Landing","2,501","","3","2.1","Public Water","Sewer - Public","FHA New","Corporate"
"1001","2229434","8705-92-7730","CLOSD","8117 Tippling House Drive, Hanover VA 23111","23111","Hanover","Townhouse","11/14/2022","$390,000","$390,000","2","Resale (occupied at least once)","2013","Cool Well","1,963","0.25","3","2.0","Public Water","None","Cash","Individuals"
"1001","2229244","028A1-1M-1","CLOSD","2909 Janet Lane, Powhatan VA 23139","23139","Powhatan","Single Family Residence","11/14/2022","$121,000","$100,000","6","Resale (occupied at least once)","1971","Red Lane","932","1.45","3","1.1","Well","Septic - Conventional","Cash","Individuals"
"1001","2228850","751-69-46-14-300-000","CLOSD","9700 West Providence Road, Chesterfield VA 23236","23236","Chesterfield","Single Family Residence","11/14/2022","$125,000","$155,000","4","Resale (occupied at least once)","1950","Wagstaff Circle","816","0.55","2","1.0","Public Water","Sewer - Public","Cash","Individuals"
"1001","2228567","793-62-06-46-500-000","CLOSD","19207 Brevard Drive, Chesterfield VA 23834","23834","Chesterfield","Single Family Residence","11/14/2022","$330,000","$340,000","4","Resale (occupied at least once)","2015","Brevard","1,588","0.46","3","2.0","Public Water","Sewer - Public","Conventional","Individuals"
"1001","2228519","774-66-12-96-900-000","CLOSD","9902 Oldbern Court, Chesterfield VA 23832","23832","Chesterfield","Single Family Residence","11/14/2022","$245,000","$255,000","4","Resale (occupied at least once)","1992","Holly Trace","1,219","0.31","3","2.0","Public Water","Sewer - Public","Conventional","Individuals"
"1001","2228422","N000-0895-016","CLOSD","2900 Lamb Avenue, Richmond City VA 23222","23222","Richmond City","Single Family Residence","11/14/2022","$129,950","$118,750","9","Resale (occupied at least once)","1930","None","1,030","0.12","2","1.0","Public Water","Sewer - Public","Cash","Individuals"
"1001","2228330","W000-0702-017","CLOSD","1714 Southampton Avenue, Richmond City VA 23220","23220","Richmond City","Single Family Residence","11/14/2022","$314,950","$314,950","3","Resale (occupied at least once)","1951","Maymont","900","0.11","3","1.0","Public Water","Sewer - Public","Conventional","Individuals"
"1001","2228328","8725-16-3937","CLOSD","6504 Legacy Park Drive, Hanover VA 23111","23111","Hanover","Single Family Residence","11/14/2022","$425,000","$425,000","4","Resale (occupied at least once)","2004","Legacy Park","2,776","0.14","4","3.0","Public Water","Sewer - Public","Cash","Individuals"
"1001","2228160","N000-2181-018","CLOSD","4004 Fauquier Avenue, Richmond City VA 23227","23227","Richmond City","Single Family Residence","11/14/2022","$435,000","$445,000","3","Resale (occupied at least once)","1932","Bellevue","1,752","0.22","3","1.1","Public Water","Sewer - Public","Conventional","Corporate"
"1001","2227674","748-71-42-50-200-000","CLOSD","1818 Knollwood Drive, Chesterfield VA 23235","23235","Chesterfield","Single Family Residence","11/14/2022","$420,069","$420,000","6","Resale (occupied at least once)","1978","Settlers Landing","2,517","0.24","5","3.0","Public Water","Sewer - Public","Conventional","Individuals"
"1001","2227669","C004-0416-014","CLOSD","7406 Comanche Drive, Richmond City VA 23225","23225","Richmond City","Single Family Residence","11/14/2022","$415,000","$470,000","7","Resale (occupied at least once)","1974","Cherokee Estates","1,582","0.35","3","2.0","Public Water","Sewer - Public","Conventional","Individuals"
"1001","2227448","725-67-99-52-700-000","CLOSD","5418 Sunrise Bluff Court, Chesterfield VA 23112","23112","Chesterfield","Single Family Residence","11/14/2022","$450,000","$474,064","4","Resale (occupied at least once)","1987","Sunrise Bluff","3,416","0.55","3","2.2","Public Water","Sewer - Public","Conventional","Individuals"
"1001","2227436","12-2-E","CLOSD","6221 Monguy Road, Charles City County VA 23030","23030","Charles City County","Single Family Residence","11/14/2022","$285,000","$285,000","4","Resale (occupied at least once)","1991","None","1,680","7.46","3","2.0","Well","Septic - Conventional","Conventional","Estate"
"1001","2227337","743-68-04-07-200-000","CLOSD","4420 Stigall Drive, Chesterfield VA 23112","23112","Chesterfield","Single Family Residence","11/14/2022","$325,000","$325,000","6","Resale (occupied at least once)","1964","Clifton Farms","1,269","0.99","3","1.1","Public Water","Septic - Conventional","FHA New","Individuals"
"1001","2227117","W000-0946-005","CLOSD","2115 Grove Avenue, Richmond City VA 23220","23220","Richmond City","Single Family Residence","11/14/2022","$935,000","$933,000","11","Resale (occupied at least once)","1911","None","2,656","0.06","3","3.1","Public Water","Community - Sewer/Septic","Cash","Individuals"
"1001","2226876","807-727-5879","CLOSD","812 Hunters Run Drive, Henrico VA 23223","23223","Henrico","Single Family Residence","11/14/2022","$310,000","$310,000","3","Resale (occupied at least once)","1994","Huntwood","2,104","0.20","4","3.0","Public Water","Sewer - Public","VA New","Individuals"
"1001","2226671","721-71-65-80-300-000","CLOSD","14530 Sarum Terrace, Chesterfield VA 23113","23113","Chesterfield","Single Family Residence","11/14/2022","$1,099,000","$1,100,000","2","Resale (occupied at least once)","2001","Salisbury","4,612","0.91","6","4.1","Public Water","Sewer - Public","Conventional","Individuals"
"1001","2226628","781-763-0186","CLOSD","10134 Virginia Road, Henrico VA 23060","23060","Henrico","Single Family Residence","11/14/2022","$340,000","$340,000","8","Resale (occupied at least once)","2017","Greenwood Park","1,643","0.17","4","2.1","Public Water","Sewer - Public","Conventional","Individuals"
"1001","2226553","N000-0574-021","CLOSD","1203 Moore Street, Richmond City VA 23220","23220","Richmond City","Townhouse","11/14/2022","$199,000","$197,000","17","Resale (occupied at least once)","1962","Hartshorn Townhouse","932","0.07","3","1.1","Public Water","Sewer - Public","Other","Other"
"1001","2226515","50-9-3","CLOSD","10780 Harrison Lake Dr., Charles City County VA 23030","23030","Charles City County","Single Family Residence","11/14/2022","$269,000","$270,000","0","New (never occupied)","2022","None","1,402","1.06","3","2.0","Well","Septic - Conventional","Conventional","Other"
"1001","2225822","718-68-62-67-500-000","CLOSD","2912 Bayfront Way, Chesterfield VA 23112","23112","Chesterfield","Single Family Residence","11/14/2022","$478,000","$480,000","3","Resale (occupied at least once)","2012","Edgewater At The Reservoir","2,719","0.24","5","3.0","Public Water","Sewer - Public","Cash","Individuals"
"1001","2225168","N000-0691-005","CLOSD","2814 Hawthorne Avenue, Richmond City VA 23222","23222","Richmond City","Single Family Residence","11/14/2022","$299,900","$270,000","7","Resale (occupied at least once)","1922","Battery Park","1,674","0.27","3","1.1","Public Water","Sewer - Public","Conventional","Individuals"
"1001","2224604","58-25-B-3-0","CLOSD","328 Perrow Lane, Goochland VA 23103","23103","Goochland","Single Family Residence","11/14/2022","$998,000","$1,050,000","4","Resale (occupied at least once)","1991","Broad Run Iv","5,119","2.25","4","3.1","Well","Septic - Conventional","Conventional","Other"
"1001","2222279","772-735-5697.113","CLOSD","5100 Monument Avenue #Unit814, Henrico VA 23230","23230","Henrico","Condominium","11/14/2022","$209,950","$195,000","64","Resale (occupied at least once)","1961","5100 Monument","1,015","0.02","1","1.0","Public Water","Sewer - Public","Cash","Individuals"
"1001","2222097","752-68-25-73-200-000","CLOSD","4646 Lynchester Drive, Chesterfield VA 23236","23236","Chesterfield","Single Family Residence","11/14/2022","$409,000","$405,000","55","Resale (occupied at least once)","2003","Gregorys Charter","2,828","0.45","5","2.1","Public Water","Sewer - Public","Conventional","Individuals"
"1001","2221755","7796-89-8837","CLOSD","10308 Colony Bee Place, Hanover VA 23116","23116","Hanover","Townhouse","11/14/2022","$399,950","$400,000","32","Resale (occupied at least once)","2014","Honey Meadows","2,192","0.14","3","2.1","Public Water","Sewer - Public","Conventional","Individuals"
"1001","2212961","770684260700000","CLOSD","5448 Niles Road, Chesterfield VA 23234","23234","Chesterfield","Single Family Residence","11/14/2022","$398,860","$398,860","0","New (never occupied)","2022","Jessup Meadows","2,203","","4","2.1","Public Water","Sewer - Public","FHA New","Corporate"
"1001","2203261","58-54-3-88-0","CLOSD","9324 Citrine Run, Goochland VA 23238","23238","Goochland","Townhouse","11/14/2022","$544,107","$542,612","0","New (never occupied)","2022","Mosaic at West Creek","2,239","","3","3.0","Public Water","Sewer - Public","Conventional","Corporate"
"1001","REIN10460662","38        44I","CLOSD","5101 Farmers Drive, New Kent VA 23011","23011","New Kent","Single Family Residence","11/14/2022","$449,000","$449,000","2","Resale (occupied at least once)","2019","ALL OTHERS AREA 140","2,336","1.00","4","3.0","Well","Septic","",""
"1001","2224377","S009-0065-038","CLOSD","3825 Meridian Avenue, Richmond City VA 23234","23234","Richmond City","Single Family Residence","11/15/2022","$319,950","$319,950","42","New (never occupied)","2022","Villa Heights","1,748","0.17","4","2.1","Public Water","Sewer - Public","Conventional","Corporate"
"1001","2223862","765-739-0943","CLOSD","6610 Van Buren Avenue, Henrico VA 23226","23226","Henrico","Single Family Residence","11/15/2022","$421,500","$427,000","34","Resale (occupied at least once)","1953","Monument Hills","1,434","0.20","4","1.1","Public Water","Sewer - Public","FHA New","Individuals"
"1001","2209396","7796-63-3872","CLOSD","9207 Giles Pond Drive, Hanover VA 23116","23116","Hanover","Single Family Residence","11/15/2022","$639,415","$639,415","0","New (never occupied)","2022","Giles Farm","3,010","","5","3.0","Public Water","Sewer - Public","Conventional","Corporate"
"1001","2227632","E000-0258-023","CLOSD","305 North 22nd Street, Richmond City VA 23223","23223","Richmond City","Single Family Residence","11/15/2022","$450,000","$454,500","10","Resale (occupied at least once)","1892","None","1,778","0.03","3","2.0","Public Water","Sewer - Public","Conventional","Corporate"
"1001","2226379","811-64-32-97-800-000","CLOSD","14807 Green Forest Drive, Chesterfield VA 23834","23834","Chesterfield","Single Family Residence","11/15/2022","$375,000","$375,000","22","Resale (occupied at least once)","1980","Walthallmill","2,116","1.32","3","2.1","Public Water","Septic - Conventional","VA New","Individuals"
"1001","2227841","761-64-91-92-900-000","CLOSD","11803 Glendevon Road, Chesterfield VA 23838","23838","Chesterfield","Single Family Residence","11/15/2022","$798,500","$860,000","7","Resale (occupied at least once)","1992","The Highlands","4,792","1.90","7","3.1","Public Water","Septic - Conventional","Cash","Individuals"
"1001","2226458","782-66-68-46-400-000","CLOSD","5006 Cedarbend Lane, Chesterfield VA 23237","23237","Chesterfield","Single Family Residence","11/15/2022","$275,000","$275,000","13","Resale (occupied at least once)","1985","Lost Forest","1,786","0.23","4","2.0","Public Water","Sewer - Public","Conventional","Corporate, Individuals"
"1001","2226238","855-709-6486","CLOSD","712 Reese Drive, Henrico VA 23150","23150","Henrico","Single Family Residence","11/15/2022","$349,900","$345,000","19","Resale (occupied at least once)","1983","Skandinavien Village","2,063","0.95","4","3.0","Well","Septic - Conventional","Conventional","Individuals"
"1001","2226435","027A-5-41","CLOSD","2300 Gwynmill Lane, Powhatan VA 23139","23139","Powhatan","Single Family Residence","11/15/2022","$489,950","$475,000","23","Resale (occupied at least once)","1998","Branchway Forest","2,718","2.18","4","3.1","Well","Septic - Conventional","Conventional","Individuals"
"1001","2225880","761-771-0942","CLOSD","11012 Stone Valley Court, Henrico VA 23060","23060","Henrico","Single Family Residence","11/15/2022","$550,000","$550,000","16","Resale (occupied at least once)","2009","Stone Mill","2,805","0.63","4","2.1","Public Water","Sewer - Public","Cash","Individuals"
"1001","2225821","30A  4   708","CLOSD","6805 Washington Road, New Kent VA 23141","23141","New Kent","Single Family Residence","11/15/2022","$279,997","$279,000","4","Resale (occupied at least once)","1972","Woodhaven Shores","1,950","0.21","3","1.1","Community Well","Septic - Conventional","Conventional","Individuals"
"1001","2225273","8724-47-2828","CLOSD","7401 Lexington Drive, Hanover VA 23111","23111","Hanover","Single Family Residence","11/15/2022","$435,000","$435,000","17","Resale (occupied at least once)","1971","Liberty Hall Hills","2,248","","3","2.0","Community Well","Septic - Engineered","FHA New","Individuals"
"1001","2221528","785-69-31-69-000-000","CLOSD","4721 Falling Creek Circle, Chesterfield VA 23234","23234","Chesterfield","Single Family Residence","11/15/2022","$235,000","$225,000","51","Resale (occupied at least once)","1960","Ampthill Heights","1,352","0.43","3","1.0","Public Water","Sewer - Public","VHDA ","Individuals"
"1001","2200945","10270","CLOSD","5820 Regal Lane, New Kent VA 23140","23140","New Kent","Single Family Residence","11/15/2022","$433,050","$457,725","0","New (never occupied)","2021","Brickshire","2,508","0.37","4","3.0","Public Water","Sewer - Public","Conventional","Corporate"
"1001","2219068","E000-0774-025","CLOSD","1523 North 20th Street, Richmond City VA 23223","23223","Richmond City","Single Family Residence","11/15/2022","$265,000","$265,000","100","Resale (occupied at least once)","1920","Fairmount Park","1,395","0.12","4","1.0","Public Water","Sewer - Public","FHA New","Corporate"
"1001","2202651","713-67-13-83-700-000","CLOSD","7005 Leire Drive, Chesterfield VA 23832","23832","Chesterfield","Townhouse","11/15/2022","$386,950","$416,621","0","New (never occupied)","2022","Cosby Village Townhomes","2,198","","4","3.1","Public Water","Sewer - Public","Conventional","Corporate"
"1001","2136110","to be determined","CLOSD","14420 Hancock Towns Drive #UnitL 5-2, Chesterfield VA 23832","23832","Chesterfield","Condominium","11/15/2022","$310,790","$312,790","14","New (never occupied)","2021","Hancock Village","1,502","","3","2.1","Public Water","Sewer - Public","Conventional","Corporate"
"1001","2226564","C001-0891-108","CLOSD","3119 Stony Point Road #UnitB, Richmond City VA 23235","23235","Richmond City","Condominium","11/15/2022","$325,000","$325,000","15","Resale (occupied at least once)","1988","Bluffs Condo","1,975","22.01","3","3.0","Public Water","Sewer - Public","Conventional","Individuals"
"1001","2228061","759-69-95-56-900-000","CLOSD","1303 Old Log Trail, Chesterfield VA 23235","23235","Chesterfield","Single Family Residence","11/15/2022","$349,950","$345,000","5","Resale (occupied at least once)","1980","Stone Mill","2,466","0.44","3","2.1","Public Water","Sewer - Public","Conventional","Individuals"
"1001","2226263","768-738-7986","CLOSD","5918 Morningside Drive, Henrico VA 23226","23226","Henrico","Single Family Residence","11/15/2022","$430,000","$438,250","4","Resale (occupied at least once)","1952","Westwood","1,645","0.22","3","2.0","Public Water","None","Conventional","Individuals"
"1001","2225923","784-65-43-80-500-000","CLOSD","11628 Claimont Mill Drive, Chesterfield VA 23831","23831","Chesterfield","Townhouse","11/15/2022","$289,900","$300,000","12","Resale (occupied at least once)","2015","Iron Mill Section 1","1,954","0.05","3","2.1","Public Water","Sewer - Public","Conventional","Individuals"
"1001","2229051","762-748-3943","CLOSD","2316 Pathfinder Circle, Henrico VA 23294","23294","Henrico","Single Family Residence","11/15/2022","$369,950","$375,000","5","Resale (occupied at least once)","1982","Thousand Oaks","1,841","0.26","3","2.1","Public Water","Sewer - Public","Conventional","Individuals"
"1001","2228555","739-69-80-67-900-000","CLOSD","807 Glenhaven Road, Chesterfield VA 23236","23236","Chesterfield","Single Family Residence","11/15/2022","$293,950","$315,000","4","Resale (occupied at least once)","1979","Smoketree","1,378","0.23","3","2.0","Public Water","Sewer - Public","Conventional","Individuals"
"1001","2227932","S006-0290-037","CLOSD","5116 Boscobel Avenue, Richmond City VA 23225","23225","Richmond City","Single Family Residence","11/15/2022","$259,000","$273,000","1","Resale (occupied at least once)","1942","Westover Court","1,742","0.19","4","1.0","Public Water","Sewer - Public","Conventional","Individuals"
"1001","2227810","E000-0338-003","CLOSD","318 North 25th Street, Richmond City VA 23223","23223","Richmond City","Single Family Residence","11/15/2022","$649,950","$649,950","6","Resale (occupied at least once)","1849","None","2,315","0.08","3","2.0","Public Water","Sewer - Public","Conventional","Individuals"
"1001","2227787","8716-71-0437","CLOSD","9050 Brigadier Road, Hanover VA 23116","23116","Hanover","Single Family Residence","11/15/2022","$465,000","$455,000","6","Resale (occupied at least once)","2004","The Bluffs At Bell Creek","2,912","0.16","4","2.1","Public Water","Sewer - Public","Conventional","Individuals"
"1001","2227668","710-68-12-25-800-000","CLOSD","4909 Otterdale Road, Chesterfield VA 23120","23120","Chesterfield","Single Family Residence","11/15/2022","$239,950","$205,000","17","Resale (occupied at least once)","1963","None","1,008","1.80","2","1.0","Public Water","Septic - Conventional","Cash","Individuals"
"1001","2227656","N000-1035-011","CLOSD","3120 Griffin Avenue, Richmond City VA 23222","23222","Richmond City","Single Family Residence","11/15/2022","$329,950","$333,500","17","Resale (occupied at least once)","1922","Ginter Park Terrace","1,760","0.16","3","2.1","Public Water","Sewer - Public","Conventional","Individuals"
"1001","2227646","7797-40-7009","CLOSD","9404 Ivy Hill Court, Hanover VA 23116","23116","Hanover","Single Family Residence","11/15/2022","$499,950","$500,000","3","Resale (occupied at least once)","2003","Madison Springs","2,492","0.54","3","2.1","Public Water","Sewer - Public","Conventional","Individuals"
"1001","2227569","8723-29-2990","CLOSD","6500 Marie Lane, Hanover VA 23111","23111","Hanover","Single Family Residence","11/15/2022","$309,950","$310,000","11","Resale (occupied at least once)","1985","High Point Farms","1,596","0.37","4","2.0","Public Water","Sewer - Public","Conventional","Individuals"
"1001","2227518","7870-78-5644","CLOSD","13892 Stanley Park Drive, Hanover VA 23005","23005","Hanover","Single Family Residence","11/15/2022","$549,950","$556,000","3","Resale (occupied at least once)","2018","Ashland Park","2,550","0.45","4","3.1","Public Water","Sewer - Public","Conventional","Individuals"
"1001","2227453","757-71-67-89-100-000","CLOSD","2103 Flodden Circle, Chesterfield VA 23235","23235","Chesterfield","Single Family Residence","11/15/2022","$289,950","$250,000","20","Resale (occupied at least once)","1957","Highland Hills","1,525","0.36","3","1.1","Public Water","Sewer - Public","Other","Individuals"
"1001","2227121","8725-08-6326","CLOSD","7807 Longtail Lane, Hanover VA 23116","23116","Hanover","Single Family Residence","11/15/2022","$614,900","$621,000","4","Resale (occupied at least once)","2020","Bishops Park","3,800","0.19","5","3.1","Public Water","Sewer - Public","Conventional","Individuals"
"1001","2227071","715-66-47-30-900-000","CLOSD","15512 Talland Drive, Chesterfield VA 23832","23832","Chesterfield","Single Family Residence","11/15/2022","$620,000","$610,000","10","Resale (occupied at least once)","2016","Harpers Mill","3,323","0.33","5","3.0","Public Water","Sewer - Public","Conventional","Individuals"
"1001","2226841","762-71-40-83-000-000","CLOSD","1446 Spring Lake Road, Chesterfield VA 23225","23225","Chesterfield","Single Family Residence","11/15/2022","$295,000","$305,000","4","Resale (occupied at least once)","1949","Crestwood Farms","1,444","0.83","3","2.0","Public Water","Sewer - Public","Conventional","Individuals"
"1001","2226561","8705-93-6081","CLOSD","8119 Cool Summer Drive, Hanover VA 23111","23111","Hanover","Townhouse","11/15/2022","$400,000","$405,000","1","Resale (occupied at least once)","2008","Cool Well","2,118","0.10","3","3.0","Public Water","Sewer - Public","Cash","Individuals"
"1001","2226398","763-765-3636.056","CLOSD","3512 Corrotoman Road, Henrico VA 23060","23060","Henrico","Condominium","11/15/2022","$435,000","$470,000","10","Resale (occupied at least once)","2007","The Carriage Homes @ Crossridge","1,804","0.05","3","2.0","Public Water","Sewer - Public","Cash","Individuals"
"1001","2226131","771-736-2305.159","CLOSD","5201 Monument Avenue #Unit4A, Henrico VA 23226","23226","Henrico","Condominium","11/15/2022","$1,695,000","$1,695,000","18","Resale (occupied at least once)","2017","Monument Square Condo","3,350","0.08","3","3.1","Public Water","None","Cash","Individuals"
"1001","2225662","N017-0258-032","CLOSD","1624 Pope Avenue, Richmond City VA 23227","23227","Richmond City","Single Family Residence","11/15/2022","$924,950","$924,950","10","Resale (occupied at least once)","1932","Bellevue Park","2,705","0.53","4","3.0","Public Water","Sewer - Public","Cash","Individuals"
"1001","2224931","710-66-32-35-400-000","CLOSD","16413 Aklers Court, Chesterfield VA 23832","23832","Chesterfield","Single Family Residence","11/15/2022","$610,000","$610,000","5","Resale (occupied at least once)","2019","Harpers Mill","3,402","0.28","5","4.1","Public Water","Sewer - Public","VA New","Individuals"
"1001","2224724","808-64-39-00-200-000","CLOSD","14648 Grand Forest Terrace, Chesterfield VA 23834","23834","Chesterfield","Single Family Residence","11/15/2022","$499,000","$502,000","17","Resale (occupied at least once)","2004","Southcreek","3,376","0.42","5","3.0","Public Water","Sewer - Public","VA New","Individuals"
"1001","2224418","750-734-9364, 751-734-3473","CLOSD","1 Raven Rock Lane, Henrico VA 23229","23229","Henrico","Single Family Residence","11/15/2022","$2,200,000","$2,200,000","7","Resale (occupied at least once)","1978","Sleepy Hollow","8,158","6.44","5","5.1","Public Water","Sewer - Public","Conventional","Individuals"
"1001","2224384","779-67-09-56-400-000","CLOSD","5024 Sir Sagamore Drive, Chesterfield VA 23237","23237","Chesterfield","Single Family Residence","11/15/2022","$334,900","$335,000","9","Resale (occupied at least once)","1988","Kingsland Woods","2,024","0.26","4","2.1","Public Water","Sewer - Public","VA New","Individuals"
"1001","2224164","724-68-04-52-700-000","CLOSD","5308 Beechwood Point Court, Chesterfield VA 23112","23112","Chesterfield","Single Family Residence","11/15/2022","$950,000","$950,000","17","Resale (occupied at least once)","1997","Beechwood Point","5,374","0.53","4","4.1","Public Water","Sewer - Public","Cash","Individuals"
"1001","2224112","W020-0117-005","CLOSD","5503 Kingsbury Road, Richmond City VA 23226","23226","Richmond City","Single Family Residence","11/15/2022","$925,000","$995,000","7","Resale (occupied at least once)","1939","Glenburnie","3,087","0.15","4","2.3","Public Water","Sewer - Public","Conventional","Individuals"
"1001","2223977","739-749-9858","CLOSD","10832 Millington Lane, Henrico VA 23238","23238","Henrico","Single Family Residence","11/15/2022","$675,000","$667,750","29","Resale (occupied at least once)","1996","Royal Oaks","3,504","0.45","5","4.0","Public Water","Sewer - Public","Conventional","Individuals"
"1001","2222178","748-775-6958","CLOSD","4917 Hickory Meadows Court, Henrico VA 23059","23059","Henrico","Single Family Residence","11/15/2022","$965,000","$925,000","75","Resale (occupied at least once)","2013","Stable Hill","5,269","0.31","4","3.1","Public Water","Sewer - Public","Conventional","Individuals"
"1001","2221155","W020-0061-038","CLOSD","5426 Park Avenue, Richmond City VA 23226","23226","Richmond City","Single Family Residence","11/15/2022","$299,000","$294,000","68","Resale (occupied at least once)","1968","Westwood","1,558","0.08","3","1.1","Public Water","Sewer - Public","Cash","Individuals"
"1001","2220612","22A10 2 1 187","CLOSD","7904 Eagle Circle, New Kent VA 23124","23124","New Kent","Single Family Residence","11/15/2022","$385,000","$380,000","56","Resale (occupied at least once)","2019","The Arbors At New Kent Winery","2,122","0.30","3","2.1","Public Water","Sewer - Public","VA New","Individuals"
"1001","2220025","751-63-21-53-000-000","CLOSD","14632 Northwood Drive, Chesterfield VA 23838","23838","Chesterfield","Single Family Residence","11/15/2022","$419,000","$407,000","56","Resale (occupied at least once)","1950","None","1,968","7.85","3","2.0","Well","Septic - Conventional","Conventional","Individuals"
"1001","2219104","767-64-00-64-600-000","CLOSD","8042 Lake Margaret Place, Chesterfield VA 23838","23838","Chesterfield","Single Family Residence","11/15/2022","$584,500","$595,250","74","New (never occupied)","2022","Lake Margaret","2,593","1.02","4","3.1","Public Water","Septic - Conventional","Cash","Individuals"
"1001","2218246","712672555200134","CLOSD","16008 HALLOWELL Ridge, Chesterfield VA 23120","23120","Chesterfield","Condominium","11/15/2022","$429,000","$429,000","42","Resale (occupied at least once)","2019","Greenwich Walk At Foxcreek","1,719","","3","3.0","Public Water","Sewer - Public","Cash","Individuals"
"1001","2211760","757-731-1606","CLOSD","211 Ross Road, Henrico VA 23229","23229","Henrico","Single Family Residence","11/15/2022","$3,285,000","$3,100,000","154","Resale (occupied at least once)","1750","None","9,528","7.70","9","7.2","Well","Septic - Conventional","Conventional","Individuals"
"1001","2208773","775-65-62-76-900-000","CLOSD","11253 Magill Terrace Drive, Chesterfield VA 23831","23831","Chesterfield","Townhouse","11/15/2022","$336,950","$374,170","0","New (never occupied)","2022","IronBridge Townhomes","2,144","","2","2.2","Public Water","Sewer - Public","Conventional","Corporate"
"1001","2202121","7890-54-3277","CLOSD","9591 Seven Sisters Drive, Hanover VA 23005","23005","Hanover","Single Family Residence","11/15/2022","$839,722","$845,983","0","New (never occupied)","2022","Hickory Hill","3,819","1.00","4","3.0","Well","Other - See Remarks","Conventional","Corporate"
"1001","2218076","10172450","CLOSD","12017 Ashcake Road, Hanover VA 23005","23005","Hanover","Single Family Residence","11/15/2022","$139,900","$139,900","107","Resale (occupied at least once)","1892","None","1,584","","4","2.0","Well","None","Cash","Corporate"
"1001","2226558","745-67-78-31-400-000","CLOSD","5330 Rollingway Road, Chesterfield VA 23832","23832","Chesterfield","Single Family Residence","11/16/2022","$265,000","$275,000","4","Resale (occupied at least once)","1984","Sunnybrook","1,424","0.36","3","1.1","Public Water","Sewer - Public","FHA New","Individuals"
"1001","2227371","W000-0649-078","CLOSD","1704 Lakeview Avenue, Richmond City VA 23220","23220","Richmond City","Single Family Residence","11/16/2022","$350,000","$345,000","6","Resale (occupied at least once)","2006","Randolph West","1,792","0.09","3","2.1","Public Water","Sewer - Public","Conventional","Individuals"
"1001","2228428","E000-1106-012","CLOSD","1118 North 35th Street, Richmond City VA 23223","23223","Richmond City","Single Family Residence","11/16/2022","$149,950","$147,500","5","Resale (occupied at least once)","1920","None","1,141","0.11","3","1.0","Public Water","Sewer - Public","Cash","Corporate"
"1001","2226919","W000-0861-040","CLOSD","1812 Park Avenue, Richmond City VA 23220","23220","Richmond City","Single Family Residence","11/16/2022","$1,495,000","$1,560,000","3","Resale (occupied at least once)","1911","None","3,794","0.09","3","3.1","Public Water","Sewer - Public","Cash","Individuals"
"1001","2125584","776671981900000","CLOSD","5631 Windingrun Place, Chesterfield VA 23237","23237","Chesterfield","Single Family Residence","11/16/2022","$375,490","$452,868","2","New (never occupied)","2021","Reedy Springs","2,174","","3","2.0","Public Water","Sewer - Public","FHA New","Corporate"
"1001","2224003","765-748-5855.145","CLOSD","2727 St. Elias Drive #UnitA, Henrico VA 23294","23294","Henrico","Condominium","11/16/2022","$359,640","$344,640","53","New (never occupied)","2022","West Broad Landing","1,590","","2","2.1","Public Water","Sewer - Public","Conventional","Corporate"
"1001","2225441","C007-0409-026","CLOSD","6107 Ullswater Avenue, Richmond City VA 23225","23225","Richmond City","Single Family Residence","11/16/2022","$239,900","$240,000","2","Resale (occupied at least once)","1956","Derwent","1,909","0.26","3","2.0","Public Water","Sewer - Public","FHA New","Individuals"
"1001","2212992","J13-3239-2107","CLOSD","7217 George Wythe Lane #UnitB, New Kent VA 23124","23124","New Kent","Townhouse","11/16/2022","$286,960","$286,960","0","New (never occupied)","2022","Townhomes at Four Seasons","1,564","","3","2.1","Public Water","Sewer - Public","USDA","Corporate"
"1001","2228305","744-68-38-71-100-000","CLOSD","11112 Poachers Run, Chesterfield VA 23832","23832","Chesterfield","Single Family Residence","11/16/2022","$324,950","$312,000","0","Resale (occupied at least once)","1991","Hunters Landing","1,812","","4","2.1","Public Water","Sewer - Public","Conventional","Individuals"
"1001","2224889","N000-0330-023","CLOSD","1 Yancey Street, Richmond City VA 23222","23222","Richmond City","Single Family Residence","11/16/2022","$399,900","$391,500","32","Resale (occupied at least once)","2004","Barton Heights","1,942","0.18","3","2.1","Community Well","Sewer - Public","Conventional","Corporate"
"1001","2219537","777-763-3478","CLOSD","3708 Par Farm Court, Henrico VA 23060","23060","Henrico","Single Family Residence","11/16/2022","$414,950","$414,950","50","Resale (occupied at least once)","2013","Spring Lake","2,064","0.28","4","2.1","Public Water","Sewer - Public","Conventional","Individuals"
"1001","2207755","770684600200000","CLOSD","5467 Niles Road, Chesterfield VA 23234","23234","Chesterfield","Single Family Residence","11/16/2022","$374,960","$374,960","0","New (never occupied)","2022","Jessup Meadows","1,903","","4","2.1","Public Water","Sewer - Public","FHA New","Corporate"
"1001","2225190","758-68-86-89-900-000","CLOSD","8410 Lyndale Drive, Chesterfield VA 23235","23235","Chesterfield","Single Family Residence","11/16/2022","$299,950","$300,000","21","Resale (occupied at least once)","1967","Bedford","2,154","0.39","4","2.1","Public Water","Septic - Conventional","Conventional","Individuals"
"1001","2219805","720-67-53-12-300-000","CLOSD","6202 Willow Glen Road, Chesterfield VA 23112","23112","Chesterfield","Single Family Residence","11/16/2022","$285,000","$230,000","15","Resale (occupied at least once)","1987","Willow Glen","2,068","0.49","4","2.1","Public Water","Sewer - Public","Other","Individuals"
"1001","2218782","S0000420002","CLOSD","2101 Boro Ridge Street #UnitFA, Richmond City VA 23225","23225","Richmond City","Townhouse","11/16/2022","$389,990","$409,335","23","New (never occupied)","2022","Belle Heights","1,741","","3","2.2","Public Water","Sewer - Public","Conventional","Corporate"
"1001","2208687","697670844100000","CLOSD","18313 Palisades Court, Chesterfield VA 23120","23120","Chesterfield","Townhouse","11/16/2022","$372,450","$394,170","0","New (never occupied)","2022","Magnolia Green","1,743","","3","2.1","Public Water","Sewer - Public","Conventional","Corporate"
"1001","2201457","775-65-61-47-500-000","CLOSD","11244 Magill Terrace Drive, Chesterfield VA 23831","23831","Chesterfield","Townhouse","11/16/2022","$315,950","$343,794","19","New (never occupied)","2022","IronBridge Townhomes","2,144","","3","3.1","Public Water","Sewer - Public","Conventional","Corporate"
"1001","2132279","713-67-13-64-000-000","CLOSD","7001 Leire Drive, Chesterfield VA 23832","23832","Chesterfield","Townhouse","11/16/2022","$427,950","$472,660","27","New (never occupied)","2022","Cosby Village Townhomes","2,385","","3","3.0","Public Water","Sewer - Public","Conventional","Corporate"
"1001","2227407","To be determined","CLOSD","11618 Ellerbee Mill Avenue #Unit1-3, Chesterfield VA 23831","23831","Chesterfield","Single Family Residence","11/16/2022","$425,963","$425,963","0","New (never occupied)","2022","The Villas at Iron Mill","1,672","","2","2.0","Public Water","Sewer - Public","Conventional","Corporate"
"1001","2208790","Not Yet Assigned","CLOSD","7689 Leeds Castle Lane, New Kent VA 23124","23124","New Kent","Townhouse","11/16/2022","$354,935","$354,935","0","New (never occupied)","2022","Maidstone Village","1,914","","3","2.1","Public Water","Sewer - Public","FHA New","Corporate"
"1001","2109855","I19-1153-5070","CLOSD","6890 Oakfork Loop, New Kent VA 23124","23124","New Kent","Single Family Residence","11/16/2022","$339,455","$339,455","0","New (never occupied)","2021","The Oaks","1,903","","4","2.1","Public Water","Sewer - Public","Conventional","Corporate"
"1001","2226091","8716-50-9660","CLOSD","9033 Brevet Lane, Hanover VA 23116","23116","Hanover","Single Family Residence","11/16/2022","$479,950","$475,000","5","Resale (occupied at least once)","2009","The Bluffs At Bell Creek","3,173","0.20","5","2.1","Public Water","Sewer - Public","Conventional","Individuals"
"1001","2214952","712-66-15-39-500-000","CLOSD","9248 Saxsawn Lane, Chesterfield VA 23832","23832","Chesterfield","Single Family Residence","11/16/2022","$735,567","$737,660","3","New (never occupied)","2022","Harpers Mill","3,082","","5","4.0","Public Water","Sewer - Public","Conventional","Corporate"
"1001","2227468","710-69-95-63-400-000","CLOSD","1537 Montcroft Way, Chesterfield VA 23112","23112","Chesterfield","Single Family Residence","11/16/2022","$790,000","$790,000","7","Resale (occupied at least once)","2015","Hallsley","3,594","0.44","5","2.1","Public Water","Sewer - Public","Conventional","Individuals"
"1001","2205565","730-66-21-80-200-000","CLOSD","9907 Maidstone Court, Chesterfield VA 23112","23112","Chesterfield","Single Family Residence","11/16/2022","$492,950","$505,769","0","New (never occupied)","2022","Collington East","2,793","","5","3.0","Public Water","Sewer - Public","Conventional","Corporate"
"1001","2229469","S000-0767-001","CLOSD","2412 Halifax Avenue, Richmond City VA 23224","23224","Richmond City","Single Family Residence","11/16/2022","$150,000","$130,000","3","Resale (occupied at least once)","1939","Mason Park","1,272","0.32","4","1.0","Public Water","Sewer - Public","Cash","Corporate"
"1001","2229220","744-775-1309","CLOSD","5928 Gate House Drive, Henrico VA 23059","23059","Henrico","Townhouse","11/16/2022","$429,950","$433,000","0","Resale (occupied at least once)","2003","Townes At Shady Grove","2,169","0.07","3","2.1","Public Water","Sewer - Public","Conventional","Individuals"
"1001","2229140","W019-0272-015","CLOSD","4812 Grove Avenue, Richmond City VA 23226","23226","Richmond City","Single Family Residence","11/16/2022","$617,153","$630,000","7","Resale (occupied at least once)","1926","Stuart Court","1,630","0.12","3","2.1","Public Water","Sewer - Public","Conventional","Individuals"
"1001","2229097","S000-0459-007","CLOSD","2206 Edwards Avenue, Richmond City VA 23224","23224","Richmond City","Single Family Residence","11/16/2022","$84,950","$98,500","3","Resale (occupied at least once)","1925","Mason Park","1,037","0.11","2","1.0","Public Water","Sewer - Public","Cash","Corporate"
"1001","2228967","771-748-7379","CLOSD","7013 Aspen View Drive, Henrico VA 23228","23228","Henrico","Townhouse","11/16/2022","$374,900","$375,000","4","Resale (occupied at least once)","2006","Glenside Woods","1,900","0.10","3","2.1","Public Water","Sewer - Public","Conventional","Individuals"
"1001","2228450","8        25","CLOSD","2911 Quaker Road, New Kent VA 23141","23141","New Kent","Single Family Residence","11/16/2022","$195,000","$195,000","4","Resale (occupied at least once)","1962","None","792","1.02","3","1.0","Well","Septic - Conventional","Cash","Individuals"
"1001","2228280","791-763-3390","CLOSD","138 Carriage Point Lane, Henrico VA 23059","23059","Henrico","Townhouse","11/16/2022","$349,950","$350,000","5","Resale (occupied at least once)","2002","Cross Point","1,913","0.13","3","2.1","Public Water","Sewer - Public","Conventional","Individuals"
"1001","2227850","765-68-42-51-800-000","CLOSD","7731 Drexelbrook Road, Chesterfield VA 23832","23832","Chesterfield","Single Family Residence","11/16/2022","$250,000","$272,000","5","Resale (occupied at least once)","1984","Pennwood","1,300","0.28","3","2.0","Public Water","Sewer - Public","Conventional","Individuals"
"1001","2227650","W000-2026-007","CLOSD","4512 Park Avenue, Richmond City VA 23221","23221","Richmond City","Single Family Residence","11/16/2022","$799,000","$860,000","5","Resale (occupied at least once)","1940","Colonial Place","2,932","0.15","4","3.1","Public Water","Sewer - Public","Cash","Individuals"
"1001","2227612","763-740-7562","CLOSD","1002 Regester Parkway, Henrico VA 23226","23226","Henrico","Single Family Residence","11/16/2022","$414,500","$450,000","4","Resale (occupied at least once)","1947","Duntreath","1,498","0.33","3","2.0","Public Water","Sewer - Public","Conventional","Individuals"
"1001","2227487","768-64-30-91-300-000","CLOSD","7807 Duntrune Drive, Chesterfield VA 23838","23838","Chesterfield","Single Family Residence","11/16/2022","$545,000","$530,000","8","Resale (occupied at least once)","2007","The Highlands","3,408","0.81","4","3.1","Public Water","Septic - Conventional","Conventional","Individuals"
"1001","2227370","N000-0904-019","CLOSD","2818 Wellington Street, Richmond City VA 23222","23222","Richmond City","Single Family Residence","11/16/2022","$184,950","$165,800","25","Resale (occupied at least once)","1938","Pelham Park","995","0.14","3","1.0","Public Water","Sewer - Public","Cash","Individuals"
"1001","2227005","N000-0587-003","CLOSD","2228 Seminary Avenue, Richmond City VA 23220","23220","Richmond City","Single Family Residence","11/16/2022","$249,000","$263,000","8","Resale (occupied at least once)","1935","None","2,001","0.20","5","2.1","Public Water","Sewer - Public","Cash","Individuals"
"1001","2226817","7861-06-2603","CLOSD","14474 St Andrews Lane, Hanover VA 23005","23005","Hanover","Single Family Residence","11/16/2022","$599,900","$615,000","1","Resale (occupied at least once)","2004","Country Club Hills","3,714","0.49","5","4.1","Public Water","Sewer - Public","Conventional","Individuals"
"1001","2226563","769-69-42-57-800-000","CLOSD","3036 Kim Drive, Chesterfield VA 23224","23224","Chesterfield","Townhouse","11/16/2022","$219,900","$219,900","27","Resale (occupied at least once)","1986","Ashley Village","1,264","0.04","2","2.1","Public Water","Sewer - Public","Conventional","Individuals"
"1001","2226483","799-733-8091","CLOSD","3603 Dill Road, Henrico VA 23222","23222","Henrico","Single Family Residence","11/16/2022","$180,000","$180,000","14","Resale (occupied at least once)","1949","Brentwood","1,286","0.36","3","1.0","Public Water","Sewer - Public","FHA New","Individuals"
"1001","2226327","775-766-5907","CLOSD","10502 Marions Way, Henrico VA 23060","23060","Henrico","Townhouse","11/16/2022","$335,000","$321,500","8","Resale (occupied at least once)","2015","Townes At Woodman","1,533","0.05","3","2.1","Public Water","Sewer - Public","FHA New","Individuals"
"1001","2225149","709-70-08-00-800-000","CLOSD","16701 Saville Chase Road, Chesterfield VA 23112","23112","Chesterfield","Single Family Residence","11/16/2022","$1,175,000","$1,250,000","10","Resale (occupied at least once)","2019","Hallsley","4,700","0.39","5","4.1","Public Water","Sewer - Public","Conventional","Individuals"
"1001","2225081","8705-30-7077","CLOSD","8002 Ellerson Station Drive, Hanover VA 23111","23111","Hanover","Single Family Residence","11/16/2022","$325,000","$335,000","5","Resale (occupied at least once)","1999","Berry Pointe","1,312","0.34","3","2.0","Public Water","Sewer - Public","Cash","Individuals"
"1001","2224081","N000-0039-060","CLOSD","212 East Clay Street #UnitU2A, Richmond City VA 23219","23219","Richmond City","Condominium","11/16/2022","$310,000","$305,000","48","Resale (occupied at least once)","1908","None","1,423","0.03","2","2.0","Public Water","Sewer - Public","Cash","Individuals"
"1001","2220855","761-71-16-38-800-000","CLOSD","1035 Southam Drive, Chesterfield VA 23235","23235","Chesterfield","Single Family Residence","11/16/2022","$257,000","$250,000","8","Resale (occupied at least once)","1961","Southam","1,814","0.29","4","2.0","Public Water","Sewer - Public","Cash","Individuals"
"1001","2220787","W000-1521-033","CLOSD","3330 West Franklin Street, Richmond City VA 23221","23221","Richmond City","Single Family Residence","11/16/2022","$825,000","$840,000","59","Resale (occupied at least once)","1927","None","2,061","0.08","4","2.1","Public Water","Sewer - Public","Cash","Individuals"
"1001","2218596","851-714-3044","CLOSD","202 Chiappa Road, Henrico VA 23150","23150","Henrico","Single Family Residence","11/16/2022","$329,947","$325,000","86","Resale (occupied at least once)","1971","Bradley Acres","2,466","0.43","3","2.0","Public Water","Septic - Conventional","VA New","Individuals"
"1001","2218213","C001-0427-018","CLOSD","4015 Southampton Road, Richmond City VA 23235","23235","Richmond City","Single Family Residence","11/16/2022","$399,000","$360,000","102","Resale (occupied at least once)","1968","Huguenot Manor","2,600","0.43","4","3.0","Public Water","Sewer - Public","Conventional","Individuals"
"1001","2206689","TBD","CLOSD","9006 Widthby Road, Chesterfield VA 23832","23832","Chesterfield","Single Family Residence","11/16/2022","$493,992","$499,427","33","New (never occupied)","2022","Harpers Mill","1,714","","3","2.1","Public Water","Sewer - Public","Cash","Corporate"
"1001","2203338","104605","CLOSD","3385 Rock Creek Villa Drive, New Kent VA 23141","23141","New Kent","Single Family Residence","11/16/2022","$320,169","$374,184","0","New (never occupied)","2022","Rock Creek Villas","1,493","0.11","2","2.0","Public Water","Sewer - Public","Cash","Corporate"
"1001","2134951","10237","CLOSD","5840 Brickshire Drive, New Kent VA 23140","23140","New Kent","Single Family Residence","11/16/2022","$474,830","$479,233","91","New (never occupied)","2021","Brickshire","2,443","0.37","4","2.1","Public Water","Sewer - Public","Conventional","Corporate"
"1001","REIN10430494","Not Yet Assigned","CLOSD","7689 Leeds Castle Lane, New Kent VA 23124","23124","New Kent","Townhouse","11/16/2022","$354,935","$354,935","0","New (never occupied)","2022","MAIDSTONE VILLAGE","1,914","","3","3.0","Public Water","Public Sewer On Site","",""
"1001","BRTVARC2000218","N0001044020","CLOSD","3111 Cliff Avenue, Richmond City VA 23222","23222","Richmond City","Single Family Residence","11/17/2022","$219,900","$221,000","48","Resale (occupied at least once)","1948","NONE AVAILABLE","1,018","0.14","3","2.0","Public Water","Public Sewer On Site","",""
"1001","2225433","W000-0950-012","CLOSD","2103 Stuart Avenue, Richmond City VA 23220","23220","Richmond City","Single Family Residence","11/17/2022","$749,000","$740,000","34","Resale (occupied at least once)","1910","None","2,044","","3","2.0","Public Water","Sewer - Public","Cash","Individuals"
"1001","2227688","768-761-0526","CLOSD","9729 Candace Court, Henrico VA 23060","23060","Henrico","Townhouse","11/17/2022","$234,900","$240,250","7","Resale (occupied at least once)","1985","Laurel Lakes Ths","1,280","0.04","3","1.1","Public Water","Sewer - Public","Conventional","Individuals"
"1001","2226169","712-68-25-06-400-000","CLOSD","16401 Benmore Road, Chesterfield VA 23120","23120","Chesterfield","Single Family Residence","11/17/2022","$649,950","$675,000","4","Resale (occupied at least once)","2004","None","3,429","8.30","5","3.1","Public Water","Sewer - Public","Conventional","Individuals"
"1001","2214273","117515","CLOSD","7329 Fougere Place, New Kent VA 23124","23124","New Kent","Single Family Residence","11/17/2022","$458,890","$458,990","85","New (never occupied)","2022","Arbors","2,237","","4","2.1","Public Water","Sewer - Public","FHA New","Corporate"
"1001","2214278","117506","CLOSD","7124 Lovegrass Court, New Kent VA 23124","23124","New Kent","Single Family Residence","11/17/2022","$487,990","$487,990","148","New (never occupied)","2022","Arbors","3,052","","5","3.0","Public Water","Sewer - Public","FHA New","Corporate"
"1001","2227021","W000-1076-049","CLOSD","9 South Davis Avenue, Richmond City VA 23220","23220","Richmond City","Single Family Residence","11/17/2022","$500,000","$511,000","4","Resale (occupied at least once)","1920","None","1,520","0.04","3","1.1","Public Water","Sewer - Public","Conventional","Individuals"
"1001","2227693","7796-92-1630","CLOSD","9061 Craney Island, Hanover VA 23116","23116","Hanover","Single Family Residence","11/17/2022","$375,000","$365,000","5","Resale (occupied at least once)","1946","Craney Island Estates","1,947","0.49","5","2.0","Public Water","Sewer - Public","FHA New","Individuals"
"1001","2210802","J13-3227-2127","CLOSD","7219 George Wythe Lane #UnitC, New Kent VA 23124","23124","New Kent","Townhouse","11/17/2022","$275,485","$275,485","0","New (never occupied)","2022","Townhomes at Four Seasons","1,564","","3","2.1","Public Water","Sewer - Public","VA New","Corporate"
"1001","2224436","829-714-3362","CLOSD","313 Green Hollow Lane, Henrico VA 23150","23150","Henrico","Single Family Residence","11/17/2022","$300,000","$290,000","25","Resale (occupied at least once)","2002","Hunters Run","1,710","0.30","3","2.1","Public Water","Sewer - Public","Conventional","Individuals"
"1001","2219248","746-69-72-43-000-000","CLOSD","1200 Hybla Road, Chesterfield VA 23236","23236","Chesterfield","Single Family Residence","11/17/2022","$350,000","$345,000","95","Resale (occupied at least once)","1969","Lake Crystal Farms","2,268","0.51","3","2.1","Public Water","Septic - Conventional","FHA New","Individuals"
"1001","2227654","776-747-7894","CLOSD","6705 Galaxie Road, Henrico VA 23228","23228","Henrico","Single Family Residence","11/17/2022","$399,950","$399,950","8","Resale (occupied at least once)","1950","Pinehurst Gardens","2,156","0.22","4","3.0","Public Water","Sewer - Public","Conventional","Individuals"
"1001","2227288","C005-0296-022","CLOSD","1932 Cedarhurst Drive, Richmond City VA 23225","23225","Richmond City","Single Family Residence","11/17/2022","$349,900","$349,900","11","Resale (occupied at least once)","1959","Forest Hill Farms","1,788","0.47","3","2.0","Public Water","Sewer - Public","Conventional","Individuals"
"1001","2227512","717-66-50-46-500-000","CLOSD","8219 Spiral Drive, Chesterfield VA 23832","23832","Chesterfield","Single Family Residence","11/17/2022","$475,000","$482,500","3","Resale (occupied at least once)","2020","Harpers Mill","2,424","0.30","4","2.1","Public Water","Sewer - Public","Conventional","Individuals"
"1001","2226764","772-735-5697.173","CLOSD","5100 Monument Avenue #Unit1207, Henrico VA 23230","23230","Henrico","Condominium","11/17/2022","$189,500","$189,500","6","Resale (occupied at least once)","1961","5100 Monument","740","0.01","1","1.0","Public Water","Sewer - Public","FHA New","Individuals"
"1001","2226393","728-66-60-07-500-000","CLOSD","14213 Triple Crown Drive, Chesterfield VA 23112","23112","Chesterfield","Single Family Residence","11/17/2022","$369,999","$365,000","26","Resale (occupied at least once)","1988","Deer Run","2,140","0.28","4","2.1","Public Water","Sewer - Public","Conventional","Individuals"
"1001","2200784","104604","CLOSD","3391 Rock Creek Villa Dr, New Kent VA 23141","23141","New Kent","Single Family Residence","11/17/2022","$410,821","$411,558","2","New (never occupied)","2021","Rock Creek Villas","2,221","0.11","3","3.0","Public Water","None","Conventional","Corporate"
"1001","2227851","8705-30-1171","CLOSD","8013 Mike Mundie Lane, Hanover VA 23111","23111","Hanover","Single Family Residence","11/17/2022","$269,950","$269,950","7","Resale (occupied at least once)","1993","Ellerson Station","1,248","0.34","3","2.0","Public Water","Sewer - Public","Conventional","Individuals"
"1001","2221489","N000-1044-020","CLOSD","3111 Cliff Avenue, Richmond City VA 23222","23222","Richmond City","Single Family Residence","11/17/2022","$219,900","$221,000","63","Resale (occupied at least once)","1948","Alvista Heights","1,018","0.14","3","1.1","Public Water","Sewer - Public","FHA New","Corporate"
"1001","2226382","034A-1-37","CLOSD","2248 Walnut Tree Boulevard, Powhatan VA 23139","23139","Powhatan","Single Family Residence","11/17/2022","$389,950","$370,000","22","Resale (occupied at least once)","2009","Walnut Creek","2,091","5.26","4","2.1","Well","Septic - Conventional","VA New","Individuals"
"1001","2227414","To be determined","CLOSD","5406 Ellerbee Mill Court #Unit20-3, Chesterfield VA 23831","23831","Chesterfield","Single Family Residence","11/17/2022","$460,386","$460,386","0","New (never occupied)","2022","The Villas at Iron Mill","2,098","","3","2.0","Public Water","Sewer - Public","VA New","Corporate"
"1001","2212204","7796-77-3205","CLOSD","9290 Marl Ridge Lane, Hanover VA 23116","23116","Hanover","Townhouse","11/17/2022","$453,475","$494,455","4","New (never occupied)","2022","Giles Farm","1,969","","3","2.1","Public Water","Sewer - Public","Cash","Corporate"
"1001","2134674","to be determined","CLOSD","14424 Hancock Towns Drive #UnitL 7-2, Chesterfield VA 23832","23832","Chesterfield","Condominium","11/17/2022","$301,250","$331,250","22","New (never occupied)","2021","Hancock Village","1,502","","3","2.1","Public Water","Sewer - Public","FHA New","Corporate"
"1001","2227147","7880-12-2381","CLOSD","807 Sweet Tessa Drive, Hanover VA 23005","23005","Hanover","Townhouse","11/17/2022","$239,500","$240,000","3","Resale (occupied at least once)","2009","Cottage Green Condos","1,458","0.03","2","2.1","Public Water","Sewer - Public","Conventional","Individuals"
"1001","2227978","752-765-7704","CLOSD","10804 Canaan Valley Court, Henrico VA 23060","23060","Henrico","Single Family Residence","11/17/2022","$424,950","$424,950","7","Resale (occupied at least once)","1988","The Village @ Innsbrook","2,140","0.31","3","2.1","Public Water","Sewer - Public","VA New","Individuals"
"1001","2227648","815-726-9411","CLOSD","5507 Nine Mile Road, Henrico VA 23223","23223","Henrico","Single Family Residence","11/17/2022","$229,950","$235,500","5","Resale (occupied at least once)","1952","Federal Place","1,417","0.37","3","2.0","Public Water","Sewer - Public","Conventional","Individuals"
"1001","2228521","824-724-4699","CLOSD","133 North Juniper Avenue, Henrico VA 23075","23075","Henrico","Single Family Residence","11/17/2022","$169,950","$169,950","0","Resale (occupied at least once)","1959","None","1,014","0.13","3","1.0","Public Water","Sewer - Public","Conventional","Individuals"
"1001","2226443","8724-00-0727","CLOSD","6499 Hanna Drive, Hanover VA 23111","23111","Hanover","Single Family Residence","11/17/2022","$275,000","$287,000","3","Resale (occupied at least once)","1985","High Point Farms","1,144","0.34","3","1.0","Public Water","Sewer - Public","Conventional","Individuals"
"1001","2228417","791-65-90-44-400-000","CLOSD","11411 Rochelle Road, Chesterfield VA 23831","23831","Chesterfield","Single Family Residence","11/17/2022","$329,900","$344,900","3","Resale (occupied at least once)","1970","Trueheart Heights","2,394","0.48","4","2.1","Public Water","Septic - Conventional","Conventional","Individuals"
"1001","2228209","781-64-86-01-200-000","CLOSD","13216 Bradley Bridge Road, Chesterfield VA 23831","23831","Chesterfield","Single Family Residence","11/17/2022","$115,000","$155,500","4","Resale (occupied at least once)","1948","None","720","6.54","2","1.0","Well","Septic - Conventional","Cash","Individuals"
"1001","2228203","N000-0562-006","CLOSD","2104 5th Avenue, Richmond City VA 23222","23222","Richmond City","Single Family Residence","11/17/2022","$137,000","$92,000","14","Resale (occupied at least once)","1922","Chestnut Hills","752","0.14","2","1.0","Other","Other - See Remarks","Cash","Individuals"
"1001","2228131","746-748-7007","CLOSD","1672 Liberty Bell Court, Henrico VA 23238","23238","Henrico","Townhouse","11/17/2022","$225,000","$232,000","4","Resale (occupied at least once)","1981","Heritage Hill Raintree","1,080","0.04","2","1.1","Public Water","Sewer - Public","Conventional","Individuals"
"1001","2228092","768-66-28-98-900-000","CLOSD","9739 Pampas Drive, Chesterfield VA 23832","23832","Chesterfield","Single Family Residence","11/17/2022","$349,950","$364,950","4","Resale (occupied at least once)","1978","Deerfield Estates Resub","2,232","0.45","4","2.1","Public Water","Sewer - Public","Conventional","Individuals"
"1001","2227756","779-744-5746","CLOSD","2418 Essex Road, Henrico VA 23228","23228","Henrico","Single Family Residence","11/17/2022","$435,000","$467,000","4","Resale (occupied at least once)","1953","Bryan Parkway","2,041","0.17","3","2.0","Public Water","Sewer - Public","Conventional","Individuals"
"1001","2227541","N016-0155-015","CLOSD","3304 Edgewood Avenue, Richmond City VA 23222","23222","Richmond City","Single Family Residence","11/17/2022","$436,000","$446,000","5","Resale (occupied at least once)","1942","Ginter Park Terrace","1,804","0.22","3","2.1","Public Water","Sewer - Public","Conventional","Individuals"
"1001","2227455","783654925800000","CLOSD","5407 Ellerbee Mill Court #Unit23-3, Chesterfield VA 23831","23831","Chesterfield","Single Family Residence","11/17/2022","$419,658","$420,009","0","New (never occupied)","2022","The Villas at Iron Mill","1,559","","3","2.0","Public Water","Community - Sewer/Septic","Conventional","Corporate"
"1001","2227444","738-69-31-47-500-000","CLOSD","2006 Valerie Drive, Chesterfield VA 23114","23114","Chesterfield","Single Family Residence","11/17/2022","$330,000","$346,000","3","Resale (occupied at least once)","1999","Westbury","1,601","0.23","3","2.0","Public Water","Sewer - Public","Conventional","Estate"
"1001","2227229","N017-0132-032","CLOSD","4800 West Seminary Avenue, Richmond City VA 23227","23227","Richmond City","Single Family Residence","11/17/2022","$469,000","$485,000","6","Resale (occupied at least once)","1949","North Ginter Park","1,824","0.17","4","2.2","Public Water","Sewer - Public","Conventional","Individuals"
"1001","2226644","729-66-68-88-500-000","CLOSD","8024 Nashua Drive, Chesterfield VA 23112","23112","Chesterfield","Single Family Residence","11/17/2022","$305,000","$310,000","4","Resale (occupied at least once)","1995","Antler Ridge","1,499","0.32","4","2.0","Public Water","Sewer - Public","Conventional","Individuals"
"1001","2226637","S000-1131-013","CLOSD","207 West 30th Street, Richmond City VA 23225","23225","Richmond City","Single Family Residence","11/17/2022","$398,950","$385,000","10","Resale (occupied at least once)","1924","Woodland Heights","1,860","0.21","3","2.1","Public Water","Sewer - Public","Cash","Individuals"
"1001","2226626","S007-1329-034","CLOSD","1507 Willis Street, Richmond City VA 23224","23224","Richmond City","Single Family Residence","11/17/2022","$200,000","$190,000","6","Resale (occupied at least once)","1968","Bellemeade Addition","970","0.15","3","1.0","Public Water","Sewer - Public","FHA New","Individuals"
"1001","2226592","744-756-8971","CLOSD","11116 Riverchase Drive, Henrico VA 23233","23233","Henrico","Single Family Residence","11/17/2022","$685,000","$685,000","5","Resale (occupied at least once)","1993","Church Run","3,361","0.29","5","3.1","Public Water","Sewer - Public","Cash","Individuals"
"1001","2226584","789-754-9561","CLOSD","116 Wilkinson Road, Henrico VA 23227","23227","Henrico","Single Family Residence","11/17/2022","$185,000","$170,000","20","Resale (occupied at least once)","2002","Chamberlayne Farms","1,424","0.33","3","2.1","Public Water","Sewer - Public","Cash","Individuals"
"1001","2225749","743-747-4677","CLOSD","1601 Logwood Circle, Henrico VA 23238","23238","Henrico","Townhouse","11/17/2022","$367,500","$367,500","23","Resale (occupied at least once)","1992","Gayton Forest Townhouses","2,109","0.11","3","2.1","Public Water","Sewer - Public","VA New","Individuals"
"1001","2225559","709-68-48-11-300-000","CLOSD","4806 Jaydee Drive, Chesterfield VA 23120","23120","Chesterfield","Single Family Residence","11/17/2022","$565,000","$580,000","6","Resale (occupied at least once)","2005","Summer Lake","3,259","0.33","5","2.1","Public Water","Sewer - Public","Conventional","Individuals"
"1001","2225220","725-71-64-72-300-000","CLOSD","13700 Durhamshire Court, Chesterfield VA 23113","23113","Chesterfield","Single Family Residence","11/17/2022","$465,000","$453,000","19","Resale (occupied at least once)","1992","Cheltenham At Salisbury","2,221","0.19","3","2.1","Public Water","Sewer - Public","Conventional","Individuals"
"1001","2225083","811-722-7928","CLOSD","203 Glinhurst Road, Henrico VA 23223","23223","Henrico","Single Family Residence","11/17/2022","$189,000","$190,000","5","Resale (occupied at least once)","1963","Hechler Village","1,189","0.29","3","1.0","Public Water","Sewer - Public","Conventional","Individuals"
"1001","2223029","N000-0810-007","CLOSD","2806 4th Avenue, Richmond City VA 23222","23222","Richmond City","Single Family Residence","11/17/2022","$299,950","$300,000","45","Resale (occupied at least once)","1928","The Plateau","1,449","0.24","3","2.0","Public Water","Sewer - Public","Conventional","Individuals"
"1001","2222795","38-2-0-3-0","CLOSD","1883 Cartersville Road, Goochland VA 23063","23063","Goochland","Single Family Residence","11/17/2022","$285,000","$285,000","63","Resale (occupied at least once)","1970","None","1,456","1.19","3","1.0","Well","Septic - Conventional","Conventional","Individuals"
"1001","2211659","7890-86-8396","CLOSD","9468 Andrew Wickham Lane, Hanover VA 23005","23005","Hanover","Single Family Residence","11/17/2022","$767,950","$740,000","155","New (never occupied)","2022","Hickory Hill","3,827","1.01","5","4.1","Well","Septic - Conventional","Conventional","Corporate"
"1001","2204484","712-66-18-55-500-000","CLOSD","16207 Cambian Lane, Chesterfield VA 23832","23832","Chesterfield","Single Family Residence","11/17/2022","$586,950","$621,068","0","New (never occupied)","2022","Harpers Mill","3,490","","4","3.1","Public Water","Sewer - Public","Conventional","Corporate"
"1001","2227177","770-68-62-39-300-000","CLOSD","6110 Jessup Road, Chesterfield VA 23234","23234","Chesterfield","Single Family Residence","11/17/2022","$349,900","$349,900","6","Resale (occupied at least once)","1990","None","2,360","1.36","3","2.1","Public Water","Septic - Conventional","Other","Individuals"
"1001","2226343","7779-69-6900","CLOSD","319 Duncan Street, Hanover VA 23005","23005","Hanover","Single Family Residence","11/18/2022","$400,000","$425,000","7","Resale (occupied at least once)","1951","None","1,980","0.49","4","2.0","Public Water","Sewer - Public","Conventional","Estate"
"1001","BRTVAHN2000160","732-747-2597","CLOSD","2206 Lauderdale Drive, Henrico VA 23238","23238","Henrico","Single Family Residence","11/18/2022","$330,000","$318,000","45","Resale (occupied at least once)","1972","TUCKAHOE VLG WEST","1,554","0.00","3","2.0","Public Water","Public Sewer On Site","",""
"1001","2228493","762-745-2798","CLOSD","1720 Westhill Road, Henrico VA 23226","23226","Henrico","Single Family Residence","11/18/2022","$225,000","$225,000","2","Resale (occupied at least once)","1952","Berkeley Park","864","0.24","3","1.0","Public Water","Sewer - Public","Cash","Individuals"
"1001","BRTVARC2000234","S0000455007","CLOSD","1712 Edwards Avenue, Richmond City VA 23224","23224","Richmond City","Single Family Residence","11/18/2022","$169,900","$115,000","55","Resale (occupied at least once)","1957","MASON PARK","1,080","0.18","3","1.0","Public Water","Public Sewer On Site","",""
"1001","2229044","757-768-4420","CLOSD","5701 Drayton Drive, Henrico VA 23060","23060","Henrico","Single Family Residence","11/18/2022","$339,950","$355,000","5","Resale (occupied at least once)","1995","Linsey Lakes","1,580","0.14","3","2.1","Public Water","Sewer - Public","Cash","Individuals"
"1001","BRTVARC2000246","W0001519009","CLOSD","3319 West Franklin Street, Richmond City VA 23221","23221","Richmond City","Single Family Residence","11/18/2022","$850,000","$900,000","2","Resale (occupied at least once)","1924","MUSEUM  DISTRICT","2,722","0.08","4","4.0","Public Water","Public Sewer On Site","",""
"1001","2226935","C005-0621-074","CLOSD","1116 Leicester Road, Richmond City VA 23225","23225","Richmond City","Single Family Residence","11/18/2022","$254,500","$295,000","8","Resale (occupied at least once)","1951","Forest View Heights","1,460","0.46","4","1.0","Public Water","Sewer - Public","Conventional","Individuals"
"1001","BRTVAHA2000208","7853-21-6612","CLOSD","16114 Daybreak Lane, Hanover VA 23015","23015","Hanover","Single Family Residence","11/18/2022","$650,000","$665,000","77","Resale (occupied at least once)","1988","DAYBREAK","3,787","9.70","5","5.0","Well","Septic","",""
"1001","2218834","7853-21-6612","CLOSD","16114 Daybreak Lane, Hanover VA 23015","23015","Hanover","Single Family Residence","11/18/2022","$650,000","$665,000","77","Resale (occupied at least once)","1988","Daybreak","2,864","9.70","5","3.1","Well","Septic - Conventional","Conventional","Individuals"
"1001","2214257","117503","CLOSD","7125 Lovegrass Court, New Kent VA 23124","23124","New Kent","Single Family Residence","11/18/2022","$501,890","$497,990","100","New (never occupied)","2022","Arbors","3,052","","5","3.0","Public Water","Sewer - Public","FHA New","Corporate"
"1001","2225188","849-710-4970","CLOSD","215 Robbinwood Lane, Henrico VA 23150","23150","Henrico","Single Family Residence","11/18/2022","$339,000","$331,000","27","Resale (occupied at least once)","1962","Robbin Dale Farms","1,768","1.01","4","2.0","Well","Septic - Conventional","FHA New","Corporate"
"1001","2227637","016B-3I-5","CLOSD","3616 Bonnie's Way, Powhatan VA 23139","23139","Powhatan","Single Family Residence","11/18/2022","$770,000","$757,000","2","New (never occupied)","2022","Tilmans Farm","3,607","3.02","6","5.0","Community Well","Septic - Conventional","Conventional","Corporate"
"1001","2226879","802-65-01-51-200-000","CLOSD","2420 Old Bermuda Hundred Road, Chesterfield VA 23836","23836","Chesterfield","Single Family Residence","11/18/2022","$294,000","$306,000","12","Resale (occupied at least once)","1965","Bermuda Place","2,150","0.41","4","2.0","Public Water","Septic - Conventional","FHA New","Corporate"
"1001","2222713","C007-0471-018","CLOSD","1655 Stansbury Avenue, Richmond City VA 23225","23225","Richmond City","Single Family Residence","11/18/2022","$320,000","$304,000","47","Resale (occupied at least once)","1960","Derwent","2,430","0.71","4","2.0","Public Water","Sewer - Public","Conventional","Individuals"
"1001","2223779","782-61-06-81-700-000","CLOSD","21401 Warrior Drive, Chesterfield VA 23803","23803","Chesterfield","Single Family Residence","11/18/2022","$219,999","$220,000","31","Resale (occupied at least once)","1979","Matoaca Manor","1,200","0.30","3","1.1","Public Water","Sewer - Public","FHA New","Individuals"
"1001","2214611","789-64-84-82-400-000","CLOSD","13019 Harrowgate Road, Chesterfield VA 23831","23831","Chesterfield","Single Family Residence","11/18/2022","$314,000","$306,000","82","Resale (occupied at least once)","1964","Victoria Hills","2,952","0.50","4","3.0","Public Water","Septic - Conventional","VA New","Individuals"
"1001","2221456","S0000423025","CLOSD","2109 Boro Ridge Street #UnitFC, Richmond City VA 23225","23225","Richmond City","Townhouse","11/18/2022","$379,990","$379,990","11","New (never occupied)","2022","Belle Heights","1,741","","3","2.2","Public Water","Sewer - Public","Conventional","Corporate"
"1001","2217993","W000-1070-002","CLOSD","2419 Rosewood Avenue, Richmond City VA 23220","23220","Richmond City","Single Family Residence","11/18/2022","$425,000","$425,000","11","Resale (occupied at least once)","1923","None","1,708","0.06","3","1.2","Public Water","Sewer - Public","Conventional","Estate"
"1001","2212507","to be determined","CLOSD","1461 Overbrook Road #UnitA7, Richmond City VA 23220","23220","Richmond City","Condominium","11/18/2022","$489,080","$489,080","158","New (never occupied)","2022","The Outpost at Brewers Row","1,517","","3","2.1","Public Water","Sewer - Public","VA New","Corporate"
"1001","2224684","732-747-2597","CLOSD","2206 Lauderdale Drive, Henrico VA 23238","23238","Henrico","Single Family Residence","11/18/2022","$330,000","$318,000","45","Resale (occupied at least once)","1972","Tuckahoe Village West","1,554","0.32","3","2.0","Public Water","Sewer - Public","Cash","Estate"
"1001","2227188","E000-0612-003","CLOSD","1807 T Street, Richmond City VA 23223","23223","Richmond City","Single Family Residence","11/18/2022","$235,000","$250,000","5","Resale (occupied at least once)","1922","Howards Grove","960","0.11","3","1.1","Public Water","Sewer - Public","VHDA ","Individuals"
"1001","2218842","N017-0134-024","CLOSD","4816 Chamberlayne Avenue, Richmond City VA 23227","23227","Richmond City","Single Family Residence","11/18/2022","$439,000","$430,000","34","Resale (occupied at least once)","1928","North Ginter Park","3,171","0.17","4","2.1","Public Water","Sewer - Public","Conventional","Individuals"
"1001","2203801","TBD","CLOSD","4912 Sir Sagamore Drive, Chesterfield VA 23237","23237","Chesterfield","Single Family Residence","11/18/2022","$444,895","$444,895","0","New (never occupied)","2022","Kingsland Woods","2,423","","3","2.1","Public Water","Sewer - Public","VA New","Corporate"
"1001","2224832","to be determined","CLOSD","1453 Overbrook Road #UnitA3, Richmond City VA 23220","23220","Richmond City","Condominium","11/18/2022","$484,700","$485,595","24","New (never occupied)","2022","The Outpost at Brewers Row","1,528","","2","2.1","Public Water","Sewer - Public","VA New","Corporate"
"1001","2228599","763-744-9019","CLOSD","7113 Walford Avenue, Henrico VA 23226","23226","Henrico","Single Family Residence","11/18/2022","$247,500","$247,500","10","Resale (occupied at least once)","1951","Fort Hill","864","0.38","3","1.0","Public Water","Sewer - Public","Conventional","Individuals"
"1001","2224144","7836-34-3275","CLOSD","19173 Teman Road, Hanover VA 23015","23015","Hanover","Single Family Residence","11/18/2022","$479,500","$479,500","3","New (never occupied)","2022","None","2,125","4.55","3","2.0","Well","Septic - Conventional","Conventional","Individuals"
"1001","2212244","825660743900000","CLOSD","12013 Almer Lane, Chesterfield VA 23836","23836","Chesterfield","Single Family Residence","11/18/2022","$629,620","$629,620","0","New (never occupied)","2022","The Landings at Meadowville","4,165","","5","4.1","Public Water","Sewer - Public","Conventional","Corporate"
"1001","2215821","699674541100000","CLOSD","6512 Hammock Creek Drive, Chesterfield VA 23120","23120","Chesterfield","Single Family Residence","11/18/2022","$642,560","$642,560","0","New (never occupied)","2022","Magnolia Green","2,813","","5","3.0","Public Water","Sewer - Public","Conventional","Corporate"
"1001","2228225","to be determined","CLOSD","1477 Overbrook Road #UnitA15, Richmond City VA 23220","23220","Richmond City","Condominium","11/18/2022","$505,200","$505,200","0","New (never occupied)","2022","The Outpost at Brewers Row","1,570","","2","2.1","Public Water","Sewer - Public","Conventional","Corporate"
"1001","2227100","726-68-60-36-300-000","CLOSD","13916 Sterlings Bridge Road, Chesterfield VA 23112","23112","Chesterfield","Single Family Residence","11/18/2022","$299,000","$300,000","11","Resale (occupied at least once)","1979","Sterlings Bridge","1,650","0.28","3","2.1","Public Water","Sewer - Public","Conventional","Individuals"
"1001","2227641","S007-1081-020","CLOSD","2111 Harwood Street, Richmond City VA 23224","23224","Richmond City","Single Family Residence","11/18/2022","$235,000","$230,000","4","Resale (occupied at least once)","1938","Richmond Summit","1,621","0.13","3","2.0","Public Water","Sewer - Public","FHA New","Corporate"
"1001","2227268","S006-0369-003","CLOSD","5206 Clarence Street, Richmond City VA 23225","23225","Richmond City","Single Family Residence","11/18/2022","$279,000","$275,000","12","Resale (occupied at least once)","1950","Holmes Heights","952","0.17","3","1.0","Public Water","Sewer - Public","Conventional","Individuals"
"1001","2228030","784-69-38-08-200-000","CLOSD","4518 Falling Creek Circle, Chesterfield VA 23234","23234","Chesterfield","Single Family Residence","11/18/2022","$227,500","$230,000","5","Resale (occupied at least once)","1945","Ampthill Heights","1,296","0.27","3","2.0","Public Water","Sewer - Public","Conventional","Individuals"
"1001","2227869","765-753-6139","CLOSD","3100 Trail Drive, Henrico VA 23228","23228","Henrico","Single Family Residence","11/18/2022","$260,000","$253,750","9","Resale (occupied at least once)","1955","Woodlawn Farms","1,530","0.36","3","1.0","Public Water","Sewer - Public","FHA New","Estate"
"1001","2226976","774-744-3490.106","CLOSD","9 Snughaven Road, Henrico VA 23228","23228","Henrico","Condominium","11/18/2022","$139,900","$144,000","17","Resale (occupied at least once)","1962","Hamlet Condominium","923","0.02","2","1.1","Public Water","Sewer - Public","VA New","Individuals"
"1001","2226733","7796-97-7359","CLOSD","8965 Ringview Drive, Hanover VA 23116","23116","Hanover","Townhouse","11/18/2022","$349,000","$365,000","4","Resale (occupied at least once)","2018","Cool Spring West","1,564","0.08","3","2.1","Public Water","Sewer - Public","Conventional","Individuals"
"1001","2226518","C007-0471-024","CLOSD","1637 Stansbury Avenue, Richmond City VA 23225","23225","Richmond City","Single Family Residence","11/18/2022","$249,000","$250,000","25","Resale (occupied at least once)","1959","Derwent","1,140","0.34","3","1.1","Public Water","Sewer - Public","FHA New","Individuals"
"1001","2226054","723-67-33-50-000-000","CLOSD","14108 Southshore Court, Chesterfield VA 23112","23112","Chesterfield","Single Family Residence","11/18/2022","$439,950","$439,950","34","Resale (occupied at least once)","1996","Southshore","2,383","0.42","4","3.1","Public Water","Sewer - Public","Conventional","Individuals"
"1001","2225075","738-755-6131","CLOSD","11801 Marnelan Place, Henrico VA 23233","23233","Henrico","Single Family Residence","11/18/2022","$439,750","$430,000","26","Resale (occupied at least once)","1989","Coventry","1,903","0.37","4","2.1","Public Water","Sewer - Public","Conventional","Individuals"
"1001","2223473","8717-55-5684","CLOSD","7218 Windermere Drive, Hanover VA 23116","23116","Hanover","Single Family Residence","11/18/2022","$450,000","$428,000","11","Resale (occupied at least once)","2017","Colonial Forest","1,760","1.00","3","2.1","Public Water","Septic - Engineered","USDA","Corporate"
"1001","2219084","746-764-0958.012","CLOSD","4640 Vanner Lane, Henrico VA 23060","23060","Henrico","Condominium","11/18/2022","$649,000","$649,000","13","Resale (occupied at least once)","2019","Sadler Crossing","3,244","","4","2.1","Public Water","Sewer - Public","Conventional","Individuals"
"1001","2218465","810-729-8746","CLOSD","1109 Aubuchon Road, Henrico VA 23223","23223","Henrico","Single Family Residence","11/18/2022","$213,500","$212,500","66","Resale (occupied at least once)","1988","Mitcheltree","1,344","0.18","3","2.0","Public Water","Sewer - Public","FHA New","Estate"
"1001","2227886","821-725-5232","CLOSD","11 South Beech Avenue, Henrico VA 23075","23075","Henrico","Single Family Residence","11/18/2022","$150,000","$154,000","6","Resale (occupied at least once)","1958","Highland Springs","970","0.12","3","1.0","Public Water","Sewer - Public","FHA New","Individuals"
"1001","2212087","826-66-10-30-100-000","CLOSD","11730 Riverboat Drive, Chesterfield VA 23836","23836","Chesterfield","Single Family Residence","11/18/2022","$564,950","$677,756","0","New (never occupied)","2022","Meadowville Landing","3,090","","5","4.0","Public Water","Sewer - Public","Conventional","Corporate"
"1001","2228805","827-714-1132","CLOSD","16 East Gray Street, Henrico VA 23150","23150","Henrico","Single Family Residence","11/18/2022","$225,000","$225,000","8","Resale (occupied at least once)","1958","Sandston","1,095","0.29","3","1.0","Public Water","Sewer - Public","Conventional","Individuals"
"1001","2228274","738-71-34-37-200-107","CLOSD","11765 North Briar Patch Drive, Chesterfield VA 23113","23113","Chesterfield","Condominium","11/18/2022","$195,000","$195,000","2","Resale (occupied at least once)","1974","Briarwood Hearth","1,164","25.94","2","1.1","Public Water","Sewer - Public","Conventional","Individuals"
"1001","2224265","742-779-5570.035","CLOSD","10832 Dominion Fairways Drive, Henrico VA 23059","23059","Henrico","Condominium","11/18/2022","$499,950","$480,000","47","Resale (occupied at least once)","1996","Fairways At Wyndham","1,998","9.41","3","2.1","Public Water","Sewer - Public","Cash","Individuals"
"1001","2228043","746-70-27-16-700-000","CLOSD","10407 Marbleridge Court, Chesterfield VA 23236","23236","Chesterfield","Single Family Residence","11/18/2022","$264,950","$268,000","7","Resale (occupied at least once)","1977","Briarcliff Section 2","1,332","0.38","3","1.1","Public Water","Sewer - Public","Conventional","Individuals"
"1001","2223861","W000-1518-103","CLOSD","601 Roseneath Road #UnitU13, Richmond City VA 23221","23221","Richmond City","Condominium","11/18/2022","$219,000","$210,000","55","Resale (occupied at least once)","1926","None","829","0.02","1","1.0","Public Water","Sewer - Public","Conventional","Individuals"
"1001","2225720","770-69-48-08-200-000","CLOSD","2930 Ennismore Court, Chesterfield VA 23224","23224","Chesterfield","Townhouse","11/18/2022","$195,000","$197,000","14","Resale (occupied at least once)","1974","Newberry Towne","1,584","0.07","3","2.1","Public Water","Sewer - Public","FHA New","Individuals"
"1001","2212140","699674560500000","CLOSD","6518 Hammock Creek Drive, Chesterfield VA 23120","23120","Chesterfield","Single Family Residence","11/18/2022","$592,925","$592,925","0","New (never occupied)","2022","Magnolia Green","3,530","","6","4.0","Public Water","Sewer - Public","Conventional","Corporate"
"1001","2227276","7797-90-6655","CLOSD","10041 Bee Apple Place, Hanover VA 23116","23116","Hanover","Single Family Residence","11/18/2022","$565,000","$546,000","21","Resale (occupied at least once)","2017","Honey Meadows","3,476","0.20","5","3.1","Public Water","Sewer - Public","Conventional","Individuals"
"1001","2227133","749-766-6588","CLOSD","4417 Cedar Forest Road, Henrico VA 23060","23060","Henrico","Single Family Residence","11/18/2022","$485,500","$485,500","2","Resale (occupied at least once)","1993","Saddle Brooke","2,228","0.24","4","2.1","Public Water","Sewer - Public","Conventional","Individuals"
"1001","2225037","7804-20-4095","CLOSD","17008 New Westridge Road, Hanover VA 23192","23192","Hanover","Single Family Residence","11/18/2022","$350,000","$330,000","38","Resale (occupied at least once)","1991","Westridge","2,084","3.01","3","2.1","Well","Septic - Conventional","Conventional","Individuals"
"1001","2224156","735-760-4082","CLOSD","13124 Langtree Drive, Henrico VA 23233","23233","Henrico","Single Family Residence","11/18/2022","$399,000","$402,000","46","Resale (occupied at least once)","1992","Langtree At Wellesley","1,694","0.18","3","2.1","Public Water","Sewer - Public","Conventional","Individuals"
"1001","2227441","787-65-58-68-900-000","CLOSD","4404 Village Garden Circle, Chesterfield VA 23831","23831","Chesterfield","Single Family Residence","11/18/2022","$359,900","$357,000","5","Resale (occupied at least once)","2005","Chester Village Green","2,062","0.15","3","2.0","Public Water","Sewer - Public","Cash","Individuals"
"1001","2221828","736-70-44-89-500-000","CLOSD","12001 Wexwood Drive, Chesterfield VA 23236","23236","Chesterfield","Single Family Residence","11/18/2022","$624,900","$610,000","80","Resale (occupied at least once)","1975","Stonehenge","3,328","0.62","4","2.1","Public Water","Sewer - Public","Conventional","Corporate"
"1001","2133903","712-66-27-01-100-000","CLOSD","16018 Cambian Lane, Chesterfield VA 23832","23832","Chesterfield","Single Family Residence","11/18/2022","$563,950","$843,475","0","New (never occupied)","2022","Harpers Mill","5,556","","6","6.0","Public Water","Sewer - Public","Conventional","Corporate"
"1001","2229997","46 36 F","CLOSD","18457 New Kent Highway, New Kent VA 23011","23011","New Kent","Single Family Residence","11/18/2022","$99,000","$120,000","7","Resale (occupied at least once)","1978","None","1,278","0.49","3","1.0","Well","Septic - Conventional","Cash","Other"
"1001","2229322","764-69-80-15-900-000","CLOSD","1807 Forestdale Drive, Chesterfield VA 23235","23235","Chesterfield","Single Family Residence","11/18/2022","$274,950","$272,000","3","Resale (occupied at least once)","1973","Forestdale","1,701","0.34","3","2.0","Public Water","Sewer - Public","Cash","Individuals"
"1001","2229169","777-68-09-44-600-000","CLOSD","6712 Gateline Drive, Chesterfield VA 23234","23234","Chesterfield","Single Family Residence","11/18/2022","$258,500","$258,500","6","Resale (occupied at least once)","1985","Irongate","1,872","0.48","4","2.1","Public Water","Sewer - Public","Cash","Individuals"
"1001","2228968","731-751-0255.507","CLOSD","2460 Stembridge Court #UnitG, Henrico VA 23238","23238","Henrico","Condominium","11/18/2022","$209,950","$203,000","9","Resale (occupied at least once)","1988","Palmer Place Condo","1,025","4.68","2","2.0","Public Water","Sewer - Public","Cash","Individuals"
"1001","2228455","766-68-33-68-200-000","CLOSD","7019 Fairpines Road, Chesterfield VA 23832","23832","Chesterfield","Single Family Residence","11/18/2022","$212,500","$230,288","2","Resale (occupied at least once)","1959","Land-O-Pines","1,456","0.82","3","1.1","Public Water","Septic - Conventional","Cash","Individuals"
"1001","2228421","W000-1519-009","CLOSD","3319 West Franklin Street, Richmond City VA 23221","23221","Richmond City","Single Family Residence","11/18/2022","$850,000","$900,000","2","Resale (occupied at least once)","1924","Lee Annex","2,072","0.08","4","2.2","Public Water","Sewer - Public","Cash","Individuals"
"1001","2228250","7789-96-3339","CLOSD","12703 Mount Hermon Road, Hanover VA 23005","23005","Hanover","Single Family Residence","11/18/2022","$215,000","$216,000","4","Resale (occupied at least once)","1945","None","1,368","1.03","3","1.0","Well","Septic - Conventional","Conventional","Individuals"
"1001","2228229","W000-1280-001","CLOSD","2927 Parkwood Avenue, Richmond City VA 23221","23221","Richmond City","Single Family Residence","11/18/2022","$599,900","$659,750","6","Resale (occupied at least once)","1926","None","2,128","0.06","4","2.1","Public Water","Sewer - Public","Conventional","Individuals"
"1001","2228186","50-45","CLOSD","10885 Harrison Lake Drive, Charles City County VA 23030","23030","Charles City County","Single Family Residence","11/18/2022","$235,000","$223,000","5","Resale (occupied at least once)","2000","None","2,000","12.50","3","2.0","Well","Septic - Conventional","Cash","Individuals"
"1001","2228173","738-69-46-36-800-000","CLOSD","1731 Winbury Drive, Chesterfield VA 23114","23114","Chesterfield","Single Family Residence","11/18/2022","$399,990","$400,000","6","Resale (occupied at least once)","1998","Westbury","2,201","0.21","4","2.1","Public Water","Sewer - Public","Conventional","Individuals"
"1001","2228112","809-716-6518","CLOSD","4512 Hillbrook Avenue, Henrico VA 23231","23231","Henrico","Single Family Residence","11/18/2022","$180,000","$170,000","0","Resale (occupied at least once)","1977","Village Green","1,384","0.22","3","1.1","Public Water","Sewer - Public","Private","Individuals"
"1001","2228062","737-71-07-17-200-000","CLOSD","11930 Corianna Lane, Chesterfield VA 23113","23113","Chesterfield","Single Family Residence","11/18/2022","$360,000","$370,000","5","Resale (occupied at least once)","1974","Olde Coach Village","1,725","0.33","3","2.0","Public Water","Sewer - Public","Conventional","Individuals"
"1001","2228042","W019-0197-007","CLOSD","4907 Park Avenue, Richmond City VA 23226","23226","Richmond City","Single Family Residence","11/18/2022","$673,000","$673,000","5","Resale (occupied at least once)","1940","Patterson Place","2,155","0.16","3","2.0","Public Water","Sewer - Public","Conventional","Individuals"
"1001","2227853","755-71-83-04-300-000","CLOSD","2430 Buford Road, Chesterfield VA 23235","23235","Chesterfield","Single Family Residence","11/18/2022","$309,995","$312,500","2","Resale (occupied at least once)","1952","Bon Air","1,180","0.44","3","1.1","Public Water","Septic - Conventional","Conventional","Individuals"
"1001","2227842","771-761-8994","CLOSD","2702 Tanager Road, Henrico VA 23228","23228","Henrico","Single Family Residence","11/18/2022","$280,000","$280,000","4","Resale (occupied at least once)","1966","Terry Heights","1,532","0.27","3","1.1","Public Water","Sewer - Public","VA New","Individuals"
"1001","2227718","31  13     1","CLOSD","6575 Pocahontas Trail, New Kent VA 23140","23140","New Kent","Single Family Residence","11/18/2022","$615,000","$600,000","13","Resale (occupied at least once)","1997","None","3,414","15.97","5","4.0","Well","Septic - Conventional","Conventional","Individuals"
"1001","2227692","S004-3330-113","CLOSD","3908 Peyton Avenue, Richmond City VA 23224","23224","Richmond City","Single Family Residence","11/18/2022","$260,000","$260,000","5","Resale (occupied at least once)","1946","Woodside Court","1,594","0.16","4","2.0","Public Water","Sewer - Public","Conventional","Corporate"
"1001","2227666","739-759-6032","CLOSD","11743 Triple Notch Terrace, Henrico VA 23233","23233","Henrico","Townhouse","11/18/2022","$559,900","$550,000","10","Resale (occupied at least once)","2007","Three Notch Place","2,968","0.10","4","2.1","Public Water","Sewer - Public","Conventional","Individuals"
"1001","2227488","8753-10-5372","CLOSD","6015 McClellan Road, Hanover VA 23111","23111","Hanover","Single Family Residence","11/18/2022","$439,000","$446,000","13","Resale (occupied at least once)","2001","None","2,394","2.10","3","3.1","Well","Septic - Conventional","Conventional","Individuals"
"1001","2227369","47-1-0-45-A","CLOSD","2028 Rockville Road, Goochland VA 23146","23146","Goochland","Single Family Residence","11/18/2022","$425,000","$425,000","21","Resale (occupied at least once)","1973","None","2,545","3.00","4","2.1","Well","Septic - Conventional","Cash","Individuals"
"1001","2227272","741-69-29-35-400-000","CLOSD","2007 Providence Creek Trail, Chesterfield VA 23236","23236","Chesterfield","Single Family Residence","11/18/2022","$363,000","$368,000","5","Resale (occupied at least once)","1995","Providence Creek","1,943","0.21","4","2.1","Public Water","Sewer - Public","FHA New","Individuals"
"1001","2227075","738-69-47-86-200-000","CLOSD","1749 Winbury Drive, Chesterfield VA 23114","23114","Chesterfield","Single Family Residence","11/18/2022","$399,000","$415,168","4","Resale (occupied at least once)","2000","Westbury","2,223","0.21","4","2.1","Public Water","Sewer - Public","Conventional","Individuals"
"1001","2227003","757-736-4612","CLOSD","215 Sunset Drive, Henrico VA 23229","23229","Henrico","Single Family Residence","11/18/2022","$999,000","$1,220,000","10","Resale (occupied at least once)","2008","Westham","4,571","0.36","5","5.1","Public Water","Sewer - Public","Conventional","Individuals"
"1001","2226994","750-775-0701","CLOSD","5213 Rivers Edge Place, Henrico VA 23059","23059","Henrico","Single Family Residence","11/18/2022","$779,000","$755,000","9","Resale (occupied at least once)","2003","Wyndham Forest","4,722","0.30","6","5.0","Public Water","Sewer - Public","Conventional","Individuals"
"1001","2226822","8716-12-5379","CLOSD","7427 Strawhorn Drive, Hanover VA 23116","23116","Hanover","Single Family Residence","11/18/2022","$449,950","$440,000","13","Resale (occupied at least once)","1976","Robin Ridge","2,430","0.88","4","2.1","Community Well","Septic - Conventional","Conventional","Individuals"
"1001","2226760","717-68-79-87-700-000","CLOSD","15007 Rankin Drive, Chesterfield VA 23112","23112","Chesterfield","Single Family Residence","11/18/2022","$682,500","$696,100","8","Resale (occupied at least once)","2016","Rountrey","3,257","0.25","5","4.0","Public Water","Sewer - Public","Conventional","Relocation"
"1001","2226630","788-60-90-45-700-000","CLOSD","21424 Perdue Avenue, Chesterfield VA 23803","23803","Chesterfield","Single Family Residence","11/18/2022","$195,000","$195,000","5","Resale (occupied at least once)","1951","Perdue Property","1,570","0.35","4","1.0","Public Water","Sewer - Public","FHA New","Individuals"
"1001","2226622","771-752-3918","CLOSD","4115 New Hermitage Drive, Henrico VA 23228","23228","Henrico","Townhouse","11/18/2022","$332,500","$327,500","11","Resale (occupied at least once)","2017","Hermitage Townes","1,940","0.04","3","2.1","Public Water","Sewer - Public","Conventional","Individuals"
"1001","2226571","742-69-90-23-200-000","CLOSD","825 Coralberry Drive, Chesterfield VA 23236","23236","Chesterfield","Single Family Residence","11/18/2022","$399,950","$420,000","7","Resale (occupied at least once)","1994","Monacan Hills","2,207","0.30","4","2.1","Public Water","Sewer - Public","Conventional","Individuals"
"1001","2226186","W000-1790-013","CLOSD","4001 Monument Avenue, Richmond City VA 23230","23230","Richmond City","Single Family Residence","11/18/2022","$529,950","$540,000","12","Resale (occupied at least once)","1951","Monument Annex","1,847","0.17","3","1.1","Public Water","Sewer - Public","Cash","Individuals"
"1001","2225976","752-741-2762","CLOSD","8719 Mapleton Road, Henrico VA 23229","23229","Henrico","Single Family Residence","11/18/2022","$329,000","$320,000","7","Resale (occupied at least once)","1955","Ridgecrest","1,688","0.28","4","2.0","Public Water","Sewer - Public","Conventional","Individuals"
"1001","2225867","019-42","CLOSD","3352 John Tree Hill Road, Powhatan VA 23139","23139","Powhatan","Single Family Residence","11/18/2022","$895,000","$840,000","23","Resale (occupied at least once)","1994","None","6,240","22.04","4","3.1","Well","Septic - Conventional","Conventional","Other"
"1001","2225406","781-67-07-13-900-000","CLOSD","4407 Green Cedar Lane, Chesterfield VA 23237","23237","Chesterfield","Single Family Residence","11/18/2022","$284,950","$287,000","2","Resale (occupied at least once)","1981","Treemont","1,818","","3","2.1","Public Water","Sewer - Public","Conventional","Individuals"
"1001","2225078","7397790375","CLOSD","12403 Morgans Glen Circle, Henrico VA 23059","23059","Henrico","Townhouse","11/18/2022","$359,000","$335,000","34","Resale (occupied at least once)","1996","Morgans Glen At Wyndham","1,740","0.07","3","2.1","Public Water","Sewer - Public","Conventional","Individuals"
"1001","2224117","C008-0948-032","CLOSD","3720 Cottrell Road, Richmond City VA 23234","23234","Richmond City","Single Family Residence","11/18/2022","$235,000","$236,000","39","Resale (occupied at least once)","1976","None","1,114","0.39","3","2.0","Public Water","Sewer - Public","Conventional","Estate"
"1001","2223997","805-712-6071","CLOSD","5219 Montpelier Street, Henrico VA 23231","23231","Henrico","Single Family Residence","11/18/2022","$274,950","$280,500","2","New (never occupied)","2022","National Heights","1,450","0.15","4","2.1","Public Water","Sewer - Public","FHA New","Corporate"
"1001","2223721","016-68A","CLOSD","3599 Huguenot Trail, Powhatan VA 23139","23139","Powhatan","Single Family Residence","11/18/2022","$550,000","$620,000","0","Resale (occupied at least once)","1988","None","3,054","9.46","4","2.1","Well","Septic - Conventional","Conventional","Individuals"
"1001","2222815","778-768-7589","CLOSD","1901 Sharbel Circle, Henrico VA 23059","23059","Henrico","Single Family Residence","11/18/2022","$496,950","$505,000","9","Resale (occupied at least once)","2011","Maron Heights","2,388","0.31","4","2.1","Public Water","Sewer - Public","Cash","Individuals"
"1001","2222471","042D-2B-9","CLOSD","1509 Swiftwood Drive, Powhatan VA 23139","23139","Powhatan","Single Family Residence","11/18/2022","$350,000","$370,000","2","Resale (occupied at least once)","1988","Swiftwood","1,766","1.97","3","2.1","Well","Septic - Conventional","Conventional","Individuals"
"1001","2222453","765-752-8196","CLOSD","3014 Hungary Spring Road, Henrico VA 23228","23228","Henrico","Single Family Residence","11/18/2022","$250,000","$205,000","21","Resale (occupied at least once)","1955","Woodlawn Farms","1,725","0.48","4","2.0","Public Water","Sewer - Public","Cash","Individuals"
"1001","2220793","749-743-6438","CLOSD","9218 Gayton Oaks Court, Henrico VA 23229","23229","Henrico","Single Family Residence","11/18/2022","$499,000","$485,000","25","Resale (occupied at least once)","2008","Gayton Oaks","2,511","0.25","4","2.1","Public Water","Septic - Mound, Sewer - Public","Conventional","Individuals"
"1001","2220514","822-726-9306","CLOSD","114 North Daisy Avenue, Henrico VA 23075","23075","Henrico","Single Family Residence","11/18/2022","$175,000","$155,000","70","Resale (occupied at least once)","1948","Highland Springs","1,134","0.18","2","1.0","Public Water","Sewer - Public","FHA New","Individuals"
"1001","2218001","028E-1-5","CLOSD","2620 Glenridge Drive, Powhatan VA 23139","23139","Powhatan","Single Family Residence","11/18/2022","$379,900","$370,000","116","Resale (occupied at least once)","1995","Glenbrooke","1,553","2.00","3","2.0","Well","Septic - Conventional","VA New","Individuals"
"1001","2215747","731-764-8575","CLOSD","369 Souldren Walk #Unit17B, Henrico VA 23233","23233","Henrico","Condominium","11/18/2022","$689,950","$687,910","14","New (never occupied)","2022","Greengate","2,487","","3","2.1","Public Water","Sewer - Public","Cash","Corporate"
"1001","2212447","738679539500000","CLOSD","12205 Lightning Bug Loop, Chesterfield VA 23112","23112","Chesterfield","Townhouse","11/18/2022","$325,525","$325,865","0","New (never occupied)","2022","Wescott","1,365","","3","2.1","Public Water","Sewer - Public","Conventional","Corporate"
"1001","2211770","8706-57-9727","CLOSD","8105 Lyman Court, Hanover VA 23116","23116","Hanover","Single Family Residence","11/18/2022","$528,625","$545,240","0","New (never occupied)","2022","Rutland","2,653","","4","3.0","Public Water","Sewer - Public","Conventional","Corporate"
"1001","2210405","775-65-62-77-200-000","CLOSD","11249 Magill Terrace Drive, Chesterfield VA 23831","23831","Chesterfield","Townhouse","11/18/2022","$341,950","$358,210","0","New (never occupied)","2022","IronBridge Townhomes","2,048","","3","3.2","Public Water","Sewer - Public","Conventional","Corporate"
"1001","2210349","824-692-6596","CLOSD","3462 Macallan Parkway, Henrico VA 23231","23231","Henrico","Single Family Residence","11/18/2022","$458,975","$471,790","61","New (never occupied)","2022","Castleton","2,594","","4","3.0","Public Water","Sewer - Public","FHA New","Corporate"
"1001","2208942","Not Yet Assigned","CLOSD","6536 Hammock Creek Drive, Chesterfield VA 23120","23120","Chesterfield","Single Family Residence","11/18/2022","$580,280","$580,820","0","New (never occupied)","2022","Magnolia Green","2,953","","5","3.0","Public Water","Sewer - Public","Conventional","Corporate"
"1001","2207159","768655433600000","CLOSD","11601 Amara Drive, Chesterfield VA 23838","23838","Chesterfield","Single Family Residence","11/18/2022","$552,920","$552,920","0","New (never occupied)","2022","The Highlands","3,656","","5","4.0","Public Water","Sewer - Public","Conventional","Corporate"
"1001","2202768","761-65-58-02-800-000","CLOSD","11224 Cypress Branch Lane, Chesterfield VA 23838","23838","Chesterfield","Single Family Residence","11/18/2022","$564,950","$663,389","0","New (never occupied)","2022","The Highlands","3,081","","4","3.1","Public Water","Septic - Conventional","Conventional","Corporate"
"1001","2134074","to be determined","CLOSD","14430 Hancock Towns Drive #UnitL 10-2, Chesterfield VA 23832","23832","Chesterfield","Condominium","11/18/2022","$371,705","$371,275","49","New (never occupied)","2021","Hancock Village","2,421","","3","2.1","Public Water","Sewer - Public","FHA New","Corporate"
"1001","2133681","762-65-58-39-200-000","CLOSD","8300 Cypress Pond Lane, Chesterfield VA 23838","23838","Chesterfield","Single Family Residence","11/18/2022","$533,950","$736,685","0","New (never occupied)","2021","The Highlands","3,352","1.59","4","3.1","Public Water","Septic - Conventional","Conventional","Corporate"
"1001","BRTVAHN2000192","829-723-1858","CLOSD","317 Carlstone Drive, Henrico VA 23075","23075","Henrico","Single Family Residence","11/18/2022","$264,900","$264,950","3","Resale (occupied at least once)","1975","FAIR OAKS TERRACE","1,544","0.00","3","2.0","Public Water","Public Sewer On Site","",""
"1001","REIN10463354","2310","CLOSD","18457 New Kent Highway, New Kent VA 23011","23011","New Kent","Single Family Residence","11/18/2022","$99,000","$120,000","6","Resale (occupied at least once)","1978","ALL OTHERS AREA 140","1,278","","3","1.0","Well","Septic","",""
"1001","REIN10460380","50-45","CLOSD","10885 Harrison Lake Drive, Charles City County VA 23030","23030","Charles City County","Single Family Residence","11/18/2022","$235,000","$223,000","4","Resale (occupied at least once)","2000","ALL OTHERS AREA 142","2,000","12.50","3","2.0","Well","Septic","",""
"1001","2229337","C008-0347-026","CLOSD","4501 Britannia Road, Richmond City VA 23234","23234","Richmond City","Single Family Residence","11/19/2022","$224,900","$222,000","6","Resale (occupied at least once)","1930","British Camp Farm","936","0.45","3","1.0","Public Water","Sewer - Public","Cash","Individuals"
