"#","ML #","PID","Status","Address Line","Zip","County/City","Type","Sales Date","List Price","Sales Price","Days On Market","New/Resale","Year Built","Subdivision","SqFtTotal","Acres","# Bedrooms","Total Baths","Water","Sewer","Sold Terms","Owned By"
"1","2419457","741-72-06-06-300-000","CLOSD","11418 Pinifer Park Court, Chesterfield VA 23113","23113","Chesterfield","Single Family Residence","10/22/2024","$1,675,000","$1,675,000","9","Resale (occupied at least once)","1910","Queenspark","5,697","1.31","6","5.2","Public Water","Sewer - Public","Conventional","Individuals"
"1","2409237","824660290800000","CLOSD","1807 Galley Place, Chesterfield VA 23836","23836","Chesterfield","Single Family Residence","10/22/2024","$545,140","$545,140","30","New (never occupied)","2024","Twin Rivers","2,152","","2","2.1","Public Water","Sewer - Public","VA New","Corporate"
"1","2301781","33B13 1EL 75","CLOSD","4732 Bishops Gate Way, New Kent VA 23140","23140","New Kent","Single Family Residence","10/22/2024","$523,990","$539,945","419","New (never occupied)","2023","Brickshire","3,009","0.29","5","3.0","Public Water","Sewer - Public","FHA New","Corporate"
"1","2419583","023-62","CLOSD","2770 Trenholm Road, Powhatan VA 23139","23139","Powhatan","Single Family Residence","10/22/2024","$299,950","$300,000","5","Resale (occupied at least once)","1983","None","1,473","8.26","3","2.1","Well","Septic - Conventional","Other","Estate"
"1","2420773","C005-0603-086","CLOSD","6809 Grand Brook Court, Richmond City VA 23225","23225","Richmond City","Townhouse","10/22/2024","$295,000","$295,000","26","Resale (occupied at least once)","2008","Townes At Grand Oaks","1,426","0.04","3","2.1","Public Water","Sewer - Public","Conventional","Individuals"
"1","2424691","780-745-9623","CLOSD","2129 Clarke Street, Henrico VA 23228","23228","Henrico","Single Family Residence","10/22/2024","$319,000","$344,000","5","Resale (occupied at least once)","1939","Lakeside","1,042","0.12","2","1.0","Public Water","Sewer - Public","Conventional","Individuals"
"1","2421975","792-63-51-16-400-000","CLOSD","3806 Harrmeadow Lane, Chesterfield VA 23831","23831","Chesterfield","Single Family Residence","10/22/2024","$465,000","$465,000","16","Resale (occupied at least once)","2011","Harrowgate Meadows","2,646","0.28","4","3.1","Public Water","Sewer - Public","Conventional","Individuals"
"1","2422952","S007-1227-013","CLOSD","1504 Columbia Street, Richmond City VA 23224","23224","Richmond City","Single Family Residence","10/22/2024","$230,000","$227,500","23","Resale (occupied at least once)","1941","Bellemeade Addition","936","0.37","2","1.0","Public Water","Sewer - Public","Conventional","Individuals"
"1","2421917","C002-0142-024","CLOSD","3706 West Weyburn Road, Richmond City VA 23235","23235","Richmond City","Single Family Residence","10/22/2024","$499,000","$504,000","21","Resale (occupied at least once)","1958","Oxford Addition","2,330","0.55","3","2.1","Public Water","Sewer - Public","Conventional","Individuals"
"1","2407973","8704-87-5657","CLOSD","7404 Atlee Road, Hanover VA 23111","23111","Hanover","Single Family Residence","10/22/2024","$383,365","$383,397","25","New (never occupied)","2024","Full View Manor","1,188","0.27","3","2.0","Public Water","Sewer - Public","Conventional","Corporate"
"1","2423614","796-61-98-31-100-000","CLOSD","3513 Maurer Court, Chesterfield VA 23834","23834","Chesterfield","Single Family Residence","10/22/2024","$289,950","$289,950","3","Resale (occupied at least once)","1995","Branders Estate","1,536","0.24","4","2.0","Public Water","None","Conventional","Individuals"
"1","2423894","8715-96-2182","CLOSD","8311 Laurel Meadows Drive, Hanover VA 23111","23111","Hanover","Single Family Residence","10/22/2024","$399,950","$400,000","4","Resale (occupied at least once)","1994","Laurel Meadows","1,611","0.35","3","2.1","Public Water","Sewer - Public","FHA New","Individuals"
"1","2407589","779-771-8997","CLOSD","10836 Farmstead Mill Lane, Henrico VA 23059","23059","Henrico","Townhouse","10/22/2024","$435,835","$435,835","0","New (never occupied)","2024","River Mill","1,914","","3","2.1","Public Water","Sewer - Public","Cash","Corporate"
"1","2414999","740-66-82-32-800-000","CLOSD","9007 Sugar Hill Place, Chesterfield VA 23112","23112","Chesterfield","Single Family Residence","10/22/2024","$549,950","$540,000","81","Resale (occupied at least once)","2019","Bayhill Pointe","2,358","0.35","4","2.1","Public Water","Sewer - Public","VA New","Individuals"
"1","2422487","756-768-5036","CLOSD","5612 Stone Lake Drive, Henrico VA 23060","23060","Henrico","Single Family Residence","10/22/2024","$417,000","$421,000","3","Resale (occupied at least once)","1995","Linsey Lakes","1,422","0.25","3","2.1","Public Water","Sewer - Public","Conventional","Individuals"
"1","2425309","706-68-69-63-900-000","CLOSD","5113 Lake Summer Loop, Chesterfield VA 23120","23120","Chesterfield","Single Family Residence","10/22/2024","$912,000","$1,001,461","0","New (never occupied)","2024","Summer Lake","4,050","0.44","4","4.0","Public Water","Sewer - Public","Conventional","Corporate"
"1","2424908","746-69-26-37-900-000","CLOSD","2121 Courthouse Road, Chesterfield VA 23236","23236","Chesterfield","Single Family Residence","10/22/2024","$249,950","$250,000","11","Resale (occupied at least once)","1972","Arrowhead","1,448","0.35","3","1.1","Public Water","Sewer - Public","Cash","Individuals"
"1","2424745","E000-0938-018","CLOSD","1713 North 21st Street, Richmond City VA 23223","23223","Richmond City","Single Family Residence","10/22/2024","$189,000","$195,000","21","Resale (occupied at least once)","1910","East End","927","0.06","2","1.0","Public Water","Sewer - Public","Conventional","Individuals"
"1","2424193","773-753-4716","CLOSD","8057 Hermitage Road, Henrico VA 23228","23228","Henrico","Single Family Residence","10/22/2024","$199,990","$216,500","5","Resale (occupied at least once)","1981","Hermitage Heights","1,056","0.64","3","2.0","Public Water","Sewer - Public","Cash","Individuals"
"1","2424085","W019-0260-005","CLOSD","4637 Stuart Avenue, Richmond City VA 23226","23226","Richmond City","Single Family Residence","10/22/2024","$625,000","$697,000","5","Resale (occupied at least once)","1939","Colonial Place","1,658","0.19","3","2.0","Public Water","Sewer - Public","Conventional","Individuals"
"1","2424012","759-738-7118","CLOSD","7709 Cornwall Road, Henrico VA 23229","23229","Henrico","Single Family Residence","10/22/2024","$625,000","$743,000","7","Resale (occupied at least once)","1952","Westham","1,784","0.47","3","2.0","Public Water","Sewer - Public","Conventional","Individuals"
"1","2423942","750-71-89-87-300-000","CLOSD","2724 Williamswood Road, Chesterfield VA 23235","23235","Chesterfield","Single Family Residence","10/22/2024","$469,950","$511,500","3","Resale (occupied at least once)","1978","Brookwood Estates","2,157","0.78","3","2.0","Public Water","Sewer - Public","VA New","Individuals"
"1","2423884","738-71-34-43-100-000","CLOSD","1812 Featherstone Drive, Chesterfield VA 23113","23113","Chesterfield","Single Family Residence","10/22/2024","$349,950","$377,000","7","Resale (occupied at least once)","1978","Windsor Place","1,874","0.39","4","2.1","Public Water","Sewer - Public","Conventional","Individuals"
"1","2423248","22A10 2 1  28","CLOSD","7991 Arbor Ponds Terrace, New Kent VA 23124","23124","New Kent","Single Family Residence","10/22/2024","$345,000","$345,000","3","Resale (occupied at least once)","2018","The Arbors At New Kent Winery","1,481","0.15","3","2.0","Public Water","Sewer - Public","FHA New","Individuals"
"1","2423212","763-742-0360","CLOSD","1411 Fort Hill Drive, Henrico VA 23226","23226","Henrico","Single Family Residence","10/22/2024","$289,950","$305,000","3","Resale (occupied at least once)","1951","Fort Hill","864","0.22","2","1.0","Public Water","Sewer - Public","Conventional","Individuals"
"1","2423156","747-742-9085","CLOSD","1100 Waterford Drive, Henrico VA 23229","23229","Henrico","Single Family Residence","10/22/2024","$529,950","$600,000","5","Resale (occupied at least once)","1968","Westmoor","2,792","0.48","4","3.0","Public Water","Sewer - Public","Conventional","Individuals"
"1","2423116","745-772-6854","CLOSD","11421 Brockton Place, Henrico VA 23059","23059","Henrico","Single Family Residence","10/22/2024","$450,000","$445,000","25","Resale (occupied at least once)","1998","Avery Green","1,504","0.19","3","2.1","Public Water","Sewer - Public","VHDA ","Individuals"
"1","2423054","721-68-60-15-300-000","CLOSD","3012 Cove View Lane, Chesterfield VA 23112","23112","Chesterfield","Single Family Residence","10/22/2024","$505,000","$492,000","5","Resale (occupied at least once)","2007","Edgewater At The Reservoir","2,453","0.22","3","2.1","Public Water","Sewer - Public","Cash","Individuals"
"1","2422836","8724-65-8066","CLOSD","7266 Marimel Lane, Hanover VA 23111","23111","Hanover","Single Family Residence","10/22/2024","$299,950","$300,000","35","Resale (occupied at least once)","1981","The Ridges","960","0.53","3","1.0","Public Water","Septic - Conventional","Conventional","Individuals"
"1","2422716","S007-1126-004","CLOSD","1307 Richmond Highway, Richmond City VA 23224","23224","Richmond City","Single Family Residence","10/22/2024","$139,999","$140,000","1","Resale (occupied at least once)","1928","Powhatan Heights","1,094","0.20","2","1.0","Public Water","None","Cash","Individuals"
"1","2422675","043-1E-8","CLOSD","1840 Farringdon Road, Powhatan VA 23113","23113","Powhatan","Single Family Residence","10/22/2024","$489,000","$509,000","5","Resale (occupied at least once)","1980","High Hills","2,361","5.05","3","2.0","Well","Septic - Conventional","Conventional","Individuals"
"1","2421907","W000-1282-043","CLOSD","2913 Ellwood Avenue, Richmond City VA 23221","23221","Richmond City","Single Family Residence","10/22/2024","$899,900","$850,000","48","Resale (occupied at least once)","2020","2911 & 2917 Ellwood Ave","2,608","0.07","4","3.0","Public Water","Sewer - Public","Conventional","Individuals"
"1","2421787","8744-96-3250","CLOSD","4036 Parsleys Mill Road, Hanover VA 23111","23111","Hanover","Single Family Residence","10/22/2024","$375,000","$385,000","4","Resale (occupied at least once)","1975","None","1,604","1.85","3","2.1","Well","Septic - Conventional","Conventional","Individuals"
"1","2421023","8705-92-8629","CLOSD","8109 Tippling House Drive, Hanover VA 23111","23111","Hanover","Townhouse","10/22/2024","$409,950","$409,950","7","Resale (occupied at least once)","2013","Cool Well","1,778","0.11","2","2.0","Public Water","Sewer - Public","Cash","Estate"
"1","2419843","781-746-3569","CLOSD","2111 Oakwood Lane, Henrico VA 23228","23228","Henrico","Single Family Residence","10/22/2024","$345,000","$355,000","7","Resale (occupied at least once)","1948","Bryan Park Heights","1,262","0.14","3","1.0","Public Water","Sewer - Public","Conventional","Individuals"
"1","2412002","W000-0839-009","CLOSD","1811 Blair Street, Richmond City VA 23220","23220","Richmond City","Single Family Residence","10/22/2024","$140,000","$203,000","5","Resale (occupied at least once)","1947","None","720","0.14","2","1.0","Public Water","Sewer - Public","Cash","Individuals"
"1","2401072","764-66-13-44-200-000","CLOSD","10001 Boschen Woods Place, Chesterfield VA 23838","23838","Chesterfield","Single Family Residence","10/22/2024","$646,950","$860,557","0","New (never occupied)","2024","Boschen Woods","5,051","","5","4.0","Public Water","Septic - Conventional","Conventional","Corporate"
"1","REIN10547594","792-63-51-16-400-000","CLOSD","3806 Harrmeadow Lane VA 23831","23831","Chesterfield","Single Family Residence","10/22/2024","$465,000","$465,000","33","Resale (occupied at least once)","2011","HARROWGATE MEADOWS","2,646","","4","4.0","Public Water","Public Sewer On Site","",""
"1","2420185","770-68-35-98-400-000","CLOSD","5478 Niles Road, Chesterfield VA 23234","23234","Chesterfield","Single Family Residence","10/23/2024","$419,990","$415,000","49","Resale (occupied at least once)","2022","Jessup Meadows","1,903","0.21","4","2.1","Public Water","Community - Sewer/Septic","Conventional","Individuals"
"1","2422202","8705-49-9750","CLOSD","8530 Atlee Road, Hanover VA 23116","23116","Hanover","Single Family Residence","10/23/2024","$389,000","$400,000","11","Resale (occupied at least once)","1870","None","3,381","2.27","5","3.0","Public Water","Septic - Conventional","Cash","Individuals"
"1","2416713","700-68-86-61-100-000","CLOSD","4101 Tuckmar Pond Drive, Chesterfield VA 23120","23120","Chesterfield","Single Family Residence","10/23/2024","$729,950","$719,950","79","New (never occupied)","2024","Tuckmar Farm","2,958","","4","3.1","Public Water","Sewer - Public","Conventional","Corporate"
"1","2420555","763643960600000","CLOSD","8413 McKibben Drive, Chesterfield VA 23838","23838","Chesterfield","Single Family Residence","10/23/2024","$679,950","$670,000","45","New (never occupied)","2024","Lake Margaret","3,216","1.51","5","3.1","Public Water","Septic - Conventional, Septic - Engineered","Conventional","Corporate"
"1","2409001","738-768-5488","CLOSD","4812 BACOVA VILLAGE Trail, Henrico VA 23059","23059","Henrico","Condominium","10/23/2024","$549,990","$621,095","19","New (never occupied)","2024","Bacova Village","2,325","","3","3.0","Public Water","Sewer - Public","Conventional","Corporate"
"1","2422330","777-66-10-10-200-000","CLOSD","10340 Hollyberry Drive, Chesterfield VA 23237","23237","Chesterfield","Single Family Residence","10/23/2024","$350,000","$370,000","24","Resale (occupied at least once)","1968","Hollyberry Hills","2,232","0.51","4","2.1","Public Water","Septic - Conventional","FHA New","Individuals"
"1","2423793","20B  1     5","CLOSD","3651 Kingsfield Road, New Kent VA 23141","23141","New Kent","Single Family Residence","10/23/2024","$499,950","$460,000","2","Resale (occupied at least once)","2020","Kingsfield","2,232","0.60","3","2.1","Well","Septic - Engineered","FHA New","Individuals"
"1","2421155","801-736-2310","CLOSD","3716 Pemberton Avenue, Henrico VA 23222","23222","Henrico","Single Family Residence","10/23/2024","$309,000","$314,000","43","Resale (occupied at least once)","2008","Austin Manor","1,424","","3","2.1","Public Water","None","FHA New","Individuals"
"1","2423096","W000-0437-074","CLOSD","1254 Wallace Street, Richmond City VA 23220","23220","Richmond City","Single Family Residence","10/23/2024","$397,900","$350,000","2","Resale (occupied at least once)","1992","Wallace Manor","1,382","0.13","3","1.1","Public Water","Sewer - Public","Conventional","Estate"
"1","2420829","C009-0901-056","CLOSD","3310 Marybrooks Lane, Richmond City VA 23234","23234","Richmond City","Single Family Residence","10/23/2024","$270,000","$270,000","14","Resale (occupied at least once)","2008","Angus Court","1,352","0.29","4","2.0","Public Water","Sewer - Public","Conventional","Individuals"
"1","2412902","700-68-88-22-100-000","CLOSD","4185 Tuckmar Pond Drive, Chesterfield VA 23120","23120","Chesterfield","Single Family Residence","10/23/2024","$727,576","$703,097","72","New (never occupied)","2024","Tuckmar Farm","2,922","0.41","4","3.0","Public Water","Sewer - Public","Conventional","Corporate"
"1","2412609","763-62-31-48-700-000","CLOSD","9007 Hickory Road, Chesterfield VA 23803","23803","Chesterfield","Single Family Residence","10/23/2024","$385,000","$385,000","45","Resale (occupied at least once)","2016","None","2,092","2.00","4","2.1","Well","Septic - Conventional","VA Assumption","Individuals"
"1","2422237","748-68-04-37-200-000","CLOSD","10403 Tamworth Road, Chesterfield VA 23832","23832","Chesterfield","Single Family Residence","10/23/2024","$319,000","$320,000","11","Resale (occupied at least once)","1991","Great Oaks","1,182","0.51","3","2.0","Public Water","Sewer - Public","VHDA/FHA","Individuals"
"1","2424928","792-61-35-50-800-000","CLOSD","4118 Hickory Road, Chesterfield VA 23083","23083","Chesterfield","Single Family Residence","10/23/2024","$225,000","$225,000","3","Resale (occupied at least once)","1956","Fieldcrest","1,702","","3","1.0","Public Water","Sewer - Public","Conventional","Individuals"
"1","2424719","N000-1035-038","CLOSD","411 West Ladies Mile Road, Richmond City VA 23222","23222","Richmond City","Single Family Residence","10/23/2024","$399,000","$404,000","7","Resale (occupied at least once)","1922","Brightwood","1,626","0.15","3","1.1","Public Water","Sewer - Public","Conventional","Individuals"
"1","2423522","751-749-4426","CLOSD","9502 Skyview Drive, Henrico VA 23229","23229","Henrico","Single Family Residence","10/23/2024","$525,000","$525,000","8","Resale (occupied at least once)","1967","Pinedale Farms","2,549","0.33","4","2.1","Public Water","Sewer - Public","VA New","Individuals"
"1","2410374","C005-0825-015","CLOSD","677 Westover Woods Circle, Richmond City VA 23225","23225","Richmond City","Single Family Residence","10/23/2024","$379,000","$365,000","141","Resale (occupied at least once)","1992","Westover Woods","2,304","0.17","5","3.1","Public Water","Sewer - Public","Conventional","Individuals"
"1","2425930","735-67-51-49-000-001","CLOSD","5201 Creek Heights Drive, Chesterfield VA 23112","23112","Chesterfield","Condominium","10/23/2024","$450,000","$450,000","0","Resale (occupied at least once)","2010","Terraces At Swift Creek","2,336","","3","2.1","Public Water","Sewer - Public","Cash","Individuals"
"1","2423031","751-70-44-42-600-000","CLOSD","118 Chessington Road, Chesterfield VA 23236","23236","Chesterfield","Single Family Residence","10/23/2024","$269,000","$280,000","4","Resale (occupied at least once)","1978","Archwood","1,000","0.25","3","1.0","Public Water","Sewer - Public","FHA New","Corporate"
"1","2416538","742-70-21-97-400-000","CLOSD","11207 Bondurant Drive, Chesterfield VA 23236","23236","Chesterfield","Single Family Residence","10/23/2024","$449,900","$475,000","50","Resale (occupied at least once)","1989","Finchley","2,796","0.37","4","2.1","Public Water","Sewer - Public","VA New","Individuals"
"1","2426601","747-748-5463","CLOSD","1600 Lucie Lane, Henrico VA 23238","23238","Henrico","Single Family Residence","10/23/2024","$375,000","$345,000","5","Resale (occupied at least once)","1977","Rainbrook","1,988","0.44","4","2.0","Public Water","Sewer - Public","Cash","Partnership"
"1","2425440","762-68-45-35-300-000","CLOSD","7604 Brightridge Court, Chesterfield VA 23832","23832","Chesterfield","Single Family Residence","10/23/2024","$265,000","$265,000","4","Resale (occupied at least once)","1986","Glen Wood","1,126","0.34","3","2.0","Public Water","Sewer - Public","Cash","Individuals"
"1","2424581","710-64-54-42-600-000","CLOSD","16500 River Road, Chesterfield VA 23838","23838","Chesterfield","Single Family Residence","10/23/2024","$799,950","$800,000","4","Resale (occupied at least once)","2017","None","2,624","5.00","3","2.1","Well","Septic - Conventional","Cash","Individuals"
"1","2424404","015-6-9","CLOSD","4343 Three Bridge Road, Powhatan VA 23139","23139","Powhatan","Single Family Residence","10/23/2024","$320,000","$340,000","4","Resale (occupied at least once)","1993","None","1,264","1.00","3","2.0","Well","Septic - Conventional","Conventional","Individuals"
"1","2424010","7778-34-3619","CLOSD","11238 Elmont Crossing Lane, Hanover VA 23005","23005","Hanover","Single Family Residence","10/23/2024","$135,000","$175,000","9","Resale (occupied at least once)","1948","None","1,316","0.63","2","1.0","Well","Septic - Conventional","Cash","Corporate"
"1","2423732","7796-67-4217","CLOSD","9483 Pleasant Level Road, Hanover VA 22116","22116","Hanover","Single Family Residence","10/23/2024","$654,950","$675,000","5","Resale (occupied at least once)","2022","Giles Farm","2,958","0.17","4","3.1","Public Water","Sewer - Public","Cash","Individuals"
"1","2423682","7779-68-2456","CLOSD","701 Duncan Street, Hanover VA 23005","23005","Hanover","Single Family Residence","10/23/2024","$379,999","$400,000","4","Resale (occupied at least once)","1950","None","1,642","0.44","3","1.1","Public Water","Sewer - Public","Cash","Individuals"
"1","2423289","7812-77-9147","CLOSD","15360 Beaver Dam Road, Hanover VA 23192","23192","Hanover","Single Family Residence","10/23/2024","$389,900","$389,900","3","Resale (occupied at least once)","1934","None","2,160","12.64","3","1.0","Well","Septic - Conventional","Conventional","Individuals"
"1","2422876","746-750-8703","CLOSD","10115 Idlebrook Drive, Henrico VA 23238","23238","Henrico","Single Family Residence","10/23/2024","$399,000","$450,000","6","Resale (occupied at least once)","1978","Raintree","1,804","0.43","3","2.1","Public Water","Sewer - Public","Conventional","Individuals"
"1","2422281","N000-0775-025","CLOSD","2821 Edgewood Avenue, Richmond City VA 23222","23222","Richmond City","Single Family Residence","10/23/2024","$230,000","$205,000","15","Resale (occupied at least once)","1925","Parkland","1,440","0.16","3","1.0","Public Water","Sewer - Public","Cash","Individuals"
"1","2421797","S000-0235-027","CLOSD","212 East 18th Street, Richmond City VA 23224","23224","Richmond City","Single Family Residence","10/23/2024","$374,950","$365,000","21","New (never occupied)","2024","Blackwell","1,610","0.08","3","2.1","Public Water","Sewer - Public","Conventional","Individuals"
"1","2421256","817-723-7468","CLOSD","439 Newbridge Terrace, Henrico VA 23223","23223","Henrico","Townhouse","10/23/2024","$190,000","$190,000","21","Resale (occupied at least once)","1984","Ironwood","1,178","0.06","2","1.1","Public Water","Sewer - Public","FHA New","Individuals"
"1","2420635","7843-36-4849","CLOSD","14424 Overlook Ridge Lane, Hanover VA 23015","23015","Hanover","Single Family Residence","10/23/2024","$869,550","$860,000","16","Resale (occupied at least once)","2003","River Bank Ridge","3,710","10.05","4","3.1","Well","Septic - Conventional","Conventional","Individuals"
"1","2420019","704-66-88-91-200-000","CLOSD","17505 Wynstone Park Lane, Chesterfield VA 23120","23120","Chesterfield","Townhouse","10/23/2024","$379,000","$365,000","36","Resale (occupied at least once)","2015","Magnolia Green","1,848","0.06","3","2.1","Public Water","Sewer - Public","Conventional","Individuals"
"1","2419953","8743-03-0449","CLOSD","6004 Elder Ridge Lane, Hanover VA 23111","23111","Hanover","Single Family Residence","10/23/2024","$649,900","$641,650","51","Resale (occupied at least once)","2002","None","3,424","1.34","5","3.0","Well","Septic - Conventional","Cash","Other"
"1","2418706","725-70-57-88-400-000","CLOSD","430 Le Gordon Drive, Chesterfield VA 23114","23114","Chesterfield","Single Family Residence","10/23/2024","$325,000","$325,000","52","Resale (occupied at least once)","1957","None","1,260","0.75","3","2.0","Well","Septic - Conventional","Conventional","Partnership"
"1","2415538","742-765-8776","CLOSD","4908 Cobblestone Landing Place, Henrico VA 23059","23059","Henrico","Single Family Residence","10/23/2024","$885,000","$850,000","81","Resale (occupied at least once)","2005","Cobblestone Landing @ Twin Hickory","4,395","0.25","6","5.1","Public Water","Sewer - Public","Conventional","Individuals"
"1","2401353","Not Yet Assigned","CLOSD","5300 Twisting Vine Lane #Unit204, Henrico VA 23059","23059","Henrico","Condominium","10/23/2024","$318,620","$318,620","195","New (never occupied)","2024","Twin Hickory","1,227","","1","2.0","Public Water","Sewer - Public","Cash","Corporate"
"1","BRTVAHA2000812","7812-77-9147","CLOSD","15360 Beaver Dam Road, Hanover VA 23192","23192","Hanover","Single Family Residence","10/23/2024","$389,900","$389,900","4","Resale (occupied at least once)","1934","NONE","2,160","12.64","4","1.0","Well","Septic","",""
"1","BRTVAHA2000796","7843-36-4849","CLOSD","14424 Overlook Ridge Lane, Hanover VA 23015","23015","Hanover","Single Family Residence","10/23/2024","$869,550","$860,000","16","Resale (occupied at least once)","2003","RIVER BANK RIDGE","3,710","10.05","4","4.0","Well","","",""
"1","BRTVACF2000846","704668891200000","CLOSD","17505 Wynstone Park Lane, Chesterfield VA 23120","23120","Chesterfield","Townhouse","10/23/2024","$379,000","$365,000","39","Resale (occupied at least once)","2015","MAGNOLIA GREEN","1,848","0.06","3","3.0","Public Water","Public Sewer On Site","",""
"1","REIN10552884","762-68-45-35-300-000","CLOSD","7604 Brightridge Court VA 23832","23832","Chesterfield","Single Family Residence","10/23/2024","$265,000","$265,000","3","Resale (occupied at least once)","1986","ALL OTHERS VA AREA 51","1,126","","3","2.0","Public Water","Public Sewer On Site","",""
"1","BRTVAHN2000660","771-737-8807","CLOSD","5206 Cutshaw Avenue, Henrico VA 23226","23226","Henrico","Single Family Residence","10/24/2024","$450,000","$435,000","23","Resale (occupied at least once)","1953","NONE AVAILABLE","1,680","0.20","4","2.0","Public Water","Public Sewer On Site","",""
"1","2423705","734-760-4554","CLOSD","13209 Herringbone Court, Henrico VA 23233","23233","Henrico","Single Family Residence","10/24/2024","$649,000","$645,000","5","Resale (occupied at least once)","1991","Kensington Green At Wellesley","2,705","0.41","4","2.1","Public Water","Sewer - Public","Conventional","Individuals"
"1","2423831","771-737-8807","CLOSD","5206 Cutshaw Avenue, Henrico VA 23226","23226","Henrico","Single Family Residence","10/24/2024","$450,000","$435,000","22","Resale (occupied at least once)","1953","North Willow Lawn","1,680","","4","2.0","Public Water","Sewer - Public","Conventional","Individuals"
"1","2423571","724-68-62-15-300-000","CLOSD","3206 Broad Oaks Road, Chesterfield VA 23112","23112","Chesterfield","Single Family Residence","10/24/2024","$335,000","$335,000","12","Resale (occupied at least once)","1980","Brandermill","1,340","0.22","3","2.0","Public Water","Sewer - Public","Conventional","Individuals"
"1","2421773","E000-0380-016","CLOSD","810 North 26th Street, Richmond City VA 23223","23223","Richmond City","Single Family Residence","10/24/2024","$539,950","$525,000","36","Resale (occupied at least once)","1890","None","2,368","0.11","3","2.1","Public Water","Sewer - Public","Conventional","Individuals"
"1","2414493","771678366400000","CLOSD","6118 Belay Drive, Chesterfield VA 23234","23234","Chesterfield","Townhouse","10/24/2024","$349,595","$349,000","343","New (never occupied)","2024","Watermark","1,474","","3","2.1","Public Water","Sewer - Public","Conventional","Corporate"
"1","2410592","C0070176246","CLOSD","5357 Canterbury Ridge Court, Richmond City VA 23224","23224","Richmond City","Townhouse","10/24/2024","$274,880","$283,165","6","New (never occupied)","2024","None","1,212","","3","2.1","Public Water","Sewer - Public","Cash","Corporate"
"1","2423231","027A-12-18","CLOSD","3621 Branch Lake Court, Powhatan VA 23139","23139","Powhatan","Single Family Residence","10/24/2024","$854,900","$845,000","6","Resale (occupied at least once)","2003","Branchway Forest","3,697","3.88","4","4.0","Well","Septic - Conventional","Conventional","Individuals"
"1","2420070","837-684-7856","CLOSD","8330 Bradbury Road, Henrico VA 23231","23231","Henrico","Single Family Residence","10/24/2024","$395,000","$400,000","25","Resale (occupied at least once)","2000","None","2,024","1.27","4","2.1","Well","Septic - Conventional","FHA New","Individuals"
"1","2328467","725695219300000","CLOSD","14001 MILLPOINTE Road, Chesterfield VA 23114","23114","Chesterfield","Townhouse","10/24/2024","$399,990","$389,990","262","New (never occupied)","2024","Centerpointe Townes","1,568","","3","3.1","Public Water","Sewer - Public","Conventional","Corporate"
"1","2422859","8733-18-5843","CLOSD","6445 Gaulding Road, Hanover VA 23111","23111","Hanover","Single Family Residence","10/24/2024","$299,950","$302,000","4","Resale (occupied at least once)","1970","Hanover Farms","1,821","0.47","4","2.0","Public Water","Septic - Conventional","FHA New","Individuals"
"1","2420015","762-743-9057","CLOSD","1507 Foster Road, Henrico VA 23226","23226","Henrico","Single Family Residence","10/24/2024","$375,000","$360,000","56","Resale (occupied at least once)","1955","Buckingham Park","1,332","0.36","4","2.0","Public Water","Sewer - Public","Conventional","Partnership"
"1","2424157","787-754-3797","CLOSD","1212 Amesbury Lane, Henrico VA 23227","23227","Henrico","Single Family Residence","10/24/2024","$346,000","$327,000","22","Resale (occupied at least once)","1986","Wildwood","1,594","0.32","4","3.0","Public Water","Sewer - Public","Cash","Corporate"
"1","2421551","733-70-09-54-000-000","CLOSD","1010 Whisperlake Court, Chesterfield VA 23114","23114","Chesterfield","Single Family Residence","10/24/2024","$599,999","$585,000","30","Resale (occupied at least once)","1998","Walton Lake","3,353","0.57","5","3.1","Public Water","Sewer - Public","Conventional","Individuals"
"1","2422851","770-68-77-95-000-000","CLOSD","4851 Turner Road, Chesterfield VA 23234","23234","Chesterfield","Single Family Residence","10/24/2024","$465,000","$460,000","11","Resale (occupied at least once)","1976","None","2,026","4.55","3","2.0","Public Water","Septic - Conventional","Conventional","Partnership"
"1","2322765","797-61-68-69-800-000","CLOSD","2904 Piedmont Avenue, Chesterfield VA 23834","23834","Chesterfield","Single Family Residence","10/24/2024","$325,000","$325,000","103","Resale (occupied at least once)","1989","None","1,964","0.44","3","2.1","Public Water","Sewer - Public","FHA New","Individuals"
"1","2421134","742-777-2261","CLOSD","6112 Onslow Court, Henrico VA 23059","23059","Henrico","Single Family Residence","10/24/2024","$795,000","$783,000","6","Resale (occupied at least once)","1998","Dominion Hills","3,324","0.69","5","2.1","Public Water","Sewer - Public","Conventional","Individuals"
"1","2421491","750-70-20-46-200-000","CLOSD","151 Ironwood Road, Chesterfield VA 23236","23236","Chesterfield","Single Family Residence","10/24/2024","$320,000","$315,000","21","Resale (occupied at least once)","1965","Pocoshock Heights","1,512","0.40","3","1.1","Public Water","Sewer - Public","Conventional","Individuals"
"1","2419607","8704-79-8474","CLOSD","8099 Rose Hill Drive, Hanover VA 23111","23111","Hanover","Single Family Residence","10/24/2024","$460,000","$460,000","46","Resale (occupied at least once)","2007","The Villas At Rose Hill","1,789","0.17","3","3.0","Public Water","Community - Sewer/Septic","Cash","Estate"
"1","2424313","798-63-71-19-300-000","CLOSD","15500 Silvertree Court, Chesterfield VA 23834","23834","Chesterfield","Single Family Residence","10/24/2024","$259,900","$263,400","7","Resale (occupied at least once)","1985","Tinsberry Trace","1,044","0.46","3","2.0","Public Water","Sewer - Public","Conventional","Individuals"
"1","2411082","696671653800000","CLOSD","18710 Palisades Ridge, Chesterfield VA 23120","23120","Chesterfield","Townhouse","10/24/2024","$414,155","$414,155","2","New (never occupied)","2024","Magnolia Green","1,652","","3","2.1","Public Water","Sewer - Public","FHA New","Corporate"
"1","2328550","Not Yet Assigned","CLOSD","5411 Gillies Creek Mews, Henrico VA 23231","23231","Henrico","Townhouse","10/24/2024","$768,095","$820,095","155","New (never occupied)","2024","Village Of Rocketts Landing","3,446","","5","3.2","Public Water","Sewer - Public","Cash","Corporate"
"1","2421002","775-65-68-06-200-000","CLOSD","6508 Monroe Arbor Lane, Chesterfield VA 23831","23831","Chesterfield","Townhouse","10/24/2024","$345,000","$340,000","43","Resale (occupied at least once)","2023","IronBridge Townhomes","1,609","0.06","3","2.1","Public Water","Sewer - Public","Conventional","Individuals"
"1","2426027","760-757-6192","CLOSD","8901 Traditional Drive, Henrico VA 23294","23294","Henrico","Single Family Residence","10/24/2024","$450,000","$465,000","6","Resale (occupied at least once)","1979","Traditional Manor","2,586","0.44","4","2.1","Public Water","Sewer - Public","Cash","Individuals"
"1","2425429","723-65-68-10-300-000","CLOSD","11413 Longtown Terrace, Chesterfield VA 23112","23112","Chesterfield","Single Family Residence","10/24/2024","$469,950","$465,000","5","Resale (occupied at least once)","2019","Collington","2,340","0.32","4","2.1","Public Water","Sewer - Public","Conventional","Individuals"
"1","2424879","19I  1     4","CLOSD","8102 North Henpeck Road, New Kent VA 23141","23141","New Kent","Townhouse","10/24/2024","$210,000","$218,000","2","Resale (occupied at least once)","2010","Quinton Park","1,008","0.02","2","1.1","Community Well","Septic - Conventional","Conventional","Individuals"
"1","2424825","8716-22-5769","CLOSD","9157 Pembridge Drive, Hanover VA 23116","23116","Hanover","Single Family Residence","10/24/2024","$355,000","$350,000","3","Resale (occupied at least once)","1971","Avondale","1,492","0.59","3","2.0","Community Well","Septic - Conventional","Conventional","Individuals"
"1","2424561","7798-81-5332","CLOSD","9072 Edgewater Circle, Hanover VA 23116","23116","Hanover","Single Family Residence","10/24/2024","$310,000","$260,000","12","Resale (occupied at least once)","1966","Forest Lake Hills","1,736","0.92","3","1.1","Well","Septic - Conventional","Conventional","Partnership"
"1","2424559","734-69-50-01-200-000","CLOSD","12515 Spring Cress Court, Chesterfield VA 23114","23114","Chesterfield","Single Family Residence","10/24/2024","$280,000","$280,000","6","Resale (occupied at least once)","1988","Sachems Head","1,042","","2","2.0","Public Water","Sewer - Public","Conventional","Individuals"
"1","2424524","8716-13-0713","CLOSD","7605 Studley Road, Hanover VA 23116","23116","Hanover","Single Family Residence","10/24/2024","$400,000","$400,000","2","Resale (occupied at least once)","1968","Robin Ridge","3,112","0.80","4","3.0","Community Well","Septic - Conventional","Cash","Individuals"
"1","2424479","772-740-9869","CLOSD","5603 Coopers Walk Lane, Henrico VA 23230","23230","Henrico","Townhouse","10/24/2024","$450,000","$450,000","5","Resale (occupied at least once)","2021","Libbie Mill Townhomes","1,549","0.02","3","3.1","Public Water","Sewer - Public","FHA New","Individuals"
"1","2424353","33B7 6 2  RA","CLOSD","10597 Golden Bell Circle, New Kent VA 23140","23140","New Kent","Townhouse","10/24/2024","$355,000","$365,000","14","Resale (occupied at least once)","2012","Oakmont Villas","3,238","0.00","4","2.1","Public Water","Sewer - Public","Conventional","Individuals"
"1","2424135","779-68-36-08-900-000","CLOSD","4626 Ayton Court, Chesterfield VA 23234","23234","Chesterfield","Townhouse","10/24/2024","$215,000","$215,000","2","Resale (occupied at least once)","1973","Berwick Village","950","0.04","2","1.1","Public Water","Sewer - Public","FHA New","Individuals"
"1","2423982","776-67-03-83-300-000","CLOSD","5632 English Setter Court, Chesterfield VA 23237","23237","Chesterfield","Single Family Residence","10/24/2024","$279,000","$260,000","8","Resale (occupied at least once)","1977","Huntingcreek Hills","1,056","0.28","3","1.1","Public Water","Sewer - Public","FHA New","Individuals"
"1","2423715","737-778-6183","CLOSD","5716 Shady Mill Way, Henrico VA 23059","23059","Henrico","Single Family Residence","10/24/2024","$665,000","$685,000","3","Resale (occupied at least once)","1996","Shady Mill Millstone","2,810","0.25","4","2.1","Public Water","Sewer - Public","Conventional","Individuals"
"1","2423261","7797-77-3942","CLOSD","10418 Morning Dew Lane, Hanover VA 23116","23116","Hanover","Single Family Residence","10/24/2024","$654,950","$670,000","4","Resale (occupied at least once)","1997","Ash Creek","3,998","0.41","4","3.1","Public Water","Sewer - Public","Conventional","Individuals"
"1","2422438","765-64-99-08-800-000","CLOSD","8213 Fair Isle Terrace, Chesterfield VA 23838","23838","Chesterfield","Single Family Residence","10/24/2024","$624,900","$615,000","6","Resale (occupied at least once)","2003","The Highlands","3,408","1.29","4","3.2","Public Water","Septic - Conventional","Conventional","Individuals"
"1","2422220","724-67-05-53-800-039","CLOSD","7225 Norwood Pond Court, Chesterfield VA 23112","23112","Chesterfield","Condominium","10/24/2024","$374,900","$370,000","5","Resale (occupied at least once)","2004","Villas Of Norwood Pond","1,752","","3","2.0","Public Water","Sewer - Public","Cash","Individuals"
"1","2421807","C005-0578-002","CLOSD","1118 Blandy Avenue, Richmond City VA 23225","23225","Richmond City","Single Family Residence","10/24/2024","$274,000","$269,000","40","Resale (occupied at least once)","1948","Westover Park","942","0.26","2","1.0","Public Water","Sewer - Public","Cash","Corporate"
"1","2420828","782-66-79-57-700-000","CLOSD","5207 Verlinda Drive, Chesterfield VA 23237","23237","Chesterfield","Single Family Residence","10/24/2024","$379,950","$380,000","9","Resale (occupied at least once)","1976","Kendale Acres","2,163","0.28","5","2.1","Public Water","Sewer - Public","Conventional","Individuals"
"1","2420624","824-726-0548","CLOSD","221 North Elm Avenue, Henrico VA 23075","23075","Henrico","Single Family Residence","10/24/2024","$185,000","$165,000","50","Resale (occupied at least once)","1957","Highland Springs","840","0.11","3","1.0","Public Water","Sewer - Public","Other","Corporate"
"1","2420519","W000-2030-008","CLOSD","4507 West Grace Street, Richmond City VA 23230","23230","Richmond City","Single Family Residence","10/24/2024","$1,200,000","$1,175,000","14","Resale (occupied at least once)","2022","Monument Avenue Park","3,202","0.15","4","3.1","Public Water","Sewer - Public","Conventional","Individuals"
"1","2415954","W000-1411-024","CLOSD","3131 Kensington Avenue, Richmond City VA 23221","23221","Richmond City","Townhouse","10/24/2024","$1,250,000","$1,100,000","79","New (never occupied)","2023","Kensington Row","3,223","0.05","3","2.2","Public Water","Sewer - Public","Conventional","Other"
"1","2415908","22A5 1 1  92","CLOSD","7300 Crush Court, New Kent VA 23124","23124","New Kent","Single Family Residence","10/24/2024","$1,150,000","$1,075,000","77","Resale (occupied at least once)","2013","Viniterra","4,708","1.34","4","3.1","Public Water","Sewer - Public","Conventional","Individuals"
"1","2409085","779-771-7971","CLOSD","10851 Farmstead Mill Lane, Henrico VA 23059","23059","Henrico","Townhouse","10/24/2024","$478,000","$478,000","0","New (never occupied)","2024","River Mill","1,835","","3","2.1","Public Water","Sewer - Public","Cash","Corporate"
"1","2407530","736678936900000","CLOSD","3706 Irby Pond Drive, Chesterfield VA 23112","23112","Chesterfield","Townhouse","10/24/2024","$448,815","$448,815","23","New (never occupied)","2024","Wescott","2,531","","3","3.1","Public Water","Sewer - Public","Conventional","Corporate"
"1","2302351","766-64-06-91-700-000","CLOSD","13013 Lake Margaret Drive, Chesterfield VA 23838","23838","Chesterfield","Single Family Residence","10/24/2024","$609,000","$657,420","550","New (never occupied)","2023","Lake Margaret","2,460","1.12","3","2.1","Public Water","Septic - Engineered","Conventional","Individuals"
"1","BRTVAHN2000622","837-684-7856","CLOSD","8330 Bradbury Road, Henrico VA 23238","23238","Henrico","Single Family Residence","10/24/2024","$399,900","$400,000","1","Resale (occupied at least once)","2000","0","2,024","1.27","4","3.0","Well","Septic","",""
"1","REIN10551669","7798-81-5332","CLOSD","9072 Edgewater Circle VA 23116","23116","Hanover","Single Family Residence","10/24/2024","$310,000","$260,000","11","Resale (occupied at least once)","1966","ALL OTHERS AREA 146","1,736","0.92","3","2.0","Well","Septic","",""
"1","REIN10551541","33B7Â 6Â 2Â Â RA","CLOSD","10597 Golden Bell Circle VA 23140","23140","New Kent","Townhouse","10/24/2024","$355,000","$365,000","13","Resale (occupied at least once)","2012","ALL OTHERS AREA 140","3,238","0.00","4","3.0","Public Water","Public Sewer On Site","",""
"1","REIN10547499","787-64-11-65-500-000","CLOSD","5012 Dampier Court VA 23831","23831","Chesterfield","Single Family Residence","10/24/2024","$490,000","$480,000","42","Resale (occupied at least once)","2011","STONEY GLEN","3,134","","5","4.0","Public Water","Public Sewer On Site","",""
"1","2421242","N000-0375-001","CLOSD","201 Minor Street, Richmond City VA 23222","23222","Richmond City","Single Family Residence","10/25/2024","$435,000","$415,000","39","New (never occupied)","2024","Barton Heights","2,400","","4","2.1","Public Water","Sewer - Public","Conventional","Individuals"
"1","2418041","787-66-28-05-600-000","CLOSD","10506 Hamlin Drive, Chesterfield VA 23831","23831","Chesterfield","Single Family Residence","10/25/2024","$360,000","$360,000","8","Resale (occupied at least once)","1987","Glen Oaks","1,978","0.31","3","2.1","Public Water","Community - Sewer/Septic","VA New","Individuals"
"1","2410598","C0070176248","CLOSD","5349 Canterbury Ridge Court, Richmond City VA 23224","23224","Richmond City","Townhouse","10/25/2024","$288,885","$279,165","18","New (never occupied)","2024","None","1,220","","3","2.1","Public Water","Sewer - Public","VA New","Corporate"
"1","2403913","G19-3904-3395","CLOSD","4839 Kingshire Drive, New Kent VA 23140","23140","New Kent","Single Family Residence","10/25/2024","$548,950","$556,964","15","New (never occupied)","2024","Brickshire","2,597","","3","3.0","Public Water","Sewer - Public","Conventional","Corporate"
"1","2423754","714-67-78-28-700-000","CLOSD","5519 Foxvale Court, Chesterfield VA 23112","23112","Chesterfield","Single Family Residence","10/25/2024","$499,900","$499,900","8","Resale (occupied at least once)","1996","Foxcroft","2,588","0.31","4","2.1","Public Water","Sewer - Public","Conventional","Individuals"
"1","2420522","723-70-09-13-400-000","CLOSD","14130 Agee Lane, Chesterfield VA 23114","23114","Chesterfield","Single Family Residence","10/25/2024","$589,000","$585,800","37","Resale (occupied at least once)","2006","Armistead Village at Charter Colony","3,201","0.25","5","4.1","Public Water","Sewer - Public","Conventional","Individuals"
"1","2424093","745-68-79-47-200-000","CLOSD","3023 Gregwood Road, Chesterfield VA 23112","23112","Chesterfield","Single Family Residence","10/25/2024","$349,900","$350,000","19","Resale (occupied at least once)","1993","Genito Woods","1,474","0.24","4","2.0","Public Water","Sewer - Public","VA New","Other"
"1","2425403","737-69-73-88-400-000","CLOSD","1118 Spirea Road, Chesterfield VA 23236","23236","Chesterfield","Single Family Residence","10/25/2024","$374,950","$385,000","3","Resale (occupied at least once)","1985","Smoketree","2,314","0.29","4","2.1","Public Water","Sewer - Public","FHA New","Individuals"
"1","2424303","C0020156004","CLOSD","3400 East Weyburn Road, Richmond City VA 23235","23235","Richmond City","Single Family Residence","10/25/2024","$575,000","$562,652","12","Resale (occupied at least once)","1960","Oxford Addition","3,234","0.52","5","2.1","Public Water","Sewer - Public","Conventional","Corporate"
"1","2423398","6-8-0-B-0","CLOSD","4421 Halls Road, Goochland VA 23117","23117","Goochland","Single Family Residence","10/25/2024","$272,000","$260,000","14","New (never occupied)","2024","None","1,180","2.62","2","2.0","Well","Septic - Engineered","FHA New","Individuals"
"1","2421692","770-69-49-96-100-000","CLOSD","2915 Ennismore Court #Unit2915, Chesterfield VA 23224","23224","Chesterfield","Townhouse","10/25/2024","$315,000","$315,000","40","Resale (occupied at least once)","1974","Newberry Towne","2,297","0.08","4","2.2","Public Water","Sewer - Public","Conventional","Individuals"
"1","2415620","8717-09-7031","CLOSD","7499 Pine Ridge Road, Hanover VA 23116","23116","Hanover","Single Family Residence","10/25/2024","$700,000","$680,000","17","Resale (occupied at least once)","1981","Pine Ridge Farms Resub","3,602","10.00","3","2.1","Well","Septic - Conventional","Cash","Estate"
"1","2400685","Not Yet Assigned","CLOSD","5300 Twisting Vine Lane #Unit8-105, Henrico VA 23059","23059","Henrico","Condominium","10/25/2024","$463,200","$463,200","0","New (never occupied)","2024","Twin Hickory","1,932","","3","2.1","Public Water","Sewer - Public","Conventional","Corporate"
"1","2420577","796-64-71-18-800-000","CLOSD","2919 Abbeydale Court, Chesterfield VA 23831","23831","Chesterfield","Single Family Residence","10/25/2024","$385,000","$378,000","33","Resale (occupied at least once)","2006","Stockleigh","2,254","0.29","4","2.1","Public Water","Sewer - Public","FHA New","Individuals"
"1","2422255","8715-94-8696","CLOSD","8208 Halycon Lane, Hanover VA 23111","23111","Hanover","Single Family Residence","10/25/2024","$339,950","$339,950","8","Resale (occupied at least once)","1999","Meredith Farms","1,300","0.31","3","2.0","Public Water","Sewer - Public","FHA New","Estate"
"1","2422814","8714-50-3843","CLOSD","7232 Snaffle Lane, Hanover VA 23111","23111","Hanover","Single Family Residence","10/25/2024","$335,000","$332,500","7","Resale (occupied at least once)","1988","Bruce Estates","1,479","0.52","3","2.1","Public Water","Sewer - Public","Conventional","Individuals"
"1","2420533","22A13 1 2 141","CLOSD","7211 Cress Terrace, New Kent VA 23124","23124","New Kent","Single Family Residence","10/25/2024","$459,990","$455,000","32","Resale (occupied at least once)","2021","Arbors","2,556","0.36","5","3.0","Public Water","Sewer - Public","Conventional","Individuals"
"1","2405932","748-764-6476","CLOSD","4372 Dominion Forest Circle, Henrico VA 23060","23060","Henrico","Townhouse","10/25/2024","$517,525","$517,525","0","New (never occupied)","2024","Innsbrook Dominion Residences","2,115","","3","3.1","Public Water","Sewer - Public","Conventional","Corporate"
"1","2416878","TBD","CLOSD","551 Munson Walk #UnitA, Henrico VA 23233","23233","Henrico","Condominium","10/25/2024","$429,535","$424,535","3","New (never occupied)","2024","Gateway Square","1,573","","3","2.1","Public Water","Sewer - Public","FHA New","Corporate"
"1","2417587","796-61-44-37-400-000","CLOSD","20300 College Park Avenue, Chesterfield VA 23803","23803","Chesterfield","Single Family Residence","10/25/2024","$289,900","$289,900","20","Resale (occupied at least once)","1968","College Park","1,817","0.23","4","2.0","Public Water","Sewer - Public","FHA New","Individuals"
"1","2426001","W000-0438-028","CLOSD","1300 Idlewood Avenue, Richmond City VA 23220","23220","Richmond City","Single Family Residence","10/25/2024","$475,000","$475,000","5","Resale (occupied at least once)","2007","Wallace Manor","2,605","0.08","3","3.1","Public Water","Sewer - Public","Conventional","Individuals"
"1","2423638","C009-0423-020","CLOSD","4105 McKay Avenue, Richmond City VA 23224","23224","Richmond City","Single Family Residence","10/25/2024","$249,999","$250,000","9","Resale (occupied at least once)","1962","Rolando","1,208","0.03","4","2.0","Public Water","Sewer - Public","FHA New","Individuals"
"1","2422765","21-15-2-19-0","CLOSD","2957 Preston Park Court, Goochland VA 23153","23153","Goochland","Single Family Residence","10/25/2024","$550,000","$550,000","11","Resale (occupied at least once)","2022","Preston Park","2,269","1.51","4","2.1","Well","Septic - Conventional","FHA New Assumption","Individuals"
"1","2422694","E000-0432-039","CLOSD","817 North 26th Street, Richmond City VA 23223","23223","Richmond City","Single Family Residence","10/25/2024","$399,950","$400,000","12","Resale (occupied at least once)","1910","East End","1,544","0.05","3","1.1","Public Water","Sewer - Public","Conventional","Individuals"
"1","2418495","C005-0992-060","CLOSD","303 Beaufont Hills Drive, Richmond City VA 23225","23225","Richmond City","Single Family Residence","10/25/2024","$330,000","$330,000","69","Resale (occupied at least once)","2001","Beaufont Hills","1,456","","3","2.1","Public Water","None","Conventional","Individuals"
"1","2422617","769-68-46-23-700-000","CLOSD","6213 Calavetti Drive, Chesterfield VA 23234","23234","Chesterfield","Single Family Residence","10/25/2024","$390,000","$390,000","4","Resale (occupied at least once)","2003","Jessup Farms","2,182","0.21","5","2.1","Public Water","Sewer - Public","Conventional","Individuals"
"1","2424061","759-70-86-07-400-000","CLOSD","8023 Lake Shore Drive, Chesterfield VA 23235","23235","Chesterfield","Single Family Residence","10/25/2024","$449,950","$449,950","9","Resale (occupied at least once)","1957","Rock Creek Park","2,728","0.48","5","3.0","Public Water","Sewer - Public","Conventional","Individuals"
"1","2423644","8706-50-4040","CLOSD","9004 Mann Drive, Hanover VA 23116","23116","Hanover","Single Family Residence","10/25/2024","$275,000","$280,000","1","Resale (occupied at least once)","1960","Sharon Park","1,040","0.50","3","1.0","Public Water","Septic - Conventional","Cash","Individuals"
"1","2421755","730-68-15-57-600-000","CLOSD","4106 Poplar Grove Road, Chesterfield VA 23112","23112","Chesterfield","Single Family Residence","10/25/2024","$450,000","$450,000","34","Resale (occupied at least once)","1977","Brandermill","2,632","0.42","4","2.1","Public Water","Sewer - Public","Conventional","Individuals"
"1","2418473","752-69-79-09-100-000","CLOSD","1800 Walkerton Road, Chesterfield VA 23236","23236","Chesterfield","Single Family Residence","10/25/2024","$399,990","$395,000","67","Resale (occupied at least once)","1973","Gatewood","1,838","0.90","3","2.0","Public Water","Sewer - Public","Conventional","Individuals"
"1","2426498","N000-0777-008","CLOSD","2810 Fendall Avenue, Richmond City VA 23222","23222","Richmond City","Single Family Residence","10/25/2024","$385,000","$385,000","7","Resale (occupied at least once)","1923","Brookland Park","1,456","0.11","3","2.1","Public Water","Sewer - Public","Conventional","Individuals"
"1","2425323","733-65-94-53-800-000","CLOSD","10241 North Donegal Road, Chesterfield VA 23832","23832","Chesterfield","Single Family Residence","10/25/2024","$349,900","$367,500","2","Resale (occupied at least once)","1987","Donegal Glen","1,441","1.19","4","2.0","Well","Septic - Conventional","Conventional","Individuals"
"1","2424346","8704-16-9935","CLOSD","7515 Gold Coast Lane, Hanover VA 23111","23111","Hanover","Single Family Residence","10/25/2024","$445,000","$442,500","4","Resale (occupied at least once)","2012","Elwin Place","2,486","2.41","4","2.1","Public Water","Sewer - Public","Conventional","Individuals"
"1","2423147","725-71-02-46-400-000","CLOSD","1332 Winfree Creek Lane, Chesterfield VA 23113","23113","Chesterfield","Townhouse","10/25/2024","$434,950","$430,000","18","Resale (occupied at least once)","2018","Winterfield Park","2,073","0.03","3","2.1","Public Water","Sewer - Public","Conventional","Individuals"
"1","2425672","783-66-93-93-400-000","CLOSD","9006 Blue Oak Court, Chesterfield VA 23237","23237","Chesterfield","Single Family Residence","10/25/2024","$300,000","$302,000","8","Resale (occupied at least once)","1984","Oakmont","1,175","0.78","3","2.0","Public Water","Sewer - Public","Conventional","Individuals"
"1","2421450","796-65-83-81-800-000","CLOSD","2930 Warfield Ridge Terrace, Chesterfield VA 23831","23831","Chesterfield","Single Family Residence","10/25/2024","$440,000","$445,000","20","Resale (occupied at least once)","1997","Warfield Estates","2,490","0.58","4","2.1","Public Water","Sewer - Public","Conventional","Individuals"
"1","2417729","718-67-12-18-500-000","CLOSD","7321 Cornus Avenue, Chesterfield VA 23832","23832","Chesterfield","Condominium","10/25/2024","$399,999","$395,000","76","Resale (occupied at least once)","2014","Villas At Dogwood","2,152","","4","3.0","Public Water","Sewer - Public","Conventional","Individuals"
"1","2414064","8714-13-8189","CLOSD","7157 East Boulevard, Hanover VA 23111","23111","Hanover","Single Family Residence","10/25/2024","$325,000","$300,000","108","Resale (occupied at least once)","1972","Beaverdam Park","1,248","0.59","3","1.1","Public Water","Sewer - Public","Cash","Individuals"
"1","2426050","729-66-11-79-100-000","CLOSD","14024 Ashmill Drive, Chesterfield VA 23112","23112","Chesterfield","Single Family Residence","10/25/2024","$499,950","$500,000","5","Resale (occupied at least once)","2017","Collington","2,634","0.23","4","3.0","Public Water","Sewer - Public","VA New","Individuals"
"1","2418157","725-64-75-56-300-000","CLOSD","12107 Prince Philip Place, Chesterfield VA 23838","23838","Chesterfield","Single Family Residence","10/25/2024","$450,000","$450,000","54","Resale (occupied at least once)","1991","Windsor Park","2,383","1.59","4","2.1","Public Water","Septic - Conventional","Conventional","Individuals"
"1","2415579","813-701-2420","CLOSD","3414 New Pasture Court, Henrico VA 23231","23231","Henrico","Townhouse","10/25/2024","$295,000","$295,000","37","Resale (occupied at least once)","2019","New Market Village","1,624","0.06","3","2.1","Public Water","Sewer - Public","FHA New","Individuals"
"1","2423125","7797-68-8070","CLOSD","10401 Morning Dew Lane, Hanover VA 23116","23116","Hanover","Single Family Residence","10/25/2024","$539,950","$540,000","34","Resale (occupied at least once)","1997","Ash Creek","2,910","0.50","4","2.1","Public Water","Sewer - Public","Conventional","Individuals"
"1","2425620","8766-90-2662","CLOSD","2028 Piping Tree Ferry Road, Hanover VA 23111","23111","Hanover","Single Family Residence","10/25/2024","$289,000","$295,000","5","Resale (occupied at least once)","1988","None","1,176","5.75","3","2.0","Well","Septic - Conventional","Cash","Individuals"
"1","2425496","792-67-76-20-000-000","CLOSD","2517 Myron Ave., Chesterfield VA 23237","23237","Chesterfield","Single Family Residence","10/25/2024","$230,000","$225,000","6","Resale (occupied at least once)","1945","Bellwood Addition","1,024","","2","1.0","Public Water","Sewer - Public","Cash","Individuals"
"1","2425293","812-721-2383","CLOSD","4905 East Caryhurst Road, Henrico VA 23223","23223","Henrico","Single Family Residence","10/25/2024","$274,999","$274,999","0","Resale (occupied at least once)","1966","Hechler Village","1,189","0.25","3","1.1","Public Water","Sewer - Public","Conventional","Other"
"1","2425120","762-69-98-42-300-000","CLOSD","1633 Westhall Gardens Drive #Unit26-3, Chesterfield VA 23235","23235","Chesterfield","Townhouse","10/25/2024","$395,000","$410,000","5","Resale (occupied at least once)","2021","The Townes At Notting Place","1,746","0.14","2","2.1","Public Water","Sewer - Public","Cash","Estate"
"1","2425021","W0001083011","CLOSD","2409 Stuart Avenue, Richmond City VA 23220","23220","Richmond City","Single Family Residence","10/25/2024","$674,950","$745,000","8","Resale (occupied at least once)","1923","None","1,758","0.05","3","3.0","Public Water","Sewer - Public","Cash","Individuals"
"1","2425003","C009-0606-046","CLOSD","4060 Norborne Road, Richmond City VA 23234","23234","Richmond City","Single Family Residence","10/25/2024","$200,000","$210,000","5","Resale (occupied at least once)","1963","Deerbourne","1,410","","3","1.0","Public Water","Sewer - Public","Cash","Individuals"
"1","2424910","779-746-0677","CLOSD","2608 Fernhill Avenue, Henrico VA 23228","23228","Henrico","Single Family Residence","10/25/2024","$269,950","$278,000","9","Resale (occupied at least once)","1948","Hermitage Park","1,001","0.18","2","1.0","Public Water","Sewer - Public","Conventional","Individuals"
"1","2424834","826-727-2142","CLOSD","497 North Juniper Avenue, Henrico VA 23075","23075","Henrico","Single Family Residence","10/25/2024","$389,950","$393,000","3","Resale (occupied at least once)","1967","None","2,876","1.00","4","2.0","Well","Septic - Conventional","Conventional","Estate"
"1","2424618","750-740-3607","CLOSD","8990 Midway Road, Henrico VA 23229","23229","Henrico","Single Family Residence","10/25/2024","$475,000","$475,000","8","Resale (occupied at least once)","2020","Westhampton Settlement","1,719","0.24","4","2.1","Public Water","Sewer - Public","Cash","Individuals"
"1","2424536","734-71-05-22-100-000","CLOSD","12503 Musical Lane, Chesterfield VA 23113","23113","Chesterfield","Single Family Residence","10/25/2024","$349,950","$358,000","3","Resale (occupied at least once)","1978","Old Buckingham Forest","1,536","0.31","3","1.1","Public Water","Sewer - Public","Conventional","Individuals"
"1","2424449","720-67-64-98-000-000","CLOSD","5800 Mill Spring Lane, Chesterfield VA 23112","23112","Chesterfield","Single Family Residence","10/25/2024","$345,000","$342,600","6","Resale (occupied at least once)","1985","Woodlake","1,508","0.17","3","2.1","Public Water","Sewer - Public","Conventional","Partnership"
"1","2424442","727-66-52-73-700-000","CLOSD","8878 Emerald Dunes Circle, Chesterfield VA 23832","23832","Chesterfield","Single Family Residence","10/25/2024","$399,000","$399,000","7","Resale (occupied at least once)","1999","Birkdale","1,570","0.20","3","2.0","Public Water","Sewer - Public","VA New","Individuals"
"1","2424330","770-743-7676","CLOSD","2311 Dickens Road, Henrico VA 23230","23230","Henrico","Single Family Residence","10/25/2024","$290,000","$275,000","6","Resale (occupied at least once)","1954","Dickensdale","1,482","0.27","3","2.0","Public Water","Sewer - Public","Conventional","Individuals"
"1","2424291","7874-62-7060","CLOSD","17106 Napier Drive, Hanover VA 23047","23047","Hanover","Single Family Residence","10/25/2024","$325,000","$328,000","6","Resale (occupied at least once)","1968","None","1,708","3.83","3","2.0","Well","Septic - Conventional","Conventional","Individuals"
"1","2424268","8714-29-7379","CLOSD","7465 Seven Springs Road, Hanover VA 23111","23111","Hanover","Single Family Residence","10/25/2024","$353,000","$345,000","13","Resale (occupied at least once)","1960","Seven Springs","1,749","0.49","3","1.1","Public Water","Sewer - Public","FHA New","Partnership"
"1","2424233","8707-70-8435","CLOSD","10521 Goosecross Way #UnitO1, Hanover VA 23116","23116","Hanover","Townhouse","10/25/2024","$582,900","$577,900","18","New (never occupied)","2024","Stags Leap","2,551","0.13","4","3.0","Public Water","Sewer - Public","Conventional","Corporate"
"1","2424186","W022-0350-024","CLOSD","323 Clovelly Road, Richmond City VA 23221","23221","Richmond City","Single Family Residence","10/25/2024","$1,350,000","$1,475,000","5","Resale (occupied at least once)","1956","Windsor Farms","3,594","0.70","4","3.1","Public Water","Sewer - Public","Cash","Individuals"
"1","2424139","777-766-5691","CLOSD","10719 Mountain Ash Drive, Henrico VA 23060","23060","Henrico","Townhouse","10/25/2024","$309,000","$300,000","13","Resale (occupied at least once)","2000","Mountain Laurel Townhouses","1,328","0.04","2","2.1","Public Water","Sewer - Public","Conventional","Individuals"
"1","2423688","764-61-06-59-500-000","CLOSD","19918 Oak River Drive, Chesterfield VA 23803","23803","Chesterfield","Single Family Residence","10/25/2024","$435,000","$438,000","13","Resale (occupied at least once)","1986","Oak Hill Estates","2,232","0.57","3","3.0","Public Water","Septic - Aerobic","FHA New","Individuals"
"1","2423633","N000-1115-013","CLOSD","1212 Whitby Road, Richmond City VA 23227","23227","Richmond City","Single Family Residence","10/25/2024","$549,500","$562,500","4","Resale (occupied at least once)","1949","Sherwood Park","1,853","0.26","3","2.0","Public Water","Sewer - Public","Conventional","Individuals"
"1","2423625","N0160081016","CLOSD","3606 Griffin Avenue, Richmond City VA 23222","23222","Richmond City","Single Family Residence","10/25/2024","$249,950","$270,000","5","Resale (occupied at least once)","1955","North Manor","875","0.14","3","1.0","Public Water","Sewer - Public","Conventional","Corporate"
"1","2423564","7777-95-2038","CLOSD","10320 Holly Hill Road, Hanover VA 23059","23059","Hanover","Single Family Residence","10/25/2024","$549,500","$549,500","21","Resale (occupied at least once)","2008","None","2,730","2.68","3","3.0","Well","Septic - Conventional","VHDA/FHA","Individuals"
"1","2423076","746-67-95-93-000-000","CLOSD","5005 Timberun Court, Chesterfield VA 23832","23832","Chesterfield","Single Family Residence","10/25/2024","$348,000","$342,500","26","Resale (occupied at least once)","1986","Great Oaks","1,641","0.32","3","2.1","Public Water","Sewer - Public","Conventional","Individuals"
"1","2422897","42   1E3   9","CLOSD","9611 Old Forge Road, New Kent VA 23140","23140","New Kent","Single Family Residence","10/25/2024","$499,900","$499,900","4","Resale (occupied at least once)","1993","Minitree Hill","2,099","5.01","3","2.0","Well","Septic - Conventional","Conventional","Individuals"
"1","2422729","723-65-68-33-900-000","CLOSD","11700 Longtown Drive, Chesterfield VA 23112","23112","Chesterfield","Single Family Residence","10/25/2024","$485,000","$475,000","15","Resale (occupied at least once)","2020","Collington","2,762","0.28","5","2.1","Public Water","Sewer - Public","Cash","Individuals"
"1","2422488","W0000812001","CLOSD","1829 Floyd Avenue, Richmond City VA 23220","23220","Richmond City","Single Family Residence","10/25/2024","$1,125,000","$1,150,000","32","Resale (occupied at least once)","1900","None","2,421","0.06","3","2.1","Public Water","Sewer - Public","Cash","Individuals"
"1","2421571","787-64-11-65-500-000","CLOSD","5012 Dampier Court, Chesterfield VA 23831","23831","Chesterfield","Single Family Residence","10/25/2024","$490,000","$480,000","42","Resale (occupied at least once)","2011","Stoney Glen South","3,134","0.44","5","3.1","Public Water","Sewer - Public","FHA New","Individuals"
"1","2421441","33B6 3 1 29","CLOSD","5843 Ginger Drive, New Kent VA 23140","23140","New Kent","Townhouse","10/25/2024","$344,190","$344,190","38","New (never occupied)","2024","None","1,924","","3","2.1","Public Water","Sewer - Public","Conventional","Corporate"
"1","2420945","8725-41-1785","CLOSD","8336 Creekside Meadow Way, Hanover VA 23111","23111","Hanover","Townhouse","10/25/2024","$300,000","$315,000","9","Resale (occupied at least once)","2015","Creekside Village","1,584","0.04","3","2.1","Public Water","Sewer - Public","Conventional","Individuals"
"1","2420112","715673972700000","CLOSD","15329 Princess Lauren Lane, Chesterfield VA 23112","23112","Chesterfield","Townhouse","10/25/2024","$519,950","$519,950","2","New (never occupied)","2024","Jordan Crossing","3,002","","3","3.1","Public Water","Sewer - Public","Conventional","Corporate"
"1","2419670","821-715-2952","CLOSD","5618 Annette Drive, Henrico VA 23150","23150","Henrico","Single Family Residence","10/25/2024","$299,999","$299,999","61","Resale (occupied at least once)","1980","Sanburne Park","1,418","0.31","3","2.0","Public Water","Sewer - Public","FHA New","Corporate"
"1","2419421","785-760-3649.057","CLOSD","725 McCormick Farm Drive #UnitA, Henrico VA 23060","23060","Henrico","Condominium","10/25/2024","$355,000","$337,500","35","Resale (occupied at least once)","2022","Retreat at One","1,584","8.26","2","2.1","Public Water","Sewer - Public","Conventional","Individuals"
"1","2419217","730-70-81-79-200-000","CLOSD","1227 Salisbury Drive, Chesterfield VA 23113","23113","Chesterfield","Single Family Residence","10/25/2024","$199,950","$210,000","6","Resale (occupied at least once)","1890","Midlothian Village","1,240","0.76","4","2.0","Public Water","Septic - Conventional","Cash","Individuals"
"1","2419037","810-715-4783","CLOSD","3200 Denver Street, Henrico VA 23231","23231","Henrico","Single Family Residence","10/25/2024","$269,000","$269,000","47","Resale (occupied at least once)","1948","Eastover Garden","1,064","0.29","3","1.0","Public Water","Sewer - Public","Conventional","Individuals"
"1","2418598","E000-1763-183","CLOSD","3517 Briel Street #UnitU4, Richmond City VA 23223","23223","Richmond City","Condominium","10/25/2024","$114,500","$108,000","79","Resale (occupied at least once)","1968","Villas Of Oakwood South","560","4.18","1","1.0","Public Water","Sewer - Public","Cash","Individuals"
"1","2418450","698673301200000","CLOSD","18548 Cove Creek Drive, Chesterfield VA 23120","23120","Chesterfield","Single Family Residence","10/25/2024","$749,950","$730,000","57","New (never occupied)","2023","Magnolia Green","3,498","","5","3.1","Public Water","Sewer - Public","Conventional","Corporate"
"1","2417726","722-67-00-30-900-010","CLOSD","7305 Hancock Towns Lane, Chesterfield VA 23832","23832","Chesterfield","Condominium","10/25/2024","$339,950","$326,000","65","Resale (occupied at least once)","2021","Hancock Village","1,500","","2","2.1","Public Water","Sewer - Public","Conventional","Individuals"
"1","2415179","774-67-83-81-900-000","CLOSD","6720 Edith Oaks Way, Chesterfield VA 23234","23234","Chesterfield","Townhouse","10/25/2024","$340,000","$335,000","97","Resale (occupied at least once)","2022","Austin Woods","1,544","0.06","3","2.1","Public Water","Sewer - Public","Conventional","Individuals"
"1","2412737","W022-0162-030","CLOSD","5621 Cary Street Road #UnitU1, Richmond City VA 23226","23226","Richmond City","Condominium","10/25/2024","$650,000","$620,000","85","Resale (occupied at least once)","1927","Tuckahoe Condominiums","1,726","1.71","3","2.1","Public Water","Sewer - Public","Cash","Individuals"
"1","2411941","710-67-83-44-400-000","CLOSD","5506 Swift Fox Drive, Chesterfield VA 23120","23120","Chesterfield","Single Family Residence","10/25/2024","$740,000","$735,000","68","Resale (occupied at least once)","2022","Wynwood at Foxcreek","4,171","0.24","6","4.1","Public Water","Sewer - Public","Conventional","Individuals"
"1","2411231","737-749-4156","CLOSD","11607 Timberly Waye, Henrico VA 23238","23238","Henrico","Townhouse","10/25/2024","$349,900","$332,000","115","Resale (occupied at least once)","1982","Sussex Wood","1,920","0.04","4","2.0","Public Water","Sewer - Public","Conventional","Individuals"
"1","2405184","8705-66-3462","CLOSD","8023 Caler Way, Hanover VA 23116","23116","Hanover","Single Family Residence","10/25/2024","$636,655","$656,126","0","New (never occupied)","2024","Shady Grove Park","2,507","","4","3.0","Public Water","Septic - Engineered","Cash","Individuals"
"1","2319677","58-54-8-35-0","CLOSD","Bisque Terrace, Goochland VA 23238","23238","Goochland","Single Family Residence","10/25/2024","$787,519","$813,126","44","New (never occupied)","2023","Mosaic at West Creek","2,044","","2","2.1","Public Water","Sewer - Public","Cash","Corporate"
"1","2314257","839-700-3418","CLOSD","6780 Poplar Springs Road, Henrico VA 23231","23231","Henrico","Single Family Residence","10/25/2024","$627,164","$627,164","0","New (never occupied)","2024","None","3,693","1.32","4","3.1","Well","Septic - Engineered","VA New","Corporate"
"1","REIN10547391","33B6 3 1 15","CLOSD","5843 Ginger Drive VA 23140","23140","New Kent","Townhouse","10/25/2024","$344,190","$344,190","37","New (never occupied)","2024","ALL OTHERS AREA 140","1,924","0.00","3","3.0","Public Water","Public Sewer On Site","",""
"1","2424887","770-68-20-15-800-000","CLOSD","5842 Heathers Crossing Drive, Chesterfield VA 23832","23832","Chesterfield","Single Family Residence","10/26/2024","$375,000","$385,000","3","Resale (occupied at least once)","2018","Kings Grove","1,944","0.22","4","2.1","Public Water","Community - Sewer/Septic","Conventional","Individuals"
"1","2420426","N000-1636-007","CLOSD","3622 Montrose Avenue, Richmond City VA 23222","23222","Richmond City","Single Family Residence","10/28/2024","$899,950","$875,000","30","New (never occupied)","2024","Wrights Park","3,068","0.27","5","3.1","Public Water","Sewer - Public","Conventional","Corporate"
"1","BRTVAHN2000700","775-748-2661","CLOSD","3001 Hilliard Road, Henrico VA 23238","23238","Henrico","Single Family Residence","10/28/2024","$299,000","$299,000","3","Resale (occupied at least once)","1964","NONE AVAILABLE","1,798","0.00","4","2.0","Public Water","Public Sewer On Site","",""
"1","2325351","F24-3018-4010","CLOSD","4165 North Waterside Drive, New Kent VA 23089","23089","New Kent","Single Family Residence","10/28/2024","$617,950","$657,711","59","New (never occupied)","2024","Walsingham Fields","3,026","16.15","4","2.1","Well","Septic - Conventional","Conventional","Corporate"
"1","2419191","8705-70-6050","CLOSD","8120 Saddle Crest Drive, Hanover VA 23111","23111","Hanover","Single Family Residence","10/28/2024","$510,000","$505,000","33","Resale (occupied at least once)","2013","The Villas At Rose Hill","1,848","0.13","3","2.0","Public Water","Sewer - Public","Conventional","Individuals"
"1","2423359","E000-0559-027","CLOSD","1209 North 23rd ST, Richmond City VA 23223","23223","Richmond City","Single Family Residence","10/28/2024","$359,000","$365,000","21","Resale (occupied at least once)","2003","None","1,550","0.08","3","2.1","Public Water","Sewer - Public","Conventional","Individuals"
"1","2423210","803-728-6880","CLOSD","2211 Binford Lane, Henrico VA 23223","23223","Henrico","Single Family Residence","10/28/2024","$235,000","$235,000","12","Resale (occupied at least once)","1970","Montezuma Gardens","1,092","0.28","3","1.0","Public Water","Sewer - Public","Private","Individuals"
"1","2422674","763-69-88-13-500-000","CLOSD","7401 Kirkwall Drive, Chesterfield VA 23235","23235","Chesterfield","Single Family Residence","10/28/2024","$412,000","$417,000","14","Resale (occupied at least once)","1972","Forestdale","2,282","0.35","4","2.1","Public Water","Sewer - Public","Conventional","Individuals"
"1","2418716","C0070176247","CLOSD","5353 Canterbury Ridge Court, Richmond City VA 23224","23224","Richmond City","Townhouse","10/28/2024","$269,990","$269,990","14","New (never occupied)","2024","None","1,220","","3","2.1","Public Water","Sewer - Public","Cash","Corporate"
"1","2423088","776-66-93-81-700-000","CLOSD","5805 Huntingcreek Drive, Chesterfield VA 23237","23237","Chesterfield","Single Family Residence","10/28/2024","$292,500","$300,000","15","Resale (occupied at least once)","1979","Huntingcreek Hills","1,056","0.21","3","1.1","Public Water","Sewer - Public","Conventional","Individuals"
"1","2424587","778-742-3980","CLOSD","2851 Byrdhill Road, Henrico VA 23228","23228","Henrico","Single Family Residence","10/28/2024","$375,000","$386,500","4","Resale (occupied at least once)","2020","Shirley","1,372","0.31","3","2.0","Well","Septic - Engineered","Conventional","Individuals"
"1","2423146","803-731-7057","CLOSD","3114 Carlton Road, Henrico VA 23223","23223","Henrico","Single Family Residence","10/28/2024","$289,950","$300,000","7","Resale (occupied at least once)","1980","Fordham Village","1,544","0.34","3","2.0","Public Water","Sewer - Public","FHA New","Individuals"
"1","2421425","742-69-49-27-300-000","CLOSD","1613 Laurel Top Drive, Chesterfield VA 23114","23114","Chesterfield","Single Family Residence","10/28/2024","$499,950","$504,950","17","Resale (occupied at least once)","1995","Poplar Creek","2,764","0.41","5","3.1","Public Water","Sewer - Public","Conventional","Individuals"
"1","2410770","715-66-52-04-700-000","CLOSD","8412 Timberstone Drive, Chesterfield VA 23832","23832","Chesterfield","Single Family Residence","10/28/2024","$639,999","$640,000","93","Resale (occupied at least once)","2019","Harpers Mill","4,350","0.41","5","3.1","Public Water","Sewer - Public","Conventional","Individuals"
"1","2423475","7778-04-5815","CLOSD","11487 Karen Drive, Hanover VA 23005","23005","Hanover","Single Family Residence","10/28/2024","$349,900","$345,000","25","Resale (occupied at least once)","2013","None","1,320","0.44","3","2.0","Well","Septic - Engineered","Conventional","Individuals"
"1","2419447","790-738-5571","CLOSD","3912 West Chatham Drive, Henrico VA 23222","23222","Henrico","Single Family Residence","10/28/2024","$265,000","$265,000","27","Resale (occupied at least once)","1947","Chatham Place","1,152","0.37","3","2.0","Public Water","Sewer - Public","FHA New","Individuals"
"1","2423168","780-65-54-10-600-000","CLOSD","11609 Buckhurst Street, Chesterfield VA 23831","23831","Chesterfield","Single Family Residence","10/28/2024","$415,000","$400,000","32","Resale (occupied at least once)","1971","Buxton","3,031","1.02","5","3.1","Public Water","Septic - Conventional","VA New","Individuals"
"1","2421871","711-68-13-14-700-000","CLOSD","16424 Otterdale Pointe Drive, Chesterfield VA 23120","23120","Chesterfield","Single Family Residence","10/28/2024","$490,000","$490,000","7","Resale (occupied at least once)","2006","Otterdale Pointe","2,263","0.35","4","2.1","Public Water","Sewer - Public","Conventional","Individuals"
"1","2425514","W000-0606-036","CLOSD","1512 Wallace Street, Richmond City VA 23220","23220","Richmond City","Single Family Residence","10/28/2024","$395,000","$397,500","5","Resale (occupied at least once)","1988","Wallace Manor","1,600","0.07","3","1.1","Public Water","Sewer - Public","Conventional","Individuals"
"1","2425534","C009-0094-028","CLOSD","1212 Richeson Avenue, Richmond City VA 23224","23224","Richmond City","Single Family Residence","10/28/2024","$199,900","$202,500","4","Resale (occupied at least once)","1947","Mcguire Homes","852","0.21","2","1.0","Public Water","Sewer - Public","Conventional","Individuals"
"1","2426143","21D  1C3  20","CLOSD","9011 Greenwood Boulevard, New Kent VA 23124","23124","New Kent","Single Family Residence","10/28/2024","$389,000","$398,000","4","Resale (occupied at least once)","2003","Greenwood Estates","1,812","0.48","3","2.0","Community Well","Septic - Conventional","Cash","Individuals"
"1","2425768","783-69-08-79-300-000","CLOSD","3600 Falstone Road, Chesterfield VA 23234","23234","Chesterfield","Single Family Residence","10/28/2024","$410,000","$420,000","2","Resale (occupied at least once)","1968","Meadowbrook","2,408","0.49","4","2.1","Public Water","Sewer - Public","FHA New","Individuals"
"1","2425481","767-68-68-33-400-000","CLOSD","6601 Jessup Road, Chesterfield VA 23234","23234","Chesterfield","Single Family Residence","10/28/2024","$299,000","$305,000","3","Resale (occupied at least once)","1984","Lake Farms","1,251","0.21","3","2.0","Public Water","Sewer - Public","FHA New","Estate, Individuals"
"1","2425413","19G112 4  14","CLOSD","7619 Sugar Magnolia Lane, New Kent VA 23141","23141","New Kent","Single Family Residence","10/28/2024","$494,950","$520,000","2","Resale (occupied at least once)","2019","Patriots Landing","2,864","0.29","4","3.0","Public Water","Sewer - Public","Conventional","Individuals"
"1","2425215","C005-0727-004","CLOSD","5208 Pine Crest Avenue, Richmond City VA 23225","23225","Richmond City","Single Family Residence","10/28/2024","$285,000","$285,000","3","Resale (occupied at least once)","1950","Forest View Heights","1,022","0.38","2","1.0","Public Water","Sewer - Public","Conventional","Corporate"
"1","2425152","7880-22-1508","CLOSD","900 Sweet Tessa Drive, Hanover VA 23005","23005","Hanover","Townhouse","10/28/2024","$290,000","$295,000","5","Resale (occupied at least once)","2009","Cottage Green Townes","1,458","0.03","3","2.1","Public Water","Sewer - Public","Conventional","Individuals"
"1","2425031","796-64-43-80-800-000","CLOSD","14303 Sonnenburg Drive, Chesterfield VA 23831","23831","Chesterfield","Single Family Residence","10/28/2024","$399,900","$395,000","16","Resale (occupied at least once)","1995","Mistwood Forest","2,600","0.59","4","3.1","Public Water","Sewer - Public","Conventional","Individuals"
"1","2425010","739-748-8218","CLOSD","10817 Weather Vane Road, Henrico VA 23238","23238","Henrico","Single Family Residence","10/28/2024","$758,500","$785,000","5","Resale (occupied at least once)","1982","Whitaker Woods","3,627","0.44","5","3.1","Public Water","Sewer - Public","Cash","Individuals"
"1","2424849","779-69-16-13-800-000","CLOSD","4656 Selwood Road, Chesterfield VA 23234","23234","Chesterfield","Single Family Residence","10/28/2024","$305,000","$305,000","3","Resale (occupied at least once)","1962","Garland Heights","2,906","0.84","4","3.0","Public Water","Septic - Conventional","Conventional","Individuals"
"1","2424807","728-70-99-78-800-077","CLOSD","1421 Sycamore Mews Circle #Unit1421, Chesterfield VA 23113","23113","Chesterfield","Condominium","10/28/2024","$298,999","$290,000","32","Resale (occupied at least once)","1986","Sycamore Mews Condo","1,328","","2","2.1","Public Water","Sewer - Public","Conventional","Individuals"
"1","2424447","S000-0027-050","CLOSD","815 Porter Street #UnitU208, Richmond City VA 23224","23224","Richmond City","Condominium","10/28/2024","$259,900","$255,000","27","Resale (occupied at least once)","1895","Manchester","791","0.02","1","1.0","Public Water","Sewer - Public","Cash","Individuals"
"1","2424381","748-68-49-50-600-000","CLOSD","4078 Trisha Trail, Chesterfield VA 23112","23112","Chesterfield","Townhouse","10/28/2024","$309,000","$302,000","15","Resale (occupied at least once)","2005","Rockwood Terrace Townhouse","1,740","0.04","3","3.1","Public Water","Sewer - Public","Cash","Individuals"
"1","2424290","032B-4-16","CLOSD","19061 Founders Knoll Terrace, Powhatan VA 23113","23113","Powhatan","Single Family Residence","10/28/2024","$724,000","$730,000","3","Resale (occupied at least once)","2003","Founders Bridge","2,746","0.20","3","3.1","Public Water","Sewer - Public","Cash","Individuals"
"1","2424239","799-66-04-65-700-000","CLOSD","2211 Coxendale Road, Chesterfield VA 23831","23831","Chesterfield","Single Family Residence","10/28/2024","$199,990","$225,000","4","Resale (occupied at least once)","1940","Coxendale","924","0.62","2","1.1","Public Water","Septic - Engineered","FHA New","Individuals"
"1","2423730","732-72-42-70-200-000","CLOSD","3537 Kendal Crossing Terrace, Chesterfield VA 23113","23113","Chesterfield","Single Family Residence","10/28/2024","$729,000","$774,000","5","Resale (occupied at least once)","2016","Tarrington","2,434","0.26","3","2.1","Public Water","Sewer - Public","Conventional","Individuals"
"1","2423728","039-6-22","CLOSD","3410 Lake Randolph Circle, Powhatan VA 23139","23139","Powhatan","Single Family Residence","10/28/2024","$629,950","$621,250","18","Resale (occupied at least once)","2007","None","2,624","2.12","3","2.1","Well","Septic - Conventional","Conventional","Individuals"
"1","2423548","8716-50-5579","CLOSD","7358 Battalion Drive, Hanover VA 23116","23116","Hanover","Townhouse","10/28/2024","$395,950","$380,000","16","Resale (occupied at least once)","2011","The Bluffs At Bell Creek","2,042","0.07","3","2.1","Public Water","Sewer - Public","Cash","Individuals"
"1","2423478","E000-1646-008","CLOSD","1306 North 37th Street, Richmond City VA 23223","23223","Richmond City","Single Family Residence","10/28/2024","$160,000","$176,000","5","Resale (occupied at least once)","1962","Mccarthy Vineyard","1,603","0.14","3","2.0","Public Water","Sewer - Public","Cash","Individuals"
"1","2423435","7778-63-5511","CLOSD","11264 Old Scotland Road, Hanover VA 23059","23059","Hanover","Single Family Residence","10/28/2024","$410,000","$418,500","4","Resale (occupied at least once)","2003","Cedarlea Park","1,743","0.26","3","2.0","Public Water","Sewer - Public","Conventional","Individuals"
"1","2423372","726-70-74-33-400-000","CLOSD","357 Crofton Village Terrace, Chesterfield VA 23114","23114","Chesterfield","Townhouse","10/28/2024","$415,000","$418,000","4","Resale (occupied at least once)","2018","Crofton Village At Charter Colony","2,293","0.07","4","3.1","Public Water","Sewer - Public","Cash","Individuals"
"1","2423369","7860-03-7642","CLOSD","12506 Stagfield Road, Hanover VA 23005","23005","Hanover","Single Family Residence","10/28/2024","$619,950","$640,000","11","Resale (occupied at least once)","1978","Stagfield Forest","2,708","5.00","4","2.0","Well","Septic - Conventional","Conventional","Individuals"
"1","2423249","21-10-0-2-0","CLOSD","3105 Mill Trace Lane, Goochland VA 23153","23153","Goochland","Single Family Residence","10/28/2024","$599,000","$600,000","4","Resale (occupied at least once)","1999","Mill Forest","2,526","3.00","4","2.1","Well","Septic - Conventional","Conventional","Individuals"
"1","2423200","738-67-22-01-700-000","CLOSD","8506 Erika Hill Drive, Chesterfield VA 23112","23112","Chesterfield","Single Family Residence","10/28/2024","$449,900","$439,900","16","Resale (occupied at least once)","2002","Bayhill Pointe","2,539","0.41","4","2.1","Public Water","Sewer - Public","Conventional","Individuals"
"1","2422914","802-701-8669","CLOSD","1288 Herman Street, Henrico VA 23231","23231","Henrico","Single Family Residence","10/28/2024","$424,950","$414,613","19","New (never occupied)","2024","Capitol View","1,904","","4","2.1","Well","Sewer - Public","Cash","Individuals"
"1","2422508","783-67-74-36-600-000","CLOSD","4050 Bellbrook Drive, Chesterfield VA 23237","23237","Chesterfield","Single Family Residence","10/28/2024","$304,900","$310,000","7","Resale (occupied at least once)","1960","North Beulah Village","1,588","0.33","3","1.1","Public Water","Sewer - Public","Conventional","Individuals"
"1","2422431","732-67-60-55-300-000","CLOSD","13319 Thornridge Lane, Chesterfield VA 23112","23112","Chesterfield","Single Family Residence","10/28/2024","$315,000","$300,000","8","Resale (occupied at least once)","1979","Thornridge","1,588","0.21","4","1.1","Public Water","Sewer - Public","Conventional","Individuals"
"1","2422409","727-68-45-12-800-000","CLOSD","3611 Stoney Ridge Trail, Chesterfield VA 23112","23112","Chesterfield","Single Family Residence","10/28/2024","$400,000","$390,000","16","Resale (occupied at least once)","1979","Brandermill","2,256","0.33","4","2.1","Public Water","Sewer - Public","VA New","Individuals"
"1","2422230","755-62-97-43-000-000","CLOSD","10201 Cattail Road, Chesterfield VA 23838","23838","Chesterfield","Single Family Residence","10/28/2024","$399,900","$425,000","9","Resale (occupied at least once)","1984","None","1,844","1.38","3","2.1","Well","Septic - Conventional","VHDA ","Individuals"
"1","2421889","829-716-1520","CLOSD","10 Medlock Road, Henrico VA 23150","23150","Henrico","Single Family Residence","10/28/2024","$235,000","$232,500","42","Resale (occupied at least once)","1953","Sandston","1,295","0.20","3","1.1","Public Water","Sewer - Public","Conventional","Corporate"
"1","2421846","789-61-38-64-700-000","CLOSD","20611 Ravensbourne Drive, Chesterfield VA 23803","23803","Chesterfield","Single Family Residence","10/28/2024","$209,950","$219,500","19","Resale (occupied at least once)","1975","Hickory Hill Estates","960","0.16","3","1.0","Public Water","Sewer - Public","VA New","Corporate"
"1","2421831","802-704-0355","CLOSD","1200 Southbury Avenue, Henrico VA 23231","23231","Henrico","Single Family Residence","10/28/2024","$329,000","$330,000","13","Resale (occupied at least once)","1956","Nelson Estates","1,446","0.53","3","1.1","Public Water","Sewer - Public","FHA New","Individuals"
"1","2419940","33B6 3 1 03","CLOSD","5885 Ginger Drive, New Kent VA 23140","23140","New Kent","Townhouse","10/28/2024","$313,940","$313,990","67","New (never occupied)","2024","None","1,621","0.00","3","2.1","Public Water","Sewer - Public","Conventional","Corporate"
"1","2409137","730663449100000","CLOSD","13701 Elmley Court, Chesterfield VA 23112","23112","Chesterfield","Single Family Residence","10/28/2024","$557,950","$676,167","0","New (never occupied)","2024","Collington East","2,842","","4","2.1","Public Water","Sewer - Public","Conventional","Corporate"
"1","2407698","33B6 3 1 42","CLOSD","5890 Ginger Drive, New Kent VA 23140","23140","New Kent","Townhouse","10/28/2024","$332,990","$332,990","168","New (never occupied)","2024","None","1,621","0.05","3","2.1","Public Water","Sewer - Public","Conventional","Corporate"
"1","2323619","8707-81-0248","CLOSD","10111 Cabernet Lane, Hanover VA 23116","23116","Hanover","Single Family Residence","10/28/2024","$746,609","$726,609","318","New (never occupied)","2024","Stags Leap","2,520","0.28","4","3.0","Public Water","Sewer - Public","Conventional","Corporate"
"1","2318114","763-64-40-53-600-000","CLOSD","8400 Capernwray Drive, Chesterfield VA 23838","23838","Chesterfield","Single Family Residence","10/28/2024","$849,000","$800,000","435","Resale (occupied at least once)","2020","The Highlands","4,312","1.04","4","3.0","Public Water","Septic - Conventional","VA New","Individuals"
"1","BRTVACF2000472","763644053600000","CLOSD","8400 Capernwray Drive, Chesterfield VA 23838","23838","Chesterfield","Single Family Residence","10/28/2024","$849,000","$800,000","413","Resale (occupied at least once)","2020","NONE AVAILABLE","4,312","1.04","4","3.0","Public Water","Septic","",""
"1","REIN10544963","33B6 3 1 03","CLOSD","5885 Ginger Drive VA 23140","23140","New Kent","Townhouse","10/28/2024","$313,940","$313,990","66","New (never occupied)","2024","ALL OTHERS AREA 140","1,621","0.05","3","3.0","Public Water","Public Sewer On Site","",""
"1","REIN10525689","TBD","CLOSD","5890 Ginger Drive VA 23140","23140","New Kent","Townhouse","10/28/2024","$332,990","$332,990","167","New (never occupied)","2024","ALL OTHERS AREA 140","1,621","0.05","3","3.0","Public Water","Public Sewer On Site","",""
"1","2423335","759-736-3154","CLOSD","300 Wood Road, Henrico VA 23229","23229","Henrico","Single Family Residence","10/29/2024","$1,195,000","$1,420,000","7","Resale (occupied at least once)","1955","Westham","3,910","0.33","4","3.1","Public Water","Sewer - Public","Conventional","Individuals"
"1","2418592","8728-22-0553","CLOSD","6390 Glebe Hill Road, Hanover VA 23116","23116","Hanover","Single Family Residence","10/29/2024","$689,500","$689,500","66","Resale (occupied at least once)","2014","Glebe Hill","3,244","1.44","4","3.1","Well","Septic - Conventional","Conventional","Individuals"
"1","2415603","714660911400000","CLOSD","9018 Tregeare Road, Chesterfield VA 23832","23832","Chesterfield","Single Family Residence","10/29/2024","$649,999","$649,999","80","New (never occupied)","2024","Harpers Mill","3,182","0.28","3","3.0","Public Water","Sewer - Public","Conventional","Corporate"
"1","2425162","7870-65-7424","CLOSD","228 Amburn Lane, Hanover VA 23005","23005","Hanover","Townhouse","10/29/2024","$489,960","$489,960","4","New (never occupied)","2024","Amburn","2,545","","3","3.1","Public Water","Sewer - Public","Conventional","Corporate"
"1","2408028","730-66-32-75-700-000","CLOSD","9407 Kinnerton Drive, Chesterfield VA 23112","23112","Chesterfield","Single Family Residence","10/29/2024","$578,950","$659,950","0","New (never occupied)","2024","Collington East","3,087","","4","2.1","Public Water","Sewer - Public","Conventional","Corporate"
"1","2420010","N000-0632-001","CLOSD","811 Overbrook Road, Richmond City VA 23222","23222","Richmond City","Single Family Residence","10/29/2024","$515,000","$510,000","57","Resale (occupied at least once)","1923","None","2,796","0.13","5","4.0","Public Water","Sewer - Public","Conventional","Partnership"
"1","2422929","818-727-5257","CLOSD","5904 Pine Street, Henrico VA 23223","23223","Henrico","Single Family Residence","10/29/2024","$312,000","$310,000","23","Resale (occupied at least once)","1963","Robin Park","1,607","0.54","4","1.1","Public Water","Sewer - Public","Conventional","Other"
"1","2417652","770-67-96-80-400-000","CLOSD","6037 Crosswinds Boulevard, Chesterfield VA 23234","23234","Chesterfield","Townhouse","10/29/2024","$354,245","$339,245","21","New (never occupied)","2024","Watermark","1,543","0.08","3","2.1","Public Water","Sewer - Public","Other","Other"
"1","2414512","771678326500000","CLOSD","6130 Belay Drive, Chesterfield VA 23234","23234","Chesterfield","Townhouse","10/29/2024","$349,970","$335,000","354","New (never occupied)","2024","Watermark","1,474","","3","2.1","Public Water","Sewer - Public","Conventional","Corporate"
"1","2407536","736678906800000","CLOSD","3712 Irby Pond Drive, Chesterfield VA 23112","23112","Chesterfield","Townhouse","10/29/2024","$400,275","$400,275","89","New (never occupied)","2024","Wescott","1,835","","3","2.1","Public Water","Sewer - Public","Conventional","Corporate"
"1","2402888","771678146800000","CLOSD","6184 Belay Drive, Chesterfield VA 23234","23234","Chesterfield","Townhouse","10/29/2024","$349,990","$335,000","354","New (never occupied)","2024","Watermark","1,474","","3","2.1","Public Water","Sewer - Public","Conventional","Corporate"
"1","2412272","TBD","CLOSD","506 Rivanna Hill Way, Henrico VA 23060","23060","Henrico","Townhouse","10/29/2024","$367,840","$367,840","8","New (never occupied)","2023","Retreat at One","1,470","","3","2.1","Public Water","Sewer - Public","VA New","Corporate"
"1","2406452","715-66-28-34-600-000","CLOSD","8712 Freebridge Road, Chesterfield VA 23832","23832","Chesterfield","Single Family Residence","10/29/2024","$608,950","$709,396","0","New (never occupied)","2024","Harpers Mill","3,228","","4","4.0","Public Water","Sewer - Public","Conventional","Corporate"
"1","2423798","805-695-2851","CLOSD","1541 Tree Ridge Road, Henrico VA 23231","23231","Henrico","Single Family Residence","10/29/2024","$370,000","$373,000","20","Resale (occupied at least once)","1992","Olde Colony Estates","2,406","0.28","4","3.0","Public Water","Sewer - Public","FHA New","Individuals"
"1","2417027","N000-1454-032","CLOSD","3215 Jeter Avenue, Richmond City VA 23222","23222","Richmond City","Single Family Residence","10/29/2024","$280,000","$287,500","78","Resale (occupied at least once)","1954","Brookland Terrace","1,088","0.12","3","2.0","Public Water","Sewer - Public","Conventional","Individuals"
"1","2423430","13-1-0-16-A","CLOSD","3908 Broad Street Road, Goochland VA 23065","23065","Goochland","Single Family Residence","10/29/2024","$325,000","$332,500","4","Resale (occupied at least once)","1999","None","1,482","2.18","3","2.1","Well","Septic - Conventional","Conventional","Individuals"
"1","2420279","771-742-4898","CLOSD","2340 Leah Road, Henrico VA 23230","23230","Henrico","Single Family Residence","10/29/2024","$304,950","$300,000","46","Resale (occupied at least once)","1955","Dickensdale","1,000","0.20","3","1.0","Public Water","Sewer - Public","Conventional","Other"
"1","2414198","758-69-69-61-500-000","CLOSD","8118 Babbler Lane, Chesterfield VA 23235","23235","Chesterfield","Single Family Residence","10/29/2024","$414,900","$414,900","124","Resale (occupied at least once)","1985","Foxberry","2,376","0.37","6","3.0","Public Water","Sewer - Public","FHA New","Partnership"
"1","2423446","822-688-7013","CLOSD","3100 Heather Ridge Drive, Henrico VA 23231","23231","Henrico","Single Family Residence","10/29/2024","$439,900","$444,000","19","Resale (occupied at least once)","2007","Four Mile Run","2,548","0.33","5","2.1","Public Water","Sewer - Public","Conventional","Corporate"
"1","2424272","759-765-0680","CLOSD","9125 Woodchuck Place, Henrico VA 23060","23060","Henrico","Single Family Residence","10/29/2024","$377,500","$372,500","15","Resale (occupied at least once)","1988","The Timbers","1,180","0.25","3","2.0","Public Water","Sewer - Public","Conventional","Corporate"
"1","2421860","796-61-68-86-600-000","CLOSD","19711 Piedmont Avenue, Chesterfield VA 23834","23834","Chesterfield","Single Family Residence","10/29/2024","$352,500","$350,000","40","New (never occupied)","2024","West Chesterfield Heights","1,640","","4","2.1","Public Water","Sewer - Public","Conventional","Other"
"1","2424350","736-69-43-85-700-000","CLOSD","12304 Boxford Lane, Chesterfield VA 23114","23114","Chesterfield","Single Family Residence","10/29/2024","$385,000","$385,000","5","Resale (occupied at least once)","1994","Abbots Mill","1,922","0.23","4","2.1","Public Water","Sewer - Public","FHA New","Individuals"
"1","2418022","E012-0281-022","CLOSD","1800 Rogers Street, Richmond City VA 23223","23223","Richmond City","Single Family Residence","10/29/2024","$229,999","$232,000","72","Resale (occupied at least once)","1949","Mechanicsville Gardens","1,044","0.16","3","1.0","Public Water","Sewer - Public","FHA New","Individuals"
"1","2424548","764-741-9547","CLOSD","6905 West Grace Street, Henrico VA 23226","23226","Henrico","Single Family Residence","10/29/2024","$589,950","$595,000","8","Resale (occupied at least once)","1979","Duntreath","2,120","0.17","4","3.0","Public Water","Sewer - Public","Conventional","Individuals"
"1","2427021","8725-41-1616","CLOSD","8140 Creekside Village Drive, Hanover VA 23111","23111","Hanover","Townhouse","10/29/2024","$329,000","$329,000","6","Resale (occupied at least once)","2015","Creekside Village","1,848","0.05","3","2.1","Public Water","Sewer - Public","Cash","Individuals"
"1","2420065","760-71-07-58-900-000","CLOSD","7854 Whitworth Road, Chesterfield VA 23235","23235","Chesterfield","Single Family Residence","10/29/2024","$329,000","$338,000","5","Resale (occupied at least once)","1954","Bon Air Manor","1,351","0.81","2","1.1","Public Water","Septic - Conventional","FHA New","Individuals"
"1","2411348","785-759-8458","CLOSD","512 Rivanna Hill Way, Henrico VA 23060","23060","Henrico","Townhouse","10/29/2024","$338,840","$332,340","0","New (never occupied)","2023","Retreat at One","1,470","","3","2.1","Public Water","Sewer - Public","Cash","Corporate"
"1","2408215","TBD","CLOSD","1517 Moore Street #UnitA, Richmond City VA 23220","23220","Richmond City","Condominium","10/29/2024","$394,835","$387,335","194","New (never occupied)","2024","Carver Square","1,573","","2","2.1","Public Water","Sewer - Public","Cash","Corporate"
"1","2422933","730-767-4819.021","CLOSD","4652 Broad Hill Drive, Henrico VA 23233","23233","Henrico","Townhouse","10/29/2024","$569,990","$560,000","21","Resale (occupied at least once)","2019","Saunders Station At Broad Hill Centre","2,514","","3","2.2","Public Water","Sewer - Public","Conventional","Individuals"
"1","2426542","732-67-72-14-900-000","CLOSD","13206 Thornridge Lane, Chesterfield VA 23112","23112","Chesterfield","Single Family Residence","10/29/2024","$349,950","$355,000","5","Resale (occupied at least once)","1979","Brandermill","2,238","0.26","5","3.0","Public Water","Sewer - Public","Cash","Individuals"
"1","2425888","780-745-1499","CLOSD","2305 Kent Street, Henrico VA 23228","23228","Henrico","Single Family Residence","10/29/2024","$324,990","$325,000","5","Resale (occupied at least once)","1950","Park View","1,019","0.11","3","1.0","Public Water","Sewer - Public","Conventional","Individuals"
"1","2425636","744-752-7013","CLOSD","2221 Rocky Point Parkway, Henrico VA 23238","23238","Henrico","Townhouse","10/29/2024","$299,500","$305,000","2","Resale (occupied at least once)","1982","Stony Run","1,612","0.09","3","2.0","Public Water","Sewer - Public","Conventional","Individuals"
"1","2424462","052B-3-10","CLOSD","2566 Moon Glow Drive, Powhatan VA 23139","23139","Powhatan","Single Family Residence","10/29/2024","$474,950","$480,000","1","Resale (occupied at least once)","1998","Walkers Ridge","2,538","2.16","4","2.1","Well","Septic - Conventional","VA New","Individuals"
"1","2424120","796-63-62-55-600-000","CLOSD","3508 Sylvania Road, Chesterfield VA 23831","23831","Chesterfield","Single Family Residence","10/29/2024","$265,000","$255,000","16","Resale (occupied at least once)","1957","Sylvania","1,782","1.25","2","1.0","Public Water","Sewer - Public","Conventional","Individuals"
"1","2424056","C001-0928-016","CLOSD","9420 Evansway Lane, Richmond City VA 23235","23235","Richmond City","Single Family Residence","10/29/2024","$487,000","$512,700","6","Resale (occupied at least once)","1964","Holiday Hills","1,903","0.65","3","2.0","Public Water","Sewer - Public","Conventional","Individuals"
"1","2423912","8726-04-4711","CLOSD","6984 Springhill Road, Hanover VA 23116","23116","Hanover","Single Family Residence","10/29/2024","$305,000","$310,000","2","Resale (occupied at least once)","1986","Springhill Acres","984","0.99","3","2.0","Well","Septic - Conventional","Conventional","Corporate"
"1","2423896","784-67-99-83-200-000","CLOSD","7101 Conifer Road, Chesterfield VA 23237","23237","Chesterfield","Single Family Residence","10/29/2024","$539,000","$505,000","6","Resale (occupied at least once)","1984","None","2,011","1.84","4","2.1","Public Water","Septic - Conventional","VA New","Individuals"
"1","2422907","776-66-61-12-500-000","CLOSD","5830 Osterbind Lane, Chesterfield VA 23237","23237","Chesterfield","Single Family Residence","10/29/2024","$279,900","$295,000","6","Resale (occupied at least once)","1985","None","1,056","0.57","3","2.0","Well","Septic - Conventional","FHA New","Individuals"
"1","2422757","054B-3-9","CLOSD","1965 Pine Creek Bluff Road, Powhatan VA 23139","23139","Powhatan","Single Family Residence","10/29/2024","$575,000","$575,000","7","Resale (occupied at least once)","1996","Pine Creek Bluffs","2,650","2.00","3","2.0","Well","Septic - Conventional","Conventional","Individuals"
"1","2422003","732-764-1882.037","CLOSD","361 Souldren Walk #Unit21B, Henrico VA 23233","23233","Henrico","Condominium","10/29/2024","$654,900","$650,195","6","New (never occupied)","2024","Greengate","2,487","","3","2.1","Public Water","Sewer - Public","Cash","Corporate"
"1","2421821","752-68-80-76-400-000","CLOSD","9320 Amberleigh Circle, Chesterfield VA 23236","23236","Chesterfield","Townhouse","10/29/2024","$435,000","$440,000","2","Resale (occupied at least once)","2017","Amberleigh","1,562","0.09","3","2.0","Public Water","Sewer - Public","Cash","Individuals"
"1","2421497","8705-82-4357","CLOSD","8134 Ashby Ridge Place, Hanover VA 23111","23111","Hanover","Single Family Residence","10/29/2024","$570,000","$575,000","6","Resale (occupied at least once)","2004","None","2,678","0.99","4","2.1","Public Water","Sewer - Public","Cash","Individuals"
"1","2418589","774-744-3490.137","CLOSD","11 Rock Garden Lane, Henrico VA 23228","23228","Henrico","Condominium","10/29/2024","$159,990","$150,000","80","Resale (occupied at least once)","1962","Hamlet Condominium","923","0.02","2","1.1","Public Water","Sewer - Public","Conventional","Individuals"
"1","2415221","8708-21-3429","CLOSD","8471 Anderson Court, Hanover VA 23116","23116","Hanover","Single Family Residence","10/29/2024","$270,000","$280,000","2","Resale (occupied at least once)","1985","Hanover Hills Small Farms","1,008","1.41","3","2.0","Well","Septic - Conventional","Conventional","Partnership"
"1","2412849","740-72-52-90-500-000","CLOSD","3831 Solebury Terrace, Chesterfield VA 23113","23113","Chesterfield","Single Family Residence","10/29/2024","$1,650,000","$1,525,000","31","Resale (occupied at least once)","1995","Reeds Landing","6,950","1.13","7","4.2","Public Water","Septic - Conventional","Cash","Individuals"
"1","2424066","746-71-51-52-500-000","CLOSD","2260 Greenfield Drive, Chesterfield VA 23235","23235","Chesterfield","Single Family Residence","10/30/2024","$390,000","$390,000","20","Resale (occupied at least once)","1975","Greenfield","1,712","0.40","3","2.0","Public Water","Sewer - Public","Conventional","Individuals"
"1","2421835","723-65-63-53-200-000","CLOSD","11818 Longtown Drive, Chesterfield VA 23112","23112","Chesterfield","Single Family Residence","10/30/2024","$484,950","$499,000","25","Resale (occupied at least once)","2020","Collington","2,556","0.59","5","3.0","Public Water","Sewer - Public","VA New","Individuals"
"1","2408400","836-713-1910","CLOSD","2226 Palm Court, Henrico VA 23150","23150","Henrico","Townhouse","10/30/2024","$341,325","$335,000","0","New (never occupied)","2024","None","1,577","","3","2.1","Public Water","Sewer - Public","FHA New","Corporate"
"1","2423787","758-749-0850","CLOSD","8005 Walnut Knoll Lane, Henrico VA 23229","23229","Henrico","Single Family Residence","10/30/2024","$399,000","$400,000","6","Resale (occupied at least once)","1987","Walnut Knoll","1,935","0.24","4","3.1","Public Water","Sewer - Public","Conventional","Individuals"
"1","2419137","TBD","CLOSD","13344 Garland Lane, Chesterfield VA 23114","23114","Chesterfield","Condominium","10/30/2024","$464,990","$464,090","41","New (never occupied)","2024","Coalfield Station","1,974","","3","2.1","Public Water","Sewer - Public","FHA New","Corporate"
"1","2422166","759-70-91-77-400-000","CLOSD","8701 Sheldeb Drive, Chesterfield VA 23235","23235","Chesterfield","Single Family Residence","10/30/2024","$512,000","$487,000","39","Resale (occupied at least once)","1976","Buford Estates","3,522","0.37","5","3.1","Public Water","Sewer - Public","Cash","Corporate"
"1","2425151","761-769-3149","CLOSD","6036 Bastione Court, Henrico VA 23060","23060","Henrico","Single Family Residence","10/30/2024","$574,950","$574,950","7","Resale (occupied at least once)","2011","Linden Pointe","2,604","","3","3.1","Public Water","Sewer - Public","VHDA/FHA","Individuals"
"1","2424718","741-781-8271","CLOSD","6212 New Harvard Lane, Henrico VA 23059","23059","Henrico","Single Family Residence","10/30/2024","$869,500","$880,000","3","Resale (occupied at least once)","1991","New Harvard At Wyndham","3,625","0.41","5","3.1","Public Water","Sewer - Public","Other","Individuals"
"1","2408702","779-771-8172","CLOSD","10849 Farmstead Mill Lane, Henrico VA 23059","23059","Henrico","Townhouse","10/30/2024","$421,395","$421,175","0","New (never occupied)","2024","River Mill","1,743","","3","2.1","Public Water","Sewer - Public","Conventional","Corporate"
"1","2403592","748-764-6675","CLOSD","4368 Dominion Forest Circle, Henrico VA 23060","23060","Henrico","Townhouse","10/30/2024","$531,175","$530,730","0","New (never occupied)","2024","Innsbrook Dominion Residences","2,040","","4","3.2","Public Water","Sewer - Public","Conventional","Corporate"
"1","2322092","707-68-64-50-100-000","CLOSD","5013 Lake Summer Loop, Chesterfield VA 23120","23120","Chesterfield","Single Family Residence","10/30/2024","$788,945","$919,940","0","New (never occupied)","2023","Summer Lake","3,655","","5","4.0","Public Water","Sewer - Public","Conventional","Corporate"
"1","2319049","824-65-90-41-200-000","CLOSD","1707 Twin Rivers Court, Chesterfield VA 23836","23836","Chesterfield","Single Family Residence","10/30/2024","$487,375","$491,025","359","New (never occupied)","2023","Twin Rivers","1,829","","3","2.0","Public Water","Sewer - Public","FHA New","Corporate"
"1","2421383","809-64-69-55-300-000","CLOSD","14330 Fox Knoll Drive, Chesterfield VA 23834","23834","Chesterfield","Single Family Residence","10/30/2024","$360,000","$370,000","29","Resale (occupied at least once)","1992","Walthall Creek","2,264","3.64","4","2.0","Public Water","Septic - Conventional","Conventional","Individuals"
"1","2420259","8725-08-5356","CLOSD","7811 Longtail Lane, Hanover VA 23116","23116","Hanover","Single Family Residence","10/30/2024","$610,000","$599,000","31","Resale (occupied at least once)","2019","Bishops Park","2,978","0.19","5","3.0","Public Water","Sewer - Public","Conventional","Individuals"
"1","2424575","703-67-23-22-000-000","CLOSD","17819 Boston Creek Trail, Chesterfield VA 23120","23120","Chesterfield","Single Family Residence","10/30/2024","$799,000","$789,000","16","Resale (occupied at least once)","2017","Magnolia Green","4,611","0.28","5","3.1","Public Water","Sewer - Public","Cash","Individuals"
"1","2424685","710-66-62-36-200-000","CLOSD","7803 Hampton Green Drive, Chesterfield VA 23832","23832","Chesterfield","Single Family Residence","10/30/2024","$542,000","$550,000","12","Resale (occupied at least once)","2004","Hampton Park","2,814","0.21","4","2.1","Public Water","Sewer - Public","FHA New","Individuals"
"1","2426409","735-69-46-67-100-000","CLOSD","12310 Darien Circle, Chesterfield VA 23114","23114","Chesterfield","Townhouse","10/30/2024","$245,000","$250,500","5","Resale (occupied at least once)","1990","Sugar Creek","1,050","0.05","2","1.1","Public Water","Sewer - Public","Conventional","Individuals"
"1","2425411","788-66-12-38-000-000","CLOSD","4025 Walters Drive, Chesterfield VA 23831","23831","Chesterfield","Single Family Residence","10/30/2024","$345,000","$350,000","3","Resale (occupied at least once)","1988","Glen Oaks","1,675","0.35","3","2.0","Public Water","Sewer - Public","Conventional","Individuals"
"1","2425377","790-756-1422","CLOSD","8207 Hood Drive, Henrico VA 23227","23227","Henrico","Single Family Residence","10/30/2024","$370,000","$375,000","6","Resale (occupied at least once)","1954","Chamberlayne Farms","1,740","0.34","4","2.0","Public Water","Community - Sewer/Septic","FHA New","Individuals"
"1","2421008","21 84D","CLOSD","6231 Pine Fork Rd, New Kent VA 23141","23141","New Kent","Single Family Residence","10/30/2024","$599,900","$570,000","17","Resale (occupied at least once)","2020","None","2,274","12.96","3","2.1","Well","Septic - Conventional","VA New","Individuals"
"1","2400400","8707-70-7604","CLOSD","10528 Goosecross Way #UnitF2, Hanover VA 23116","23116","Hanover","Townhouse","10/30/2024","$502,900","$502,900","258","New (never occupied)","2023","None","2,222","","3","3.0","Public Water","Sewer - Public","Cash","Corporate"
"1","2420114","7778-90-6513","CLOSD","11018 Brookhollow Court, Hanover VA 23059","23059","Hanover","Single Family Residence","10/30/2024","$689,900","$685,000","48","Resale (occupied at least once)","1980","Stony Run Estates","3,386","3.00","5","3.1","Public Water","Septic - Engineered","Cash","Corporate"
"1","2422153","757-69-32-05-400-000","CLOSD","2431 Hicks Road, Chesterfield VA 23235","23235","Chesterfield","Single Family Residence","10/30/2024","$379,000","$370,000","29","Resale (occupied at least once)","1973","None","2,617","0.88","4","2.1","Well","Septic - Conventional","FHA New","Individuals"
"1","2423352","8714-80-6661","CLOSD","7047 Poteet Lane, Hanover VA 23111","23111","Hanover","Single Family Residence","10/30/2024","$315,000","$304,000","21","Resale (occupied at least once)","1985","High Point Farms","1,512","0.23","4","2.0","Public Water","Sewer - Public","FHA New Assumption","Individuals"
"1","2425007","768-69-79-42-500-000","CLOSD","6520 Wimbledon Drive, Chesterfield VA 23224","23224","Chesterfield","Single Family Residence","10/30/2024","$325,000","$325,000","2","Resale (occupied at least once)","1966","Marlboro","1,547","0.32","3","1.1","Public Water","Sewer - Public","VHDA ","Individuals"
"1","2422855","041D-3-8","CLOSD","2635 Dorset Ridge Turn, Powhatan VA 23139","23139","Powhatan","Single Family Residence","10/30/2024","$549,900","$549,900","12","New (never occupied)","2024","Dorset Ridge","1,980","2.02","3","2.1","Well","Septic - Engineered","Conventional","Other"
"1","2424310","W000-1440-061","CLOSD","3229 Douglasdale Road, Richmond City VA 23221","23221","Richmond City","Single Family Residence","10/30/2024","$399,950","$370,000","16","Resale (occupied at least once)","1963","Belmont","1,215","0.23","2","1.0","Public Water","Sewer - Public","Conventional","Individuals"
"1","2422862","786-60-92-08-400-000","CLOSD","21315 Deodora Court, Chesterfield VA 23803","23803","Chesterfield","Single Family Residence","10/30/2024","$289,000","$283,000","35","Resale (occupied at least once)","2000","Gilritchie","1,504","0.35","3","2.0","Public Water","Sewer - Public","VA New","Individuals"
"1","2418042","715680967000000","CLOSD","15718 Canoe Pointe Loop #Unit3-3, Chesterfield VA 23120","23120","Chesterfield","Single Family Residence","10/30/2024","$574,470","$622,988","0","New (never occupied)","2024","Woolridge Landing","2,094","","3","3.0","Public Water","Sewer - Public","Conventional","Corporate"
"1","2425792","803-735-1313","CLOSD","3705 Harris Avenue, Henrico VA 23223","23223","Henrico","Single Family Residence","10/30/2024","$200,000","$215,000","2","Resale (occupied at least once)","1953","None","792","0.35","2","1.0","Public Water","Sewer - Public","Cash","Individuals"
"1","2424692","728-66-56-16-400-000","CLOSD","14019 Palomino Way, Chesterfield VA 23112","23112","Chesterfield","Single Family Residence","10/30/2024","$375,000","$375,000","4","Resale (occupied at least once)","1995","Antler Ridge","1,692","0.35","3","2.1","Public Water","Sewer - Public","Conventional","Individuals"
"1","2423108","C006-0229-010","CLOSD","1025 Greystone Avenue, Richmond City VA 23224","23224","Richmond City","Single Family Residence","10/30/2024","$300,000","$300,000","23","Resale (occupied at least once)","1948","Woodstock","1,350","0.24","4","2.0","Public Water","Sewer - Public","Conventional","Individuals"
"1","2424746","772-68-48-84-500-000","CLOSD","5608 Backwater Terrace, Chesterfield VA 23234","23234","Chesterfield","Single Family Residence","10/30/2024","$319,999","$320,000","5","Resale (occupied at least once)","2004","Meadowbrook Farm","1,416","0.22","3","2.1","Public Water","Sewer - Public","FHA New","Individuals"
"1","2423861","725-70-50-34-300-000","CLOSD","14018 Abrahams Lane, Chesterfield VA 23114","23114","Chesterfield","Single Family Residence","10/30/2024","$615,000","$625,000","2","Resale (occupied at least once)","2006","Madison Village","2,466","0.18","3","2.1","Public Water","Sewer - Public","Cash","Individuals"
"1","2422245","039-8-8","CLOSD","1545 Lewis Lane, Powhatan VA 23139","23139","Powhatan","Single Family Residence","10/30/2024","$759,950","$759,950","48","New (never occupied)","2024","None","2,514","10.61","4","3.1","Well","Septic - Conventional","Cash","Individuals"
"1","2414947","8726-07-5404","CLOSD","9384 Hartford Oaks Drive, Hanover VA 23116","23116","Hanover","Single Family Residence","10/30/2024","$610,000","$590,000","23","Resale (occupied at least once)","1993","Hartford Oaks","2,693","1.13","4","2.1","Community Well","Septic - Conventional","Conventional","Individuals"
"1","2419353","766-64-11-40-700-000","CLOSD","8137 Lake Margaret Terrace, Chesterfield VA 23838","23838","Chesterfield","Single Family Residence","10/30/2024","$925,000","$887,500","39","Resale (occupied at least once)","2017","The Highlands","2,831","1.10","4","3.1","Public Water","Septic - Engineered","Conventional","Individuals"
"1","2426406","N000-2181-019","CLOSD","4002 Fauquier Avenue, Richmond City VA 23227","23227","Richmond City","Single Family Residence","10/30/2024","$459,950","$510,000","6","Resale (occupied at least once)","1933","Brookdale","1,367","0.14","3","1.0","Public Water","Sewer - Public","Conventional","Individuals"
"1","2426363","744631932100000","CLOSD","11851 River Road, Chesterfield VA 23838","23838","Chesterfield","Single Family Residence","10/30/2024","$225,000","$180,000","0","Resale (occupied at least once)","1960","None","2,224","1.65","3","1.1","Well","Septic - Conventional","Cash","Individuals"
"1","2426226","773-64-16-85-000-000","CLOSD","6924 Amstel Ridge Court, Chesterfield VA 23838","23838","Chesterfield","Single Family Residence","10/30/2024","$324,900","$367,000","10","Resale (occupied at least once)","1997","Amstel Bluff","2,580","1.21","4","2.1","Public Water","Septic - Conventional","Conventional","Individuals"
"1","2425780","S000-2794-013","CLOSD","4313 Forest Hill Avenue, Richmond City VA 23225","23225","Richmond City","Single Family Residence","10/30/2024","$350,000","$336,300","2","Resale (occupied at least once)","1924","Forest Hill Park Land Co","1,907","0.16","4","1.1","Public Water","Sewer - Public","Cash","Individuals"
"1","2425555","730-755-6825","CLOSD","2619 Stoney Court, Henrico VA 23233","23233","Henrico","Townhouse","10/30/2024","$379,500","$380,000","4","Resale (occupied at least once)","1986","Winchester Pointe","2,045","","3","2.1","Public Water","Sewer - Public","Conventional","Individuals"
"1","2425548","S000-1587-040","CLOSD","7 East Blake Lane, Richmond City VA 23224","23224","Richmond City","Single Family Residence","10/30/2024","$222,000","$222,000","5","Resale (occupied at least once)","1932","Battery Heights","1,044","0.11","3","1.0","Public Water","Sewer - Public","FHA New","Individuals"
"1","2425458","784-761-6607","CLOSD","1109 Georgia Avenue, Henrico VA 23060","23060","Henrico","Single Family Residence","10/30/2024","$230,000","$235,000","6","Resale (occupied at least once)","1950","Biltmore","768","0.26","2","1.0","Public Water","Sewer - Public","Conventional","Individuals"
"1","2425283","759-748-7080","CLOSD","2217 Mendota Drive, Henrico VA 23229","23229","Henrico","Single Family Residence","10/30/2024","$374,900","$386,000","8","Resale (occupied at least once)","1955","Cavalier Park","1,785","0.26","3","2.0","Public Water","Sewer - Public","FHA New","Individuals"
"1","2425176","744-69-91-83-400-083","CLOSD","313 Kernel Court, Chesterfield VA 23236","23236","Chesterfield","Single Family Residence","10/30/2024","$465,000","$465,000","4","Resale (occupied at least once)","2011","Harvest Glen","1,876","33.70","3","2.0","Public Water","Sewer - Public","Conventional","Individuals"
"1","2425101","740-781-2953.011","CLOSD","6141 Kelston Green Drive, Henrico VA 23059","23059","Henrico","Condominium","10/30/2024","$492,350","$524,150","3","Resale (occupied at least once)","1998","Kelston Green At Wyndham","1,846","0.00","3","2.0","Public Water","Sewer - Public","Cash","Individuals"
"1","2424967","753-762-0803","CLOSD","4320 Joseph Drive, Henrico VA 23060","23060","Henrico","Single Family Residence","10/30/2024","$649,900","$665,000","7","Resale (occupied at least once)","2001","Woodberry","3,432","0.33","5","3.1","Public Water","Sewer - Public","Conventional","Individuals"
"1","2424960","8725-70-9285","CLOSD","8012 Lake Haven Drive, Hanover VA 23111","23111","Hanover","Single Family Residence","10/30/2024","$675,000","$675,000","3","Resale (occupied at least once)","2004","Pebble Creek","4,152","0.35","6","4.1","Public Water","Community - Sewer/Septic","Conventional","Individuals"
"1","2424871","810-715-7756","CLOSD","3211 Denver Street, Henrico VA 23231","23231","Henrico","Single Family Residence","10/30/2024","$209,000","$209,000","3","Resale (occupied at least once)","1948","Eastover Gardens","688","0.24","2","1.0","Public Water","Sewer - Public","FHA New","Other"
"1","2424589","733-758-6201","CLOSD","2923 Stonebriar Place, Henrico VA 23233","23233","Henrico","Single Family Residence","10/30/2024","$629,900","$629,900","7","Resale (occupied at least once)","1995","Creekwood - Henrico","2,566","0.28","4","3.1","Public Water","Sewer - Public","Conventional","Individuals"
"1","2424563","772-739-7888","CLOSD","5407 Masons Lane, Henrico VA 23230","23230","Henrico","Townhouse","10/30/2024","$505,000","$500,000","8","Resale (occupied at least once)","2018","Libbie Mill Townhomes","1,876","0.02","3","3.1","Public Water","Sewer - Public","Cash","Individuals"
"1","2424480","715-68-64-76-300-000","CLOSD","4024 Island Park Court, Chesterfield VA 23112","23112","Chesterfield","Single Family Residence","10/30/2024","$675,000","$667,500","4","Resale (occupied at least once)","2009","Cambria Cove","3,239","1.02","4","2.1","Public Water","Sewer - Public","VA New","Individuals"
"1","2424234","748-69-38-76-700-000","CLOSD","2024 Maginoak Court, Chesterfield VA 23236","23236","Chesterfield","Single Family Residence","10/30/2024","$420,000","$406,000","4","Resale (occupied at least once)","2011","Maginoak","2,188","0.74","4","2.1","Public Water","Sewer - Public","Conventional","Corporate"
"1","2424124","W000-1166-043","CLOSD","421 North Mulberry Street, Richmond City VA 23220","23220","Richmond City","Single Family Residence","10/30/2024","$575,000","$580,000","4","Resale (occupied at least once)","1910","None","1,542","0.03","2","1.1","Public Water","Sewer - Public","Conventional","Individuals"
"1","2423911","728-68-53-91-300-000","CLOSD","3210 Nuttree Woods Drive, Chesterfield VA 23112","23112","Chesterfield","Single Family Residence","10/30/2024","$469,000","$475,000","3","Resale (occupied at least once)","1977","Nuttree Woods","1,774","0.32","3","2.0","Public Water","Sewer - Public","Conventional","Individuals"
"1","2423903","W000-1006-072","CLOSD","2235 Monument Avenue #UnitU2, Richmond City VA 23220","23220","Richmond City","Condominium","10/30/2024","$660,000","$736,000","5","Resale (occupied at least once)","1924","None","1,950","0.15","3","2.0","Public Water","Sewer - Public","Cash","Individuals"
"1","2423738","W000-0666-071","CLOSD","1618 Park Avenue #UnitU2B, Richmond City VA 23220","23220","Richmond City","Condominium","10/30/2024","$295,000","$335,500","7","Resale (occupied at least once)","1919","None","779","0.02","2","1.0","Public Water","Sewer - Public","Cash","Individuals"
"1","2423598","736-744-4462","CLOSD","1705 Lauderdale Drive, Henrico VA 23238","23238","Henrico","Single Family Residence","10/30/2024","$339,900","$337,000","9","Resale (occupied at least once)","1966","Tuckahoe Village","2,264","0.36","4","2.1","Public Water","Sewer - Public","Cash","Individuals"
"1","2423275","797-713-7915.417","CLOSD","251 Rocketts Way #Unit417, Henrico VA 23231","23231","Henrico","Condominium","10/30/2024","$350,000","$350,000","5","Resale (occupied at least once)","2007","Village Of Rocketts Landing","1,114","0.03","2","2.0","Public Water","Sewer - Public","Conventional","Individuals"
"1","2423213","8725-21-2700","CLOSD","8070 Sussex Road, Hanover VA 23111","23111","Hanover","Single Family Residence","10/30/2024","$469,900","$469,900","22","Resale (occupied at least once)","2002","Summer Grove","2,306","0.38","4","2.1","Public Water","Sewer - Public","Conventional","Individuals"
"1","2423135","745-748-1653","CLOSD","1802 Brooktree Court, Henrico VA 23238","23238","Henrico","Single Family Residence","10/30/2024","$475,000","$457,000","6","Resale (occupied at least once)","1975","Raintree","1,893","0.44","3","2.0","Public Water","Sewer - Public","Conventional","Estate"
"1","2422946","735-69-99-20-700-000","CLOSD","1307 Walton Creek Drive, Chesterfield VA 23114","23114","Chesterfield","Single Family Residence","10/30/2024","$659,950","$660,000","9","Resale (occupied at least once)","1998","Walton Lake","3,970","0.45","5","2.1","Public Water","Sewer - Public","Conventional","Individuals"
"1","2422899","704-67-38-20-000-000","CLOSD","6606 Glen Falls Crossing, Chesterfield VA 23120","23120","Chesterfield","Single Family Residence","10/30/2024","$559,900","$575,000","4","Resale (occupied at least once)","2017","Magnolia Green","2,252","0.16","3","2.0","Public Water","Sewer - Public","VA New","Individuals"
"1","2422604","33B13 22Q  14","CLOSD","11432 Doronhurst Drive, New Kent VA 23140","23140","New Kent","Single Family Residence","10/30/2024","$585,000","$570,000","27","Resale (occupied at least once)","2021","Brickshire","2,417","1.00","4","3.0","Public Water","Sewer - Public","Conventional","Individuals"
"1","2422565","47-1-0-96-0","CLOSD","1785 St Matthews Lane, Goochland VA 23233","23233","Goochland","Single Family Residence","10/30/2024","$549,000","$544,000","9","Resale (occupied at least once)","2024","None","1,686","1.90","3","2.0","Well","Septic - Conventional","Conventional","Individuals"
"1","2420776","22A10 1 1 153","CLOSD","7977 West Lord Botetourt Loop, New Kent VA 23124","23124","New Kent","Single Family Residence","10/30/2024","$419,900","$410,000","31","Resale (occupied at least once)","2016","Four Seasons At New Kent","2,068","0.13","2","2.0","Public Water","Sewer - Public","Cash","Individuals"
"1","2420518","745-739-8115","CLOSD","603 Heathfield Road, Henrico VA 23229","23229","Henrico","Single Family Residence","10/30/2024","$549,000","$650,000","10","Resale (occupied at least once)","1965","Brandon West","2,367","0.41","4","2.1","Public Water","Sewer - Public","Conventional","Individuals"
"1","2420171","8724-98-8525","CLOSD","6117 Pond Grass Road, Hanover VA 23111","23111","Hanover","Single Family Residence","10/30/2024","$469,950","$459,950","55","Resale (occupied at least once)","2004","Pebble Creek","2,466","0.30","4","2.1","Public Water","Sewer - Public","Conventional","Estate"
"1","2420111","33B8 3DD  19","CLOSD","5830 Chaucer Park, New Kent VA 23140","23140","New Kent","Single Family Residence","10/30/2024","$550,000","$550,000","6","Resale (occupied at least once)","2022","Brickshire","2,403","0.85","3","2.0","Public Water","Sewer - Public","Conventional","Individuals"
"1","2419254","726-72-65-12-500-000","CLOSD","3619 Lenox Forest Drive, Chesterfield VA 23113","23113","Chesterfield","Single Family Residence","10/30/2024","$725,000","$725,000","27","Resale (occupied at least once)","2002","Lenox Forest","3,176","0.51","5","3.1","Public Water","Sewer - Public","Conventional","Individuals"
"1","2418682","N000-1793-050","CLOSD","3446 Carlton Street #Unit11A, Richmond City VA 23220","23220","Richmond City","Condominium","10/30/2024","$607,230","$607,230","79","New (never occupied)","2024","Mason Yards","2,516","","3","3.0","Public Water","Sewer - Public","Conventional","Corporate"
"1","2414492","730-767-4819.028","CLOSD","416 Broad Hill Trail, Henrico VA 23233","23233","Henrico","Townhouse","10/30/2024","$549,999","$540,000","106","Resale (occupied at least once)","2019","Saunders Station At Broad Hill Centre","2,514","0.00","3","2.2","Public Water","Sewer - Public","VA New","Individuals"
"1","2407621","33B6 3 1 28","CLOSD","5836 Ginger Drive, New Kent VA 23140","23140","New Kent","Townhouse","10/30/2024","$359,990","$359,990","85","New (never occupied)","2024","None","1,915","0.07","3","2.1","Public Water","Sewer - Public","Conventional","Corporate"
"1","2406268","N000-0153-028","CLOSD","114 West Leigh Street, Richmond City VA 23220","23220","Richmond City","Single Family Residence","10/30/2024","$295,000","$250,000","22","Resale (occupied at least once)","1844","None","1,938","0.09","4","2.0","Public Water","Sewer - Public","Cash","Individuals"
"1","2406023","C007-0200-016","CLOSD","931 Green Ridge Drive, Richmond City VA 23225","23225","Richmond City","Single Family Residence","10/30/2024","$287,000","$287,000","116","Resale (occupied at least once)","1979","Green Ridge","2,112","0.24","4","2.0","Public Water","Sewer - Public","FHA New","Individuals"
"1","2401701","48-17-5-27-0","CLOSD","7442 Aldeby Street, Goochland VA 23059","23059","Goochland","Single Family Residence","10/30/2024","$599,900","$609,832","232","New (never occupied)","2023","Parkside Village","1,842","","3","2.0","Public Water","Sewer - Public","Cash","Corporate"
"1","BRTVACF2000892","727683099200000","CLOSD","3702 Commodore Point Circle, Chesterfield VA 23112","23112","Chesterfield","Single Family Residence","10/30/2024","$400,000","$386,500","11","Resale (occupied at least once)","1980","BRANDERMILL","1,792","0.48","3","2.0","Public Water","Public Sewer On Site","",""
"1","REIN10525574","TBD","CLOSD","5836 Ginger Drive VA 23140","23140","New Kent","Townhouse","10/30/2024","$359,990","$359,990","84","Resale (occupied at least once)","2024","ALL OTHERS AREA 140","1,915","0.07","3","3.0","Public Water","Public Sewer On Site","",""
"1","REIN10549434","33B13 22Q  14","CLOSD","11432 Doronhurst Drive VA 23140","23140","New Kent","Single Family Residence","10/30/2024","$585,000","$570,000","26","Resale (occupied at least once)","2021","BRICKSHIRE","2,471","1.00","4","3.0","Public Water","Public Sewer On Site","",""
"1","2414829","768-64-33-15-700-000","CLOSD","12412 Duntrune Court, Chesterfield VA 23838","23838","Chesterfield","Single Family Residence","10/31/2024","$699,000","$685,000","100","Resale (occupied at least once)","2010","The Highlands","5,512","1.00","7","4.1","Public Water","Septic - Conventional","Conventional","Individuals"
"1","2410298","725695049100000","CLOSD","14036 Fallen Oak Lane, Chesterfield VA 23114","23114","Chesterfield","Townhouse","10/31/2024","$409,990","$424,455","7","New (never occupied)","2024","Centerpointe Townes","1,741","","3","2.2","Public Water","Sewer - Public","Conventional","Corporate"
"1","2415348","774679476100000","CLOSD","6537 Carters Walk Lane, Chesterfield VA 23234","23234","Chesterfield","Townhouse","10/31/2024","$356,980","$356,980","16","New (never occupied)","2024","Austin Woods","1,570","","3","2.1","Public Water","Sewer - Public","FHA New","Corporate"
"1","2413187","S000-1711-014","CLOSD","3081 Decatur Street, Richmond City VA 23224","23224","Richmond City","Single Family Residence","10/31/2024","$297,000","$305,800","124","Resale (occupied at least once)","2020","Burfoot Addition","3,278","0.12","3","2.1","Public Water","Sewer - Public","FHA New","Corporate"
"1","2424042","742-740-7028","CLOSD","406 Weston Way, Henrico VA 23238","23238","Henrico","Single Family Residence","10/31/2024","$725,000","$690,000","13","Resale (occupied at least once)","1996","Weston","3,758","0.44","4","2.2","Public Water","Sewer - Public","Conventional","Individuals"
"1","2421824","TBD","CLOSD","6413 Gennaker Run, Chesterfield VA 23234","23234","Chesterfield","Townhouse","10/31/2024","$404,595","$404,595","9","New (never occupied)","2024","Watermark","2,333","","3","2.2","Public Water","Sewer - Public","Conventional","Other"
"1","2421034","736-72-18-50-600-000","CLOSD","12201 Capwell Drive, Chesterfield VA 23113","23113","Chesterfield","Single Family Residence","10/31/2024","$1,850,000","$1,785,000","12","Resale (occupied at least once)","2016","None","5,334","1.93","4","4.1","Public Water","Septic - Conventional","Conventional","Individuals"
"1","2423907","824-64-40-78-300-000","CLOSD","14513 Sir Peyton Drive, Chesterfield VA 23836","23836","Chesterfield","Single Family Residence","10/31/2024","$355,000","$355,000","9","Resale (occupied at least once)","1969","Prestwould Farms","2,440","0.33","4","2.1","Public Water","Sewer - Public","FHA New","Individuals"
"1","2419907","729-66-44-98-100-000","CLOSD","7901 Whirlaway Drive, Chesterfield VA 23112","23112","Chesterfield","Single Family Residence","10/31/2024","$375,000","$399,350","19","Resale (occupied at least once)","1997","Antler Ridge","1,962","0.53","4","2.1","Public Water","Sewer - Public","Other","Individuals"
"1","2423959","C001-1262-006","CLOSD","10241 Maplested Lane, Richmond City VA 23235","23235","Richmond City","Single Family Residence","10/31/2024","$410,000","$391,692","6","Resale (occupied at least once)","1965","Staffordshire","1,976","0.40","4","2.1","Public Water","Sewer - Public","Conventional","Individuals"
"1","2425502","727-68-30-99-200-000","CLOSD","3702 Commodore Point Circle, Chesterfield VA 23112","23112","Chesterfield","Single Family Residence","10/31/2024","$400,000","$386,550","12","Resale (occupied at least once)","1980","Commodore Point","1,792","0.48","3","2.0","Public Water","Sewer - Public","Conventional","Individuals"
"1","2416355","736678856600000","CLOSD","3724 Irby Pond Drive, Chesterfield VA 23112","23112","Chesterfield","Townhouse","10/31/2024","$430,300","$430,300","5","New (never occupied)","2024","Wescott","1,835","","3","2.1","Public Water","Sewer - Public","Conventional","Corporate"
"1","2409090","779-771-875","CLOSD","10843 Farmstead Mill Lane, Henrico VA 23059","23059","Henrico","Townhouse","10/31/2024","$521,730","$522,210","0","New (never occupied)","2024","River Mill","2,537","","4","3.1","Public Water","Sewer - Public","Conventional","Corporate"
"1","2422077","743-62-69-84-100-000","CLOSD","15607 Haggis Drive, Chesterfield VA 23838","23838","Chesterfield","Single Family Residence","10/31/2024","$355,000","$355,000","23","Resale (occupied at least once)","2007","Rivers Trace","1,637","0.98","3","2.1","Public Water","Septic - Conventional","FHA New","Individuals"
"1","2423299","822-727-2934","CLOSD","126 North Battery Street, Henrico VA 23075","23075","Henrico","Single Family Residence","10/31/2024","$279,900","$284,098","15","Resale (occupied at least once)","1952","Highland Springs","1,280","0.35","3","2.0","Public Water","Sewer - Public","Conventional","Individuals"
"1","2424262","747-764-1793","CLOSD","4491 Sadler Road, Henrico VA 23060","23060","Henrico","Single Family Residence","10/31/2024","$449,950","$480,000","6","Resale (occupied at least once)","1950","None","1,638","1.47","3","2.1","Well","Septic - Conventional","Conventional","Corporate"
"1","2422807","716690775700000","CLOSD","15024 Abberton Drive, Chesterfield VA 23112","23112","Chesterfield","Single Family Residence","10/31/2024","$719,170","$650,000","29","New (never occupied)","2024","Rountrey","3,270","0.30","5","3.1","Public Water","Sewer - Public","Conventional","Corporate"
"1","2420476","701-64-23-63-900-000","CLOSD","18300 River Road, Chesterfield VA 23838","23838","Chesterfield","Single Family Residence","10/31/2024","$525,000","$535,000","39","Resale (occupied at least once)","1994","None","2,095","5.21","3","2.0","Well","Septic - Conventional","Conventional","Individuals"
"1","2408471","802-737-7032","CLOSD","4043 Grand Reserve Lane #UnitS-2, Henrico VA 23223","23223","Henrico","Townhouse","10/31/2024","$342,400","$346,095","15","New (never occupied)","2024","Reserve at Springdale Park","1,606","","3","2.1","Public Water","Sewer - Public","Conventional","Corporate"
"1","2408006","7870-54-6514","CLOSD","446 Haley Court, Hanover VA 23005","23005","Hanover","Single Family Residence","10/31/2024","$541,891","$553,056","0","New (never occupied)","2024","Haley Meadows","2,565","0.25","3","2.1","Public Water","Sewer - Public","Conventional","Corporate"
"1","2414990","TBD","CLOSD","8653 Underhill Drive, Henrico VA 23060","23060","Henrico","Townhouse","10/31/2024","$354,990","$354,990","9","New (never occupied)","2024","Retreat at One","1,470","","3","2.1","Public Water","Sewer - Public","Conventional","Corporate"
"1","2422988","794-756-6319","CLOSD","213 Pilgrim Lane, Henrico VA 23227","23227","Henrico","Single Family Residence","10/31/2024","$439,950","$439,950","31","Resale (occupied at least once)","2003","Rolling Hills","2,644","0.49","4","2.1","Public Water","Sewer - Public","Conventional","Individuals"
"1","2408031","834-720-4058","CLOSD","336 Taylor Road, Henrico VA 23150","23150","Henrico","Single Family Residence","10/31/2024","$355,250","$356,950","0","New (never occupied)","2024","None","2,013","0.25","4","2.1","Well","Septic - Engineered","Conventional","Corporate"
"1","2419175","TBD","CLOSD","6401 Gennaker Run, Chesterfield VA 23234","23234","Chesterfield","Townhouse","10/31/2024","$410,305","$407,000","31","New (never occupied)","2024","Watermark","2,333","0.05","3","2.2","Public Water","Sewer - Public","Conventional","Other"
"1","2417275","729-66-74-96-800-000","CLOSD","13724 Stallion Way, Chesterfield VA 23112","23112","Chesterfield","Single Family Residence","10/31/2024","$399,950","$400,000","28","Resale (occupied at least once)","1993","Deer Run","1,958","0.36","4","2.1","Public Water","Sewer - Public","Conventional","Individuals"
"1","2419181","818-65-36-51-900-000","CLOSD","13009 Wooten Court, Chesterfield VA 23836","23836","Chesterfield","Single Family Residence","10/31/2024","$330,000","$330,000","29","Resale (occupied at least once)","1969","Woodvale","2,196","0.50","3","2.0","Public Water","Septic - Conventional","Conventional","Individuals"
"1","2412944","785-759-9342","CLOSD","8651 Underhill Drive, Henrico VA 23060","23060","Henrico","Townhouse","10/31/2024","$349,840","$346,265","4","New (never occupied)","2023","Retreat at One","1,470","","3","2.1","Public Water","Sewer - Public","Conventional","Corporate"
"1","2425144","27-76","CLOSD","7431 Courthouse Road, Charles City County VA 23140","23140","Charles City County","Single Family Residence","10/31/2024","$164,950","$170,000","17","Resale (occupied at least once)","1957","None","792","1.00","3","1.0","Well","Septic - Conventional","FHA New","Individuals"
"1","2421375","738-778-2001","CLOSD","5713 Lake West Terrace, Henrico VA 23059","23059","Henrico","Single Family Residence","10/31/2024","$564,950","$555,000","47","Resale (occupied at least once)","1994","Lake West At Millstone","2,221","0.23","4","2.1","Public Water","Sewer - Public","Conventional","Individuals"
"1","2406170","7872-90-8812","CLOSD","15046 Washington Highway, Hanover VA 23005","23005","Hanover","Single Family Residence","10/31/2024","$435,000","$425,000","187","Resale (occupied at least once)","1978","Acorn Hills","2,254","4.91","3","2.1","Well","Septic - Conventional","FHA New","Individuals"
"1","2416857","739-65-72-91-100-000","CLOSD","10721 Stillwood Court, Chesterfield VA 23832","23832","Chesterfield","Single Family Residence","10/31/2024","$404,000","$404,000","46","Resale (occupied at least once)","1978","Quail Hollow","1,936","1.00","4","2.0","Well","Septic - Conventional","Conventional","Individuals"
"1","2418751","731-70-60-67-900-029","CLOSD","13229 Coalfield Station Lane, Chesterfield VA 23114","23114","Chesterfield","Condominium","10/31/2024","$448,900","$448,900","69","Resale (occupied at least once)","2023","Coalfield Station","2,509","","3","2.1","Public Water","Sewer - Public","Conventional","Individuals"
"1","2422606","760-753-8081.040","CLOSD","3109 North Parham Road #Unit40, Henrico VA 23294","23294","Henrico","Condominium","10/31/2024","$200,000","$205,000","26","Resale (occupied at least once)","1964","Westshire On Parham Condos","863","0.02","2","1.0","Public Water","Sewer - Public","Conventional","Individuals"
"1","2419367","E000-0001-050","CLOSD","1101 Haxall Point #UnitU411, Richmond City VA 23219","23219","Richmond City","Condominium","10/31/2024","$299,999","$285,000","48","Resale (occupied at least once)","2005","Riverside On The James","773","0.02","1","1.0","Public Water","Sewer - Public","Conventional","Individuals"
"1","2422346","800-735-9688","CLOSD","3805 Austin Avenue, Henrico VA 23222","23222","Henrico","Single Family Residence","10/31/2024","$249,950","$247,000","7","Resale (occupied at least once)","1948","Pleasant View","936","0.21","2","1.0","Public Water","Sewer - Public","Conventional","Individuals"
"1","2426662","728-66-17-35-300-000","CLOSD","9801 Ashmill Court, Chesterfield VA 23112","23112","Chesterfield","Single Family Residence","10/31/2024","$499,000","$499,000","4","Resale (occupied at least once)","2017","Collington","2,792","0.31","4","2.1","Public Water","Sewer - Public","Other","Individuals"
"1","2425154","735-750-0575","CLOSD","2044 Shady Branch Trail, Henrico VA 23238","23238","Henrico","Single Family Residence","10/31/2024","$489,900","$520,000","3","Resale (occupied at least once)","1986","The Woodlands","2,224","0.33","4","2.1","Public Water","Sewer - Public","Conventional","Individuals"
"1","2425949","754-748-4386","CLOSD","1911 Windsordale Drive, Henrico VA 23229","23229","Henrico","Single Family Residence","10/31/2024","$385,000","$388,000","4","Resale (occupied at least once)","1962","Windsordale","1,400","0.74","3","2.0","Public Water","Sewer - Public","Conventional","Individuals"
"1","2425296","746-67-88-52-600-000","CLOSD","5160 Rolling Way Road, Chesterfield VA 23832","23832","Chesterfield","Single Family Residence","10/31/2024","$270,000","$270,000","6","Resale (occupied at least once)","1990","Sunnybrook","1,040","0.26","3","1.0","Public Water","Sewer - Public","Conventional","Individuals"
"1","2424541","30A  2   211 & 212","CLOSD","6300 Lakeside Drive, New Kent VA 23141","23141","New Kent","Single Family Residence","10/31/2024","$239,900","$239,900","2","Resale (occupied at least once)","1973","Woodhaven Shores","980","0.13","2","1.0","Community Well","Septic - Conventional","USDA","Individuals"
"1","2411507","792-63-96-05-500-000","CLOSD","4142 Tosh Lane, Chesterfield VA 23831","23831","Chesterfield","Single Family Residence","10/31/2024","$449,000","$449,000","94","Resale (occupied at least once)","2020","Greenbriar Woods","2,480","0.30","5","3.0","Public Water","Sewer - Public","FHA New","Individuals"
"1","2423951","W000-0048-021","CLOSD","212 East Franklin Street #UnitA, Richmond City VA 23219","23219","Richmond City","Condominium","10/31/2024","$375,000","$320,000","6","Resale (occupied at least once)","1930","None","1,200","","1","1.0","Public Water","Sewer - Public","Conventional","Individuals"
"1","2423433","737-751-7332","CLOSD","2268 Perennial Circle, Henrico VA 23233","23233","Henrico","Townhouse","10/31/2024","$449,900","$449,900","6","Resale (occupied at least once)","2019","Ridgefield Green","2,088","0.07","3","3.1","Public Water","None","Conventional","Individuals"
"1","2409939","C005-0753-052","CLOSD","729 German School Road, Richmond City VA 23225","23225","Richmond City","Single Family Residence","10/31/2024","$275,000","$294,000","66","Resale (occupied at least once)","1945","Beaufont Grove","1,041","0.27","3","2.0","Public Water","Sewer - Public","Conventional","Partnership"
"1","2426918","W020-0096-022","CLOSD","5004 Patterson Avenue, Richmond City VA 23226","23226","Richmond City","Single Family Residence","10/31/2024","$310,000","$350,000","6","Resale (occupied at least once)","1951","Patterson Place","909","0.12","2","1.0","Public Water","Sewer - Public","Cash","Individuals"
"1","2426782","N0000895028","CLOSD","2915 Barton Ave, Richmond City VA 23222","23222","Richmond City","Single Family Residence","10/31/2024","$199,990","$247,000","6","Resale (occupied at least once)","1924","Battery Court","1,572","0.12","3","1.1","Public Water","Sewer - Public","Cash","Corporate"
"1","2425918","779-751-0443","CLOSD","2307 Dee Kay Drive, Henrico VA 23228","23228","Henrico","Single Family Residence","10/31/2024","$350,000","$355,000","5","Resale (occupied at least once)","1955","Eldridge Grove","1,468","0.20","4","2.0","Public Water","Sewer - Public","Conventional","Individuals"
"1","2425871","RES","CLOSD","1500 Georgia Avenue, Richmond City VA 23220","23220","Richmond City","Single Family Residence","10/31/2024","$280,000","$280,000","5","Resale (occupied at least once)","1942","Riverview","677","","2","1.0","Public Water","Sewer - Public","Conventional","Individuals"
"1","2425751","E000-0554-016","CLOSD","1201 North 19th Street, Richmond City VA 23223","23223","Richmond City","Single Family Residence","10/31/2024","$324,950","$327,000","4","New (never occupied)","2024","Fairfield","1,972","0.07","3","2.1","Public Water","Sewer - Public","Other","Corporate"
"1","2425719","016-5A","CLOSD","3600 Jefferson Landing Road, Powhatan VA 23139","23139","Powhatan","Single Family Residence","10/31/2024","$240,000","$250,000","3","Resale (occupied at least once)","1970","None","816","1.00","3","1.0","Well","Septic - Conventional","USDA","Individuals"
"1","2425590","W000-0666-011","CLOSD","1637 Monument Avenue, Richmond City VA 23220","23220","Richmond City","Single Family Residence","10/31/2024","$1,299,000","$1,317,500","13","Resale (occupied at least once)","1925","None","3,871","0.13","4","3.1","Public Water","Sewer - Public","Cash","Individuals"
"1","2425479","751-71-51-78-300-015","CLOSD","9729 Groundhog Drive, Chesterfield VA 23235","23235","Chesterfield","Condominium","10/31/2024","$259,000","$260,000","5","Resale (occupied at least once)","1983","Edgehill Townhouses","1,258","","2","2.1","Public Water","Sewer - Public","Cash","Individuals"
"1","2425316","772-735-5697.061","CLOSD","5100 Monument Avenue #Unit510, Henrico VA 23230","23230","Henrico","Condominium","10/31/2024","$268,000","$257,000","11","Resale (occupied at least once)","1961","5100 Monument","1,125","0.02","2","2.0","Public Water","Sewer - Public","Conventional","Individuals"
"1","2425202","W000-1876-015","CLOSD","4110 West Franklin Street, Richmond City VA 23221","23221","Richmond City","Single Family Residence","10/31/2024","$985,000","$1,300,000","7","Resale (occupied at least once)","1930","Leonard Heights","2,950","0.10","3","2.1","Public Water","Sewer - Public","Cash","Individuals"
"1","2425122","7798-41-8629","CLOSD","9332 New Ashcake Road, Hanover VA 23116","23116","Hanover","Single Family Residence","10/31/2024","$425,000","$405,000","2","Resale (occupied at least once)","1981","None","1,624","3.80","3","2.0","Public Water","Sewer - Public","Conventional","Individuals"
"1","2425049","C005-0825-029","CLOSD","621 Westover Woods Circle, Richmond City VA 23225","23225","Richmond City","Single Family Residence","10/31/2024","$300,000","$310,000","5","Resale (occupied at least once)","1993","Westover Woods","1,971","0.18","4","2.1","Public Water","Sewer - Public","Cash","Individuals"
"1","2425046","705-67-23-44-400-000","CLOSD","17406 Stafford Park Court, Chesterfield VA 23120","23120","Chesterfield","Single Family Residence","10/31/2024","$629,900","$629,900","5","Resale (occupied at least once)","2016","Magnolia Green","3,150","0.21","4","3.1","Public Water","Community - Sewer/Septic","Conventional","Individuals"
"1","2425045","692-69-64-26-500-000","CLOSD","2100 Moseley Road, Chesterfield VA 23120","23120","Chesterfield","Single Family Residence","10/31/2024","$314,950","$304,000","5","Resale (occupied at least once)","1964","None","1,421","1.68","3","1.0","Well","Septic - Conventional","Conventional","Individuals"
"1","2424643","737-749-4505","CLOSD","10600 Cloister Drive, Henrico VA 23238","23238","Henrico","Single Family Residence","10/31/2024","$500,000","$490,000","4","Resale (occupied at least once)","1978","Wynmoor","2,334","0.41","4","2.1","Public Water","Sewer - Public","Cash","Individuals"
"1","2424341","765-70-20-00-600-000","CLOSD","7205 Vida Lane, Chesterfield VA 23225","23225","Chesterfield","Single Family Residence","10/31/2024","$280,000","$285,000","7","Resale (occupied at least once)","1977","Southaven","1,248","0.30","3","1.1","Public Water","Sewer - Public","FHA New","Individuals"
"1","2424258","C009-0622-036","CLOSD","2940 Springview Drive, Richmond City VA 23234","23234","Richmond City","Single Family Residence","10/31/2024","$250,000","$255,000","20","Resale (occupied at least once)","1940","Cullenwood","1,181","0.21","2","1.0","Public Water","Sewer - Public","FHA New","Corporate"
"1","2423772","764-758-3425","CLOSD","4911 Kilcolman Drive, Henrico VA 23228","23228","Henrico","Single Family Residence","10/31/2024","$340,000","$340,000","13","Resale (occupied at least once)","1987","Shannon Green","1,532","0.32","4","3.0","Public Water","Sewer - Public","Conventional","Corporate"
"1","2423691","7787-47-1202","CLOSD","10521 Stony Bluff Drive #Unit202, Hanover VA 23005","23005","Hanover","Condominium","10/31/2024","$259,950","$259,950","0","Resale (occupied at least once)","2021","Stony Run","829","0.10","1","1.0","Public Water","Sewer - Public","Cash","Individuals"
"1","2423646","712-67-25-55-200-138","CLOSD","6742 Welara Run, Chesterfield VA 23120","23120","Chesterfield","Condominium","10/31/2024","$550,000","$550,000","8","Resale (occupied at least once)","2019","Greenwich Walk at Fox Creek Phase I","2,679","","3","3.0","Public Water","Sewer - Public","Conventional","Individuals"
"1","2423594","N000-0862-012","CLOSD","2919 Northumberland Avenue, Richmond City VA 23220","23220","Richmond City","Single Family Residence","10/31/2024","$225,000","$225,000","2","Resale (occupied at least once)","1925","Hammond Place","1,848","0.21","4","1.1","Public Water","Sewer - Public","Cash","Individuals"
"1","2423572","744-740-9200","CLOSD","9508 Gaslight Court, Henrico VA 23229","23229","Henrico","Single Family Residence","10/31/2024","$699,000","$812,000","12","Resale (occupied at least once)","2000","Gaslight","3,325","0.44","4","2.1","Public Water","Sewer - Public","Conventional","Individuals"
"1","2423536","8715-76-4328","CLOSD","8310 Bama Road, Hanover VA 23111","23111","Hanover","Single Family Residence","10/31/2024","$434,950","$422,500","11","Resale (occupied at least once)","2001","Hanover Grove","2,079","0.38","4","2.1","Public Water","Sewer - Public","Conventional","Individuals"
"1","2423283","W019-0248-003","CLOSD","4503 Kensington Avenue, Richmond City VA 23221","23221","Richmond City","Single Family Residence","10/31/2024","$1,650,000","$1,600,000","23","Resale (occupied at least once)","1948","Colonial Place","3,676","0.16","4","4.1","Public Water","Sewer - Public","Conventional","Individuals"
"1","2423198","C001-1254-097","CLOSD","3019 East Martins Grant Circle, Richmond City VA 23235","23235","Richmond City","Single Family Residence","10/31/2024","$650,000","$650,000","4","Resale (occupied at least once)","2004","Martins Grant","2,629","0.16","2","2.0","Public Water","Sewer - Public","Cash","Individuals"
"1","2423171","W000-1365-032","CLOSD","3010 Kensington Avenue, Richmond City VA 23221","23221","Richmond City","Single Family Residence","10/31/2024","$949,950","$925,000","31","Resale (occupied at least once)","1916","None","2,801","0.06","4","3.1","Public Water","Sewer - Public","Cash","Individuals"
"1","2422627","33B6 3 1 25","CLOSD","5812 Ginger Drive, New Kent VA 23140","23140","New Kent","Townhouse","10/31/2024","$356,640","$356,640","16","New (never occupied)","2024","None","1,915","","3","2.1","Public Water","Sewer - Public","Conventional","Corporate"
"1","2422602","717-66-86-93-300-000","CLOSD","7824 Winding Ash Terrace, Chesterfield VA 23832","23832","Chesterfield","Single Family Residence","10/31/2024","$389,993","$385,000","43","Resale (occupied at least once)","2001","Ashbrook","2,000","0.21","4","2.1","Public Water","Sewer - Public","Cash","Corporate"
"1","2422471","6799-60-9658","CLOSD","12074 Windswept Court, Hanover VA 23146","23146","Hanover","Single Family Residence","10/31/2024","$600,000","$605,000","4","Resale (occupied at least once)","1998","Red Bud","3,250","10.01","4","2.1","Well","Septic - Conventional","Conventional","Individuals"
"1","2422347","745-755-2095","CLOSD","11104 Benjamin Place, Henrico VA 23233","23233","Henrico","Single Family Residence","10/31/2024","$675,000","$650,000","6","Resale (occupied at least once)","2003","Church Trace","3,700","0.29","6","3.1","Public Water","Sewer - Public","Conventional","Individuals"
"1","2421430","C001-1230-102","CLOSD","3441 Corley Home Drive, Richmond City VA 23235","23235","Richmond City","Single Family Residence","10/31/2024","$555,000","$544,000","38","Resale (occupied at least once)","2018","Villas At Archer Springs","2,582","0.23","3","2.0","Public Water","Sewer - Public","Conventional","Individuals"
"1","2420512","50-5-0-22-A","CLOSD","1172 Lickinghole Road, Goochland VA 23063","23063","Goochland","Single Family Residence","10/31/2024","$800,000","$790,000","44","Resale (occupied at least once)","2002","James River Landing","4,977","8.30","4","3.1","Well","Septic - Conventional","Conventional","Individuals"
"1","2420441","777-751-7758","CLOSD","2415 Bransford Drive, Henrico VA 23228","23228","Henrico","Single Family Residence","10/31/2024","$275,000","$250,000","21","Resale (occupied at least once)","1947","Woodland Hills","975","0.43","3","1.0","Public Water","Sewer - Public","FHA New","Individuals"
"1","2420232","805-713-4058","CLOSD","5100 Randall Avenue, Henrico VA 23231","23231","Henrico","Single Family Residence","10/31/2024","$180,000","$165,000","60","Resale (occupied at least once)","1939","National Heights","762","0.12","2","1.0","Public Water","Sewer - Public","Other","Partnership"
"1","2420075","5-22-0-5-0","CLOSD","5370 Broad Street Road, Goochland VA 23093","23093","Goochland","Single Family Residence","10/31/2024","$1,100,000","$920,000","56","Resale (occupied at least once)","2001","None","5,795","27.90","7","4.1","Well","Septic - Conventional","Conventional","Individuals"
"1","2420052","755-70-35-29-300-000","CLOSD","400 Wadsworth Drive, Chesterfield VA 23236","23236","Chesterfield","Single Family Residence","10/31/2024","$349,950","$349,950","11","Resale (occupied at least once)","1987","Whitestone","1,526","0.25","3","2.0","Public Water","Sewer - Public","Conventional","Individuals"
"1","2419998","812-65-02-34-100-000","CLOSD","13506 Silverdust Lane, Chesterfield VA 23836","23836","Chesterfield","Single Family Residence","10/31/2024","$599,950","$585,000","13","Resale (occupied at least once)","2006","Cypress Woods","4,510","0.28","5","4.0","Public Water","Sewer - Public","Conventional","Individuals"
"1","2418395","34A  4 4   6","CLOSD","11471 Oakfork Drive, New Kent VA 23124","23124","New Kent","Single Family Residence","10/31/2024","$375,000","$375,000","77","Resale (occupied at least once)","2018","The Oaks","1,950","0.48","4","2.1","Public Water","Sewer - Public","VA New","Individuals"
"1","2417259","759-70-40-41-500-000","CLOSD","324 South Providence Road, Chesterfield VA 23236","23236","Chesterfield","Single Family Residence","10/31/2024","$369,000","$350,000","88","Resale (occupied at least once)","1925","None","1,636","2.00","4","3.0","Public Water","Sewer - Public","Cash","Individuals"
"1","2416764","W000-1411-071","CLOSD","413 Cleveland Street, Richmond City VA 23221","23221","Richmond City","Single Family Residence","10/31/2024","$1,150,000","$1,137,500","38","New (never occupied)","2024","Kensington Row","3,180","0.06","3","2.2","Public Water","Sewer - Public","Cash","Other"
"1","2414170","7840-13-6161","CLOSD","14843 Elliot Ridge Way, Hanover VA 23059","23059","Hanover","Single Family Residence","10/31/2024","$1,259,000","$1,100,000","112","Resale (occupied at least once)","2016","Mountain Run","3,785","0.92","4","3.1","Community Well","Community - Sewer/Septic","Cash","Individuals"
"1","2412694","C008-0451-008","CLOSD","5743 Berrywood Road, Richmond City VA 23224","23224","Richmond City","Single Family Residence","10/31/2024","$230,000","$225,000","115","Resale (occupied at least once)","1955","Woodberry","1,096","0.27","3","1.0","Public Water","Sewer - Public","Conventional","Individuals"
"1","2412008","722-67-00-30-900-033","CLOSD","7403 Hancock Towns Court, Chesterfield VA 23832","23832","Chesterfield","Condominium","10/31/2024","$369,000","$361,500","90","Resale (occupied at least once)","2021","Hancock Village","2,208","","3","2.1","Public Water","Sewer - Public","Conventional","Individuals"
"1","2410614","729706090500000","CLOSD","13748 Village View Drive, Chesterfield VA 23114","23114","Chesterfield","Townhouse","10/31/2024","$432,950","$487,845","0","New (never occupied)","2024","Randolph Pond","2,059","","4","3.1","Public Water","Sewer - Public","Conventional","Corporate"
"1","2410513","64-4-2-33-0","CLOSD","558 Ville Ponteaux Lane, Goochland VA 23238","23238","Goochland","Single Family Residence","10/31/2024","$450,000","$440,000","169","Resale (occupied at least once)","1961","Huguenot Hills","1,560","0.41","3","2.0","Public Water","Septic - Conventional","Conventional","Individuals"
"1","2410375","S000-0542-010","CLOSD","1019 East 15th Street, Richmond City VA 23224","23224","Richmond City","Single Family Residence","10/31/2024","$130,000","$127,500","5","Resale (occupied at least once)","1949","Oak Grove","672","0.09","2","1.0","Public Water","Sewer - Public","Conventional","Individuals"
"1","2407611","33B6 3 1 29","CLOSD","5838 Ginger Drive, New Kent VA 23140","23140","New Kent","Townhouse","10/31/2024","$343,990","$343,990","145","New (never occupied)","2024","None","1,924","0.07","3","2.1","Public Water","Sewer - Public","Conventional","Corporate"
"1","2404508","764662316900000","CLOSD","9948 Boschen Woods Place, Chesterfield VA 23838","23838","Chesterfield","Single Family Residence","10/31/2024","$672,950","$782,797","0","New (never occupied)","2024","Boschen Woods","2,958","","4","3.1","Public Water","Septic - Conventional","Conventional","Corporate"
"1","2322397","689-67-74-55-000-000","CLOSD","6001 Moseley Road, Chesterfield VA 23120","23120","Chesterfield","Single Family Residence","10/31/2024","$1,150,000","$1,502,021","33","New (never occupied)","2023","None","3,895","10.00","4","4.1","Well","Septic - Conventional","Conventional","Corporate"
"1","2319210","756698330500000","CLOSD","8606 Bethany Creek Avenue, Chesterfield VA 23236","23236","Chesterfield","Single Family Residence","10/31/2024","$429,990","$420,000","369","New (never occupied)","2024","Bethany Creek Park","1,569","","3","2.1","Public Water","Sewer - Public","Conventional","Corporate"
"1","2304750","711-68-41-54-200-000","CLOSD","4524 Summer Camp Court, Chesterfield VA 23120","23120","Chesterfield","Single Family Residence","10/31/2024","$654,900","$880,062","227","New (never occupied)","2023","Summer Lake","2,721","0.30","4","2.1","Public Water","Sewer - Public","Conventional","Corporate"
"1","BRTVAHN2000680","737-749-4505","CLOSD","10600 Cloister Drive, Henrico VA 23238","23238","Henrico","Single Family Residence","10/31/2024","$500,000","$490,000","4","Resale (occupied at least once)","1978","WYNMOOR","2,334","0.41","4","3.0","Public Water","Public Sewer On Site","",""
"1","BRTVAHN2000644","745-755-2095","CLOSD","11104 Benjamin Place, Henrico VA 23238","23238","Henrico","Single Family Residence","10/31/2024","$675,000","$650,000","8","Resale (occupied at least once)","2003","NONE AVAILABLE","3,660","0.00","6","4.0","Public Water","Public Sewer On Site, Septic - Shared","",""
"1","REIN10548997","TBD","CLOSD","5812 Ginger Drive VA 23140","23140","New Kent","Townhouse","10/31/2024","$356,640","$356,640","15","Resale (occupied at least once)","2024","ALL OTHERS AREA 140","1,915","0.00","3","3.0","Public Water","Public Sewer On Site","",""
"501","REIN10525573","TBD","CLOSD","5838 Ginger Drive VA 23140","23140","New Kent","Townhouse","10/31/2024","$343,990","$343,990","144","New (never occupied)","2024","ALL OTHERS AREA 140","1,924","0.07","3","3.0","Public Water","Public Sewer On Site","",""
"501","2425161","E010-0138-011","CLOSD","5401 Salem Street, Richmond City VA 23231","23231","Richmond City","Single Family Residence","11/01/2024","$374,955","$374,955","4","New (never occupied)","2024","Powhatan Place","1,453","0.12","3","2.1","Public Water","Sewer - Public","Cash","Corporate"
"501","2416386","E000-0719-012","CLOSD","1400 North 32nd Street, Richmond City VA 23223","23223","Richmond City","Single Family Residence","11/01/2024","$511,000","$500,000","9","New (never occupied)","2024","None","2,106","0.06","3","2.1","Public Water","Sewer - Public","Conventional","Corporate"
"501","2426205","748-764-1155","CLOSD","11215 Thorncroft Drive, Henrico VA 23060","23060","Henrico","Single Family Residence","11/01/2024","$480,000","$462,000","0","Resale (occupied at least once)","1960","Willow Run","1,025","1.04","3","1.0","Public Water","Septic - Conventional","Conventional","Individuals"
"501","2417509","C0070176215","CLOSD","1200 Canterbury Ridge Road, Richmond City VA 23224","23224","Richmond City","Townhouse","11/01/2024","$284,990","$279,990","20","New (never occupied)","2024","None","1,212","","3","2.1","Public Water","Sewer - Public","FHA New","Corporate"
"501","2421431","751698408900000","CLOSD","1619 Winters Hill Circle, Chesterfield VA 23236","23236","Chesterfield","Single Family Residence","11/01/2024","$318,000","$322,150","5","Resale (occupied at least once)","1988","Winters Hill Place","1,205","","3","2.0","Public Water","Sewer - Public","Conventional","Individuals"
"501","2421305","22A9 1 2  28","CLOSD","7320 Fougere Place, New Kent VA 23124","23124","New Kent","Single Family Residence","11/01/2024","$465,000","$480,000","31","Resale (occupied at least once)","2021","The Arbors At New Kent Winery","3,068","0.21","5","4.0","Public Water","Sewer - Public","VA New","Individuals"
"501","2420539","826-65-76-53-400-000","CLOSD","12406 Rotunda Lane, Chesterfield VA 23836","23836","Chesterfield","Single Family Residence","11/01/2024","$639,900","$626,000","43","Resale (occupied at least once)","2012","Mount Blanco On The James","4,505","","4","3.1","Public Water","Sewer - Public","Conventional","Individuals"
"501","2402867","771678126800000","CLOSD","6190 Belay Drive, Chesterfield VA 23234","23234","Chesterfield","Townhouse","11/01/2024","$357,990","$350,000","354","New (never occupied)","2024","Watermark","1,474","","3","2.1","Public Water","Sewer - Public","FHA New","Corporate"
"501","2426328","715-66-71-72-600-000","CLOSD","15718 Hampton Arbor Terrace, Chesterfield VA 23832","23832","Chesterfield","Single Family Residence","11/01/2024","$489,000","$527,500","6","Resale (occupied at least once)","1999","Hampton Park","2,799","0.42","4","2.1","Public Water","Sewer - Public","Conventional","Individuals"
"501","2424979","S000-3055-022","CLOSD","1015 Taylor Avenue, Richmond City VA 23225","23225","Richmond City","Single Family Residence","11/01/2024","$545,000","$548,000","11","Resale (occupied at least once)","1924","Forest Hill Terrace","1,804","0.28","3","2.0","Public Water","Sewer - Public","Conventional","Individuals"
"501","2424270","030B-1E-1","CLOSD","2767 Judes Ferry Road, Powhatan VA 23139","23139","Powhatan","Single Family Residence","11/01/2024","$429,000","$425,000","20","Resale (occupied at least once)","1979","Corbin Acres","1,680","1.37","3","2.1","Well","Septic - Conventional","Conventional","Individuals"
"501","REIN10545861","22A9Â 1Â 2Â Â 28","CLOSD","7320 Fougere Place VA 23124","23124","New Kent","Single Family Residence","11/01/2024","$465,000","$480,000","50","Resale (occupied at least once)","2021","ALL OTHERS AREA 140","3,068","","5","3.0","Public Water","Public Sewer On Site","",""
"501","2423347","762-774-5118.121","CLOSD","501 Siena Lane, Henrico VA 23059","23059","Henrico","Townhouse","11/01/2024","$507,000","$507,000","14","Resale (occupied at least once)","2012","The Villas At Hunton Park","2,976","0.07","3","3.1","Public Water","Sewer - Public","Conventional","Individuals"
"501","2416807","815-673-5888","CLOSD","9417 Sherry Lane, Henrico VA 23231","23231","Henrico","Single Family Residence","11/01/2024","$450,000","$450,000","81","Resale (occupied at least once)","1988","Kingsland Manor","2,397","1.08","4","3.0","Well","Septic - Conventional","Conventional","Individuals"
"501","2410596","C0070176249","CLOSD","5345 Canterbury Ridge Court, Richmond City VA 23224","23224","Richmond City","Townhouse","11/01/2024","$262,990","$268,375","6","New (never occupied)","2024","None","1,212","","3","2.1","Public Water","Sewer - Public","Conventional","Corporate"
"501","2424765","735-747-7051","CLOSD","11800 South Downs Square, Henrico VA 23238","23238","Henrico","Townhouse","11/01/2024","$429,000","$410,000","13","Resale (occupied at least once)","1984","Sussex Square","2,550","","3","2.1","Public Water","Sewer - Public","Cash","Individuals"
"501","2424862","795-65-25-21-300-000","CLOSD","12610 Parker Lane, Chesterfield VA 23831","23831","Chesterfield","Single Family Residence","11/01/2024","$425,000","$425,000","16","Resale (occupied at least once)","1986","Gay Farms","2,197","0.35","4","2.1","Public Water","Sewer - Public","FHA New","Corporate"
"501","2420723","762-756-9344","CLOSD","8172 Carriage Homes Drive, Henrico VA 23294","23294","Henrico","Townhouse","11/01/2024","$469,000","$469,000","52","Resale (occupied at least once)","2022","Westchase","2,069","0.07","3","2.1","Public Water","Sewer - Public","VA New","Individuals"
"501","2414317","762-68-01-65-000-000","CLOSD","7728 Centerbrook Court, Chesterfield VA 23832","23832","Chesterfield","Single Family Residence","11/01/2024","$369,990","$372,500","70","Resale (occupied at least once)","1994","Five Forks Village","2,424","0.36","3","2.1","Public Water","Sewer - Public","VA New","Individuals"
"501","2425260","791-66-74-29-300-000","CLOSD","9518 Proctors Road, Chesterfield VA 23237","23237","Chesterfield","Single Family Residence","11/01/2024","$250,000","$250,000","2","Resale (occupied at least once)","1962","Quail Oaks","1,352","0.28","3","1.1","Public Water","Sewer - Public","Conventional","Individuals"
"501","2421257","S007-1282-007","CLOSD","1512 Bowen Street, Richmond City VA 23224","23224","Richmond City","Single Family Residence","11/01/2024","$225,000","$226,000","44","Resale (occupied at least once)","1954","Center Hill","817","0.13","2","1.0","Public Water","Sewer - Public","Conventional","Individuals"
"501","2424681","827-682-6995","CLOSD","8500 Turner Road, Henrico VA 23231","23231","Henrico","Single Family Residence","11/01/2024","$624,900","$625,000","4","Resale (occupied at least once)","1983","None","4,056","1.40","4","3.1","Well","Septic - Conventional","VA New","Individuals"
"501","2424818","775-751-0369","CLOSD","7106 Gibraltar Drive, Henrico VA 23228","23228","Henrico","Single Family Residence","11/01/2024","$380,000","$365,000","13","Resale (occupied at least once)","1964","Hermitage West","1,728","0.40","3","1.1","Public Water","Sewer - Public","VA New","Individuals"
"501","2424752","W000-1621-024","CLOSD","3412 West Franklin Street, Richmond City VA 23221","23221","Richmond City","Single Family Residence","11/01/2024","$899,950","$885,000","22","New (never occupied)","2024","Forbes Tract","2,656","0.08","3","2.1","Public Water","Sewer - Public","Cash","Corporate"
"501","2425256","815-695-4283","CLOSD","2530 Yarnell Road, Henrico VA 23231","23231","Henrico","Single Family Residence","11/01/2024","$370,000","$370,000","4","Resale (occupied at least once)","1985","Acreage","1,958","2.11","3","2.1","Well","Septic - Conventional","VA New","Individuals"
"501","2425314","S000-0089-013","CLOSD","1213 McDonough Street, Richmond City VA 23224","23224","Richmond City","Single Family Residence","11/01/2024","$249,900","$230,000","11","Resale (occupied at least once)","1929","Manchester","942","0.10","3","1.0","Public Water","Sewer - Public","Cash","Individuals"
"501","2420308","775-757-8435","CLOSD","2214 Raymond Avenue, Henrico VA 23228","23228","Henrico","Single Family Residence","11/01/2024","$360,000","$360,000","31","Resale (occupied at least once)","1961","Rocky Branch Farm","1,319","0.36","3","2.0","Public Water","Sewer - Public","Conventional","Individuals"
"501","2425893","797-63-31-61-900-000","CLOSD","16236 Mistora Road, Chesterfield VA 23831","23831","Chesterfield","Single Family Residence","11/01/2024","$235,000","$236,000","4","Resale (occupied at least once)","1981","Searcy","1,008","0.30","3","1.0","Public Water","Sewer - Public","FHA New","Individuals"
"501","2425495","725-68-84-40-800-000","CLOSD","2804 Autumn Woods Circle, Chesterfield VA 23112","23112","Chesterfield","Single Family Residence","11/01/2024","$400,000","$395,000","6","Resale (occupied at least once)","1980","Brandermill","1,854","0.24","3","2.1","Public Water","Sewer - Public","Conventional","Individuals"
"501","2424121","747-70-17-22-500-000","CLOSD","336 Pullbrooke Drive, Chesterfield VA 23236","23236","Chesterfield","Single Family Residence","11/01/2024","$405,000","$415,000","9","Resale (occupied at least once)","2009","Briarcliff Section 5","2,011","0.52","4","2.1","Public Water","Sewer - Public","Conventional","Individuals"
"501","2419332","778-66-85-68-500-000","CLOSD","5325 White Pickett Lane, Chesterfield VA 23237","23237","Chesterfield","Single Family Residence","11/01/2024","$315,500","$315,000","42","Resale (occupied at least once)","1989","Ashton Woods North","1,620","0.24","3","2.1","Public Water","Sewer - Public","Conventional","Individuals"
"501","2408994","738-768-5488","CLOSD","4809 BACOVA VILLAGE Trail, Henrico VA 23059","23059","Henrico","Condominium","11/01/2024","$499,990","$505,975","8","New (never occupied)","2024","Bacova Village","1,954","","3","3.0","Public Water","Sewer - Public","Cash","Corporate"
"501","2424367","N000-1046-021","CLOSD","520 Craigie Avenue, Richmond City VA 23222","23222","Richmond City","Single Family Residence","11/01/2024","$269,950","$269,950","4","Resale (occupied at least once)","1941","Roslyn Heights","922","0.16","3","1.0","Public Water","Sewer - Public","Conventional","Individuals"
"501","2422941","W0000857035","CLOSD","207 North Meadow Street, Richmond City VA 23220","23220","Richmond City","Single Family Residence","11/01/2024","$699,000","$699,000","19","Resale (occupied at least once)","1910","None","1,982","0.06","3","1.1","Public Water","Sewer - Public","Conventional","Individuals"
"501","2323176","712661913400000","CLOSD","9102 Cambian Mews, Chesterfield VA 23832","23832","Chesterfield","Single Family Residence","11/01/2024","$599,950","$600,170","319","New (never occupied)","2023","Harpers Mill","3,488","","5","3.0","Public Water","Sewer - Public","Conventional","Corporate"
"501","2426288","815-696-6231","CLOSD","7091 Mosswood Road, Henrico VA 23231","23231","Henrico","Single Family Residence","11/01/2024","$605,000","$605,000","9","Resale (occupied at least once)","2009","Varina","3,187","9.49","4","3.1","Well","Septic - Conventional","FHA New","Individuals"
"501","2000921","E000-1086-010","CLOSD","1738 North 28 Street, Richmond City VA 23223","23223","Richmond City","Single Family Residence","11/01/2024","$295,000","$285,000","48","New (never occupied)","2019","None","1,863","","3","3.0","Public Water","Sewer - Public","Cash","Corporate"
"501","2413194","TBD","CLOSD","8649 Underhill Drive, Henrico VA 23060","23060","Henrico","Townhouse","11/01/2024","$354,840","$354,840","21","New (never occupied)","2024","Retreat at One","1,470","","3","2.1","Public Water","Sewer - Public","Conventional","Corporate"
"501","2427576","E000-1235-006","CLOSD","1611 Rogers Street, Richmond City VA 23223","23223","Richmond City","Single Family Residence","11/01/2024","$130,000","$130,000","0","Resale (occupied at least once)","1925","Chelsea Place","988","0.11","2","1.0","Public Water","None","Cash","Individuals"
"501","2427556","E000-0387-011","CLOSD","2519 Grace Street, Richmond City VA 23223","23223","Richmond City","Single Family Residence","11/01/2024","$1,600,000","$1,530,000","2","Resale (occupied at least once)","1862","None","4,317","0.12","6","4.1","Public Water","Sewer - Public","Cash","Individuals"
"501","2427047","029A-1A-10","CLOSD","2230 Lakeview Drive, Powhatan VA 23139","23139","Powhatan","Single Family Residence","11/01/2024","$295,000","$330,000","3","Resale (occupied at least once)","1964","Lake Shawnee","1,156","0.17","3","1.0","Community Well","Septic - Conventional","Cash","Individuals"
"501","2426736","761-741-7867","CLOSD","1111 Normandy Drive, Henrico VA 23229","23229","Henrico","Single Family Residence","11/01/2024","$514,950","$552,600","6","Resale (occupied at least once)","1948","Clovelly Gardens","1,609","0.22","3","2.0","Public Water","Sewer - Public","Cash","Individuals"
"501","2426593","024-25A","CLOSD","2526 Old Tavern Road, Powhatan VA 23139","23139","Powhatan","Single Family Residence","11/01/2024","$599,950","$585,000","3","Resale (occupied at least once)","2006","None","3,062","5.21","3","2.1","Well","Septic - Conventional","Conventional","Individuals"
"501","2426576","724-66-89-83-000-000","CLOSD","14318 Old Bond Street, Chesterfield VA 23832","23832","Chesterfield","Single Family Residence","11/01/2024","$425,000","$440,000","2","Resale (occupied at least once)","1997","Birkdale","2,142","0.34","4","2.1","Public Water","Sewer - Public","Conventional","Individuals"
"501","2426138","782-69-26-28-800-000","CLOSD","3801 Lake Hills Road, Chesterfield VA 23234","23234","Chesterfield","Single Family Residence","11/01/2024","$399,900","$450,000","2","Resale (occupied at least once)","1978","Lake Hills","1,928","1.02","3","2.0","Public Water","Sewer - Public","Cash","Individuals"
"501","2426080","W000-0133-019","CLOSD","713 South Pine Street, Richmond City VA 23220","23220","Richmond City","Condominium","11/01/2024","$439,000","$440,500","6","Resale (occupied at least once)","2002","Overlook Townhouses","1,639","0.04","3","2.1","Public Water","Sewer - Public","Conventional","Individuals"
"501","2426030","755-68-55-53-000-000","CLOSD","4405 Rabbit Foot Place, Chesterfield VA 23236","23236","Chesterfield","Single Family Residence","11/01/2024","$365,000","$365,000","0","Resale (occupied at least once)","1984","Fernbrook","1,610","0.35","3","2.0","Public Water","Sewer - Public","Cash","Individuals"
"501","2425981","8723-39-7636","CLOSD","6315 Draperfield Road, Hanover VA 23111","23111","Hanover","Single Family Residence","11/01/2024","$314,990","$335,000","3","Resale (occupied at least once)","1988","Sledd Run","1,212","0.23","3","2.0","Public Water","Sewer - Public","Conventional","Individuals"
"501","2425859","715-69-54-65-500-000","CLOSD","15418 Amethyst Drive, Chesterfield VA 23112","23112","Chesterfield","Single Family Residence","11/01/2024","$815,000","$815,000","8","Resale (occupied at least once)","2017","Newmarket","3,768","0.28","5","4.1","Public Water","Sewer - Public","Conventional","Individuals"
"501","2425819","752-71-62-40-800-000","CLOSD","9501 Groundhog Drive, Chesterfield VA 23235","23235","Chesterfield","Townhouse","11/01/2024","$289,500","$289,500","3","Resale (occupied at least once)","1980","Edgehill Townhouses","1,820","0.08","3","2.1","Public Water","Sewer - Public","Conventional","Individuals"
"501","2425676","811-730-5937","CLOSD","3820 Carolee Court, Henrico VA 23223","23223","Henrico","Single Family Residence","11/01/2024","$330,000","$344,000","7","Resale (occupied at least once)","1989","Mitcheltree","1,863","0.28","4","2.1","Public Water","Sewer - Public","FHA New","Individuals"
"501","2425665","762-749-9624","CLOSD","2321 Timberwood Place, Henrico VA 23294","23294","Henrico","Single Family Residence","11/01/2024","$465,000","$478,000","2","Resale (occupied at least once)","1979","Thousand Oaks","2,103","0.28","4","2.1","Public Water","Sewer - Public","Conventional","Individuals"
"501","2425067","825-720-9573","CLOSD","1505 Sir William Court, Henrico VA 23075","23075","Henrico","Single Family Residence","11/01/2024","$325,000","$320,000","10","Resale (occupied at least once)","1996","Fairlawn","1,894","0.27","5","3.0","Public Water","Sewer - Public","Cash","Individuals"
"501","2424813","757-767-3749","CLOSD","5204 Linsey Lakes Drive, Henrico VA 23060","23060","Henrico","Single Family Residence","11/01/2024","$424,000","$422,500","20","Resale (occupied at least once)","1995","Linsey Lakes","1,721","0.21","4","3.0","Public Water","Sewer - Public","Cash","Individuals"
"501","2424717","750-750-8714","CLOSD","9600 Ridgefield Road, Henrico VA 23229","23229","Henrico","Single Family Residence","11/01/2024","$409,990","$370,000","36","Resale (occupied at least once)","1962","Pinedale Farms","1,952","0.31","4","2.1","Public Water","Sewer - Public","Cash","Individuals"
"501","2424579","727-66-77-47-000-000","CLOSD","14231 Cobblegrove Drive, Chesterfield VA 23112","23112","Chesterfield","Single Family Residence","11/01/2024","$500,000","$500,000","7","Resale (occupied at least once)","2019","Cobblestone Creek","2,492","0.27","4","2.1","Public Water","Sewer - Public","Conventional","Individuals"
"501","2424566","C001-0966-032","CLOSD","3345 Cedar Grove Road, Richmond City VA 23235","23235","Richmond City","Single Family Residence","11/01/2024","$375,000","$349,000","9","Resale (occupied at least once)","1961","Fernleigh","1,800","0.48","3","2.1","Public Water","Sewer - Public","Conventional","Individuals"
"501","2424050","8715-32-9504","CLOSD","7404 Leaf Fall Way, Hanover VA 23111","23111","Hanover","Townhouse","11/01/2024","$430,000","$420,000","27","Resale (occupied at least once)","2017","Cherry Grove Section 1 - Hanover","1,597","0.10","2","2.0","Public Water","Sewer - Public","Conventional","Individuals"
"501","2423893","804-700-1112","CLOSD","1405 New Market Road, Henrico VA 23231","23231","Henrico","Single Family Residence","11/01/2024","$254,950","$247,500","8","Resale (occupied at least once)","1946","Cedar Lawn","1,064","0.92","2","1.0","Well","Sewer - Public","Conventional","Individuals"
"501","2423775","722-65-77-62-400-000","CLOSD","11506 Avening Road, Chesterfield VA 23832","23832","Chesterfield","Single Family Residence","11/01/2024","$500,000","$508,500","19","Resale (occupied at least once)","2021","Willow Creek","2,708","0.34","4","2.1","Public Water","Sewer - Public","Conventional","Individuals"
"501","2423729","738-782-4125","CLOSD","12176 Morestead Court, Henrico VA 23059","23059","Henrico","Single Family Residence","11/01/2024","$1,295,000","$1,310,000","5","Resale (occupied at least once)","2000","Preston At Wyndham","6,053","0.35","6","5.1","Public Water","Sewer - Public","Conventional","Individuals"
"501","2423642","S009-0459-009","CLOSD","4718 Caldwell Avenue, Richmond City VA 23234","23234","Richmond City","Single Family Residence","11/01/2024","$180,000","$205,000","3","Resale (occupied at least once)","1954","Jefferson Davis Park","1,008","0.18","3","1.0","Public Water","Sewer - Public","Conventional","Individuals"
"501","2423507","758-68-58-26-900-000","CLOSD","4801 Long Tom Lane, Chesterfield VA 23832","23832","Chesterfield","Single Family Residence","11/01/2024","$285,000","$275,000","33","Resale (occupied at least once)","1985","Cabin Creek","1,196","0.33","3","1.1","Public Water","Sewer - Public","Conventional","Individuals"
"501","2423310","738-71-12-10-000-000","CLOSD","11860 Old Buckingham Road, Chesterfield VA 23113","23113","Chesterfield","Single Family Residence","11/01/2024","$369,900","$360,000","19","Resale (occupied at least once)","1973","Olde Coach Village","1,961","0.40","4","2.1","Public Water","Sewer - Public","FHA New","Individuals"
"501","2423260","731-67-70-80-800-000","CLOSD","4904 Long Shadow Terrace, Chesterfield VA 23112","23112","Chesterfield","Townhouse","11/01/2024","$365,000","$370,000","15","Resale (occupied at least once)","1979","Brandermill","1,885","0.06","3","2.1","Public Water","Sewer - Public","Cash","Individuals"
"501","2422672","735-67-51-49-000-022","CLOSD","5200 Creek Heights Drive, Chesterfield VA 23112","23112","Chesterfield","Condominium","11/01/2024","$415,000","$435,000","12","Resale (occupied at least once)","2007","Terraces At Swift Creek","2,373","","3","2.1","Public Water","Sewer - Public","Conventional","Individuals"
"501","2422594","774-744-0530","CLOSD","3108 Manor Drive, Henrico VA 23230","23230","Henrico","Single Family Residence","11/01/2024","$389,950","$385,000","19","Resale (occupied at least once)","1957","Lakeview Manor","1,870","0.24","4","2.0","Public Water","Sewer - Public","Conventional","Individuals"
"501","2422466","704-66-74-19-600-000","CLOSD","17557 Memorial Tournament Drive, Chesterfield VA 23120","23120","Chesterfield","Townhouse","11/01/2024","$370,000","$370,000","11","Resale (occupied at least once)","2017","Magnolia Green","1,779","0.05","3","3.1","Public Water","Sewer - Public","FHA New","Individuals"
"501","2421362","776-64-31-19-400-000","CLOSD","6901 Apamatica Lane, Chesterfield VA 23838","23838","Chesterfield","Single Family Residence","11/01/2024","$574,900","$567,900","13","Resale (occupied at least once)","1986","Apamatica","2,893","1.33","4","4.0","Public Water","Septic - Conventional","Conventional","Individuals"
"501","2421301","726-71-40-31-900-000","CLOSD","2200 Banstead Road, Chesterfield VA 23113","23113","Chesterfield","Single Family Residence","11/01/2024","$869,000","$840,000","54","Resale (occupied at least once)","1979","Salisbury","3,743","0.72","5","4.1","Public Water","Sewer - Public","Cash","Individuals"
"501","2421095","W000-2032-016","CLOSD","4514 Cutshaw Avenue, Richmond City VA 23230","23230","Richmond City","Single Family Residence","11/01/2024","$524,950","$510,000","46","Resale (occupied at least once)","1950","Monument Avenue Park","1,609","0.14","4","2.0","Public Water","Sewer - Public","VA New","Individuals"
"501","2420674","W000-0726-029","CLOSD","1741 West Cary Street, Richmond City VA 23220","23220","Richmond City","Townhouse","11/01/2024","$635,000","$653,000","14","Resale (occupied at least once)","2007","Townes At Cary Place","2,625","0.05","3","2.1","Public Water","Sewer - Public","Conventional","Individuals"
"501","2420380","765-748-5855.007","CLOSD","2632 Lassen Walk #UnitA, Henrico VA 23294","23294","Henrico","Condominium","11/01/2024","$365,000","$350,000","49","Resale (occupied at least once)","2020","West Broad Landing","1,523","","2","2.1","Public Water","Sewer - Public","Conventional","Individuals"
"501","2419418","804-698-5330","CLOSD","6954 Wildwood Street, Henrico VA 23231","23231","Henrico","Single Family Residence","11/01/2024","$355,000","$340,000","77","Resale (occupied at least once)","1968","Sunset Heights","1,400","0.61","4","2.0","Well","Septic - Conventional","Conventional","Individuals"
"501","2418929","766-63-90-68-800-000","CLOSD","8206 Killbevan Drive, Chesterfield VA 23838","23838","Chesterfield","Single Family Residence","11/01/2024","$775,000","$745,000","67","Resale (occupied at least once)","2023","Lake Margaret","4,438","1.52","5","4.0","Public Water","Septic - Aerobic","Conventional","Individuals"
"501","2418906","C006-0493-001","CLOSD","642 Shelby Drive, Richmond City VA 23224","23224","Richmond City","Single Family Residence","11/01/2024","$255,000","$235,000","50","Resale (occupied at least once)","1948","Woodstock","1,653","0.35","4","2.0","Public Water","Sewer - Public","Cash","Individuals"
"501","2415792","725-72-01-18-500-000","CLOSD","2931 Vistapoint Road, Chesterfield VA 23113","23113","Chesterfield","Single Family Residence","11/01/2024","$699,999","$623,100","71","Resale (occupied at least once)","1981","Salisbury","4,289","1.10","6","5.1","Public Water","Septic - Conventional","Cash","Individuals"
"501","2414435","027C-4-18","CLOSD","3625 Branch Springs Road, Powhatan VA 23139","23139","Powhatan","Single Family Residence","11/01/2024","$839,000","$839,000","113","New (never occupied)","2024","Branchway Springs","3,998","2.64","5","3.1","Well","Septic - Conventional","Conventional","Corporate"
"501","2412958","E000-1763-115","CLOSD","3513 Briel Street #UnitU1, Richmond City VA 23223","23223","Richmond City","Condominium","11/01/2024","$124,900","$110,000","55","Resale (occupied at least once)","1975","Villas Of Oakwood North Condo","822","0.02","2","1.0","Public Water","Sewer - Public","Cash","Corporate"
"501","2412753","N0001793020","CLOSD","3426 Carlton Street #Unit11B, Richmond City VA 23220","23220","Richmond City","Condominium","11/01/2024","$503,585","$503,585","15","New (never occupied)","2024","Mason Yards","1,517","","3","2.1","Public Water","Sewer - Public","Conventional","Corporate"
"501","2407224","8707-81-4321","CLOSD","10069 Silverado Trail, Hanover VA 23116","23116","Hanover","Single Family Residence","11/01/2024","$821,528","$821,528","172","New (never occupied)","2024","Stags Leap","3,460","0.28","4","3.1","Public Water","Sewer - Public","Other","Corporate"
"501","2404259","7890-55-5977","CLOSD","13112 Winding White Rose Lane, Hanover VA 23005","23005","Hanover","Single Family Residence","11/01/2024","$860,151","$860,151","0","New (never occupied)","2024","Hickory Hill","3,450","1.00","4","3.0","Well","Septic - Conventional, Septic - Engineered","Conventional","Corporate"
"501","2403694","58-54-3-129-0","CLOSD","9420 Tesserae Way, Goochland VA 23238","23238","Goochland","Townhouse","11/01/2024","$552,500","$552,500","211","New (never occupied)","2024","Mosaic at West Creek","1,983","","3","2.1","Public Water","Sewer - Public","Cash","Corporate"
"501","2329701","7802-56-3961","CLOSD","15291 Devonwood Road, Hanover VA 23192","23192","Hanover","Single Family Residence","11/01/2024","$699,950","$699,000","285","New (never occupied)","2024","Devonwood","2,797","1.64","4","3.0","Well","Septic - Conventional","VA New","Individuals"
"501","2329020","744-760-8904.022","CLOSD","1716 Old Brick Road #Unit15B, Henrico VA 23060","23060","Henrico","Condominium","11/01/2024","$610,000","$612,235","240","New (never occupied)","2023","West Broad Village","2,487","","3","2.1","Public Water","Sewer - Public","Conventional","Corporate"
"501","2325406","751-687-374-900-000","CLOSD","4165 Ambergrove Avenue, Chesterfield VA 23236","23236","Chesterfield","Townhouse","11/01/2024","$664,534","$702,626","145","New (never occupied)","2024","Amberleigh","2,352","0.10","3","2.1","Public Water","Sewer - Public","Cash","Corporate"
"501","BRTVAHN2000628","770-737-1487","CLOSD","1501 Libbie Avenue, Henrico VA 23226","23226","Henrico","Single Family Residence","11/04/2024","$775,000","$720,012","83","Resale (occupied at least once)","1934","NONE AVAILABLE","2,375","0.00","4","4.0","Public Water","Public Sewer On Site","",""
"501","2424249","781-767-8052","CLOSD","10000 Scotts Ridge Court, Henrico VA 23059","23059","Henrico","Single Family Residence","11/04/2024","$520,000","$512,000","8","Resale (occupied at least once)","1999","Magnolia Ridge","2,100","0.30","4","2.1","Public Water","Sewer - Public","Conventional","Individuals"
"501","2426959","N016-0080-002","CLOSD","3621 Montrose Avenue, Richmond City VA 23222","23222","Richmond City","Single Family Residence","11/04/2024","$439,000","$439,000","5","Resale (occupied at least once)","1954","Wrights Park","1,504","0.37","3","2.1","Public Water","Sewer - Public","Conventional","Corporate"
"501","2422086","716-66-21-37-500-000","CLOSD","15543 Match Rail Place, Chesterfield VA 23832","23832","Chesterfield","Single Family Residence","11/04/2024","$729,950","$728,084","26","New (never occupied)","2024","Harpers Mill","3,793","","5","4.0","Public Water","Sewer - Public","Conventional","Corporate"
"501","2414772","782-67-99-74-700-000","CLOSD","4020 Harvette Drive, Chesterfield VA 23237","23237","Chesterfield","Single Family Residence","11/04/2024","$312,000","$322,000","95","Resale (occupied at least once)","1963","Fuqua Farms","1,441","0.44","3","2.0","Public Water","Sewer - Public","FHA New","Corporate"
"501","2424697","7830-77-3488","CLOSD","15150 Whispering Springs Lane, Hanover VA 23192","23192","Hanover","Single Family Residence","11/04/2024","$600,000","$605,000","10","Resale (occupied at least once)","1998","Whispering Springs","2,554","10.04","4","2.1","Well","Septic - Conventional","Conventional","Individuals"
"501","2423489","724-69-90-47-300-000","CLOSD","1042 Cohen Trail, Chesterfield VA 23114","23114","Chesterfield","Single Family Residence","11/04/2024","$565,000","$565,000","26","Resale (occupied at least once)","2005","Armistead Village at Charter Colony","3,568","0.19","5","3.1","Public Water","Sewer - Public","Conventional","Individuals"
"501","2417742","757619008100000","CLOSD","9961 Peacefield Lane, Chesterfield VA 23803","23803","Chesterfield","Single Family Residence","11/04/2024","$469,990","$469,990","71","New (never occupied)","2023","None","2,340","","4","2.1","Public Water","Sewer - Public","VA Assumption","Corporate"
"501","2413376","768-760-9151.080","CLOSD","9389 Horse Castle Court #Unit708, Henrico VA 23060","23060","Henrico","Condominium","11/04/2024","$225,000","$225,000","82","Resale (occupied at least once)","1987","Laurel Lakes Condo","1,065","","2","2.0","Public Water","Sewer - Public","Conventional","Corporate"
"501","2425454","740-69-15-30-800-000","CLOSD","2406 Brookforest Road, Chesterfield VA 23112","23112","Chesterfield","Single Family Residence","11/04/2024","$339,950","$350,000","13","Resale (occupied at least once)","1994","Clarendon","1,596","0.86","3","2.1","Public Water","Sewer - Public","FHA New","Individuals"
"501","2421367","E000-0382-018","CLOSD","2512 East Leigh Street, Richmond City VA 23223","23223","Richmond City","Single Family Residence","11/04/2024","$399,950","$406,000","42","Resale (occupied at least once)","1890","None","1,740","0.03","3","2.1","Public Water","Sewer - Public","VA New","Individuals"
"501","2421694","7880-88-4006","CLOSD","10133 Cameron Ridge Drive, Hanover VA 23005","23005","Hanover","Single Family Residence","11/04/2024","$650,000","$650,000","13","Resale (occupied at least once)","2016","Woodside Estates","3,475","0.54","5","3.1","Public Water","Sewer - Public","Conventional","Individuals"
"501","2423192","E000-0001-054","CLOSD","1101 Haxall Point #UnitU501, Richmond City VA 23219","23219","Richmond City","Condominium","11/04/2024","$399,000","$399,000","4","Resale (occupied at least once)","2005","Riverside On The James","1,173","0.03","2","2.0","Public Water","Sewer - Public","Cash","Individuals"
"501","2422016","028B1-5-3","CLOSD","3036 Maple Lake Court, Powhatan VA 23139","23139","Powhatan","Single Family Residence","11/04/2024","$910,000","$920,000","33","Resale (occupied at least once)","2019","Maple Grove","2,847","2.32","3","3.1","Well","Septic - Conventional","Conventional","Individuals"
"501","2407301","748-764-6875","CLOSD","4364 Dominion Forest Circle, Henrico VA 23060","23060","Henrico","Townhouse","11/04/2024","$539,525","$555,650","40","New (never occupied)","2024","Innsbrook Dominion Residences","2,151","","3","3.2","Public Water","Sewer - Public","Conventional","Corporate"
"501","2421900","744-68-66-77-700-000","CLOSD","3111 Woodsong Drive, Chesterfield VA 23112","23112","Chesterfield","Single Family Residence","11/04/2024","$300,000","$309,000","4","Resale (occupied at least once)","1983","William Gwyn Estates","1,108","0.42","3","2.0","Public Water","Sewer - Public","FHA New","Individuals"
"501","2424767","780-745-6594","CLOSD","2207 Kent Street, Henrico VA 23228","23228","Henrico","Single Family Residence","11/04/2024","$275,000","$310,000","5","Resale (occupied at least once)","1937","Lakeside","830","0.21","2","1.0","Public Water","Sewer - Public","Conventional","Individuals"
"501","2425102","W019-0215-033","CLOSD","4614 Leonard Parkway, Richmond City VA 23226","23226","Richmond City","Single Family Residence","11/04/2024","$995,000","$980,000","16","Resale (occupied at least once)","1939","Colonial Place","3,242","0.19","5","4.1","Public Water","Sewer - Public","Cash","Individuals"
"501","2423706","784655286400000","CLOSD","5218 Ellingshire Drive #Unit48-4, Chesterfield VA 23831","23831","Chesterfield","Townhouse","11/04/2024","$372,440","$372,440","38","New (never occupied)","2024","Iron Mill Section 1","1,630","","3","2.1","Public Water","Sewer - Public","FHA New","Corporate"
"501","2425926","758-71-16-39-800-000","CLOSD","8309 Poplar Hollow Trail, Chesterfield VA 23235","23235","Chesterfield","Single Family Residence","11/04/2024","$875,000","$890,000","7","Resale (occupied at least once)","1986","Spring Grove","3,126","0.42","4","2.1","Public Water","Sewer - Public","Conventional","Individuals"
"501","2426053","759-760-6512","CLOSD","9112 Woodlake Drive, Henrico VA 23294","23294","Henrico","Single Family Residence","11/04/2024","$379,950","$380,000","5","Resale (occupied at least once)","1965","West End Manor","1,776","0.27","4","2.1","Public Water","Sewer - Public","FHA New","Individuals, Partnership"
"501","2425960","812-701-6240","CLOSD","100 New Harvest Drive, Henrico VA 23231","23231","Henrico","Townhouse","11/04/2024","$335,000","$334,000","5","Resale (occupied at least once)","2009","New Market Village","2,004","0.10","4","3.1","Public Water","Sewer - Public","Conventional","Individuals"
"501","2420676","20C  1    13","CLOSD","4201 New Kent Highway, New Kent VA 23141","23141","New Kent","Single Family Residence","11/04/2024","$300,000","$300,000","35","Resale (occupied at least once)","1974","Clintwood","1,404","1.65","3","2.0","Well","Septic - Conventional","Conventional","Individuals"
"501","2416579","823-64-96-97-700-000","CLOSD","1602 Irvenway Lane, Chesterfield VA 23836","23836","Chesterfield","Single Family Residence","11/04/2024","$279,900","$261,300","75","Resale (occupied at least once)","1978","Rivermont Hills","1,378","0.91","4","2.0","Public Water","Septic - Conventional","Conventional","Individuals"
"501","2426600","822-64-21-87-000-000","CLOSD","14940 Blue Rock Drive, Chesterfield VA 23836","23836","Chesterfield","Single Family Residence","11/04/2024","$325,000","$330,500","6","Resale (occupied at least once)","1995","Prestwould Farms","1,901","0.53","5","2.0","Public Water","Sewer - Public","Conventional","Individuals"
"501","2423502","799660104500000","CLOSD","2308 Coxendale Road, Chesterfield VA 23831","23831","Chesterfield","Single Family Residence","11/04/2024","$339,999","$340,000","27","Resale (occupied at least once)","1959","Normandale Terrace","1,507","","3","2.0","Public Water","Septic - Conventional","VA New","Corporate"
"501","2421786","E000-0764-015","CLOSD","1608 Spotsylvania Street, Richmond City VA 23223","23223","Richmond City","Single Family Residence","11/04/2024","$349,950","$330,000","29","Resale (occupied at least once)","2024","Mosby","1,648","0.14","3","2.0","Public Water","Sewer - Public","Conventional","Individuals"
"501","2423731","780-67-95-63-200-000","CLOSD","6705 Mason Run Drive, Chesterfield VA 23234","23234","Chesterfield","Single Family Residence","11/04/2024","$324,950","$315,000","11","Resale (occupied at least once)","1987","Mason Woods","1,544","0.26","4","2.0","Public Water","Sewer - Public","Conventional","Individuals"
"501","2422520","C004-0291-024","CLOSD","7513 Rockfalls Drive, Richmond City VA 23225","23225","Richmond City","Single Family Residence","11/04/2024","$495,000","$510,000","3","Resale (occupied at least once)","1966","Cherokee Farms","1,936","0.41","4","2.0","Public Water","Sewer - Public","Conventional","Individuals"
"501","2425173","S006-0394-008","CLOSD","914 West 49th Street, Richmond City VA 23225","23225","Richmond City","Single Family Residence","11/04/2024","$375,000","$378,000","24","Resale (occupied at least once)","1910","None","1,516","0.21","2","2.0","Public Water","Sewer - Public","Conventional","Individuals"
"501","2424954","792-65-92-71-300-000","CLOSD","3510 Wood Dale Road, Chesterfield VA 23831","23831","Chesterfield","Single Family Residence","11/04/2024","$439,500","$439,500","10","Resale (occupied at least once)","1978","Trueheart Heights","2,320","0.47","4","2.0","Public Water","Sewer - Public","Conventional","Individuals"
"501","2424309","N000-1821-023","CLOSD","1414 West Laburnum Avenue, Richmond City VA 23227","23227","Richmond City","Single Family Residence","11/04/2024","$529,900","$529,900","8","Resale (occupied at least once)","1923","Brookdale","1,584","0.15","3","2.1","Public Water","Sewer - Public","Conventional","Individuals"
"501","2422445","8709-12-8727","CLOSD","12246 Eagles Point Lane, Hanover VA 23005","23005","Hanover","Single Family Residence","11/04/2024","$870,000","$850,000","29","Resale (occupied at least once)","2000","Courthouse Ridge","5,236","10.10","5","4.1","Well","Septic - Conventional","Cash","Individuals"
"501","2422605","TBD","CLOSD","1032 Bowe Street #UnitB, Richmond City VA 23220","23220","Richmond City","Condominium","11/04/2024","$519,085","$516,000","10","New (never occupied)","2024","Carver Square","2,522","","3","2.1","Public Water","Sewer - Public","Conventional","Corporate"
"501","2427033","745-738-7559","CLOSD","9406 Belfort Road, Henrico VA 23229","23229","Henrico","Single Family Residence","11/04/2024","$425,000","$410,000","5","Resale (occupied at least once)","1960","Brandon","1,785","0.35","3","2.0","Public Water","Sewer - Public","Cash","Estate"
"501","2426732","802-62-90-78-200-000","CLOSD","2301 Swift Bluff Drive, Chesterfield VA 23834","23834","Chesterfield","Single Family Residence","11/04/2024","$145,000","$145,000","0","Resale (occupied at least once)","1984","Millside","924","0.19","2","1.0","Public Water","Sewer - Public","Cash","Individuals"
"501","2426340","740-753-0544","CLOSD","12504 Cambie Place, Henrico VA 23233","23233","Henrico","Single Family Residence","11/04/2024","$499,995","$508,500","4","Resale (occupied at least once)","1996","Sutton","2,022","0.22","4","2.1","Public Water","Sewer - Public","Cash","Individuals"
"501","2426037","8724-32-8596","CLOSD","7181 Cactus Road, Hanover VA 23111","23111","Hanover","Single Family Residence","11/04/2024","$395,000","$395,000","3","Resale (occupied at least once)","1984","Lereve Manor","2,000","0.42","4","2.1","Public Water","Community - Sewer/Septic","Conventional","Individuals"
"501","2426016","8706-08-8872","CLOSD","9447 Cool Spring Road, Hanover VA 23116","23116","Hanover","Single Family Residence","11/04/2024","$316,900","$333,250","8","Resale (occupied at least once)","1964","None","1,300","2.68","3","2.0","Well","Septic - Conventional","Conventional","Individuals"
"501","2425997","759-748-6444","CLOSD","7718 Durvin Drive, Henrico VA 23229","23229","Henrico","Single Family Residence","11/04/2024","$314,950","$314,950","4","Resale (occupied at least once)","1955","Cavalier Park","1,045","0.25","3","1.0","Public Water","Sewer - Public","Conventional","Individuals"
"501","2425557","43-17-0-A-0","CLOSD","2398 Sheppard Town Road, Goochland VA 23102","23102","Goochland","Single Family Residence","11/04/2024","$299,000","$310,000","4","Resale (occupied at least once)","1979","None","1,027","1.00","3","1.0","Well","Septic - Conventional","FHA New","Individuals"
"501","2425480","716-68-93-14-600-000","CLOSD","3900 Bellstone Drive, Chesterfield VA 23112","23112","Chesterfield","Single Family Residence","11/04/2024","$779,999","$755,000","2","Resale (occupied at least once)","2022","Rountrey","3,382","0.23","5","4.0","Public Water","Sewer - Public","Conventional","Individuals"
"501","2425363","784-65-54-52-000-000","CLOSD","11407 Dunmore Mill Court, Chesterfield VA 23831","23831","Chesterfield","Townhouse","11/04/2024","$392,500","$384,000","13","Resale (occupied at least once)","2023","Iron Mill Section 1","1,658","0.17","3","2.1","Public Water","Sewer - Public","VA New","Individuals"
"501","2424971","8714-83-0805","CLOSD","7172 Sydnor Lane, Hanover VA 23111","23111","Hanover","Single Family Residence","11/04/2024","$635,000","$650,000","4","Resale (occupied at least once)","2006","Oakley Hill","3,420","0.88","5","2.1","Public Water","Sewer - Public","FHA New","Individuals"
"501","2424948","C001-1266-062","CLOSD","9916 West Huguenot Road, Richmond City VA 23235","23235","Richmond City","Single Family Residence","11/04/2024","$499,950","$500,000","19","Resale (occupied at least once)","1969","Westchester","2,250","0.49","3","2.1","Public Water","Sewer - Public","Conventional","Corporate"
"501","2424846","C007-0320-022","CLOSD","5913 Worthington Road, Richmond City VA 23225","23225","Richmond City","Single Family Residence","11/04/2024","$359,950","$359,950","4","New (never occupied)","2024","Berkley Square","1,344","0.29","3","2.0","Public Water","Sewer - Public","FHA New","Individuals"
"501","2424644","753-70-87-68-200-000","CLOSD","401 Whitaker Drive, Chesterfield VA 23235","23235","Chesterfield","Single Family Residence","11/04/2024","$489,000","$525,000","10","Resale (occupied at least once)","1966","Brighton Green","2,832","0.49","5","3.0","Public Water","Sewer - Public","Conventional","Individuals"
"501","2424259","8724-67-8788","CLOSD","7797 Sweetbay Lane, Hanover VA 23111","23111","Hanover","Single Family Residence","11/04/2024","$380,000","$380,000","16","Resale (occupied at least once)","1999","Pebble Creek","1,682","0.29","3","2.1","Public Water","Sewer - Public","Conventional","Individuals"
"501","2422427","62-40-0-15-0","CLOSD","702 Taylors Hill Court, Goochland VA 23103","23103","Goochland","Single Family Residence","11/04/2024","$650,000","$600,000","26","Resale (occupied at least once)","2006","The Parke At Manakin Woods","2,980","0.23","3","2.1","Community Well","Sewer - Public","Cash","Individuals"
"501","2422129","026B2-1-23","CLOSD","3961 Old Buckingham Road, Powhatan VA 23139","23139","Powhatan","Single Family Residence","11/04/2024","$95,000","$137,000","13","Resale (occupied at least once)","1990","None","1,152","1.14","4","2.0","Well","Septic - Conventional, Other - See Remarks","Cash","REO"
"501","2420331","770-737-1487","CLOSD","1501 Libbie Avenue, Henrico VA 23226","23226","Henrico","Single Family Residence","11/04/2024","$775,000","$720,012","83","Resale (occupied at least once)","1934","Monument Place","2,665","0.26","4","3.1","Public Water","Sewer - Public","Cash","Individuals"
"501","2414853","786-66-03-82-400-000","CLOSD","4524 Amalthea Lane, Chesterfield VA 23831","23831","Chesterfield","Single Family Residence","11/04/2024","$419,950","$415,000","93","Resale (occupied at least once)","2018","Centralia Station","2,113","0.43","3","2.1","Public Water","Sewer - Public","FHA New","Individuals"
"501","2413038","729706080300000","CLOSD","13752 Village View Drive, Chesterfield VA 23114","23114","Chesterfield","Townhouse","11/04/2024","$442,950","$451,878","0","New (never occupied)","2024","Randolph Pond","2,122","","4","3.1","Public Water","Sewer - Public","Conventional","Corporate"
"501","2410726","747-770-7267","CLOSD","10504 Swanee Mill Trace, Henrico VA 23059","23059","Henrico","Townhouse","11/04/2024","$515,000","$465,000","86","Resale (occupied at least once)","2020","Bedford Falls At Hickory Grove","2,167","0.05","3","3.1","Public Water","Sewer - Public","Conventional","Individuals"
"501","2410221","777-760-1543","CLOSD","1820 Palmer Drive, Henrico VA 23228","23228","Henrico","Single Family Residence","11/04/2024","$150,000","$167,500","8","Resale (occupied at least once)","1970","North Run Terrace","1,773","0.29","3","2.0","Public Water","Sewer - Public","Cash","Individuals"
"501","2408706","779-771-9176","CLOSD","10841 Farmstead Mill Lane, Henrico VA 23059","23059","Henrico","Townhouse","11/04/2024","$497,025","$487,025","0","New (never occupied)","2024","River Mill","2,531","","4","3.1","Public Water","Sewer - Public","FHA New","Corporate"
"501","2402611","8705-66-3523","CLOSD","8019 Caler Way, Hanover VA 23116","23116","Hanover","Single Family Residence","11/04/2024","$696,300","$732,227","0","New (never occupied)","2024","Shady Grove Park","3,154","0.46","4","2.1","Public Water","Septic - Engineered","Conventional","Corporate"
"501","2318809","64-32-0-8-0","CLOSD","181 Blair Estates Court, Goochland VA 23238","23238","Goochland","Single Family Residence","11/04/2024","$1,500,448","$2,251,907","0","New (never occupied)","2023","Blair Estates","5,620","","4","3.1","Public Water","Sewer - Public","Conventional","Corporate"
"501","2404078","TBD","CLOSD","9995 Honeybee Drive, Hanover VA 23116","23116","Hanover","Single Family Residence","11/05/2024","$749,990","$740,000","199","New (never occupied)","2024","Honey Meadows","3,614","0.20","5","4.0","Public Water","Sewer - Public","Conventional","Corporate, Partnership"
"501","2423383","E000-0881-022","CLOSD","719 North 33rd Street, Richmond City VA 23223","23223","Richmond City","Single Family Residence","11/05/2024","$599,950","$590,000","24","Resale (occupied at least once)","1920","None","2,461","0.08","3","2.1","Public Water","Sewer - Public","Conventional","Individuals"
"501","2424222","58-44-0-8-0","CLOSD","1419 Grand Drive, Goochland VA 23103","23103","Goochland","Single Family Residence","11/05/2024","$1,519,000","$1,480,000","13","Resale (occupied at least once)","2017","None","4,931","2.19","4","4.1","Well","Septic - Conventional","Conventional","Individuals"
"501","2419912","725-65-77-59-300-000","CLOSD","14706 Collington Turn, Chesterfield VA 23112","23112","Chesterfield","Single Family Residence","11/05/2024","$465,000","$465,000","34","Resale (occupied at least once)","2004","Collington","2,221","0.28","4","2.1","Public Water","Sewer - Public","Conventional","Corporate"
"501","2418072","822-689-4420","CLOSD","7808 Black Duck Court, Henrico VA 23231","23231","Henrico","Single Family Residence","11/05/2024","$414,950","$410,000","64","Resale (occupied at least once)","2001","Four Mile Run","2,467","0.36","5","2.1","Public Water","Sewer - Public","FHA New","Individuals"
"501","2425474","794-742-2806","CLOSD","631 Grayson Avenue, Henrico VA 23222","23222","Henrico","Single Family Residence","11/05/2024","$449,000","$450,000","7","Resale (occupied at least once)","1935","Acreage","2,693","0.69","4","2.1","Public Water","Sewer - Public","Conventional","Individuals"
"501","2425441","029-37A","CLOSD","2555 Judes Ferry Road, Powhatan VA 23139","23139","Powhatan","Single Family Residence","11/05/2024","$425,000","$437,000","3","Resale (occupied at least once)","1978","None","1,902","2.50","4","2.1","Well","Septic - Conventional","Conventional","Other"
"501","2408699","779-771-8473","CLOSD","10847 Farmstead Mill Lane, Henrico VA 23059","23059","Henrico","Townhouse","11/05/2024","$474,000","$483,545","0","New (never occupied)","2024","River Mill","2,452","","4","3.1","Public Water","Sewer - Public","FHA New","Corporate"
"501","2421482","745-71-53-62-600-000","CLOSD","2107 Jarman Lane, Chesterfield VA 23235","23235","Chesterfield","Single Family Residence","11/05/2024","$450,000","$450,000","3","Resale (occupied at least once)","1969","Greenfield","2,516","0.25","5","3.1","Public Water","Sewer - Public","Conventional","Estate"
"501","2417738","748-70-79-76-300-000","CLOSD","701 Montour Drive, Chesterfield VA 23236","23236","Chesterfield","Single Family Residence","11/05/2024","$404,000","$400,000","71","Resale (occupied at least once)","1975","Pocono","2,576","0.51","4","2.1","Public Water","Sewer - Public","Conventional","Individuals"
"501","2423795","710-66-15-18-400-000","CLOSD","16807 Chalet Court, Chesterfield VA 23832","23832","Chesterfield","Single Family Residence","11/05/2024","$599,000","$599,000","20","Resale (occupied at least once)","2021","Harpers Mill","3,009","0.33","5","4.0","Public Water","Sewer - Public","Conventional","Individuals"
"501","2421148","776-67-02-20-800-000","CLOSD","8601 Rainwater Road, Chesterfield VA 23237","23237","Chesterfield","Single Family Residence","11/05/2024","$255,000","$255,000","35","Resale (occupied at least once)","1983","Huntingcreek Hills","960","0.18","3","1.0","Public Water","Sewer - Public","Conventional","Individuals"
"501","2421640","719-68-66-95-500-000","CLOSD","14755 Waters Shore Drive, Chesterfield VA 23112","23112","Chesterfield","Single Family Residence","11/05/2024","$499,000","$499,000","32","Resale (occupied at least once)","2004","Edgewater At The Reservoir","2,610","0.18","4","2.1","Public Water","Community - Sewer/Septic, Sewer - Public","Conventional","Individuals"
"501","2424729","N000-0064-035","CLOSD","615 North 1st Street, Richmond City VA 23219","23219","Richmond City","Single Family Residence","11/05/2024","$425,000","$417,000","8","Resale (occupied at least once)","1900","None","1,440","0.05","3","1.1","Public Water","Sewer - Public","Conventional","Individuals"
"501","2423448","784-68-45-17-800-000","CLOSD","3626 Meadowdale Boulevard, Chesterfield VA 23234","23234","Chesterfield","Townhouse","11/05/2024","$189,950","$190,000","26","Resale (occupied at least once)","1973","Meadowdale Th Pk","1,026","0.04","3","1.1","Public Water","Sewer - Public","FHA New","Individuals"
"501","2424144","710-66-60-16-500-000","CLOSD","7745 Hampton Green Drive, Chesterfield VA 23832","23832","Chesterfield","Single Family Residence","11/05/2024","$539,900","$544,900","7","Resale (occupied at least once)","2004","Hampton Park","3,015","0.21","5","3.1","Public Water","Sewer - Public","VA New","Individuals"
"501","2425390","7797-45-9553","CLOSD","10275 Penningcroft Lane, Hanover VA 23116","23116","Hanover","Single Family Residence","11/05/2024","$499,000","$518,100","3","Resale (occupied at least once)","1992","Kings Charter","2,675","0.30","4","2.1","Public Water","Sewer - Public","Conventional","Individuals"
"501","2427431","8714-31-4056","CLOSD","7053 Senn Way, Hanover VA 23111","23111","Hanover","Single Family Residence","11/05/2024","$100,000","$150,000","6","Resale (occupied at least once)","1982","Beaverdam Park The Vlgs Of","1,296","0.11","4","1.1","Public Water","Sewer - Public","Cash","Individuals"
"501","2427232","781-743-4753","CLOSD","2200 Kenmore Road, Henrico VA 23228","23228","Henrico","Single Family Residence","11/05/2024","$350,000","$327,000","6","Resale (occupied at least once)","1949","Bryan Parkway","1,600","0.19","3","2.1","Public Water","Sewer - Public","Cash","Individuals"
"501","2426525","19G12A 6  21","CLOSD","2429 Prince Andrew Court #Unit21, New Kent VA 23141","23141","New Kent","Condominium","11/05/2024","$300,000","$312,000","6","Resale (occupied at least once)","2010","Cumberland","1,709","0.26","3","2.1","Public Water","Sewer - Public","Cash","Individuals"
"501","2425885","703-67-47-70-600-000","CLOSD","18267 Twin Falls Lane, Chesterfield VA 23120","23120","Chesterfield","Single Family Residence","11/05/2024","$539,000","$539,000","4","Resale (occupied at least once)","2020","Magnolia Green","2,429","0.18","3","2.1","Public Water","Sewer - Public","Conventional","Individuals"
"501","2425766","831-693-0290","CLOSD","7400 Turner Road, Henrico VA 23231","23231","Henrico","Single Family Residence","11/05/2024","$419,950","$419,950","8","Resale (occupied at least once)","1981","Wicker Woods","2,112","1.84","4","2.1","Well","Septic - Conventional","Conventional","Individuals"
"501","2425500","754-749-3689","CLOSD","2004 Dresden Road, Henrico VA 23229","23229","Henrico","Single Family Residence","11/05/2024","$419,000","$435,000","4","Resale (occupied at least once)","1960","Wedgewood Park","2,607","0.25","4","3.1","Public Water","Sewer - Public","Conventional","Estate"
"501","2425348","C005-0227-015","CLOSD","1962 Lansing Avenue, Richmond City VA 23225","23225","Richmond City","Single Family Residence","11/05/2024","$399,950","$455,000","6","Resale (occupied at least once)","1870","Forest Hill Farms","1,631","0.45","3","2.1","Public Water","Sewer - Public","Conventional","Corporate"
"501","2425346","E000-0001-091","CLOSD","1101 Haxall Point #UnitU710, Richmond City VA 23219","23219","Richmond City","Condominium","11/05/2024","$299,000","$282,500","18","Resale (occupied at least once)","2005","Riverside On The James","773","0.02","1","1.0","Public Water","Sewer - Public","Conventional","Individuals"
"501","2425100","8706-05-0945","CLOSD","9316 Cool Spring Road, Hanover VA 23116","23116","Hanover","Single Family Residence","11/05/2024","$329,950","$360,000","6","Resale (occupied at least once)","1943","None","1,764","0.69","3","2.0","Well","Septic - Conventional","FHA New","Other"
"501","2424931","737-70-14-60-200-000","CLOSD","12020 Smoketree Drive, Chesterfield VA 23236","23236","Chesterfield","Single Family Residence","11/05/2024","$515,000","$505,000","8","Resale (occupied at least once)","1983","Smoketree","2,692","0.65","5","3.1","Public Water","Sewer - Public","Conventional","Individuals"
"501","2424594","757-71-92-27-300-000","CLOSD","2719 Wyndham Drive, Chesterfield VA 23235","23235","Chesterfield","Single Family Residence","11/05/2024","$369,990","$385,000","3","Resale (occupied at least once)","1957","Southampton Acres","1,436","0.35","3","2.0","Public Water","Sewer - Public","Conventional","Individuals"
"501","2424255","43-39-0-2-0","CLOSD","2333 Lanes End Place, Goochland VA 23102","23102","Goochland","Single Family Residence","11/05/2024","$849,500","$850,000","3","Resale (occupied at least once)","2018","Lanes End","3,039","2.00","4","3.0","Well","Septic - Conventional","Conventional","Individuals"
"501","2424038","805-64-04-02-400-000","CLOSD","15225 Fairen Lane, Chesterfield VA 23834","23834","Chesterfield","Single Family Residence","11/05/2024","$405,000","$403,000","3","Resale (occupied at least once)","2011","Southcreek","2,688","0.41","3","2.1","Public Water","Sewer - Public","FHA New","Individuals"
"501","2423759","737-750-7973","CLOSD","2222 Perennial Circle, Henrico VA 23233","23233","Henrico","Townhouse","11/05/2024","$499,950","$499,950","4","Resale (occupied at least once)","2018","Ridgefield Green","2,146","0.07","3","3.1","Public Water","Sewer - Public","Conventional","Individuals"
"501","2423167","W000-0298-022","CLOSD","612 Franklin Street #UnitU1C, Richmond City VA 23220","23220","Richmond City","Condominium","11/05/2024","$700,000","$650,000","21","Resale (occupied at least once)","1927","Prestwould Condominiums","3,380","","4","4.0","Public Water","Sewer - Public","Cash","Individuals"
"501","2422877","732-70-30-90-000-000","CLOSD","625 Glenpark Lane, Chesterfield VA 23114","23114","Chesterfield","Single Family Residence","11/05/2024","$469,950","$475,000","2","Resale (occupied at least once)","1986","Walton Park","2,266","0.24","4","2.1","Public Water","Sewer - Public","Conventional","Individuals"
"501","2422573","730-72-00-85-800-000","CLOSD","2910 Drakewood Terrace, Chesterfield VA 23113","23113","Chesterfield","Single Family Residence","11/05/2024","$695,000","$645,000","23","Resale (occupied at least once)","1986","Powderham","2,876","0.92","5","3.0","Public Water","Sewer - Public","Conventional","Individuals"
"501","2422541","W020-0060-017","CLOSD","1011 Granite Avenue, Richmond City VA 23226","23226","Richmond City","Single Family Residence","11/05/2024","$300,000","$420,000","7","Resale (occupied at least once)","1946","Monument Avenue Crest","1,392","0.17","3","1.0","Public Water","Sewer - Public","Cash","Individuals"
"501","2421955","W000-0906-033","CLOSD","307 North Rowland Street, Richmond City VA 23220","23220","Richmond City","Single Family Residence","11/05/2024","$1,125,000","$1,100,000","12","Resale (occupied at least once)","1904","None","2,489","0.06","3","2.1","Public Water","Sewer - Public","Conventional","Individuals"
"501","2421792","742-71-77-33-800-000","CLOSD","2360 Castlestone Road, Chesterfield VA 23113","23113","Chesterfield","Single Family Residence","11/05/2024","$630,000","$650,000","6","Resale (occupied at least once)","1985","Queenspark","2,640","0.74","4","3.0","Public Water","Sewer - Public","Conventional","Individuals"
"501","2420759","W000-0907-018","CLOSD","402 North Meadow Street, Richmond City VA 23220","23220","Richmond City","Single Family Residence","11/05/2024","$699,950","$699,950","16","Resale (occupied at least once)","1908","None","2,076","0.03","3","3.0","Public Water","Sewer - Public","Conventional","Individuals"
"501","2419530","737-780-7908","CLOSD","5921 Maybrook Drive, Henrico VA 23059","23059","Henrico","Single Family Residence","11/05/2024","$550,000","$537,000","38","Resale (occupied at least once)","1994","Maybrook At Wyndham","2,215","0.18","4","2.1","Public Water","Sewer - Public","Conventional","Individuals"
"501","2418637","737-768-6525","CLOSD","12234 Kain Road, Henrico VA 23059","23059","Henrico","Single Family Residence","11/05/2024","$1,150,000","$1,025,000","61","Resale (occupied at least once)","2004","None","4,163","1.17","4","3.1","Well","Septic - Conventional","Conventional","Individuals"
"501","2418412","7870-40-0999","CLOSD","126 Beverly Road, Hanover VA 23005","23005","Hanover","Single Family Residence","11/05/2024","$465,000","$452,500","43","Resale (occupied at least once)","1954","Loving Heights","1,588","0.45","3","3.0","Public Water","Septic - Conventional","Conventional","Individuals"
"501","2416573","W000-0786-006","CLOSD","1511 Greenville Avenue, Richmond City VA 23220","23220","Richmond City","Single Family Residence","11/05/2024","$377,000","$350,000","83","Resale (occupied at least once)","1948","Maymont Terrace","1,488","0.15","2","1.0","Public Water","Sewer - Public","Conventional","Other"
"501","2414792","N000-0329-025","CLOSD","1812 Rose Avenue, Richmond City VA 23222","23222","Richmond City","Single Family Residence","11/05/2024","$399,900","$399,900","79","New (never occupied)","2023","Barton Heights","1,980","0.12","3","2.1","Public Water","Sewer - Public","Conventional","Corporate, Individuals"
"501","2407546","73667888670000","CLOSD","3718 Irby Pond Drive, Chesterfield VA 23112","23112","Chesterfield","Townhouse","11/05/2024","$413,130","$413,130","59","New (never occupied)","2024","Wescott","1,852","","3","2.1","Public Water","Sewer - Public","Conventional","Corporate"
"501","2400666","706-68-51-23-500-000","CLOSD","17600 Tuscany Road, Chesterfield VA 23120","23120","Chesterfield","Single Family Residence","11/05/2024","$909,000","$912,400","245","New (never occupied)","2024","Summer Lake","3,743","","4","3.1","Public Water","Sewer - Public","Conventional","Corporate"
"501","BRTVAHN2000630","822-689-4420","CLOSD","7808 Black Duck Court, Henrico VA 23231","23231","Henrico","Single Family Residence","11/05/2024","$414,950","$410,000","39","Resale (occupied at least once)","2001","FOUR MILE RUN","2,467","0.36","5","3.0","Public Water","Public Sewer On Site","",""
"501","BRTVACF2000870","714661853800000","CLOSD","15600 Blooming Road, Chesterfield VA 23832","23832","Chesterfield","Single Family Residence","11/06/2024","$595,000","$595,000","16","Resale (occupied at least once)","2021","NONE AVAILABLE","0","0.16","3","4.0","Public Water","Public Sewer On Site","",""
"501","2424658","C005-0341-139","CLOSD","5613 Kildare Drive, Richmond City VA 23225","23225","Richmond City","Single Family Residence","11/06/2024","$395,000","$395,000","13","Resale (occupied at least once)","1750","Westower Ridge","2,113","0.57","3","2.0","Public Water","Sewer - Public","Conventional","Individuals"
"501","2420466","777-65-70-65-000-000","CLOSD","11100 Arbor Green Drive, Chesterfield VA 23831","23831","Chesterfield","Single Family Residence","11/06/2024","$389,900","$389,900","54","Resale (occupied at least once)","1988","Arbor Landing","2,309","0.49","4","2.1","Public Water","Sewer - Public","VA New","Individuals"
"501","2413958","6534","CLOSD","3928 New Kent Highway, New Kent VA 23141","23141","New Kent","Single Family Residence","11/06/2024","$609,990","$600,000","138","New (never occupied)","2024","None","2,691","","3","2.1","Well","Septic - Conventional","Other","Corporate"
"501","2422526","722-71-24-71-100-000","CLOSD","413 Michaux Creek Place, Chesterfield VA 23113","23113","Chesterfield","Single Family Residence","11/06/2024","$475,000","$495,000","32","Resale (occupied at least once)","1996","Michaux Creek","2,348","0.42","3","2.1","Public Water","Sewer - Public","Conventional","Individuals"
"501","2422522","788-752-4571","CLOSD","5906 Brookside Boulevard, Henrico VA 23227","23227","Henrico","Single Family Residence","11/06/2024","$315,000","$285,000","51","Resale (occupied at least once)","1957","Chamberlayne Farms","2,690","0.70","4","3.1","Public Water","Sewer - Public","Other","Estate"
"501","2409901","TBD","CLOSD","4927 Maben Hill Lane, Henrico VA 23059","23059","Henrico","Single Family Residence","11/06/2024","$851,885","$851,885","0","New (never occupied)","2024","Preserve at Turner Farm","3,505","","4","5.0","Public Water","Sewer - Public","Conventional","Corporate"
"501","2423804","747-70-04-55-500-000","CLOSD","523 Pullbrooke Drive, Chesterfield VA 23236","23236","Chesterfield","Single Family Residence","11/06/2024","$260,000","$272,000","15","Resale (occupied at least once)","1981","Briarcliff Section 5","912","0.44","3","1.0","Public Water","Sewer - Public","Conventional","Other"
"501","2421487","785-65-77-57-600-000","CLOSD","5012 Empire Parkway, Chesterfield VA 23831","23831","Chesterfield","Single Family Residence","11/06/2024","$379,000","$379,000","32","Resale (occupied at least once)","1973","Chesterbrook Farms","2,002","0.59","3","2.1","Public Water","Septic - Conventional","FHA New","Individuals"
"501","2424298","763-757-1670","CLOSD","7811 Camolin Court, Henrico VA 23228","23228","Henrico","Townhouse","11/06/2024","$280,000","$280,000","20","Resale (occupied at least once)","1989","Summer Hill","1,200","0.04","2","2.1","Public Water","Sewer - Public","Conventional","Individuals"
"501","2423930","759-68-81-96-400-000","CLOSD","3931 Lyndale Terrace, Chesterfield VA 23235","23235","Chesterfield","Single Family Residence","11/06/2024","$375,000","$375,000","17","Resale (occupied at least once)","1968","Bedford","2,208","0.45","4","2.1","Public Water","Sewer - Public","Conventional","Individuals"
"501","2423314","796-67-03-65-100-000","CLOSD","2024 Arvin Drive, Chesterfield VA 23237","23237","Chesterfield","Single Family Residence","11/06/2024","$189,500","$189,500","4","Resale (occupied at least once)","1940","Bellwood Manor","704","0.35","2","1.0","Public Water","Sewer - Public","Conventional","Individuals"
"501","2422323","768-762-4560","CLOSD","9906 Heritage Lane, Henrico VA 23060","23060","Henrico","Single Family Residence","11/06/2024","$527,700","$521,000","37","Resale (occupied at least once)","1989","Tall Timbers","2,467","0.29","4","2.1","Public Water","Sewer - Public","Cash","Individuals"
"501","2424753","21-4-0-9-0","CLOSD","2550 Old Dam Road, Goochland VA 23063","23063","Goochland","Single Family Residence","11/06/2024","$425,000","$425,000","7","Resale (occupied at least once)","2019","None","2,079","7.80","4","3.0","Well","Septic - Conventional","FHA New","Individuals"
"501","2426157","7822-67-0259","CLOSD","15446 Robert Terrell Road, Hanover VA 23192","23192","Hanover","Single Family Residence","11/06/2024","$325,000","$325,000","4","Resale (occupied at least once)","1970","None","1,140","1.10","3","2.0","Well","Septic - Conventional","Conventional","Corporate"
"501","2425159","764-762-3359","CLOSD","4109 Coles Point Way, Henrico VA 23060","23060","Henrico","Single Family Residence","11/06/2024","$542,900","$540,000","5","Resale (occupied at least once)","2006","The Cottages At Crossridge","2,566","0.17","4","3.0","Public Water","Sewer - Public","Cash","Individuals"
"501","2427487","735-761-8971","CLOSD","12032 Foxfield Circle, Henrico VA 23233","23233","Henrico","Townhouse","11/06/2024","$370,000","$370,000","0","Resale (occupied at least once)","1991","Foxfield At Wellesley","1,800","0.09","3","2.1","Public Water","Sewer - Public","Cash","Individuals"
"501","2426800","S000-2488020","CLOSD","1817 Woodbine Road, Richmond City VA 23225","23225","Richmond City","Single Family Residence","11/06/2024","$425,000","$450,000","5","Resale (occupied at least once)","1945","Westover Hills","1,248","","3","1.0","Public Water","Sewer - Public","Conventional","Individuals"
"501","2426701","749-743-7486","CLOSD","9205 Mapleway Road, Henrico VA 23229","23229","Henrico","Single Family Residence","11/06/2024","$399,950","$399,950","7","Resale (occupied at least once)","1958","Farmington","2,228","0.33","5","2.0","Public Water","Sewer - Public","Conventional","Corporate"
"501","2425985","C001-0403-008","CLOSD","10124 Keuka Road, Richmond City VA 23235","23235","Richmond City","Single Family Residence","11/06/2024","$849,950","$975,000","5","Resale (occupied at least once)","1957","Huguenot Farms","3,201","0.66","4","3.0","Well","Sewer - Public","Cash","Individuals"
"501","2425693","728-66-36-84-500-000","CLOSD","14001 Salten Court, Chesterfield VA 23112","23112","Chesterfield","Single Family Residence","11/06/2024","$369,000","$375,000","19","Resale (occupied at least once)","1996","Fawn Creek","1,634","0.27","3","2.1","Public Water","Sewer - Public","Conventional","Individuals"
"501","2425116","781-773-3524","CLOSD","10840 Macs Way, Henrico VA 23059","23059","Henrico","Single Family Residence","11/06/2024","$575,000","$575,000","4","Resale (occupied at least once)","2020","River Mill","2,121","0.17","3","2.1","Public Water","Sewer - Public","Conventional","Individuals"
"501","2425023","739-752-8317","CLOSD","12457 Burnside Lane, Henrico VA 23233","23233","Henrico","Single Family Residence","11/06/2024","$499,500","$472,500","15","Resale (occupied at least once)","1994","Steveston","1,846","0.22","3","2.0","Public Water","Sewer - Public","Cash","Individuals"
"501","2425014","S000-3052-018","CLOSD","4014 Dunston Avenue, Richmond City VA 23225","23225","Richmond City","Single Family Residence","11/06/2024","$485,000","$534,500","5","Resale (occupied at least once)","1938","Forest Hill Terrace","1,580","0.31","3","2.0","Public Water","Sewer - Public","VA New","Individuals"
"501","2424748","752-70-37-01-000-000","CLOSD","9201 Redbridge Road, Chesterfield VA 23236","23236","Chesterfield","Single Family Residence","11/06/2024","$415,000","$410,000","12","Resale (occupied at least once)","1974","Scottingham","2,230","0.48","4","2.1","Public Water","Sewer - Public","Conventional","Individuals"
"501","2424432","783-65-38-89-400-000","CLOSD","11819 Ellerbee Mill Avenue, Chesterfield VA 23831","23831","Chesterfield","Single Family Residence","11/06/2024","$425,000","$425,000","19","Resale (occupied at least once)","2021","The Villas at Iron Mill","1,613","0.14","3","2.0","Public Water","Sewer - Public","Conventional","Individuals"
"501","2424431","815-64-64-47-700-000","CLOSD","14013 Rockhaven Drive, Chesterfield VA 23836","23836","Chesterfield","Single Family Residence","11/06/2024","$395,000","$415,000","4","Resale (occupied at least once)","1998","Rockhaven","2,075","0.36","4","2.1","Public Water","Sewer - Public","VA New","Individuals"
"501","2424131","813-716-6571","CLOSD","4600 Mizar Road, Henrico VA 23231","23231","Henrico","Single Family Residence","11/06/2024","$219,900","$205,000","15","Resale (occupied at least once)","1962","Lawndale Farms","1,920","0.41","4","1.1","Public Water","Sewer - Public","Private","Individuals"
"501","2423815","737-778-6699","CLOSD","5724 Shady Mill Way, Henrico VA 23059","23059","Henrico","Single Family Residence","11/06/2024","$575,000","$617,000","11","Resale (occupied at least once)","1998","Shady Mill Millstone","2,228","0.30","4","2.1","Public Water","Sewer - Public","Conventional","Individuals"
"501","2423416","759-63-00-44-700-000","CLOSD","15012 Rowlett Road, Chesterfield VA 23838","23838","Chesterfield","Single Family Residence","11/06/2024","$305,000","$305,000","20","Resale (occupied at least once)","1972","None","1,224","1.40","3","1.0","Well","Septic - Conventional","Conventional","Individuals"
"501","2423201","714-66-18-53-800-000","CLOSD","15600 Blooming Road, Chesterfield VA 23832","23832","Chesterfield","Single Family Residence","11/06/2024","$595,000","$595,000","3","Resale (occupied at least once)","2021","Harpers Mill","2,067","0.16","3","3.1","Public Water","Sewer - Public","VA New","Individuals"
"501","2423049","784-748-5758","CLOSD","1409 Kerr Drive, Henrico VA 23227","23227","Henrico","Townhouse","11/06/2024","$405,000","$410,000","11","Resale (occupied at least once)","2020","Lakeside Landing","2,200","0.08","3","3.1","Public Water","Sewer - Public","Conventional","Individuals"
"501","2422596","797-713-7915.110","CLOSD","251 Rocketts Way #Unit110, Henrico VA 23231","23231","Henrico","Condominium","11/06/2024","$319,900","$319,900","30","Resale (occupied at least once)","2007","Village Of Rocketts Landing","1,092","0.03","1","1.1","Public Water","Sewer - Public","Cash","Individuals"
"501","2421737","711-66-66-36-100-000","CLOSD","8111 Hampton Meadows Circle, Chesterfield VA 23832","23832","Chesterfield","Single Family Residence","11/06/2024","$775,000","$780,000","37","Resale (occupied at least once)","2001","Hampton Park","6,350","0.32","6","5.1","Public Water","Sewer - Public","VA New","Individuals"
"501","2420954","765-70-25-52-700-000","CLOSD","7119 Nesbitt Drive, Chesterfield VA 23225","23225","Chesterfield","Single Family Residence","11/06/2024","$239,995","$222,000","45","Resale (occupied at least once)","1983","Carriage Pines","932","0.18","2","1.0","Public Water","Sewer - Public","Cash","Individuals"
"501","2420847","7778-60-2430","CLOSD","11022 Old Washington Highway, Hanover VA 23059","23059","Hanover","Single Family Residence","11/06/2024","$1,500,000","$1,390,000","36","Resale (occupied at least once)","2012","None","3,566","17.39","4","3.1","Well","Septic - Conventional","Other","Individuals"
"501","2417530","see agent notes","CLOSD","1650 Ragland Road, Goochland VA 23063","23063","Goochland","Single Family Residence","11/06/2024","$549,900","$549,900","85","Resale (occupied at least once)","1993","None","2,496","26.00","4","3.1","Well","Septic - Conventional","Cash","Individuals"
"501","2408848","C004-0544-056","CLOSD","2956 Hathaway Road #Unit508, Richmond City VA 23225","23225","Richmond City","Condominium","11/06/2024","$300,000","$290,000","180","Resale (occupied at least once)","1971","Hathaway Tower Condominiums","1,480","","2","2.0","Public Water","Sewer - Public","Cash","Individuals"
"501","2404816","7376799541","CLOSD","3927 Maze Runner Drive, Chesterfield VA 23112","23112","Chesterfield","Condominium","11/06/2024","$261,840","$261,840","29","New (never occupied)","2024","Wescott","1,116","","1","1.1","Public Water","Sewer - Public","Conventional","Corporate"
"501","2325753","751-687-445-300-000","CLOSD","4153 Ambergrove Avenue, Chesterfield VA 23236","23236","Chesterfield","Townhouse","11/06/2024","$507,135","$534,470","257","New (never occupied)","2024","Amberleigh","1,673","0.10","2","2.0","Public Water","Sewer - Public","Conventional","Corporate"
"501","BRTVACF2000874","758688863700000","CLOSD","3931 Lyndale Terrace, Chesterfield VA 23224","23224","Chesterfield","Single Family Residence","11/06/2024","$375,000","$375,000","16","Resale (occupied at least once)","1968","NONE AVAILABLE","0","0.45","4","3.0","Public Water","Public Sewer On Site","",""
"501","BRTVANK2000064","NO TAX RECORD","CLOSD","3928 New Kent Highway, New Kent VA 23141","23141","New Kent","Single Family Residence","11/06/2024","$609,990","$600,000","88","New (never occupied)","2024","NONE","2,691","2.95","3","3.0","Well","Septic","",""
"501","2420053","33B7 7 3 15","CLOSD","10804 White Dogwood Drive, New Kent VA 23140","23140","New Kent","Single Family Residence","11/07/2024","$339,000","$335,000","80","Resale (occupied at least once)","2010","Oakmont Villas","1,680","0.15","3","2.1","Public Water","Sewer - Public","FHA New","Individuals"
"501","2420917","S000-0412-039","CLOSD","71 West Pilkington Street, Richmond City VA 23225","23225","Richmond City","Single Family Residence","11/07/2024","$375,000","$365,000","30","Resale (occupied at least once)","2013","Atkinsons Plan","1,748","0.07","4","2.1","Public Water","Sewer - Public","Conventional","Other"
"501","2423848","742-751-8776","CLOSD","10311 Meadbrook Place, Henrico VA 23238","23238","Henrico","Single Family Residence","11/07/2024","$515,000","$500,000","16","Resale (occupied at least once)","1992","Raintree North","2,409","0.36","4","3.0","Public Water","Sewer - Public","Cash","Individuals"
"501","2405019","7717-82-8825","CLOSD","2251 Osbourne Hill Drive, Goochland VA 23146","23146","Goochland","Single Family Residence","11/07/2024","$758,950","$840,720","0","New (never occupied)","2024","Tuckahoe Bridge","3,677","","4","4.0","Public Water","Sewer - Public","Conventional","Corporate"
"501","2418705","728-68-46-95-500-000","CLOSD","3704 Muirfield Green Court, Chesterfield VA 23112","23112","Chesterfield","Single Family Residence","11/07/2024","$469,950","$460,000","82","Resale (occupied at least once)","1983","Muirfield Green","2,440","0.24","4","2.1","Public Water","Sewer - Public","Conventional","Individuals"
"501","2424315","809-734-8202","CLOSD","3801 Morton Drive, Henrico VA 23223","23223","Henrico","Single Family Residence","11/07/2024","$445,000","$443,000","21","Resale (occupied at least once)","2004","Clarendon Woods","3,074","0.25","4","2.1","Public Water","Sewer - Public","Conventional","Individuals"
"501","2421963","734-69-32-60-300-000","CLOSD","1808 Edmiston Way, Chesterfield VA 23114","23114","Chesterfield","Single Family Residence","11/07/2024","$329,000","$340,000","25","Resale (occupied at least once)","1990","Saint George","1,548","0.40","4","2.0","Public Water","Sewer - Public","Conventional","Individuals"
"501","2400746","7870-46-2935","CLOSD","716 Chapman Street, Hanover VA 23005","23005","Hanover","Single Family Residence","11/07/2024","$574,900","$574,900","264","New (never occupied)","2024","Lauradell","2,589","0.24","3","2.1","Public Water","Sewer - Public","VHDA/FHA","Corporate"
"501","2425904","740-69-01-50-800-000","CLOSD","2631 Iverson Road, Chesterfield VA 23112","23112","Chesterfield","Single Family Residence","11/07/2024","$299,000","$290,000","9","Resale (occupied at least once)","1987","None","1,246","0.24","3","2.0","Public Water","Sewer - Public","Conventional","Individuals"
"501","2425695","030-6-7","CLOSD","1960 Teal Lane, Powhatan VA 23139","23139","Powhatan","Single Family Residence","11/07/2024","$599,900","$600,000","9","Resale (occupied at least once)","2007","Timber Mill","2,846","2.00","4","3.1","Well","Septic - Conventional","Conventional","Individuals"
"501","2423373","766-69-39-06-400-000","CLOSD","6711 Caribbean Lane, Chesterfield VA 23832","23832","Chesterfield","Single Family Residence","11/07/2024","$309,950","$295,900","35","Resale (occupied at least once)","1962","North Lake Hills","1,701","0.37","3","2.0","Public Water","Septic - Conventional","Conventional","Individuals"
"501","2424639","792-66-20-70-100-000","CLOSD","11007 Belvoir Road, Chesterfield VA 23831","23831","Chesterfield","Single Family Residence","11/07/2024","$310,000","$310,000","20","Resale (occupied at least once)","1985","Carrisbrook At Mineola","1,512","0.29","3","2.0","Public Water","Sewer - Public","VA New","Individuals"
"501","2424762","C003-0095-056","CLOSD","2776 Stratford Road, Richmond City VA 23225","23225","Richmond City","Single Family Residence","11/07/2024","$590,000","$585,000","9","Resale (occupied at least once)","1963","Stratford Hills","2,803","0.53","3","2.1","Public Water","Sewer - Public","Conventional","Individuals"
"501","2426093","779-745-7778","CLOSD","2401 Greenway Avenue, Henrico VA 23228","23228","Henrico","Single Family Residence","11/07/2024","$314,950","$318,000","6","Resale (occupied at least once)","1951","Park View","1,263","0.12","3","1.0","Public Water","Sewer - Public","Conventional","Individuals"
"501","2425058","S006-0248-022","CLOSD","1602 Cedar Lane, Richmond City VA 23225","23225","Richmond City","Single Family Residence","11/07/2024","$799,000","$800,000","5","Resale (occupied at least once)","1946","Westover Hills","2,694","0.18","4","2.1","Public Water","Sewer - Public","Cash","Individuals"
"501","2425165","8724-47-3489","CLOSD","7379 Lexington Drive, Hanover VA 23111","23111","Hanover","Single Family Residence","11/07/2024","$389,000","$387,000","12","Resale (occupied at least once)","1972","Liberty Hall Hills","2,001","0.44","4","3.0","Community Well","Septic - Conventional","FHA New","Individuals"
"501","2419776","7797-16-3438","CLOSD","9438 Dogwood Garth Lane, Hanover VA 23116","23116","Hanover","Single Family Residence","11/07/2024","$432,000","$432,000","7","Resale (occupied at least once)","1993","Manorwood","1,997","0.47","4","2.1","Public Water","Sewer - Public","Conventional","Individuals"
"501","2425234","8715-75-4434","CLOSD","8261 Spicewood Place, Hanover VA 23111","23111","Hanover","Single Family Residence","11/07/2024","$389,950","$385,000","9","Resale (occupied at least once)","1990","Hanover Grove","1,936","1.17","3","2.1","Public Water","Sewer - Public","Conventional","Individuals"
"501","2424456","S000-0641-021","CLOSD","1813 Halifax Avenue, Richmond City VA 23224","23224","Richmond City","Single Family Residence","11/07/2024","$209,900","$209,900","15","Resale (occupied at least once)","1945","Mason Park","961","0.16","2","1.0","Public Water","Sewer - Public","Conventional","Individuals"
"501","2424406","C005-0529-067","CLOSD","1240 Boulder Creek Road #Unit1240, Richmond City VA 23225","23225","Richmond City","Townhouse","11/07/2024","$359,900","$360,000","16","Resale (occupied at least once)","2007","Boulder Parke Townehomes","2,600","0.05","3","2.2","Public Water","Sewer - Public","FHA New","Individuals"
"501","2425132","784-753-2936","CLOSD","7521 Wentworth Avenue, Henrico VA 23228","23228","Henrico","Single Family Residence","11/07/2024","$285,000","$285,000","17","Resale (occupied at least once)","1956","Stuart Ridge","1,074","0.17","3","1.0","Public Water","Sewer - Public","Cash","Individuals"
"501","2426549","C008-0594-086","CLOSD","3319 Woodys Lane, Richmond City VA 23234","23234","Richmond City","Single Family Residence","11/07/2024","$190,000","$190,000","8","Resale (occupied at least once)","1950","Chesterfield Court","1,485","0.36","4","1.0","Public Water","Sewer - Public","Private","Individuals"
"501","2425983","C008-0773-024","CLOSD","2810 Stacie Road, Richmond City VA 23224","23224","Richmond City","Single Family Residence","11/07/2024","$259,990","$260,000","0","Resale (occupied at least once)","1959","Broad Rock Manor","1,046","0.24","3","1.1","Public Water","Sewer - Public","Conventional","Individuals"
"501","2425707","743-742-3885","CLOSD","1200 Westhampton Glen Drive, Henrico VA 23238","23238","Henrico","Single Family Residence","11/07/2024","$725,000","$740,000","4","Resale (occupied at least once)","2011","Westhampton Glen","3,310","0.42","5","3.0","Public Water","Sewer - Public","Conventional","Individuals"
"501","2425477","753-750-8165","CLOSD","2004 Haviland Drive, Henrico VA 23229","23229","Henrico","Single Family Residence","11/07/2024","$379,000","$379,000","2","Resale (occupied at least once)","1962","Wedgewood Park","1,701","0.29","4","3.0","Public Water","Sewer - Public","Conventional","REO"
"501","2425428","W000-1029-011","CLOSD","2309 Maplewood Avenue, Richmond City VA 23220","23220","Richmond City","Single Family Residence","11/07/2024","$659,999","$692,500","8","Resale (occupied at least once)","1924","None","2,121","0.06","3","2.1","Public Water","Sewer - Public","Conventional","Individuals"
"501","2425417","7864-29-4398","CLOSD","17646 Level Drive, Hanover VA 23047","23047","Hanover","Single Family Residence","11/07/2024","$715,000","$700,000","15","Resale (occupied at least once)","1989","None","3,020","3.41","4","3.0","Well","Septic - Conventional","Conventional","Individuals"
"501","2425300","769-738-3722","CLOSD","5812 Morningside Drive, Henrico VA 23226","23226","Henrico","Single Family Residence","11/07/2024","$799,950","$799,950","10","Resale (occupied at least once)","1946","Westwood Home Sites","2,731","0.36","4","2.1","Public Water","Sewer - Public","Conventional","Individuals"
"501","2424996","805-692-8758","CLOSD","1517 New Settlement Drive, Henrico VA 23231","23231","Henrico","Single Family Residence","11/07/2024","$409,999","$405,000","8","Resale (occupied at least once)","2015","Settlers Ridge","1,824","","2","2.0","Public Water","Sewer - Public","Conventional","Individuals"
"501","2424972","751-67-86-02-300-000","CLOSD","5551 Courthouse Road, Chesterfield VA 23832","23832","Chesterfield","Single Family Residence","11/07/2024","$350,000","$350,000","6","Resale (occupied at least once)","1973","None","1,612","2.65","5","2.0","Public Water","Septic - Conventional","Conventional","Individuals"
"501","2424488","729-68-71-93-000-000","CLOSD","3112 Quail Hill Drive, Chesterfield VA 23112","23112","Chesterfield","Single Family Residence","11/07/2024","$400,000","$400,000","7","Resale (occupied at least once)","1978","Huntsbridge","1,848","0.26","4","2.1","Public Water","Sewer - Public","VA New","Individuals"
"501","2424454","773-744-1655","CLOSD","5405 Windingbrook Road, Henrico VA 23230","23230","Henrico","Single Family Residence","11/07/2024","$325,000","$332,501","3","Resale (occupied at least once)","1956","Rosemont","1,528","0.24","3","2.0","Public Water","Sewer - Public","Conventional","Individuals"
"501","2424231","829-690-3659","CLOSD","3912 Pheasant Chase Place, Henrico VA 23231","23231","Henrico","Single Family Residence","11/07/2024","$440,000","$440,000","5","Resale (occupied at least once)","1989","Varina Chase","2,492","1.04","4","2.1","Well","Septic - Conventional","Conventional","Individuals"
"501","2424204","713-66-59-72-000-000","CLOSD","8312 Longlands Place, Chesterfield VA 23832","23832","Chesterfield","Single Family Residence","11/07/2024","$680,000","$675,000","41","Resale (occupied at least once)","2012","Harpers Mill","3,520","0.38","5","2.1","Public Water","Sewer - Public","VA New","Individuals"
"501","2423338","749-736-3206","CLOSD","215 El Dorado Drive, Henrico VA 23229","23229","Henrico","Single Family Residence","11/07/2024","$925,000","$1,028,107","4","Resale (occupied at least once)","1962","Sleepy Hollow","3,392","0.59","4","3.1","Public Water","Sewer - Public","Cash","Individuals"
"501","2422343","8704-89-4120","CLOSD","7467 Meadow Haven Circle, Hanover VA 23111","23111","Hanover","Single Family Residence","11/07/2024","$460,000","$440,000","20","Resale (occupied at least once)","2010","The Villas At Rose Hill","1,785","0.23","3","2.0","Public Water","Sewer - Public","Conventional","Individuals"
"501","2422007","744-760-7007","CLOSD","1726 Old Brick Road #Unit19A, Henrico VA 23060","23060","Henrico","Condominium","11/07/2024","$464,900","$468,561","13","New (never occupied)","2024","West Broad Village","1,504","","3","2.1","Public Water","Sewer - Public","Conventional","Corporate"
"501","2420414","19H  1    29","CLOSD","3530 Rock Creek Villa Drive, New Kent VA 23141","23141","New Kent","Single Family Residence","11/07/2024","$439,950","$420,000","61","Resale (occupied at least once)","2016","Rock Creek Villas","2,042","0.14","3","2.0","Public Water","Sewer - Public","VA New","Individuals"
"501","2419105","746-753-4790","CLOSD","10016 Stonemill Road, Henrico VA 23233","23233","Henrico","Single Family Residence","11/07/2024","$565,000","$575,000","10","Resale (occupied at least once)","1987","Cedar Chase","2,657","0.30","4","3.0","Public Water","Sewer - Public","Conventional","Individuals"
"501","2413116","8734-74-3218","CLOSD","5301 Glenharbor Lane, Hanover VA 23111","23111","Hanover","Single Family Residence","11/07/2024","$845,000","$825,000","137","Resale (occupied at least once)","2010","Glenharbor","5,562","1.53","6","2.2","Well","Septic - Conventional","Conventional","Individuals"
"501","2407313","748-764-7074","CLOSD","4360 Dominion Forest Circle, Henrico VA 23060","23060","Henrico","Townhouse","11/07/2024","$595,170","$605,170","2","New (never occupied)","2024","Innsbrook Dominion Residences","2,040","","3","3.2","Public Water","Sewer - Public","Conventional","Corporate"
"501","2407298","748-764-6177","CLOSD","4380 Dominion Forest Circle, Henrico VA 23060","23060","Henrico","Townhouse","11/07/2024","$564,175","$564,175","121","New (never occupied)","2024","Innsbrook Dominion Residences","2,151","","3","3.2","Public Water","Sewer - Public","Cash","Corporate"
"501","2406191","8        44A","CLOSD","9701 Swinging Bridge Road, New Kent VA 23141","23141","New Kent","Single Family Residence","11/07/2024","$399,950","$285,000","167","Resale (occupied at least once)","1989","None","9,092","5.00","3","2.0","Well","Septic - Conventional","Cash","Individuals"
"501","BRTVACF2000946","NO TAX RECORD","CLOSD","","23831","Chesterfield","Single Family Residence","11/07/2024","$505,410","$505,410","1","New (never occupied)","","NONE AVAILABLE","2,718","0.34","4","3.0","Public Water","Public Sewer On Site","",""
"501","REIN10546363","19H  1    29","CLOSD","3530 Rock Creek Villa Drive VA 23141","23141","New Kent","Single Family Residence","11/07/2024","$439,950","$420,000","60","Resale (occupied at least once)","2016","ALL OTHERS AREA 140","2,042","0.14","3","2.0","Public Water","Public Sewer On Site","",""
"501","REIN10545142","33B7Â 7Â 3Â Â 15","CLOSD","10804 White Dogwood Drive VA 23140","23140","New Kent","Single Family Residence","11/07/2024","$339,000","$335,000","79","Resale (occupied at least once)","2010","ALL OTHERS AREA 140","1,680","0.15","3","3.0","Public Water","Public Sewer On Site","",""
"501","BRTVAHN2000682","753-752-3033","CLOSD","","23238","Henrico","Single Family Residence","11/08/2024","$370,000","$320,000","3","Resale (occupied at least once)","1964","N/A","1,526","0.00","3","2.0","Public Water","Public Sewer On Site","",""
"501","2421564","N000-2342-011","CLOSD","4101 Crestwood Road, Richmond City VA 23227","23227","Richmond City","Single Family Residence","11/08/2024","$424,950","$400,000","55","Resale (occupied at least once)","1931","Bellevue Court","1,290","0.33","2","1.0","Public Water","Sewer - Public","Conventional","Individuals"
"501","2413219","008-90","CLOSD","4060 Maidens Road, Powhatan VA 23139","23139","Powhatan","Single Family Residence","11/08/2024","$250,000","$215,000","130","Resale (occupied at least once)","1987","None","1,344","0.87","3","2.0","Well","Septic - Conventional","Conventional","Individuals"
"501","2424084","745 732 7438","CLOSD","8903 Tresco Road, Henrico VA 23229","23229","Henrico","Single Family Residence","11/08/2024","$895,000","$1,315,000","15","Resale (occupied at least once)","1957","Mooreland Farms","6,552","0.75","5","3.2","Public Water","Sewer - Public","Cash","Corporate"
"501","2426074","W000-1402-037","CLOSD","3122 Grayland Avenue, Richmond City VA 23221","23221","Richmond City","Single Family Residence","11/08/2024","$529,000","$533,000","3","Resale (occupied at least once)","1920","None","1,461","0.07","2","2.0","Public Water","Sewer - Public","Cash","Individuals"
"501","2426280","33B6 3 1 16","CLOSD","5841 Ginger Drive, New Kent VA 23140","23140","New Kent","Townhouse","11/08/2024","$350,190","$350,190","10","New (never occupied)","2024","None","1,915","","3","2.1","Public Water","Sewer - Public","VA New","Corporate"
"501","2416880","763-68-52-09-500-000","CLOSD","7535 Valencia Road, Chesterfield VA 23832","23832","Chesterfield","Single Family Residence","11/08/2024","$374,900","$375,000","100","Resale (occupied at least once)","1993","Pennwood","2,234","0.20","4","2.1","Public Water","Sewer - Public","FHA New","Individuals"
"501","2421029","052-3-1","CLOSD","3138 Pineview Drive, Powhatan VA 23139","23139","Powhatan","Single Family Residence","11/08/2024","$355,000","$359,000","34","Resale (occupied at least once)","1994","Burkwood Farms","1,777","2.00","3","2.1","Well","Septic - Conventional","FHA New","Individuals"
"501","2421406","E000-1059-005","CLOSD","2113 Wood Street, Richmond City VA 23223","23223","Richmond City","Single Family Residence","11/08/2024","$209,000","$210,000","52","Resale (occupied at least once)","1958","Rico","862","0.11","3","1.0","Public Water","Sewer - Public","FHA New","Individuals"
"501","2425773","802-699-2637","CLOSD","1209 Jockey Trace, Henrico VA 23231","23231","Henrico","Single Family Residence","11/08/2024","$370,000","$365,000","6","Resale (occupied at least once)","2000","The Paddocks","1,853","1.24","4","2.1","Public Water","Septic - Conventional","Conventional","Corporate"
"501","2423488","787-64-33-84-600-000","CLOSD","14100 Faraday Court, Chesterfield VA 23831","23831","Chesterfield","Single Family Residence","11/08/2024","$515,000","$515,000","11","Resale (occupied at least once)","2004","Stoney Glen South","3,092","1.52","4","2.1","Public Water","Sewer - Public","Conventional","Individuals"
"501","2422315","717-68-78-59-100-000","CLOSD","15012 Rankin Drive, Chesterfield VA 23112","23112","Chesterfield","Single Family Residence","11/08/2024","$649,900","$649,900","31","Resale (occupied at least once)","2017","Rountrey","3,008","0.21","4","3.0","Public Water","Sewer - Public","Conventional","Individuals"
"501","2421279","726-65-87-38-200-000","CLOSD","9801 Cravensford Loop, Chesterfield VA 23112","23112","Chesterfield","Single Family Residence","11/08/2024","$495,000","$495,000","49","Resale (occupied at least once)","2019","Collington","2,988","0.28","4","3.0","Public Water","Sewer - Public","Conventional","Individuals"
"501","2404494","732-754-0316","CLOSD","12469 Gaytoncrest Lane, Henrico VA 23233","23233","Henrico","Townhouse","11/08/2024","$466,086","$493,746","215","New (never occupied)","2024","Discovery Ridge Townhomes","1,955","","3","2.2","Public Water","Sewer - Public","Conventional","Corporate"
"501","2418460","805-693-0932","CLOSD","7401 Indian River Run, Henrico VA 23231","23231","Henrico","Single Family Residence","11/08/2024","$559,900","$558,356","58","New (never occupied)","2024","Settlers Ridge","2,006","0.21","3","3.0","Public Water","Sewer - Public","Cash","Corporate"
"501","2322179","Not Yet Assigned","CLOSD","3923 Maze Runner Drive, Chesterfield VA 23112","23112","Chesterfield","Condominium","11/08/2024","$383,335","$383,335","0","New (never occupied)","2023","Wescott","1,932","","3","2.0","Public Water","Sewer - Public","Conventional","Corporate"
"501","2424914","726-68-48-08-700-000","CLOSD","3505 Seven Oaks Road, Chesterfield VA 23112","23112","Chesterfield","Single Family Residence","11/08/2024","$440,000","$440,000","10","Resale (occupied at least once)","1979","Brandermill","2,880","0.28","4","3.0","Public Water","Sewer - Public","VA New","Individuals, Other"
"501","2426187","11A 1A1 2","CLOSD","9811 Talleysville Road, New Kent VA 23124","23124","New Kent","Single Family Residence","11/08/2024","$324,990","$324,990","3","Resale (occupied at least once)","1978","Whitehouse Farms","1,530","0.58","3","2.0","Public Water","Septic - Conventional","FHA New","Individuals"
"501","2424567","E000-0959-014","CLOSD","3408 S Street, Richmond City VA 23223","23223","Richmond City","Single Family Residence","11/08/2024","$299,000","$304,000","9","Resale (occupied at least once)","1910","None","1,122","0.04","2","2.0","Public Water","Sewer - Public","Conventional","Individuals"
"501","2424276","732-762-6952","CLOSD","12104 Gayton Manor Place, Henrico VA 23233","23233","Henrico","Single Family Residence","11/08/2024","$639,000","$627,000","18","Resale (occupied at least once)","2001","Gayton Park","2,621","0.28","4","2.1","Public Water","Sewer - Public","Conventional","Individuals"
"501","2420988","035-54F","CLOSD","2000 Cook Road, Powhatan VA 23139","23139","Powhatan","Single Family Residence","11/08/2024","$299,950","$293,500","52","Resale (occupied at least once)","1984","None","1,344","2.52","3","2.0","Well","Septic - Conventional","VHDA/FHA","Individuals"
"501","2426404","809-715-2252","CLOSD","2821 Remington Rd., Henrico VA 23231","23231","Henrico","Single Family Residence","11/08/2024","$210,000","$195,000","22","Resale (occupied at least once)","1980","Village Green","820","","5","1.0","Public Water","Sewer - Public","Cash","Individuals"
"501","2423066","722-70-56-82-600-000","CLOSD","748 Colony Oak Lane, Chesterfield VA 23114","23114","Chesterfield","Single Family Residence","11/08/2024","$745,000","$745,000","24","Resale (occupied at least once)","2007","Stewart Village","5,068","0.26","6","3.1","Public Water","Sewer - Public","Conventional","Individuals"
"501","2426338","7880-12-6046","CLOSD","28 Trotter Mill Close, Hanover VA 23005","23005","Hanover","Condominium","11/08/2024","$244,950","$245,000","11","Resale (occupied at least once)","1985","Cottage Green Condos","1,119","0.02","2","2.0","Public Water","Sewer - Public","Conventional","Individuals"
"501","2425402","W000-1078-035","CLOSD","7 North Davis Avenue, Richmond City VA 23220","23220","Richmond City","Single Family Residence","11/08/2024","$699,990","$715,000","8","Resale (occupied at least once)","1911","None","1,890","0.03","3","2.1","Public Water","Sewer - Public","Conventional","Individuals"
"501","2422789","7797-95-4523","CLOSD","9015 Birdsong Creek Court, Hanover VA 23116","23116","Hanover","Single Family Residence","11/08/2024","$569,950","$569,950","34","Resale (occupied at least once)","2002","Ash Creek","2,503","0.34","5","3.1","Public Water","Sewer - Public","Conventional","Individuals"
"501","2425187","800-733-7227","CLOSD","3100 Hargrove Avenue, Henrico VA 23222","23222","Henrico","Single Family Residence","11/08/2024","$259,900","$259,900","5","Resale (occupied at least once)","1980","Brentwood","1,008","0.22","3","1.1","Public Water","Sewer - Public","Conventional","Individuals"
"501","2426452","N005-1186-015","CLOSD","3304 Detroit Avenue, Richmond City VA 23222","23222","Richmond City","Single Family Residence","11/08/2024","$175,000","$175,000","5","Resale (occupied at least once)","1952","Highland Park Addition","720","0.14","2","1.0","Public Water","Sewer - Public","Conventional","Individuals"
"501","2421472","793-743-2695","CLOSD","305 Flicker Drive, Henrico VA 23227","23227","Henrico","Single Family Residence","11/08/2024","$330,000","$310,000","23","Resale (occupied at least once)","1965","Meadowood","2,184","0.30","5","2.1","Public Water","Sewer - Public","FHA New","Individuals"
"501","2428221","N0000559007","CLOSD","2202 3rd Avenue, Richmond City VA 23222","23222","Richmond City","Single Family Residence","11/08/2024","$162,000","$162,000","0","Resale (occupied at least once)","1920","Chestnut Hills","2,322","","4","1.1","Public Water","Sewer - Public","Cash","Individuals"
"501","2427949","W000-0664-052","CLOSD","1608 Grove Avenue #UnitU4, Richmond City VA 23220","23220","Richmond City","Condominium","11/08/2024","$350,000","$365,000","4","Resale (occupied at least once)","1919","Windsor Court Condos","940","0.02","2","1.1","Public Water","Sewer - Public","Cash","Individuals"
"501","2427826","801-693-2412","CLOSD","1130 Berryhill Road, Henrico VA 23231","23231","Henrico","Single Family Residence","11/08/2024","$395,000","$395,000","4","Resale (occupied at least once)","1986","Berry Hill Acres","1,920","0.86","4","2.1","Public Water","Septic - Conventional","Cash","Corporate"
"501","2427125","820-691-8110","CLOSD","3030 Danrett Lane, Henrico VA 23231","23231","Henrico","Single Family Residence","11/08/2024","$394,993","$397,950","3","Resale (occupied at least once)","2004","Doran Forest","2,369","1.14","4","2.1","Public Water","Sewer - Public","VA New","Corporate"
"501","2427098","762-741-5373","CLOSD","7318 Normandy Drive, Henrico VA 23229","23229","Henrico","Single Family Residence","11/08/2024","$765,000","$860,500","7","Resale (occupied at least once)","1947","Sunset Hills","2,920","0.24","4","2.1","Public Water","Sewer - Public","Conventional","Individuals"
"501","2426570","719-66-82-18-700-000","CLOSD","7719 Shady Banks Terrace, Chesterfield VA 23832","23832","Chesterfield","Single Family Residence","11/08/2024","$380,000","$410,000","2","Resale (occupied at least once)","1996","Ashbrook","1,118","0.22","3","2.0","Public Water","Sewer - Public","VA New","Individuals"
"501","2426442","C001-0700-044","CLOSD","3910 Garden Road, Richmond City VA 23235","23235","Richmond City","Single Family Residence","11/08/2024","$385,000","$430,500","7","Resale (occupied at least once)","1986","Twin Valley Farms","1,152","0.59","2","1.1","Public Water","Sewer - Public","Cash","Individuals"
"501","2426365","759-735-3747","CLOSD","201 Wood Road, Henrico VA 23229","23229","Henrico","Single Family Residence","11/08/2024","$879,000","$1,065,000","7","Resale (occupied at least once)","1966","Westham","3,178","0.83","4","3.0","Public Water","Sewer - Public","Cash","Individuals"
"501","2426134","727-68-79-61-400-000","CLOSD","3100 Three Bridges Road, Chesterfield VA 23112","23112","Chesterfield","Single Family Residence","11/08/2024","$350,000","$365,000","3","Resale (occupied at least once)","1980","Three Bridges","1,540","0.14","2","2.0","Public Water","Sewer - Public","FHA New","Individuals"
"501","2425968","8705-41-3848","CLOSD","8282 Wonderland Lane, Hanover VA 23111","23111","Hanover","Single Family Residence","11/08/2024","$339,995","$355,000","3","Resale (occupied at least once)","1955","Ellerson Farms","1,327","0.48","3","2.0","Public Water","Sewer - Public","Conventional","Individuals"
"501","2425933","779-68-82-78-300-000","CLOSD","4500 Cascade Street, Chesterfield VA 23234","23234","Chesterfield","Single Family Residence","11/08/2024","$320,000","$330,500","7","Resale (occupied at least once)","1964","Beechwood","1,660","0.42","3","2.0","Public Water","Sewer - Public","Conventional","Individuals"
"501","2425790","7797-16-8384","CLOSD","9405 Dogwood Garth Lane, Hanover VA 23116","23116","Hanover","Single Family Residence","11/08/2024","$459,900","$462,500","4","Resale (occupied at least once)","1993","Kings Charter","2,437","0.32","4","2.1","Public Water","Sewer - Public","Conventional","Individuals"
"501","2425569","W000-1245-001","CLOSD","2823 Grove Avenue, Richmond City VA 23221","23221","Richmond City","Single Family Residence","11/08/2024","$1,500,000","$1,500,000","3","Resale (occupied at least once)","1920","None","6,162","0.22","7","6.1","Public Water","Sewer - Public","Cash","Individuals"
"501","2425450","N005-1084-004","CLOSD","3221 Detroit Avenue, Richmond City VA 23222","23222","Richmond City","Single Family Residence","11/08/2024","$395,000","$395,000","12","Resale (occupied at least once)","1930","North Highland Park","1,422","0.46","3","2.0","Public Water","Sewer - Public","Cash","Corporate"
"501","2425299","725-65-92-52-800-000","CLOSD","9418 Orchid Terrace, Chesterfield VA 23832","23832","Chesterfield","Single Family Residence","11/08/2024","$399,999","$430,000","5","Resale (occupied at least once)","2002","The Woods At Summerford","2,262","0.28","4","2.1","Public Water","Sewer - Public","VA New","Individuals"
"501","2425204","752-69-77-00-700-000","CLOSD","2020 Hickstead Road, Chesterfield VA 23236","23236","Chesterfield","Single Family Residence","11/08/2024","$675,000","$706,000","7","Resale (occupied at least once)","2008","Spring Hill","3,200","0.71","4","2.1","Public Water","Sewer - Public","Conventional","Individuals"
"501","2425203","758-734-0714","CLOSD","8 Westham Parkway, Henrico VA 23229","23229","Henrico","Single Family Residence","11/08/2024","$1,595,000","$1,721,000","7","Resale (occupied at least once)","1964","Westham","4,566","0.67","5","4.1","Public Water","Sewer - Public","Cash","Individuals"
"501","2425181","7880-12-4313","CLOSD","813 Sweet Tessa Drive, Hanover VA 23005","23005","Hanover","Townhouse","11/08/2024","$260,000","$265,000","3","Resale (occupied at least once)","2009","Cottage Green Condos","1,440","0.03","2","1.1","Public Water","Sewer - Public","Cash","Individuals"
"501","2425138","752-70-86-56-200-000","CLOSD","9519 Ashton Court, Chesterfield VA 23235","23235","Chesterfield","Single Family Residence","11/08/2024","$489,900","$500,000","5","Resale (occupied at least once)","1969","Brighton Green","2,515","0.51","4","2.1","Public Water","Sewer - Public","Conventional","Individuals"
"501","2425034","726686584800000","CLOSD","13903 Sterlings Bridge Road, Chesterfield VA 23112","23112","Chesterfield","Single Family Residence","11/08/2024","$410,000","$410,000","12","Resale (occupied at least once)","1979","Brandermill","2,352","0.27","4","2.1","Public Water","Sewer - Public","Cash","Individuals"
"501","2425026","785-761-3233","CLOSD","9117 Brookwood Glen Drive, Henrico VA 23060","23060","Henrico","Single Family Residence","11/08/2024","$375,000","$385,000","5","Resale (occupied at least once)","1998","Brookwood Glen","1,448","0.32","3","2.1","Public Water","Sewer - Public","Conventional","Individuals"
"501","2424953","8714-20-0970","CLOSD","7405 River Pine Drive, Hanover VA 23111","23111","Hanover","Single Family Residence","11/08/2024","$339,950","$344,000","4","Resale (occupied at least once)","1991","Mill Valley","1,510","0.18","3","2.1","Public Water","Sewer - Public","Conventional","Individuals"
"501","2424897","757-70-49-55-000-000","CLOSD","213 Jade Road, Chesterfield VA 23236","23236","Chesterfield","Single Family Residence","11/08/2024","$265,000","$265,000","19","Resale (occupied at least once)","1961","Penn Acres","1,268","0.26","3","1.1","Public Water","Sewer - Public","Cash","Corporate, REO"
"501","2424806","7870-45-5194","CLOSD","519 Chapman Street, Hanover VA 23005","23005","Hanover","Single Family Residence","11/08/2024","$429,000","$438,000","5","Resale (occupied at least once)","1998","None","1,618","1.20","3","2.0","Well","Septic - Conventional","Conventional","Individuals"
"501","2424773","747-734-1449","CLOSD","8907 River Road, Henrico VA 23229","23229","Henrico","Single Family Residence","11/08/2024","$1,100,000","$1,150,000","13","Resale (occupied at least once)","1949","Mooreland Farms","3,948","0.63","4","3.1","Public Water","Sewer - Public","Conventional","Individuals"
"501","2424674","741-735-2845","CLOSD","9709 Old Dell Trace, Henrico VA 23238","23238","Henrico","Single Family Residence","11/08/2024","$1,100,000","$1,150,000","17","Resale (occupied at least once)","1986","Country Club Colony","4,651","1.03","4","4.2","Public Water","Sewer - Public","Cash","Individuals"
"501","2424509","747-738-6173.081","CLOSD","9012 Wood Sorrel Drive, Henrico VA 23229","23229","Henrico","Condominium","11/08/2024","$585,000","$535,000","15","Resale (occupied at least once)","1982","Mooreland Commons","2,391","0.07","3","2.1","Public Water","Sewer - Public","Conventional","Individuals"
"501","2424217","745-770-4859.017","CLOSD","5064 Park Commons Loop, Henrico VA 23059","23059","Henrico","Condominium","11/08/2024","$609,999","$609,999","6","Resale (occupied at least once)","2005","Park Commons At Twin Hickory","2,816","0.19","5","3.1","Public Water","Sewer - Public","Conventional","Individuals"
"501","2424202","701-67-09-92-900-000","CLOSD","6954 Carden Park Drive, Chesterfield VA 23120","23120","Chesterfield","Single Family Residence","11/08/2024","$650,000","$650,000","10","Resale (occupied at least once)","2017","Magnolia Green","3,068","0.33","4","3.0","Public Water","Sewer - Public","Conventional","Individuals"
"501","2424142","7627487677","CLOSD","2328 Pathfinder Circle, Henrico VA 23294","23294","Henrico","Single Family Residence","11/08/2024","$429,900","$415,000","5","Resale (occupied at least once)","1980","Thousand Oaks","2,401","","4","2.2","Public Water","Sewer - Public","Conventional","Individuals"
"501","2423961","721-71-63-22-300-000","CLOSD","14511 Kenmont Drive, Chesterfield VA 23113","23113","Chesterfield","Single Family Residence","11/08/2024","$1,649,000","$1,575,000","33","Resale (occupied at least once)","2003","Salisbury-Hatfield","6,424","0.73","5","4.2","Public Water","Sewer - Public","Other","Individuals"
"501","2423684","726-66-20-29-300-000","CLOSD","14619 Forest Row Trail, Chesterfield VA 23112","23112","Chesterfield","Single Family Residence","11/08/2024","$484,500","$487,000","4","Resale (occupied at least once)","2012","Collington","2,218","0.27","4","3.0","Public Water","Sewer - Public","Cash","Individuals"
"501","2423561","34A  2 2   9","CLOSD","11680 Oakrise Place, New Kent VA 23124","23124","New Kent","Single Family Residence","11/08/2024","$409,950","$409,950","33","Resale (occupied at least once)","2015","The Oaks","1,962","0.62","3","2.1","Public Water","Sewer - Public","Conventional","Individuals"
"501","2423417","750-69-43-82-100-000","CLOSD","1973 Castle Glen Drive, Chesterfield VA 23236","23236","Chesterfield","Single Family Residence","11/08/2024","$399,000","$399,000","5","Resale (occupied at least once)","2001","Edgewood","1,751","0.26","4","2.1","Public Water","Sewer - Public","Cash","Individuals"
"501","2423401","N000-0207-027","CLOSD","405 North Henry Street, Richmond City VA 23220","23220","Richmond City","Single Family Residence","11/08/2024","$269,000","$265,000","21","Resale (occupied at least once)","1900","Carver","1,368","0.02","2","1.1","Public Water","Sewer - Public","Conventional","Individuals"
"501","2423140","6739-19-7729","CLOSD","2862 Chapel Hill Road, Goochland VA 23063","23063","Goochland","Single Family Residence","11/08/2024","$291,000","$293,000","4","Resale (occupied at least once)","1980","None","1,050","1.45","3","2.0","Well","Septic - Conventional","Conventional","Individuals"
"501","2423018","731-750-1265-004","CLOSD","2402 Wanstead Court #UnitD, Henrico VA 23238","23238","Henrico","Condominium","11/08/2024","$440,000","$440,000","4","Resale (occupied at least once)","2003","Villas Of Autumn Run","1,582","","2","2.0","Public Water","Sewer - Public","Cash","Individuals"
"501","2421876","7797-77-0499","CLOSD","10374 Morning Dew Lane, Hanover VA 23116","23116","Hanover","Single Family Residence","11/08/2024","$569,500","$562,500","22","Resale (occupied at least once)","1995","Ash Creek","2,998","0.41","4","2.1","Public Water","Sewer - Public","Conventional","Individuals"
"501","2421750","745-740-3797","CLOSD","1011 Hyde Lane, Henrico VA 23229","23229","Henrico","Townhouse","11/08/2024","$969,950","$964,950","8","Resale (occupied at least once)","2008","Grayson Hill","3,768","0.12","4","3.1","Public Water","Sewer - Public","Conventional","Individuals"
"501","2421262","737-752-6402","CLOSD","2408 Hawkesbury Court, Henrico VA 23233","23233","Henrico","Single Family Residence","11/08/2024","$580,000","$580,000","4","Resale (occupied at least once)","1998","Keswick","2,872","0.20","5","3.0","Public Water","Sewer - Public","Conventional","Individuals"
"501","2420447","805-713-9754","CLOSD","5110 Kemp Street, Henrico VA 23231","23231","Henrico","Single Family Residence","11/08/2024","$225,000","$217,000","28","Resale (occupied at least once)","1951","Kemp Property","720","0.22","2","1.0","Public Water","Sewer - Public","Conventional","Individuals"
"501","2420004","824-66-01-43-800-000","CLOSD","1737 Mainsail Lane, Chesterfield VA 23836","23836","Chesterfield","Single Family Residence","11/08/2024","$470,000","$470,000","51","Resale (occupied at least once)","2021","Twin Rivers","2,119","0.17","2","2.1","Public Water","Sewer - Public","Conventional","Individuals"
"501","2419048","71266269200000","CLOSD","16012 Cambian Lane, Chesterfield VA 23832","23832","Chesterfield","Single Family Residence","11/08/2024","$709,950","$695,000","63","New (never occupied)","2024","Harpers Mill","3,718","","5","4.1","Public Water","Sewer - Public","VA New","Corporate"
"501","2415253","44-27-0-20-0","CLOSD","1152 Hawkford Court, Goochland VA 23102","23102","Goochland","Single Family Residence","11/08/2024","$850,000","$755,200","72","Resale (occupied at least once)","2005","Somerset","4,922","2.00","6","4.1","Well","Septic - Conventional","Conventional","Individuals"
"501","2415135","738-774-6424","CLOSD","5421 Luxford Way, Henrico VA 23059","23059","Henrico","Single Family Residence","11/08/2024","$619,000","$615,000","79","Resale (occupied at least once)","2003","Luxford At Berkeley","2,638","0.32","4","2.1","Public Water","Sewer - Public","Conventional","Individuals"
"501","2413003","14-65","CLOSD","5520 Barnetts Road, Charles City County VA 23030","23030","Charles City County","Single Family Residence","11/08/2024","$289,950","$280,000","111","Resale (occupied at least once)","1980","None","2,592","1.00","4","2.0","Well","Septic - Conventional","FHA New","Individuals"
"501","2411806","696671663600000","CLOSD","18706 Palisades Ridge, Chesterfield VA 23120","23120","Chesterfield","Townhouse","11/08/2024","$403,150","$403,150","51","New (never occupied)","2024","Magnolia Green","1,652","","3","2.1","Public Water","Sewer - Public","Conventional","Corporate"
"501","2408199","824-693-4597","CLOSD","7099 Shining Armor Drive, Henrico VA 23231","23231","Henrico","Single Family Residence","11/08/2024","$454,490","$454,490","269","New (never occupied)","2024","Castleton","2,591","0.22","4","2.1","Public Water","Sewer - Public","FHA New","Corporate"
"501","BRTVAHN2000696","809-715-2252","CLOSD","2821 Remington Road, Henrico VA 23238","23238","Henrico","Single Family Residence","11/08/2024","$210,000","$195,000","22","Resale (occupied at least once)","1980","NONE AVAILABLE","0","0.00","4","2.0","Public Water","Public Sewer On Site, Septic - Shared","",""
"501","BRTVACF2000848","778684419700000","CLOSD","4818 Stanley Drive, Chesterfield VA 23234","23234","Chesterfield","Single Family Residence","11/08/2024","$261,900","$262,000","61","Resale (occupied at least once)","1954","NONE AVAILABLE","996","0.32","3","1.0","Public Water","Public Sewer On Site","",""
"501","REIN10554025","33B6 3 1 16","CLOSD","5841 Ginger Drive VA 23140","23140","New Kent","Townhouse","11/08/2024","$350,190","$350,190","9","Resale (occupied at least once)","2024","ALL OTHERS AREA 140","1,915","0.00","3","3.0","Public Water","Public Sewer On Site","",""
"501","2304871","778-64-67-24-800-000","CLOSD","11411 Winterpock Road, Chesterfield VA 23838","23838","Chesterfield","Single Family Residence","11/10/2024","$399,999","$421,000","186","New (never occupied)","2023","None","1,460","2.54","3","2.0","Well","Septic - Conventional","Conventional","Individuals"
"501","2414795","785-761-0821","CLOSD","453 Rivanna Hill Road, Henrico VA 23060","23060","Henrico","Townhouse","11/11/2024","$417,530","$417,530","24","New (never occupied)","2024","Retreat at One","1,877","","3","2.1","Public Water","Sewer - Public","Conventional","Corporate"
"501","2422082","784-771-0325","CLOSD","10179 Blue Wing Lane, Henrico VA 23059","23059","Henrico","Townhouse","11/11/2024","$424,935","$419,435","34","New (never occupied)","2024","Village at Virginia Center Commons","1,957","","4","3.1","Public Water","Sewer - Public","Conventional","Corporate"
"501","2324005","Not Yet Assigned","CLOSD","3925 Maze Runner Drive, Chesterfield VA 23112","23112","Chesterfield","Condominium","11/11/2024","$295,370","$295,370","58","New (never occupied)","2023","Wescott","1,227","","1","1.1","Public Water","Sewer - Public","Conventional","Corporate"
"501","2425072","N000-1633-007","CLOSD","3608 Noble Avenue, Richmond City VA 23222","23222","Richmond City","Single Family Residence","11/11/2024","$599,000","$625,000","4","Resale (occupied at least once)","1925","Ginter Park","2,270","0.57","4","2.1","Public Water","Sewer - Public","Cash","Individuals"
"501","2421914","47-38-0-68-0","CLOSD","1308 Hounslow Drive, Goochland VA 23103","23103","Goochland","Single Family Residence","11/11/2024","$645,000","$652,000","34","Resale (occupied at least once)","2015","Parke At Saddlecreek","2,535","0.25","3","2.1","Public Water","Sewer - Public","Cash","Individuals"
"501","2405792","N000-0892-024","CLOSD","2923 Garland Avenue, Richmond City VA 23222","23222","Richmond City","Single Family Residence","11/11/2024","$110,000","$115,000","2","Resale (occupied at least once)","1919","Brookland Park","1,472","0.11","3","1.0","Other","Other - See Remarks","Other","Individuals"
"501","2303341","724-71-69-53-800-000","CLOSD","2536 Pagehurst Drive #Unit7, Chesterfield VA 23113","23113","Chesterfield","Townhouse","11/11/2024","$815,000","$815,000","259","New (never occupied)","2023","Salisbury","3,231","0.12","4","3.1","Public Water","Sewer - Public","Cash","Corporate"
"501","2424545","788-63-97-65-100-000","CLOSD","4728 Treely Road, Chesterfield VA 23831","23831","Chesterfield","Single Family Residence","11/12/2024","$349,900","$359,000","20","Resale (occupied at least once)","1989","Greenbriar","1,994","0.35","4","2.1","Public Water","Sewer - Public","VA New","Individuals"
"501","2424958","781-68-01-24-900-000","CLOSD","4330 Stately Oak Road, Chesterfield VA 23234","23234","Chesterfield","Single Family Residence","11/12/2024","$386,000","$406,000","2","Resale (occupied at least once)","2004","Beulah Village","2,662","0.22","3","2.1","Public Water","Sewer - Public","FHA New","Individuals"
"501","2414266","835-713-8455","CLOSD","221 Orange Blossom Run, Henrico VA 23150","23150","Henrico","Townhouse","11/12/2024","$307,485","$307,785","0","New (never occupied)","2024","None","1,280","","3","2.1","Public Water","Sewer - Public","Conventional","Corporate"
"501","2411250","835-713-8253","CLOSD","223 Orange Blossom Run, Henrico VA 23150","23150","Henrico","Townhouse","11/12/2024","$314,025","$314,025","0","New (never occupied)","2024","None","1,280","","3","2.1","Public Water","Sewer - Public","FHA New","Corporate"
"501","2425062","740-739-7211","CLOSD","9 Nomas Lane, Henrico VA 23238","23238","Henrico","Single Family Residence","11/12/2024","$1,375,000","$1,375,000","7","Resale (occupied at least once)","1985","River Road West","5,039","1.27","5","5.0","Public Water","Sewer - Public","Conventional","Individuals"
"501","2421589","S007-1032-003","CLOSD","1830 Keswick Avenue, Richmond City VA 23224","23224","Richmond City","Single Family Residence","11/12/2024","$325,000","$330,000","9","New (never occupied)","2023","None","2,040","0.11","3","2.1","Public Water","Sewer - Public","VA New","Other"
"501","2417447","7853-79-8986","CLOSD","17024 White Pine Road, Hanover VA 23015","23015","Hanover","Single Family Residence","11/12/2024","$639,900","$603,110","84","Resale (occupied at least once)","1999","Little River Estates","2,917","10.34","4","2.2","Well","Septic - Conventional","Conventional","Individuals"
"501","2407037","716712622700000","CLOSD","412 Quiet Breeze Alley #Unit29-1, Chesterfield VA 23113","23113","Chesterfield","Townhouse","11/12/2024","$562,865","$562,815","0","New (never occupied)","2024","Edge at Westchester","2,785","","3","2.2","Public Water","Sewer - Public","FHA New","Corporate"
"501","2422174","793-63-33-87-600-000","CLOSD","15825 Wind Seeker Court, Chesterfield VA 23831","23831","Chesterfield","Single Family Residence","11/12/2024","$375,000","$375,000","19","Resale (occupied at least once)","2002","Harrowgate Place","2,056","0.24","4","2.1","Public Water","Sewer - Public","FHA New","Individuals"
"501","2417211","775-749-2429","CLOSD","2927 Lafayette Avenue, Henrico VA 23228","23228","Henrico","Single Family Residence","11/12/2024","$314,000","$311,000","84","Resale (occupied at least once)","1988","Putney Place","1,100","0.19","3","1.1","Public Water","Sewer - Public","Conventional","Corporate"
"501","2423496","8723-39-0549","CLOSD","6345 Caro Trace, Hanover VA 23111","23111","Hanover","Single Family Residence","11/12/2024","$354,950","$355,000","28","Resale (occupied at least once)","1988","Sledd Run","1,512","0.26","4","2.0","Public Water","Sewer - Public","VA New","Individuals"
"501","2426087","773-69-14-10-700-000","CLOSD","4420 Sherman Road, Chesterfield VA 23234","23234","Chesterfield","Single Family Residence","11/12/2024","$330,000","$335,000","0","Resale (occupied at least once)","1956","Wilkinson Terrace","1,604","0.37","4","2.0","Public Water","Sewer - Public","FHA New","Individuals"
"501","2411188","716662092500000","CLOSD","15231 Fawnwood Lane, Chesterfield VA 23832","23832","Chesterfield","Single Family Residence","11/12/2024","$630,790","$659,270","50","New (never occupied)","2024","Harpers Mill","2,833","","4","3.0","Public Water","Sewer - Public","Conventional","Corporate"
"501","2404994","764-64-31-00-000-000","CLOSD","8407 McKibben Drive, Chesterfield VA 23838","23838","Chesterfield","Single Family Residence","11/12/2024","$592,215","$616,080","386","New (never occupied)","2024","Lake Margaret","3,051","","5","4.0","Public Water","Sewer - Public","Conventional","Corporate"
"501","2422599","730-765-2430.134","CLOSD","535 Munson Woods Walk #UnitB, Henrico VA 23233","23233","Henrico","Condominium","11/12/2024","$548,240","$528,000","14","New (never occupied)","2024","Gateway Square","2,451","","3","2.1","Public Water","Sewer - Public","Conventional","Corporate"
"501","2424751","789690638800000","CLOSD","5029 Oriole Avenue, Chesterfield VA 23234","23234","Chesterfield","Single Family Residence","11/12/2024","$309,950","$309,950","5","New (never occupied)","2024","None","1,496","","3","2.1","Public Water","Sewer - Public","FHA New","Corporate"
"501","2417651","784-771-0320","CLOSD","10175 Blue Wing Lane, Henrico VA 23059","23059","Henrico","Townhouse","11/12/2024","$422,590","$421,042","16","New (never occupied)","2024","Village at Virginia Center Commons","1,958","","4","3.1","Public Water","Sewer - Public","Conventional","Corporate"
"501","2423122","770-67-99-68-600-000","CLOSD","6227 Thierry Court, Chesterfield VA 23234","23234","Chesterfield","Single Family Residence","11/12/2024","$249,900","$249,900","32","Resale (occupied at least once)","1990","Kings Forest","960","0.18","3","1.0","Public Water","Sewer - Public","FHA New","Individuals"
"501","2404819","7376799541","CLOSD","3929 Maze Runner Drive, Chesterfield VA 23112","23112","Chesterfield","Condominium","11/12/2024","$338,615","$338,615","84","New (never occupied)","2024","Wescott","1,363","","2","2.0","Public Water","Sewer - Public","Conventional","Corporate"
"501","2414841","S007-1233-027","CLOSD","1415 Drewry Street, Richmond City VA 23224","23224","Richmond City","Single Family Residence","11/12/2024","$194,850","$194,850","58","Resale (occupied at least once)","1950","Center Hill","752","0.16","2","1.0","Public Water","Sewer - Public","FHA New","Individuals"
"501","2424116","S007-1032-002","CLOSD","1832 Keswick Avenue, Richmond City VA 23224","23224","Richmond City","Single Family Residence","11/12/2024","$220,000","$220,000","19","Resale (occupied at least once)","1946","Richmond Summit","1,024","0.11","3","1.1","Public Water","Sewer - Public","VHDA/FHA","Individuals"
"501","2426559","744-69-09-72-200-000","CLOSD","10910 Sunset Hills Drive, Chesterfield VA 23236","23236","Chesterfield","Single Family Residence","11/12/2024","$389,000","$383,000","5","Resale (occupied at least once)","1987","Brandon","2,183","0.25","3","2.1","Public Water","Sewer - Public","Cash","Individuals"
"501","2425483","7797-51-4985","CLOSD","9235 Rose Cottage Lane, Hanover VA 23116","23116","Hanover","Single Family Residence","11/12/2024","$549,950","$535,000","7","Resale (occupied at least once)","1993","Ivy Banks","2,858","0.33","4","2.1","Public Water","Sewer - Public","Conventional","Individuals"
"501","2423062","775-741-7761","CLOSD","4806 Rodney Road, Henrico VA 23230","23230","Henrico","Single Family Residence","11/12/2024","$599,500","$602,000","42","Resale (occupied at least once)","1938","Brittons Hill","2,842","0.38","4","2.0","Public Water","Sewer - Public","Conventional","Individuals"
"501","2423974","782-67-48-80-800-000","CLOSD","8119 Inca Court, Chesterfield VA 23237","23237","Chesterfield","Single Family Residence","11/12/2024","$405,000","$410,000","27","Resale (occupied at least once)","1967","Indian Springs - Chest","2,394","0.33","4","2.1","Public Water","Sewer - Public","VA New","Individuals"
"501","2408708","779-771-8674","CLOSD","10845 Farmstead Mill Lane, Henrico VA 23059","23059","Henrico","Townhouse","11/12/2024","$444,655","$444,655","0","New (never occupied)","2024","River Mill","1,914","","3","2.1","Public Water","Sewer - Public","Conventional","Corporate"
"501","2404395","732-754-1011","CLOSD","12461 Gaytoncrest Lane, Henrico VA 23238","23238","Henrico","Townhouse","11/12/2024","$483,117","$469,577","209","New (never occupied)","2024","Discovery Ridge Townhomes","1,955","0.04","3","2.2","Public Water","Sewer - Public","Conventional","Corporate"
"501","2425311","743-67-75-60-600-000","CLOSD","11337 Parrish Creek Lane, Chesterfield VA 23112","23112","Chesterfield","Single Family Residence","11/12/2024","$350,000","$355,000","12","Resale (occupied at least once)","2002","Clay Pointe","1,654","0.44","3","2.1","Public Water","Sewer - Public","FHA New","Individuals"
"501","2426737","N000-1823-018","CLOSD","1302 West Laburnum Avenue, Richmond City VA 23227","23227","Richmond City","Single Family Residence","11/12/2024","$549,000","$537,500","11","Resale (occupied at least once)","1927","Bellevue","1,852","0.15","3","1.1","Public Water","Sewer - Public","Cash","Individuals"
"501","2426287","771-746-2896","CLOSD","6709 Fernwood Street, Henrico VA 23228","23228","Henrico","Single Family Residence","11/12/2024","$339,990","$380,000","0","Resale (occupied at least once)","1975","Greendale Forest","1,166","0.15","3","1.1","Public Water","Sewer - Public","Conventional","Individuals"
"501","2420616","741-778-5064","CLOSD","5960 Park Forest Lane, Henrico VA 23059","23059","Henrico","Single Family Residence","11/12/2024","$549,950","$540,000","76","Resale (occupied at least once)","1993","Park Forest At Wyndham","1,952","0.31","4","2.1","Public Water","Sewer - Public","Cash","Individuals"
"501","2426332","738-71-09-32-500-036","CLOSD","1448 Tannery Circle #Unit1448, Chesterfield VA 23113","23113","Chesterfield","Condominium","11/12/2024","$345,000","$360,000","6","Resale (occupied at least once)","1999","Buckingham Wood","1,153","","2","2.0","Public Water","Sewer - Public","Conventional","Individuals"
"501","2427758","741-736-0768","CLOSD","9801 Drouin Drive, Henrico VA 23238","23238","Henrico","Single Family Residence","11/12/2024","$2,000,000","$2,000,000","5","Resale (occupied at least once)","1961","Drouin Hill","7,459","5.73","5","6.1","Public Water","Septic - Conventional","Cash","Individuals"
"501","2427451","739-745-5535","CLOSD","1519 Hearthglow Lane, Henrico VA 23238","23238","Henrico","Single Family Residence","11/12/2024","$649,950","$665,000","8","Resale (occupied at least once)","1978","Kingsley","2,931","0.46","4","2.1","Public Water","Sewer - Public","Conventional","Individuals"
"501","2426841","W000-1517-008","CLOSD","3309 Patterson Avenue, Richmond City VA 23221","23221","Richmond City","Single Family Residence","11/12/2024","$479,000","$530,000","6","Resale (occupied at least once)","1922","None","1,188","0.02","3","1.1","Public Water","Sewer - Public","Conventional","Individuals"
"501","2426481","7778-62-5184","CLOSD","11489 Chiltern Hills Court, Hanover VA 23059","23059","Hanover","Single Family Residence","11/12/2024","$414,900","$415,000","2","Resale (occupied at least once)","2001","Cedarlea Park","1,626","0.39","3","2.0","Public Water","Sewer - Public","Conventional","Individuals"
"501","2426377","8705-31-2080","CLOSD","8052 Ellerson Station Drive, Hanover VA 23111","23111","Hanover","Single Family Residence","11/12/2024","$329,950","$348,000","4","Resale (occupied at least once)","1993","Ellerson Station","1,190","0.35","3","2.0","Public Water","Sewer - Public","Conventional","Individuals"
"501","2425993","793-66-09-97-200-000","CLOSD","3206 New Found Lane, Chesterfield VA 23831","23831","Chesterfield","Single Family Residence","11/12/2024","$299,950","$300,000","8","Resale (occupied at least once)","1989","Cameron Run","1,224","0.23","4","2.0","Public Water","Sewer - Public","Conventional","Individuals"
"501","2425504","C004-0569-042","CLOSD","7730 Prairie Road, Richmond City VA 23225","23225","Richmond City","Single Family Residence","11/12/2024","$475,000","$440,000","21","Resale (occupied at least once)","1961","Stratford Hills","1,635","0.55","3","2.0","Public Water","Sewer - Public","Cash","Individuals"
"501","2425277","761-70-52-10-600-000","CLOSD","7805 Provincetown Drive, Chesterfield VA 23235","23235","Chesterfield","Townhouse","11/12/2024","$239,900","$237,000","17","Resale (occupied at least once)","1975","Providence Green","1,400","0.04","3","1.1","Public Water","Sewer - Public","FHA New","Individuals"
"501","2423936","770-760-9360","CLOSD","2804 Laurelton Court, Henrico VA 23228","23228","Henrico","Single Family Residence","11/12/2024","$345,000","$345,000","29","Resale (occupied at least once)","1988","Laurel Run","1,120","0.25","3","2.0","Public Water","Sewer - Public","Conventional","Individuals"
"501","2423843","8715-93-3470","CLOSD","7041 Lantana Lane, Hanover VA 23111","23111","Hanover","Single Family Residence","11/12/2024","$435,000","$437,000","1","Resale (occupied at least once)","2013","Davis Place","1,995","0.38","4","2.1","Public Water","Sewer - Public","Conventional","Individuals"
"501","2423580","716712581300000","CLOSD","306 Quiet Breeze Alley #Unit34-1, Chesterfield VA 23113","23113","Chesterfield","Townhouse","11/12/2024","$485,107","$475,107","41","New (never occupied)","2024","Edge at Westchester","2,050","","2","2.1","Public Water","Sewer - Public","Conventional","Corporate"
"501","2422993","S000-0861-014","CLOSD","1822 Ingram Avenue, Richmond City VA 23224","23224","Richmond City","Single Family Residence","11/12/2024","$200,000","$200,000","43","Resale (occupied at least once)","1924","Oak Grove","1,176","0.20","3","1.0","Public Water","Sewer - Public","Cash","Individuals"
"501","2422980","729-67-29-16-800-000","CLOSD","6811 Sika Lane, Chesterfield VA 23112","23112","Chesterfield","Single Family Residence","11/12/2024","$314,900","$314,900","16","Resale (occupied at least once)","1987","Deer Run","1,326","0.30","3","2.0","Public Water","Sewer - Public","FHA New","Corporate"
"501","2422853","C005-0749-031","CLOSD","825 Goodwood Court, Richmond City VA 23225","23225","Richmond City","Single Family Residence","11/12/2024","$315,000","$305,000","37","Resale (occupied at least once)","1977","Goodwood","1,496","0.23","3","1.2","Public Water","None","FHA New","Individuals"
"501","2421599","7779-37-6761","CLOSD","12040 Kenton Ridge Road, Hanover VA 23005","23005","Hanover","Single Family Residence","11/12/2024","$724,950","$700,000","62","Resale (occupied at least once)","2021","Lankfords Crossing","2,572","0.67","4","2.1","Public Water","Sewer - Public","Cash","Individuals"
"501","2421582","768-760-9151.077","CLOSD","9389 Horse Castle Court #Unit705, Henrico VA 23060","23060","Henrico","Condominium","11/12/2024","$225,000","$205,000","16","Resale (occupied at least once)","1987","Laurel Lakes Condo","956","22.49","2","2.0","Public Water","Sewer - Public","Conventional","Individuals"
"501","2421273","756-735-8377.081","CLOSD","300 North Ridge Road #Unit81, Henrico VA 23229","23229","Henrico","Condominium","11/12/2024","$590,000","$640,000","11","Resale (occupied at least once)","1981","Westham Green","2,379","0.04","3","2.1","Public Water","Sewer - Public","Cash","Other"
"501","2419768","22A10 1 1  78","CLOSD","8355 East Lord Botetourt Loop, New Kent VA 23124","23124","New Kent","Single Family Residence","11/12/2024","$495,000","$492,000","40","Resale (occupied at least once)","2013","Four Seasons At New Kent","3,690","0.28","4","3.0","Public Water","Community - Sewer/Septic","Cash","Individuals"
"501","2418886","029-1-16B","CLOSD","2515 Mill Road, Powhatan VA 23139","23139","Powhatan","Single Family Residence","11/12/2024","$750,000","$750,000","51","New (never occupied)","2024","None","3,669","2.00","4","3.1","Well","Septic - Conventional","Conventional","Individuals"
"501","2418525","796-61-06-60-200-000","CLOSD","3305 Main Street, Chesterfield VA 23803","23803","Chesterfield","Single Family Residence","11/12/2024","$164,158","$164,158","22","Resale (occupied at least once)","1840","None","1,305","0.16","3","1.1","Public Water","Sewer - Public","VHDA/FHA","Corporate, Other"
"501","2418134","802-730-7062","CLOSD","1919 Oak Hill Lane, Henrico VA 23223","23223","Henrico","Single Family Residence","11/12/2024","$165,000","$136,750","83","Resale (occupied at least once)","1953","Oak Hill","816","0.18","2","1.0","Public Water","Community - Sewer/Septic","Cash","Individuals"
"501","2416951","823-725-3075","CLOSD","116 North Fern Avenue, Henrico VA 23075","23075","Henrico","Single Family Residence","11/12/2024","$249,950","$253,000","24","Resale (occupied at least once)","1956","Highland Springs","1,058","0.11","3","1.0","Public Water","Sewer - Public","Conventional","Individuals"
"501","BRTVAHA2000744","7853-79-8986","CLOSD","17024 White Pine Road, Hanover VA 23015","23015","Hanover","Single Family Residence","11/12/2024","$639,900","$603,110","84","Resale (occupied at least once)","1999","LITTLE RIVER ESTATES","2,917","10.34","4","4.0","Well","","",""
"501","2418167","716-66-17-90-000-000","CLOSD","15225 Holcomb Bridge Drive, Chesterfield VA 23832","23832","Chesterfield","Single Family Residence","11/13/2024","$598,990","$589,000","81","New (never occupied)","2024","Harpers Mill","2,751","0.40","4","2.1","Public Water","Sewer - Public","Conventional","Other"
"501","2412936","TBD","CLOSD","13338 Garland Lane, Chesterfield VA 23114","23114","Chesterfield","Condominium","11/13/2024","$379,990","$389,990","59","New (never occupied)","2024","Coalfield Station","1,573","","3","2.1","Public Water","Sewer - Public","FHA New","Corporate"
"501","2413313","TBD","CLOSD","13336 Garland Lane, Chesterfield VA 23114","23114","Chesterfield","Condominium","11/13/2024","$418,990","$416,990","69","New (never occupied)","2024","Coalfield Station","2,345","","3","2.1","Public Water","Sewer - Public","FHA New","Corporate"
"501","2423406","797-64-84-21-600-000","CLOSD","13530 Laketree Drive, Chesterfield VA 23831","23831","Chesterfield","Single Family Residence","11/13/2024","$419,500","$432,000","21","Resale (occupied at least once)","2003","Forest Lake","2,562","0.54","4","2.1","Public Water","Sewer - Public","VA New","Individuals"
"501","2422179","716-66-14-77-700-000","CLOSD","8819 Pima Terrace, Chesterfield VA 23832","23832","Chesterfield","Single Family Residence","11/13/2024","$789,950","$789,950","4","New (never occupied)","2024","Harpers Mill","4,400","","4","4.0","Public Water","Sewer - Public","Conventional","Corporate"
"501","2423053","730-65-93-45-100-000","CLOSD","10536 Beachcrest Court, Chesterfield VA 23832","23832","Chesterfield","Single Family Residence","11/13/2024","$649,990","$649,990","39","New (never occupied)","2024","Brandy Oaks","3,812","","4","3.1","Public Water","Septic - Engineered","VA New","Corporate"
"501","2422232","777-67-71-93-900-000","CLOSD","5236 Winterleaf Drive, Chesterfield VA 23234","23234","Chesterfield","Single Family Residence","11/13/2024","$325,000","$305,000","54","Resale (occupied at least once)","1978","Orchardhill","1,615","0.56","4","2.0","Public Water","Sewer - Public","Conventional","Corporate"
"501","2420254","784-771-0318","CLOSD","10173 Blue Wing Lane, Henrico VA 23059","23059","Henrico","Townhouse","11/13/2024","$409,740","$395,740","40","New (never occupied)","2024","Village at Virginia Center Commons","1,957","","3","2.2","Public Water","Sewer - Public","Conventional","Corporate"
"501","2425333","762-743-1860","CLOSD","1505 Rockwood Road, Henrico VA 23226","23226","Henrico","Single Family Residence","11/13/2024","$399,000","$395,600","18","Resale (occupied at least once)","1955","Buckingham Park","1,536","0.24","4","2.0","Public Water","Sewer - Public","FHA New","Individuals"
"501","2421161","739-67-68-17-700-000","CLOSD","12107 Timbernorth Court, Chesterfield VA 23112","23112","Chesterfield","Single Family Residence","11/13/2024","$299,950","$310,000","29","Resale (occupied at least once)","1998","Timbermill North","1,032","0.33","3","2.0","Public Water","Sewer - Public","VHDA ","Individuals"
"501","2425710","768-66-21-43-500-000","CLOSD","9822 Chanelka Lane, Chesterfield VA 23832","23832","Chesterfield","Single Family Residence","11/13/2024","$399,000","$399,000","11","Resale (occupied at least once)","1978","Deerfield Estates","2,042","0.50","3","2.0","Public Water","Sewer - Public","VA New","Individuals"
"501","2418878","805-692-4426","CLOSD","1717 New Settlement Drive, Henrico VA 23231","23231","Henrico","Single Family Residence","11/13/2024","$449,000","$443,586","75","New (never occupied)","2024","Settlers Ridge","1,659","0.18","3","2.0","Public Water","Sewer - Public","Conventional","Corporate"
"501","2425501","TBD","CLOSD","9939 Golden Trout Lane, Henrico VA 23059","23059","Henrico","Condominium","11/13/2024","$439,135","$426,635","4","New (never occupied)","2024","Village at Virginia Center Commons","1,943","","4","3.1","Public Water","Sewer - Public","Conventional","Corporate"
"501","2426597","733-67-54-42-500-000","CLOSD","4817 Sapphire Drive #Unit4817, Chesterfield VA 23112","23112","Chesterfield","Townhouse","11/13/2024","$350,000","$355,000","4","Resale (occupied at least once)","2009","Springridge At Swift Creek","2,144","0.08","3","3.1","Public Water","Sewer - Public","Conventional","Individuals"
"501","2425129","793-61-44-62-400-000","CLOSD","20412 Woodpecker Road, Chesterfield VA 23803","23803","Chesterfield","Single Family Residence","11/13/2024","$415,000","$415,000","17","Resale (occupied at least once)","1965","Fieldcrest","2,407","0.49","4","2.1","Public Water","Septic - Conventional","FHA New","Corporate"
"501","2419025","805-715-7441","CLOSD","2319 Farrand Drive, Henrico VA 23231","23231","Henrico","Single Family Residence","11/13/2024","$286,500","$265,000","84","Resale (occupied at least once)","1973","Montrose Terrace","1,092","0.33","3","1.0","Public Water","Sewer - Public","VA New","Individuals"
"501","2414392","N000-1793-050","CLOSD","3446 Carlton Street #Unit5B, Richmond City VA 23230","23230","Richmond City","Condominium","11/13/2024","$459,495","$459,495","99","New (never occupied)","2024","Mason Yards","1,517","","2","2.1","Public Water","Sewer - Public","Conventional","Corporate"
"501","2426055","8707-53-2145","CLOSD","10179 Suzanne Drive, Hanover VA 23116","23116","Hanover","Single Family Residence","11/13/2024","$395,900","$395,900","2","Resale (occupied at least once)","1981","Pearsons Corner","1,841","0.59","3","3.0","Public Water","Septic - Conventional","Conventional","Individuals"
"501","2428152","841-708-3547","CLOSD","2941 Old Memorial Drive, Henrico VA 23150","23150","Henrico","Single Family Residence","11/13/2024","$100,000","$102,000","7","Resale (occupied at least once)","1988","Acreage","1,125","4.00","3","1.0","Well","Septic - Conventional","Cash","Individuals, Partnership"
"501","2427330","734-749-4132","CLOSD","2089 Airy Circle, Henrico VA 23238","23238","Henrico","Townhouse","11/13/2024","$285,000","$295,000","2","Resale (occupied at least once)","1985","Knollingwood","1,340","0.07","3","2.1","Public Water","Sewer - Public","Conventional","Individuals"
"501","2426757","825-694-3732","CLOSD","3500 Darbytown Road, Henrico VA 23231","23231","Henrico","Single Family Residence","11/13/2024","$350,000","$380,000","5","Resale (occupied at least once)","1988","None","1,400","1.31","3","2.1","Well","Septic - Conventional","Conventional","Individuals"
"501","2426755","7797-75-2270","CLOSD","10282 Shawns Grove Place, Hanover VA 23116","23116","Hanover","Single Family Residence","11/13/2024","$539,000","$550,000","4","Resale (occupied at least once)","1998","Ash Creek","2,695","0.47","4","2.1","Public Water","Sewer - Public","Conventional","Individuals"
"501","2426664","6799-77-1876","CLOSD","12431 Pinhook Road, Hanover VA 23146","23146","Hanover","Single Family Residence","11/13/2024","$559,950","$641,555","9","Resale (occupied at least once)","1989","None","2,468","11.68","3","3.1","Well","Septic - Conventional","Cash","Estate"
"501","2426499","C004-0298-008","CLOSD","7356 Longview Drive, Richmond City VA 23225","23225","Richmond City","Single Family Residence","11/13/2024","$499,900","$543,000","8","Resale (occupied at least once)","1979","Rockfalls","1,683","0.57","3","2.1","Public Water","Sewer - Public","Conventional","Individuals"
"501","2426234","C002-0176-016","CLOSD","3206 East Weyburn Road, Richmond City VA 23235","23235","Richmond City","Single Family Residence","11/13/2024","$599,000","$599,000","14","Resale (occupied at least once)","1960","Oxford","3,016","0.66","4","3.0","Public Water","Sewer - Public","Cash","Individuals"
"501","2426178","7803-74-9147","CLOSD","16194 Pleasant Mill Road, Hanover VA 23192","23192","Hanover","Single Family Residence","11/13/2024","$575,000","$575,000","2","Resale (occupied at least once)","2017","None","2,142","14.00","3","3.0","Well","Septic - Conventional","FHA New","Individuals"
"501","2425872","W019-0306-034","CLOSD","36 East Lock Lane #UnitU3, Richmond City VA 23226","23226","Richmond City","Condominium","11/13/2024","$365,000","$380,000","9","Resale (occupied at least once)","1930","Lock Lane Condominium","815","0.02","2","2.0","Public Water","Sewer - Public","Conventional","Individuals"
"501","2425716","8704-87-6499","CLOSD","7392 Atlee Road, Hanover VA 23111","23111","Hanover","Single Family Residence","11/13/2024","$359,950","$359,950","4","Resale (occupied at least once)","1959","Full View Manor","1,435","0.26","3","1.1","Public Water","Sewer - Public","Conventional","Individuals"
"501","2425692","710-66-53-25-900-000","CLOSD","8514 Hampton Crossing Court, Chesterfield VA 23832","23832","Chesterfield","Single Family Residence","11/13/2024","$549,000","$570,000","6","Resale (occupied at least once)","2004","Hampton Park","3,243","0.33","4","3.1","Public Water","Sewer - Public","Conventional","Estate"
"501","2425679","C001-0527-052","CLOSD","10219 Sioux Road, Richmond City VA 23235","23235","Richmond City","Single Family Residence","11/13/2024","$680,000","$680,000","7","Resale (occupied at least once)","1990","Huguenot Farms","2,939","0.72","4","2.1","Public Water","Sewer - Public","Conventional","Individuals"
"501","2425505","740-748-6296","CLOSD","10801 Weather Vane Road, Henrico VA 23238","23238","Henrico","Single Family Residence","11/13/2024","$615,000","$630,000","11","Resale (occupied at least once)","1984","Whitaker Woods","2,659","0.71","4","2.1","Public Water","Sewer - Public","Conventional","Individuals"
"501","2425423","724657790600000","CLOSD","11200 Longtown Place, Chesterfield VA 23112","23112","Chesterfield","Single Family Residence","11/13/2024","$529,900","$529,900","4","Resale (occupied at least once)","2013","Collington","3,280","0.28","5","3.0","Public Water","Sewer - Public","Conventional","Individuals"
"501","2425385","722-67-72-45-000-000","CLOSD","14304 Woods Walk Lane, Chesterfield VA 23112","23112","Chesterfield","Single Family Residence","11/13/2024","$329,950","$335,951","3","Resale (occupied at least once)","1985","Woodlake","1,226","0.17","3","2.0","Public Water","Sewer - Public","Conventional","Individuals"
"501","2424652","7870-88-6901","CLOSD","13937 Stanley Park Drive, Hanover VA 23005","23005","Hanover","Single Family Residence","11/13/2024","$429,900","$437,000","12","Resale (occupied at least once)","2018","Ashland Park","1,669","0.17","3","2.1","Public Water","Sewer - Public","Conventional","Individuals"
"501","2423074","817-678-6190","CLOSD","8901 Strath Road, Henrico VA 23231","23231","Henrico","Single Family Residence","11/13/2024","$400,000","$380,000","20","Resale (occupied at least once)","1965","Acreage","3,274","1.29","4","2.2","Well","Septic - Conventional","Cash","Estate"
"501","2421636","22A14 3    15","CLOSD","7245 Peyton Randolph Lane, New Kent VA 23124","23124","New Kent","Townhouse","11/13/2024","$299,998","$291,000","57","Resale (occupied at least once)","2023","Townhomes at Four Seasons","1,568","0.06","3","2.1","Public Water","Sewer - Public","Conventional","Individuals"
"501","2420763","E000-0519-011","CLOSD","2524 Q Street, Richmond City VA 23223","23223","Richmond City","Single Family Residence","11/13/2024","$599,950","$575,000","34","New (never occupied)","2024","None","2,119","0.10","3","2.1","Public Water","Sewer - Public","VA New","Corporate"
"501","2417814","33B13 1AL   4","CLOSD","4842 Kingshire Drive, New Kent VA 23140","23140","New Kent","Single Family Residence","11/13/2024","$415,000","$415,000","73","Resale (occupied at least once)","2006","Brickshire","1,875","0.42","3","2.0","Public Water","Sewer - Public","Conventional","Individuals"
"501","BRTVAHN2000784","NO TAX RECORD","CLOSD","217 Orange Blossom Run, Henrico VA 23150","23150","Henrico","Townhouse","11/13/2024","$303,940","$303,940","0","New (never occupied)","2024","NA","1,280","0.00","3","2.0","Public Water","Public Sewer On Site","",""
"501","REIN10541756","33B13 1AL 4","CLOSD","4842 Kingshire Drive VA 23140","23140","New Kent","Single Family Residence","11/13/2024","$415,000","$415,000","72","Resale (occupied at least once)","2006","BRICKSHIRE","1,875","","3","2.0","Public Water","Public Sewer On Site","",""
"501","2425251","W 0200 229 009","CLOSD","5403 Tuckahoe Avenue, Richmond City VA 23226","23226","Richmond City","Single Family Residence","11/14/2024","$800,000","$952,000","9","Resale (occupied at least once)","1942","Tuckahoe Terrace","2,546","","4","4.0","Public Water","Sewer - Public","Cash","Other"
"501","2424415","727-70-29-57-100-000","CLOSD","13915 KRIM POINT Trail, Chesterfield VA 23114","23114","Chesterfield","Single Family Residence","11/14/2024","$440,000","$450,000","4","Resale (occupied at least once)","2002","Krim Point","1,730","","2","2.0","Public Water","Sewer - Public","Conventional","Individuals"
"501","BRTVARC2000564","N0000997002","CLOSD","3106 4Th Avenue, Richmond City VA 23222","23222","Richmond City","Single Family Residence","11/14/2024","$325,000","$330,000","2","Resale (occupied at least once)","1922","NONE","1,440","0.10","3","3.0","Public Water","Public Sewer On Site","",""
"501","2425331","N000-2453-027","CLOSD","1232 Westminster Avenue, Richmond City VA 23227","23227","Richmond City","Single Family Residence","11/14/2024","$534,950","$534,950","12","Resale (occupied at least once)","1938","Bellevue Court","1,707","0.16","3","2.0","Public Water","Sewer - Public","Conventional","Individuals"
"501","2426985","W000-1033-060","CLOSD","2323 Apple Alley, Richmond City VA 23220","23220","Richmond City","Townhouse","11/14/2024","$650,000","$650,000","0","New (never occupied)","2024","None","1,847","","2","2.1","Public Water","Sewer - Public","Conventional","Corporate"
"501","2403320","700-68-87-44-100-000","CLOSD","18112 Dogwood flower Lane, Chesterfield VA 23120","23120","Chesterfield","Single Family Residence","11/14/2024","$638,950","$918,220","0","New (never occupied)","2024","Tuckmar Farm","5,431","","5","5.0","Public Water","Sewer - Public","Conventional","Corporate"
"501","2409581","823-693-2768","CLOSD","7100 Sir Lancelot Court, Henrico VA 23231","23231","Henrico","Single Family Residence","11/14/2024","$473,685","$478,070","93","New (never occupied)","2024","Castleton","2,714","0.24","4","3.0","Public Water","Sewer - Public","Conventional","Corporate"
"501","2409343","730-767-4819.070","CLOSD","1107 Broad Hill Trace, Henrico VA 23233","23233","Henrico","Townhouse","11/14/2024","$560,000","$534,000","160","Resale (occupied at least once)","2021","Saunders Station At Broad Hill Centre","2,734","0.06","4","3.1","Public Water","Sewer - Public","Conventional","Corporate"
"501","2424156","727-66-94-78-900-000","CLOSD","14005 Key Deer Drive, Chesterfield VA 23112","23112","Chesterfield","Single Family Residence","11/14/2024","$349,000","$360,000","24","Resale (occupied at least once)","1989","Deer Run","1,613","0.61","4","2.0","Public Water","Sewer - Public","FHA New","Individuals"
"501","2426483","827-726-1439","CLOSD","470 North Mullens Lane, Henrico VA 23075","23075","Henrico","Single Family Residence","11/14/2024","$329,900","$330,000","7","Resale (occupied at least once)","1978","Greendale Park","1,942","0.71","4","2.0","Well","Septic - Conventional","Conventional","Individuals"
"501","2414897","785-68-62-00-400-000","CLOSD","5908 Misty Oak Court, Chesterfield VA 23234","23234","Chesterfield","Single Family Residence","11/14/2024","$350,000","$337,850","120","Resale (occupied at least once)","1993","Meadow Oaks","2,113","0.44","3","2.0","Public Water","Sewer - Public","Conventional","Corporate"
"501","2426653","712-66-72-09-200-000","CLOSD","13161 Hampton Meadows Place, Chesterfield VA 23832","23832","Chesterfield","Single Family Residence","11/14/2024","$519,990","$519,990","5","Resale (occupied at least once)","2001","Hampton Park","3,000","0.27","5","2.1","Public Water","Sewer - Public","Conventional","Individuals"
"501","2426619","N000-0538-005","CLOSD","109 Overbrook Road, Richmond City VA 23222","23222","Richmond City","Single Family Residence","11/14/2024","$635,000","$635,000","3","Resale (occupied at least once)","1922","Battery Park","2,607","0.16","4","3.1","Public Water","Sewer - Public","Conventional","Corporate"
"501","2410792","7786721805","CLOSD","8113 Reedy Hill Drive, Chesterfield VA 23237","23237","Chesterfield","Single Family Residence","11/14/2024","$538,640","$551,469","2","New (never occupied)","2024","Reedy Springs","3,124","0.28","5","2.1","Public Water","Sewer - Public","Conventional","Corporate"
"501","2408025","20-28-2-28-0","CLOSD","3713 Rocketts Ridge Drive, Goochland VA 23153","23153","Goochland","Single Family Residence","11/14/2024","$707,845","$707,845","280","New (never occupied)","2024","Rocketts Ridge","3,047","1.80","5","3.0","Well","Septic - Conventional","Conventional","Corporate"
"501","2319076","738-768-5488","CLOSD","4716 BACOVA VILLAGE Place, Henrico VA 23059","23059","Henrico","Condominium","11/14/2024","$569,990","$564,110","264","New (never occupied)","2024","Bacova Village","2,294","","3","2.1","Public Water","Sewer - Public","Cash","Corporate"
"501","2414286","TBD","CLOSD","8265 Winter Fog Drive, New Kent VA 23124","23124","New Kent","Single Family Residence","11/14/2024","$556,800","$556,840","0","New (never occupied)","2023","Renaissance at Four Seasons","3,304","","3","4.0","Public Water","Sewer - Public","VA New","Corporate"
"501","2425075","787-64-34-60-000-000","CLOSD","14119 Faraday Court, Chesterfield VA 23831","23831","Chesterfield","Single Family Residence","11/14/2024","$499,950","$499,950","6","Resale (occupied at least once)","2005","Stoney Glen South","3,596","0.44","4","3.2","Public Water","Sewer - Public","VA New","Individuals"
"501","2423666","728-759-9650","CLOSD","3804 French Horn Court, Henrico VA 23233","23233","Henrico","Single Family Residence","11/14/2024","$839,950","$823,000","37","Resale (occupied at least once)","1995","Foxhall","3,263","0.38","5","3.1","Public Water","Sewer - Public","Conventional","Individuals"
"501","2404938","726-70-90-70-800-022","CLOSD","1504 Ewing Park Loop #Unit207, Chesterfield VA 23113","23113","Chesterfield","Condominium","11/14/2024","$319,000","$305,000","231","New (never occupied)","2022","Promenade at Winterfield","1,133","","3","2.0","Public Water","Sewer - Public","Cash","Corporate"
"501","2325534","Not Yet Assigned","CLOSD","3941 Maze Runner Drive, Chesterfield VA 23112","23112","Chesterfield","Condominium","11/14/2024","$296,545","$296,645","110","New (never occupied)","2024","Wescott","1,227","","1","2.0","Public Water","Sewer - Public","Conventional","Corporate"
"501","2424933","728-68-85-32-500-000","CLOSD","2913 Fox Chase Drive, Chesterfield VA 23112","23112","Chesterfield","Single Family Residence","11/14/2024","$422,900","$430,000","6","Resale (occupied at least once)","1978","Brandermill","1,978","0.27","3","2.1","Public Water","Sewer - Public","Conventional","Individuals"
"501","2426760","779-69-15-00-300-000","CLOSD","4413 Melody Road, Chesterfield VA 23234","23234","Chesterfield","Single Family Residence","11/14/2024","$450,000","$450,000","6","Resale (occupied at least once)","2007","Garland Heights","2,544","0.59","3","3.1","Well","Septic - Conventional","Conventional","Individuals"
"501","2427736","7778-90-2463","CLOSD","11088 Brookhollow Drive, Hanover VA 23059","23059","Hanover","Single Family Residence","11/14/2024","$500,000","$551,250","4","Resale (occupied at least once)","1983","Stony Run Estates","2,790","3.43","5","3.0","Public Water","Sewer - Public","Conventional","Individuals"
"501","2426683","746-67-86-04-800-000","CLOSD","5200 Oakforest Drive, Chesterfield VA 23832","23832","Chesterfield","Single Family Residence","11/14/2024","$299,900","$301,000","5","Resale (occupied at least once)","1982","Sunnybrook","1,040","0.23","3","1.1","Public Water","Sewer - Public","Conventional","Individuals"
"501","2429210","802-737-5857","CLOSD","4064 Grand Reserve Lane #UnitK-5, Henrico VA 23223","23223","Henrico","Townhouse","11/14/2024","$353,368","$353,368","0","New (never occupied)","2024","Reserve at Springdale Park","1,525","","3","2.1","Public Water","Sewer - Public","Conventional","Corporate"
"501","2427739","815-695-3845","CLOSD","2539 Yarnell Road, Henrico VA 23231","23231","Henrico","Single Family Residence","11/14/2024","$249,950","$225,000","6","Resale (occupied at least once)","1954","Acreage","1,563","7.19","4","2.0","Well","Septic - Conventional","Cash","Individuals"
"501","2427066","E000-0254-021","CLOSD","509 North 21st Street, Richmond City VA 23223","23223","Richmond City","Single Family Residence","11/14/2024","$375,000","$382,500","3","Resale (occupied at least once)","1900","None","1,988","0.08","2","2.0","Public Water","Sewer - Public","Conventional","Individuals"
"501","2427050","722-69-18-24-700-000","CLOSD","2201 Holding Pond Lane, Chesterfield VA 23112","23112","Chesterfield","Single Family Residence","11/14/2024","$495,000","$480,000","3","Resale (occupied at least once)","2003","Watermill","2,400","0.30","5","3.0","Public Water","Sewer - Public","Conventional","Individuals"
"501","2426833","744-69-91-83-400-109","CLOSD","11203 Lantern Way, Chesterfield VA 23236","23236","Chesterfield","Condominium","11/14/2024","$449,900","$440,000","14","Resale (occupied at least once)","2013","Harvest Glen","1,876","","3","2.0","Public Water","Sewer - Public","Cash","Estate"
"501","2426783","787-65-28-54-400-000","CLOSD","4615 Perdue Street, Chesterfield VA 23831","23831","Chesterfield","Single Family Residence","11/14/2024","$415,000","$415,000","6","Resale (occupied at least once)","1972","Bruce Farms","1,740","0.69","3","2.0","Public Water","Septic - Conventional","Conventional","Individuals"
"501","2426584","8724-20-3092","CLOSD","7006 Marie Lane, Hanover VA 23111","23111","Hanover","Single Family Residence","11/14/2024","$315,000","$330,000","2","Resale (occupied at least once)","1984","High Point Farms","1,181","0.37","3","2.0","Public Water","Sewer - Public","Conventional","Estate, Other"
"501","2426480","767-738-0793","CLOSD","1021 Orchard Road, Henrico VA 23226","23226","Henrico","Single Family Residence","11/14/2024","$525,000","$602,000","6","Resale (occupied at least once)","1953","Monument Avenue Terrace","1,610","0.17","4","2.0","Public Water","Sewer - Public","Conventional","Individuals"
"501","2426331","754-752-0494","CLOSD","2409 Cranbrook Road, Henrico VA 23229","23229","Henrico","Single Family Residence","11/14/2024","$329,950","$329,950","8","Resale (occupied at least once)","1963","Westbriar","1,252","0.26","3","1.1","Public Water","Sewer - Public","Conventional","Individuals"
"501","2426221","732-68-26-39-400-000","CLOSD","4005 Echo Ridge Place, Chesterfield VA 23112","23112","Chesterfield","Single Family Residence","11/14/2024","$399,950","$410,000","11","Resale (occupied at least once)","1986","Echo Ridge","1,606","0.27","3","2.1","Public Water","Sewer - Public","Conventional","Other"
"501","2426150","721-67-64-69-200-000","CLOSD","5712 Oak Knoll Lane, Chesterfield VA 23112","23112","Chesterfield","Single Family Residence","11/14/2024","$470,000","$475,000","4","Resale (occupied at least once)","1985","Woodlake","2,326","0.25","5","2.1","Public Water","Sewer - Public","FHA New Assumption","Individuals"
"501","2426045","753-752-2169","CLOSD","9500 Fordson Road, Henrico VA 23229","23229","Henrico","Single Family Residence","11/14/2024","$369,950","$390,000","5","Resale (occupied at least once)","1964","Westbriar","1,621","0.24","3","2.0","Public Water","Sewer - Public","Conventional","Individuals"
"501","2425906","792-63-51-82-100-000","CLOSD","4260 Cougar Trail, Chesterfield VA 23831","23831","Chesterfield","Single Family Residence","11/14/2024","$365,000","$378,000","4","Resale (occupied at least once)","2016","Harrowgate Meadows","1,656","0.31","3","2.0","Public Water","Sewer - Public","Conventional","Individuals"
"1001","2425897","730-67-85-50-200-000","CLOSD","13421 Woodbriar Ridge, Chesterfield VA 23112","23112","Chesterfield","Townhouse","11/14/2024","$300,000","$293,000","9","Resale (occupied at least once)","1977","Litchfield Bluff","1,988","0.10","3","3.0","Public Water","Sewer - Public","Cash","Individuals"
"1001","2425694","N000-0997-002","CLOSD","3106 4th Avenue, Richmond City VA 23222","23222","Richmond City","Single Family Residence","11/14/2024","$325,000","$330,000","2","Resale (occupied at least once)","1922","Highland Park Addition","1,440","0.10","3","2.1","Public Water","Sewer - Public","FHA New","Individuals"
"1001","2425524","7796-79-1381","CLOSD","9935 Honeybee Drive, Hanover VA 23116","23116","Hanover","Single Family Residence","11/14/2024","$669,950","$675,000","2","Resale (occupied at least once)","2020","The Villages at Taylor Farm","3,310","0.19","5","2.1","Community Well","Sewer - Public","Conventional","Relocation"
"1001","2424318","W021-0398-005","CLOSD","11 Tapoan Road, Richmond City VA 23226","23226","Richmond City","Single Family Residence","11/14/2024","$1,100,000","$1,365,000","11","Resale (occupied at least once)","1950","None","3,854","0.43","4","4.1","Public Water","Sewer - Public","Cash","Individuals"
"1001","2424076","791-758-7863","CLOSD","516 Plantation Drive, Henrico VA 23227","23227","Henrico","Single Family Residence","11/14/2024","$250,000","$250,000","2","Resale (occupied at least once)","1971","Northfield","2,260","0.41","3","2.1","Public Water","Sewer - Public","Private","Individuals"
"1001","2423975","775-765-5698","CLOSD","10494 Marions Way, Henrico VA 23060","23060","Henrico","Townhouse","11/14/2024","$387,000","$387,000","4","Resale (occupied at least once)","2016","Townes At Woodman","1,896","0.05","3","3.1","Public Water","Sewer - Public","Conventional","Individuals"
"1001","2423950","726-68-66-62-600-000","CLOSD","13906 Barnes Spring Road, Chesterfield VA 23112","23112","Chesterfield","Single Family Residence","11/14/2024","$405,000","$405,000","19","Resale (occupied at least once)","1979","Barnes Spring","1,857","0.29","4","2.1","Public Water","Sewer - Public","VHDA/FHA","Individuals"
"1001","2423719","7787-06-1311","CLOSD","10444 Golden Sunset Court #UnitF-58, Hanover VA 23059","23059","Hanover","Condominium","11/14/2024","$529,900","$530,000","7","Resale (occupied at least once)","2021","Chickahominy Falls","2,460","0.01","3","3.0","Public Water","Sewer - Public","Cash","Individuals"
"1001","2421761","8744-26-2101","CLOSD","4705 Mantlo Court, Hanover VA 23111","23111","Hanover","Single Family Residence","11/14/2024","$788,281","$784,000","40","New (never occupied)","2024","Madison Estates","3,775","1.29","4","3.1","Well","Septic - Conventional","Conventional","Corporate"
"1001","2418469","732-67-71-03-500-000","CLOSD","13210 Thornridge Lane, Chesterfield VA 23112","23112","Chesterfield","Single Family Residence","11/14/2024","$369,990","$355,000","30","Resale (occupied at least once)","1978","Brandermill","2,238","0.27","5","3.0","Public Water","Sewer - Public","FHA New Assumption","Individuals"
"1001","2418188","708-69-73-58-800-000","CLOSD","16707 Tulip Hill Court, Chesterfield VA 23112","23112","Chesterfield","Single Family Residence","11/14/2024","$1,499,000","$1,499,000","67","New (never occupied)","2024","Hallsley","5,144","","6","5.1","Public Water","Sewer - Public","Conventional","Corporate"
"1001","2417743","729-66-27-88-100-000","CLOSD","9518 Simonsville Road, Chesterfield VA 23112","23112","Chesterfield","Single Family Residence","11/14/2024","$550,000","$550,000","86","Resale (occupied at least once)","2020","Collington East","2,947","0.28","4","2.1","Public Water","Sewer - Public","VA New","Individuals"
"1001","BRTVACF2000886","726686584800000","CLOSD","13903 Sterlings Bridge Road, Chesterfield VA 23112","23112","Chesterfield","Single Family Residence","11/14/2024","$300,000","$410,000","16","Resale (occupied at least once)","1979","BRANDERMILL","2,352","0.27","4","3.0","Public Water","Public Sewer On Site","",""
"1001","2426386","C0050097026","CLOSD","5721 Regent Circle, Richmond City VA 23225","23225","Richmond City","Single Family Residence","11/15/2024","$625,000","$645,000","4","Resale (occupied at least once)","1987","Westover Hills West","2,096","0.65","3","2.1","Public Water","Sewer - Public","Conventional","Individuals"
"1001","2424582","791-63-65-44-200-000","CLOSD","4100 Harrow Drive, Chesterfield VA 23831","23831","Chesterfield","Single Family Residence","11/15/2024","$399,995","$370,000","22","Resale (occupied at least once)","2021","Harrowgate Meadows","1,574","0.67","3","2.0","Public Water","Sewer - Public","VA New","Individuals"
"1001","2424738","731678347300000","CLOSD","4600 Painted Post Lane, Chesterfield VA 22312","22312","Chesterfield","Single Family Residence","11/15/2024","$335,000","$335,000","28","Resale (occupied at least once)","1976","Brandermill","1,832","0.18","4","2.1","Public Water","Sewer - Public","Cash","Individuals"
"1001","2407312","820-686-6855","CLOSD","2789 Sanctuary Commons Court, Henrico VA 23231","23231","Henrico","Single Family Residence","11/15/2024","$452,980","$465,205","3","New (never occupied)","2024","Four Mile Run","2,666","","4","2.1","Public Water","Sewer - Public","VA New","Corporate"
"1001","2426779","719-71-24-64-600-000","CLOSD","14824 Diamond Creek Terrace, Chesterfield VA 23113","23113","Chesterfield","Single Family Residence","11/15/2024","$525,000","$515,000","5","Resale (occupied at least once)","2014","Brookcreek Crossing","2,512","0.14","4","3.0","Public Water","Sewer - Public","Conventional","Individuals"
"1001","2417280","747-766-9085","CLOSD","4808 Sadler Oaks Court, Henrico VA 23060","23060","Henrico","Single Family Residence","11/15/2024","$652,000","$649,000","93","Resale (occupied at least once)","2005","Sadler Oaks","3,500","0.27","4","2.1","Public Water","Sewer - Public","Conventional","Corporate"
"1001","2421875","804-736-7132","CLOSD","3904 Darton Terrace, Henrico VA 23223","23223","Henrico","Single Family Residence","11/15/2024","$366,000","$366,000","57","Resale (occupied at least once)","1999","Orchard Glen","2,092","0.26","4","2.1","Public Water","Sewer - Public","Conventional","Corporate"
"1001","2415952","W019-0095-037","CLOSD","4706 West Grace Street, Richmond City VA 23230","23230","Richmond City","Single Family Residence","11/15/2024","$1,099,950","$1,050,000","115","New (never occupied)","2024","Monument Avenue Park","2,811","0.17","4","3.1","Public Water","Sewer - Public","Conventional","Corporate"
"1001","2425017","805-715-1700","CLOSD","2214 Farrand Street, Henrico VA 23231","23231","Henrico","Single Family Residence","11/15/2024","$299,000","$313,500","7","Resale (occupied at least once)","1968","Montrose Heights","1,970","0.37","3","2.0","Public Water","Sewer - Public","FHA New","Individuals"
"1001","2413816","743-763-9337","CLOSD","11472 Sligo Drive, Henrico VA 23060","23060","Henrico","Single Family Residence","11/15/2024","$719,990","$709,990","146","New (never occupied)","2024","None","2,628","","4","3.0","Public Water","Sewer - Public","Conventional","Corporate"
"1001","2409868","7717-83-6050","CLOSD","2252 Osborne Hill Drive, Goochland VA 23146","23146","Goochland","Single Family Residence","11/15/2024","$730,950","$830,988","0","New (never occupied)","2024","Tuckahoe Bridge","3,016","0.42","4","3.1","Public Water","Sewer - Public","Conventional","Corporate"
"1001","2425397","N000-1037-039","CLOSD","3123 Fendall Avenue, Richmond City VA 23222","23222","Richmond City","Single Family Residence","11/15/2024","$445,000","$450,000","19","Resale (occupied at least once)","1920","Brookland Park","1,759","0.16","4","2.1","Public Water","Sewer - Public","Conventional","Individuals"
"1001","2424105","N000-1819-006","CLOSD","1511 Avondale Avenue, Richmond City VA 23227","23227","Richmond City","Single Family Residence","11/15/2024","$599,950","$599,950","35","Resale (occupied at least once)","1929","Virginia Place","2,089","0.15","3","2.1","Public Water","Sewer - Public","Conventional","Individuals"
"1001","2425732","8736-02-8309","CLOSD","9125 Sandy Creek Lane, Hanover VA 23116","23116","Hanover","Single Family Residence","11/15/2024","$639,950","$639,950","3","Resale (occupied at least once)","1987","Winsmith Farms","3,231","3.01","4","2.1","Well","Septic - Conventional","Conventional","Individuals"
"1001","2415872","119764","CLOSD","7938 Arbor Marsh Terrace, New Kent VA 23124","23124","New Kent","Single Family Residence","11/15/2024","$477,990","$477,990","127","New (never occupied)","2024","The Arbors At New Kent Winery","2,220","","4","2.1","Public Water","Sewer - Public","FHA New Assumption","Corporate"
"1001","2424439","816-65-89-28-100-000","CLOSD","12100 Club Ridge Drive, Chesterfield VA 23836","23836","Chesterfield","Single Family Residence","11/15/2024","$505,000","$499,000","10","Resale (occupied at least once)","2001","Riverbend","3,284","0.33","5","2.1","Public Water","Sewer - Public","FHA New","Individuals"
"1001","2426067","760-69-03-83-300-000","CLOSD","7942 Lyndale Drive, Chesterfield VA 23235","23235","Chesterfield","Single Family Residence","11/15/2024","$400,000","$395,000","22","Resale (occupied at least once)","2023","Wyntrebrooke","1,560","0.12","3","2.0","Public Water","Sewer - Public","Cash","Individuals"
"1001","2422416","7779-87-4528","CLOSD","7 Courtside Lane, Hanover VA 23005","23005","Hanover","Single Family Residence","11/15/2024","$350,000","$344,600","52","Resale (occupied at least once)","1988","Slash Cottage","1,348","0.23","3","2.1","Public Water","Sewer - Public","Cash","Corporate"
"1001","2424598","029A-1H-1","CLOSD","2232 Kiowa Drive, Powhatan VA 23139","23139","Powhatan","Single Family Residence","11/15/2024","$375,000","$375,000","4","Resale (occupied at least once)","2001","Lake Shawnee","1,620","0.50","3","2.0","Well","Septic - Conventional","VA New","Individuals"
"1001","2423087","743-760-7827","CLOSD","3912 Fish Pond Lane, Henrico VA 23060","23060","Henrico","Townhouse","11/15/2024","$561,000","$570,000","43","Resale (occupied at least once)","2012","West Broad Village","2,904","0.05","4","3.1","Public Water","None","Conventional","Individuals"
"1001","2410950","712672555200226","CLOSD","6635 Citory Way #Unit106, Chesterfield VA 23120","23120","Chesterfield","Condominium","11/15/2024","$297,990","$308,070","16","New (never occupied)","2024","Greenwich Walk At Foxcreek","1,100","","2","2.0","Public Water","Sewer - Public","Conventional","Corporate"
"1001","2426388","810-716-5260","CLOSD","3202 Kenbridge Street, Henrico VA 23231","23231","Henrico","Single Family Residence","11/15/2024","$249,500","$244,000","13","Resale (occupied at least once)","1948","None","846","0.26","3","1.0","Public Water","Sewer - Public","Conventional","Corporate"
"1001","2425430","C008-0257-036","CLOSD","5340 Bryce Lane, Richmond City VA 23224","23224","Richmond City","Single Family Residence","11/15/2024","$299,990","$297,500","14","Resale (occupied at least once)","1968","Delta Heights","1,569","0.17","3","2.0","Public Water","Sewer - Public","Conventional","Individuals"
"1001","2420195","786-64-39-21-800-000","CLOSD","5030 Faraday Drive, Chesterfield VA 23831","23831","Chesterfield","Single Family Residence","11/15/2024","$499,000","$499,000","35","Resale (occupied at least once)","2003","Stoney Glen South","3,496","0.58","5","3.1","Public Water","Sewer - Public","Conventional","Individuals"
"1001","2426043","S007-1229-032","CLOSD","1411 Overlook Street, Richmond City VA 23224","23224","Richmond City","Single Family Residence","11/15/2024","$199,950","$199,950","10","Resale (occupied at least once)","1940","Glenwood","974","0.16","2","1.0","Public Water","Sewer - Public","VA New","Partnership"
"1001","2425998","7880-22-1449","CLOSD","887 Sweet Tessa Drive, Hanover VA 23005","23005","Hanover","Townhouse","11/15/2024","$260,000","$260,000","14","Resale (occupied at least once)","2010","Cottage Green Townes","1,440","0.04","2","2.1","Public Water","Sewer - Public","Conventional","Individuals"
"1001","2424616","807-732-1742","CLOSD","3251 Hunters Mill Drive, Henrico VA 23223","23223","Henrico","Townhouse","11/15/2024","$205,000","$205,000","11","Resale (occupied at least once)","1976","Hunters Mill Townhouses","1,254","0.08","3","1.1","Public Water","Sewer - Public","Conventional","Individuals"
"1001","2421588","777-749-8461","CLOSD","2614 Hilliard Road, Henrico VA 23228","23228","Henrico","Single Family Residence","11/15/2024","$390,000","$370,000","39","Resale (occupied at least once)","1952","Hilliard Park","2,830","0.39","5","4.0","Public Water","Sewer - Public","Conventional","Individuals"
"1001","2424516","789-69-06-29-500-000","CLOSD","5023 Oriole Avenue, Chesterfield VA 23234","23234","Chesterfield","Single Family Residence","11/15/2024","$309,950","$316,000","29","New (never occupied)","2024","None","1,496","0.89","3","2.1","Public Water","Sewer - Public","FHA New","Corporate"
"1001","2426868","8725-46-5479","CLOSD","6268 Banshire Drive, Hanover VA 23111","23111","Hanover","Single Family Residence","11/15/2024","$359,950","$366,000","3","Resale (occupied at least once)","1986","Fieldshire","1,232","0.54","3","2.0","Public Water","Sewer - Public","Conventional","Partnership"
"1001","2429820","7835-76-3605","CLOSD","15165 Rice Road, Hanover VA 23015","23015","Hanover","Single Family Residence","11/15/2024","$665,262","$665,262","0","New (never occupied)","2024","None","2,757","11.21","4","3.0","Well","Septic - Engineered","VA New","Corporate"
"1001","2423880","744-770-6521.031","CLOSD","11513 Belmont Park Lane, Henrico VA 23059","23059","Henrico","Condominium","11/15/2024","$555,000","$555,000","8","Resale (occupied at least once)","2002","Belmont Park At Twin Hickory","2,297","0.21","3","2.1","Public Water","Sewer - Public","Conventional","Individuals"
"1001","2422748","779-68-36-54-800-000","CLOSD","4701 Brimley Place, Chesterfield VA 23234","23234","Chesterfield","Townhouse","11/15/2024","$245,000","$245,000","15","Resale (occupied at least once)","1974","Berwick Village","1,312","0.05","3","1.1","Public Water","Sewer - Public","Conventional","Individuals"
"1001","2420078","N000-0641-006","CLOSD","2606 North Avenue, Richmond City VA 23222","23222","Richmond City","Single Family Residence","11/15/2024","$420,000","$405,000","63","Resale (occupied at least once)","1921","Battery Court Addition","2,454","0.14","4","2.1","Public Water","Sewer - Public","Conventional","Individuals"
"1001","2405302","820-686-5074","CLOSD","2792 Sanctuary Commons Court, Henrico VA 23231","23231","Henrico","Single Family Residence","11/15/2024","$437,220","$430,522","23","New (never occupied)","2024","Four Mile Run","2,373","","4","2.1","Public Water","Sewer - Public","FHA New","Corporate"
"1001","2424707","729-62-86-99-300-000","CLOSD","14901 Chesdin Green Way, Chesterfield VA 23838","23838","Chesterfield","Single Family Residence","11/15/2024","$675,000","$670,000","30","Resale (occupied at least once)","2023","Chesdin Landing","3,246","1.50","4","3.1","Public Water","Septic - Conventional","Conventional","Individuals"
"1001","2417807","754-69-71-40-700-000","CLOSD","1901 Camborne Road, Chesterfield VA 23236","23236","Chesterfield","Single Family Residence","11/15/2024","$415,000","$400,000","28","Resale (occupied at least once)","1971","None","3,425","0.82","5","3.2","Public Water","Sewer - Public","Conventional","Individuals"
"1001","2426715","S008-0556-025","CLOSD","2709 Lochaven Boulevard, Richmond City VA 23234","23234","Richmond City","Single Family Residence","11/15/2024","$189,950","$196,000","5","Resale (occupied at least once)","1939","Lochaven","1,248","0.14","3","1.1","Public Water","Sewer - Public","Conventional","Individuals"
"1001","2424704","26-127","CLOSD","9431 Holly Tree Lane, Charles City County VA 23030","23030","Charles City County","Single Family Residence","11/15/2024","$229,950","$232,950","3","Resale (occupied at least once)","1953","None","970","1.50","2","2.0","Well","Septic - Conventional","FHA New","Individuals"
"1001","2424551","E000-1056-012","CLOSD","2116 Wood Street, Richmond City VA 23223","23223","Richmond City","Single Family Residence","11/15/2024","$209,000","$200,000","19","Resale (occupied at least once)","1958","Rico","862","0.19","3","1.0","Public Water","Sewer - Public","Conventional","Partnership"
"1001","2424123","728-68-70-70-700-000","CLOSD","3104 Three Bridges Road, Chesterfield VA 23112","23112","Chesterfield","Single Family Residence","11/15/2024","$399,900","$409,000","4","Resale (occupied at least once)","1980","Brandermill","1,488","0.19","3","2.1","Public Water","Sewer - Public","Conventional","Individuals"
"1001","2423639","795-65-88-39-100-000","CLOSD","2840 Osborne Road, Chesterfield VA 23831","23831","Chesterfield","Single Family Residence","11/15/2024","$398,000","$398,000","35","Resale (occupied at least once)","1973","Fan Court","2,241","0.35","4","2.1","Public Water","Sewer - Public","Conventional","Corporate"
"1001","2423007","743-772-8779","CLOSD","5304 Whispering Breeze Court, Henrico VA 23059","23059","Henrico","Single Family Residence","11/15/2024","$864,950","$840,000","38","Resale (occupied at least once)","2003","Kensington - Hen","4,032","0.41","5","4.1","Public Water","Sewer - Public","Conventional","Individuals"
"1001","2415776","787-60-95-60-600-000","CLOSD","21522 Warren Avenue, Chesterfield VA 23803","23803","Chesterfield","Single Family Residence","11/15/2024","$350,000","$350,000","97","New (never occupied)","2024","Robertson Place","1,642","0.32","3","2.1","Public Water","Sewer - Public","FHA New","Other"
"1001","2426869","13-12-3","CLOSD","6409 Salem Run Road, Charles City County VA 23030","23030","Charles City County","Single Family Residence","11/15/2024","$349,500","$349,500","2","Resale (occupied at least once)","2002","None","1,392","5.71","3","2.0","Well","Septic - Conventional","Conventional","Individuals"
"1001","2426084","827-720-9632","CLOSD","404 Adamson Street, Henrico VA 23075","23075","Henrico","Townhouse","11/15/2024","$179,990","$182,500","6","Resale (occupied at least once)","1974","Fairlawn Townhouses","1,007","0.04","3","1.1","Public Water","Sewer - Public","Conventional","Individuals"
"1001","2409898","784655136500000","CLOSD","5236 Ellingshire Drive #Unit45-4, Chesterfield VA 23831","23831","Chesterfield","Townhouse","11/15/2024","$386,875","$388,243","0","New (never occupied)","2024","Iron Mill Section 1","1,855","","3","2.1","Public Water","Sewer - Public","Conventional","Corporate"
"1001","2421576","726-71-69-65-200-000","CLOSD","2410 Kentford Road, Chesterfield VA 23113","23113","Chesterfield","Single Family Residence","11/15/2024","$950,000","$910,000","18","Resale (occupied at least once)","1978","Salisbury","4,028","0.96","5","2.1","Public Water","Sewer - Public","Conventional","Individuals"
"1001","2418352","736-777-3643","CLOSD","5808 Marcross Court, Henrico VA 23059","23059","Henrico","Single Family Residence","11/15/2024","$729,900","$728,000","44","Resale (occupied at least once)","1995","Benning Oaks At Wyndham","2,712","0.28","5","2.1","Public Water","Sewer - Public","Conventional","Individuals"
"1001","2405489","7717-92-3240","CLOSD","2220 North Tuckahoe Bridge Drive, Goochland VA 23146","23146","Goochland","Single Family Residence","11/15/2024","$780,950","$873,486","0","New (never occupied)","2024","Tuckahoe Bridge","3,459","0.55","4","3.0","Public Water","Sewer - Public","Conventional","Corporate"
"1001","2428331","765-69-18-22-200-000","CLOSD","7011 Manning Road, Chesterfield VA 23832","23832","Chesterfield","Single Family Residence","11/15/2024","$249,950","$220,000","2","Resale (occupied at least once)","1979","Belmont Hills West","1,432","0.29","3","2.0","Public Water","Sewer - Public","Cash","Individuals"
"1001","2427726","S006-0244-012","CLOSD","5010 Sylvan Road, Richmond City VA 23225","23225","Richmond City","Single Family Residence","11/15/2024","$699,000","$751,000","5","Resale (occupied at least once)","1936","Westover Hills","1,842","0.15","3","2.0","Public Water","Sewer - Public","Conventional","Individuals"
"1001","2427615","S000-1358-012","CLOSD","401 West 32nd Street, Richmond City VA 23225","23225","Richmond City","Single Family Residence","11/15/2024","$525,000","$527,000","2","Resale (occupied at least once)","1918","Woodland Heights","1,932","0.21","4","2.0","Public Water","Sewer - Public","Cash","Individuals"
"1001","2427610","755-72-04-89-000-000","CLOSD","8815 West Huguenot Road, Chesterfield VA 23235","23235","Chesterfield","Single Family Residence","11/15/2024","$312,500","$305,000","13","Resale (occupied at least once)","1955","Bon Air Heights","1,301","0.32","3","1.1","Public Water","Sewer - Public","Conventional","Individuals"
"1001","2427537","776-747-4934","CLOSD","2908 Kenwood Avenue, Henrico VA 23228","23228","Henrico","Single Family Residence","11/15/2024","$314,950","$315,000","6","Resale (occupied at least once)","1951","Pinehurst Gardens","1,184","0.23","3","2.0","Public Water","Sewer - Public","Cash","Individuals"
"1001","2427424","42-34-F-48-0","CLOSD","2408 Incline Court, Goochland VA 23063","23063","Goochland","Single Family Residence","11/15/2024","$735,000","$735,000","3","Resale (occupied at least once)","2006","Holland Hills","4,023","2.53","5","4.1","Well","Septic - Conventional","Conventional","Individuals"
"1001","2427202","747-69-71-16-900-000","CLOSD","1200 Vickilee Road, Chesterfield VA 23236","23236","Chesterfield","Single Family Residence","11/15/2024","$360,000","$360,000","5","Resale (occupied at least once)","1967","Forest Acres","2,213","0.37","3","1.1","Public Water","Sewer - Public","Conventional","Individuals"
"1001","2427034","7798-60-1180","CLOSD","11009 Seward Way, Hanover VA 23116","23116","Hanover","Single Family Residence","11/15/2024","$697,000","$701,000","6","Resale (occupied at least once)","1997","Milestone","3,506","0.40","4","3.1","Public Water","Sewer - Public","FHA New","Individuals"
"1001","2426993","W020-0115-010","CLOSD","509 Granite Avenue, Richmond City VA 23226","23226","Richmond City","Single Family Residence","11/15/2024","$1,399,950","$1,375,000","3","New (never occupied)","2023","Westview","3,100","0.23","4","4.0","Public Water","Sewer - Public","Cash","Corporate"
"1001","2426945","W000-0911-055","CLOSD","2042 West Grace Street #UnitU3, Richmond City VA 23220","23220","Richmond City","Condominium","11/15/2024","$350,000","$365,525","6","Resale (occupied at least once)","1912","None","1,085","0.02","2","1.0","Public Water","Sewer - Public","Conventional","Individuals"
"1001","2426730","762-757-8308","CLOSD","4927 Cavan Green Court, Henrico VA 23228","23228","Henrico","Townhouse","11/15/2024","$265,000","$270,000","5","Resale (occupied at least once)","1985","Summer Hill","1,200","0.04","3","1.1","Public Water","Sewer - Public","Conventional","Individuals"
"1001","2426720","772-735-5697.156","CLOSD","5100 Monument Avenue #Unit1107, Henrico VA 23230","23230","Henrico","Condominium","11/15/2024","$185,000","$185,000","19","Resale (occupied at least once)","1961","5100 Monument","740","0.01","1","1.0","Public Water","Sewer - Public","Cash","Individuals"
"1001","2426526","810-728-4099","CLOSD","1023 Dominion Townes Place, Henrico VA 23223","23223","Henrico","Townhouse","11/15/2024","$297,500","$306,425","5","Resale (occupied at least once)","2008","Dominion Townes","1,452","0.07","3","2.1","Public Water","None","FHA New","Individuals"
"1001","2426501","19G111 2  15","CLOSD","3140 Ponderosa Pine Lane, New Kent VA 23141","23141","New Kent","Single Family Residence","11/15/2024","$609,900","$626,000","7","Resale (occupied at least once)","2017","Patriots Landing","3,640","0.44","5","3.1","Public Water","Sewer - Public","Conventional","Individuals"
"1001","2426458","730-752-2206","CLOSD","12310 Ridgefield Parkway, Henrico VA 23233","23233","Henrico","Single Family Residence","11/15/2024","$435,000","$441,000","5","Resale (occupied at least once)","1978","Tuckahoe Village West","1,636","0.36","3","2.1","Public Water","Sewer - Public","Cash","Individuals"
"1001","2426440","763-765-3636.013","CLOSD","3533 Bayon Way, Henrico VA 23060","23060","Henrico","Condominium","11/15/2024","$547,000","$547,000","4","Resale (occupied at least once)","2005","The Carriage Homes @ Crossridge","2,815","","3","3.0","Public Water","Sewer - Public","Conventional","Individuals"
"1001","2426436","W000-0466-026","CLOSD","1007 West Franklin Street #UnitU6, Richmond City VA 23220","23220","Richmond City","Condominium","11/15/2024","$399,900","$417,000","4","Resale (occupied at least once)","1910","None","1,552","0.04","2","2.0","Public Water","Sewer - Public","Cash","Corporate"
"1001","2426412","746-64-70-44-400-000","CLOSD","12036 Eagle Pass Drive, Chesterfield VA 23838","23838","Chesterfield","Single Family Residence","11/15/2024","$459,000","$467,000","8","Resale (occupied at least once)","2001","Beechwood Forest","2,116","1.18","4","2.0","Well","Septic - Conventional","Conventional","Individuals"
"1001","2426410","791-63-59-46-100-000","CLOSD","3900 Harrmeadow Lane, Chesterfield VA 23831","23831","Chesterfield","Single Family Residence","11/15/2024","$380,000","$380,000","7","Resale (occupied at least once)","2016","Harrowgate Meadows","1,656","0.28","3","2.0","Public Water","Sewer - Public","Conventional","Individuals"
"1001","2426375","729-71-60-74-900-000","CLOSD","13531 West Salisbury Road, Chesterfield VA 23113","23113","Chesterfield","Single Family Residence","11/15/2024","$639,000","$663,000","9","Resale (occupied at least once)","1967","Salisbury","3,350","1.69","4","2.1","Public Water","Septic - Conventional","Conventional","Individuals"
"1001","2426361","776-760-8494","CLOSD","1801 Bandera Drive, Henrico VA 23228","23228","Henrico","Single Family Residence","11/15/2024","$307,500","$307,500","7","Resale (occupied at least once)","1962","Woodman Terrace","960","0.30","3","1.0","Public Water","Sewer - Public","FHA New","Individuals"
"1001","2426352","C005-0426-012","CLOSD","6812 Westcott Drive, Richmond City VA 23225","23225","Richmond City","Single Family Residence","11/15/2024","$339,950","$371,000","3","Resale (occupied at least once)","1958","Westover Gardens","1,637","0.34","3","2.0","Public Water","Sewer - Public","Conventional","Individuals"
"1001","2426303","W019-0235-012","CLOSD","4404 Kensington Avenue, Richmond City VA 23221","23221","Richmond City","Single Family Residence","11/15/2024","$699,950","$792,500","6","Resale (occupied at least once)","1946","Colonial Place","1,739","0.16","3","2.0","Public Water","Sewer - Public","Conventional","Individuals"
"1001","2426121","744-747-1486","CLOSD","1810 Ivystone Drive, Henrico VA 23238","23238","Henrico","Townhouse","11/15/2024","$299,950","$299,950","6","Resale (occupied at least once)","1976","Ivystone Village At Raintree","1,384","0.06","3","2.0","Public Water","Sewer - Public","VA New","Individuals"
"1001","2425946","744-748-0634","CLOSD","1826 Ivystone Drive, Henrico VA 23238","23238","Henrico","Townhouse","11/15/2024","$285,000","$290,000","2","Resale (occupied at least once)","1974","Ivystone Village At Raintree","1,312","0.05","3","2.0","Public Water","Sewer - Public","Conventional","Individuals"
"1001","2425909","827-720-0728","CLOSD","1817 Regal Drive, Henrico VA 23075","23075","Henrico","Townhouse","11/15/2024","$166,950","$160,000","8","Resale (occupied at least once)","1972","Fairlawn Townhouses","1,060","0.04","3","1.1","Public Water","Sewer - Public","Conventional","Individuals"
"1001","2425840","727-66-24-60-600-000","CLOSD","14354 Forest Row Trail, Chesterfield VA 23112","23112","Chesterfield","Single Family Residence","11/15/2024","$425,000","$425,000","2","Resale (occupied at least once)","2006","Collington","1,986","0.19","3","2.0","Public Water","Sewer - Public","Conventional","Individuals"
"1001","2425786","767-69-40-42-100-000","CLOSD","3212 Turner Road, Chesterfield VA 23832","23832","Chesterfield","Single Family Residence","11/15/2024","$250,000","$250,000","4","Resale (occupied at least once)","1960","North Lake Hills","1,705","0.48","3","2.1","Well","Septic - Conventional","Cash","Individuals"
"1001","2425779","739-72-01-17-700-000","CLOSD","3070 Summerhurst Drive, Chesterfield VA 23113","23113","Chesterfield","Single Family Residence","11/15/2024","$680,000","$680,000","6","Resale (occupied at least once)","1990","Reeds Hill","2,763","1.21","4","2.1","Public Water","Septic - Conventional","Conventional","Individuals"
"1001","2425738","813-729-2269","CLOSD","3800 Cedar Commons Road, Henrico VA 23223","23223","Henrico","Single Family Residence","11/15/2024","$420,000","$415,000","7","Resale (occupied at least once)","2013","Cedar Run","2,720","0.32","4","2.1","Public Water","Sewer - Public","Conventional","Individuals"
"1001","2425638","709-69-68-63-000-000","CLOSD","15812 Old Castle Road, Chesterfield VA 23112","23112","Chesterfield","Single Family Residence","11/15/2024","$1,233,450","$1,220,000","11","Resale (occupied at least once)","2016","Hallsley","4,529","0.63","5","4.1","Public Water","Sewer - Public","Conventional","Individuals"
"1001","2425594","790-67-07-73-100-000","CLOSD","9161 Carswell Street Street, Chesterfield VA 23237","23237","Chesterfield","Single Family Residence","11/15/2024","$299,000","$310,000","7","Resale (occupied at least once)","2018","Oak Dale","1,402","0.21","3","2.1","Public Water","Sewer - Public","Conventional","Individuals"
"1001","2425499","765-739-8920","CLOSD","1007 Christie Road, Henrico VA 23226","23226","Henrico","Single Family Residence","11/15/2024","$620,000","$617,000","4","Resale (occupied at least once)","1957","Belle Air","1,622","0.25","3","2.0","Public Water","Sewer - Public","Conventional","Individuals"
"1001","2425367","776-747-0272","CLOSD","2919 Pinehurst Road, Henrico VA 23228","23228","Henrico","Single Family Residence","11/15/2024","$325,000","$325,000","5","Resale (occupied at least once)","1955","Pinehurst Gardens","1,008","","2","1.0","Public Water","Sewer - Public","Conventional","Other"
"1001","2425136","E000-0723-022","CLOSD","3112 P Street, Richmond City VA 23223","23223","Richmond City","Single Family Residence","11/15/2024","$140,000","$155,000","12","Resale (occupied at least once)","1900","East End","1,050","0.04","3","1.0","Public Water","Sewer - Public","Cash","Estate"
"1001","2425032","724-70-02-32-400-000","CLOSD","918 Nicolay Place, Chesterfield VA 23114","23114","Chesterfield","Single Family Residence","11/15/2024","$549,900","$545,000","8","Resale (occupied at least once)","2005","Clayborne Village C Colony","2,468","0.28","3","3.0","Public Water","Sewer - Public","Cash","Estate"
"1001","2424992","32-11-0-5-0","CLOSD","1904 Ellis Drive, Goochland VA 23102","23102","Goochland","Single Family Residence","11/15/2024","$797,000","$792,000","24","Resale (occupied at least once)","2006","None","3,750","6.25","4","3.2","Well","Septic - Conventional","Conventional","Individuals"
"1001","2424734","810-714-1764","CLOSD","3109 Chesham Street, Henrico VA 23231","23231","Henrico","Single Family Residence","11/15/2024","$255,000","$250,000","31","Resale (occupied at least once)","1947","Gilbert Gardens","1,100","0.29","3","1.0","Public Water","Sewer - Public","Other","Individuals"
"1001","2424715","740-777-4195","CLOSD","6028 Brentmoor Drive, Henrico VA 23059","23059","Henrico","Single Family Residence","11/15/2024","$730,000","$752,000","5","Resale (occupied at least once)","1997","Brentmoor At Wyndham","3,228","0.33","5","3.1","Public Water","Sewer - Public","Conventional","Individuals"
"1001","2423984","S006-0165-016","CLOSD","5213 King William Road, Richmond City VA 23225","23225","Richmond City","Single Family Residence","11/15/2024","$499,000","$525,000","9","Resale (occupied at least once)","1937","Westover Hills","1,933","0.15","3","2.0","Public Water","Sewer - Public","Conventional","Individuals"
"1001","2423873","8715-99-5469","CLOSD","7817 Millikin Lane, Hanover VA 23116","23116","Hanover","Single Family Residence","11/15/2024","$649,950","$649,950","4","Resale (occupied at least once)","2019","Bishops Park","2,925","0.67","5","3.0","Public Water","Sewer - Public","Conventional","Individuals"
"1001","2423562","762-770-0173","CLOSD","4104 Mountain Spring Terrace, Henrico VA 23060","23060","Henrico","Single Family Residence","11/15/2024","$650,000","$650,000","21","Resale (occupied at least once)","2006","Mountain Spring","3,724","0.36","4","2.1","Public Water","Sewer - Public","Conventional","Individuals"
"1001","2423419","794-64-97-19-300-000","CLOSD","12800 Sir Scott Terrace, Chesterfield VA 23831","23831","Chesterfield","Single Family Residence","11/15/2024","$469,900","$469,900","32","Resale (occupied at least once)","2001","Hidden Valley Estates","3,148","0.55","5","3.1","Public Water","Sewer - Public","FHA New","Individuals"
"1001","2423118","784-748-3238.057","CLOSD","5901 Laurel Bed Lane #UnitA, Henrico VA 23227","23227","Henrico","Condominium","11/15/2024","$319,950","$315,000","26","Resale (occupied at least once)","2020","Lakeside Landing","1,524","2.79","2","2.1","Public Water","Sewer - Public","Conventional","Individuals"
"1001","2422937","N000-0564-020","CLOSD","2121 5th Avenue, Richmond City VA 23222","23222","Richmond City","Single Family Residence","11/15/2024","$250,000","$210,000","47","Resale (occupied at least once)","1920","Chestnut Hills","1,290","0.19","4","1.0","Public Water","Sewer - Public","Cash","Partnership"
"1001","2422424","784-66-74-04-900-000","CLOSD","9613 Alfaree Road, Chesterfield VA 23237","23237","Chesterfield","Single Family Residence","11/15/2024","$385,000","$385,000","32","Resale (occupied at least once)","1976","Kendale Acres","2,689","0.34","4","3.0","Public Water","Sewer - Public","Cash","Individuals"
"1001","2422412","6799-01-6864","CLOSD","12082 Victoria Hills Road, Hanover VA 23146","23146","Hanover","Single Family Residence","11/15/2024","$599,950","$600,000","24","Resale (occupied at least once)","1998","Turkey Creek","2,566","10.00","3","3.0","Well","Septic - Conventional","Conventional","Individuals"
"1001","2421789","730-749-1661","CLOSD","2309 Old Coach Lane, Henrico VA 23238","23238","Henrico","Single Family Residence","11/15/2024","$450,000","$462,000","5","Resale (occupied at least once)","1975","Tuckahoe Village West","2,280","0.40","4","2.1","Public Water","Sewer - Public","Conventional","Individuals"
"1001","2421706","C001-0891-122","CLOSD","3125 Stony Point Road #UnitD, Richmond City VA 23235","23235","Richmond City","Condominium","11/15/2024","$429,950","$425,000","35","Resale (occupied at least once)","1987","Bluffs Condo","2,160","","2","2.0","Public Water","Sewer - Public","Cash","Individuals"
"1001","2421322","763-757-8760","CLOSD","7801 Balineen Court, Henrico VA 23228","23228","Henrico","Townhouse","11/15/2024","$295,000","$270,000","56","Resale (occupied at least once)","1990","Shannon Green","1,440","0.05","2","2.1","Public Water","Sewer - Public","Conventional","Individuals"
"1001","2421141","C001-0398-008","CLOSD","10339 Cherokee Road, Richmond City VA 23235","23235","Richmond City","Single Family Residence","11/15/2024","$899,900","$835,000","10","Resale (occupied at least once)","1966","Huguenot Farms","3,876","","4","2.1","Public Water","Sewer - Public","Conventional","Individuals"
"1001","2420658","796-67-15-31-300-000","CLOSD","9318 Quinnford Boulevard, Chesterfield VA 23237","23237","Chesterfield","Single Family Residence","11/15/2024","$135,000","$124,000","6","Resale (occupied at least once)","1940","Bellwood Manor","784","0.25","2","1.0","Public Water","Sewer - Public","Cash","Individuals"
"1001","2418305","64-28-F-40-0","CLOSD","183 Woodfern, Goochland VA 23238","23238","Goochland","Single Family Residence","11/15/2024","$895,000","$895,000","27","Resale (occupied at least once)","2014","West Oak","3,364","0.37","5","3.0","Public Water","Sewer - Public","Conventional","Individuals"
"1001","2417347","728-70-99-78-800-031","CLOSD","1434 Sycamore Mews Circle, Chesterfield VA 23113","23113","Chesterfield","Condominium","11/15/2024","$304,900","$305,000","63","Resale (occupied at least once)","1983","Sycamore Mews Condo","1,540","","3","2.1","Public Water","Sewer - Public","Conventional","Individuals"
"1001","2414994","760-67-76-79-000-000","CLOSD","9119 Clearbrook Court, Chesterfield VA 23832","23832","Chesterfield","Single Family Residence","11/15/2024","$530,000","$505,000","132","Resale (occupied at least once)","2017","Cascade Creek","3,034","0.38","5","2.1","Public Water","Sewer - Public","Cash","Individuals"
"1001","2414602","7826-86-5359","CLOSD","16104 Beaver Lake Drive, Hanover VA 23015","23015","Hanover","Single Family Residence","11/15/2024","$655,500","$655,500","14","New (never occupied)","2024","Beaver Lake","2,505","5.95","4","3.0","Well","Septic - Conventional","Cash","Corporate"
"1001","2413729","768-747-9532","CLOSD","5295 Penick Road, Henrico VA 23228","23228","Henrico","Single Family Residence","11/15/2024","$537,000","$537,000","0","New (never occupied)","2024","Greendale Forest","2,371","0.17","4","2.1","Public Water","Sewer - Public","Conventional","Individuals"
"1001","2411676","738-767-2624","CLOSD","4522 Woodson Hills Way, Henrico VA 23059","23059","Henrico","Single Family Residence","11/15/2024","$1,095,688","$1,095,688","22","New (never occupied)","2024","Woodson Hills At Bacova","3,940","0.17","6","4.0","Public Water","Sewer - Public","Conventional","Corporate"
"1001","2409489","809-64-54-55-900-000","CLOSD","14500 Fox Knoll Drive, Chesterfield VA 23834","23834","Chesterfield","Single Family Residence","11/15/2024","$464,000","$452,500","160","Resale (occupied at least once)","1987","Walthall Creek","3,156","1.32","4","3.0","Public Water","Septic - Conventional","Conventional","Individuals"
"1001","2404086","To be determined","CLOSD","1524 Logan Street, Chesterfield VA 23235","23235","Chesterfield","Single Family Residence","11/15/2024","$939,000","$982,629","153","New (never occupied)","2024","None","3,877","0.36","5","3.1","Public Water","Sewer - Public","Conventional","Corporate"
"1001","BRTVAHN2000672","810-714-1764","CLOSD","3109 Chesham Street, Henrico VA 23238","23238","Henrico","Single Family Residence","11/15/2024","$255,000","$250,000","31","Resale (occupied at least once)","1947","NONE AVAILABLE","1,100","0.00","3","1.0","Public Water","Sewer - Public, Public Sewer On Site, Septic - Shared","",""
"1001","BRTVAHA2000710","7826-86-5359","CLOSD","16104 Beaver Lake Drive, Hanover VA 23015","23015","Hanover","Single Family Residence","11/15/2024","$655,500","$655,500","14","New (never occupied)","2024","NONE AVAILABLE","2,505","5.95","4","3.0","Well","","",""
"1001","2426189","783-66-46-54-100-000","CLOSD","9618 Heather Ridge, Chesterfield VA 23237","23237","Chesterfield","Single Family Residence","11/16/2024","$329,950","$330,000","5","Resale (occupied at least once)","1977","Lost Forest","1,584","0.83","3","1.1","Public Water","Sewer - Public","Conventional","Individuals"
"1001","2424565","730-68-26-13-000-000","CLOSD","4120 Poplar Grove Road, Chesterfield VA 23112","23112","Chesterfield","Single Family Residence","11/18/2024","$470,000","$424,000","14","Resale (occupied at least once)","1976","Brandermill","2,903","0.36","4","3.0","Public Water","Sewer - Public","Conventional","Other"
"1001","2427062","N000-1434-008","CLOSD","1201 Laburnum Park Boulevard, Richmond City VA 23227","23227","Richmond City","Single Family Residence","11/18/2024","$1,100,000","$1,150,000","2","Resale (occupied at least once)","1926","Laburnum Park","4,534","0.41","6","5.1","Public Water","Sewer - Public","Conventional","Individuals"
"1001","2426809","790-754-6367","CLOSD","102 Wilkinson Road, Henrico VA 23227","23227","Henrico","Single Family Residence","11/18/2024","$350,000","$350,000","9","Resale (occupied at least once)","1955","Chamberlayne Farms","1,756","0.47","3","1.1","Public Water","Sewer - Public","VA New","Individuals"
"1001","2421530","E000-0576-001","CLOSD","2901 East Marshall Street, Richmond City VA 23223","23223","Richmond City","Single Family Residence","11/18/2024","$599,000","$596,500","37","Resale (occupied at least once)","1900","None","1,775","0.04","3","2.0","Public Water","Sewer - Public","VA New","Individuals"
"1001","2423797","736-754-4753","CLOSD","12921 Church Court, Henrico VA 23233","23233","Henrico","Single Family Residence","11/18/2024","$377,000","$369,500","38","Resale (occupied at least once)","1986","Copperas Creek","1,409","0.16","4","2.0","Public Water","Sewer - Public","Conventional","Corporate"
"1001","2426613","722670030900139","CLOSD","7408 Hancock Towns Court #UnitM-2, Chesterfield VA 23832","23832","Chesterfield","Townhouse","11/18/2024","$439,120","$447,120","17","New (never occupied)","2024","Hancock Village","2,265","","3","3.1","Public Water","Sewer - Public","FHA New","Corporate"
"1001","2425857","783-62-99-17-500-000","CLOSD","17300 Creekbed Road, Chesterfield VA 23838","23838","Chesterfield","Single Family Residence","11/18/2024","$585,000","$582,600","12","Resale (occupied at least once)","2014","Swift Creek Estates","2,934","1.53","4","2.1","Public Water","Septic - Conventional","Conventional","Individuals"
"1001","2411251","835-713-8863","CLOSD","213 Orange Blossom Run, Henrico VA 23150","23150","Henrico","Townhouse","11/18/2024","$314,080","$314,530","0","New (never occupied)","2024","None","1,280","","3","2.1","Public Water","Sewer - Public","VA New","Corporate"
"1001","2424393","7797-21-4169","CLOSD","10065 Woodglen Drive, Hanover VA 23116","23116","Hanover","Single Family Residence","11/18/2024","$340,000","$334,000","34","Resale (occupied at least once)","1981","Beechwood Farms","1,404","0.34","3","2.0","Public Water","Sewer - Public","FHA New","Individuals"
"1001","2410955","712672555200226","CLOSD","6635 Citory Way #Unit202, Chesterfield VA 23120","23120","Chesterfield","Condominium","11/18/2024","$355,990","$363,620","50","New (never occupied)","2024","Greenwich Walk At Foxcreek","1,564","","2","2.0","Public Water","Sewer - Public","Conventional","Corporate"
"1001","2319084","738-768-5488","CLOSD","4700 BACOVA VILLAGE Place, Henrico VA 23059","23059","Henrico","Condominium","11/18/2024","$619,990","$570,910","291","New (never occupied)","2024","Bacova Village","1,898","","3","2.0","Public Water","Sewer - Public","Conventional","Corporate"
"1001","2426844","767-69-79-11-500-000","CLOSD","2519 Hedges Court, Chesterfield VA 23224","23224","Chesterfield","Single Family Residence","11/18/2024","$295,000","$295,000","7","Resale (occupied at least once)","2000","Banwell","1,512","0.22","3","2.1","Public Water","Sewer - Public","Conventional","Individuals"
"1001","2410048","834-719-2695","CLOSD","266 Taylor Road, Henrico VA 23150","23150","Henrico","Single Family Residence","11/18/2024","$329,550","$329,550","0","New (never occupied)","2024","None","1,640","0.26","4","2.1","Well","Septic - Engineered","VA New","Corporate"
"1001","2425632","823-728-1098","CLOSD","320 Southern Court, Henrico VA 23075","23075","Henrico","Townhouse","11/18/2024","$249,999","$249,999","7","Resale (occupied at least once)","1977","Lee Terrace Townhouses","2,241","0.05","3","2.1","Public Water","Sewer - Public","Conventional","Individuals"
"1001","2420258","784-771-0414","CLOSD","10169 Blue Wing Lane, Henrico VA 23059","23059","Henrico","Townhouse","11/18/2024","$419,940","$413,239","36","New (never occupied)","2024","Village at Virginia Center Commons","1,957","","4","3.1","Public Water","Sewer - Public","Conventional","Corporate"
"1001","2426500","C003-0044-022","CLOSD","3027 Kenmore Road, Richmond City VA 23225","23225","Richmond City","Single Family Residence","11/18/2024","$749,950","$749,950","2","Resale (occupied at least once)","1971","Stratford Hills","4,214","0.63","5","3.1","Public Water","Sewer - Public","Conventional","Individuals"
"1001","2425282","7789-96-4924","CLOSD","12708 Mount Hermon Road, Hanover VA 23005","23005","Hanover","Single Family Residence","11/18/2024","$660,000","$665,000","4","Resale (occupied at least once)","2020","None","2,523","4.59","3","3.1","Well","Septic - Engineered","Conventional","Individuals"
"1001","2428233","7787-37-2107","CLOSD","10526 Stony Bluff Drive #Unit107, Hanover VA 23005","23005","Hanover","Condominium","11/18/2024","$300,000","$300,000","2","New (never occupied)","2024","Stony Run","1,156","","2","2.0","Public Water","Sewer - Public","Cash","Corporate"
"1001","2426296","822-721-4105","CLOSD","500 South Oak Avenue, Henrico VA 23075","23075","Henrico","Single Family Residence","11/18/2024","$350,000","$350,000","4","Resale (occupied at least once)","2016","None","1,803","1.07","4","2.1","Public Water","Sewer - Public","FHA New","Individuals"
"1001","2424493","758-740-7499","CLOSD","7900 Blueberry Hill Court, Henrico VA 23229","23229","Henrico","Single Family Residence","11/18/2024","$822,500","$775,000","31","Resale (occupied at least once)","2000","Blueberry Hill","3,564","0.34","5","2.1","Public Water","Sewer - Public","Conventional","Individuals"
"1001","2424219","8707-70-9459","CLOSD","10509 Goosecross Way #UnitN3, Hanover VA 23116","23116","Hanover","Townhouse","11/18/2024","$469,900","$469,900","39","New (never occupied)","2024","Stags Leap","1,641","0.10","2","2.0","Public Water","Sewer - Public","FHA New","Corporate"
"1001","2425668","739-68-33-74-700-000","CLOSD","3706 Stamford Circle, Chesterfield VA 23112","23112","Chesterfield","Single Family Residence","11/18/2024","$480,000","$490,000","4","Resale (occupied at least once)","2004","St Regents Lake","2,640","0.31","5","2.1","Public Water","Sewer - Public","FHA New","Individuals"
"1001","2426392","S006-0373-004","CLOSD","1007 West 46th Street, Richmond City VA 23225","23225","Richmond City","Single Family Residence","11/18/2024","$449,500","$449,500","8","Resale (occupied at least once)","1945","Forest Hill Terrace","1,403","0.17","3","1.0","Public Water","Sewer - Public","Conventional","Individuals"
"1001","2400260","7787-37-4306","CLOSD","10526 Stony Bluff Drive #Unit406, Hanover VA 23005","23005","Hanover","Condominium","11/18/2024","$360,000","$350,000","280","New (never occupied)","2024","Stony Run","1,256","","2","2.0","Public Water","Sewer - Public","Cash","Corporate"
"1001","2424833","761-751-6423","CLOSD","2302 Chowning Place, Henrico VA 23294","23294","Henrico","Single Family Residence","11/18/2024","$419,000","$410,000","28","Resale (occupied at least once)","1984","Chowning Place","2,096","0.32","4","3.0","Public Water","Sewer - Public","Conventional","Individuals"
"1001","2419648","795-64-94-53-400-000","CLOSD","12707 Wensley Lane, Chesterfield VA 23831","23831","Chesterfield","Single Family Residence","11/18/2024","$379,999","$372,000","72","Resale (occupied at least once)","2008","Rossington","1,996","0.26","4","2.1","Public Water","Sewer - Public","Other","Individuals"
"1001","2418035","706-68-21-83-000-000","CLOSD","17125 Melbrook Court, Chesterfield VA 23120","23120","Chesterfield","Single Family Residence","11/18/2024","$691,950","$694,950","0","New (never occupied)","2024","Westerleigh","3,186","","5","4.0","Public Water","Sewer - Public","Conventional","Corporate"
"1001","2427406","811-64-43-27-400-000","CLOSD","620 Spring Valley Road, Chesterfield VA 23834","23834","Chesterfield","Single Family Residence","11/18/2024","$359,000","$350,000","4","Resale (occupied at least once)","1964","Walthall Park","1,685","0.94","3","2.1","Public Water","Septic - Conventional","VA New","Individuals"
"1001","2426647","791-66-35-93-500-000","CLOSD","10806 Stilton Drive, Chesterfield VA 23831","23831","Chesterfield","Single Family Residence","11/18/2024","$300,000","$300,000","6","Resale (occupied at least once)","1989","Mineola","1,244","0.27","3","2.0","Public Water","Sewer - Public","FHA New Assumption","Individuals"
"1001","2427819","748-68-21-02-400-000","CLOSD","10520 Braden Woods Court, Chesterfield VA 23832","23832","Chesterfield","Townhouse","11/18/2024","$375,000","$380,000","1","Resale (occupied at least once)","2020","Braden Townes","1,773","0.08","3","2.1","Public Water","Sewer - Public","Cash","Individuals"
"1001","2427366","C004-0505-006","CLOSD","3116 Blithewood Drive, Richmond City VA 23225","23225","Richmond City","Single Family Residence","11/18/2024","$365,000","$365,000","5","Resale (occupied at least once)","1955","Kenmore Ridge","1,244","0.37","3","1.0","Public Water","Sewer - Public","Cash","Individuals"
"1001","2427137","7870-80-3412","CLOSD","116 Arlington Square, Hanover VA 23005","23005","Hanover","Townhouse","11/18/2024","$299,950","$299,950","2","Resale (occupied at least once)","1989","Arlington Square","1,197","0.02","2","2.1","Public Water","Sewer - Public","Conventional","Individuals"
"1001","2426956","746-750-8048","CLOSD","10102 Idlebrook Drive, Henrico VA 23238","23238","Henrico","Single Family Residence","11/18/2024","$448,500","$504,600","6","Resale (occupied at least once)","1979","Raintree","1,819","0.30","4","2.1","Public Water","Sewer - Public","Conventional","Individuals"
"1001","2426919","771-760-7053","CLOSD","9724 Drexel Lane, Henrico VA 23228","23228","Henrico","Single Family Residence","11/18/2024","$295,000","$300,000","3","Resale (occupied at least once)","1958","Laurel Park","1,000","0.34","3","1.0","Public Water","Sewer - Public","FHA New","Individuals"
"1001","2426870","748-69-10-63-500-000","CLOSD","10424 Seacliff Lane, Chesterfield VA 23236","23236","Chesterfield","Single Family Residence","11/18/2024","$302,000","$292,500","19","Resale (occupied at least once)","1975","Chestnut Hills","1,325","0.31","3","2.0","Public Water","Sewer - Public","Conventional","Individuals"
"1001","2426641","C001-1260-032","CLOSD","2911 Poyntelle Road, Richmond City VA 23235","23235","Richmond City","Single Family Residence","11/18/2024","$399,000","$393,000","2","Resale (occupied at least once)","1965","Old Gun Estates","1,532","0.43","3","2.0","Public Water","Sewer - Public","Conventional","Estate"
"1001","2426516","W000-1361-013","CLOSD","3001 Hanover Avenue, Richmond City VA 23221","23221","Richmond City","Single Family Residence","11/18/2024","$775,000","$850,000","8","Resale (occupied at least once)","1917","None","1,816","0.07","3","2.1","Public Water","Sewer - Public","Conventional","Individuals"
"1001","2426083","787-65-82-40-800-000","CLOSD","11601 Womack Road, Chesterfield VA 23831","23831","Chesterfield","Single Family Residence","11/18/2024","$99,950","$110,000","3","Resale (occupied at least once)","1839","None","0","1.00","3","0.0","Public Water","Other - See Remarks","Cash","Individuals"
"1001","2425903","745-70-58-81-400-000","CLOSD","10810 Haverford Lane, Chesterfield VA 23236","23236","Chesterfield","Single Family Residence","11/18/2024","$324,900","$332,500","6","Resale (occupied at least once)","1979","Hylton Park","1,284","0.51","3","1.1","Public Water","Sewer - Public","Cash","Individuals"
"1001","2425798","N000-0976-020","CLOSD","3007 Barton Avenue, Richmond City VA 23222","23222","Richmond City","Single Family Residence","11/18/2024","$449,950","$450,000","13","Resale (occupied at least once)","1943","Brookland Park","1,910","0.15","4","3.0","Public Water","Sewer - Public","Conventional","Individuals"
"1001","2425635","023A-2-12","CLOSD","6003 Trenholm Village Drive, Powhatan VA 23139","23139","Powhatan","Single Family Residence","11/18/2024","$310,000","$320,000","2","Resale (occupied at least once)","1997","Trenholm Village","1,467","2.07","3","2.0","Well","Septic - Conventional","Conventional","Individuals"
"1001","2425478","743-68-00-57-700-000","CLOSD","11503 Deep Hollow Court, Chesterfield VA 23112","23112","Chesterfield","Single Family Residence","11/18/2024","$315,000","$315,000","11","Resale (occupied at least once)","1987","Bailey Ridge Estates","1,118","0.50","3","2.0","Public Water","Sewer - Public","Cash","Individuals"
"1001","2424985","785-69-21-50-400-000","CLOSD","4924 Laudeen Drive, Chesterfield VA 23234","23234","Chesterfield","Single Family Residence","11/18/2024","$269,950","$270,000","20","Resale (occupied at least once)","1965","Falling Creek Court","1,377","0.24","3","1.1","Public Water","Sewer - Public","Conventional","Individuals"
"1001","2424280","W022-0127-012","CLOSD","116 South Wilton Road, Richmond City VA 23226","23226","Richmond City","Single Family Residence","11/18/2024","$2,150,000","$2,344,000","9","Resale (occupied at least once)","1983","Wilton Rd","4,670","0.45","5","4.1","Public Water","Sewer - Public","Cash","Individuals"
"1001","2423988","749-69-18-08-800-000","CLOSD","2310 Grey Oak Drive, Chesterfield VA 23236","23236","Chesterfield","Single Family Residence","11/18/2024","$389,500","$399,500","4","Resale (occupied at least once)","2002","Oak Hill","2,234","0.33","4","2.0","Public Water","Sewer - Public","Conventional","Individuals"
"1001","2423520","W022-0189-015","CLOSD","207 Massie Road, Richmond City VA 23221","23221","Richmond City","Single Family Residence","11/18/2024","$3,000,000","$2,777,900","28","Resale (occupied at least once)","1986","Windsor Farms","6,274","0.41","4","4.2","Public Water","Sewer - Public","Cash","Individuals"
"1001","2422826","13-4","CLOSD","4600 Warriner Road, Charles City County VA 23231","23231","Charles City County","Single Family Residence","11/18/2024","$499,950","$500,000","30","Resale (occupied at least once)","1974","None","3,068","3.86","5","2.1","Well","Septic - Conventional","VA New","Individuals"
"1001","2422584","W019-0298-021","CLOSD","4112 Kingcrest Parkway, Richmond City VA 23221","23221","Richmond City","Single Family Residence","11/18/2024","$1,195,000","$1,375,000","9","Resale (occupied at least once)","1940","None","2,706","0.24","3","2.1","Public Water","Sewer - Public","Cash","Individuals"
"1001","2421072","9-26","CLOSD","4600 Cool Hill Road, Charles City County VA 23140","23140","Charles City County","Single Family Residence","11/18/2024","$348,900","$349,000","46","Resale (occupied at least once)","1966","None","1,684","2.70","4","2.0","Well","Septic - Conventional","VA New","Individuals"
"1001","2419121","749-749-4429","CLOSD","1700 Delafayette Place, Henrico VA 23238","23238","Henrico","Single Family Residence","11/18/2024","$684,999","$675,000","33","Resale (occupied at least once)","1983","Gates Head","4,162","0.33","4","2.2","Public Water","Sewer - Public","Conventional","Individuals"
"1001","2409246","748-764-7486","CLOSD","4362 Dominion Forest Circle, Henrico VA 23060","23060","Henrico","Townhouse","11/18/2024","$632,900","$632,900","0","New (never occupied)","2024","Innsbrook Dominion Residences","2,151","","3","3.2","Public Water","Sewer - Public","Cash","Corporate"
"1001","2404480","732-754-0514","CLOSD","12467 Gaytoncrest Lane, Henrico VA 23233","23233","Henrico","Townhouse","11/18/2024","$462,653","$437,653","211","New (never occupied)","2024","Discovery Ridge Townhomes","1,970","0.04","3","2.2","Public Water","Sewer - Public","Conventional","Corporate"
"1001","2403355","764662265700000","CLOSD","9954 Boschen Woods Place, Chesterfield VA 23838","23838","Chesterfield","Single Family Residence","11/18/2024","$638,950","$741,180","0","New (never occupied)","2024","Boschen Woods","2,809","","4","3.0","Public Water","Septic - Conventional","Cash","Corporate"
"1001","2424708","779-750-4380","CLOSD","7310 Hermitage Road, Henrico VA 23228","23228","Henrico","Single Family Residence","11/19/2024","$395,000","$356,000","16","Resale (occupied at least once)","1940","Colonial Gardens","1,987","","4","2.0","Public Water","Sewer - Public","Cash","Individuals"
"1001","2328656","119161","CLOSD","3840 N Waterside Drive, New Kent VA 23089","23089","New Kent","Single Family Residence","11/19/2024","$632,950","$688,467","0","New (never occupied)","2023","Walsingham Fields","2,943","","4","3.0","Well","Septic - Conventional","Conventional","Corporate"
"1001","2414070","TBD","CLOSD","6636 Cassia Loop, Chesterfield VA 23120","23120","Chesterfield","Single Family Residence","11/19/2024","$471,390","$471,790","127","New (never occupied)","2024","Wynwood at Foxcreek","2,226","0.10","4","2.1","Public Water","Sewer - Public","VA New","Corporate"
"1001","2413981","716712612300000","CLOSD","400 Quiet Breeze Alley #Unit31-1, Chesterfield VA 23113","23113","Chesterfield","Townhouse","11/19/2024","$649,205","$651,615","0","New (never occupied)","2024","Edge at Westchester","2,800","","4","3.1","Public Water","Sewer - Public","FHA New","Corporate"
"1001","2411016","756621736200000","CLOSD","17307 Peacefield Court, Chesterfield VA 23803","23803","Chesterfield","Single Family Residence","11/19/2024","$505,990","$502,990","56","New (never occupied)","2023","None","2,818","","4","2.1","Public Water","Community - Sewer/Septic","VA Assumption","Corporate"
"1001","2418851","8705-93-0902","CLOSD","8164 Tavern Keepers Way, Hanover VA 23111","23111","Hanover","Townhouse","11/19/2024","$352,800","$352,800","69","Resale (occupied at least once)","2006","Cool Well","1,629","0.15","3","2.0","Public Water","Sewer - Public","FHA New","REO"
"1001","2423972","W000-1330-002","CLOSD","3108 Rendale Avenue, Richmond City VA 23221","23221","Richmond City","Single Family Residence","11/19/2024","$798,000","$792,000","7","Resale (occupied at least once)","1938","William Byrd","2,519","0.22","3","3.0","Public Water","Sewer - Public","Other","Individuals"
"1001","2427313","19B2 2LH  13","CLOSD","3500 North Woodland Circle, New Kent VA 23141","23141","New Kent","Single Family Residence","11/19/2024","$384,000","$391,000","3","Resale (occupied at least once)","1986","Five Lakes","1,664","0.60","3","2.1","Public Water","Septic - Conventional","Conventional","Individuals"
"1001","2423370","789-67-75-53-800-000","CLOSD","2923 Rycliff Avenue, Chesterfield VA 23237","23237","Chesterfield","Single Family Residence","11/19/2024","$349,950","$340,000","27","Resale (occupied at least once)","2018","Rayon Park","1,700","0.15","4","2.1","Public Water","None","FHA New","Individuals"
"1001","2413765","804-715-8904","CLOSD","2209 Bailey Drive, Henrico VA 23231","23231","Henrico","Single Family Residence","11/19/2024","$298,950","$290,000","107","Resale (occupied at least once)","1938","Montrose Heights","1,228","0.14","3","2.1","Public Water","Sewer - Public","Conventional","Corporate"
"1001","2426402","721-67-53-47-600-000","CLOSD","14513 Bent Creek Court, Chesterfield VA 23112","23112","Chesterfield","Single Family Residence","11/19/2024","$399,900","$400,000","11","Resale (occupied at least once)","1987","Bent Creek","1,972","0.25","4","2.1","Public Water","Sewer - Public","Conventional","Individuals"
"1001","2428778","20-11-0-7-0","CLOSD","3269 Countryside West Drive, Goochland VA 23065","23065","Goochland","Single Family Residence","11/19/2024","$259,950","$260,000","6","Resale (occupied at least once)","1985","Countryside West","1,516","2.02","3","2.0","Well","Septic - Conventional","Cash","Individuals"
"1001","2428263","788-66-02-15-500-000","CLOSD","4102 Kings Gate Road, Chesterfield VA 23831","23831","Chesterfield","Single Family Residence","11/19/2024","$324,950","$330,000","5","Resale (occupied at least once)","1999","Hamlins Reach","1,512","0.31","3","2.0","Public Water","Sewer - Public","Conventional","Individuals"
"1001","2427526","794-63-24-57-100-000","CLOSD","15941 Sandwave Road, Chesterfield VA 23831","23831","Chesterfield","Single Family Residence","11/19/2024","$265,000","$272,000","5","Resale (occupied at least once)","1990","Somerset","1,161","0.19","3","1.1","Public Water","Sewer - Public","FHA New","Individuals"
"1001","2427087","779-744-8016","CLOSD","2410 Buckingham Avenue, Henrico VA 23228","23228","Henrico","Single Family Residence","11/19/2024","$425,000","$456,000","6","Resale (occupied at least once)","1948","Bryan Parkway","1,857","0.19","4","2.0","Public Water","Sewer - Public","Conventional","Individuals"
"1001","2426656","8747-04-8625","CLOSD","10235 Scots Landing Road, Hanover VA 23116","23116","Hanover","Single Family Residence","11/19/2024","$875,000","$875,000","11","Resale (occupied at least once)","2007","Scots Landing","4,347","1.54","5","3.1","Community Well","Septic - Conventional","Conventional","Individuals"
"1001","2426444","740-68-61-03-600-000","CLOSD","12001 Genito Road, Chesterfield VA 23112","23112","Chesterfield","Single Family Residence","11/19/2024","$1,025,000","$1,025,000","10","Resale (occupied at least once)","1984","None","4,040","10.76","4","2.1","Public Water","Septic - Conventional","Conventional","Individuals"
"1001","2426429","N000-2043-011","CLOSD","3904 Brook Road, Richmond City VA 23227","23227","Richmond City","Single Family Residence","11/19/2024","$350,000","$355,000","8","Resale (occupied at least once)","1925","Brookdale","2,012","0.16","3","1.1","Public Water","Sewer - Public","Conventional","Individuals"
"1001","2425853","W019-0306-072","CLOSD","14 West Locke Lane, Richmond City VA 23226","23226","Richmond City","Condominium","11/19/2024","$475,000","$475,000","48","Resale (occupied at least once)","1930","Lock Lane Condominium","1,185","0.04","2","2.1","Public Water","Sewer - Public","Cash","Individuals"
"1001","2425332","57-35-0-5-0","CLOSD","923 Merchant Lee Place, Goochland VA 23103","23103","Goochland","Single Family Residence","11/19/2024","$2,400,000","$2,650,000","15","Resale (occupied at least once)","2016","Meadows At Manakin","9,104","6.05","5","5.3","Well","Septic - Conventional","Conventional","Individuals"
"1001","2425104","753-755-3142.605","CLOSD","3106 Wallaby Trace #Unit605, Henrico VA 23294","23294","Henrico","Condominium","11/19/2024","$219,950","$215,000","22","Resale (occupied at least once)","1992","Pemberton Oaks Condo","956","0.02","2","2.0","Public Water","Sewer - Public","Conventional","Individuals"
"1001","2424568","57-10-0-34-0","CLOSD","1506 Windsor Way, Goochland VA 23103","23103","Goochland","Single Family Residence","11/19/2024","$700,000","$665,000","34","Resale (occupied at least once)","1986","Auburn Chase","2,796","4.70","3","2.1","Well","Septic - Conventional","Conventional","Estate"
"1001","2424529","745-765-7914","CLOSD","4816 Greenbrooke Drive, Henrico VA 23060","23060","Henrico","Single Family Residence","11/19/2024","$849,950","$849,950","22","Resale (occupied at least once)","2005","Sadler Grove","4,729","0.36","5","4.1","Public Water","Sewer - Public","Cash","Individuals"
"1001","2424407","007-20D","CLOSD","3706 Jefferson Landing Road, Powhatan VA 23139","23139","Powhatan","Single Family Residence","11/19/2024","$250,000","$265,000","4","Resale (occupied at least once)","1990","None","1,008","1.02","3","1.0","Well","Septic - Conventional","FHA New","Individuals"
"1001","2424294","756-69-24-26-500-000","CLOSD","2318 Elkview Drive, Chesterfield VA 23236","23236","Chesterfield","Single Family Residence","11/19/2024","$480,000","$478,000","14","Resale (occupied at least once)","2020","Bexley","2,860","0.34","4","2.1","Public Water","Sewer - Public","Conventional","Individuals"
"1001","2424244","032B-1-25","CLOSD","2378 Founders Creek Court, Powhatan VA 23113","23113","Powhatan","Single Family Residence","11/19/2024","$750,000","$755,000","30","Resale (occupied at least once)","2003","Founders Bridge","3,017","0.28","4","3.1","Public Water","Sewer - Public","Cash","Individuals"
"1001","2423823","64-27-A-7-0","CLOSD","122 Lindenhurst, Goochland VA 23238","23238","Goochland","Single Family Residence","11/19/2024","$1,195,000","$1,175,000","8","Resale (occupied at least once)","2007","West Oak","4,186","0.48","4","4.1","Public Water","Sewer - Public","Conventional","Individuals"
"1001","2422865","786-757-1072","CLOSD","8268 Scott Commons Drive, Henrico VA 23227","23227","Henrico","Townhouse","11/19/2024","$349,500","$344,000","35","Resale (occupied at least once)","2023","Glens at Scott Place","1,536","0.05","3","2.1","Public Water","Sewer - Public","Conventional","Individuals"
"1001","2422302","016-3-13A","CLOSD","3411 Seasail Avenue, Powhatan VA 23139","23139","Powhatan","Single Family Residence","11/19/2024","$686,000","$679,000","27","Resale (occupied at least once)","2019","None","2,948","2.00","4","3.0","Well","Septic - Conventional","Conventional","Individuals"
"1001","2421117","824660340800000","CLOSD","1813 Galley Place, Chesterfield VA 23836","23836","Chesterfield","Single Family Residence","11/19/2024","$516,160","$516,160","7","New (never occupied)","2024","Twin Rivers","2,086","","3","3.0","Public Water","Sewer - Public","Conventional","Corporate"
"1001","2420654","777-745-3868","CLOSD","2905 Greenway Avenue, Henrico VA 23228","23228","Henrico","Single Family Residence","11/19/2024","$394,000","$395,000","62","Resale (occupied at least once)","2008","None","1,440","0.24","3","2.1","Public Water","Sewer - Public","Conventional","Individuals"
"1001","2418299","7797-97-5019","CLOSD","9024 Morella Place, Hanover VA 23116","23116","Hanover","Single Family Residence","11/19/2024","$529,000","$529,000","18","Resale (occupied at least once)","1995","Ash Creek","2,750","0.35","4","3.1","Public Water","Sewer - Public","VA Assumption","Individuals"
"1001","2413367","730664330700000","CLOSD","13706 Elmley Court, Chesterfield VA 23113","23113","Chesterfield","Single Family Residence","11/19/2024","$577,950","$690,532","0","New (never occupied)","2024","Collington East","30,230","","5","3.0","Public Water","Sewer - Public","Conventional","Corporate"
"1001","2419987","744-67-63-66-500-000","CLOSD","10306 Sandy Ridge Drive, Chesterfield VA 23832","23832","Chesterfield","Single Family Residence","11/20/2024","$497,000","$497,000","69","Resale (occupied at least once)","2019","Browns Bluff - Colony Pointe","3,060","0.28","5","2.1","Public Water","Sewer - Public","VA New","Corporate"
"1001","2426195","728-70-69-80-400-000","CLOSD","13808 Randolph Pond Lane, Chesterfield VA 23114","23114","Chesterfield","Townhouse","11/20/2024","$449,950","$439,950","7","New (never occupied)","2024","Randolph Pond","2,076","","3","3.1","Public Water","Sewer - Public","Conventional","Corporate"
"1001","2422112","TBD","CLOSD","6621 Cassia Loop, Chesterfield VA 23120","23120","Chesterfield","Single Family Residence","11/20/2024","$499,590","$490,000","40","New (never occupied)","2024","Wynwood at Foxcreek","2,226","0.14","4","2.1","Public Water","Sewer - Public","Conventional","Other"
"1001","2414419","TBD","CLOSD","6632 Cassia Loop, Chesterfield VA 23120","23120","Chesterfield","Single Family Residence","11/20/2024","$493,590","$483,590","128","New (never occupied)","2024","Wynwood at Foxcreek","2,433","0.10","4","2.1","Public Water","Sewer - Public","Conventional","Corporate"
"1001","2421160","698-67-05-96-400-000","CLOSD","18225 Jones Run Trail, Chesterfield VA 23120","23120","Chesterfield","Single Family Residence","11/20/2024","$435,000","$550,000","30","Resale (occupied at least once)","2022","Magnolia Green","2,493","0.13","4","2.1","Public Water","Sewer - Public","VA New","Individuals"
"1001","2413024","712672555200226","CLOSD","6635 Citory Way #Unit205, Chesterfield VA 23120","23120","Chesterfield","Condominium","11/20/2024","$321,990","$332,235","14","New (never occupied)","2024","Greenwich Walk At Foxcreek","1,333","","2","2.0","Public Water","Sewer - Public","Conventional","Corporate"
"1001","2414234","770-67-96-80-400-000","CLOSD","6107 Crosswinds Boulevard, Chesterfield VA 23234","23234","Chesterfield","Townhouse","11/20/2024","$343,020","$343,030","6","New (never occupied)","2024","Watermark","1,704","0.06","3","2.1","Public Water","Sewer - Public","Conventional","Corporate"
"1001","2411574","712672555200226","CLOSD","6635 Citory Way #Unit201, Chesterfield VA 23120","23120","Chesterfield","Condominium","11/20/2024","$295,990","$294,990","29","New (never occupied)","2024","Greenwich Walk At Foxcreek","1,164","","2","2.0","Public Water","Sewer - Public","Conventional","Corporate"
"1001","2422987","816-728-2382","CLOSD","406 Westover Pines Drive, Henrico VA 23223","23223","Henrico","Townhouse","11/20/2024","$259,000","$270,000","37","Resale (occupied at least once)","2006","Westover Pines Townhouses","1,320","0.04","3","2.1","Public Water","Sewer - Public","FHA New","Estate"
"1001","2427230","7870-61-0824","CLOSD","206 Thompson Street, Hanover VA 23005","23005","Hanover","Single Family Residence","11/20/2024","$274,900","$285,000","7","Resale (occupied at least once)","1951","None","1,424","0.32","3","1.0","Public Water","Sewer - Public","Conventional","Corporate"
"1001","2425842","053C-6-25","CLOSD","2223 Westwood Pine Drive, Powhatan VA 23120","23120","Powhatan","Single Family Residence","11/20/2024","$425,000","$415,000","28","Resale (occupied at least once)","1997","Genito West","2,431","3.97","4","2.1","Well","Septic - Engineered","Conventional","Individuals"
"1001","2419904","TBD","CLOSD","529 Munson Woods Walk #UnitB, Henrico VA 23233","23233","Henrico","Condominium","11/20/2024","$514,235","$504,235","58","New (never occupied)","2024","Gateway Square","2,451","","3","2.1","Public Water","Sewer - Public","VA New","Corporate"
"1001","2423085","718-66-89-65-600-000","CLOSD","7800 Shady Banks Terrace, Chesterfield VA 23832","23832","Chesterfield","Single Family Residence","11/20/2024","$348,000","$348,000","58","Resale (occupied at least once)","1996","Ashbrook","1,500","0.18","3","2.1","Public Water","Sewer - Public","Cash","Corporate"
"1001","2428870","793-66-19-23-700-000","CLOSD","3304 Rufford Place, Chesterfield VA 23831","23831","Chesterfield","Single Family Residence","11/20/2024","$275,000","$275,000","3","Resale (occupied at least once)","1990","Cameron Run","1,104","0.22","3","2.0","Public Water","Sewer - Public","Cash","Individuals"
"1001","2417650","770-67-96-80-400-000","CLOSD","6113 Crosswinds Boulevard, Chesterfield VA 23234","23234","Chesterfield","Townhouse","11/20/2024","$356,870","$356,990","42","New (never occupied)","2024","Watermark","1,543","0.08","3","2.1","Public Water","Sewer - Public","Conventional","Other"
"1001","2417403","787-60-95-35-600-000","CLOSD","21420 Warren Avenue, Chesterfield VA 23803","23803","Chesterfield","Single Family Residence","11/20/2024","$260,000","$240,000","81","Resale (occupied at least once)","1956","Robertson Place","1,404","0.64","3","1.1","Public Water","Sewer - Public","Other","Estate"
"1001","2426079","762-68-98-62-900-000","CLOSD","4112 Litchfield Drive, Chesterfield VA 23832","23832","Chesterfield","Single Family Residence","11/20/2024","$410,000","$412,000","12","Resale (occupied at least once)","1981","Creekwood","2,188","0.41","4","3.1","Public Water","Sewer - Public","FHA New","Individuals"
"1001","2425396","W000-0907-014","CLOSD","410 North Meadow Street, Richmond City VA 23220","23220","Richmond City","Single Family Residence","11/20/2024","$665,000","$655,000","7","Resale (occupied at least once)","1908","None","2,024","0.03","3","2.1","Public Water","Sewer - Public","Conventional","Individuals"
"1001","2426325","757-71-82-28-300-000","CLOSD","8431 Chelmford Road, Chesterfield VA 23235","23235","Chesterfield","Single Family Residence","11/20/2024","$464,900","$465,000","16","Resale (occupied at least once)","1958","Southampton Acres","1,985","0.48","3","2.0","Public Water","Sewer - Public","Conventional","Individuals"
"1001","2420784","716681440900000","CLOSD","5519 Grandin Avenue #Unit3-2, Chesterfield VA 23120","23120","Chesterfield","Single Family Residence","11/20/2024","$607,685","$652,135","0","New (never occupied)","2024","Woolridge Landing","2,671","","4","3.0","Public Water","Sewer - Public","Conventional","Corporate"
"1001","2427013","783-65-98-50-700-000","CLOSD","4807 Wellington Farms Drive, Chesterfield VA 23831","23831","Chesterfield","Single Family Residence","11/20/2024","$525,000","$535,000","4","Resale (occupied at least once)","1992","Wellington Farms","2,954","0.59","4","3.0","Public Water","Sewer - Public","Conventional","Individuals"
"1001","2427530","834-709-7875","CLOSD","1023 Nash Road, Henrico VA 23150","23150","Henrico","Single Family Residence","11/20/2024","$150,000","$155,000","2","Resale (occupied at least once)","1941","Sandston","1,100","0.94","2","1.0","Well","Septic - Engineered","Cash","Individuals"
"1001","2427492","762-757-9235","CLOSD","7822 Fitzgerald Court, Henrico VA 23228","23228","Henrico","Townhouse","11/20/2024","$284,950","$285,950","4","Resale (occupied at least once)","1987","Summer Hill","1,200","","3","1.1","Public Water","Sewer - Public","FHA New","Individuals"
"1001","2427278","720-67-61-68-300-000","CLOSD","5812 Ridge Point Road, Chesterfield VA 23112","23112","Chesterfield","Single Family Residence","11/20/2024","$399,000","$399,500","3","Resale (occupied at least once)","1988","Woodlake","1,420","0.24","3","2.0","Public Water","Sewer - Public","Cash","Individuals"
"1001","2427166","735-749-6217","CLOSD","1830 Timberly Waye, Henrico VA 23238","23238","Henrico","Townhouse","11/20/2024","$299,950","$305,000","5","Resale (occupied at least once)","1993","Sussex Wood","1,300","0.04","3","2.1","Public Water","Sewer - Public","Conventional","Individuals"
"1001","2426988","760-70-45-08-900-000","CLOSD","7937 Provincetown Drive, Chesterfield VA 23235","23235","Chesterfield","Townhouse","11/20/2024","$249,950","$249,950","9","Resale (occupied at least once)","1974","Providence Green","1,400","0.06","3","1.1","Public Water","Sewer - Public","Conventional","Individuals"
"1001","2426536","811-721-7492","CLOSD","302 Glinhurst Road, Henrico VA 23223","23223","Henrico","Single Family Residence","11/20/2024","$149,900","$200,000","3","Resale (occupied at least once)","1962","Hechler Village","1,028","0.26","3","1.0","Public Water","Sewer - Public","Cash","Corporate, Partnership"
"1001","2426461","737-775-0250","CLOSD","12261 Country Creek Way, Henrico VA 23059","23059","Henrico","Single Family Residence","11/20/2024","$1,195,000","$1,393,888","5","Resale (occupied at least once)","1988","Cross Creek","5,428","2.44","5","4.1","Public Water","Sewer - Public","Conventional","Individuals"
"1001","2425667","S000-1135-003","CLOSD","612 West 29th Street, Richmond City VA 23225","23225","Richmond City","Single Family Residence","11/20/2024","$615,000","$629,000","5","Resale (occupied at least once)","1925","Woodland Heights","2,352","0.14","3","2.1","Public Water","Sewer - Public","Conventional","Individuals"
"1001","2425596","740-776-0585","CLOSD","6542 Glenshaw Drive, Henrico VA 23059","23059","Henrico","Townhouse","11/20/2024","$349,950","$349,950","24","Resale (occupied at least once)","2000","Courtland @ Wyndham","1,372","0.08","2","1.1","Public Water","Sewer - Public","Cash","Individuals"
"1001","2425276","737-65-45-67-100-000","CLOSD","11040 Long Branch Drive, Chesterfield VA 23832","23832","Chesterfield","Single Family Residence","11/20/2024","$365,000","$366,000","10","Resale (occupied at least once)","1990","Crooked Creek","1,826","1.83","4","2.1","Well","Septic - Conventional","Conventional","Individuals"
"1001","2424695","780-758-7781","CLOSD","1705 Hungary Road, Henrico VA 23228","23228","Henrico","Single Family Residence","11/20/2024","$405,000","$391,000","14","Resale (occupied at least once)","1972","Hungary Road Estates","1,896","0.31","4","2.0","Public Water","Sewer - Public","Conventional","Corporate"
"1001","2424523","703-67-15-27-000-000","CLOSD","7024 Silverthread Drive, Chesterfield VA 23120","23120","Chesterfield","Single Family Residence","11/20/2024","$629,000","$629,000","30","Resale (occupied at least once)","2018","Magnolia Green","2,172","0.29","3","2.0","Public Water","Sewer - Public","Cash","Individuals"
"1001","2424428","740-780-8770.041","CLOSD","12021 Layton Drive, Henrico VA 23059","23059","Henrico","Condominium","11/20/2024","$760,000","$760,000","7","Resale (occupied at least once)","2001","Club Commons","3,222","0.19","4","3.1","Public Water","Sewer - Public","Cash","Individuals"
"1001","2423987","766-65-44-37-900-000","CLOSD","11812 Europa Drive, Chesterfield VA 23838","23838","Chesterfield","Single Family Residence","11/20/2024","$595,000","$595,000","39","Resale (occupied at least once)","2016","The Highlands","3,434","1.42","4","2.1","Public Water","Septic - Conventional","Conventional","Individuals"
"1001","2422449","19G1 8 2  13","CLOSD","7582 Flowering Magnolia Lane, New Kent VA 23141","23141","New Kent","Single Family Residence","11/20/2024","$579,000","$580,100","29","Resale (occupied at least once)","2015","Patriots Landing","3,593","0.29","4","3.1","Public Water","Sewer - Public","Conventional","Individuals"
"1001","2421827","060-2-1","CLOSD","2720 Pilkington Road, Powhatan VA 23139","23139","Powhatan","Single Family Residence","11/20/2024","$1,200,000","$1,300,000","8","Resale (occupied at least once)","1900","None","3,450","16.21","3","4.1","Well","Septic - Conventional","Conventional","Individuals"
"1001","2420702","718-68-68-63-600-000","CLOSD","3101 Shorewood Place, Chesterfield VA 23112","23112","Chesterfield","Single Family Residence","11/20/2024","$585,000","$572,000","56","Resale (occupied at least once)","2005","Edgewater At The Reservoir","3,406","0.36","5","3.1","Public Water","Sewer - Public","Conventional","Individuals"
"1001","2409871","58-54-3-132-0","CLOSD","9426 Tesserae Way, Goochland VA 23238","23238","Goochland","Townhouse","11/20/2024","$611,775","$611,715","0","New (never occupied)","2024","Mosaic at West Creek","2,179","","4","3.1","Public Water","Sewer - Public","Cash","Corporate"
"1001","2330117","58-54-8-38-0","CLOSD","7118 Montage Row, Goochland VA 23238","23238","Goochland","Single Family Residence","11/20/2024","$833,889","$987,037","0","New (never occupied)","2023","Mosaic at West Creek","2,773","","3","2.1","Public Water","Sewer - Public","Conventional","Corporate"
"1001","2329558","28-109","CLOSD","13721 The Glebe Lane, Charles City County VA 23030","23030","Charles City County","Single Family Residence","11/20/2024","$359,500","$359,500","85","New (never occupied)","2024","None","1,496","3.12","3","2.0","Well","Septic - Engineered","Conventional","Corporate"
"1001","2324370","771678397900000","CLOSD","6119 Belay Drive, Chesterfield VA 23234","23234","Chesterfield","Townhouse","11/20/2024","$344,785","$341,785","354","New (never occupied)","2023","Watermark","1,474","","3","2.1","Public Water","Sewer - Public","Cash","Corporate"
"1001","2324366","771678198300000","CLOSD","6179 Belay Drive, Chesterfield VA 23234","23234","Chesterfield","Townhouse","11/20/2024","$339,990","$336,990","354","New (never occupied)","2023","Watermark","1,474","","3","2.1","Public Water","Sewer - Public","Cash","Corporate"
"1001","REIN10556052","23        41D","CLOSD","8000 North Courthouse Road VA 23124","23124","New Kent","Single Family Residence","11/20/2024","$369,000","$369,000","5","Resale (occupied at least once)","1961","ALL OTHERS AREA 140","1,280","3.40","3","2.0","Well","Septic","",""
"1001","REIN10553777","30A  4   325","CLOSD","5409 Jefferson Drive VA 23141","23141","New Kent","Single Family Residence","11/20/2024","$200,000","$196,000","21","Resale (occupied at least once)","1996","WOODHAVEN SHORES","1,008","","3","2.0","Public Water","Septic","",""
"1001","BRTVARC2000558","S0002002004","CLOSD","3158 Lawson Street, Richmond City VA 23224","23224","Richmond City","Single Family Residence","11/21/2024","$190,000","$197,000","32","Resale (occupied at least once)","1920","BURFOOT ADDITION","775","0.09","2","1.0","Public Water","Public Sewer On Site","",""
"1001","2426648","722-70-70-84-700-000","CLOSD","14440 Aldengate Road, Chesterfield VA 23114","23114","Chesterfield","Single Family Residence","11/21/2024","$469,000","$480,000","15","Resale (occupied at least once)","1975","Otterdale","2,872","0.45","4","2.1","Public Water","Septic - Conventional","VA New","Individuals"
"1001","2427596","826-64-02-53-000-000","CLOSD","15517 Maranatha Avenue, Chesterfield VA 23836","23836","Chesterfield","Single Family Residence","11/21/2024","$334,950","$335,000","3","Resale (occupied at least once)","1976","Whippoorwill","1,352","0.45","3","1.1","Public Water","Septic - Conventional","Conventional","Individuals"
"1001","2426177","806-64-15-37-100-000","CLOSD","15042 Creekbank Court, Chesterfield VA 23834","23834","Chesterfield","Single Family Residence","11/21/2024","$399,998","$380,000","5","Resale (occupied at least once)","1995","Southcreek","2,520","0.44","4","2.1","Public Water","Sewer - Public","Conventional","Individuals"
"1001","2424100","784-771-0410","CLOSD","10165 Blue Wing Lane, Henrico VA 23059","23059","Henrico","Townhouse","11/21/2024","$426,635","$426,635","13","New (never occupied)","2024","Village at Virginia Center Commons","1,957","","4","3.1","Public Water","Sewer - Public","FHA New","Corporate"
"1001","2422284","823-693-1559","CLOSD","7205 Shining Armor Court, Henrico VA 23231","23231","Henrico","Single Family Residence","11/21/2024","$466,330","$473,015","37","New (never occupied)","2024","Castleton","2,594","0.23","4","3.0","Public Water","Sewer - Public","Conventional","Corporate"
"1001","2415114","770-67-96-80-400-000","CLOSD","6101 Crosswinds Boulevard, Chesterfield VA 23234","23234","Chesterfield","Townhouse","11/21/2024","$345,320","$345,320","5","New (never occupied)","2024","Watermark","1,704","0.04","3","2.1","Public Water","Sewer - Public","Conventional","Corporate"
"1001","2414514","770-67-96-80-400-000","CLOSD","6055 Crosswinds Boulevard, Chesterfield VA 23234","23234","Chesterfield","Townhouse","11/21/2024","$334,870","$334,870","26","New (never occupied)","2024","Watermark","1,534","0.08","3","2.1","Public Water","Sewer - Public","Conventional","Corporate"
"1001","2418711","8705-24-7765","CLOSD","8487 Windsor Walk Lane, Hanover VA 23116","23116","Hanover","Single Family Residence","11/21/2024","$426,000","$426,000","81","Resale (occupied at least once)","1997","Summer Walk","1,842","0.36","3","2.1","Public Water","Sewer - Public","Conventional","Corporate"
"1001","2426578","8707-09-1167","CLOSD","10459 Rockingham Road, Hanover VA 23116","23116","Hanover","Single Family Residence","11/21/2024","$395,000","$400,000","16","Resale (occupied at least once)","1982","Hanover Hills Small Farms","1,410","1.03","3","2.0","Well","Septic - Conventional","Conventional","Individuals"
"1001","2420298","735-70-10-89-300-000","CLOSD","801 Hollypark Drive, Chesterfield VA 23114","23114","Chesterfield","Single Family Residence","11/21/2024","$490,000","$485,000","72","Resale (occupied at least once)","1993","Walton Park","2,305","0.37","3","2.1","Public Water","Sewer - Public","Conventional","Individuals"
"1001","2419956","N017-0603-013","CLOSD","1926 Elmsmere Avenue, Richmond City VA 23227","23227","Richmond City","Single Family Residence","11/21/2024","$350,000","$340,000","78","Resale (occupied at least once)","1938","West Ginter Park","1,520","0.22","4","2.0","Public Water","Community - Sewer/Septic","Conventional","Individuals"
"1001","2424805","S000-2002-004","CLOSD","3158 Lawson Street, Richmond City VA 23224","23224","Richmond City","Single Family Residence","11/21/2024","$190,000","$197,000","47","Resale (occupied at least once)","1920","Burfoot Addition","775","0.09","2","1.0","Public Water","Sewer - Public","FHA New","Individuals"
"1001","2425837","808-648-70-19-00000","CLOSD","13716 Woods Edge Road, Chesterfield VA 23834","23834","Chesterfield","Single Family Residence","11/21/2024","$290,000","$290,000","5","Resale (occupied at least once)","1975","Woods Edge","1,008","0.57","3","1.1","Public Water","Septic - Conventional","VHDA ","Individuals"
"1001","2412900","TBD","CLOSD","4919 Maben Hill Lane, Henrico VA 23059","23059","Henrico","Single Family Residence","11/21/2024","$914,885","$914,885","0","New (never occupied)","2024","Preserve at Turner Farm","4,313","","5","4.0","Public Water","Community - Sewer/Septic","Conventional","Corporate"
"1001","2425615","752-742-0563","CLOSD","1215 Rosecroft Road, Henrico VA 23229","23229","Henrico","Single Family Residence","11/21/2024","$339,950","$330,000","28","Resale (occupied at least once)","1955","Ridgecrest","1,389","","3","1.1","Public Water","Sewer - Public","Conventional","Individuals"
"1001","2427672","758-70-21-83-700-000","CLOSD","8424 Leno Place, Chesterfield VA 23236","23236","Chesterfield","Single Family Residence","11/21/2024","$450,000","$455,000","7","Resale (occupied at least once)","2015","Boxwood","2,794","0.29","5","3.0","Public Water","Sewer - Public","FHA New","Individuals"
"1001","2426534","C005-0482-036","CLOSD","5432 Westwick Drive, Richmond City VA 23225","23225","Richmond City","Single Family Residence","11/21/2024","$249,900","$260,000","8","Resale (occupied at least once)","1947","Raleigh Court","1,167","0.26","4","1.0","Public Water","Sewer - Public","Conventional","Corporate, Partnership"
"1001","2427540","718-66-71-16-700-000","CLOSD","7910 Featherchase Terrace, Chesterfield VA 23832","23832","Chesterfield","Single Family Residence","11/21/2024","$350,000","$354,000","5","Resale (occupied at least once)","1998","Ashbrook","1,138","0.23","3","2.0","Public Water","Sewer - Public","VA New","Individuals"
"1001","2424684","833-720-6018","CLOSD","3116 Chartwood Drive, Henrico VA 23150","23150","Henrico","Single Family Residence","11/21/2024","$299,900","$325,000","3","Resale (occupied at least once)","2003","Chartwood","1,606","0.27","3","2.0","Public Water","Sewer - Public","Cash","Individuals"
"1001","2424141","726670681200000","CLOSD","7135 Branched Antler Terrace, Chesterfield VA 23112","23112","Chesterfield","Single Family Residence","11/21/2024","$340,000","$340,000","21","Resale (occupied at least once)","1992","Antler Ridge","1,636","","3","2.1","Public Water","Sewer - Public","Conventional","Estate"
"1001","2423869","760-69-69-50-800-000","CLOSD","2348 Lancashire Drive, Chesterfield VA 23235","23235","Chesterfield","Single Family Residence","11/21/2024","$399,999","$400,000","43","Resale (occupied at least once)","1979","Surreywood","2,260","0.42","4","2.1","Public Water","Sewer - Public","Conventional","Individuals"
"1001","2421524","8705-58-7467","CLOSD","8423 Dell Ray Drive, Hanover VA 23116","23116","Hanover","Single Family Residence","11/21/2024","$299,900","$311,000","32","Resale (occupied at least once)","1953","Sharon Park","1,278","0.57","3","1.0","Well","Septic - Conventional","Conventional","Individuals, Other"
"1001","2421869","721-66-89-03-100-000","CLOSD","7812 Hancock Farm Lane, Chesterfield VA 23832","23832","Chesterfield","Single Family Residence","11/21/2024","$414,999","$410,000","44","Resale (occupied at least once)","2002","Cloverhill Estates","2,447","0.31","5","2.0","Public Water","Sewer - Public","Conventional","Individuals"
"1001","2421816","8724-28-8083","CLOSD","7844 Marshall Arch Drive #Unit94, Hanover VA 23111","23111","Hanover","Townhouse","11/21/2024","$399,000","$390,000","35","Resale (occupied at least once)","2014","Liberty Trace","1,734","0.10","3","2.1","Public Water","Sewer - Public","Conventional","Individuals"
"1001","2425422","7797-06-6270","CLOSD","10308 Oak Shade Court, Hanover VA 23116","23116","Hanover","Single Family Residence","11/21/2024","$425,000","$425,000","18","Resale (occupied at least once)","1999","Kings Charter","1,779","0.23","3","2.1","Public Water","Sewer - Public","Conventional","Individuals"
"1001","2421707","710-67-63-07-800-000","CLOSD","6400 Bilberry Alley, Chesterfield VA 23120","23120","Chesterfield","Townhouse","11/21/2024","$375,000","$375,000","15","Resale (occupied at least once)","2019","Wynwood at Foxcreek","1,556","0.09","3","2.1","Public Water","Sewer - Public","Conventional","Individuals"
"1001","2427806","757-69-35-67-700-000","CLOSD","8631 Den Bark Drive, Chesterfield VA 23235","23235","Chesterfield","Single Family Residence","11/21/2024","$340,000","$340,000","9","Resale (occupied at least once)","1985","Foxberry","1,526","0.42","4","2.0","Public Water","Sewer - Public","Conventional","Corporate"
"1001","2425380","752-69-78-11-800-000","CLOSD","2010 Hickstead Road, Chesterfield VA 23236","23236","Chesterfield","Single Family Residence","11/21/2024","$435,000","$420,000","14","Resale (occupied at least once)","1990","Spring Hill","2,649","0.75","3","2.0","Public Water","Sewer - Public","Conventional","Individuals"
"1001","2428164","805-728-0553","CLOSD","3316 Meadowmont Lane, Henrico VA 23223","23223","Henrico","Single Family Residence","11/21/2024","$380,000","$365,000","11","Resale (occupied at least once)","2001","Glenwood Lakes","2,424","0.25","3","2.1","Public Water","Sewer - Public","Conventional","Individuals"
"1001","2428043","749-71-44-10-900-000","CLOSD","2401 Trefoil Way, Chesterfield VA 23235","23235","Chesterfield","Single Family Residence","11/21/2024","$400,000","$435,000","4","Resale (occupied at least once)","1989","North Settlers Landing","2,096","","3","2.1","Public Water","Sewer - Public","Cash","Individuals"
"1001","2427604","747-740-0436","CLOSD","806 Timken Drive, Henrico VA 23229","23229","Henrico","Single Family Residence","11/21/2024","$350,000","$365,000","6","Resale (occupied at least once)","1957","Sheridan Hills","1,102","0.35","3","1.0","Public Water","Sewer - Public","Cash","Individuals"
"1001","2427536","779-744-5746","CLOSD","2418 Essex Road, Henrico VA 23228","23228","Henrico","Single Family Residence","11/21/2024","$499,000","$525,000","6","Resale (occupied at least once)","1953","Bryan Parkway","2,041","0.17","3","2.0","Public Water","Sewer - Public","Conventional","Individuals"
"1001","2427423","747-765-5139","CLOSD","11212 Oakstone Drive, Henrico VA 23060","23060","Henrico","Single Family Residence","11/21/2024","$570,000","$570,000","5","Resale (occupied at least once)","2000","Sadler Woods","2,275","0.28","4","2.1","Public Water","Sewer - Public","Conventional","Individuals"
"1001","2427089","790-65-93-51-900-000","CLOSD","3804 Terjo Lane, Chesterfield VA 23831","23831","Chesterfield","Single Family Residence","11/21/2024","$249,950","$249,950","12","Resale (occupied at least once)","1979","Terjo Village","1,438","0.30","3","2.1","Public Water","Septic - Conventional","Conventional","Individuals"
"1001","2426746","782-744-7834","CLOSD","5314 Smith Avenue, Henrico VA 23228","23228","Henrico","Single Family Residence","11/21/2024","$249,950","$270,500","6","Resale (occupied at least once)","1947","Bloomingdale","806","0.18","2","1.0","Public Water","Sewer - Public","Conventional","Individuals"
"1001","2426671","771-736-8367","CLOSD","5218 West Grace Street, Henrico VA 23226","23226","Henrico","Single Family Residence","11/21/2024","$414,950","$460,000","6","Resale (occupied at least once)","1952","North Willow Lawn","1,579","0.24","4","2.0","Public Water","Sewer - Public","Conventional","Individuals"
"1001","2426284","789-64-14-87-900-000","CLOSD","4605 Foxwood Road, Chesterfield VA 23831","23831","Chesterfield","Single Family Residence","11/21/2024","$410,000","$407,000","15","Resale (occupied at least once)","1996","Stoney Glen","2,185","0.26","4","2.1","Public Water","Sewer - Public","Conventional","Individuals"
"1001","2426185","752-766-1246.363","CLOSD","4122 San Marco Drive, Henrico VA 23060","23060","Henrico","Condominium","11/21/2024","$334,900","$340,000","3","Resale (occupied at least once)","2005","Villas At Innsbrook","1,403","0.03","2","2.0","Public Water","Sewer - Public","Conventional","Individuals"
"1001","2425670","E000-0805-040","CLOSD","924 North 33rd Street, Richmond City VA 23223","23223","Richmond City","Single Family Residence","11/21/2024","$477,853","$477,853","2","New (never occupied)","2024","None","1,732","0.04","3","2.1","Public Water","Sewer - Public","Conventional","Corporate"
"1001","2424911","800-708-7960","CLOSD","5814 New Osborne Turnpike, Henrico VA 23231","23231","Henrico","Single Family Residence","11/21/2024","$284,950","$267,000","27","Resale (occupied at least once)","1956","Marion Hill","1,100","0.25","3","1.0","Public Water","Sewer - Public","FHA New","Individuals"
"1001","2424749","W000-0610-021","CLOSD","1508 Grove Avenue, Richmond City VA 23220","23220","Richmond City","Single Family Residence","11/21/2024","$1,650,000","$1,500,000","8","Resale (occupied at least once)","1895","None","3,973","0.10","6","3.1","Public Water","Sewer - Public","Conventional","Individuals"
"1001","2424528","C005-0350-005","CLOSD","1621 Bilder Court, Richmond City VA 23225","23225","Richmond City","Single Family Residence","11/21/2024","$465,000","$475,000","3","Resale (occupied at least once)","2020","Westlake","2,240","0.20","3","2.1","Public Water","Sewer - Public","Conventional","Individuals"
"1001","2423943","751-71-67-61-800-000","CLOSD","9601 Groundhog Drive, Chesterfield VA 23235","23235","Chesterfield","Townhouse","11/21/2024","$279,950","$260,000","4","Resale (occupied at least once)","1981","Edgehill Townhouses","1,720","0.09","3","2.1","Public Water","Sewer - Public","Other","Individuals"
"1001","2423547","747-71-11-09-500-000","CLOSD","1817 Sealing Wax Way, Chesterfield VA 23235","23235","Chesterfield","Single Family Residence","11/21/2024","$499,000","$485,000","35","Resale (occupied at least once)","1975","Settlers Landing","2,128","0.25","3","2.1","Public Water","Sewer - Public","Conventional","Individuals"
"1001","2422024","730-68-50-50-700-000","CLOSD","13700 Quail Meadows Lane, Chesterfield VA 23112","23112","Chesterfield","Single Family Residence","11/21/2024","$339,950","$310,000","78","Resale (occupied at least once)","1976","Brandermill","1,614","0.32","3","2.0","Public Water","Sewer - Public","Cash","Individuals"
"1001","2417609","731-758-5421","CLOSD","12733 Storrow Road, Henrico VA 23233","23233","Henrico","Single Family Residence","11/21/2024","$599,950","$595,000","82","Resale (occupied at least once)","1996","Northbrooke","2,695","0.41","4","2.1","Public Water","Sewer - Public","Conventional","Individuals"
"1001","2416210","732-70-56-15-300-000","CLOSD","13001 Glengate Road, Chesterfield VA 23114","23114","Chesterfield","Single Family Residence","11/21/2024","$290,000","$276,100","20","Resale (occupied at least once)","1977","Walton Park","1,571","0.26","3","2.1","Public Water","Sewer - Public","Other","Estate"
"1001","2416094","7729-40-5984","CLOSD","12045 Shortleaf Lane, Hanover VA 23146","23146","Hanover","Single Family Residence","11/21/2024","$589,000","$549,000","126","Resale (occupied at least once)","1995","South Anna Estates","3,294","1.70","4","5.0","Well","Septic - Conventional","Conventional","Individuals"
"1001","2414528","771678346400000","CLOSD","6124 Belay Drive, Chesterfield VA 23234","23234","Chesterfield","Townhouse","11/21/2024","$348,665","$348,665","361","New (never occupied)","2024","Watermark","1,474","","3","2.1","Public Water","Sewer - Public","FHA New","Corporate"
"1001","2411700","N000-0119-049","CLOSD","101 West Marshall Street #UnitU42, Richmond City VA 23220","23220","Richmond City","Condominium","11/21/2024","$847,000","$805,000","140","Resale (occupied at least once)","1925","None","2,500","0.05","3","3.0","Public Water","Sewer - Public","Conventional","Individuals"
"1001","2427541","W019-0230-044","CLOSD","4644 Kensington Avenue, Richmond City VA 23226","23226","Richmond City","Single Family Residence","11/22/2024","$845,000","$890,000","10","Resale (occupied at least once)","1951","Colonial Place Annex","2,286","0.23","4","3.0","Public Water","Sewer - Public","Cash","Individuals"
"1001","2425604","827-713-7108","CLOSD","410 Raines Avenue, Henrico VA 23150","23150","Henrico","Single Family Residence","11/22/2024","$265,000","$270,550","7","Resale (occupied at least once)","1956","Sandston","1,248","0.33","3","1.1","Public Water","Sewer - Public","Cash","Individuals"
"1001","2425353","754-62-34-86-100-000","CLOSD","10621 Trents Bridge Road, Chesterfield VA 23838","23838","Chesterfield","Single Family Residence","11/22/2024","$509,900","$510,000","11","New (never occupied)","2024","Trentwood","2,362","1.90","4","2.1","Well","Septic - Conventional","Conventional","Corporate"
"1001","2426666","W021-0156-003","CLOSD","6405 Kensington Avenue, Richmond City VA 23226","23226","Richmond City","Single Family Residence","11/22/2024","$324,950","$365,000","7","Resale (occupied at least once)","1950","College View","1,044","0.28","2","1.0","Public Water","Sewer - Public","Conventional","Individuals"
"1001","2424361","745-757-3129","CLOSD","3751 Churchwood Place, Henrico VA 23233","23233","Henrico","Single Family Residence","11/22/2024","$719,000","$710,000","11","Resale (occupied at least once)","1988","Church Run","2,813","0.34","4","2.1","Public Water","Sewer - Public","Conventional","Individuals"
"1001","2417871","W000-0902-013","CLOSD","2003 Grove Avenue, Richmond City VA 23220","23220","Richmond City","Single Family Residence","11/22/2024","$950,000","$940,000","69","Resale (occupied at least once)","1913","None","3,003","0.07","4","2.1","Public Water","Sewer - Public","VA Assumption","Individuals"
"1001","2419310","731-764-1238","CLOSD","3504 Ormiston Grove Circle, Henrico VA 23233","23233","Henrico","Single Family Residence","11/22/2024","$1,690,000","$1,560,000","45","New (never occupied)","2023","Greengate","4,925","0.21","3","3.2","Public Water","Sewer - Public","Conventional","Corporate"
"1001","2426890","053C-9-9","CLOSD","2315 Westwood Pine Drive, Powhatan VA 23120","23120","Powhatan","Single Family Residence","11/22/2024","$469,950","$475,000","5","Resale (occupied at least once)","2002","Genito West","2,118","4.23","3","2.1","Well","Septic - Conventional","Conventional","Individuals"
"1001","2410184","7717-82-5846","CLOSD","2256 Osborne Hill Drive, Goochland VA 23146","23146","Goochland","Single Family Residence","11/22/2024","$709,950","$783,544","0","New (never occupied)","2024","Tuckahoe Bridge","2,943","0.40","4","3.0","Public Water","Sewer - Public","Conventional","Corporate"
"1001","2427873","33B13 32M  44","CLOSD","11435 Kings Pond Drive, New Kent VA 23140","23140","New Kent","Single Family Residence","11/22/2024","$470,000","$470,000","3","Resale (occupied at least once)","2006","Brickshire","2,841","0.74","4","2.1","Public Water","Sewer - Public","VA New","Corporate"
"1001","2422801","TBD","CLOSD","13326 Garland Lane, Chesterfield VA 23114","23114","Chesterfield","Condominium","11/22/2024","$389,990","$389,990","33","New (never occupied)","2024","Coalfield Station","1,573","","3","2.1","Public Water","Sewer - Public","FHA New","Corporate"
"1001","2422760","762-68-89-70-100-000","CLOSD","4407 Morehouse Terrace, Chesterfield VA 23832","23832","Chesterfield","Single Family Residence","11/22/2024","$396,900","$405,000","16","Resale (occupied at least once)","1984","Creekwood","3,044","0.39","6","3.1","Public Water","Sewer - Public","VA New","Individuals"
"1001","2326304","706-68-13-08-800-000","CLOSD","17107 Westington Road, Chesterfield VA 23120","23120","Chesterfield","Single Family Residence","11/22/2024","$608,950","$592,349","138","New (never occupied)","2024","Westerleigh","2,850","","4","3.0","Public Water","Sewer - Public","Conventional","Corporate"
"1001","2424168","722-67-58-18-800-000","CLOSD","14203 Waters Edge Terrace, Chesterfield VA 23112","23112","Chesterfield","Single Family Residence","11/22/2024","$450,000","$440,000","42","Resale (occupied at least once)","1988","Waters Edge","2,290","0.54","3","2.1","Public Water","Sewer - Public","Conventional","Individuals"
"1001","2424374","37-5A & 37-5","CLOSD","16823 Polish Town Road, New Kent VA 23089","23089","New Kent","Single Family Residence","11/22/2024","$229,900","$236,500","12","Resale (occupied at least once)","1979","None","1,056","1.80","3","2.0","Well","Septic - Engineered","USDA","REO"
"1001","2425050","W000-1203-033","CLOSD","2711 Grove Avenue #UnitU5, Richmond City VA 23220","23220","Richmond City","Condominium","11/22/2024","$435,000","$435,000","14","Resale (occupied at least once)","1917","None","1,168","0.03","2","2.0","Public Water","Sewer - Public","Conventional","Individuals"
"1001","2421720","764-68-71-21-100-000","CLOSD","7409 Winding Creek Lane, Chesterfield VA 23832","23832","Chesterfield","Single Family Residence","11/22/2024","$499,900","$493,000","59","Resale (occupied at least once)","1988","Creekwood","3,118","0.54","4","2.1","Public Water","Sewer - Public","Conventional","Individuals"
"1001","2423585","716-71-15-49-800-000","CLOSD","206 Quiet Breeze Alley #Unit41-1, Chesterfield VA 23113","23113","Chesterfield","Townhouse","11/22/2024","$503,625","$503,624","41","New (never occupied)","2024","Edge at Westchester","2,050","","3","3.1","Public Water","Sewer - Public","Conventional","Corporate"
"1001","2421187","8704-55-4841","CLOSD","7300 Princess Anne Drive, Hanover VA 23111","23111","Hanover","Single Family Residence","11/22/2024","$365,000","$360,000","39","Resale (occupied at least once)","1966","Windy Hill Estates","2,668","0.42","3","2.0","Public Water","Sewer - Public","VA New","Individuals"
"1001","2421005","792-66-06-76-500-000","CLOSD","11231 Eagle Point Road, Chesterfield VA 23831","23831","Chesterfield","Single Family Residence","11/22/2024","$300,000","$313,000","49","Resale (occupied at least once)","1985","Chipchase At Mineola","1,300","0.37","3","2.0","Public Water","Sewer - Public","VA New","Estate"
"1001","2427744","776-762-9528","CLOSD","9849 Willow Glen Court, Henrico VA 23228","23228","Henrico","Single Family Residence","11/22/2024","$422,000","$431,000","9","Resale (occupied at least once)","2001","Cedar Grove","1,986","0.24","3","2.1","Public Water","Sewer - Public","FHA New","Individuals"
"1001","2425727","E000-1279-017","CLOSD","906 North 37th Street, Richmond City VA 23223","23223","Richmond City","Single Family Residence","11/22/2024","$495,000","$505,000","24","Resale (occupied at least once)","1946","East End","2,058","0.13","3","2.1","Public Water","Sewer - Public","Conventional","Individuals"
"1001","2425073","719-68-98-61-600-000","CLOSD","2300 Wing Haven Place, Chesterfield VA 23112","23112","Chesterfield","Single Family Residence","11/22/2024","$624,950","$635,000","37","Resale (occupied at least once)","2009","The Sanctuary At Watermill","3,139","0.26","5","3.1","Public Water","Sewer - Public","Conventional","Individuals"
"1001","2421584","737-70-24-29-200-000","CLOSD","11921 Rexmoor Drive, Chesterfield VA 23236","23236","Chesterfield","Single Family Residence","11/22/2024","$625,000","$625,000","26","Resale (occupied at least once)","2000","Stonehenge Amesbury","3,784","0.38","5","4.1","Public Water","Sewer - Public","Conventional","Individuals"
"1001","2415981","712672555200226","CLOSD","6635 Citory Way #Unit304, Chesterfield VA 23120","23120","Chesterfield","Condominium","11/22/2024","$308,490","$315,030","24","New (never occupied)","2024","Greenwich Walk At Foxcreek","1,164","","2","2.0","Public Water","Sewer - Public","Cash","Corporate"
"1001","2412769","738-768-5488","CLOSD","4837 Bacova Village Trail, Henrico VA 23059","23059","Henrico","Condominium","11/22/2024","$524,990","$568,570","19","New (never occupied)","2024","Bacova Village","2,339","","3","3.1","Public Water","Sewer - Public","Conventional","Corporate"
"1001","2411019","756621049100000","CLOSD","9918 Peacefield Lane, Chesterfield VA 23803","23803","Chesterfield","Single Family Residence","11/22/2024","$502,890","$504,015","48","New (never occupied)","2023","None","2,511","","5","3.0","Public Water","Sewer - Public","FHA New","Corporate"
"1001","2427131","795-63-33-09-000-000","CLOSD","16012 Saromont Avenue, Chesterfield VA 23831","23831","Chesterfield","Single Family Residence","11/22/2024","$314,900","$315,000","8","Resale (occupied at least once)","1963","Harrowgate","1,512","0.43","3","2.0","Public Water","Sewer - Public","VA New","Individuals"
"1001","2424175","818-65-09-30-500-000","CLOSD","734 Koyoto Court, Chesterfield VA 23836","23836","Chesterfield","Single Family Residence","11/22/2024","$359,950","$359,950","39","Resale (occupied at least once)","1990","Cameron Hills","1,760","0.29","4","3.0","Public Water","Sewer - Public","FHA New","Individuals"
"1001","2426282","772-740-7432","CLOSD","5409 Bindery Lane, Henrico VA 23230","23230","Henrico","Townhouse","11/22/2024","$549,950","$548,500","16","Resale (occupied at least once)","2020","Libbie Mill Townhomes","2,083","0.03","3","2.1","Public Water","Sewer - Public","Conventional","Individuals"
"1001","2427186","721-67-60-82-500-000","CLOSD","5823 Mill Spring Road, Chesterfield VA 23112","23112","Chesterfield","Single Family Residence","11/22/2024","$350,000","$353,000","5","Resale (occupied at least once)","1985","Woodlake","1,472","0.18","3","2.1","Public Water","Sewer - Public","FHA New","Individuals"
"1001","2426446","C005-0463-022","CLOSD","1401 Westover Gardens Boulevard, Richmond City VA 23225","23225","Richmond City","Single Family Residence","11/22/2024","$465,000","$465,000","13","Resale (occupied at least once)","1950","Westover Gardens","2,797","0.48","5","3.0","Public Water","Sewer - Public","FHA New","Individuals"
"1001","2424693","767-68-46-23-900-000","CLOSD","6624 West Denny Court, Chesterfield VA 23832","23832","Chesterfield","Single Family Residence","11/22/2024","$298,500","$303,000","24","Resale (occupied at least once)","1985","Fairpines","1,252","0.18","3","2.0","Public Water","Sewer - Public","Assumption","Individuals"
"1001","2424060","741-68-81-77-000-000","CLOSD","3139 Barnack Road, Chesterfield VA 23112","23112","Chesterfield","Single Family Residence","11/22/2024","$445,950","$442,000","17","Resale (occupied at least once)","2017","Walnut Grove","2,182","0.33","4","2.1","Public Water","Sewer - Public","VA New","Individuals"
"1001","2408465","802-737-5751","CLOSD","4058 Grand Reserve Lane #UnitK-2, Henrico VA 23223","23223","Henrico","Townhouse","11/22/2024","$344,430","$344,430","15","New (never occupied)","2024","Reserve at Springdale Park","1,505","","3","2.1","Public Water","Sewer - Public","Conventional","Corporate"
"1001","2414197","7376799541","CLOSD","3939 Maze Runner Drive, Chesterfield VA 23112","23112","Chesterfield","Condominium","11/22/2024","$277,240","$277,240","86","New (never occupied)","2024","Wescott","1,116","","1","1.1","Public Water","Sewer - Public","VA New","Corporate"
"1001","2424934","764-68-68-53-300-000","CLOSD","4602 Barkbridge Court, Chesterfield VA 23832","23832","Chesterfield","Single Family Residence","11/22/2024","$399,000","$380,000","31","Resale (occupied at least once)","1979","Pennwood","1,963","1.13","4","2.2","Public Water","Sewer - Public","FHA New","Individuals"
"1001","2427118","707-68-26-19-100-000","CLOSD","4901 Ellerby Drive, Chesterfield VA 23120","23120","Chesterfield","Single Family Residence","11/22/2024","$649,950","$650,000","6","Resale (occupied at least once)","2020","Westerleigh","3,427","0.31","4","4.1","Public Water","Sewer - Public","VA New","Individuals"
"1001","2427420","796-63-66-70-100-000","CLOSD","15703 Gary Avenue, Chesterfield VA 23831","23831","Chesterfield","Single Family Residence","11/22/2024","$254,900","$255,000","3","Resale (occupied at least once)","1979","Ivey Acres","1,008","0.22","3","1.1","Public Water","Sewer - Public","FHA New","Individuals"
"1001","2427710","831-692-8776","CLOSD","4120 Quincy Maie Drive, Henrico VA 23231","23231","Henrico","Single Family Residence","11/22/2024","$424,950","$424,000","7","Resale (occupied at least once)","1991","Phillips Woods","2,496","1.01","4","3.0","Well","Septic - Conventional","FHA New","Individuals"
"1001","2427343","808-727-3575","CLOSD","700 Dabbs House Road, Henrico VA 23223","23223","Henrico","Single Family Residence","11/22/2024","$325,000","$333,000","3","Resale (occupied at least once)","2002","None","1,889","3.17","3","2.0","Well","Septic - Conventional","Conventional","Individuals"
"1001","2426765","805-716-6483","CLOSD","4433 Crown Squire Road, Henrico VA 23231","23231","Henrico","Single Family Residence","11/22/2024","$299,950","$315,000","3","Resale (occupied at least once)","1987","Kings Hill West","1,520","0.36","3","1.1","Public Water","Sewer - Public","Conventional","Individuals"
"1001","2425143","22A5 1 1  69","CLOSD","8895 Porto Court, New Kent VA 23124","23124","New Kent","Single Family Residence","11/22/2024","$850,000","$850,000","19","Resale (occupied at least once)","2018","Viniterra","2,814","1.28","4","3.0","Public Water","Sewer - Public","Conventional","Individuals"
"1001","2421410","7787-37-2303","CLOSD","10526 Stony Bluff Drive #Unit303, Hanover VA 23005","23005","Hanover","Condominium","11/22/2024","$300,000","$300,000","5","New (never occupied)","2024","Stony Run","1,156","","2","2.0","Public Water","Sewer - Public","Conventional","Corporate"
"1001","2417502","798-735-9806","CLOSD","1509 Whatley Street, Henrico VA 23222","23222","Henrico","Single Family Residence","11/22/2024","$262,000","$250,000","98","Resale (occupied at least once)","1981","East Highland Park","1,056","0.24","3","1.0","Public Water","Sewer - Public","Cash","Corporate"
"1001","2415924","7787-37-2307","CLOSD","10526 Stony Bluff Drive #Unit307, Hanover VA 23005","23005","Hanover","Condominium","11/22/2024","$310,000","$310,000","58","New (never occupied)","2024","Stony Run","1,156","","2","2.0","Public Water","Sewer - Public","Conventional","Corporate"
"1001","2427865","861-703-9927","CLOSD","5318 White Oak Drive, Henrico VA 23150","23150","Henrico","Single Family Residence","11/22/2024","$394,500","$400,000","3","Resale (occupied at least once)","1994","Scandia Lake","1,841","1.03","3","2.1","Public Water","Septic - Conventional","Conventional","Individuals"
"1001","2423020","S000-0586-012","CLOSD","605 West 25th Street, Richmond City VA 23225","23225","Richmond City","Single Family Residence","11/22/2024","$639,000","$625,000","19","Resale (occupied at least once)","1926","Woodland Heights","1,886","0.21","3","3.0","Public Water","Sewer - Public","Conventional","Individuals"
"1001","2426291","827-713-9315","CLOSD","407 Huger Drive, Henrico VA 23150","23150","Henrico","Single Family Residence","11/22/2024","$239,950","$240,000","6","Resale (occupied at least once)","1956","Sandston","1,095","0.41","3","1.0","Public Water","Sewer - Public","VHDA/FHA","Individuals"
"1001","2408954","834-720-2801","CLOSD","272 Taylor Road, Henrico VA 23150","23150","Henrico","Single Family Residence","11/22/2024","$346,300","$346,300","0","New (never occupied)","2024","None","1,803","0.26","4","2.1","Well","Septic - Engineered","FHA New","Corporate"
"1001","2417584","8   6     2","CLOSD","9555 Taylors Grove Road, New Kent VA 23141","23141","New Kent","Single Family Residence","11/22/2024","$472,000","$472,000","106","Resale (occupied at least once)","2008","None","2,003","2.54","3","2.1","Well","Septic - Conventional","Conventional","Individuals"
"1001","2425666","820-715-6956","CLOSD","4901 Regina Road, Henrico VA 23150","23150","Henrico","Single Family Residence","11/22/2024","$279,990","$281,500","4","Resale (occupied at least once)","1958","Sanburne Park","1,104","0.34","3","2.0","Public Water","Sewer - Public","FHA New","Individuals"
"1001","2400295","7787-37-2403","CLOSD","10526 Stony Bluff Drive #Unit403, Hanover VA 23005","23005","Hanover","Condominium","11/22/2024","$320,000","$320,000","238","New (never occupied)","2024","Stony Run","1,256","","2","2.0","Public Water","Sewer - Public","Conventional","Corporate"
"1001","2426573","W000-1628-012","CLOSD","3407 Cutshaw Avenue, Richmond City VA 23230","23230","Richmond City","Single Family Residence","11/22/2024","$465,000","$450,000","13","Resale (occupied at least once)","1929","None","1,144","0.05","2","2.1","Public Water","Sewer - Public","Conventional","Individuals"
"1001","2427847","7769-85-4733","CLOSD","12079 Sunset Drive, Hanover VA 23005","23005","Hanover","Single Family Residence","11/22/2024","$399,950","$400,500","4","Resale (occupied at least once)","1972","Oak Hill Estates","1,474","0.73","3","2.0","Public Water","Sewer - Public","Conventional","Individuals"
"1001","2427405","724-69-96-37-700-000","CLOSD","1001 Clayborne Lane, Chesterfield VA 23114","23114","Chesterfield","Single Family Residence","11/22/2024","$540,000","$550,000","3","Resale (occupied at least once)","2005","Clayborne Village C Colony","2,190","0.18","2","2.0","Public Water","Sewer - Public","Conventional","Individuals"
"1001","2427117","8724-91-5106","CLOSD","7076 Old Millstone Drive, Hanover VA 23111","23111","Hanover","Single Family Residence","11/22/2024","$689,000","$689,000","6","Resale (occupied at least once)","2002","Gaines Mill","3,626","2.03","5","4.1","Well","Septic - Conventional","Cash","Individuals"
"1001","2425864","805-729-2060","CLOSD","2612 Grand Glen Road, Henrico VA 23223","23223","Henrico","Single Family Residence","11/22/2024","$379,950","$379,950","6","Resale (occupied at least once)","2005","Glenwood Lakes","2,185","0.24","3","2.1","Public Water","Sewer - Public","FHA New","Corporate"
"1001","2429036","C006-0426-032","CLOSD","624 Arizona Drive, Richmond City VA 23224","23224","Richmond City","Single Family Residence","11/22/2024","$165,000","$165,000","2","Resale (occupied at least once)","1965","Woodstock","1,378","0.38","3","1.1","Public Water","Sewer - Public","Cash","Individuals"
"1001","2428649","788-60-97-36-200-000","CLOSD","21411 Bridle Path Drive, Chesterfield VA 23803","23803","Chesterfield","Single Family Residence","11/22/2024","$189,900","$186,500","2","Resale (occupied at least once)","1981","Country Home Estates","1,296","0.22","4","2.1","Public Water","Sewer - Public","Cash","Individuals"
"1001","2428529","748-738-3376.041","CLOSD","9109 Derbyshire Road #UnitB, Henrico VA 23229","23229","Henrico","Condominium","11/22/2024","$264,900","$254,900","8","Resale (occupied at least once)","1964","Deerwood Condominium","1,000","0.02","2","1.1","Public Water","Sewer - Public","Cash","Individuals"
"1001","2428326","C001-0340-018","CLOSD","4211 Waumsetta Road, Richmond City VA 23235","23235","Richmond City","Single Family Residence","11/22/2024","$330,000","$330,000","4","Resale (occupied at least once)","1950","Southampton","1,776","1.07","3","2.0","Public Water","Sewer - Public","Cash","Individuals"
"1001","2428249","747-746-3559.336","CLOSD","1509 Thistle Road #Unit304, Henrico VA 23238","23238","Henrico","Condominium","11/22/2024","$175,000","$168,350","12","Resale (occupied at least once)","1981","Regency Woods Condominiums","910","0.02","1","1.0","Public Water","Sewer - Public","Cash","Individuals"
"1001","2428093","795-742-0203","CLOSD","4206 Fayette Circle, Henrico VA 23222","23222","Henrico","Single Family Residence","11/22/2024","$269,000","$269,000","4","Resale (occupied at least once)","1954","Fayette Park","1,076","0.32","3","1.1","Public Water","Sewer - Public","Conventional","Corporate"
"1001","2427943","W000-1788-005","CLOSD","4007 Wythe Avenue, Richmond City VA 23221","23221","Richmond City","Single Family Residence","11/22/2024","$995,000","$1,100,000","3","Resale (occupied at least once)","1933","Monument Annex","3,007","0.21","5","4.0","Public Water","Sewer - Public","Conventional","Individuals"
"1001","2427535","C007-0200-024","CLOSD","907 Green Ridge Drive, Richmond City VA 23225","23225","Richmond City","Single Family Residence","11/22/2024","$229,900","$250,000","3","Resale (occupied at least once)","1979","Green Ridge","1,056","0.23","3","1.0","Public Water","Sewer - Public","Conventional","Individuals"
"1001","2427430","8724-40-0123","CLOSD","6303 Tammy Lane, Hanover VA 23111","23111","Hanover","Single Family Residence","11/22/2024","$354,900","$354,000","3","Resale (occupied at least once)","1972","High Point Farms","1,788","0.48","4","2.0","Community Well","Septic - Conventional","VA New","Individuals"
"1001","2427409","784-66-98-67-200-000","CLOSD","4139 Laurel Oak Road, Chesterfield VA 23237","23237","Chesterfield","Single Family Residence","11/22/2024","$257,500","$260,000","4","Resale (occupied at least once)","1985","Oakmont","996","0.17","3","1.1","Public Water","Sewer - Public","Conventional","Individuals"
"1001","2427404","744-752-6586.011","CLOSD","2101 Turtle Creek Drive #Unit11, Henrico VA 23233","23233","Henrico","Condominium","11/22/2024","$215,000","$220,000","4","Resale (occupied at least once)","1985","Turtle Creek West Condominiums","1,120","0.02","2","2.0","Public Water","Sewer - Public","Conventional","Estate"
"1001","2427403","741-754-6228","CLOSD","2417 Crowncrest Drive, Henrico VA 23233","23233","Henrico","Single Family Residence","11/22/2024","$455,000","$495,000","6","Resale (occupied at least once)","1985","Westminster","2,027","0.26","4","2.1","Public Water","Sewer - Public","Conventional","Individuals"
"1001","2427373","N000-0120-059","CLOSD","404 North Adams Street, Richmond City VA 23220","23220","Richmond City","Townhouse","11/22/2024","$440,000","$445,000","7","Resale (occupied at least once)","1900","Adams Court","1,754","0.05","3","2.1","Public Water","Sewer - Public","Cash","Individuals"
"1001","2427368","823-727-8375","CLOSD","411 North Ash Avenue, Henrico VA 23075","23075","Henrico","Single Family Residence","11/22/2024","$284,900","$310,000","3","Resale (occupied at least once)","1957","Meadowview","1,629","0.27","3","1.1","Public Water","Sewer - Public","FHA New","Individuals"
"1001","2427327","670-66-34-66-100-000","CLOSD","24340 Pear Orchard Road, Chesterfield VA 23120","23120","Chesterfield","Single Family Residence","11/22/2024","$885,000","$885,000","9","Resale (occupied at least once)","1994","None","3,820","18.33","4","3.1","Well","Septic - Conventional","Conventional","Estate"
"1001","2427243","8745-60-2195","CLOSD","8006 Sinclair Road, Hanover VA 23111","23111","Hanover","Single Family Residence","11/22/2024","$449,500","$449,500","4","Resale (occupied at least once)","1990","Sinclair Manor","2,200","1.11","4","2.1","Public Water","Septic - Conventional","FHA New","Individuals"
"1001","2427169","739-749-6670","CLOSD","10849 Old Prescott Road, Henrico VA 23238","23238","Henrico","Single Family Residence","11/22/2024","$1,050,000","$1,050,000","31","Resale (occupied at least once)","1995","Royal Oaks","4,241","0.54","5","4.1","Public Water","Sewer - Public","Conventional","Individuals"
"1001","2427141","W000-1207-103","CLOSD","513 North Arthur Ashe Boulevard #UnitU2, Richmond City VA 23220","23220","Richmond City","Condominium","11/22/2024","$265,000","$300,000","5","Resale (occupied at least once)","1928","Tuscan Villas Condominiums","670","0.00","2","1.0","Public Water","Sewer - Public","Conventional","Individuals"
"1001","2426898","62-33-0-14-0","CLOSD","408 Elm Creek Drive, Goochland VA 23103","23103","Goochland","Single Family Residence","11/22/2024","$550,000","$615,000","2","Resale (occupied at least once)","2001","Cedar Grove","2,827","0.99","3","2.1","Community Well","Sewer - Public","Conventional","Individuals"
"1001","2426881","731-67-88-67-000-000","CLOSD","4609 Peppercorn Place, Chesterfield VA 23112","23112","Chesterfield","Single Family Residence","11/22/2024","$344,000","$344,000","6","Resale (occupied at least once)","1976","Brandermill","1,568","0.20","3","2.1","Public Water","Sewer - Public","Conventional","Individuals"
"1001","2426857","751-71-63-28-600-000","CLOSD","2330 Fillmore Circle, Chesterfield VA 23235","23235","Chesterfield","Single Family Residence","11/22/2024","$579,950","$620,000","4","Resale (occupied at least once)","1965","Englewood","2,574","0.38","4","2.2","Public Water","Septic - Conventional","Conventional","Individuals"
"1001","2426508","734-757-6829","CLOSD","12013 Bexley Court, Henrico VA 23233","23233","Henrico","Townhouse","11/22/2024","$329,900","$313,100","14","Resale (occupied at least once)","1991","Worthington Hills","1,420","0.07","2","2.1","Public Water","Sewer - Public","Conventional","Individuals"
"1001","2426470","757-68-98-10-500-000","CLOSD","3815 Foxglove Road, Chesterfield VA 23235","23235","Chesterfield","Single Family Residence","11/22/2024","$299,950","$291,500","4","Resale (occupied at least once)","1959","Longwood Acres","1,485","0.44","3","1.1","Public Water","Septic - Conventional","Cash","Individuals"
"1001","2426193","039-38","CLOSD","3663 Old Buckingham Road, Powhatan VA 23139","23139","Powhatan","Single Family Residence","11/22/2024","$414,900","$400,000","24","Resale (occupied at least once)","1940","None","1,960","6.00","4","2.0","Well","Septic - Conventional","Cash","Corporate"
"1001","2426172","807-738-1918","CLOSD","4243 Montclair Road, Henrico VA 23223","23223","Henrico","Single Family Residence","11/22/2024","$320,000","$315,000","17","Resale (occupied at least once)","1993","Maplewood Farms","1,916","0.30","3","2.0","Public Water","Sewer - Public","FHA New","Individuals"
"1001","2425902","750-738-0117","CLOSD","8801 Wishart Road, Henrico VA 23229","23229","Henrico","Single Family Residence","11/22/2024","$599,000","$645,000","8","Resale (occupied at least once)","1960","Bellefonte","2,055","0.38","3","2.1","Public Water","Sewer - Public","Conventional","Individuals"
"1001","2425879","756-748-4607","CLOSD","8312 Yolanda Road, Henrico VA 23229","23229","Henrico","Single Family Residence","11/22/2024","$335,000","$375,000","6","Resale (occupied at least once)","1957","Westdale Estates","1,748","0.26","3","2.0","Public Water","Sewer - Public","Conventional","Individuals"
"1001","2425720","769-763-1445","CLOSD","9917 Klaus Circle, Henrico VA 23060","23060","Henrico","Single Family Residence","11/22/2024","$525,950","$525,950","16","Resale (occupied at least once)","1990","Tall Timbers","2,292","0.27","4","2.1","Public Water","Sewer - Public","VA New","Individuals"
"1001","2425653","749-743-8207","CLOSD","1104 Mapleton Court, Henrico VA 23229","23229","Henrico","Single Family Residence","11/22/2024","$412,000","$412,000","14","Resale (occupied at least once)","1986","Greenbriar West","1,878","0.24","4","2.1","Public Water","Sewer - Public","Conventional","Individuals"
"1001","2425460","733-67-02-26-200-000","CLOSD","7011 Spring Trace Terrace, Chesterfield VA 23112","23112","Chesterfield","Single Family Residence","11/22/2024","$365,000","$375,000","18","Resale (occupied at least once)","1992","Spring Trace","1,596","0.32","3","2.0","Public Water","Sewer - Public","Conventional","Individuals"
"1001","2425420","744-770-6521.019","CLOSD","5029 Hickory Downs Court, Henrico VA 23059","23059","Henrico","Condominium","11/22/2024","$524,950","$550,000","5","Resale (occupied at least once)","2003","Belmont Park At Twin Hickory","2,027","0.23","2","2.0","Public Water","Sewer - Public","Cash","Estate"
"1001","2425393","102248","CLOSD","10454 Kings Pond Drive, New Kent VA 23140","23140","New Kent","Single Family Residence","11/22/2024","$549,950","$544,950","30","New (never occupied)","2024","Brickshire","3,292","0.78","4","3.1","Public Water","Sewer - Public","VA New","Corporate"
"1001","2424854","W021-0136-001","CLOSD","6208 Patterson Avenue, Richmond City VA 23226","23226","Richmond City","Single Family Residence","11/22/2024","$525,000","$515,000","20","Resale (occupied at least once)","1946","Westview Manor","1,814","0.25","4","2.1","Public Water","Sewer - Public","Cash","Individuals"
"1001","2424829","795639681300000","CLOSD","3300 Loganwood Drive, Chesterfield VA 23834","23834","Chesterfield","Single Family Residence","11/22/2024","$300,000","$305,000","7","Resale (occupied at least once)","1982","Happy Hill Farms","1,300","0.28","3","2.0","Public Water","Sewer - Public","VHDA ","Individuals"
"1001","2424768","7798-60-5954","CLOSD","9174 Breeders Cup Place, Hanover VA 23116","23116","Hanover","Single Family Residence","11/22/2024","$499,000","$499,000","17","Resale (occupied at least once)","1990","Fox Head","2,372","0.39","4","2.1","Public Water","Sewer - Public","Conventional","Individuals"
"1001","2424740","8755-88-8834","CLOSD","8468 Wendellshire Way, Hanover VA 23111","23111","Hanover","Single Family Residence","11/22/2024","$684,950","$650,000","39","Resale (occupied at least once)","1996","Ingleside Farm","2,758","10.00","3","2.1","Well","Septic - Conventional","Cash","Individuals"
"1001","2424659","730-750-4519","CLOSD","2306 Pleasant Run Drive, Henrico VA 23238","23238","Henrico","Single Family Residence","11/22/2024","$425,000","$426,000","7","Resale (occupied at least once)","1975","Tuckahoe Village West","1,886","0.37","3","2.0","Public Water","Sewer - Public","Conventional","Individuals"
"1001","2424648","773-765-4311","CLOSD","2713 Renay Court, Henrico VA 23060","23060","Henrico","Single Family Residence","11/22/2024","$449,900","$450,000","9","Resale (occupied at least once)","1997","Mountain Glen","2,018","","4","2.1","Public Water","Sewer - Public","Conventional","Individuals"
"1001","2424595","767-738-7601","CLOSD","6207 Dustin Drive, Henrico VA 23226","23226","Henrico","Single Family Residence","11/22/2024","$599,990","$599,990","11","Resale (occupied at least once)","1947","Westview Manor","1,651","0.23","3","1.1","Public Water","Sewer - Public","Cash","Individuals"
"1001","2424583","750-750-9716","CLOSD","9524 Ridgefield Road, Henrico VA 23229","23229","Henrico","Single Family Residence","11/22/2024","$454,966","$450,000","35","Resale (occupied at least once)","1962","Pinedale Farms","2,480","0.28","4","2.1","Public Water","Sewer - Public","Conventional","Individuals"
"1001","2424398","7797-74-8273","CLOSD","9125 Stephens Manor Drive, Hanover VA 23116","23116","Hanover","Single Family Residence","11/22/2024","$685,000","$655,000","6","Resale (occupied at least once)","1998","Kings Charter","3,947","","5","3.1","Public Water","Sewer - Public","Conventional","Individuals"
"1001","2424396","821-64-78-33-400-000","CLOSD","1237 River Shore Place, Chesterfield VA 23836","23836","Chesterfield","Single Family Residence","11/22/2024","$334,000","$334,000","3","Resale (occupied at least once)","2013","River Walk At Rivermont Crossing","1,369","0.30","3","2.0","Public Water","Sewer - Public","Conventional","Individuals"
"1001","2424326","736-767-1881","CLOSD","4715 Hepler Ridge Way, Henrico VA 23059","23059","Henrico","Single Family Residence","11/22/2024","$875,000","$910,000","1","Resale (occupied at least once)","2020","Smith Grove at Bacova","3,026","0.18","5","4.0","Public Water","Sewer - Public","Conventional","Individuals"
"1001","2424018","745-773-5045","CLOSD","5528 Abbott Circle, Henrico VA 23059","23059","Henrico","Single Family Residence","11/22/2024","$399,000","$478,500","35","Resale (occupied at least once)","1999","Avery Green","1,914","0.13","3","2.1","Public Water","Sewer - Public","Conventional","Estate"
"1001","2423925","744-760-7007","CLOSD","1722 Old Brick Road #Unit17A, Henrico VA 23060","23060","Henrico","Condominium","11/22/2024","$474,900","$470,710","0","New (never occupied)","2024","West Broad Village","1,504","","3","2.1","Public Water","Sewer - Public","Conventional","Corporate"
"1001","2423242","W021-0350-027","CLOSD","6205 Tapoan Place, Richmond City VA 23226","23226","Richmond City","Single Family Residence","11/22/2024","$1,875,000","$2,125,000","14","Resale (occupied at least once)","1898","None","3,259","0.46","4","3.0","Public Water","Sewer - Public","Cash","Individuals"
"1001","2422896","7870-89-8056","CLOSD","13954 Stanley Park Drive, Hanover VA 23005","23005","Hanover","Single Family Residence","11/22/2024","$425,000","$425,000","11","Resale (occupied at least once)","2017","Ashland Park","1,500","0.17","3","2.0","Public Water","Sewer - Public","Conventional","Individuals"
"1001","2420982","750-70-40-18-100-000","CLOSD","116 Northfield Lane, Chesterfield VA 23236","23236","Chesterfield","Single Family Residence","11/22/2024","$399,900","$390,000","73","Resale (occupied at least once)","1973","Shenandoah","2,870","0.30","4","2.1","Public Water","Sewer - Public","Other","Individuals"
"1001","2420880","58-54-3-87-0","CLOSD","9322 Citrine Run, Goochland VA 23238","23238","Goochland","Condominium","11/22/2024","$538,000","$530,000","51","Resale (occupied at least once)","2022","Mosaic at West Creek","1,949","0.09","3","2.1","Public Water","Sewer - Public","Conventional","Individuals"
"1001","2419101","N018-0557-001","CLOSD","3902 Corbin Street, Richmond City VA 23222","23222","Richmond City","Single Family Residence","11/22/2024","$295,000","$288,000","93","Resale (occupied at least once)","1920","Washington Park","1,096","0.34","3","2.0","Public Water","Sewer - Public","FHA New","Individuals"
"1001","2418846","796-63-38-01-100-000","CLOSD","16216 Mistora Road, Chesterfield VA 23831","23831","Chesterfield","Single Family Residence","11/22/2024","$274,999","$275,000","87","Resale (occupied at least once)","1980","Searcy","1,104","0.27","3","1.0","Public Water","Sewer - Public","Conventional","Individuals"
"1001","2418601","119799","CLOSD","7925 Arbor Marsh Terrace, New Kent VA 23124","23124","New Kent","Single Family Residence","11/22/2024","$419,990","$423,990","64","New (never occupied)","2024","The Arbors At New Kent Winery","1,906","","4","2.1","Public Water","Sewer - Public","Conventional","Corporate"
"1001","2417659","TBD","CLOSD","653 Brookwood Glen Terrace, Henrico VA 23060","23060","Henrico","Townhouse","11/22/2024","$409,990","$404,990","53","New (never occupied)","2024","Retreat at One","1,877","","3","2.1","Public Water","Sewer - Public","Conventional","Corporate"
"1001","2414791","E000-1114-024","CLOSD","623 North 35TH Street, Richmond City VA 23223","23223","Richmond City","Single Family Residence","11/22/2024","$379,000","$355,000","96","Resale (occupied at least once)","1925","None","2,588","","5","2.1","Public Water","Sewer - Public","Conventional","Corporate"
"1001","2410795","7725-01-8791","CLOSD","9428 Tesserae Way, Goochland VA 23238","23238","Goochland","Townhouse","11/22/2024","$522,295","$577,895","92","New (never occupied)","2024","Mosaic at West Creek","1,942","","3","3.0","Public Water","Sewer - Public","Conventional","Corporate"
"1001","2405549","7777-86-4868","CLOSD","10325 Silver Willow Place, Hanover VA 23059","23059","Hanover","Single Family Residence","11/22/2024","$741,150","$864,156","0","New (never occupied)","2024","Chickahominy Falls","2,457","","3","2.1","Public Water","Sewer - Public","Conventional","Corporate"
"1001","2404741","738-767-2337","CLOSD","4557 Bacova Club Court, Henrico VA 23059","23059","Henrico","Single Family Residence","11/22/2024","$1,141,015","$1,141,015","4","New (never occupied)","2024","Woodson Hills At Bacova","3,940","0.16","6","4.0","Public Water","Sewer - Public","Conventional","Corporate"
"1001","2404005","028B1-3-12","CLOSD","3016 Maple Grove Lane, Powhatan VA 23139","23139","Powhatan","Single Family Residence","11/22/2024","$749,950","$749,950","207","New (never occupied)","2024","Maple Grove","4,617","2.07","4","4.1","Well","Septic - Conventional","Conventional","Corporate"
"1001","2403650","764660189000000","CLOSD","10019 Boschen Woods Place, Chesterfield VA 23838","23838","Chesterfield","Single Family Residence","11/22/2024","$608,950","$670,049","0","New (never occupied)","2024","Boschen Woods","2,571","","3","2.0","Public Water","Sewer - Public","Conventional","Corporate"
"1001","2327430","41-1-0-4-0","CLOSD","3831 West River Road, Goochland VA 23063","23063","Goochland","Single Family Residence","11/22/2024","$5,750,000","$4,950,000","320","Resale (occupied at least once)","1988","None","4,800","672.69","4","5.1","Well","Septic - Conventional","Cash","Other"
"1001","BRTVAHN2000708","808-727-3575","CLOSD","700 Dabbs House Road, Henrico VA 23223","23223","Henrico","Single Family Residence","11/22/2024","$325,000","$333,000","5","Resale (occupied at least once)","2002","NONE","1,889","0.00","3","2.0","Well","Septic","",""
"1001","2419497","769-69-19-96-200-000","CLOSD","4104 Walderbrook Court, Chesterfield VA 23234","23234","Chesterfield","Single Family Residence","11/24/2024","$283,000","$283,000","31","Resale (occupied at least once)","1976","Belfair Village","1,144","0.21","3","1.1","Public Water","Sewer - Public","FHA New","Individuals"
