"#","ML #","PID","Status","Address Line","Zip","County/City","Type","Sales Date","List Price","Sales Price","Days On Market","New/Resale","Year Built","Subdivision","SqFtTotal","Acres","# Bedrooms","Total Baths","Water","Sewer","Sold Terms","Owned By"
"1","2318596","E010-0260-011","CLOSD","5503 Parker Street, Richmond City VA 23231","23231","Richmond City","Single Family Residence","10/23/2023","$225,000","$230,000","45","Resale (occupied at least once)","1954","Powhatan Place","930","0.20","2","1.0","Public Water","Sewer - Public","Conventional","Corporate"
"1","2322634","N000-0562-017","CLOSD","2120 5th Avenue, Richmond City VA 23222","23222","Richmond City","Single Family Residence","10/23/2023","$315,000","$315,000","4","New (never occupied)","2023","Chestnut Hills","1,453","0.10","3","2.1","Public Water","Sewer - Public","Conventional","Corporate"
"1","2322277","N000-1072-024","CLOSD","1315 Pollock Street, Richmond City VA 23222","23222","Richmond City","Single Family Residence","10/23/2023","$305,000","$305,000","4","New (never occupied)","2023","Highland Park","1,364","0.04","3","3.0","Public Water","Sewer - Public","Conventional","Corporate"
"1","2322493","S006-0244-019","CLOSD","5009 Devonshire Road, Richmond City VA 23225","23225","Richmond City","Single Family Residence","10/23/2023","$715,000","$825,000","7","Resale (occupied at least once)","1932","Westover Hills","2,598","0.28","3","2.1","Public Water","Sewer - Public","Conventional","Individuals"
"1","2303396","7890-45-6052","CLOSD","9620 Seven Sisters Drive, Hanover VA 23005","23005","Hanover","Single Family Residence","10/23/2023","$760,597","$760,597","2","New (never occupied)","2023","Hickory Hill","3,460","1.00","4","3.1","Well","Septic - Conventional","Conventional","Corporate, Individuals"
"1","2322222","738-69-66-80-900-000","CLOSD","11809 Sanbury Lane, Chesterfield VA 23114","23114","Chesterfield","Single Family Residence","10/23/2023","$415,000","$400,000","4","Resale (occupied at least once)","1995","Exbury","2,098","0.22","4","2.1","Public Water","Sewer - Public","Conventional","Individuals"
"1","2322538","719-68-96-32-200-000","CLOSD","2242 Wing Haven Place, Chesterfield VA 23112","23112","Chesterfield","Single Family Residence","10/23/2023","$599,999","$600,000","4","Resale (occupied at least once)","2007","The Sanctuary At Watermill","3,635","0.27","5","4.1","Public Water","Sewer - Public","FHA New","Individuals"
"1","2321627","759-742-9418","CLOSD","1310 Ware Road, Henrico VA 23229","23229","Henrico","Single Family Residence","10/23/2023","$385,000","$385,000","10","Resale (occupied at least once)","1983","Forest Heights","1,098","0.21","3","2.0","Public Water","Sewer - Public","Conventional","Individuals"
"1","2304033","TBD","CLOSD","1528 Moore Street #UnitA, Richmond City VA 23220","23220","Richmond City","Condominium","10/23/2023","$409,135","$392,900","28","New (never occupied)","2023","Carver Square","1,574","","3","2.1","Public Water","Sewer - Public","Conventional","Corporate"
"1","2323440","E000-0930-047","CLOSD","1545 Rogers Street, Richmond City VA 23223","23223","Richmond City","Single Family Residence","10/23/2023","$249,500","$242,000","3","Resale (occupied at least once)","1940","None","1,323","0.10","4","1.0","Public Water","Sewer - Public","Conventional","Individuals"
"1","2321525","728-66-78-63-200-000","CLOSD","13909 Belmont Stakes Place, Chesterfield VA 23112","23112","Chesterfield","Single Family Residence","10/23/2023","$425,000","$425,000","25","Resale (occupied at least once)","1990","Triple Crown","2,222","0.30","4","2.1","Public Water","Sewer - Public","FHA New","Partnership"
"1","2321820","760-62-95-20-000-000","CLOSD","15520 Rowlett Road, Chesterfield VA 23838","23838","Chesterfield","Single Family Residence","10/23/2023","$379,000","$379,000","4","Resale (occupied at least once)","1991","None","1,485","1.58","3","2.0","Well","Septic - Conventional","Conventional","Individuals"
"1","2317015","760-69-90-60-200-000","CLOSD","1410 Traway Drive, Chesterfield VA 23235","23235","Chesterfield","Single Family Residence","10/23/2023","$368,500","$368,000","46","Resale (occupied at least once)","1974","Parkwood","1,926","0.37","4","2.1","Public Water","Sewer - Public","FHA New","Individuals"
"1","2322165","N000-0447-003","CLOSD","2114 Rose Avenue, Richmond City VA 23222","23222","Richmond City","Single Family Residence","10/23/2023","$400,000","$425,000","6","Resale (occupied at least once)","1900","Barton Heights","1,943","0.13","4","2.0","Public Water","Sewer - Public","Conventional","Individuals"
"1","2324311","730-66-37-59-300-000","CLOSD","9101 Craftsbury Drive, Chesterfield VA 23112","23112","Chesterfield","Single Family Residence","10/23/2023","$579,900","$579,900","4","Resale (occupied at least once)","2023","Collington East","2,669","","4","2.1","Public Water","Sewer - Public","Conventional","Individuals"
"1","2323640","W000-0998-023","CLOSD","2206 Floyd Avenue, Richmond City VA 23220","23220","Richmond City","Single Family Residence","10/23/2023","$699,000","$770,000","5","Resale (occupied at least once)","1910","None","1,870","0.05","3","2.1","Public Water","Sewer - Public","Conventional","Individuals"
"1","2323126","782-61-19-41-200-000","CLOSD","5754 Fox Maple Terrace, Chesterfield VA 23803","23803","Chesterfield","Single Family Residence","10/23/2023","$259,900","$270,000","4","Resale (occupied at least once)","2004","Mccormick Woods","1,130","0.22","3","2.0","Public Water","Sewer - Public","FHA New","Individuals"
"1","2323032","739-772-3630","CLOSD","5033 Westcott Ridge Drive, Henrico VA 23059","23059","Henrico","Single Family Residence","10/23/2023","$1,200,000","$1,350,000","2","Resale (occupied at least once)","2012","Westcott At Grey Oaks","5,742","0.37","5","4.1","Public Water","Sewer - Public","Cash","Individuals"
"1","2322997","8036919756","CLOSD","1374 School House Rd, Henrico VA 23231","23231","Henrico","Single Family Residence","10/23/2023","$280,000","$295,000","2","Resale (occupied at least once)","1935","Acreage","1,100","","3","2.0","Well","Septic - Conventional","Conventional","Individuals"
"1","2322988","10B  1 C  19","CLOSD","5961 Bushnell Court, New Kent VA 23124","23124","New Kent","Single Family Residence","10/23/2023","$560,000","$580,000","3","Resale (occupied at least once)","2018","Rochambeau Estates","2,834","0.89","4","3.1","Public Water","Septic - Conventional","Conventional","Individuals"
"1","2322672","786-68-93-10-600-011","CLOSD","5218 Castlewood Road #UnitE, Chesterfield VA 23234","23234","Chesterfield","Condominium","10/23/2023","$129,900","$130,500","4","Resale (occupied at least once)","1968","Tree Top Condominium","860","7.09","2","1.0","Public Water","Sewer - Public","Conventional","Individuals"
"1","2322600","727-69-99-76-600-000","CLOSD","1131 Coalfield Road, Chesterfield VA 23114","23114","Chesterfield","Single Family Residence","10/23/2023","$474,500","$475,000","19","Resale (occupied at least once)","1976","None","2,753","2.24","4","2.1","Well","Septic - Conventional","Cash","Individuals"
"1","2322431","8725-56-9617","CLOSD","6189 Gibbsdown Place, Hanover VA 23111","23111","Hanover","Single Family Residence","10/23/2023","$369,950","$368,000","8","Resale (occupied at least once)","1997","Pole Green Station","1,866","0.42","4","2.1","Public Water","Sewer - Public","Conventional","Individuals"
"1","2322369","721-69-14-82-400-000","CLOSD","2407 Cascade Meadows Drive, Chesterfield VA 23112","23112","Chesterfield","Single Family Residence","10/23/2023","$510,000","$510,000","5","Resale (occupied at least once)","2007","Watermill","2,947","0.21","5","2.1","Public Water","Sewer - Public","VA New","Individuals"
"1","2322321","765-760-1084","CLOSD","8408 Hasting Mill Lane, Henrico VA 23060","23060","Henrico","Single Family Residence","10/23/2023","$479,900","$485,000","7","Resale (occupied at least once)","1991","Brittany","2,389","0.30","4","2.1","Public Water","Sewer - Public","Conventional","Individuals"
"1","2322150","W000-1916-003","CLOSD","4211 Bromley Lane, Richmond City VA 23221","23221","Richmond City","Single Family Residence","10/23/2023","$915,000","$1,140,000","8","Resale (occupied at least once)","1938","None","2,690","0.15","4","2.1","Public Water","Sewer - Public","Conventional","Individuals"
"1","2321964","W000-1080-011","CLOSD","2403 Grove Avenue, Richmond City VA 23220","23220","Richmond City","Single Family Residence","10/23/2023","$950,000","$1,007,531","7","Resale (occupied at least once)","1907","None","2,820","0.08","3","2.1","Public Water","Sewer - Public","Cash","Individuals"
"1","2321865","782-765-3694","CLOSD","10008 Washington Boulevard, Henrico VA 23059","23059","Henrico","Single Family Residence","10/23/2023","$359,950","$380,000","4","Resale (occupied at least once)","1996","Virginia Manor","1,763","0.16","4","2.1","Public Water","Sewer - Public","Conventional","Corporate"
"1","2321648","748-67-82-89-200-000","CLOSD","10706 Genlou Road, Chesterfield VA 23832","23832","Chesterfield","Single Family Residence","10/23/2023","$299,999","$325,000","4","Resale (occupied at least once)","1987","Oak Brook","1,428","0.24","3","2.0","Public Water","Sewer - Public","Conventional","Individuals"
"1","2321443","766-69-15-77-300-000","CLOSD","3551 Old Creek Road, Chesterfield VA 23832","23832","Chesterfield","Single Family Residence","10/23/2023","$319,000","$334,000","5","Resale (occupied at least once)","1977","Belmont Hills West","1,886","0.31","3","2.1","Public Water","Sewer - Public","FHA New","Individuals"
"1","2320982","786-68-93-10-600-015","CLOSD","5200 Castlewood Road #UnitC, Chesterfield VA 23234","23234","Chesterfield","Condominium","10/23/2023","$125,000","$125,000","2","Resale (occupied at least once)","1968","Tree Top Condominium","932","7.09","2","1.0","Public Water","Sewer - Public","Cash","Individuals"
"1","2320581","C007-0201-018","CLOSD","1025 Barlen Drive, Richmond City VA 23225","23225","Richmond City","Single Family Residence","10/23/2023","$239,995","$235,000","2","Resale (occupied at least once)","1958","Barleth Heights","984","0.21","3","1.1","Public Water","Sewer - Public","VHDA/FHA","Individuals"
"1","2320332","102600","CLOSD","5285 Olivet Church Road, New Kent VA 23140","23140","New Kent","Single Family Residence","10/23/2023","$400,000","$400,000","27","Resale (occupied at least once)","2007","None","1,350","","3","2.0","Well","Septic - Conventional","VA New","Individuals"
"1","2320286","761-68-72-98-700-000","CLOSD","4303 Kempwood Place, Chesterfield VA 23832","23832","Chesterfield","Single Family Residence","10/23/2023","$250,000","$260,000","14","Resale (occupied at least once)","1984","Sussex Estate","1,008","0.36","3","1.0","Public Water","Sewer - Public","FHA New","Individuals"
"1","2318357","745-740-7381","CLOSD","1111 Hyde Lane, Henrico VA 23229","23229","Henrico","Townhouse","10/23/2023","$825,000","$830,000","7","Resale (occupied at least once)","2008","Grayson Hill","3,078","0.11","3","2.1","Public Water","Sewer - Public","Cash","Individuals"
"1","2317941","7728-75-7215","CLOSD","11333 Annie Laura Lane, Hanover VA 23146","23146","Hanover","Single Family Residence","10/23/2023","$833,000","$825,000","3","Resale (occupied at least once)","2006","Beauregards Place","4,075","5.39","5","3.1","Well","Septic - Conventional","Cash","Individuals"
"1","2317803","21-11-0-90-0","CLOSD","3089 Rock Cress Lane, Goochland VA 23153","23153","Goochland","Single Family Residence","10/23/2023","$719,000","$685,000","45","Resale (occupied at least once)","2005","Mill Forest","3,898","3.00","4","3.0","Well","Septic - Conventional","Conventional","Individuals"
"1","2315645","19H 1 54","CLOSD","3353 Rock Creek Villas Drive, New Kent VA 23141","23141","New Kent","Single Family Residence","10/23/2023","$384,900","$384,900","67","New (never occupied)","2023","Rock Creek Villas","1,625","0.12","3","2.0","Public Water","Sewer - Public","VA New","Corporate"
"1","2306702","58-54-3-54-0","CLOSD","9235 Cerulean Place, Goochland VA 23238","23238","Goochland","Townhouse","10/23/2023","$538,095","$538,095","0","New (never occupied)","2023","Mosaic at West Creek","2,354","","3","2.1","Public Water","Sewer - Public","Conventional","Corporate"
"1","2304133","730663257400000","CLOSD","9301 Kinnerton Drive, Chesterfield VA 23112","23112","Chesterfield","Single Family Residence","10/23/2023","$565,950","$695,518","0","New (never occupied)","2023","Collington East","2,926","","5","2.1","Public Water","Sewer - Public","Conventional","Corporate"
"1","2301834","42-41-1-16-0","CLOSD","1707 Reed Marsh Drive, Goochland VA 23063","23063","Goochland","Single Family Residence","10/23/2023","$770,000","$770,000","223","New (never occupied)","2022","Reed Marsh","4,143","0.50","5","4.0","Public Water","Sewer - Public","VA New","Corporate"
"1","2318819","755620921900000","CLOSD","10349 Westland Way, Chesterfield VA 23803","23803","Chesterfield","Single Family Residence","10/23/2023","$443,380","$459,424","3","New (never occupied)","2023","None","2,632","","4","2.1","Public Water","Sewer - Public","VA New","Corporate"
"1","2323016","739-747-9187","CLOSD","1806 Plain View Road, Henrico VA 23238","23238","Henrico","Single Family Residence","10/24/2023","$625,000","$610,000","14","Resale (occupied at least once)","1982","Whitaker Woods","3,354","0.40","5","3.1","Public Water","Sewer - Public","Conventional","Other"
"1","2322601","781-69-00-45-800-000","CLOSD","4840 South Melody Road, Chesterfield VA 23234","23234","Chesterfield","Single Family Residence","10/24/2023","$365,000","$390,000","5","Resale (occupied at least once)","1969","Meadowbrook West","2,408","0.69","4","2.1","Public Water","Sewer - Public","VA New","Individuals"
"1","2232921","7717-72-7218","CLOSD","2158 Ellis Farm Drive, Goochland VA 23103","23103","Goochland","Single Family Residence","10/24/2023","$678,430","$763,012","18","New (never occupied)","2023","Tuckahoe Bridge","2,930","0.35","4","3.1","Public Water","Sewer - Public","Conventional","Corporate"
"1","2321716","N000-0915-014","CLOSD","2914 Woodcliff Avenue, Richmond City VA 23222","23222","Richmond City","Single Family Residence","10/24/2023","$279,900","$279,900","16","Resale (occupied at least once)","1928","Highland Park","1,242","0.09","3","1.1","Public Water","Sewer - Public","Conventional","Corporate, Individuals"
"1","2321320","772-69-24-55-000-000","CLOSD","5501 Belle Pond Drive, Chesterfield VA 23234","23234","Chesterfield","Townhouse","10/24/2023","$260,000","$270,500","5","Resale (occupied at least once)","2008","Belle Spring Townes","1,440","0.06","3","2.1","Public Water","Sewer - Public","FHA New","Individuals"
"1","2312534","7797-70-0734","CLOSD","10128 Peach Blossom Road, Hanover VA 23116","23116","Hanover","Single Family Residence","10/24/2023","$737,290","$746,080","50","New (never occupied)","2023","Honey Meadows","3,690","0.20","6","4.0","Public Water","Sewer - Public","Conventional","Corporate, Partnership"
"1","2322655","837-718-0715","CLOSD","313 Silver Ridge Court, Henrico VA 23150","23150","Henrico","Single Family Residence","10/24/2023","$335,000","$329,000","7","Resale (occupied at least once)","2009","Silver Meadows","1,800","1.37","3","2.1","Well","Septic - Conventional","Conventional","Corporate"
"1","2321287","46A  1     8","CLOSD","17321 Wedgewood Drive, New Kent VA 23089","23089","New Kent","Single Family Residence","10/24/2023","$256,000","$256,000","21","Resale (occupied at least once)","1976","None","982","0.46","3","1.0","Community Well","Septic - Conventional","Conventional","Estate"
"1","2319689","710-66-27-63-700-000","CLOSD","16730 Sayley Drive, Chesterfield VA 23832","23832","Chesterfield","Single Family Residence","10/24/2023","$665,000","$665,000","19","Resale (occupied at least once)","2022","Harpers Mill","3,487","0.33","5","3.0","Public Water","Sewer - Public","Conventional","Individuals"
"1","2320829","788-68-21-43-700-000","CLOSD","6830 Strathmore Road, Chesterfield VA 23237","23237","Chesterfield","Single Family Residence","10/24/2023","$350,000","$350,000","16","Resale (occupied at least once)","1947","Sherbourne Heights","1,991","0.24","5","3.0","Public Water","Sewer - Public","FHA New","Individuals"
"1","2321742","764-70-36-82-100-000","CLOSD","1012 Kingsport Lane, Chesterfield VA 23225","23225","Chesterfield","Single Family Residence","10/24/2023","$235,000","$245,000","4","Resale (occupied at least once)","1960","Southaven","1,047","0.31","3","1.0","Public Water","Sewer - Public","FHA New","Individuals"
"1","2230326","7870-36-1148","CLOSD","818 Chapman Street, Hanover VA 23005","23005","Hanover","Single Family Residence","10/24/2023","$499,900","$489,000","304","New (never occupied)","2022","Lauradell","1,680","0.26","3","2.0","Public Water","Sewer - Public","Cash","Corporate"
"1","2320656","798-64-92-80-600-000","CLOSD","2814 Laughter Lane, Chesterfield VA 23831","23831","Chesterfield","Single Family Residence","10/24/2023","$269,950","$260,000","6","Resale (occupied at least once)","1953","Mid City Farms","1,508","2.38","3","1.1","Public Water","Septic - Conventional","Conventional","Individuals"
"1","2324376","743-747-3672","CLOSD","1605 Logwood Circle, Henrico VA 23238","23238","Henrico","Townhouse","10/24/2023","$384,900","$384,900","4","Resale (occupied at least once)","1993","Gayton Forest Townhouses","1,662","","3","2.1","Public Water","Sewer - Public","Cash","Individuals"
"1","2322912","744-746-6864","CLOSD","10300 Pebblebrook Place, Henrico VA 23238","23238","Henrico","Single Family Residence","10/24/2023","$484,950","$530,000","5","Resale (occupied at least once)","1973","Raintree","2,694","0.42","4","2.1","Public Water","Sewer - Public","Conventional","Individuals"
"1","2322781","W000-1472-023","CLOSD","3206 Park Avenue, Richmond City VA 23221","23221","Richmond City","Single Family Residence","10/24/2023","$450,000","$566,000","6","Resale (occupied at least once)","1931","Lee Annex","1,226","0.08","3","1.0","Public Water","Sewer - Public","FHA New","Individuals"
"1","2322497","737-747-8764","CLOSD","11404 Hilbingdon Road, Henrico VA 23238","23238","Henrico","Single Family Residence","10/24/2023","$599,950","$615,000","4","Resale (occupied at least once)","1977","Sussex","2,780","0.43","4","2.1","Public Water","Sewer - Public","Conventional","Individuals"
"1","2322423","8715-79-3833","CLOSD","7380 Dress Blue Circle, Hanover VA 23116","23116","Hanover","Condominium","10/24/2023","$374,950","$378,000","4","Resale (occupied at least once)","2005","The Bluffs At Bell Creek","1,609","0.01","2","2.0","Public Water","Sewer - Public","VA New","Individuals"
"1","2322405","747-746-3559.229","CLOSD","1509 Regency Woods Road #Unit103, Henrico VA 23238","23238","Henrico","Condominium","10/24/2023","$237,500","$240,000","4","Resale (occupied at least once)","1980","Regency Woods Condominiums","1,447","0.03","3","2.0","Public Water","Sewer - Public","Conventional","Individuals"
"1","2322138","19B1 5JD 21","CLOSD","3324 Ridge Road, New Kent VA 23141","23141","New Kent","Single Family Residence","10/24/2023","$419,950","$419,950","10","Resale (occupied at least once)","1987","Five Lakes East","2,576","0.61","4","2.1","Community Well","Septic - Conventional","Conventional","Partnership"
"1","2322101","781-756-5960.355","CLOSD","1573 Skirmish Run Drive, Henrico VA 23228","23228","Henrico","Townhouse","10/24/2023","$235,000","$240,000","4","Resale (occupied at least once)","1980","Stonewall Manor","1,041","35.71","3","1.1","Public Water","Sewer - Public","Private","Individuals"
"1","2321943","776-67-94-25-200-000","CLOSD","6807 Gatebridge Place, Chesterfield VA 23234","23234","Chesterfield","Single Family Residence","10/24/2023","$389,950","$390,000","4","Resale (occupied at least once)","1996","Stonebridge","2,818","0.61","5","2.1","Public Water","Sewer - Public","FHA New","Individuals"
"1","2321813","C005-0330-001","CLOSD","6300 Bliley Road, Richmond City VA 23225","23225","Richmond City","Single Family Residence","10/24/2023","$285,000","$310,000","4","Resale (occupied at least once)","1955","Westlake Hills","1,142","0.29","3","1.0","Public Water","Sewer - Public","Conventional","Individuals"
"1","2321658","7725-11-2396","CLOSD","9212 Cerulean Place, Goochland VA 23238","23238","Goochland","Townhouse","10/24/2023","$499,990","$499,990","13","New (never occupied)","2023","Mosaic at West Creek","1,983","","3","2.1","Public Water","Sewer - Public","Conventional","Corporate"
"1","2321609","732-745-2791","CLOSD","1411 Westshire Lane, Henrico VA 23238","23238","Henrico","Single Family Residence","10/24/2023","$327,000","$337,000","14","Resale (occupied at least once)","1972","Tuckahoe Village West","1,507","0.36","3","2.0","Public Water","Sewer - Public","Conventional","Individuals"
"1","2321577","720-68-59-44-200-000","CLOSD","14519 Sailview Court, Chesterfield VA 23112","23112","Chesterfield","Single Family Residence","10/24/2023","$1,125,000","$1,300,000","10","Resale (occupied at least once)","1999","Waterviews At The Reservoir","4,337","0.63","5","3.1","Public Water","Sewer - Public","Conventional","Other"
"1","2321536","718-66-74-27-000-000","CLOSD","7902 Featherchase Court, Chesterfield VA 23832","23832","Chesterfield","Single Family Residence","10/24/2023","$320,000","$320,000","13","Resale (occupied at least once)","1997","Ashbrook","1,138","0.26","3","2.0","Public Water","Sewer - Public","Cash","Individuals"
"1","2321015","W021-0261-039","CLOSD","5801 Maple Green Circle, Richmond City VA 23226","23226","Richmond City","Single Family Residence","10/24/2023","$1,174,000","$1,100,000","19","Resale (occupied at least once)","2011","Maple Green","2,774","0.15","4","2.1","Public Water","Sewer - Public","Cash","Individuals"
"1","2320500","7796-58-2942","CLOSD","9936 Puddle Duck Lane, Hanover VA 23116","23116","Hanover","Single Family Residence","10/24/2023","$549,950","$552,000","17","Resale (occupied at least once)","2020","Summer Duck","2,398","0.27","3","2.1","Public Water","Sewer - Public","Conventional","Individuals"
"1","2320031","727-67-46-36-300-000","CLOSD","6002 Harbourwood Court, Chesterfield VA 23112","23112","Chesterfield","Single Family Residence","10/24/2023","$515,900","$525,000","9","Resale (occupied at least once)","1987","Harbour Pointe","2,799","0.54","3","2.1","Public Water","Sewer - Public","Conventional","Individuals"
"1","2319903","719-69-13-44-400-000","CLOSD","3200 Farcet Terrace, Chesterfield VA 23112","23112","Chesterfield","Single Family Residence","10/24/2023","$605,000","$625,000","2","Resale (occupied at least once)","2013","Rountrey","2,749","0.30","4","2.1","Public Water","Sewer - Public","Conventional","Individuals"
"1","2319569","725-70-03-20-200-000","CLOSD","1013 Alcorn Terrace, Chesterfield VA 23114","23114","Chesterfield","Single Family Residence","10/24/2023","$437,500","$417,000","37","Resale (occupied at least once)","2005","Leland Village At Charter Colony","1,992","0.18","4","3.0","Public Water","Sewer - Public","Conventional","Estate"
"1","2319249","S000-1230-021","CLOSD","2907 Midlothian Turnpike, Richmond City VA 23224","23224","Richmond City","Single Family Residence","10/24/2023","$264,990","$264,990","47","New (never occupied)","2023","Branders Plan","1,335","0.09","3","1.1","Public Water","Sewer - Public","Conventional","Individuals"
"1","2318774","S000-0398-012","CLOSD","2105 Edwards Avenue, Richmond City VA 23224","23224","Richmond City","Single Family Residence","10/24/2023","$299,950","$304,000","8","Resale (occupied at least once)","1919","Mason Park","1,690","0.13","3","2.1","Public Water","Sewer - Public","Conventional","Individuals"
"1","2310424","W019-0052-029","CLOSD","4616 Fitzhugh Avenue, Richmond City VA 23230","23230","Richmond City","Single Family Residence","10/24/2023","$629,000","$569,000","147","Resale (occupied at least once)","1947","Monument Avenue Park","1,733","0.14","3","3.1","Public Water","Sewer - Public","Conventional","Individuals"
"1","2309548","729705085900000","CLOSD","504 Randolph View Drive, Chesterfield VA 23114","23114","Chesterfield","Townhouse","10/24/2023","$440,950","$483,877","0","New (never occupied)","2023","Randolph Pond","2,198","","4","3.1","Public Water","Sewer - Public","Conventional","Corporate"
"1","2308181","696670868000000","CLOSD","18541 Palisades Ridge, Chesterfield VA 23120","23120","Chesterfield","Townhouse","10/24/2023","$439,375","$468,950","0","New (never occupied)","2023","Magnolia Green","2,106","","3","2.1","Public Water","Sewer - Public","FHA New","Corporate"
"1","2306436","8707-70-8673","CLOSD","10512 Goosecross Way #UnitE1, Hanover VA 23116","23116","Hanover","Townhouse","10/24/2023","$567,825","$547,825","164","New (never occupied)","2023","None","2,154","","3","2.0","Public Water","Sewer - Public","Conventional","Corporate"
"1","2305428","73767815500000","CLOSD","3707 Irby Pond Drive, Chesterfield VA 23112","23112","Chesterfield","Townhouse","10/24/2023","$422,495","$422,495","0","New (never occupied)","2023","Wescott","1,835","","3","2.1","Public Water","Sewer - Public","Cash","Corporate"
"1","2232356","779-773-3806","CLOSD","10700 Fern Basket Lane, Henrico VA 23059","23059","Henrico","Single Family Residence","10/24/2023","$616,900","$616,900","75","New (never occupied)","2022","River Mill","2,369","","3","3.0","Public Water","Sewer - Public","Cash","Corporate"
"1","2229785","780-775-3803","CLOSD","10828 Harvest Mill Place, Henrico VA 23059","23059","Henrico","Single Family Residence","10/24/2023","$808,945","$910,576","37","New (never occupied)","2022","River Mill","3,508","","5","4.0","Public Water","Sewer - Public","Conventional","Corporate"
"1","2321495","E000-0711-005","CLOSD","1508 North 26th Street, Richmond City VA 23223","23223","Richmond City","Single Family Residence","10/25/2023","$249,950","$275,000","5","Resale (occupied at least once)","1952","None","1,212","0.17","3","1.1","Public Water","Sewer - Public","Conventional","Individuals"
"1","2315443","6863","CLOSD","8116 Piper Drive, New Kent VA 23181","23181","New Kent","Single Family Residence","10/25/2023","$349,000","$347,000","59","New (never occupied)","2023","Browns","1,512","0.46","3","2.0","Well","Septic - Conventional","Conventional","Other"
"1","2309047","824659894200000","CLOSD","12230 Downrigger Drive, Chesterfield VA 23836","23836","Chesterfield","Single Family Residence","10/25/2023","$529,990","$528,000","165","New (never occupied)","2023","Meadowville Landing","2,745","","4","3.0","Public Water","Sewer - Public","Conventional","Corporate"
"1","2320786","39-1-84","CLOSD","1454 Nancys Way, Goochland VA 23063","23063","Goochland","Single Family Residence","10/25/2023","$289,950","$289,950","16","Resale (occupied at least once)","2000","None","2,052","","4","2.0","Well","Septic - Conventional","VA New","Individuals"
"1","2307587","784-65-52-33-100-000","CLOSD","11442 Dunmore Mill Court #Unit25-4, Chesterfield VA 23831","23831","Chesterfield","Townhouse","10/25/2023","$335,430","$343,030","16","New (never occupied)","2023","Iron Mill Section 1","1,633","","3","2.1","Public Water","Sewer - Public","Conventional","Corporate"
"1","2322578","791-738-3085","CLOSD","3917 East Chatham Drive, Henrico VA 23222","23222","Henrico","Single Family Residence","10/25/2023","$219,000","$225,000","6","Resale (occupied at least once)","1947","Chatham Place","816","0.18","2","1.0","Public Water","Sewer - Public","FHA New","Individuals"
"1","2304117","730663552400000","CLOSD","13707 Tyberton Drive, Chesterfield VA 23112","23112","Chesterfield","Single Family Residence","10/25/2023","$528,950","$605,989","0","New (never occupied)","2023","Collington East","2,631","","4","2.1","Public Water","Sewer - Public","Conventional","Corporate"
"1","2305959","K20-0020-0067","CLOSD","11839 Knockholt Lane, New Kent VA 23124","23124","New Kent","Townhouse","10/25/2023","$317,350","$324,325","47","New (never occupied)","2023","Maidstone Village","1,801","","3","2.1","Public Water","Sewer - Public","USDA","Corporate"
"1","2323263","850-711-2992","CLOSD","101 Robbinwood Lane, Henrico VA 23150","23150","Henrico","Single Family Residence","10/25/2023","$350,000","$340,000","4","Resale (occupied at least once)","1964","Robbin Dale Farms","1,581","1.00","3","2.1","Well","Septic - Conventional","FHA New","Individuals"
"1","2308988","713-67-04-27-100-000","CLOSD","7213 Leire Lane, Chesterfield VA 23832","23832","Chesterfield","Townhouse","10/25/2023","$357,950","$376,075","0","New (never occupied)","2023","Cosby Village Townhomes","2,144","","4","3.2","Public Water","Sewer - Public","Conventional","Corporate"
"1","2319589","C008-0775-018","CLOSD","2705 Stacie Road, Richmond City VA 23224","23224","Richmond City","Single Family Residence","10/25/2023","$249,500","$246,000","27","Resale (occupied at least once)","1957","Seaton Acres","1,054","0.27","3","1.0","Public Water","Sewer - Public","FHA New","Partnership"
"1","2320813","818-690-0304","CLOSD","7751 Varann Road, Henrico VA 23231","23231","Henrico","Single Family Residence","10/25/2023","$300,000","$295,000","13","Resale (occupied at least once)","1978","Varina Annex","1,738","1.29","4","2.1","Well","Septic - Conventional","Conventional","Individuals"
"1","2322447","824-724-8740","CLOSD","130 North Mapleleaf Avenue, Henrico VA 23075","23075","Henrico","Single Family Residence","10/25/2023","$250,000","$250,000","5","Resale (occupied at least once)","1950","Highland Springs","1,216","0.14","3","1.0","Public Water","Sewer - Public","FHA New","Individuals"
"1","2321614","W019-0230-026","CLOSD","4608 Kensington Avenue, Richmond City VA 23226","23226","Richmond City","Single Family Residence","10/25/2023","$495,000","$525,000","5","Resale (occupied at least once)","1946","Kensington Place","1,473","0.16","4","2.0","Public Water","Sewer - Public","Conventional","Individuals"
"1","2306782","8707-81-4221","CLOSD","10065 Silverado Trail, Hanover VA 23116","23116","Hanover","Single Family Residence","10/25/2023","$620,000","$642,256","5","New (never occupied)","2023","Stags Leap","2,359","","4","3.0","Public Water","Community - Sewer/Septic","Conventional","Corporate"
"1","2304791","779-773-8382","CLOSD","10731 Skippers Street, Henrico VA 23059","23059","Henrico","Single Family Residence","10/25/2023","$668,150","$702,775","0","New (never occupied)","2023","River Mill","3,631","","5","5.0","Public Water","Sewer - Public","Conventional","Corporate"
"1","2322974","C007-0341-006","CLOSD","6424 Erhart Road, Richmond City VA 23225","23225","Richmond City","Single Family Residence","10/25/2023","$285,000","$299,000","5","Resale (occupied at least once)","1966","Worthington Farms","1,380","0.35","3","2.1","Public Water","Sewer - Public","Conventional","Corporate"
"1","2308849","E000-1235-011","CLOSD","1621 Rogers Street, Richmond City VA 23223","23223","Richmond City","Single Family Residence","10/25/2023","$244,900","$238,000","113","Resale (occupied at least once)","1925","Chelsea Place","1,080","0.16","3","2.0","Public Water","Sewer - Public","FHA New","Individuals"
"1","BRTVAHN2000356","802-738-9013","CLOSD","4203 Thomas Drive, Henrico VA 23222","23222","Henrico","Single Family Residence","10/25/2023","$229,900","$234,000","4","Resale (occupied at least once)","1958","AUSTIN HEIGHTS","1,032","0.27","3","1.0","Public Water","Public Sewer On Site, Septic - Shared","",""
"1","2317436","S000-2761-011","CLOSD","3602 Decatur Street, Richmond City VA 23224","23224","Richmond City","Single Family Residence","10/25/2023","$198,990","$197,000","43","Resale (occupied at least once)","1941","None","1,183","0.12","3","1.0","Public Water","Sewer - Public","FHA New","Individuals"
"1","2322559","N0000307020","CLOSD","706 West Clay Street, Richmond City VA 23220","23220","Richmond City","Single Family Residence","10/25/2023","$316,000","$307,500","8","Resale (occupied at least once)","1843","None","1,750","","3","2.1","Public Water","Sewer - Public","Conventional","Partnership"
"1","2317096","7777-86-8340","CLOSD","10409 Burroughs Town Lane #UnitW 18-8, Hanover VA 23059","23059","Hanover","Townhouse","10/25/2023","$468,590","$510,374","0","New (never occupied)","2023","Chickahominy Falls","2,003","","3","3.0","Public Water","Sewer - Public","Conventional","Corporate"
"1","2321323","762-69-50-95-700-000","CLOSD","7508 Lady Blair Lane, Chesterfield VA 23235","23235","Chesterfield","Single Family Residence","10/25/2023","$350,000","$350,000","2","Resale (occupied at least once)","2000","Crown Park","1,818","0.28","3","2.1","Public Water","Sewer - Public","Conventional","Individuals"
"1","2317407","785-760-3649.116","CLOSD","803 Birchwood Hill Place #UnitB, Henrico VA 23060","23060","Henrico","Condominium","10/25/2023","$369,435","$351,935","71","New (never occupied)","2023","Retreat at One","2,345","","3","2.1","Public Water","Sewer - Public","Cash","Corporate"
"1","2324396","755-737-8854.049","CLOSD","8215 Greystone West Circle, Henrico VA 23229","23229","Henrico","Condominium","10/25/2023","$449,950","$455,000","5","Resale (occupied at least once)","1990","Greystone Condominium","2,066","0.04","3","3.0","Public Water","Sewer - Public","Cash","Estate"
"1","2323959","789-753-9108","CLOSD","5925 Old Orchard Road, Henrico VA 23227","23227","Henrico","Single Family Residence","10/25/2023","$389,950","$410,000","4","Resale (occupied at least once)","1950","Chamberlayne Farms","1,602","0.44","4","2.1","Public Water","Sewer - Public","Cash","Individuals"
"1","2323829","768-760-9151.108","CLOSD","9377 Man-O-War Cove #Unit912, Henrico VA 23060","23060","Henrico","Condominium","10/25/2023","$215,000","$215,000","3","Resale (occupied at least once)","1988","Laurel Lakes Condo","1,065","","2","2.0","Public Water","Sewer - Public","Conventional","Corporate"
"1","2323692","S000-1341-007","CLOSD","2902 Decatur Street, Richmond City VA 23224","23224","Richmond City","Single Family Residence","10/25/2023","$250,000","$250,000","5","Resale (occupied at least once)","1930","Burfoot Addition","1,118","0.12","2","1.0","Public Water","Sewer - Public","Conventional","Individuals"
"1","2323337","745-748-0637.751","CLOSD","1751 Raintree Commons Drive, Henrico VA 23238","23238","Henrico","Condominium","10/25/2023","$274,500","$306,000","2","Resale (occupied at least once)","1991","Raintree Commons","1,100","0.02","2","2.0","Public Water","Sewer - Public","Cash","Individuals"
"1","2323251","C004-0127-030","CLOSD","7701 Rockfalls Drive, Richmond City VA 23225","23225","Richmond City","Single Family Residence","10/25/2023","$600,000","$610,000","7","Resale (occupied at least once)","1964","Stratford Hills","2,449","1.20","4","2.1","Public Water","Sewer - Public","Cash","Individuals"
"1","2323186","C006-0300-026","CLOSD","1355 Evergreen Avenue, Richmond City VA 23224","23224","Richmond City","Single Family Residence","10/25/2023","$269,000","$277,000","4","Resale (occupied at least once)","1951","Broad Rock Homes","1,494","","4","2.0","Public Water","Sewer - Public","Conventional","Individuals"
"1","2323040","732-748-2044","CLOSD","2229 Cresthaven Court, Henrico VA 23238","23238","Henrico","Townhouse","10/25/2023","$255,000","$275,000","6","Resale (occupied at least once)","1973","Windsor Park Townhouses","1,380","0.05","3","1.2","Public Water","Sewer - Public","Conventional","Individuals"
"1","2323029","783-66-56-56-100-000","CLOSD","9425 Lost Forest Drive, Chesterfield VA 23237","23237","Chesterfield","Single Family Residence","10/25/2023","$270,000","$270,000","2","Resale (occupied at least once)","1980","Lost Forest","1,688","0.31","4","2.0","Public Water","Sewer - Public","Conventional","Individuals"
"1","2322994","753-69-97-68-200-000","CLOSD","9011 Pepperidge Road, Chesterfield VA 23236","23236","Chesterfield","Single Family Residence","10/25/2023","$325,000","$322,000","4","Resale (occupied at least once)","1980","Archbrooke","1,588","0.28","4","2.0","Public Water","Sewer - Public","FHA New","Individuals"
"1","2322945","C008-0451-036","CLOSD","2212 Clearfield Street, Richmond City VA 23224","23224","Richmond City","Single Family Residence","10/25/2023","$159,900","$175,500","23","Resale (occupied at least once)","1955","Woodberry","1,096","0.21","3","1.0","Public Water","Sewer - Public","Cash","Corporate"
"1","2322783","756-767-9658","CLOSD","5301 Linsey Lakes Drive, Henrico VA 23060","23060","Henrico","Single Family Residence","10/25/2023","$449,900","$425,000","5","Resale (occupied at least once)","1995","Linsey Lakes","1,975","0.19","3","2.1","Public Water","Sewer - Public","Cash","Individuals"
"1","2322710","725-71-98-73-700-000","CLOSD","13830 Grey Friars Lane, Chesterfield VA 23113","23113","Chesterfield","Single Family Residence","10/25/2023","$799,900","$806,000","6","Resale (occupied at least once)","1980","Salisbury","3,335","1.23","5","3.1","Public Water","Sewer - Public","Conventional","Individuals"
"1","2322403","751-766-3547.035","CLOSD","4681 Four Seasons Terrace #UnitE, Henrico VA 23060","23060","Henrico","Condominium","10/25/2023","$289,950","$298,000","7","Resale (occupied at least once)","1989","Four Seasons Condo","1,145","0.03","2","2.0","Public Water","Sewer - Public","Conventional","Individuals"
"1","2322318","W000-1004-008","CLOSD","2213 Park Avenue, Richmond City VA 23220","23220","Richmond City","Single Family Residence","10/25/2023","$724,900","$780,000","5","Resale (occupied at least once)","1915","None","2,946","0.17","3","2.0","Public Water","Sewer - Public","Conventional","Individuals"
"1","2322266","E000-0477-029","CLOSD","907 North 27th Street, Richmond City VA 23223","23223","Richmond City","Single Family Residence","10/25/2023","$429,950","$450,000","5","Resale (occupied at least once)","1890","None","1,748","0.07","3","2.1","Public Water","Sewer - Public","Conventional","Individuals"
"1","2321774","792-66-14-11-100-000","CLOSD","11201 Eagle Point Road, Chesterfield VA 23831","23831","Chesterfield","Single Family Residence","10/25/2023","$310,000","$300,000","2","Resale (occupied at least once)","1985","Chipchase At Mineola","2,150","0.36","3","2.1","Public Water","Sewer - Public","Cash","Individuals"
"1","2321731","C007-0290-024","CLOSD","5943 Sawston Road, Richmond City VA 23225","23225","Richmond City","Single Family Residence","10/25/2023","$242,900","$240,000","22","Resale (occupied at least once)","1975","Berkley Square","960","0.19","3","1.1","Public Water","Sewer - Public","FHA New","Individuals"
"1","2321671","748-766-8746","CLOSD","11112 Cedar Forest Court, Henrico VA 23060","23060","Henrico","Single Family Residence","10/25/2023","$525,000","$541,000","4","Resale (occupied at least once)","1994","Cedars At Innsbrook","2,328","0.22","4","2.1","Public Water","Sewer - Public","Conventional","Individuals"
"1","2321532","735-757-3736","CLOSD","11924 Rutgers Drive, Henrico VA 23233","23233","Henrico","Single Family Residence","10/25/2023","$575,000","$600,000","6","Resale (occupied at least once)","1988","Glen Gary","2,636","0.26","4","2.1","Public Water","Sewer - Public","Conventional","Individuals"
"1","2321463","43-29-0-3-0","CLOSD","2600 Aspen Woods Road, Goochland VA 23102","23102","Goochland","Single Family Residence","10/25/2023","$439,950","$500,000","3","Resale (occupied at least once)","1998","None","2,600","2.73","4","2.2","Well","Septic - Conventional","VA New","Individuals"
"1","2321137","801-694-6607","CLOSD","1170 Dotson Road, Henrico VA 23231","23231","Henrico","Single Family Residence","10/25/2023","$364,950","$395,000","3","Resale (occupied at least once)","1925","Richmond Heights","1,854","1.00","3","2.0","Well","Septic - Conventional","Cash","Individuals"
"1","2320296","S000-2498-007","CLOSD","4208 Riverside Drive, Richmond City VA 23225","23225","Richmond City","Single Family Residence","10/25/2023","$499,500","$610,000","6","Resale (occupied at least once)","1959","Riverside Park","2,247","0.23","3","2.1","Public Water","Sewer - Public","Conventional","Individuals"
"1","2320293","729-68-04-14-100-000","CLOSD","13717 Hickory Nut Point, Chesterfield VA 23112","23112","Chesterfield","Single Family Residence","10/25/2023","$1,175,000","$1,100,000","28","Resale (occupied at least once)","1979","Brandermill","5,491","0.56","4","3.2","Public Water","Sewer - Public","Conventional","Individuals"
"1","2320092","743-67-61-76-000-000","CLOSD","11424 Parrish Creek Lane, Chesterfield VA 23832","23832","Chesterfield","Single Family Residence","10/25/2023","$450,000","$450,000","4","Resale (occupied at least once)","2012","Colony Pointe","2,406","0.65","4","2.1","Public Water","Sewer - Public","Conventional","Individuals"
"1","2319390","C004-0263-004","CLOSD","6900 Bluff Drive, Richmond City VA 23225","23225","Richmond City","Single Family Residence","10/25/2023","$569,000","$569,000","7","Resale (occupied at least once)","1957","Stratford Hills","2,781","0.95","4","3.1","Public Water","Sewer - Public","Cash","Individuals"
"1","2319078","8707-71-7414","CLOSD","8428 Chimney Rock Drive, Hanover VA 23116","23116","Hanover","Single Family Residence","10/25/2023","$559,950","$538,000","27","New (never occupied)","2023","Stags Leap","2,140","0.15","3","3.1","Public Water","Sewer - Public","Cash","Corporate"
"1","2318374","769-772-1768","CLOSD","11501 Heverley Place, Henrico VA 23059","23059","Henrico","Single Family Residence","10/25/2023","$850,000","$850,000","19","Resale (occupied at least once)","2006","Hunton Estates","3,846","0.77","5","3.1","Public Water","Sewer - Public","Conventional","Individuals"
"1","2317053","33-1-0-3-G","CLOSD","1519 Pony Farm Road, Goochland VA 23129","23129","Goochland","Single Family Residence","10/25/2023","$239,000","$225,000","8","Resale (occupied at least once)","1971","None","936","5.01","3","1.0","Well","Septic - Conventional","Conventional","Corporate"
"1","2316542","746-763-4682","CLOSD","11300 Duncan Park Court, Henrico VA 23060","23060","Henrico","Townhouse","10/25/2023","$431,950","$425,000","63","Resale (occupied at least once)","2016","Duncan Park","1,929","0.06","3","3.1","Public Water","Sewer - Public","Conventional","Individuals"
"1","2316221","739-779-0509","CLOSD","5829 Bradington Drive, Henrico VA 23059","23059","Henrico","Single Family Residence","10/25/2023","$624,900","$615,000","36","Resale (occupied at least once)","1994","Bradington At Wyndham","2,724","0.26","5","3.1","Public Water","Sewer - Public","Cash","Individuals"
"1","2307898","7778-55-8939","CLOSD","11751 Roaring River Trail, Hanover VA 23059","23059","Hanover","Single Family Residence","10/25/2023","$558,358","$558,358","17","New (never occupied)","2023","Hanover","2,870","","3","2.1","Public Water","Sewer - Public","VA New","Corporate"
"1","2301714","016B-5-7","CLOSD","3513 Outerbridge Terrace, Powhatan VA 23139","23139","Powhatan","Single Family Residence","10/25/2023","$597,950","$639,959","0","New (never occupied)","2023","Tilmans Farm","2,928","2.19","4","3.0","Community Well","Septic - Conventional","Conventional","Corporate"
"1","2231841","Not Yet Assigned","CLOSD","12445 Wescott Avenue, Chesterfield VA 23112","23112","Chesterfield","Condominium","10/25/2023","$294,325","$294,835","54","New (never occupied)","2023","Wescott","1,319","","2","2.0","Public Water","Sewer - Public","Cash","Corporate"
"1","REIN10478375","K20-0020-0067","CLOSD","11839 Knockholt Lane, New Kent VA 23124","23124","New Kent","Townhouse","10/25/2023","$317,350","$324,325","46","New (never occupied)","2023","MAIDSTONE VILLAGE","1,801","","3","3.0","Public Water","Public Sewer On Site","",""
"1","2225932","33B13 1DL 48","CLOSD","11441 Winding River Road, New Kent VA 23140","23140","New Kent","Single Family Residence","10/26/2023","$499,950","$528,950","48","New (never occupied)","2023","Brickshire","2,787","0.37","3","3.0","Public Water","Sewer - Public","Conventional","Corporate"
"1","2314875","824-693-9804","CLOSD","7021 Havering Way, Henrico VA 23231","23231","Henrico","Single Family Residence","10/26/2023","$449,915","$463,810","33","New (never occupied)","2023","Castleton","2,594","0.25","4","3.0","Public Water","Sewer - Public","FHA New","Corporate"
"1","2320517","723-68-93-71-100-000","CLOSD","2508 Chimney House Place, Chesterfield VA 23112","23112","Chesterfield","Single Family Residence","10/26/2023","$449,000","$450,000","12","Resale (occupied at least once)","1987","Brandermill","2,455","0.54","3","2.1","Public Water","Sewer - Public","Conventional","Individuals"
"1","2318978","745-67-62-06-900-000","CLOSD","5419 Sandy Ridge Terrace, Chesterfield VA 23832","23832","Chesterfield","Single Family Residence","10/26/2023","$419,500","$420,000","38","Resale (occupied at least once)","2017","Browns Bluff - Colony Pointe","2,384","0.31","3","2.1","Public Water","Sewer - Public","Conventional","Individuals"
"1","2321210","745-70-06-31-800-000","CLOSD","10514 Royal Cresent Way, Chesterfield VA 23236","23236","Chesterfield","Single Family Residence","10/26/2023","$243,000","$250,000","8","Resale (occupied at least once)","1990","Heatheridge","960","0.21","3","1.0","Public Water","Sewer - Public","Conventional","Individuals"
"1","2322665","G19-3467-2473","CLOSD","11550 WINDING RIVER Road, New Kent VA 23140","23140","New Kent","Single Family Residence","10/26/2023","$575,000","$575,000","9","Resale (occupied at least once)","2005","Brickshire","3,496","0.42","4","3.1","Public Water","Sewer - Public","Conventional","Individuals"
"1","2323525","807-714-1084","CLOSD","2505 Carlisle Avenue, Henrico VA 23231","23231","Henrico","Single Family Residence","10/26/2023","$240,000","$240,000","7","Resale (occupied at least once)","1952","Shurm Heights","936","0.28","3","1.0","Public Water","Sewer - Public","Conventional","Individuals"
"1","2321910","7797-52-6907","CLOSD","9214 Ivy Banks Drive, Hanover VA 23116","23116","Hanover","Single Family Residence","10/26/2023","$519,000","$525,000","4","Resale (occupied at least once)","1994","Kings Charter","2,713","0.32","4","2.1","Public Water","Sewer - Public","Conventional","Individuals"
"1","2320974","820-687-4704","CLOSD","2801 Heather Ridge Drive, Henrico VA 23231","23231","Henrico","Single Family Residence","10/26/2023","$436,350","$436,350","5","New (never occupied)","2023","Four Mile Run","2,448","","4","3.1","Public Water","Sewer - Public","FHA New","Corporate"
"1","2306395","779-773-6890","CLOSD","10719 Skippers Street, Henrico VA 23059","23059","Henrico","Single Family Residence","10/26/2023","$602,207","$625,122","0","New (never occupied)","2023","River Mill","2,653","","4","2.1","Public Water","Sewer - Public","Conventional","Corporate"
"1","2322857","S007-1134-017","CLOSD","1338 Drewry Street, Richmond City VA 23224","23224","Richmond City","Townhouse","10/26/2023","$130,000","$119,000","17","Resale (occupied at least once)","1971","Stegge Court","896","0.05","2","1.0","Public Water","Sewer - Public","Conventional","Individuals"
"1","2322526","W000-0662-023","CLOSD","104 North Lombardy Street, Richmond City VA 23220","23220","Richmond City","Single Family Residence","10/26/2023","$435,000","$435,000","8","Resale (occupied at least once)","1910","None","1,474","0.04","3","1.1","Public Water","Community - Sewer/Septic","Conventional","Partnership"
"1","2322240","E000-0336-020","CLOSD","505 North 24th Street, Richmond City VA 23223","23223","Richmond City","Single Family Residence","10/26/2023","$450,000","$450,000","6","Resale (occupied at least once)","1895","None","2,024","0.06","3","2.0","Public Water","Sewer - Public","Conventional","Individuals"
"1","2320685","722-67-95-93-000-000","CLOSD","5411 Pleasant Grove Lane, Chesterfield VA 23112","23112","Chesterfield","Single Family Residence","10/26/2023","$415,000","$423,000","6","Resale (occupied at least once)","1988","Woodlake","1,858","0.24","4","2.1","Public Water","Sewer - Public","VA New","Individuals"
"1","2321990","799-728-9975","CLOSD","2310 Apollo Road, Henrico VA 23223","23223","Henrico","Single Family Residence","10/26/2023","$249,999","$242,000","19","Resale (occupied at least once)","1963","Central Gardens","1,016","0.23","3","1.0","Public Water","Sewer - Public","Conventional","Individuals"
"1","2321408","741-67-47-19-400-000","CLOSD","11924 Swift Crossing Drive, Chesterfield VA 23112","23112","Chesterfield","Single Family Residence","10/26/2023","$420,000","$420,000","23","Resale (occupied at least once)","2002","Swift Creek Crossing","2,347","0.35","4","2.1","Public Water","Sewer - Public","Conventional","Individuals"
"1","2322536","724-67-20-38-400-000","CLOSD","14006 St Regina Court, Chesterfield VA 23112","23112","Chesterfield","Single Family Residence","10/26/2023","$425,000","$430,000","9","Resale (occupied at least once)","1998","St Clair","3,044","0.22","5","2.1","Public Water","Sewer - Public","Conventional","Individuals"
"1","2323905","747-70-83-80-700-000","CLOSD","702 South Hyannis Drive #Unit702, Chesterfield VA 23236","23236","Chesterfield","Townhouse","10/26/2023","$250,000","$240,000","7","Resale (occupied at least once)","1986","Sturbridge Village","1,820","0.04","3","3.1","Public Water","Sewer - Public","Cash","Individuals"
"1","2323567","784-69-15-20-400-000","CLOSD","4910 Southmoor Road, Chesterfield VA 23234","23234","Chesterfield","Single Family Residence","10/26/2023","$300,000","$300,000","7","Resale (occupied at least once)","1977","Meadowbrook","1,699","0.37","3","2.0","Public Water","Sewer - Public","Cash","Individuals"
"1","2323438","704-67-23-73-000-000","CLOSD","6955 Stafford Park Drive, Chesterfield VA 23120","23120","Chesterfield","Single Family Residence","10/26/2023","$500,000","$510,000","4","Resale (occupied at least once)","2016","Magnolia Green","2,230","0.18","4","2.1","Public Water","Sewer - Public","Conventional","Individuals"
"1","2323351","W000-0699-020","CLOSD","1908 Texas Avenue, Richmond City VA 23220","23220","Richmond City","Single Family Residence","10/26/2023","$400,000","$410,000","2","Resale (occupied at least once)","2003","Riverview","1,082","0.11","3","2.0","Public Water","Sewer - Public","Conventional","Other"
"1","2323218","S000-2917-005","CLOSD","4026 Northrop Street, Richmond City VA 23225","23225","Richmond City","Single Family Residence","10/26/2023","$435,000","$514,000","4","Resale (occupied at least once)","1933","Forest Hill Park Annex","1,959","0.57","3","2.0","Public Water","Sewer - Public","Cash","Individuals"
"1","2322995","756-758-7379","CLOSD","9404 Alameda Avenue, Henrico VA 23294","23294","Henrico","Single Family Residence","10/26/2023","$299,995","$310,000","5","Resale (occupied at least once)","1963","Huntington","1,036","0.26","3","1.1","Public Water","Sewer - Public","Conventional","Individuals"
"1","2322936","738-779-4292","CLOSD","5008 Fremont Place, Henrico VA 23059","23059","Henrico","Single Family Residence","10/26/2023","$645,999","$701,000","3","Resale (occupied at least once)","1996","Glencrest At Wyndham","2,726","0.26","4","2.1","Public Water","Sewer - Public","Conventional","Individuals"
"1","2322932","W021-0254-006","CLOSD","610 Mayfair Avenue, Richmond City VA 23226","23226","Richmond City","Single Family Residence","10/26/2023","$1,349,000","$1,635,000","12","Resale (occupied at least once)","1948","Kingsway Court","4,156","0.26","4","3.1","Public Water","Sewer - Public","Cash","Individuals"
"1","2322683","W000-1435-027","CLOSD","1107 Carrolton Street, Richmond City VA 23221","23221","Richmond City","Single Family Residence","10/26/2023","$317,950","$307,000","5","Resale (occupied at least once)","1954","Bays Meade","1,076","0.26","3","1.0","Public Water","Sewer - Public","Cash","Estate"
"1","2322460","855-698-5051","CLOSD","4744 Red Coach Lane, Henrico VA 23150","23150","Henrico","Single Family Residence","10/26/2023","$315,000","$300,000","14","Resale (occupied at least once)","1987","Cedar Ridge","1,176","0.57","3","2.0","Well","Septic - Conventional","FHA New","Individuals"
"1","2321992","782-69-00-61-700-000","CLOSD","5000 Hopkins Road, Chesterfield VA 23234","23234","Chesterfield","Single Family Residence","10/26/2023","$325,000","$325,000","4","Resale (occupied at least once)","1953","None","2,000","1.10","3","2.0","Public Water","Sewer - Public","Conventional","Individuals"
"1","2321984","778-760-0011","CLOSD","1890 Hungary Oak Court, Henrico VA 23228","23228","Henrico","Single Family Residence","10/26/2023","$450,000","$448,000","6","Resale (occupied at least once)","2018","Oak Knoll Section 1","2,384","0.31","4","2.1","Public Water","Sewer - Public","Conventional","Individuals"
"1","2321728","7820-15-4838","CLOSD","13320 Rollingwood Lane, Hanover VA 23192","23192","Hanover","Single Family Residence","10/26/2023","$500,000","$527,000","5","Resale (occupied at least once)","1977","Rollingwood Sub","2,548","5.32","3","2.1","Well","Septic - Conventional","Conventional","Individuals"
"1","2321727","712-69-89-09-400-000","CLOSD","1813 Duns Tew Drive, Chesterfield VA 23112","23112","Chesterfield","Single Family Residence","10/26/2023","$1,100,000","$1,100,000","3","Resale (occupied at least once)","2009","Hallsley","3,687","0.50","4","5.0","Public Water","Sewer - Public","Conventional","Individuals"
"1","2321653","S000-2001-014","CLOSD","3159 Decatur Street, Richmond City VA 23224","23224","Richmond City","Single Family Residence","10/26/2023","$309,000","$309,000","26","New (never occupied)","2023","Weisigers Addition","1,365","","3","2.1","Public Water","Sewer - Public","FHA New","Corporate"
"1","2321446","8744-07-3518","CLOSD","7420 Hobby Horse Lane, Hanover VA 23111","23111","Hanover","Single Family Residence","10/26/2023","$550,000","$600,000","3","Resale (occupied at least once)","1978","Cold Harbor","2,916","5.00","5","3.1","Well","Septic - Conventional","Conventional","Individuals"
"1","2321331","701-67-21-17-500-000","CLOSD","18001 Stonewolf Drive, Chesterfield VA 23120","23120","Chesterfield","Single Family Residence","10/26/2023","$950,000","$935,000","8","Resale (occupied at least once)","2021","Magnolia Green","4,223","0.26","4","4.0","Public Water","Sewer - Public","Conventional","Individuals"
"1","2320961","E010-0163-004","CLOSD","1207 Ashley Street, Richmond City VA 23231","23231","Richmond City","Single Family Residence","10/26/2023","$269,990","$271,000","23","Resale (occupied at least once)","2022","Harrison Place","1,335","0.14","3","1.1","Public Water","Sewer - Public","Conventional","Individuals"
"1","2320924","723-70-55-33-800-000","CLOSD","14636 Charter Walk Court, Chesterfield VA 23114","23114","Chesterfield","Single Family Residence","10/26/2023","$799,950","$725,000","11","Resale (occupied at least once)","2007","Berkley Village","3,241","0.36","4","3.1","Public Water","Sewer - Public","Conventional","Individuals"
"1","2320401","755-70-29-10-600-000","CLOSD","704 Claypool Terrace, Chesterfield VA 23236","23236","Chesterfield","Single Family Residence","10/26/2023","$170,000","$212,000","4","Resale (occupied at least once)","1980","Whitestone","1,775","0.46","3","2.1","Public Water","Sewer - Public","Cash","Individuals"
"1","2320388","7798-71-4265","CLOSD","9135 Greenlake Circle, Hanover VA 23116","23116","Hanover","Single Family Residence","10/26/2023","$569,950","$582,000","17","Resale (occupied at least once)","1992","Fox Head","3,305","0.35","4","3.1","Public Water","Sewer - Public","Conventional","Individuals"
"1","2319535","739-775-0897","CLOSD","12100 Country Hills Court, Henrico VA 23059","23059","Henrico","Single Family Residence","10/26/2023","$875,000","$910,000","8","Resale (occupied at least once)","1996","Cross Creek","3,308","1.11","5","3.1","Public Water","Sewer - Public","VA New","Individuals"
"1","2319148","S000-0233-008","CLOSD","1802 Maury Street, Richmond City VA 23224","23224","Richmond City","Single Family Residence","10/26/2023","$249,950","$249,950","53","Resale (occupied at least once)","1919","Blackwell","1,391","0.29","3","2.0","Public Water","Sewer - Public","FHA New","Individuals"
"1","2318239","704-64-56-16-300-000","CLOSD","12221 Coalboro Road, Chesterfield VA 23838","23838","Chesterfield","Single Family Residence","10/26/2023","$314,000","$317,000","23","Resale (occupied at least once)","1999","None","1,290","2.87","3","2.0","Well","Septic - Conventional","FHA New","Individuals"
"1","2308611","58-54-3-55-0","CLOSD","9233 Cerulean Place, Goochland VA 23238","23238","Goochland","Townhouse","10/26/2023","$570,465","$570,465","0","New (never occupied)","2023","Mosaic at West Creek","2,273","","3","3.0","Public Water","Sewer - Public","Conventional","Corporate"
"1","2306653","729705105800000","CLOSD","508 Randolph View Drive, Chesterfield VA 23114","23114","Chesterfield","Townhouse","10/26/2023","$439,950","$441,660","0","New (never occupied)","2023","Randolph Pond","2,163","","3","2.1","Public Water","Sewer - Public","Conventional","Corporate"
"1","2306389","736678995400000","CLOSD","3713 Irby Pond Drive, Chesterfield VA 23112","23112","Chesterfield","Townhouse","10/26/2023","$344,075","$344,075","0","New (never occupied)","2023","Wescott","1,707","","3","2.1","Public Water","Sewer - Public","Conventional","Corporate"
"1","2231843","Not Yet Assigned","CLOSD","4105 Next Level Trace, Chesterfield VA 23112","23112","Chesterfield","Condominium","10/26/2023","$256,145","$256,145","85","New (never occupied)","2023","Wescott","1,106","","1","1.1","Public Water","Sewer - Public","Cash","Corporate"
"1","2226013","762-65-77-52-100-000","CLOSD","8530 Waterfowl Flyway, Chesterfield VA 23838","23838","Chesterfield","Single Family Residence","10/26/2023","$608,950","$765,604","0","New (never occupied)","2022","The Highlands","3,215","","4","3.0","Public Water","Septic - Conventional","Conventional","Corporate"
"1","REIN10503308","G19-3467-2473","CLOSD","11550 Winding River Road, New Kent VA 23140","23140","New Kent","Single Family Residence","10/26/2023","$575,000","$575,000","8","Resale (occupied at least once)","2005","BRICKSHIRE","3,496","0.42","4","4.0","Public Water","Public Sewer On Site","",""
"1","2316636","E000-0257-013","CLOSD","2214 East Marshall Street, Richmond City VA 23223","23223","Richmond City","Single Family Residence","10/27/2023","$750,000","$730,000","80","Resale (occupied at least once)","1890","None","2,812","0.09","3","2.1","Public Water","Sewer - Public","Conventional","Corporate"
"1","2323181","026B31-2A","CLOSD","2291 Scottville Road, Powhatan VA 23139","23139","Powhatan","Single Family Residence","10/27/2023","$449,000","$425,000","6","Resale (occupied at least once)","1963","None","2,412","1.14","4","3.0","Public Water","Septic - Conventional","VA New","Individuals"
"1","2309369","832-714-5337","CLOSD","1009 Taylor Green Drive, Henrico VA 23150","23150","Henrico","Townhouse","10/27/2023","$306,125","$300,000","8","New (never occupied)","2023","Taylor Green","1,577","","3","2.1","Public Water","Sewer - Public","VA New","Corporate"
"1","2321570","W000-1441-010","CLOSD","3215 Condie Street, Richmond City VA 23221","23221","Richmond City","Single Family Residence","10/27/2023","$485,000","$525,000","14","Resale (occupied at least once)","1937","William Byrd","1,580","0.10","3","1.1","Public Water","Sewer - Public","Conventional","Individuals"
"1","2320928","TBD","CLOSD","600 Rosedown Lane, Henrico VA 23223","23223","Henrico","Townhouse","10/27/2023","$289,990","$289,990","9","New (never occupied)","2023","The Townes At Oakleys Bluff","1,280","","3","2.1","Public Water","Sewer - Public","Conventional","Corporate"
"1","2231618","763-65-52-74-700-000","CLOSD","8213 Cypress Glen Drive, Chesterfield VA 23838","23838","Chesterfield","Single Family Residence","10/27/2023","$574,950","$543,405","30","New (never occupied)","2022","The Highlands","3,971","2.65","5","3.0","Public Water","Septic - Conventional","Conventional","Corporate"
"1","2321413","N000-1149-006","CLOSD","511 Bancroft Avenue, Richmond City VA 23222","23222","Richmond City","Single Family Residence","10/27/2023","$354,000","$365,000","32","Resale (occupied at least once)","1923","Providence Park","1,460","0.11","3","2.1","Public Water","Sewer - Public","Conventional","Individuals"
"1","2321384","7840-90-4978","CLOSD","14029 Spring Branch Lane, Hanover VA 23005","23005","Hanover","Single Family Residence","10/27/2023","$689,000","$675,000","6","Resale (occupied at least once)","1991","Spring Branch Estates","2,800","10.00","3","2.0","Well","Septic - Conventional","Conventional","Individuals"
"1","2322785","823-696-6569","CLOSD","3304 Stansfield Court, Henrico VA 23231","23231","Henrico","Single Family Residence","10/27/2023","$389,900","$392,000","7","Resale (occupied at least once)","2002","Bewdley","2,057","0.49","4","2.1","Public Water","Sewer - Public","FHA New","Individuals"
"1","2229679","E000-1096-016","CLOSD","1513 North 31st Street, Richmond City VA 23223","23223","Richmond City","Single Family Residence","10/27/2023","$383,000","$389,355","148","New (never occupied)","2022","Armstrong","1,923","0.08","3","2.1","Public Water","Sewer - Public","FHA New","Other"
"1","2306093","779-773-8047","CLOSD","7059 Rivermere Lane, Henrico VA 23059","23059","Henrico","Single Family Residence","10/27/2023","$650,250","$677,935","0","New (never occupied)","2023","River Mill","3,225","","4","3.1","Public Water","Sewer - Public","Conventional","Corporate"
"1","2322072","E000-0329-017","CLOSD","705 North 21st Street, Richmond City VA 23223","23223","Richmond City","Single Family Residence","10/27/2023","$415,000","$395,000","15","Resale (occupied at least once)","1900","None","1,757","0.07","3","2.1","Public Water","Sewer - Public","Conventional","Individuals"
"1","2321636","770-69-48-41-600-000","CLOSD","3212 South Battlebridge Drive, Chesterfield VA 23224","23224","Chesterfield","Townhouse","10/27/2023","$220,000","$215,000","14","Resale (occupied at least once)","1977","Newberry Towne","2,268","0.05","4","2.1","Public Water","None","VHDA/FHA","Individuals"
"1","2322402","735-761-3858","CLOSD","12076 Foxfield Circle, Henrico VA 23233","23233","Henrico","Townhouse","10/27/2023","$379,950","$405,000","7","Resale (occupied at least once)","1993","Foxfield At Wellesley","1,838","0.09","3","2.1","Public Water","Sewer - Public","Conventional","Individuals"
"1","2320246","7789-67-8413","CLOSD","12821 Mount Hermon Road, Hanover VA 23005","23005","Hanover","Single Family Residence","10/27/2023","$628,950","$612,000","24","Resale (occupied at least once)","1989","Glen Carrie","2,798","9.09","4","3.0","Well","Septic - Conventional","VA New","Individuals"
"1","2313578","Not Yet Assigned","CLOSD","4115 Next Level Trace, Chesterfield VA 23112","23112","Chesterfield","Condominium","10/27/2023","$379,950","$379,950","88","New (never occupied)","2023","Wescott","1,954","","3","2.1","Public Water","Sewer - Public","Conventional","Corporate"
"1","2322389","7822-94-0558","CLOSD","15235 Chris Court, Hanover VA 23192","23192","Hanover","Single Family Residence","10/27/2023","$535,000","$540,000","4","Resale (occupied at least once)","2005","Sugar Maple","2,898","2.81","4","2.1","Well","Septic - Engineered","VA New","Individuals"
"1","2322375","M0005838","CLOSD","1777 Kisra Lane, Powhatan VA 23139","23139","Powhatan","Single Family Residence","10/27/2023","$345,000","$345,000","5","Resale (occupied at least once)","1998","Green Level","1,635","3.68","3","2.0","Well","Septic - Conventional","FHA New","Individuals"
"1","2322050","E000-0876-013","CLOSD","1202 North 34th Street, Richmond City VA 23223","23223","Richmond City","Single Family Residence","10/27/2023","$514,950","$509,950","8","New (never occupied)","2023","None","1,975","0.09","4","2.1","Public Water","Sewer - Public","Conventional","Corporate"
"1","2320682","8706-26-5323","CLOSD","9291 Braden Place, Hanover VA 23116","23116","Hanover","Single Family Residence","10/27/2023","$569,000","$569,000","22","Resale (occupied at least once)","2003","Cool Spring Forest","2,895","0.35","4","2.1","Public Water","Sewer - Public","Conventional","Individuals"
"1","2315283","016B-2G-4","CLOSD","3714 Whitechurch Court, Powhatan VA 23139","23139","Powhatan","Single Family Residence","10/27/2023","$939,900","$920,000","22","Resale (occupied at least once)","2018","Tilmans Farm","3,746","2.80","5","4.0","Community Well","Septic - Conventional","Conventional","Individuals"
"1","2316583","7826-59-2296","CLOSD","20065 Beaver Dam Road, Hanover VA 23015","23015","Hanover","Single Family Residence","10/27/2023","$939,000","$875,000","64","Resale (occupied at least once)","2007","None","4,679","30.75","4","4.1","Well","Septic - Conventional","VA New","Individuals"
"1","2321459","756-735-8377.078","CLOSD","300 North Ridge Road #Unit78, Henrico VA 23229","23229","Henrico","Condominium","10/27/2023","$824,000","$824,000","9","Resale (occupied at least once)","1981","Westham Green Condo","3,664","0.06","4","3.1","Public Water","Sewer - Public","Cash","Individuals"
"1","2323522","828-716-6098","CLOSD","210 Garland Avenue, Henrico VA 23150","23150","Henrico","Single Family Residence","10/27/2023","$209,900","$224,500","2","Resale (occupied at least once)","1947","None","835","0.24","2","1.0","Public Water","Sewer - Public","Conventional","Individuals"
"1","2320262","739-759-6032","CLOSD","11743 Triple Notch Terrace, Henrico VA 23233","23233","Henrico","Townhouse","10/27/2023","$589,900","$588,000","7","Resale (occupied at least once)","2007","Three Notch Place","2,968","0.10","4","2.1","Public Water","Sewer - Public","Conventional","Individuals"
"1","2324530","780-749-0506","CLOSD","2306 Fleet Avenue, Henrico VA 23228","23228","Henrico","Single Family Residence","10/27/2023","$199,000","$211,500","3","Resale (occupied at least once)","1950","Elmay Crest","1,431","0.18","4","1.1","Public Water","Sewer - Public","Cash","Individuals"
"1","2324402","792-65-96-26-900-000","CLOSD","3507 Castlebury Drive, Chesterfield VA 23831","23831","Chesterfield","Single Family Residence","10/27/2023","$296,500","$298,000","5","Resale (occupied at least once)","1983","Cameron Run","1,406","0.39","4","2.0","Public Water","Sewer - Public","Conventional","Individuals"
"1","2324112","W000-1039-048","CLOSD","101 North Stafford Avenue #UnitU7, Richmond City VA 23220","23220","Richmond City","Condominium","10/27/2023","$349,950","$381,500","5","Resale (occupied at least once)","1914","None","1,025","0.02","2","2.0","Public Water","Sewer - Public","Cash","Individuals"
"1","2323990","E000-1763-190","CLOSD","3517 Briel #Unit11, Richmond City VA 23223","23223","Richmond City","Condominium","10/27/2023","$136,500","$130,000","10","Resale (occupied at least once)","1968","Villas Of Oakwood South","822","4.18","3","1.0","Public Water","Sewer - Public","Cash","Individuals"
"1","2323926","827-720-6603","CLOSD","1940 Repp Circle, Henrico VA 23075","23075","Henrico","Townhouse","10/27/2023","$148,500","$148,500","4","Resale (occupied at least once)","1974","Fairlawn Townhouses","1,060","0.06","3","1.1","Public Water","Sewer - Public","Conventional","Individuals"
"1","2323907","734-748-2903","CLOSD","1701 Quail Covey Road, Henrico VA 23238","23238","Henrico","Single Family Residence","10/27/2023","$425,000","$450,000","5","Resale (occupied at least once)","1983","Quail Woods","2,282","0.17","5","2.1","Public Water","Sewer - Public","Conventional","Corporate"
"1","2323631","43-1-0-5-B","CLOSD","2510 Fairground Road, Goochland VA 23102","23102","Goochland","Single Family Residence","10/27/2023","$149,950","$150,000","2","Resale (occupied at least once)","1974","None","1,056","1.00","3","1.0","Well","Septic - Conventional","Cash","Individuals"
"1","2323357","028B1-2-30","CLOSD","2741 Maple Grove Lane, Powhatan VA 23139","23139","Powhatan","Single Family Residence","10/27/2023","$624,950","$625,000","5","Resale (occupied at least once)","2005","Maple Grove","3,433","2.40","3","3.1","Well","Septic - Conventional","Conventional","Individuals"
"1","2323268","W000-0790-010","CLOSD","1503 Carter Street, Richmond City VA 23220","23220","Richmond City","Single Family Residence","10/27/2023","$249,950","$276,101","2","Resale (occupied at least once)","1948","Maymont Gardens","1,104","0.13","3","1.0","Public Water","Sewer - Public","Cash","Individuals"
"1","2323108","777-746-9955","CLOSD","2718 Dellrose Avenue, Henrico VA 23228","23228","Henrico","Single Family Residence","10/27/2023","$264,500","$280,000","9","Resale (occupied at least once)","1954","Hermitage Park","1,084","0.16","2","1.0","Public Water","Sewer - Public","Conventional","Individuals"
"1","2323042","C001-1177-006","CLOSD","10231 Epsilon Road, Richmond City VA 23235","23235","Richmond City","Single Family Residence","10/27/2023","$245,000","$337,700","29","Resale (occupied at least once)","1967","Staffordshire","2,122","0.41","4","2.0","Public Water","Sewer - Public","Cash","Individuals"
"1","2323035","765-740-4356","CLOSD","6613 Monument Avenue, Henrico VA 23226","23226","Henrico","Single Family Residence","10/27/2023","$450,000","$450,000","11","Resale (occupied at least once)","1950","Monument Hills","1,428","0.24","3","1.1","Public Water","Sewer - Public","Conventional","Individuals"
"1","2322985","W000-0840-027","CLOSD","1803 Claiborne Street, Richmond City VA 23220","23220","Richmond City","Single Family Residence","10/27/2023","$259,950","$280,000","2","Resale (occupied at least once)","1949","None","1,110","0.23","3","1.0","Public Water","Sewer - Public","Conventional","Individuals"
"1","2322833","C008-0594-068","CLOSD","4113 Woodys Court, Richmond City VA 23234","23234","Richmond City","Single Family Residence","10/27/2023","$194,000","$210,000","5","Resale (occupied at least once)","1965","Crowder Court","1,222","0.39","3","1.0","Public Water","Sewer - Public","Conventional","Estate"
"1","2322778","754-71-67-70-200-000","CLOSD","8840 Quaker Lane, Chesterfield VA 23235","23235","Chesterfield","Single Family Residence","10/27/2023","$395,000","$430,000","4","Resale (occupied at least once)","1955","Bon Air","1,488","0.92","3","2.0","Public Water","Septic - Conventional","Conventional","Corporate"
"1","2322571","W0000440078","CLOSD","1262 Parkwood Avenue, Richmond City VA 23220","23220","Richmond City","Single Family Residence","10/27/2023","$399,000","$365,000","29","Resale (occupied at least once)","1900","None","1,568","","3","2.1","Public Water","Sewer - Public","Cash","Partnership"
"1","2322463","750-763-1802","CLOSD","4488 Riverdale Avenue, Henrico VA 23060","23060","Henrico","Single Family Residence","10/27/2023","$279,500","$322,000","5","Resale (occupied at least once)","1986","Oakland Hills","1,318","0.42","3","2.0","Public Water","Community - Sewer/Septic","Conventional","Individuals"
"1","2322360","763-69-73-55-500-000","CLOSD","7424 Dell Drive, Chesterfield VA 23235","23235","Chesterfield","Single Family Residence","10/27/2023","$379,950","$379,950","16","Resale (occupied at least once)","1971","Forestdale","2,764","0.29","4","2.1","Public Water","Sewer - Public","Conventional","Individuals"
"1","2322271","776-65-69-41-000-000","CLOSD","6319 Bel Lac Drive, Chesterfield VA 23831","23831","Chesterfield","Single Family Residence","10/27/2023","$375,000","$375,000","2","Resale (occupied at least once)","1999","Bel Arbor","1,720","0.19","2","2.0","Public Water","Sewer - Public","Conventional","Individuals"
"1","2322206","730-67-07-39-900-000","CLOSD","13512 Master Stag Drive, Chesterfield VA 23112","23112","Chesterfield","Single Family Residence","10/27/2023","$325,000","$340,000","7","Resale (occupied at least once)","1987","Deer Run","1,212","0.32","3","2.0","Public Water","Sewer - Public","Conventional","Individuals"
"1","2322134","710-67-36-68-000-000","CLOSD","6700 Winters Prey Trail, Chesterfield VA 23120","23120","Chesterfield","Single Family Residence","10/27/2023","$613,500","$620,000","3","Resale (occupied at least once)","2010","Foxcreek","3,697","1.16","4","3.1","Public Water","Sewer - Public","Conventional","Individuals"
"1","2322068","C005-0296-020","CLOSD","1913 Netherwood Road, Richmond City VA 23225","23225","Richmond City","Single Family Residence","10/27/2023","$299,000","$320,000","5","Resale (occupied at least once)","1956","Westlake Hills","1,262","0.28","3","1.0","Public Water","Sewer - Public","Conventional","Individuals"
"1","2322054","E000-1763-191","CLOSD","3517 Briel Street #UnitU12, Richmond City VA 23223","23223","Richmond City","Condominium","10/27/2023","$110,000","$105,000","11","Resale (occupied at least once)","1968","Villas Of Oakwood South","560","4.18","1","1.0","Public Water","Sewer - Public","Conventional","Individuals"
"1","2322007","797-64-44-92-200-000","CLOSD","14400 Eagle Rock Avenue, Chesterfield VA 23831","23831","Chesterfield","Single Family Residence","10/27/2023","$315,000","$310,000","12","Resale (occupied at least once)","1988","Mistwood Forest","1,380","0.34","3","2.1","Public Water","Sewer - Public","Conventional","Individuals"
"1","2321862","726-65-82-35-400-000","CLOSD","14619 Blossom Place, Chesterfield VA 23112","23112","Chesterfield","Single Family Residence","10/27/2023","$424,900","$410,000","10","Resale (occupied at least once)","2006","The Timbers At Summerford","2,182","0.17","3","2.1","Public Water","Sewer - Public","Conventional","Individuals"
"1","2321814","738-67-98-38-200-000","CLOSD","4110 Fort Sumter Court, Chesterfield VA 23112","23112","Chesterfield","Single Family Residence","10/27/2023","$229,900","$267,000","1","Resale (occupied at least once)","1980","Glen Tara","1,248","","3","2.0","Public Water","Sewer - Public","Conventional","Other"
"1","2321319","766-69-26-61-500-000","CLOSD","6800 Old Creek Terrace, Chesterfield VA 23832","23832","Chesterfield","Single Family Residence","10/27/2023","$325,000","$333,000","3","Resale (occupied at least once)","1985","Belmont Hills West","1,606","0.91","3","2.1","Public Water","Sewer - Public","Conventional","Individuals"
"1","2321302","7873-12-2742","CLOSD","11455 Whitetail Drive, Hanover VA 23047","23047","Hanover","Single Family Residence","10/27/2023","$399,950","$400,000","7","Resale (occupied at least once)","1994","None","2,074","5.26","4","2.1","Well","Septic - Conventional","Conventional","Individuals"
"1","2321261","S000-0344-013","CLOSD","1907 Chicago Avenue, Richmond City VA 23224","23224","Richmond City","Single Family Residence","10/27/2023","$204,950","$210,000","6","Resale (occupied at least once)","1948","None","855","0.14","2","1.0","Public Water","Sewer - Public","Conventional","Other"
"1","2321158","743-766-1253","CLOSD","11704 Country Lake Drive, Henrico VA 23059","23059","Henrico","Single Family Residence","10/27/2023","$975,500","$966,500","6","Resale (occupied at least once)","2004","Waters Edge At Twin Hickory","4,986","0.34","5","5.1","Public Water","Sewer - Public","Cash","Individuals"
"1","2321142","W000-0528-038","CLOSD","1400 Grove Avenue #UnitU7, Richmond City VA 23220","23220","Richmond City","Condominium","10/27/2023","$489,000","$485,000","23","Resale (occupied at least once)","1881","None","2,006","0.04","2","2.0","Public Water","None","Conventional","Individuals"
"1","2321083","763-763-2688","CLOSD","3419 Gwynns Place, Henrico VA 23060","23060","Henrico","Townhouse","10/27/2023","$445,000","$445,000","4","Resale (occupied at least once)","2003","Townes At Crossridge","2,336","0.16","3","2.1","Public Water","Sewer - Public","Conventional","Corporate, Individuals"
"1","2321035","C005-0340-047","CLOSD","5524 Riverside Heights Way, Richmond City VA 23225","23225","Richmond City","Townhouse","10/27/2023","$369,000","$375,000","5","Resale (occupied at least once)","2016","Riverside Heights","1,604","0.05","3","2.1","Public Water","Sewer - Public","Conventional","Individuals"
"1","2320873","8704-39-8887","CLOSD","7994 Ellerson Station Drive, Hanover VA 23111","23111","Hanover","Single Family Residence","10/27/2023","$355,000","$355,000","13","Resale (occupied at least once)","1999","Berry Pointe","1,450","0.45","3","2.0","Public Water","Sewer - Public","Conventional","Individuals"
"1","2320860","E000-1106-006","CLOSD","1211 Oakwood Avenue, Richmond City VA 23223","23223","Richmond City","Single Family Residence","10/27/2023","$260,000","$260,000","18","Resale (occupied at least once)","1920","East End","1,870","0.09","3","1.0","Public Water","Sewer - Public","Cash","Individuals"
"1","2320781","724-67-05-53-800-005","CLOSD","7213 Norwood Pond Court #Unit7213, Chesterfield VA 23112","23112","Chesterfield","Condominium","10/27/2023","$365,000","$360,000","3","Resale (occupied at least once)","2004","Villas Of Norwood Pond","1,752","","3","2.0","Public Water","Sewer - Public","Conventional","Individuals"
"1","2320765","816-714-8652","CLOSD","4905 Allenshaw Drive, Henrico VA 23231","23231","Henrico","Single Family Residence","10/27/2023","$250,000","$250,000","12","Resale (occupied at least once)","1959","Virginia Heights","1,802","0.39","4","2.0","Public Water","Sewer - Public","Cash","Individuals"
"1","2320496","42-41-1-17-0","CLOSD","1709 Reed Marsh Lane, Goochland VA 23063","23063","Goochland","Single Family Residence","10/27/2023","$655,000","$655,000","36","New (never occupied)","2023","Reed Marsh","2,816","","4","3.1","Public Water","Sewer - Public","Conventional","Corporate"
"1","2320381","C008-1101-016","CLOSD","3700 Bathgate Road, Richmond City VA 23234","23234","Richmond City","Single Family Residence","10/27/2023","$425,000","$405,000","10","Resale (occupied at least once)","1965","Brookbury","2,642","0.44","5","3.1","Public Water","Sewer - Public","Conventional","Corporate"
"1","2320149","761-758-3964","CLOSD","8712 Greycliff Road, Henrico VA 23294","23294","Henrico","Single Family Residence","10/27/2023","$340,000","$330,000","16","Resale (occupied at least once)","1960","West End Manor","1,418","0.26","4","1.1","Public Water","Sewer - Public","FHA New","Individuals"
"1","2319929","771-740-3798","CLOSD","2115 Hampstead Avenue, Henrico VA 23230","23230","Henrico","Single Family Residence","10/27/2023","$215,000","$240,000","8","Resale (occupied at least once)","1953","Westmont","714","0.40","3","1.0","Public Water","Septic - Conventional","FHA New","Individuals"
"1","2319860","786-751-2007","CLOSD","5600 Noble Avenue, Henrico VA 23227","23227","Henrico","Single Family Residence","10/27/2023","$415,000","$440,000","2","Resale (occupied at least once)","2019","Club Court","2,203","0.21","5","2.1","Public Water","Sewer - Public","Conventional","Individuals"
"1","2319499","742-67-75-52-500-000","CLOSD","5009 Claypoint Road, Chesterfield VA 23112","23112","Chesterfield","Single Family Residence","10/27/2023","$495,000","$495,000","5","Resale (occupied at least once)","1940","None","1,466","15.37","3","1.0","Public Water","Septic - Conventional","Cash","Estate"
"1","2319301","792-737-8217","CLOSD","41 Loudon Street, Henrico VA 23222","23222","Henrico","Single Family Residence","10/27/2023","$215,000","$207,500","26","Resale (occupied at least once)","1937","Providence Park Annex","800","0.08","2","1.0","Public Water","Sewer - Public","Conventional","Corporate"
"1","2319194","30A 8 666","CLOSD","5724 Lakeview Road, New Kent VA 23141","23141","New Kent","Single Family Residence","10/27/2023","$299,000","$225,000","42","Resale (occupied at least once)","1972","Woodhaven Shores","2,156","","4","2.0","Community Well","Septic - Conventional","Cash","Individuals"
"1","2318839","807-728-8319","CLOSD","912 Hunters Run Drive, Henrico VA 23223","23223","Henrico","Single Family Residence","10/27/2023","$340,000","$340,000","17","Resale (occupied at least once)","1996","Huntwood","2,121","0.19","4","2.1","Public Water","Sewer - Public","FHA New","Individuals"
"1","2318546","743-71-50-56-500-000","CLOSD","2304 Cranbeck Circle, Chesterfield VA 23235","23235","Chesterfield","Single Family Residence","10/27/2023","$550,000","$535,000","35","Resale (occupied at least once)","1986","Cranbrook","3,430","0.42","5","3.1","Public Water","Community - Sewer/Septic","VA New","Individuals"
"1","2318048","828-64-01-78-600-000","CLOSD","15512 Richmond Street, Chesterfield VA 23836","23836","Chesterfield","Single Family Residence","10/27/2023","$285,000","$296,000","55","Resale (occupied at least once)","1956","Chesterfield Manor","1,098","0.50","4","2.0","Public Water","Septic - Conventional","FHA New","Individuals"
"1","2317354","702673166700000","CLOSD","6407 Bear Trace Way, Chesterfield VA 23120","23120","Chesterfield","Single Family Residence","10/27/2023","$775,000","$775,000","75","New (never occupied)","2019","Magnolia Green","4,417","","4","4.1","Public Water","Sewer - Public","Conventional","Individuals"
"1","2316308","756-749-8707","CLOSD","8207 Bronwood Road, Henrico VA 23229","23229","Henrico","Single Family Residence","10/27/2023","$419,950","$415,000","44","Resale (occupied at least once)","1965","Wallingford","2,376","0.31","4","2.1","Public Water","Sewer - Public","Conventional","Individuals"
"1","2315779","C001-0891-199","CLOSD","3316 Rivanna Drive, Richmond City VA 23235","23235","Richmond City","Single Family Residence","10/27/2023","$599,950","$590,000","46","Resale (occupied at least once)","2007","James River Commons","3,776","0.17","5","4.0","Public Water","Sewer - Public","Conventional","Individuals"
"1","2313187","7851-87-6281","CLOSD","14424 Riverside Drive, Hanover VA 23005","23005","Hanover","Single Family Residence","10/27/2023","$944,950","$900,000","92","Resale (occupied at least once)","2013","Country Club Hills","5,073","0.73","4","3.1","Public Water","Sewer - Public","Conventional","Individuals"
"1","2312337","775656507400000","CLOSD","11257 Benton Pointe Way, Chesterfield VA 23831","23831","Chesterfield","Townhouse","10/27/2023","$331,210","$331,210","57","New (never occupied)","2023","IronBridge Townhomes","1,513","","3","2.1","Public Water","Sewer - Public","Conventional","Corporate"
"1","2311633","Not Yet Assigned","CLOSD","4109 Next Level Trace, Chesterfield VA 23112","23112","Chesterfield","Condominium","10/27/2023","$361,640","$361,640","55","New (never occupied)","2023","Wescott","1,932","","3","2.1","Public Water","Sewer - Public","Conventional","Corporate"
"1","2307763","28 30C","CLOSD","19636 Westall Lane, New Kent VA 23011","23011","New Kent","Single Family Residence","10/27/2023","$354,900","$350,000","180","New (never occupied)","2022","None","1,332","1.23","3","2.0","Well","Septic - Conventional","Conventional","Partnership"
"1","2303516","730664240400000","CLOSD","13712 Elmley Court, Chesterfield VA 23112","23112","Chesterfield","Single Family Residence","10/27/2023","$502,950","$515,322","0","New (never occupied)","2023","Collington East","2,052","","3","2.1","Public Water","Sewer - Public","Conventional","Corporate"
"1","2302303","6799-09-2500","CLOSD","19504 Vontay Road, Hanover VA 23102","23102","Hanover","Single Family Residence","10/27/2023","$482,450","$496,461","0","New (never occupied)","2023","None","2,258","10.70","3","2.1","Well","Septic - Conventional","VA New","Corporate"
"1","2318714","N000-0921-008","CLOSD","2908 4th Avenue, Richmond City VA 23222","23222","Richmond City","Single Family Residence","10/28/2023","$395,000","$387,000","36","Resale (occupied at least once)","1925","The Plateau","2,335","0.16","3","2.1","Public Water","Sewer - Public","Cash","Individuals"
"1","2304403","7708-55-5358","CLOSD","18119 Dogwood Trail Way, Hanover VA 23146","23146","Hanover","Single Family Residence","10/30/2023","$839,990","$820,000","203","New (never occupied)","2023","Dogwood Meadows","3,561","1.88","5","4.1","Well","Septic - Conventional","Conventional","Corporate"
"1","2323312","762-749-7553","CLOSD","2326 Wistar Street, Henrico VA 23294","23294","Henrico","Single Family Residence","10/30/2023","$365,000","$365,000","8","Resale (occupied at least once)","1978","Thousand Oaks","1,683","0.29","3","2.0","Public Water","Sewer - Public","Conventional","Estate, Individuals"
"1","2323612","784-68-56-81-200-000","CLOSD","3604 Luckylee Crescent, Chesterfield VA 23234","23234","Chesterfield","Townhouse","10/30/2023","$199,950","$211,000","9","Resale (occupied at least once)","1972","Meadowdale Th Pk","1,026","0.04","3","1.1","Public Water","Sewer - Public","FHA New","Individuals, Partnership"
"1","2305964","K20-0038-0085","CLOSD","11843 Knockholt Lane, New Kent VA 23124","23124","New Kent","Townhouse","10/30/2023","$342,795","$342,795","33","New (never occupied)","2023","Maidstone Village","1,801","","3","2.1","Public Water","Sewer - Public","FHA New","Corporate"
"1","2323086","724-68-80-57-900-000","CLOSD","14115 Ridge Creek Road, Chesterfield VA 23112","23112","Chesterfield","Single Family Residence","10/30/2023","$335,000","$335,000","11","Resale (occupied at least once)","1986","Brandermill","1,538","0.17","3","2.0","Public Water","Sewer - Public","Conventional","Individuals"
"1","2303677","714662373600000","CLOSD","15800 WIDTHBY Court, Chesterfield VA 23832","23832","Chesterfield","Single Family Residence","10/30/2023","$459,990","$437,265","84","New (never occupied)","2023","Harpers Mill","1,898","","3","2.0","Public Water","Sewer - Public","Cash","Corporate"
"1","2322142","799-63-24-50-400-000","CLOSD","2712 Amherst Ridge Way, Chesterfield VA 23834","23834","Chesterfield","Single Family Residence","10/30/2023","$250,000","$260,000","5","Resale (occupied at least once)","1998","Amherst","1,240","0.30","3","2.0","Public Water","Sewer - Public","Conventional","Individuals"
"1","2316888","802-737-7307","CLOSD","2123 Blossom Trail Avenue #UnitD-3, Henrico VA 23223","23223","Henrico","Townhouse","10/30/2023","$340,330","$340,330","0","New (never occupied)","2023","Reserve at Springdale Park","1,606","","3","2.1","Public Water","Sewer - Public","Conventional","Corporate"
"1","2309441","802-737-6810","CLOSD","2117 Blossom Trail Avenue #UnitD-6, Henrico VA 23223","23223","Henrico","Townhouse","10/30/2023","$333,135","$333,135","63","New (never occupied)","2023","Reserve at Springdale Park","1,606","","3","2.1","Public Water","Sewer - Public","Conventional","Corporate"
"1","2323701","755-70-79-20-600-000","CLOSD","8803 Brucewood Drive, Chesterfield VA 23235","23235","Chesterfield","Single Family Residence","10/30/2023","$330,000","$355,000","0","Resale (occupied at least once)","1977","Brighton Green","1,680","0.41","3","2.1","Public Water","Sewer - Public","Conventional","Individuals"
"1","2321860","748-68-38-12-100-000","CLOSD","4300 Courthouse Road, Chesterfield VA 23832","23832","Chesterfield","Single Family Residence","10/30/2023","$299,000","$300,000","11","Resale (occupied at least once)","1938","None","1,110","1.44","3","2.0","Public Water","Septic - Conventional","FHA New","Other"
"1","2322359","817-712-4873","CLOSD","5209 Raleigh Road, Henrico VA 23231","23231","Henrico","Single Family Residence","10/30/2023","$299,000","$305,000","7","Resale (occupied at least once)","1947","Robinwood","1,388","0.48","3","2.0","Public Water","Sewer - Public","VHDA/FHA","Other"
"1","2321736","030-4-1","CLOSD","2116 Hancock Road, Powhatan VA 23139","23139","Powhatan","Single Family Residence","10/30/2023","$359,999","$360,000","23","Resale (occupied at least once)","2016","None","1,574","1.09","3","2.0","Well","Septic - Conventional","Conventional","Individuals"
"1","2321583","724-69-18-81-600-000","CLOSD","2110 Deer Meadow Lane, Chesterfield VA 23112","23112","Chesterfield","Single Family Residence","10/30/2023","$339,000","$342,000","7","Resale (occupied at least once)","1986","Deer Meadow","1,459","0.16","3","2.1","Public Water","Sewer - Public","FHA New","Individuals"
"1","2320302","727-66-41-22-300-000","CLOSD","9020 Spyglass Hill Mews, Chesterfield VA 23832","23832","Chesterfield","Single Family Residence","10/30/2023","$435,000","$435,000","7","Resale (occupied at least once)","2002","Birkdale","2,408","0.17","4","2.1","Public Water","Sewer - Public","Conventional","Individuals"
"1","2321600","720-67-74-10-400-000","CLOSD","14711 Ridge Point Drive, Chesterfield VA 23112","23112","Chesterfield","Single Family Residence","10/30/2023","$394,900","$400,000","18","Resale (occupied at least once)","1989","Woodlake","2,029","0.15","4","2.1","Public Water","Sewer - Public","Conventional","Individuals"
"1","2322238","8706-48-7310","CLOSD","8268 Powhickery Drive, Hanover VA 23116","23116","Hanover","Single Family Residence","10/30/2023","$549,950","$542,950","4","Resale (occupied at least once)","1992","Powhickery Estates","2,638","1.02","4","2.1","Public Water","Septic - Conventional","VA New","Individuals"
"1","2323134","776-752-6234","CLOSD","7904 Dalmain Drive, Henrico VA 23228","23228","Henrico","Single Family Residence","10/30/2023","$279,900","$305,000","5","Resale (occupied at least once)","1949","Woodland Hills","975","0.30","3","1.0","Public Water","Sewer - Public","Conventional","Individuals"
"1","2321982","759-68-69-61-400-000","CLOSD","8230 Boones Trail Road, Chesterfield VA 23832","23832","Chesterfield","Single Family Residence","10/30/2023","$289,950","$303,000","4","Resale (occupied at least once)","1980","Cabin Creek","1,200","0.29","3","2.0","Public Water","Sewer - Public","Conventional","Individuals"
"1","2320609","731-68-34-93-900-000","CLOSD","3917 Pebble Creek Road, Chesterfield VA 23112","23112","Chesterfield","Single Family Residence","10/30/2023","$334,900","$325,000","13","Resale (occupied at least once)","1977","Brandermill","1,586","0.28","3","2.1","Public Water","Sewer - Public","FHA New","Individuals"
"1","2321168","755-763-4139","CLOSD","9520 Craigs Mill Drive, Henrico VA 23060","23060","Henrico","Single Family Residence","10/30/2023","$485,000","$495,000","5","Resale (occupied at least once)","1995","Craigs Mill","2,415","0.25","4","2.1","Public Water","Sewer - Public","Conventional","Individuals"
"1","2325042","751-71-78-61-500-000","CLOSD","9512 Iredell Road, Chesterfield VA 23235","23235","Chesterfield","Single Family Residence","10/30/2023","$590,000","$650,000","2","Resale (occupied at least once)","1966","Bon Air","2,617","0.36","4","2.1","Public Water","Septic - Conventional","Cash","Individuals"
"1","2324991","764-740-8356","CLOSD","6801 West Franklin Street, Henrico VA 23226","23226","Henrico","Single Family Residence","10/30/2023","$565,000","$630,000","4","Resale (occupied at least once)","1951","Duntreath","1,829","0.44","3","2.1","Public Water","Sewer - Public","Cash","Individuals"
"1","2324573","765-69-34-32-500-000","CLOSD","3208 Able Court, Chesterfield VA 23832","23832","Chesterfield","Single Family Residence","10/30/2023","$310,000","$340,000","2","Resale (occupied at least once)","1979","Holly Ridge","1,788","0.44","4","0.2","Public Water","Sewer - Public","Cash","Individuals"
"1","2324563","S000-2281-001","CLOSD","3314 Decatur Street, Richmond City VA 23224","23224","Richmond City","Single Family Residence","10/30/2023","$119,000","$119,000","2","Resale (occupied at least once)","1930","Weisigers Addition","920","0.12","3","1.0","Public Water","Sewer - Public","Cash","Individuals"
"1","2323436","764-743-5132","CLOSD","1712 Harvard Road, Henrico VA 23226","23226","Henrico","Single Family Residence","10/30/2023","$439,900","$439,900","8","Resale (occupied at least once)","2003","Crestview","1,716","0.18","3","2.1","Public Water","Sewer - Public","Conventional","Individuals"
"1","2323412","772-735-5697.139","CLOSD","5100 Monument Avenue #Unit1006, Henrico VA 23230","23230","Henrico","Condominium","10/30/2023","$179,950","$180,000","8","Resale (occupied at least once)","1961","5100 Monument","880","0.02","1","1.0","Public Water","Sewer - Public","Other","Individuals"
"1","2323411","775-741-1107","CLOSD","4825 Morrison Road, Henrico VA 23230","23230","Henrico","Single Family Residence","10/30/2023","$499,000","$520,000","4","Resale (occupied at least once)","1948","Brittons Hill","2,078","0.30","3","2.1","Public Water","Sewer - Public","Conventional","Individuals"
"1","2323409","839-722-1087","CLOSD","1212 Cremona Court, Henrico VA 23150","23150","Henrico","Single Family Residence","10/30/2023","$375,000","$400,000","4","Resale (occupied at least once)","1999","Stephanie Trace","1,805","1.30","3","2.0","Well","Septic - Conventional","Conventional","Individuals"
"1","2323404","830-713-9254","CLOSD","309 Seabury Avenue, Henrico VA 23150","23150","Henrico","Single Family Residence","10/30/2023","$239,950","$241,000","8","Resale (occupied at least once)","1960","Lee Park","1,116","0.24","3","1.0","Public Water","Sewer - Public","FHA New","Individuals"
"1","2323320","730-765-1408","CLOSD","598 Hazel Drive, Henrico VA 23233","23233","Henrico","Townhouse","10/30/2023","$535,000","$540,000","3","Resale (occupied at least once)","2023","Gateway Square","2,220","","4","3.1","Public Water","Sewer - Public","Conventional","Individuals"
"1","2323314","N017-0211-012","CLOSD","1217 Lorraine Avenue, Richmond City VA 23227","23227","Richmond City","Single Family Residence","10/30/2023","$389,950","$435,000","7","Resale (occupied at least once)","1939","Bellevue","1,163","0.16","2","1.0","Public Water","Sewer - Public","Conventional","Other"
"1","2323095","C006-0607-022","CLOSD","2122 Allwood Avenue, Richmond City VA 23224","23224","Richmond City","Single Family Residence","10/30/2023","$214,950","$214,950","9","Resale (occupied at least once)","1955","Cranford Heights","873","0.25","3","1.0","Public Water","Sewer - Public","FHA New","Individuals, Partnership"
"1","2323089","788-765-7655","CLOSD","608 Virginia Center Parkway, Henrico VA 23059","23059","Henrico","Single Family Residence","10/30/2023","$455,000","$447,500","6","Resale (occupied at least once)","1999","Cross Point","2,206","0.21","4","3.0","Public Water","Sewer - Public","Cash","Individuals"
"1","2322877","7880-82-6877","CLOSD","10805 Providence Woods Lane, Hanover VA 23005","23005","Hanover","Single Family Residence","10/30/2023","$585,000","$585,000","4","Resale (occupied at least once)","2015","Providence","3,780","0.20","5","3.1","Public Water","Sewer - Public","Conventional","Individuals"
"1","2322861","769-738-0149","CLOSD","5906 Morningside Drive, Henrico VA 23226","23226","Henrico","Single Family Residence","10/30/2023","$400,000","$420,000","4","Resale (occupied at least once)","1951","Westwood Terrace","1,620","0.22","3","2.0","Public Water","Sewer - Public","Conventional","Individuals"
"1","2322849","753-755-7986","CLOSD","9606 Meadowview Road, Henrico VA 23294","23294","Henrico","Single Family Residence","10/30/2023","$295,000","$310,000","12","Resale (occupied at least once)","1954","Andover Hills","1,044","0.41","2","1.1","Public Water","Sewer - Public","Conventional","Individuals"
"1","2322799","717-66-81-30-000-000","CLOSD","7819 Falling Hill Terrace, Chesterfield VA 23832","23832","Chesterfield","Single Family Residence","10/30/2023","$299,000","$305,000","5","Resale (occupied at least once)","2002","Ashbrook","1,213","0.23","3","2.0","Public Water","Sewer - Public","Cash","Individuals"
"1","2322731","768-69-72-61-600-000","CLOSD","2501 Lancers Boulevard, Chesterfield VA 23224","23224","Chesterfield","Single Family Residence","10/30/2023","$299,900","$299,000","7","Resale (occupied at least once)","1964","Marlboro","1,404","0.39","3","2.0","Public Water","Sewer - Public","Conventional","Estate, Individuals"
"1","2322680","751-71-50-20-900-047","CLOSD","10200 Iron Mill Road, Chesterfield VA 23235","23235","Chesterfield","Condominium","10/30/2023","$184,900","$195,000","3","Resale (occupied at least once)","1973","Edgehill Condo","1,328","18.14","3","2.0","Public Water","Sewer - Public","Conventional","Individuals"
"1","2322488","709-67-67-99-500-000","CLOSD","16606 Gossamer Drive, Chesterfield VA 23120","23120","Chesterfield","Single Family Residence","10/30/2023","$525,000","$530,000","7","Resale (occupied at least once)","2015","Wynwood at Foxcreek","3,163","0.12","4","3.1","Public Water","Sewer - Public","Conventional","Individuals"
"1","2322354","7211672167700013","CLOSD","126 Water Pointe Court, Chesterfield VA 23112","23112","Chesterfield","Condominium","10/30/2023","$224,950","$224,950","2","Resale (occupied at least once)","1986","Water Pointe Condo","1,256","","2","2.0","Public Water","Sewer - Public","Conventional","Individuals"
"1","2322199","C001-0891-080","CLOSD","3107 Stony Point Road #UnitA, Richmond City VA 23235","23235","Richmond City","Condominium","10/30/2023","$395,000","$395,000","10","Resale (occupied at least once)","1987","Bluffs Condo","1,855","22.01","3","2.0","Public Water","Sewer - Public","Cash","Individuals"
"1","2322185","747-746-3559.131","CLOSD","1502 Largo Road #Unit102, Henrico VA 23238","23238","Henrico","Condominium","10/30/2023","$195,000","$210,000","2","Resale (occupied at least once)","1977","Regency Woods Condominiums","1,364","0.03","3","2.0","Public Water","Sewer - Public","Cash","Individuals"
"1","2322120","717-67-81-36-300-000","CLOSD","15201 Windy Ridge Road, Chesterfield VA 23112","23112","Chesterfield","Single Family Residence","10/30/2023","$415,000","$447,500","9","Resale (occupied at least once)","1991","Windy Ridge","1,920","0.19","4","2.1","Public Water","Sewer - Public","Conventional","Individuals"
"1","2322091","C005-0972-028","CLOSD","5241 Media Road, Richmond City VA 23225","23225","Richmond City","Single Family Residence","10/30/2023","$259,000","$259,000","18","Resale (occupied at least once)","1948","Forest View Heights","894","0.36","3","1.0","Public Water","Sewer - Public","Conventional","Individuals"
"1","2322079","752-749-2568","CLOSD","9306 Ridgefield Road, Henrico VA 23229","23229","Henrico","Single Family Residence","10/30/2023","$329,000","$400,000","2","Resale (occupied at least once)","1963","Pinedale Farms","1,751","0.28","3","2.0","Public Water","Sewer - Public","Cash","Individuals"
"1","2321903","709-69-66-12-700-000","CLOSD","2313 Mitchells Mill Drive, Chesterfield VA 23112","23112","Chesterfield","Single Family Residence","10/30/2023","$929,900","$932,000","5","Resale (occupied at least once)","2018","Hallsley","3,660","0.43","5","4.1","Public Water","Sewer - Public","Conventional","Individuals"
"1","2321624","N000-0119-051","CLOSD","101 West Marshall Street #UnitU44, Richmond City VA 23220","23220","Richmond City","Condominium","10/30/2023","$329,950","$315,000","25","Resale (occupied at least once)","1925","None","1,209","0.03","1","2.0","Public Water","Sewer - Public","Cash","Individuals"
"1","2321070","773-67-58-12-200-000","CLOSD","5700 Yellowleaf Court, Chesterfield VA 23234","23234","Chesterfield","Single Family Residence","10/30/2023","$293,000","$288,000","35","Resale (occupied at least once)","1987","Summertree","1,456","0.27","3","2.1","Public Water","Sewer - Public","Conventional","Individuals"
"1","2320748","7861-64-9124","CLOSD","14148 Yankeetown Road, Hanover VA 23005","23005","Hanover","Single Family Residence","10/30/2023","$599,950","$574,950","15","Resale (occupied at least once)","1921","None","2,294","20.48","4","2.0","Well","Septic - Conventional","Conventional","Individuals"
"1","2320683","837-717-5801","CLOSD","68 Drybridge Court, Henrico VA 23150","23150","Henrico","Single Family Residence","10/30/2023","$365,000","$390,000","4","Resale (occupied at least once)","2007","Dry Bridge","2,221","1.70","4","2.1","Public Water","Septic - Engineered","FHA New","Individuals"
"1","2319474","794-64-68-47-900-000","CLOSD","13524 Thornsett Lane, Chesterfield VA 23831","23831","Chesterfield","Single Family Residence","10/30/2023","$380,900","$350,000","45","Resale (occupied at least once)","2006","Thornsett","2,640","0.27","5","2.1","Public Water","Sewer - Public","FHA New","Individuals"
"1","2319168","733-70-29-80-800-000","CLOSD","717 Shadowhill Court, Chesterfield VA 23114","23114","Chesterfield","Single Family Residence","10/30/2023","$450,000","$452,000","6","Resale (occupied at least once)","1988","Walton Park","2,280","0.41","5","2.1","Public Water","Sewer - Public","Conventional","Individuals"
"1","2318430","780-746-1191","CLOSD","2308 Oakwood Lane, Henrico VA 23228","23228","Henrico","Single Family Residence","10/30/2023","$310,000","$310,000","43","Resale (occupied at least once)","1948","Park View","1,226","0.20","3","2.0","Public Water","None","Conventional","Individuals"
"1","2317221","58-53-0-4-0","CLOSD","12170 Readers Pointe Drive, Goochland VA 23103","23103","Goochland","Single Family Residence","10/30/2023","$765,000","$765,000","5","Resale (occupied at least once)","2019","Readers Branch","3,172","0.34","3","2.1","Public Water","Sewer - Public","Conventional","Individuals"
"1","2308883","77725-01-8241","CLOSD","9239 Cerulean Place, Goochland VA 23238","23238","Goochland","Townhouse","10/30/2023","$540,805","$540,805","159","New (never occupied)","2023","Mosaic at West Creek","2,152","","2","2.1","Public Water","Sewer - Public","Cash","Corporate"
"1","2229208","732-760-0494.302","CLOSD","3804 Old Burleigh Lane, Henrico VA 23233","23233","Henrico","Condominium","10/30/2023","$737,000","$767,474","0","New (never occupied)","2022","None","2,575","","4","2.1","Public Water","Sewer - Public","Conventional","Corporate"
"1","REIN10478383","K20-0038-0085","CLOSD","11843 Knockholt Lane, New Kent VA 23124","23124","New Kent","Townhouse","10/30/2023","$331,150","$342,795","70","New (never occupied)","2023","MAIDSTONE VILLAGE","1,801","","3","3.0","Public Water","Public Sewer On Site","",""
"1","2322734","W000-1283-018","CLOSD","2902 Ellwood Avenue, Richmond City VA 23221","23221","Richmond City","Single Family Residence","10/31/2023","$950,000","$950,000","5","Resale (occupied at least once)","1895","None","2,410","0.14","3","3.0","Public Water","Sewer - Public","Conventional","Individuals"
"1","2316729","N000-1072-023","CLOSD","3216 3rd Avenue, Richmond City VA 23222","23222","Richmond City","Single Family Residence","10/31/2023","$319,950","$324,000","88","New (never occupied)","2023","Highland Park","1,576","0.06","3","2.1","Public Water","Sewer - Public","FHA New Assumption","Corporate"
"1","2320906","752-69-14-72-800-000","CLOSD","2409 Loch Braemar Drive, Chesterfield VA 23236","23236","Chesterfield","Single Family Residence","10/31/2023","$419,000","$420,500","7","Resale (occupied at least once)","1976","Loch Braemar","2,132","0.35","4","2.1","Public Water","Sewer - Public","Conventional","Individuals"
"1","2323182","731-764-9333","CLOSD","12310 Dewhurst Avenue, Henrico VA 23233","23233","Henrico","Townhouse","10/31/2023","$729,950","$728,700","13","Resale (occupied at least once)","2018","Greengate","3,033","0.04","4","4.1","Public Water","Sewer - Public","Conventional","Individuals"
"1","2323131","8724-75-3066","CLOSD","7325 Creighton Road, Hanover VA 23111","23111","Hanover","Single Family Residence","10/31/2023","$799,950","$805,500","12","Resale (occupied at least once)","2004","None","3,071","4.01","4","2.1","Public Water, Well","Septic - Conventional","Conventional","Individuals"
"1","2320386","12-3-0-1-A","CLOSD","4481 Three Chopt Road, Goochland VA 23065","23065","Goochland","Single Family Residence","10/31/2023","$260,000","$275,000","6","Resale (occupied at least once)","1996","Goochland","1,716","2.95","3","1.1","Well","Septic - Conventional","FHA New","Individuals"
"1","2323866","705-67-20-34-300-000","CLOSD","17431 Stafford Park Court, Chesterfield VA 23120","23120","Chesterfield","Single Family Residence","10/31/2023","$629,000","$629,000","11","Resale (occupied at least once)","2016","Magnolia Green","3,148","0.25","4","3.1","Public Water","Sewer - Public","Conventional","Individuals"
"1","2303973","716-66-27-60-300-000","CLOSD","8713 Pima Ter, Chesterfield VA 23832","23832","Chesterfield","Single Family Residence","10/31/2023","$838,780","$815,000","0","New (never occupied)","2023","Harpers Mill","3,906","0.42","6","5.1","Public Water","Sewer - Public","Other","Corporate"
"1","2323177","753-749-9809","CLOSD","1900 Greenhurst Drive, Henrico VA 23229","23229","Henrico","Single Family Residence","10/31/2023","$349,950","$350,000","8","Resale (occupied at least once)","1961","Windsordale","1,400","0.30","3","1.1","Public Water","Sewer - Public","Cash","Individuals"
"1","2323117","771-749-1852","CLOSD","4124 Birch Point Court, Henrico VA 23228","23228","Henrico","Townhouse","10/31/2023","$359,900","$360,000","14","Resale (occupied at least once)","2007","Glenside Woods","2,106","0.07","3","2.1","Public Water","Sewer - Public","Conventional","Individuals"
"1","2307511","to be determined","CLOSD","14451 Hancock Towns Drive #UnitG 2-2, Chesterfield VA 23832","23832","Chesterfield","Condominium","10/31/2023","$402,898","$402,898","154","New (never occupied)","2023","Hancock Village","2,421","","4","3.0","Public Water","Sewer - Public","Conventional","Corporate"
"1","2312955","730-765-2430.065","CLOSD","577 Hazel Place #UnitA, Henrico VA 23233","23233","Henrico","Condominium","10/31/2023","$404,990","$404,990","60","New (never occupied)","2023","Gateway Square","1,573","","2","2.1","Public Water","Sewer - Public","FHA New","Corporate"
"1","2308254","780-773-3063","CLOSD","3045 Fletcher Alley, Henrico VA 23059","23059","Henrico","Townhouse","10/31/2023","$446,085","$446,085","134","New (never occupied)","2023","River Mill","1,968","","3","2.1","Public Water","Sewer - Public","Conventional","Corporate"
"1","2323206","23-75","CLOSD","8700 The New Road, Charles City County VA 23030","23030","Charles City County","Single Family Residence","10/31/2023","$279,500","$281,000","15","Resale (occupied at least once)","1942","None","1,300","0.99","3","1.1","Public Water","Septic - Conventional","VA New","Individuals"
"1","2231857","Not Yet Assigned","CLOSD","4107 Next Level Trace, Chesterfield VA 23112","23112","Chesterfield","Condominium","10/31/2023","$278,960","$282,810","128","New (never occupied)","2022","Wescott","1,322","","1","1.1","Public Water","Sewer - Public","Conventional","Corporate"
"1","2324075","S0071081016","CLOSD","2115 Harwood Street, Richmond City VA 23224","23224","Richmond City","Single Family Residence","10/31/2023","$179,900","$184,900","6","Resale (occupied at least once)","1950","Richmond Summit","888","","3","1.0","Public Water","Sewer - Public","Conventional","Other"
"1","2323868","S000-2610-012","CLOSD","22 East 35th Street, Richmond City VA 23224","23224","Richmond City","Single Family Residence","10/31/2023","$245,000","$255,000","4","Resale (occupied at least once)","1941","Swansboro","973","0.15","3","1.0","Public Water","Sewer - Public","Conventional","Individuals"
"1","2322858","W019-0213-004","CLOSD","4807 Patterson Avenue, Richmond City VA 23226","23226","Richmond City","Single Family Residence","10/31/2023","$450,000","$475,000","5","Resale (occupied at least once)","1948","Colonial Place","1,251","0.20","4","2.0","Public Water","Sewer - Public","Conventional","Individuals"
"1","2321303","8734-55-6128","CLOSD","7329 Beulah Church Road, Hanover VA 23111","23111","Hanover","Single Family Residence","10/31/2023","$499,999","$495,000","34","Resale (occupied at least once)","1988","None","2,660","4.91","4","2.1","Well","Septic - Conventional","Conventional","Individuals"
"1","2320689","C009-0647-022","CLOSD","3153 Lanewood Drive, Richmond City VA 23234","23234","Richmond City","Single Family Residence","10/31/2023","$294,950","$295,000","16","Resale (occupied at least once)","2008","Scottdale","1,424","0.19","3","2.0","Public Water","Sewer - Public","VHDA ","Individuals"
"1","2307803","793647908600000","CLOSD","3819 Belspring Road, Chesterfield VA 23831","23831","Chesterfield","Single Family Residence","10/31/2023","$595,820","$645,950","0","New (never occupied)","2023","Hidden Valley Estates","3,548","","4","3.1","Public Water","Sewer - Public","VA New","Corporate"
"1","2307151","736678965400000","CLOSD","3719 Irby Pond Drive, Chesterfield VA 23112","23112","Chesterfield","Townhouse","10/31/2023","$411,150","$411,150","42","New (never occupied)","2023","Wescott","1,906","","3","2.1","Public Water","Sewer - Public","Conventional","Corporate"
"1","2323936","C006-0894-018","CLOSD","617 Shallow Court, Richmond City VA 23224","23224","Richmond City","Single Family Residence","10/31/2023","$274,950","$275,000","5","Resale (occupied at least once)","1986","Glendale","1,526","0.27","3","1.1","Public Water","Sewer - Public","Cash","Individuals"
"1","2323307","755-763-3467","CLOSD","4808 Tahoe Court, Henrico VA 23060","23060","Henrico","Single Family Residence","10/31/2023","$365,000","$370,000","4","Resale (occupied at least once)","1981","Meredith Woods","1,600","0.22","3","3.0","Public Water","Sewer - Public","Conventional","Individuals"
"1","2322557","W019-0230-023","CLOSD","4602 Kensington Avenue, Richmond City VA 23226","23226","Richmond City","Single Family Residence","10/31/2023","$575,000","$600,000","8","Resale (occupied at least once)","1953","Colonial Place","1,445","0.16","3","1.1","Public Water","Sewer - Public","Conventional","Individuals"
"1","2322351","8705-71-0818","CLOSD","8101 Landover Drive, Hanover VA 23111","23111","Hanover","Single Family Residence","10/31/2023","$369,950","$370,000","12","Resale (occupied at least once)","1965","Mayfield Farms","2,076","0.47","3","2.1","Public Water","Sewer - Public","Conventional","Individuals"
"1","2322319","754-736-0724","CLOSD","208 Melwood Lane, Henrico VA 23229","23229","Henrico","Single Family Residence","10/31/2023","$549,950","$549,950","11","Resale (occupied at least once)","1957","Roslyn Hills","2,195","0.58","4","2.0","Public Water","Sewer - Public","Conventional","Estate, Individuals"
"1","2322128","779-764-9171","CLOSD","1904 Knotty Way Drive, Henrico VA 23060","23060","Henrico","Single Family Residence","10/31/2023","$349,987","$357,000","1","Resale (occupied at least once)","1992","Summerfield","1,692","0.20","4","2.0","Public Water","Sewer - Public","Conventional","Individuals"
"1","2311634","Not Yet Assigned","CLOSD","12437 Wescott Avenue, Chesterfield VA 23112","23112","Chesterfield","Condominium","10/31/2023","$393,630","$393,630","33","New (never occupied)","2023","Wescott","2,359","","3","2.1","Public Water","Sewer - Public","VA New","Corporate"
"1","2322930","822-722-1614","CLOSD","222 Sag Harbor Court, Henrico VA 23075","23075","Henrico","Townhouse","10/31/2023","$260,000","$260,000","23","Resale (occupied at least once)","2022","Easthampton","1,280","0.04","3","2.1","Public Water","None","Conventional","Individuals"
"1","2324860","37-16A","CLOSD","9104 The New Road, Charles City County VA 23030","23030","Charles City County","Single Family Residence","10/31/2023","$39,950","$40,000","4","Resale (occupied at least once)","1960","None","925","1.01","3","1.0","Well","Septic - Conventional","Cash","Corporate, REO"
"1","2324641","721-67-21-67-700-006","CLOSD","112 Water Pointe Court, Chesterfield VA 23112","23112","Chesterfield","Condominium","10/31/2023","$265,000","$275,000","1","Resale (occupied at least once)","1986","Water Pointe Condo","1,152","2.46","2","2.0","Public Water","Sewer - Public","Conventional","Corporate"
"1","2323925","829-716-3022","CLOSD","21 Monterey Avenue, Henrico VA 23150","23150","Henrico","Single Family Residence","10/31/2023","$240,000","$240,000","7","Resale (occupied at least once)","1953","Sandston","951","0.20","3","1.0","Public Water","Sewer - Public","FHA New","Estate"
"1","2323862","N000-1172-007","CLOSD","3510 1st Avenue, Richmond City VA 23222","23222","Richmond City","Single Family Residence","10/31/2023","$345,000","$340,000","3","Resale (occupied at least once)","1910","Highland Park","1,910","","3","3.0","Public Water","Sewer - Public","Conventional","Corporate"
"1","2323407","854-684-2804","CLOSD","6405 Cookes Farm Drive, Henrico VA 23231","23231","Henrico","Single Family Residence","10/31/2023","$420,000","$420,000","3","Resale (occupied at least once)","2002","Turkey Island Bluffs","2,070","1.00","3","2.1","Well","Septic - Conventional","Conventional","Individuals"
"1","2323327","721-67-94-12-500-000","CLOSD","14505 Standing Oak Court, Chesterfield VA 23112","23112","Chesterfield","Single Family Residence","10/31/2023","$415,950","$410,000","11","Resale (occupied at least once)","1988","Standing Oak","1,999","0.21","4","2.1","Public Water","Sewer - Public","Cash","Individuals"
"1","2323211","8715-82-3077","CLOSD","7082 Foxlair Drive, Hanover VA 23111","23111","Hanover","Single Family Residence","10/31/2023","$319,950","$330,000","4","Resale (occupied at least once)","1987","Foxlair","1,208","0.33","3","2.0","Public Water","Sewer - Public","Cash","Individuals"
"1","2323150","765-68-73-12-200-000","CLOSD","7108 Winding Creek Lane, Chesterfield VA 23832","23832","Chesterfield","Single Family Residence","10/31/2023","$399,000","$441,500","3","Resale (occupied at least once)","1988","Creekwood","2,718","0.61","5","2.1","Public Water","Sewer - Public","Conventional","Individuals"
"1","2323146","757-742-4889","CLOSD","1308 Beverly Drive, Henrico VA 23229","23229","Henrico","Single Family Residence","10/31/2023","$439,950","$420,000","7","Resale (occupied at least once)","1952","Beverly Hills","1,320","0.25","3","2.0","Public Water","Sewer - Public","Conventional","Individuals"
"1","2323008","752-764-5597","CLOSD","4635 Snowmass Road, Henrico VA 23060","23060","Henrico","Single Family Residence","10/31/2023","$475,000","$485,000","5","Resale (occupied at least once)","1988","The Village @ Innsbrook","2,156","0.23","4","2.1","Public Water","Sewer - Public","Cash","Individuals"
"1","2322971","745-64-77-63-700-000","CLOSD","12048 Eagle Pass Drive, Chesterfield VA 23838","23838","Chesterfield","Single Family Residence","10/31/2023","$499,950","$515,000","3","Resale (occupied at least once)","2002","Beechwood Forest","2,888","1.51","5","2.1","Well","Septic - Conventional","VA New","Individuals"
"1","2322935","029C-3D-7","CLOSD","2437 East Deerpath Drive, Powhatan VA 23139","23139","Powhatan","Single Family Residence","10/31/2023","$324,900","$330,000","0","Resale (occupied at least once)","1979","Wood Dale Acres","1,482","1.22","3","2.0","Well","Septic - Conventional","FHA New","Individuals"
"1","2322926","W000-1704-107","CLOSD","407 North Hamilton Street #UnitF, Richmond City VA 23221","23221","Richmond City","Condominium","10/31/2023","$300,000","$305,000","10","Resale (occupied at least once)","1962","Mount Vernon Condominiums","880","8.50","2","1.1","Public Water","Sewer - Public","Conventional","Individuals"
"1","2322874","748-748-3675","CLOSD","1600 Melissie Court, Henrico VA 23238","23238","Henrico","Single Family Residence","10/31/2023","$480,000","$540,000","5","Resale (occupied at least once)","1989","Springtree","2,260","0.27","4","3.1","Public Water","Sewer - Public","Conventional","Individuals"
"1","2322678","738-71-34-37-200-189","CLOSD","11628 East Briar Patch Drive, Chesterfield VA 23113","23113","Chesterfield","Condominium","10/31/2023","$239,000","$230,000","5","Resale (occupied at least once)","1974","Briarwood Hearth","1,396","25.94","3","2.1","Public Water","Sewer - Public","FHA New","Individuals"
"1","2322643","753-754-8058","CLOSD","3013 Montfort Loop, Henrico VA 23294","23294","Henrico","Townhouse","10/31/2023","$279,500","$285,000","6","Resale (occupied at least once)","1994","Pemberton Oaks Townhouses","1,180","0.04","3","2.1","Public Water","Sewer - Public","Conventional","Individuals"
"1","2322416","764-762-3713","CLOSD","9917 Wares Wharf Circle, Henrico VA 23060","23060","Henrico","Single Family Residence","10/31/2023","$549,500","$560,000","2","Resale (occupied at least once)","2006","The Cottages At Crossridge","2,591","0.26","3","2.1","Public Water","Sewer - Public","Cash","Individuals"
"1","2322396","795-66-73-80-700-000","CLOSD","9953 Friend Avenue, Chesterfield VA 23237","23237","Chesterfield","Single Family Residence","10/31/2023","$299,950","$310,000","4","Resale (occupied at least once)","1947","James Friend Prop","1,659","0.35","4","1.1","Public Water","Sewer - Public","Conventional","Corporate"
"1","2322356","N0000881017","CLOSD","2915 Montrose Ave, Richmond City VA 23222","23222","Richmond City","Single Family Residence","10/31/2023","$151,000","$200,000","18","Resale (occupied at least once)","1910","Parkland","1,922","0.16","4","1.1","Public Water","Sewer - Public","Cash","Corporate, REO"
"1","2322322","750-751-4026","CLOSD","2000 Wade Court, Henrico VA 23229","23229","Henrico","Single Family Residence","10/31/2023","$549,000","$549,000","5","Resale (occupied at least once)","2000","Fort King","2,688","0.36","5","2.1","Public Water","Sewer - Public","Conventional","Individuals"
"1","2322276","743-755-1628","CLOSD","11404 McCabes Grant Terrace, Henrico VA 23233","23233","Henrico","Single Family Residence","10/31/2023","$1,295,000","$1,345,000","6","Resale (occupied at least once)","2018","Mccabes Grant","4,404","0.37","4","4.1","Public Water","Sewer - Public","Conventional","Individuals"
"1","2322226","737-750-4127","CLOSD","1933 Rolfe Way, Henrico VA 23238","23238","Henrico","Single Family Residence","10/31/2023","$640,000","$640,000","6","Resale (occupied at least once)","1999","Rolfield","3,754","0.37","5","3.1","Public Water","Sewer - Public","VA New","Individuals"
"1","2321986","796-65-74-13-200-000","CLOSD","12125 Perdue Springs Loop, Chesterfield VA 23831","23831","Chesterfield","Townhouse","10/31/2023","$264,900","$265,000","6","Resale (occupied at least once)","2020","Westchester Townhouses","1,360","0.04","3","2.1","Public Water","Sewer - Public","Conventional","Individuals"
"1","2321763","8714-05-7093","CLOSD","7462 Ambrose Drive, Hanover VA 23111","23111","Hanover","Single Family Residence","10/31/2023","$339,950","$363,000","3","Resale (occupied at least once)","2010","Battlefield Farms","1,400","0.45","3","2.0","Public Water","Sewer - Public","Conventional","Individuals"
"1","2321468","792-760-0304","CLOSD","512 Braxton Hills Terrace, Henrico VA 23227","23227","Henrico","Single Family Residence","10/31/2023","$499,000","$499,000","5","Resale (occupied at least once)","2008","Braxton At Stoneleigh","2,723","0.36","5","3.0","Public Water","Sewer - Public","Cash","Individuals"
"1","2321393","19E  1A1  14","CLOSD","9074 Woods Edge Drive, New Kent VA 23141","23141","New Kent","Single Family Residence","10/31/2023","$335,000","$345,000","5","Resale (occupied at least once)","1991","Woods Edge","1,548","0.67","4","2.0","Public Water","Septic - Conventional","FHA New","Individuals"
"1","2321317","793-63-35-84-900-000","CLOSD","4019 West Dogwood Avenue, Chesterfield VA 23831","23831","Chesterfield","Single Family Residence","10/31/2023","$310,000","$310,000","16","Resale (occupied at least once)","2001","Harrowgate Place","1,326","0.30","3","2.0","Public Water","Sewer - Public","FHA New","Other"
"1","2321193","704-66-73-59-800-000","CLOSD","17569 Memorial Tournament Drive, Chesterfield VA 23120","23120","Chesterfield","Townhouse","10/31/2023","$299,900","$305,000","31","Resale (occupied at least once)","2017","Magnolia Green","1,529","0.05","2","2.1","Public Water","Sewer - Public","Cash","Individuals"
"1","2320880","719-68-87-37-900-000","CLOSD","4113 Evershot Drive, Chesterfield VA 23112","23112","Chesterfield","Single Family Residence","10/31/2023","$699,000","$690,000","14","Resale (occupied at least once)","2007","Rountrey","4,084","0.49","4","3.1","Public Water","Sewer - Public","Conventional","Individuals"
"1","2320868","746-68-04-11-100-000","CLOSD","4647 Brookridge Road, Chesterfield VA 23832","23832","Chesterfield","Single Family Residence","10/31/2023","$323,000","$332,000","6","Resale (occupied at least once)","1984","Great Oaks","1,482","0.27","3","2.0","Public Water","Sewer - Public","FHA New","Individuals"
"1","2320866","S000-2923-039","CLOSD","4018 Forest Hill Avenue #UnitU10, Richmond City VA 23225","23225","Richmond City","Condominium","10/31/2023","$129,000","$127,000","28","Resale (occupied at least once)","1961","Forest Oaks Condominiums","544","0.01","1","1.0","Public Water","Sewer - Public","Cash","Individuals"
"1","2320616","735-751-9159","CLOSD","12501 Thornbury Place, Henrico VA 23233","23233","Henrico","Single Family Residence","10/31/2023","$385,000","$370,000","5","Resale (occupied at least once)","1991","Bennington Ridge East","1,557","","3","3.1","Public Water","Sewer - Public","Conventional","Estate"
"1","2320494","780-772-4840","CLOSD","3015 Farmstead Mill Drive, Henrico VA 23059","23059","Henrico","Townhouse","10/31/2023","$399,900","$400,000","11","Resale (occupied at least once)","2019","River Mill","1,598","0.09","3","2.1","Public Water","Sewer - Public","Cash","Individuals"
"1","2317070","730-70-30-58-100-000","CLOSD","618 Ridgemoor Court, Chesterfield VA 23114","23114","Chesterfield","Townhouse","10/31/2023","$347,500","$345,000","19","Resale (occupied at least once)","2004","The Grove","2,136","0.04","4","3.1","Public Water","Sewer - Public","Conventional","Individuals"
"1","2316134","790-66-90-50-000-000","CLOSD","3225 Kingsdale Road, Chesterfield VA 23237","23237","Chesterfield","Single Family Residence","10/31/2023","$350,000","$330,000","69","Resale (occupied at least once)","2002","None","2,447","1.08","5","2.0","Public Water","Sewer - Public","Conventional","Individuals"
"1","2315754","792-63-80-81-000-000","CLOSD","4210 Greenbriar Drive, Chesterfield VA 23831","23831","Chesterfield","Single Family Residence","10/31/2023","$399,950","$400,000","35","Resale (occupied at least once)","1965","Greenbriar","2,291","0.59","3","2.0","Public Water","Septic - Conventional","FHA New","Individuals"
"1","2312491","824659946300000","CLOSD","12243 Downrigger Drive, Chesterfield VA 23836","23836","Chesterfield","Single Family Residence","10/31/2023","$375,950","$383,250","0","New (never occupied)","2023","Twin Rivers","1,608","","3","2.0","Public Water","Sewer - Public","Cash","Corporate"
"1","2229486","8707-70-7958","CLOSD","8458 Chimney Rock Drive, Hanover VA 23116","23116","Hanover","Townhouse","10/31/2023","$594,008","$594,008","327","New (never occupied)","2022","None","2,519","","4","3.0","Public Water","Sewer - Public","Other","Corporate"
"1","BRTVAHN2000352","811-729-4599","CLOSD","3808 Korth Lane, Henrico VA 23223","23223","Henrico","Single Family Residence","10/31/2023","$215,000","$205,000","4","Resale (occupied at least once)","1989","MITCHELTREE","1,128","","3","1.0","Public Water","Public Sewer On Site","",""
"1","REIN10498993","PB 8/116  5AC DB 605","CLOSD","19250 Country Drive, New Kent VA 23011","23011","New Kent","Single Family Residence","10/31/2023","$400,000","$400,000","70","Resale (occupied at least once)","1993","ALL OTHERS AREA 140","2,300","5.00","3","2.0","Well","Septic","",""
"1","2322813","740-747-9933","CLOSD","10609 North Dover Pointe Road, Henrico VA 23238","23238","Henrico","Single Family Residence","11/01/2023","$589,950","$590,000","13","Resale (occupied at least once)","1986","Sancrest","3,199","0.67","3","3.1","Public Water","Sewer - Public","Conventional","Individuals"
"1","2322090","E000-0720-018","CLOSD","1309 North 31st Street, Richmond City VA 23223","23223","Richmond City","Single Family Residence","11/01/2023","$330,000","$340,000","1","Resale (occupied at least once)","1900","None","1,596","0.06","3","2.1","Public Water","Sewer - Public","Conventional","Individuals"
"1","2311481","696670788700000","CLOSD","18557 Palisades Ridge, Chesterfield VA 23120","23120","Chesterfield","Townhouse","11/01/2023","$416,770","$416,770","83","New (never occupied)","2023","Magnolia Green","1,836","","3","2.1","Public Water","Sewer - Public","Conventional","Corporate"
"1","2318571","755620755200000","CLOSD","10336 Westland Way, Chesterfield VA 23803","23803","Chesterfield","Single Family Residence","11/01/2023","$460,990","$457,990","22","New (never occupied)","2023","None","2,632","","4","2.1","Public Water","Sewer - Public","Conventional","Corporate"
"1","2322485","N000-1164-012","CLOSD","3500 Carolina Avenue, Richmond City VA 23222","23222","Richmond City","Single Family Residence","11/01/2023","$475,000","$485,000","7","New (never occupied)","2023","North Highland Park","2,050","0.11","4","3.1","Public Water","Sewer - Public","VA New","Individuals"
"1","2321455","784-62-92-34-600-000","CLOSD","17313 Creekbed Road, Chesterfield VA 23838","23838","Chesterfield","Single Family Residence","11/01/2023","$499,950","$500,000","27","Resale (occupied at least once)","2016","Swift Creek Estates","2,652","1.68","4","2.1","Public Water","Septic - Conventional","FHA New","Individuals"
"1","2323523","774-751-9665","CLOSD","7104 Gibraltar Drive, Henrico VA 23228","23228","Henrico","Single Family Residence","11/01/2023","$319,500","$332,700","6","Resale (occupied at least once)","1965","Hermitage West","1,853","0.27","4","2.1","Public Water","Sewer - Public","Conventional","Individuals"
"1","2317918","31-23-0-12-0","CLOSD","2300 White Horse Road, Goochland VA 23102","23102","Goochland","Single Family Residence","11/01/2023","$540,000","$517,500","49","Resale (occupied at least once)","1990","Maidens Forest","2,641","4.05","4","3.1","Well","Septic - Conventional","Conventional","Individuals"
"1","2307541","696670798500000","CLOSD","18553 Palisades Ridge, Chesterfield VA 23120","23120","Chesterfield","Townhouse","11/01/2023","$430,950","$448,405","0","New (never occupied)","2023","Magnolia Green","2,531","","4","3.1","Public Water","Sewer - Public","Cash","Corporate"
"1","2231846","Not Yet Assigned","CLOSD","12441 Wescott Avenue, Chesterfield VA 23112","23112","Chesterfield","Condominium","11/01/2023","$259,615","$259,615","51","New (never occupied)","2023","Wescott","1,106","","1","1.1","Public Water","Sewer - Public","VA New","Corporate"
"1","2323895","C009-0637-022","CLOSD","2713 Glenan Drive, Richmond City VA 23234","23234","Richmond City","Single Family Residence","11/01/2023","$285,000","$276,000","3","Resale (occupied at least once)","1965","Deerbourne","1,526","","3","2.0","Public Water","Sewer - Public","Conventional","Corporate, Individuals"
"1","2322438","789-68-44-82-600-000","CLOSD","2800 Dundas Road, Chesterfield VA 23237","23237","Chesterfield","Single Family Residence","11/01/2023","$325,000","$335,000","7","Resale (occupied at least once)","1953","Bensley","1,685","0.40","4","2.0","Public Water","Sewer - Public","Conventional","Individuals"
"1","2321423","777-69-15-72-800-000","CLOSD","4676 Melody Road, Chesterfield VA 23234","23234","Chesterfield","Single Family Residence","11/01/2023","$489,950","$480,000","34","New (never occupied)","2023","Garland Heights","3,150","0.03","6","4.0","Public Water","Sewer - Public","Conventional","Individuals"
"1","2319662","W000-0904-031","CLOSD","203 North Rowland Street, Richmond City VA 23220","23220","Richmond City","Single Family Residence","11/01/2023","$889,000","$860,000","21","Resale (occupied at least once)","1905","None","2,575","0.06","3","2.1","Public Water","Sewer - Public","Conventional","Individuals"
"1","2322386","743-68-12-55-000-000","CLOSD","11425 Brandenburg Drive, Chesterfield VA 23112","23112","Chesterfield","Single Family Residence","11/01/2023","$314,999","$310,000","9","Resale (occupied at least once)","1985","Frederick Farms","1,254","0.29","3","2.0","Public Water","Sewer - Public","Conventional","Individuals"
"1","2323485","782-67-08-93-200-000","CLOSD","4254 Green Cedar Lane, Chesterfield VA 23237","23237","Chesterfield","Single Family Residence","11/01/2023","$365,000","$365,000","3","Resale (occupied at least once)","1992","Treemont","2,087","0.27","3","2.1","Public Water","Sewer - Public","FHA New","Individuals"
"1","2324781","751-71-50-20-900-081","CLOSD","10266 Iron Mill Road, Chesterfield VA 23235","23235","Chesterfield","Condominium","11/01/2023","$164,950","$180,000","5","Resale (occupied at least once)","1973","Edgehill Condo","962","18.14","2","1.1","Public Water","Sewer - Public","Cash","Individuals"
"1","2324418","W019-0305-011","CLOSD","30 Willway Avenue, Richmond City VA 23226","23226","Richmond City","Single Family Residence","11/01/2023","$625,000","$803,000","4","Resale (occupied at least once)","1935","Willway Gardens","2,128","0.16","4","2.1","Public Water","Sewer - Public","Conventional","Individuals"
"1","2324300","8706-72-4806","CLOSD","8229 Ferrill Court, Hanover VA 23116","23116","Hanover","Single Family Residence","11/01/2023","$724,900","$730,000","3","Resale (occupied at least once)","2019","Garrison Manor","4,361","0.28","4","4.1","Public Water","Sewer - Public","Cash","Individuals"
"1","2324186","S007-1284-001","CLOSD","1434 Minefee Street, Richmond City VA 23224","23224","Richmond City","Single Family Residence","11/01/2023","$125,000","$155,000","5","Resale (occupied at least once)","1950","Center Hill","882","0.30","3","1.0","Public Water","Sewer - Public","Conventional","Individuals"
"1","2324173","N000-0983-007","CLOSD","3004 Letcher Avenue, Richmond City VA 23222","23222","Richmond City","Single Family Residence","11/01/2023","$140,000","$150,000","3","Resale (occupied at least once)","1927","Highland Terrace Annex","892","0.09","2","1.0","Public Water","Sewer - Public","Cash","Individuals"
"1","2324032","C001-0362-016","CLOSD","4420 Saratoga Road, Richmond City VA 23235","23235","Richmond City","Single Family Residence","11/01/2023","$320,000","$380,000","1","Resale (occupied at least once)","1985","Huguenot Farms","2,216","0.60","4","2.1","Public Water","Sewer - Public","Cash","Individuals"
"1","2323892","746-68-00-56-300-000","CLOSD","4531 Bexwood Drive, Chesterfield VA 23832","23832","Chesterfield","Single Family Residence","11/01/2023","$320,000","$310,000","7","Resale (occupied at least once)","1986","Hunters Landing","1,336","0.43","4","2.0","Public Water","Sewer - Public","Conventional","Individuals"
"1","2323655","C009-0065-004","CLOSD","3609 Chapel Drive, Richmond City VA 23224","23224","Richmond City","Single Family Residence","11/01/2023","$259,000","$267,000","3","Resale (occupied at least once)","1948","Mcguire Park","1,542","0.22","4","2.0","Public Water","Sewer - Public","Conventional","Individuals"
"1","2323450","750-754-3135","CLOSD","10022 Joppa Place, Henrico VA 23233","23233","Henrico","Townhouse","11/01/2023","$300,000","$307,000","9","Resale (occupied at least once)","1983","Ruxton","1,530","0.05","3","2.1","Public Water","Sewer - Public","Conventional","Individuals"
"1","2323296","734-72-46-74-800-000","CLOSD","3618 Caddington Terrace, Chesterfield VA 23113","23113","Chesterfield","Single Family Residence","11/01/2023","$935,000","$935,000","7","Resale (occupied at least once)","2020","Tarrington","3,350","0.23","3","3.1","Public Water","Sewer - Public","Cash","Individuals"
"1","2323229","S008-0707-035","CLOSD","3320 Lynhaven Avenue, Richmond City VA 23234","23234","Richmond City","Single Family Residence","11/01/2023","$214,950","$225,000","6","Resale (occupied at least once)","1962","Ruffin Court","1,024","0.23","3","1.0","Public Water","Sewer - Public","Conventional","Other"
"1","2323199","751-70-34-29-800-000","CLOSD","9500 Redbridge Road, Chesterfield VA 23236","23236","Chesterfield","Single Family Residence","11/01/2023","$334,900","$338,900","3","Resale (occupied at least once)","1976","Shenandoah","2,748","","4","2.1","Public Water","Sewer - Public","Other","Individuals"
"1","2323193","E000-1235-004","CLOSD","1607 Rogers Street, Richmond City VA 23223","23223","Richmond City","Single Family Residence","11/01/2023","$230,000","$220,000","18","Resale (occupied at least once)","1925","Chelsea Place","1,334","0.12","4","1.1","Public Water","Sewer - Public","Cash","Individuals"
"1","2322943","C005-0350-030","CLOSD","1632 Bilder Court, Richmond City VA 23225","23225","Richmond City","Single Family Residence","11/01/2023","$400,000","$412,050","6","Resale (occupied at least once)","2020","Westlake","1,864","0.14","3","2.1","Public Water","Sewer - Public","Conventional","Individuals"
"1","2322770","737-758-6666","CLOSD","2809 Woodmark Court, Henrico VA 23233","23233","Henrico","Single Family Residence","11/01/2023","$560,000","$577,750","5","Resale (occupied at least once)","1989","Woodmark At Wellesley","2,598","0.34","4","2.1","Public Water","Sewer - Public","Conventional","Individuals"
"1","2322459","7798-82-5645","CLOSD","11239 Linderwood Drive, Hanover VA 23116","23116","Hanover","Single Family Residence","11/01/2023","$645,000","$650,000","5","Resale (occupied at least once)","1987","Forest Lake Hills","2,776","0.91","3","3.0","Well","Septic - Conventional","Conventional","Individuals"
"1","2322361","736-778-9317","CLOSD","5900 Glen Abbey Court, Henrico VA 23059","23059","Henrico","Single Family Residence","11/01/2023","$624,950","$690,000","6","Resale (occupied at least once)","1995","Glen Abbey At Wyndham","2,540","0.31","5","2.1","Public Water","Sewer - Public","Conventional","Individuals"
"1","2322304","57-1-0-53-0","CLOSD","1259 Manakin Road, Goochland VA 23103","23103","Goochland","Single Family Residence","11/01/2023","$886,200","$886,200","8","Resale (occupied at least once)","1900","Broad Run I","1,350","8.86","3","2.0","Well","Septic - Conventional","Conventional","Corporate"
"1","2321976","8716-61-6659","CLOSD","9079 Salient Lane, Hanover VA 23116","23116","Hanover","Single Family Residence","11/01/2023","$499,950","$500,000","3","Resale (occupied at least once)","2006","The Bluffs At Bell Creek","3,127","0.24","4","3.1","Public Water","Sewer - Public","Conventional","Individuals"
"1","2321292","731-761-3305","CLOSD","13513 Cotley Lane, Henrico VA 23233","23233","Henrico","Single Family Residence","11/01/2023","$849,950","$855,000","7","Resale (occupied at least once)","1996","Foxhall","3,590","0.32","4","3.1","Public Water","None","Other","Individuals"
"1","2320956","48-17-0-1-0","CLOSD","7001 Benhall Circle, Goochland VA 23059","23059","Goochland","Single Family Residence","11/01/2023","$469,000","$440,000","25","Resale (occupied at least once)","2016","Parkside Village","2,210","0.14","2","2.0","Public Water","Sewer - Public","Cash","Individuals"
"1","2320639","W000-0615-055","CLOSD","1333 West Broad Street #UnitU207, Richmond City VA 23220","23220","Richmond City","Condominium","11/01/2023","$249,950","$252,250","5","Resale (occupied at least once)","2008","None","1,041","0.02","2","2.0","Public Water","Community - Sewer/Septic","Conventional","Individuals"
"1","2320398","760-766-1917","CLOSD","4915 Castle Point Court, Henrico VA 23060","23060","Henrico","Single Family Residence","11/01/2023","$399,900","$395,000","18","Resale (occupied at least once)","1989","Castle Point","1,590","0.23","3","2.1","Public Water","Sewer - Public","Conventional","Individuals"
"1","2318997","7779-79-8848","CLOSD","704 Maple Street, Hanover VA 23005","23005","Hanover","Single Family Residence","11/01/2023","$450,000","$455,000","8","Resale (occupied at least once)","1935","None","2,005","0.51","3","3.0","Public Water","Sewer - Public","Conventional","Partnership"
"1","2317877","S000-1473-003","CLOSD","3008 Lawson Street, Richmond City VA 23224","23224","Richmond City","Single Family Residence","11/01/2023","$359,900","$355,000","62","New (never occupied)","2023","Burfoot Addition","1,800","0.09","3","2.1","Public Water","Sewer - Public","FHA New","Corporate"
"1","2317733","N000-1264-015","CLOSD","3303 Florida Avenue, Richmond City VA 23222","23222","Richmond City","Single Family Residence","11/01/2023","$314,950","$312,350","36","Resale (occupied at least once)","1924","Highland Park","1,440","0.11","3","2.1","Public Water","Sewer - Public","Conventional","Corporate"
"1","2316789","712-69-70-93-900-000","CLOSD","16012 Drumone Road, Chesterfield VA 23112","23112","Chesterfield","Single Family Residence","11/01/2023","$1,075,000","$1,050,000","45","Resale (occupied at least once)","2015","Hallsley","4,369","0.45","4","3.1","Public Water","Sewer - Public","Conventional","Individuals"
"1","2316781","767-737-9611","CLOSD","913 Sabot Street, Henrico VA 23226","23226","Henrico","Single Family Residence","11/01/2023","$625,000","$615,000","83","Resale (occupied at least once)","1948","Westview","1,911","0.26","3","2.0","Public Water","Sewer - Public","Conventional","Individuals"
"1","2316209","822-676-2151","CLOSD","2207 Kingsland Road, Henrico VA 23231","23231","Henrico","Single Family Residence","11/01/2023","$749,950","$749,950","16","Resale (occupied at least once)","1981","None","1,568","38.54","3","2.0","Well","Septic - Conventional","Cash","Individuals"
"1","2314803","E000-0962-014","CLOSD","1216 Oakwood Avenue, Richmond City VA 23223","23223","Richmond City","Single Family Residence","11/01/2023","$285,000","$250,000","107","Resale (occupied at least once)","1930","None","1,826","0.08","3","2.0","Public Water","Sewer - Public","Cash","Individuals"
"1","2311942","E000-1573-016","CLOSD","4717 Louisiana Street, Richmond City VA 23231","23231","Richmond City","Single Family Residence","11/01/2023","$369,953","$350,000","117","Resale (occupied at least once)","2014","Fulton Villages","1,819","0.13","3","2.1","Public Water","Sewer - Public","Conventional","Corporate"
"1","2203932","780-774-2057","CLOSD","10717 River Fall Path, Henrico VA 23059","23059","Henrico","Single Family Residence","11/01/2023","$752,400","$925,314","205","New (never occupied)","2022","River Mill","3,218","0.29","4","2.1","Public Water","Sewer - Public","Conventional","Corporate"
"1","2112059","58-1-0-60-A","CLOSD","1279 Hermitage Road, Goochland VA 23103","23103","Goochland","Single Family Residence","11/01/2023","$1,500,000","$1,500,000","175","New (never occupied)","2021","None","4,022","3.00","4","3.1","Well","Septic - Conventional","Cash","Individuals"
"1","2324432","750-753-9321","CLOSD","2119 Pemberton Road, Henrico VA 23238","23238","Henrico","Single Family Residence","11/02/2023","$449,500","$449,500","6","New (never occupied)","2023","Pembrooke","1,924","0.28","4","2.1","Public Water","Sewer - Public","Conventional","Corporate"
"1","2310650","789-64-15-56-400-000","CLOSD","14219 Botsford Avenue, Chesterfield VA 23831","23831","Chesterfield","Single Family Residence","11/02/2023","$502,510","$505,175","0","New (never occupied)","2023","Wellspring","2,718","0.30","4","3.0","Public Water","Sewer - Public","VA New","Corporate"
"1","2319238","743-746-1618","CLOSD","1707 Windingridge Drive, Henrico VA 23238","23238","Henrico","Single Family Residence","11/02/2023","$539,000","$540,000","57","Resale (occupied at least once)","1975","Gayton Forest","1,941","","4","3.0","Public Water","Sewer - Public","Conventional","Estate"
"1","2322096","748-71-63-05-800-000","CLOSD","2336 Renfro Road, Chesterfield VA 23235","23235","Chesterfield","Single Family Residence","11/02/2023","$370,000","$353,000","16","Resale (occupied at least once)","1958","Woodmont","2,011","0.49","2","2.1","Public Water","Sewer - Public","Conventional","Individuals"
"1","2318780","755620698700000","CLOSD","10324 Westland Way, Chesterfield VA 23803","23803","Chesterfield","Single Family Residence","11/02/2023","$447,990","$449,070","11","New (never occupied)","2023","None","2,632","","4","2.1","Public Water","Sewer - Public","FHA New","Corporate"
"1","2317567","759-68-57-07-400-000","CLOSD","4807 Scouters Circle, Chesterfield VA 23832","23832","Chesterfield","Single Family Residence","11/02/2023","$287,500","$302,000","10","Resale (occupied at least once)","1982","Cabin Creek","1,224","0.19","4","2.0","Public Water","Sewer - Public","Conventional","Individuals"
"1","2323531","792-63-93-41-700-000","CLOSD","4172 Tosh Lane, Chesterfield VA 23831","23831","Chesterfield","Single Family Residence","11/02/2023","$429,950","$429,950","4","Resale (occupied at least once)","2020","Greenbriar Woods","2,237","0.28","4","3.0","Public Water","Sewer - Public","Conventional","Individuals"
"1","2323441","817-722-9498","CLOSD","877 Pleasant Street, Henrico VA 23075","23075","Henrico","Townhouse","11/02/2023","$170,000","$185,000","5","Resale (occupied at least once)","1973","Vivania Hall","1,218","0.04","3","1.1","Public Water","Sewer - Public","FHA New","Individuals"
"1","2324034","747-70-30-05-900-000","CLOSD","10406 Redbridge Road, Chesterfield VA 23236","23236","Chesterfield","Single Family Residence","11/02/2023","$375,000","$415,000","5","Resale (occupied at least once)","1978","Shenandoah Hills","2,736","0.36","5","4.1","Public Water","Community - Sewer/Septic, Sewer - Public","Conventional","Individuals"
"1","2322990","778-67-09-77-700-000","CLOSD","5219 Sir Sagamore Drive, Chesterfield VA 23237","23237","Chesterfield","Single Family Residence","11/02/2023","$275,000","$275,000","8","Resale (occupied at least once)","1995","Kingsland Woods","1,876","0.63","3","2.1","Public Water","Sewer - Public","Conventional","Individuals"
"1","2322750","21D  1C1   5","CLOSD","5620 Ridgewood Drive, New Kent VA 23124","23124","New Kent","Single Family Residence","11/02/2023","$379,950","$384,950","16","Resale (occupied at least once)","1998","Greenwood Estates","2,112","0.58","4","2.1","Community Well","Septic - Conventional","VA New","Individuals"
"1","2323202","761-69-65-30-000-000","CLOSD","7812 Nathan Lane, Chesterfield VA 23235","23235","Chesterfield","Single Family Residence","11/02/2023","$379,500","$380,000","6","Resale (occupied at least once)","2003","Crown Park","2,040","0.51","4","2.1","Public Water","Sewer - Public","Conventional","Individuals"
"1","2320284","788-746-5297.055","CLOSD","5616 Crenshaw Road #Unit934, Henrico VA 23227","23227","Henrico","Condominium","11/02/2023","$119,950","$120,000","13","Resale (occupied at least once)","1963","Ashley Terrace Condo","730","0.27","1","1.0","Public Water","Sewer - Public","Conventional","Individuals"
"1","2324551","782-68-20-63-700-000","CLOSD","4213 Panola Road, Chesterfield VA 23234","23234","Chesterfield","Single Family Residence","11/02/2023","$320,000","$315,000","2","Resale (occupied at least once)","1980","Cedar Heights","1,144","0.35","3","2.0","Public Water","Sewer - Public","Conventional","Individuals"
"1","2321649","741-70-29-49-100-000","CLOSD","201 Hixson Drive, Chesterfield VA 23236","23236","Chesterfield","Single Family Residence","11/02/2023","$475,000","$475,000","18","Resale (occupied at least once)","1988","Stonehenge","2,483","0.37","4","2.1","Public Water","Sewer - Public","Conventional","Individuals"
"1","2321564","016D-1-16","CLOSD","3405 Lake Pines Place, Powhatan VA 23139","23139","Powhatan","Single Family Residence","11/02/2023","$867,450","$820,000","24","Resale (occupied at least once)","2015","Oak Leaf Section 1","3,850","3.59","5","5.1","Well","Septic - Conventional","Conventional","Individuals"
"1","2324344","7798-91-5406","CLOSD","9027 Craigwood Circle, Hanover VA 23116","23116","Hanover","Single Family Residence","11/02/2023","$419,900","$430,000","3","Resale (occupied at least once)","1983","Forest Lake Hills","2,320","0.84","4","2.1","Well","Septic - Conventional","FHA New","Individuals"
"1","2324568","773-662-85-47-00000","CLOSD","9808 Nott Lane, Chesterfield VA 23832","23832","Chesterfield","Single Family Residence","11/02/2023","$274,950","$285,000","4","Resale (occupied at least once)","1986","Courthouse Woods","1,056","","3","2.0","Public Water","Sewer - Public","FHA New","Individuals"
"1","2324333","781-749-7573","CLOSD","1905 Hilliard Road, Henrico VA 23228","23228","Henrico","Single Family Residence","11/02/2023","$325,000","$335,000","3","Resale (occupied at least once)","1939","Hermitage Court","1,595","0.16","3","2.0","Public Water","Sewer - Public","Conventional","Individuals"
"1","2323891","742-67-95-15-900-000","CLOSD","11508 New Forest Trail, Chesterfield VA 23112","23112","Chesterfield","Single Family Residence","11/02/2023","$299,900","$325,000","4","Resale (occupied at least once)","1996","Bailey Ridge Estates","1,512","0.29","3","1.2","Public Water","Sewer - Public","VA New","Individuals"
"1","2323605","761-68-05-14-000-000","CLOSD","7830 Mill River Lane, Chesterfield VA 23832","23832","Chesterfield","Single Family Residence","11/02/2023","$345,000","$342,000","10","Resale (occupied at least once)","2002","Five Forks Village","1,408","0.26","3","2.0","Public Water","Sewer - Public","Cash","Individuals"
"1","2323526","W000-1406-019","CLOSD","3117 Ellwood Avenue, Richmond City VA 23221","23221","Richmond City","Single Family Residence","11/02/2023","$445,000","$517,000","7","Resale (occupied at least once)","1922","None","1,240","0.06","3","1.0","Public Water","Sewer - Public","Conventional","Partnership"
"1","2323192","714-68-01-61-400-000","CLOSD","15725 Fox Marsh Drive, Chesterfield VA 23120","23120","Chesterfield","Single Family Residence","11/02/2023","$500,000","$528,000","4","Resale (occupied at least once)","1998","Foxfire","2,751","0.37","4","2.1","Public Water","Sewer - Public","Conventional","Individuals"
"1","2322924","751-67-89-83-900-000","CLOSD","5510 Claridge Drive, Chesterfield VA 23832","23832","Chesterfield","Single Family Residence","11/02/2023","$299,000","$338,000","3","Resale (occupied at least once)","1968","Estridge","1,551","","3","1.1","Public Water","Sewer - Public","Conventional","Individuals"
"1","2322535","747-742-5854","CLOSD","9318 Lakeland Drive, Henrico VA 23229","23229","Henrico","Single Family Residence","11/02/2023","$525,000","$499,000","7","Resale (occupied at least once)","1967","Westmoor","2,721","0.46","4","3.0","Public Water","Sewer - Public","Conventional","Individuals"
"1","2322256","796-61-89-25-800-000","CLOSD","3500 Colonnade Drive, Chesterfield VA 23834","23834","Chesterfield","Single Family Residence","11/02/2023","$312,000","$305,000","22","Resale (occupied at least once)","1993","Colonial Pine Estates","1,584","0.39","3","2.1","Public Water","Sewer - Public","Conventional","Individuals"
"1","2322137","782-762-0502","CLOSD","1428 New York Avenue, Henrico VA 23060","23060","Henrico","Single Family Residence","11/02/2023","$250,000","$418,000","26","Resale (occupied at least once)","1937","None","2,068","0.75","3","2.0","Public Water","Sewer - Public","Cash","Estate"
"1","2321417","56-1-0-64-0","CLOSD","1289 Shallow Well Road, Goochland VA 23103","23103","Goochland","Single Family Residence","11/02/2023","$495,000","$541,010","8","Resale (occupied at least once)","1947","None","1,679","3.17","3","2.1","Well","Septic - Conventional","Cash","Individuals"
"1","2321298","770-69-50-60-000-000","CLOSD","6223 Newington Drive, Chesterfield VA 23224","23224","Chesterfield","Townhouse","11/02/2023","$215,000","$215,000","15","Resale (occupied at least once)","1977","Newberry Towne","1,512","0.10","3","1.1","Public Water","Sewer - Public","FHA New","Individuals"
"1","2320841","C005-0817-001","CLOSD","521 Vaden Drive, Richmond City VA 23225","23225","Richmond City","Single Family Residence","11/02/2023","$259,900","$250,000","11","Resale (occupied at least once)","1970","Exeter Meadows","1,188","0.27","3","1.1","Public Water","Sewer - Public","Conventional","Individuals"
"1","2320472","738-774-2684","CLOSD","5418 Country Hills Lane, Henrico VA 23059","23059","Henrico","Single Family Residence","11/02/2023","$1,395,000","$1,510,000","4","Resale (occupied at least once)","2000","Cross Creek","5,646","1.37","5","4.1","Public Water","Sewer - Public","Conventional","Individuals"
"1","2320188","767-64-41-77-900-000","CLOSD","8031 Lammermoor Court, Chesterfield VA 23838","23838","Chesterfield","Single Family Residence","11/02/2023","$719,900","$700,000","38","Resale (occupied at least once)","2004","The Highlands","4,330","0.69","5","3.1","Public Water","Septic - Conventional","Conventional","Individuals"
"1","2319344","742-67-87-52-700-000","CLOSD","5100 Spring Bluff Road, Chesterfield VA 23112","23112","Chesterfield","Single Family Residence","11/02/2023","$363,900","$363,900","56","Resale (occupied at least once)","1999","Clay Pointe","1,828","0.21","4","2.1","Public Water","Sewer - Public","Other","Individuals"
"1","2317817","753-743-5503","CLOSD","1310 St Michaels Lane, Henrico VA 23229","23229","Henrico","Single Family Residence","11/02/2023","$364,950","$376,000","65","Resale (occupied at least once)","1950","Ridgecrest","1,308","0.24","3","2.0","Public Water","Sewer - Public","Conventional","Individuals"
"1","2307216","736678965300000","CLOSD","3725 Irby Pond Drive, Chesterfield VA 23112","23112","Chesterfield","Townhouse","11/02/2023","$407,160","$407,160","0","New (never occupied)","2023","Wescott","1,835","","3","2.1","Public Water","Sewer - Public","Conventional","Corporate"
"1","2319937","E000-0552-013","CLOSD","1204 North 19th Street, Richmond City VA 23223","23223","Richmond City","Single Family Residence","11/03/2023","$205,000","$205,000","6","New (never occupied)","2023","Fairmount Park","1,346","0.08","2","2.1","Public Water","Sewer - Public","FHA New Assumption","Corporate"
"1","2314852","5276","CLOSD","12700 Clarke Road, New Kent VA 23089","23089","New Kent","Single Family Residence","11/03/2023","$498,000","$498,000","39","Resale (occupied at least once)","1983","Woods At Slatersville","1,756","11.70","3","3.0","Well","Septic - Conventional","Cash","Individuals"
"1","2304331","792-61-97-54-600-000","CLOSD","19312 Rosewood Lane, Chesterfield VA 23803","23803","Chesterfield","Single Family Residence","11/03/2023","$325,925","$325,925","87","New (never occupied)","2023","Shadowbrook Heights","1,640","0.35","3","2.1","Well","Septic - Engineered","FHA New","Corporate"
"1","2315450","6864","CLOSD","8124 Piper Drive, New Kent VA 23124","23124","New Kent","Single Family Residence","11/03/2023","$364,000","$364,000","59","New (never occupied)","2023","Browns","1,470","0.46","3","2.2","Well","Septic - Engineered","Conventional","Other"
"1","2231652","762643061600000","CLOSD","8525 Mckibben Place, Chesterfield VA 23838","23838","Chesterfield","Single Family Residence","11/03/2023","$666,715","$716,410","0","New (never occupied)","2022","Lake Margaret","5,213","","5","5.0","Public Water","Sewer - Public","Conventional","Corporate"
"1","2303430","761643212100000","CLOSD","8706 Mckibben Drive, Chesterfield VA 23838","23838","Chesterfield","Single Family Residence","11/03/2023","$700,510","$652,935","0","New (never occupied)","2022","Lake Margaret","4,701","","5","5.0","Public Water","Septic - Conventional","Conventional","Corporate"
"1","2321617","776656021200000","CLOSD","6504 Bolles Landing Court, Chesterfield VA 23831","23831","Chesterfield","Townhouse","11/03/2023","$329,950","$334,950","21","New (never occupied)","2023","IronBridge Townhomes","1,513","","3","2.1","Public Water","Sewer - Public","Conventional","Corporate"
"1","2301971","824-693-5918","CLOSD","3474 Macallan Parkway, Henrico VA 23231","23231","Henrico","Single Family Residence","11/03/2023","$478,550","$549,725","40","New (never occupied)","2023","Castleton","2,591","","4","2.1","Public Water","Sewer - Public","Conventional","Corporate"
"1","2323207","742-733-7162","CLOSD","502 Welwyn Road, Henrico VA 23229","23229","Henrico","Single Family Residence","11/03/2023","$1,299,950","$1,299,950","11","Resale (occupied at least once)","1992","Mooreland Farms","4,635","1.11","5","3.2","Public Water","Sewer - Public","Conventional","Individuals"
"1","2322161","792-64-73-98-500-000","CLOSD","4013 Cresthill Road, Chesterfield VA 23831","23831","Chesterfield","Single Family Residence","11/03/2023","$399,950","$400,000","7","Resale (occupied at least once)","1971","Hidden Valley Estates","3,050","0.39","4","2.1","Public Water","Sewer - Public","FHA New","Estate"
"1","2319117","782-69-09-56-600-000","CLOSD","3724 Falstone Road, Chesterfield VA 23234","23234","Chesterfield","Single Family Residence","11/03/2023","$369,900","$354,000","41","Resale (occupied at least once)","1960","Meadowbrook","2,138","0.43","4","3.0","Public Water","Sewer - Public","VA New","Individuals"
"1","2319313","8724-36-9891","CLOSD","6317 Broad Sky Circle, Hanover VA 23111","23111","Hanover","Single Family Residence","11/03/2023","$547,999","$545,000","51","Resale (occupied at least once)","2018","Adams Farm","3,410","0.19","5","3.0","Public Water","Sewer - Public","Conventional","Individuals"
"1","2312714","E000-1096-001","CLOSD","3121 South Rabza Boulevard, Richmond City VA 23223","23223","Richmond City","Single Family Residence","11/03/2023","$395,000","$395,000","94","New (never occupied)","2023","Armstrong","2,136","0.07","4","2.1","Public Water","Sewer - Public","Conventional","Corporate"
"1","2309438","763700569200000","CLOSD","7418 KAJENSON Drive, Chesterfield VA 23225","23225","Chesterfield","Single Family Residence","11/03/2023","$424,990","$402,860","17","New (never occupied)","2023","Davis Pond","2,423","","4","2.1","Public Water","Sewer - Public","FHA New","Corporate"
"1","2302396","118929","CLOSD","1524 Unami Road, New Kent VA 23141","23141","New Kent","Single Family Residence","11/03/2023","$428,099","$428,099","87","New (never occupied)","2023","Dispatch Station","2,072","0.55","3","2.1","Public Water","Septic - Conventional, Other - See Remarks","Conventional","Corporate"
"501","BRTVAHA2000516","7862-61-7716","CLOSD","15073 Neck Trail, Hanover VA 23047","23047","Hanover","Single Family Residence","11/03/2023","$430,000","$430,000","19","Resale (occupied at least once)","1973","NONE","2,464","","3","3.0","Well","Septic","",""
"501","2321258","7862-61-7716","CLOSD","15073 Neck Trail, Hanover VA 23047","23047","Hanover","Single Family Residence","11/03/2023","$430,000","$430,000","29","Resale (occupied at least once)","1973","None","2,464","1.82","3","2.1","Well","Septic - Conventional","FHA New","Individuals"
"501","BRTVAHA2000302","7844-26-7752","CLOSD","17360 Hewlett Road, Hanover VA 23015","23015","Hanover","Single Family Residence","11/03/2023","$225,000","$230,000","63","Resale (occupied at least once)","1935","NONE","1,004","1.00","3","2.0","Well","Septic","",""
"501","2323802","827-714-5363","CLOSD","26 Huntsman Road, Henrico VA 23150","23150","Henrico","Single Family Residence","11/03/2023","$229,950","$238,000","5","Resale (occupied at least once)","1950","Sandston","1,176","0.46","3","1.0","Public Water","Sewer - Public","FHA New","Individuals"
"501","2314596","E000-0930-034","CLOSD","1521 Rogers Street, Richmond City VA 23223","23223","Richmond City","Single Family Residence","11/03/2023","$249,990","$258,500","52","Resale (occupied at least once)","2021","None","1,404","0.09","3","1.1","Public Water","Sewer - Public","FHA New","Individuals"
"501","2322152","780-684-38-05-00000","CLOSD","4501 Scotlow Circle, Chesterfield VA 23234","23234","Chesterfield","Single Family Residence","11/03/2023","$235,000","$240,000","1","Resale (occupied at least once)","1977","Meadwood","1,164","0.24","3","1.1","Public Water","Sewer - Public","Conventional","Individuals"
"501","2321920","N000-0330-003","CLOSD","1823 Rose Avenue, Richmond City VA 23222","23222","Richmond City","Single Family Residence","11/03/2023","$432,000","$428,500","21","New (never occupied)","2022","Barton Heights","1,895","","3","2.1","Public Water","Sewer - Public","Conventional","Corporate"
"501","2319899","7850-03-8094","CLOSD","13456 Spring Branch Lane, Hanover VA 23005","23005","Hanover","Single Family Residence","11/03/2023","$1,150,000","$1,130,000","30","Resale (occupied at least once)","1998","Spring Branch Estates","3,392","13.35","4","3.1","Well","Septic - Conventional","Conventional","Individuals"
"501","2314834","4-16-0-1-0","CLOSD","4743 Shannon Hill Road, Goochland VA 23038","23038","Goochland","Single Family Residence","11/03/2023","$319,950","$315,000","107","New (never occupied)","2023","None","1,848","3.59","3","2.0","Well","Septic - Conventional","VHDA ","Corporate, Partnership"
"501","2318094","723-66-06-96-700-000","CLOSD","14012 Summercliff Trail, Chesterfield VA 23832","23832","Chesterfield","Single Family Residence","11/03/2023","$699,000","$705,000","27","Resale (occupied at least once)","1993","Summerford","5,581","1.18","5","4.2","Public Water","Sewer - Public","Conventional","Individuals"
"501","2322788","786-64-27-41-000-000","CLOSD","14330 Claybon Terrace, Chesterfield VA 23831","23831","Chesterfield","Single Family Residence","11/03/2023","$615,000","$615,000","9","Resale (occupied at least once)","2003","Stoney Glen South","4,597","0.50","6","3.1","Public Water","Sewer - Public","Conventional","Individuals"
"501","2322732","8733-28-4424","CLOSD","5380 Robin Road, Hanover VA 23111","23111","Hanover","Single Family Residence","11/03/2023","$329,995","$345,000","8","Resale (occupied at least once)","1975","Hanover Farms","1,896","0.53","4","2.1","Community Well","Septic - Conventional","FHA New","Individuals"
"501","2321363","S000-0485-024","CLOSD","2213 Bainbridge Street, Richmond City VA 23225","23225","Richmond City","Single Family Residence","11/03/2023","$324,950","$315,000","20","Resale (occupied at least once)","1954","Hollands Addition","1,440","0.19","4","2.0","Public Water","Sewer - Public","FHA New","Corporate"
"501","2314215","724-64-89-62-600-000","CLOSD","11521 Riverpark Way, Chesterfield VA 23838","23838","Chesterfield","Single Family Residence","11/03/2023","$474,950","$470,000","106","New (never occupied)","2023","River Ridge","2,061","1.30","4","2.1","Well","Septic - Engineered","Conventional","Corporate"
"501","2323014","E000-0859-026","CLOSD","1625 North 22nd Street, Richmond City VA 23223","23223","Richmond City","Single Family Residence","11/03/2023","$180,000","$183,700","6","Resale (occupied at least once)","1930","Peter Paul Tract","960","0.11","3","1.0","Public Water","Sewer - Public","Other","Individuals"
"501","2322203","C001-0566-016","CLOSD","3939 Wainfleet Drive, Richmond City VA 23235","23235","Richmond City","Single Family Residence","11/03/2023","$599,950","$590,000","20","Resale (occupied at least once)","1963","Traylor Estates","2,590","1.90","4","3.0","Public Water","Sewer - Public","Conventional","Individuals"
"501","2322742","736-69-53-78-000-000","CLOSD","12330 Logan Trace Road, Chesterfield VA 23114","23114","Chesterfield","Single Family Residence","11/03/2023","$325,000","$315,000","4","Resale (occupied at least once)","1985","Logan Trace","1,536","0.21","3","2.1","Public Water","Sewer - Public","VHDA/FHA","Individuals"
"501","2321435","715-66-23-95-400-000","CLOSD","8748 Fishers Green Place, Chesterfield VA 23832","23832","Chesterfield","Single Family Residence","11/03/2023","$525,000","$520,000","35","Resale (occupied at least once)","2019","Harpers Mill","2,590","0.18","3","3.1","Public Water","Sewer - Public","Cash","Individuals"
"501","2322476","729-67-14-38-700-000","CLOSD","7225 Velvet Antler Drive, Chesterfield VA 23112","23112","Chesterfield","Single Family Residence","11/03/2023","$325,000","$325,000","3","Resale (occupied at least once)","1988","Deer Run","1,549","0.37","3","2.0","Public Water","Sewer - Public","Conventional","Individuals"
"501","2317914","797-64-32-86-400-000","CLOSD","2713 Anglewood Drive, Chesterfield VA 23831","23831","Chesterfield","Single Family Residence","11/03/2023","$269,950","$240,000","24","Resale (occupied at least once)","1988","Mistwood Forest","1,454","0.29","3","2.0","Public Water","Sewer - Public","FHA New","Estate"
"501","2322948","7817565140.007","CLOSD","1521 Stonewall Manor Drive, Henrico VA 23228","23228","Henrico","Townhouse","11/03/2023","$299,950","$295,000","13","Resale (occupied at least once)","2017","Townes At Stonewall Manor","1,360","","2","2.1","Public Water","Sewer - Public","Conventional","Individuals"
"501","2306962","729705135700000","CLOSD","512 Randolph View Drive, Chesterfield VA 23114","23114","Chesterfield","Townhouse","11/03/2023","$465,950","$494,385","0","New (never occupied)","2023","Randolph Pond","2,304","","4","3.1","Public Water","Sewer - Public","Conventional","Corporate"
"501","2324489","8735-05-0551","CLOSD","5997 Saber Court, Hanover VA 23111","23111","Hanover","Single Family Residence","11/03/2023","$339,999","$340,000","4","Resale (occupied at least once)","1993","Battlefield Green","1,549","0.15","4","2.0","Public Water","Sewer - Public","Conventional","Other"
"501","2324221","161279001","CLOSD","12610 Merry Drive, Chesterfield VA 23831","23831","Chesterfield","Single Family Residence","11/03/2023","$349,000","$349,000","2","Resale (occupied at least once)","1968","Gay Farms","3,195","","5","3.0","Public Water","Septic - Conventional","FHA New","Individuals"
"501","2324195","748-70-22-18-500-000","CLOSD","113 Mistywood Road, Chesterfield VA 23236","23236","Chesterfield","Single Family Residence","11/03/2023","$299,000","$299,000","6","Resale (occupied at least once)","1978","Reams Run","1,450","0.24","3","2.1","Public Water","Sewer - Public","Conventional","Individuals"
"501","2323988","014-2-6","CLOSD","4525 Powhatan Lakes Road, Powhatan VA 23139","23139","Powhatan","Single Family Residence","11/03/2023","$250,000","$255,000","3","Resale (occupied at least once)","1982","None","960","1.09","3","1.0","Well","Septic - Conventional","Conventional","Individuals"
"501","2323973","748-69-06-96-100-000","CLOSD","2607 Seacliff Circle, Chesterfield VA 23236","23236","Chesterfield","Single Family Residence","11/03/2023","$330,000","$332,000","1","Resale (occupied at least once)","1976","Chestnut Hills","1,714","0.54","3","2.0","Public Water","Sewer - Public","FHA New","Individuals"
"501","2323937","757-72-11-05-500-000","CLOSD","8524 Trabue Road, Chesterfield VA 23235","23235","Chesterfield","Single Family Residence","11/03/2023","$549,000","$635,000","6","Resale (occupied at least once)","1962","Oxford","3,333","0.62","4","4.0","Public Water","Septic - Conventional, Sewer - Public","Conventional","Individuals"
"501","2323814","801-740-2849","CLOSD","4607 Carpenter Road, Henrico VA 23222","23222","Henrico","Single Family Residence","11/03/2023","$220,000","$220,000","9","Resale (occupied at least once)","1986","Springdale","1,350","0.40","4","2.0","Public Water","Sewer - Public","Conventional","Individuals"
"501","2323564","7796-72-7941","CLOSD","9146 Cool Autumn Drive, Hanover VA 23116","23116","Hanover","Single Family Residence","11/03/2023","$434,950","$455,000","7","Resale (occupied at least once)","1989","Craney Island Farms","2,230","0.35","4","2.1","Public Water","Sewer - Public","FHA New","Individuals"
"501","2322761","764-69-08-04-300-000","CLOSD","7342 Round Ridge Place, Chesterfield VA 23832","23832","Chesterfield","Single Family Residence","11/03/2023","$420,000","$420,000","4","Resale (occupied at least once)","2014","Creekwood","2,065","","4","2.1","Public Water","Sewer - Public","VA New","Individuals"
"501","2322471","747-67-92-05-200-000","CLOSD","5036 Rollingway Road, Chesterfield VA 23832","23832","Chesterfield","Single Family Residence","11/03/2023","$265,000","$305,000","3","Resale (occupied at least once)","1982","Great Oaks","1,175","0.42","3","2.0","Public Water","Sewer - Public","Conventional","Individuals"
"501","2322400","788-65-06-06-700-000","CLOSD","4601 Rieves Pond Drive, Chesterfield VA 23831","23831","Chesterfield","Single Family Residence","11/03/2023","$450,000","$465,000","4","Resale (occupied at least once)","1997","Rieves Point","2,379","0.37","4","2.1","Public Water","Septic - Conventional","Conventional","Individuals"
"501","2322168","E000-0552-018","CLOSD","1206 North 19th Street, Richmond City VA 23223","23223","Richmond City","Single Family Residence","11/03/2023","$205,000","$205,000","15","New (never occupied)","2023","None","1,346","0.05","2","2.1","Public Water","Sewer - Public","Conventional","Corporate"
"501","2321995","764-757-1155.062","CLOSD","7740 Flannagan Court #Unit602, Henrico VA 23228","23228","Henrico","Condominium","11/03/2023","$215,000","$205,000","36","Resale (occupied at least once)","1990","Shannon Green Condo","920","0.02","2","2.0","Public Water","Sewer - Public","Cash","Other"
"501","2321705","729-71-12-85-400-000","CLOSD","13611 Thorngate Road, Chesterfield VA 23113","23113","Chesterfield","Single Family Residence","11/03/2023","$740,000","$741,000","18","Resale (occupied at least once)","1973","Salisbury","3,100","","4","2.1","Public Water","Septic - Conventional","Conventional","Other"
"501","2321453","751-68-14-49-600-000","CLOSD","4431 Dunraven Road, Chesterfield VA 23236","23236","Chesterfield","Single Family Residence","11/03/2023","$499,900","$510,000","15","Resale (occupied at least once)","1986","Mayfair Estates","2,275","0.51","3","2.1","Public Water","Sewer - Public","Conventional","Individuals"
"501","2321068","796-61-95-23-300-000","CLOSD","3537 Maurer Court, Chesterfield VA 23834","23834","Chesterfield","Single Family Residence","11/03/2023","$245,000","$245,000","3","Resale (occupied at least once)","1994","Branders Estate","1,241","0.28","3","2.0","Public Water","Sewer - Public","Conventional","Individuals"
"501","2321046","041A-1B-5A","CLOSD","2097 Anderson Highway, Powhatan VA 23139","23139","Powhatan","Single Family Residence","11/03/2023","$330,000","$315,000","28","Resale (occupied at least once)","1959","None","1,344","1.25","3","1.0","Well","Septic - Conventional","Conventional","Individuals"
"501","2320923","C007-0258-011","CLOSD","1018 Bramwell Road, Richmond City VA 23225","23225","Richmond City","Single Family Residence","11/03/2023","$249,900","$249,900","8","Resale (occupied at least once)","1964","Clinton Court","1,025","0.26","3","1.0","Public Water","Sewer - Public","Conventional","Individuals"
"501","2320871","743-779-2197","CLOSD","6001 Dalecross Way, Henrico VA 23059","23059","Henrico","Single Family Residence","11/03/2023","$1,550,000","$1,600,000","4","Resale (occupied at least once)","1998","Cherry Hill At Wyndham","7,301","0.49","5","5.1","Public Water","Sewer - Public","Cash","Individuals"
"501","2320631","811-700-2660","CLOSD","6816 Hominy Court, Henrico VA 23231","23231","Henrico","Single Family Residence","11/03/2023","$489,490","$476,000","19","Resale (occupied at least once)","2023","Hughes Farm","2,482","","4","3.0","Public Water","Sewer - Public","Conventional","Individuals"
"501","2320474","741-764-2455","CLOSD","4831 Coachmans Landing Court, Henrico VA 23059","23059","Henrico","Single Family Residence","11/03/2023","$699,950","$775,000","8","Resale (occupied at least once)","2005","Parsons Walk @ Twin Hickory","3,924","0.16","5","4.1","Public Water","Sewer - Public","Cash","Individuals"
"501","2319931","753-752-3015","CLOSD","9322 Overhill Road, Henrico VA 23229","23229","Henrico","Single Family Residence","11/03/2023","$374,900","$347,000","56","Resale (occupied at least once)","1957","Roxbury","1,796","0.29","4","3.0","Public Water","Sewer - Public","Cash","Individuals"
"501","2319455","730-767-4819.037","CLOSD","4616 Broad Hill Drive, Henrico VA 23233","23233","Henrico","Townhouse","11/03/2023","$645,000","$645,000","19","Resale (occupied at least once)","2020","Saunders Station At Broad Hill Centre","2,710","","4","3.1","Public Water","Sewer - Public","Conventional","Individuals"
"501","2317827","710-69-96-20-400-000","CLOSD","16212 Saville Chase Lane, Chesterfield VA 23112","23112","Chesterfield","Single Family Residence","11/03/2023","$1,049,900","$1,049,900","58","Resale (occupied at least once)","2015","Hallsley","3,921","0.44","5","3.1","Public Water","Sewer - Public","Conventional","Individuals"
"501","2314987","794-62-62-02-300-000","CLOSD","207 Swift Creek Lane, Chesterfield VA 23834","23834","Chesterfield","Single Family Residence","11/03/2023","$459,000","$459,000","101","New (never occupied)","2023","None","1,806","0.92","3","2.0","Public Water","Septic - Conventional","VA New","Corporate, Individuals"
"501","2310679","779-773-8963","CLOSD","7051 Rivermere Lane, Henrico VA 23059","23059","Henrico","Single Family Residence","11/03/2023","$593,300","$613,325","0","New (never occupied)","2023","River Mill","2,653","","4","3.0","Public Water","Sewer - Public","Conventional","Corporate"
"501","2306462","TBD","CLOSD","13249 Coalfield Station Lane, Chesterfield VA 23114","23114","Chesterfield","Condominium","11/03/2023","$399,990","$399,990","6","New (never occupied)","2023","Coalfield Station","2,450","","3","2.1","Public Water","Sewer - Public","Conventional","Corporate"
"501","2305399","710679691400000","CLOSD","5424 Swift Fox Place, Chesterfield VA 23120","23120","Chesterfield","Single Family Residence","11/03/2023","$564,950","$603,662","0","New (never occupied)","2023","Foxfield","2,925","","4","3.0","Public Water","Sewer - Public","Conventional","Corporate"
"501","BRTVACF2000528","748702218500000","CLOSD","113 Mistywood Road, Chesterfield VA 23224","23224","Chesterfield","Single Family Residence","11/03/2023","$299,000","$299,000","7","Resale (occupied at least once)","1978","REAMS RUN","1,450","0.24","3","3.0","Public Water","Public Sewer On Site","",""
"501","2323667","758-764-6537","CLOSD","4812 West Pond Mill Way, Henrico VA 23060","23060","Henrico","Single Family Residence","11/06/2023","$420,000","$450,000","9","Resale (occupied at least once)","2005","The Ponds At Dandridge Farm","2,066","0.23","4","2.1","Public Water","Sewer - Public","Conventional","Individuals"
"501","2322482","C007-0133-046","CLOSD","6241 Warwick Road, Richmond City VA 23225","23225","Richmond City","Single Family Residence","11/06/2023","$320,000","$312,000","4","Resale (occupied at least once)","2019","Worthington Farms","1,551","0.43","3","2.1","Public Water","Sewer - Public","Conventional","Individuals"
"501","2321902","741-72-23-92-800-000","CLOSD","11309 Buckhead Terrace, Chesterfield VA 23113","23113","Chesterfield","Single Family Residence","11/06/2023","$1,150,000","$1,150,000","4","Resale (occupied at least once)","1993","Reeds Landing","5,522","1.14","5","4.3","Public Water","Septic - Conventional","VA New","Individuals"
"501","2316180","779-68-91-57-600-000","CLOSD","14272 Botsford Avenue, Chesterfield VA 23831","23831","Chesterfield","Single Family Residence","11/06/2023","$460,560","$466,885","0","New (never occupied)","2023","Wellspring","2,718","","4","3.1","Public Water","Sewer - Public","Conventional","Corporate"
"501","2318489","815-64-49-12-200-000","CLOSD","14537 Tralee Court, Chesterfield VA 23836","23836","Chesterfield","Single Family Residence","11/06/2023","$402,000","$425,000","2","Resale (occupied at least once)","2006","Ivystone","3,021","0.50","4","3.0","Public Water","Sewer - Public","FHA New","Individuals"
"501","2322511","102901","CLOSD","3489 Holly Fork Road, New Kent VA 23011","23011","New Kent","Single Family Residence","11/06/2023","$440,000","$424,600","14","Resale (occupied at least once)","2015","None","2,129","3.25","3","2.0","Well","Septic - Conventional","VA New","Individuals"
"501","2319206","730-66-22-11-300-000","CLOSD","13037 Fieldfare Drive, Chesterfield VA 23112","23112","Chesterfield","Single Family Residence","11/06/2023","$562,032","$562,032","43","New (never occupied)","2023","Collington East","3,026","","4","2.1","Public Water","Sewer - Public","Conventional","Corporate"
"501","2300637","33B13 22Q 62","CLOSD","5245 Brandon Pines Drive, New Kent VA 23140","23140","New Kent","Single Family Residence","11/06/2023","$553,000","$543,000","41","New (never occupied)","2023","Brickshire","2,219","0.63","3","2.1","Public Water","Sewer - Public","Conventional","Corporate"
"501","2321794","751-752-1232","CLOSD","9804 Capri Road, Henrico VA 23229","23229","Henrico","Single Family Residence","11/06/2023","$385,000","$390,000","11","Resale (occupied at least once)","1956","Pembrooke","2,444","0.28","3","1.1","Public Water","Sewer - Public","FHA New","Individuals"
"501","2322026","7777-86-8384","CLOSD","10391 Burroughs Town Lane, Hanover VA 23059","23059","Hanover","Townhouse","11/06/2023","$522,386","$512,000","48","New (never occupied)","2023","Chickahominy Falls","2,160","","3","3.0","Public Water","Sewer - Public","Conventional","Corporate"
"501","2324960","723-68-74-20-700-000","CLOSD","14302 Cove Ridge Terrace, Chesterfield VA 23112","23112","Chesterfield","Single Family Residence","11/06/2023","$328,000","$330,000","6","Resale (occupied at least once)","1988","Brandermill","1,786","0.17","2","2.1","Public Water","Sewer - Public","Conventional","Individuals"
"501","2322954","48-17-4-11-0","CLOSD","7461 Brandiston Street, Goochland VA 23059","23059","Goochland","Single Family Residence","11/06/2023","$669,950","$669,950","12","Resale (occupied at least once)","2020","Parkside Village","3,215","0.25","3","2.1","Public Water","Sewer - Public","Conventional","Individuals"
"501","2323828","W000-1084-038","CLOSD","427 North Davis Avenue, Richmond City VA 23220","23220","Richmond City","Single Family Residence","11/06/2023","$575,000","$675,000","6","Resale (occupied at least once)","1914","None","1,606","0.03","4","2.1","Public Water","Sewer - Public","Conventional","Estate"
"501","2322806","736-777-3397","CLOSD","12221 Benning Oaks Court, Henrico VA 23059","23059","Henrico","Single Family Residence","11/06/2023","$686,950","$750,000","5","Resale (occupied at least once)","1996","Benning Oaks At Wyndham","3,000","0.30","4","2.1","Public Water","Sewer - Public","Conventional","Individuals"
"501","2325887","761-761-0380","CLOSD","4608 Kingsrow Drive, Henrico VA 23060","23060","Henrico","Single Family Residence","11/06/2023","$280,000","$275,000","2","Resale (occupied at least once)","1979","Dunncroft","1,248","0.21","3","1.1","Public Water","Sewer - Public","Cash","Individuals"
"501","2324817","781-763-1895","CLOSD","10139 Virginia Road, Henrico VA 23060","23060","Henrico","Single Family Residence","11/06/2023","$350,000","$350,000","15","Resale (occupied at least once)","2016","Greenwood Park","1,440","0.39","3","2.1","Public Water","Sewer - Public","Cash","Corporate"
"501","2324555","789-68-92-26-900-000","CLOSD","2741 Goolsby Avenue, Chesterfield VA 23234","23234","Chesterfield","Single Family Residence","11/06/2023","$205,000","$215,000","3","Resale (occupied at least once)","1946","Dupont Square","922","0.32","2","1.1","Public Water","Sewer - Public","Conventional","Individuals"
"501","2324295","W000-1083-032","CLOSD","2422 Hanover Avenue, Richmond City VA 23220","23220","Richmond City","Single Family Residence","11/06/2023","$669,900","$705,000","6","Resale (occupied at least once)","1910","None","1,886","0.06","3","2.1","Public Water","Sewer - Public","Conventional","Individuals"
"501","2324066","724-66-45-78-000-000","CLOSD","9007 Royal Birkdale Drive, Chesterfield VA 23832","23832","Chesterfield","Single Family Residence","11/06/2023","$519,900","$520,000","3","Resale (occupied at least once)","1997","Birkdale","2,983","0.46","4","2.1","Public Water","Sewer - Public","Conventional","Individuals"
"501","2324031","747-71-64-06-400-000","CLOSD","2332 Shoreham Drive, Chesterfield VA 23235","23235","Chesterfield","Single Family Residence","11/06/2023","$425,000","$431,500","3","Resale (occupied at least once)","1964","Woodmont","1,876","0.40","3","2.0","Public Water","Sewer - Public","Cash","Individuals"
"501","2323975","752-742-6615","CLOSD","8712 Wytheland Road, Henrico VA 23229","23229","Henrico","Single Family Residence","11/06/2023","$304,500","$320,000","2","Resale (occupied at least once)","1955","Ridgecrest","1,125","0.32","3","1.0","Public Water","Community - Sewer/Septic","Conventional","Individuals"
"501","2323886","W019-0152-022","CLOSD","4913 Wythe Avenue, Richmond City VA 23226","23226","Richmond City","Single Family Residence","11/06/2023","$489,950","$565,000","4","Resale (occupied at least once)","1954","Patterson Place","1,732","0.12","4","2.0","Public Water","Sewer - Public","Conventional","Individuals"
"501","2323690","770-761-0950","CLOSD","2900 Mary Beth Lane, Henrico VA 23060","23060","Henrico","Townhouse","11/06/2023","$289,900","$309,500","2","Resale (occupied at least once)","1996","Laurel Lakes Ths","1,376","0.05","3","2.1","Public Water","Sewer - Public","Conventional","Individuals"
"501","2323399","758-738-2559","CLOSD","816 Lindsay Court, Henrico VA 23229","23229","Henrico","Single Family Residence","11/06/2023","$949,000","$1,015,602","6","Resale (occupied at least once)","1976","Lindsay Court","3,341","0.75","5","3.1","Public Water","Sewer - Public","Other","Individuals"
"501","2323197","741-70-39-59-600-000","CLOSD","312 Hixson Drive, Chesterfield VA 23236","23236","Chesterfield","Single Family Residence","11/06/2023","$797,500","$800,000","10","Resale (occupied at least once)","1993","Stonehenge","5,105","0.58","5","3.1","Public Water","Sewer - Public","Conventional","Individuals"
"501","2323012","778-69-00-39-200-000","CLOSD","4700 Shoremeade Road, Chesterfield VA 23234","23234","Chesterfield","Single Family Residence","11/06/2023","$292,500","$311,500","5","Resale (occupied at least once)","1964","Garland Heights","2,159","0.55","3","2.0","Public Water","Sewer - Public","VA New","Individuals"
"501","2322966","766-776-3420","CLOSD","11500 River Run Drive, Henrico VA 23059","23059","Henrico","Single Family Residence","11/06/2023","$450,000","$450,000","8","Resale (occupied at least once)","1985","Rock Spring Estates","3,071","1.27","4","3.1","Well","Septic - Conventional","Private","Individuals"
"501","2322636","C009-0537-018","CLOSD","3216 Delano Street, Richmond City VA 23234","23234","Richmond City","Single Family Residence","11/06/2023","$340,000","$332,000","10","Resale (occupied at least once)","2007","Cherry Gardens","1,844","0.22","4","2.1","Public Water","Sewer - Public","FHA New","Individuals"
"501","2322025","43-37-C-4-0","CLOSD","1855 Abbeyfield Road, Goochland VA 23102","23102","Goochland","Single Family Residence","11/06/2023","$511,000","$500,000","9","Resale (occupied at least once)","2014","Clifton","2,475","2.10","4","2.1","Well","Septic - Conventional","FHA New","Individuals"
"501","2321897","749-743-5680","CLOSD","1218 Warfield Road, Henrico VA 23229","23229","Henrico","Single Family Residence","11/06/2023","$334,950","$349,000","4","Resale (occupied at least once)","1958","Farmington","2,228","0.26","4","2.0","Public Water","Sewer - Public","Conventional","Individuals"
"501","2321509","7788-66-2127","CLOSD","10212 Wenden Way, Hanover VA 23005","23005","Hanover","Townhouse","11/06/2023","$345,000","$345,000","11","Resale (occupied at least once)","2020","Winding Brook Townhomes","1,576","0.04","3","2.1","Public Water","Sewer - Public","Conventional","Individuals"
"501","2321175","N0051186006","CLOSD","3311 5th Avenue, Richmond City VA 23222","23222","Richmond City","Single Family Residence","11/06/2023","$349,500","$337,000","23","New (never occupied)","2023","None","1,455","","3","2.1","Public Water","Sewer - Public","VA New","Corporate"
"501","2320636","764-743-7527","CLOSD","7004 Vanderbilt Avenue, Henrico VA 23226","23226","Henrico","Single Family Residence","11/06/2023","$515,000","$561,500","6","Resale (occupied at least once)","2002","Crestview","2,545","0.19","4","2.1","Public Water","Sewer - Public","Conventional","Individuals"
"501","2320615","736-756-9667","CLOSD","12102 Waterford Way East Court, Henrico VA 23233","23233","Henrico","Single Family Residence","11/06/2023","$499,999","$440,000","29","Resale (occupied at least once)","1986","Waterford","2,125","0.37","3","2.1","Public Water","Sewer - Public","Cash","Individuals"
"501","2320136","8745-86-9853","CLOSD","4034 Peppertown Road, Hanover VA 23111","23111","Hanover","Single Family Residence","11/06/2023","$295,000","$295,000","19","Resale (occupied at least once)","1975","None","1,258","0.92","2","1.0","Well","Septic - Conventional","Conventional","Individuals"
"501","2319357","743-68-07-58-800-000","CLOSD","4401 Stigall Drive, Chesterfield VA 23112","23112","Chesterfield","Single Family Residence","11/06/2023","$399,000","$382,500","57","Resale (occupied at least once)","2004","Clifton Farms","2,036","0.44","4","3.1","Public Water","Septic - Engineered","Conventional","Individuals"
"501","2317001","8734-17-9483","CLOSD","7382 Colts Neck Road, Hanover VA 23111","23111","Hanover","Single Family Residence","11/06/2023","$699,950","$689,950","51","Resale (occupied at least once)","2001","None","4,200","10.02","5","4.1","Well","Septic - Conventional","Cash","Individuals"
"501","2100351","8735-80-4181","CLOSD","0 Green House Court, Hanover VA 23111","23111","Hanover","Single Family Residence","11/06/2023","$838,500","$838,500","175","New (never occupied)","2021","None","2,400","5.35","3","2.1","Well","Septic - Conventional","Conventional","Other"
"501","REIN10502900","10291","CLOSD","3489 Holly Fork Road, New Kent VA 23011","23011","New Kent","Single Family Residence","11/06/2023","$440,000","$424,600","13","Resale (occupied at least once)","2015","ALL OTHERS AREA 140","2,129","3.25","3","2.0","Well","Septic","",""
"501","2203037","Hickory Hill","CLOSD","9595 Seven Sisters Drive, Hanover VA 23005","23005","Hanover","Single Family Residence","11/07/2023","$832,025","$887,444","387","New (never occupied)","2022","Hickory Hill","2,748","1.00","3","3.0","Well","Septic - Conventional","Conventional","Corporate, Individuals"
"501","2307609","784-65-52-93-500-000","CLOSD","11430 Dunmore Mill Court #Unit27-4, Chesterfield VA 23831","23831","Chesterfield","Townhouse","11/07/2023","$379,130","$379,130","67","New (never occupied)","2023","Iron Mill Section 1","1,855","","3","2.1","Public Water","Sewer - Public","Conventional","Corporate"
"501","2316283","795-61-50-87-900-000","CLOSD","20101 Laurel Road, Chesterfield VA 23803","23803","Chesterfield","Single Family Residence","11/07/2023","$314,950","$319,000","87","New (never occupied)","2023","Laurel Branch Farms","1,400","0.38","3","2.1","Public Water","Sewer - Public","FHA New","Corporate"
"501","2323542","860-702-9379","CLOSD","6413 Somerton Place, Henrico VA 23150","23150","Henrico","Single Family Residence","11/07/2023","$225,000","$225,000","3","Resale (occupied at least once)","1993","White Oak Ridge","2,883","1.02","4","2.1","Well","Septic - Conventional","FHA New","Individuals"
"501","2306232","824659364100000","CLOSD","1818 Twin Rivers Court, Chesterfield VA 23836","23836","Chesterfield","Single Family Residence","11/07/2023","$424,950","$424,950","35","New (never occupied)","2023","Twin Rivers","1,608","","3","2.0","Public Water","Sewer - Public","Conventional","Corporate"
"501","2322556","C004-0649-004","CLOSD","3316 Ottawa Road, Richmond City VA 23225","23225","Richmond City","Single Family Residence","11/07/2023","$440,000","$452,000","6","Resale (occupied at least once)","1962","Stratford Hills","2,109","0.46","3","2.1","Public Water","Sewer - Public","Conventional","Individuals"
"501","2323203","808-721-7189","CLOSD","17 Masonic Lane, Henrico VA 23223","23223","Henrico","Single Family Residence","11/07/2023","$275,000","$275,000","6","Resale (occupied at least once)","1939","Windsor Place","1,691","0.09","4","1.0","Public Water","Sewer - Public","Conventional","Individuals"
"501","2324174","729-70-03-01-400-000","CLOSD","1006 Jennys Place, Chesterfield VA 23114","23114","Chesterfield","Single Family Residence","11/07/2023","$510,000","$525,000","4","Resale (occupied at least once)","1983","Queensmill","2,560","0.55","4","2.1","Public Water","Sewer - Public","Conventional","Individuals"
"501","2323548","797-63-49-45-800-000","CLOSD","3030 South Street, Chesterfield VA 23831","23831","Chesterfield","Single Family Residence","11/07/2023","$249,900","$245,000","14","Resale (occupied at least once)","1961","Sharp Subd","1,392","0.34","3","1.0","Public Water","Sewer - Public","Conventional","Individuals"
"501","2230178","748-764-5240","CLOSD","4324 Dominion Forest Circle, Henrico VA 23060","23060","Henrico","Townhouse","11/07/2023","$555,000","$556,945","163","New (never occupied)","2023","Innsbrook Dominion Residences","2,115","","2","2.2","Public Water","Sewer - Public","Conventional","Corporate"
"501","2324111","749-69-46-82-000-000","CLOSD","10125 Grovecrest Court, Chesterfield VA 23236","23236","Chesterfield","Single Family Residence","11/07/2023","$425,000","$425,000","6","Resale (occupied at least once)","1995","Eaglewood","2,416","0.40","4","2.1","Public Water","Sewer - Public","Cash","Individuals"
"501","2309153","713-67-03-78-400-000","CLOSD","7204 Leire Lane, Chesterfield VA 23832","23832","Chesterfield","Townhouse","11/07/2023","$444,855","$436,855","62","New (never occupied)","2023","Cosby Village Townhomes","2,198","","3","2.1","Public Water","Sewer - Public","Conventional","Corporate"
"501","BRTVAHA2000498","8717-68-6960","CLOSD","7174 Rotherham Drive, Hanover VA 23116","23116","Hanover","Single Family Residence","11/07/2023","$587,000","$580,000","8","Resale (occupied at least once)","1985","NONE AVAILABLE","2,638","2.06","3","4.0","Well","Septic","",""
"501","2324360","W020-0115-015","CLOSD","519 Granite Avenue, Richmond City VA 23226","23226","Richmond City","Single Family Residence","11/07/2023","$560,000","$550,000","10","Resale (occupied at least once)","1945","Westview","1,575","0.23","3","2.0","Public Water","Sewer - Public","Cash","Individuals"
"501","2318370","8717-68-6960","CLOSD","7174 Rotherham Drive, Hanover VA 23116","23116","Hanover","Single Family Residence","11/07/2023","$587,000","$580,000","39","Resale (occupied at least once)","1985","Greenway","2,638","2.06","3","2.2","Well","Septic - Conventional","Conventional","Individuals"
"501","2323129","C007-0166-114","CLOSD","5815 Warwick Road, Richmond City VA 23224","23224","Richmond City","Single Family Residence","11/07/2023","$275,000","$275,000","4","Resale (occupied at least once)","2005","None","1,329","0.62","3","2.0","Public Water","Sewer - Public","FHA New","Corporate"
"501","2323123","E000-0388-034","CLOSD","9 North 25th Street #UnitU13, Richmond City VA 23223","23223","Richmond City","Condominium","11/07/2023","$340,000","$340,000","17","Resale (occupied at least once)","2007","None","1,140","0.03","2","2.0","Public Water","Sewer - Public","Conventional","Individuals"
"501","2325899","N000-0241-023","CLOSD","504 West Marshall Street, Richmond City VA 23220","23220","Richmond City","Single Family Residence","11/07/2023","$425,000","$390,000","2","Resale (occupied at least once)","1900","None","1,312","0.05","3","3.0","Public Water","Sewer - Public","Cash","Individuals"
"501","2324263","790-757-7343","CLOSD","8315 Colebrook Road, Henrico VA 23227","23227","Henrico","Single Family Residence","11/07/2023","$250,000","$250,000","0","Resale (occupied at least once)","1955","Wildwood","1,296","0.39","3","1.0","Public Water","Sewer - Public","Cash","Individuals"
"501","2323626","760-64-74-72-900-000","CLOSD","8618 Brechin Lane, Chesterfield VA 23838","23838","Chesterfield","Single Family Residence","11/07/2023","$474,900","$474,900","6","Resale (occupied at least once)","1998","The Highlands","2,035","1.65","4","2.1","Public Water","Septic - Conventional","Conventional","Individuals"
"501","2323280","748-68-21-54-900-000","CLOSD","4469 Braden Woods Drive #UnitFF-C, Chesterfield VA 23832","23832","Chesterfield","Townhouse","11/07/2023","$320,000","$320,000","8","Resale (occupied at least once)","2021","Braden Townes","1,576","0.06","3","2.1","Public Water","Sewer - Public","Conventional","Individuals"
"501","2322746","S004-2906-023","CLOSD","3702 McRand Street, Richmond City VA 23224","23224","Richmond City","Single Family Residence","11/07/2023","$299,950","$310,000","17","Resale (occupied at least once)","1966","Swansboro","1,519","0.18","3","2.0","Public Water","Sewer - Public","VA New","Individuals"
"501","2322597","817-65-93-29-300-000","CLOSD","11842 Club Ridge Drive, Chesterfield VA 23836","23836","Chesterfield","Single Family Residence","11/07/2023","$550,000","$517,500","8","Resale (occupied at least once)","2002","Rivers Bend","3,020","0.41","3","2.1","Public Water","Sewer - Public","Cash","Individuals"
"501","2322178","C0040544079","CLOSD","2956 Hathaway Road #Unit707, Richmond City VA 23225","23225","Richmond City","Condominium","11/07/2023","$350,000","$345,000","28","Resale (occupied at least once)","1971","Hathaway Tower Condominiums","1,423","","2","2.0","Public Water","Sewer - Public","Cash","Individuals"
"501","2321944","33B7 5 1  CB","CLOSD","5844 Nandina Circle, New Kent VA 23140","23140","New Kent","Townhouse","11/07/2023","$330,000","$316,000","26","Resale (occupied at least once)","2007","Oakmont Villas","1,992","0.07","3","2.1","Public Water","Sewer - Public","Cash","Individuals"
"501","2321857","7779-98-3847","CLOSD","331 New Street, Hanover VA 23005","23005","Hanover","Single Family Residence","11/07/2023","$360,000","$350,000","8","Resale (occupied at least once)","2015","None","1,440","0.45","3","2.0","Public Water","Sewer - Public","FHA New","Individuals"
"501","2321544","736-775-2424","CLOSD","12341 Country Creek Way, Henrico VA 23059","23059","Henrico","Single Family Residence","11/07/2023","$1,325,000","$1,425,000","8","Resale (occupied at least once)","1989","Cross Creek","4,609","1.96","4","4.1","Public Water","Sewer - Public","Conventional","Individuals"
"501","2320199","759-748-2356","CLOSD","2207 Nortonia Road, Henrico VA 23229","23229","Henrico","Single Family Residence","11/07/2023","$285,000","$305,000","5","Resale (occupied at least once)","1956","Cavalier Park","925","0.25","3","1.0","Public Water","Sewer - Public","Conventional","Individuals"
"501","2318778","737-780-4375","CLOSD","12508 Chadsworth Place, Henrico VA 23059","23059","Henrico","Single Family Residence","11/07/2023","$645,000","$681,000","7","Resale (occupied at least once)","1994","Chadsworth At Wyndham","2,854","0.27","5","2.1","Public Water","Sewer - Public","Conventional","Individuals"
"501","2318169","9-6-7","CLOSD","4900 Huntsman Trail, New Kent VA 23141","23141","New Kent","Single Family Residence","11/07/2023","$899,950","$879,000","65","Resale (occupied at least once)","2001","None","3,750","25.00","4","3.1","Well","Septic - Conventional","Cash","Individuals"
"501","2317884","820-686-4949","CLOSD","2780 Sanctuary Commons Court, Henrico VA 23231","23231","Henrico","Single Family Residence","11/07/2023","$436,350","$431,350","57","New (never occupied)","2023","Four Mile Run","2,448","","4","3.1","Public Water","Sewer - Public","Conventional","Corporate"
"501","2308522","793648550500000","CLOSD","3836 Belspring Road, Chesterfield VA 23831","23831","Chesterfield","Single Family Residence","11/07/2023","$568,255","$598,170","7","New (never occupied)","2023","Hidden Valley Estates","3,389","","6","4.1","Public Water","Sewer - Public","Conventional","Corporate"
"501","2307211","696671820900000","CLOSD","18612 Palisades Ridge, Chesterfield VA 23120","23120","Chesterfield","Townhouse","11/07/2023","$368,200","$371,710","0","New (never occupied)","2023","Magnolia Green","1,656","","3","2.1","Public Water","Sewer - Public","Conventional","Corporate"
"501","REIN10502448","790643188700000","CLOSD","4600 Laurel Spring Court, Chesterfield VA 23831","23831","Chesterfield","Single Family Residence","11/07/2023","$435,000","$420,000","13","Resale (occupied at least once)","1989","CHESTER","2,869","0.47","4","3.0","Public Water","Public Sewer On Site","",""
"501","2319792","775-68-72-36-000-000","CLOSD","5252 Gravelbrook Drive, Chesterfield VA 23234","23234","Chesterfield","Single Family Residence","11/08/2023","$329,000","$330,000","26","Resale (occupied at least once)","1961","Gravelbrook Farms","1,849","0.36","3","2.0","Public Water","Sewer - Public","Conventional","Individuals"
"501","2304929","713-66-0751-400-000","CLOSD","9213 Moldova Road, Chesterfield VA 23832","23832","Chesterfield","Single Family Residence","11/08/2023","$689,990","$689,990","180","New (never occupied)","2023","Harpers Mill","3,277","0.30","4","4.0","Public Water","Sewer - Public","Conventional","Corporate"
"501","2323919","7466959489","CLOSD","10407 Dakins Drive, Chesterfield VA 23236","23236","Chesterfield","Single Family Residence","11/08/2023","$399,950","$384,950","15","New (never occupied)","2022","Dakins Landing","1,577","","3","2.1","Public Water","Sewer - Public","Conventional","Corporate"
"501","2320629","759-69-78-50-500-000","CLOSD","8209 Capelwood Drive, Chesterfield VA 23235","23235","Chesterfield","Single Family Residence","11/08/2023","$399,900","$410,000","6","Resale (occupied at least once)","1973","Surreywood","2,514","0.48","4","3.0","Public Water","Sewer - Public","VA New","Individuals"
"501","2319811","7778-65-2597","CLOSD","11619 Brookvale Place, Hanover VA 23059","23059","Hanover","Single Family Residence","11/08/2023","$531,760","$521,760","0","New (never occupied)","2023","None","2,677","","4","3.1","Public Water","Sewer - Public","Conventional","Corporate"
"501","2311147","118890","CLOSD","1441 Tutelo Road, New Kent VA 23141","23141","New Kent","Single Family Residence","11/08/2023","$520,371","$520,911","2","New (never occupied)","2023","Dispatch Station","2,443","1.01","4","3.0","Public Water","Other - See Remarks","Conventional","Corporate"
"501","2319992","S007-1134-056","CLOSD","1307 Minefee Street, Richmond City VA 23224","23224","Richmond City","Single Family Residence","11/08/2023","$139,950","$139,950","38","Resale (occupied at least once)","1971","Stegge Court","896","0.09","2","1.0","Public Water","Sewer - Public","FHA New","Individuals"
"501","2322496","773-740-0023","CLOSD","5304 Libbie Mill West Boulevard, Henrico VA 23230","23230","Henrico","Townhouse","11/08/2023","$479,950","$480,000","16","Resale (occupied at least once)","2020","Libbie Mill Townhomes","1,876","0.02","3","3.1","Public Water","Sewer - Public","Conventional","Individuals"
"501","2323445","S000-2003-027","CLOSD","101 East 32nd Street, Richmond City VA 23224","23224","Richmond City","Single Family Residence","11/08/2023","$269,999","$270,000","13","Resale (occupied at least once)","2017","Battery Heights","1,080","0.10","3","2.0","Public Water","Sewer - Public","Conventional","Individuals"
"501","2323998","W000-1407-067","CLOSD","1 North Auburn Avenue, Richmond City VA 23221","23221","Richmond City","Single Family Residence","11/08/2023","$379,900","$379,950","7","Resale (occupied at least once)","1914","None","1,498","0.05","3","1.1","Public Water","Sewer - Public","Cash","Estate"
"501","2315624","748-764-6441","CLOSD","4300 Dominion Forest Circle, Henrico VA 23060","23060","Henrico","Townhouse","11/08/2023","$640,000","$640,000","0","New (never occupied)","2023","Innsbrook Dominion Residences","2,115","","3","3.2","Public Water","Sewer - Public","Cash","Corporate"
"501","2323062","802-728-0641","CLOSD","411 Hollybrook Ridge Lane, Henrico VA 23223","23223","Henrico","Townhouse","11/08/2023","$255,000","$256,000","13","Resale (occupied at least once)","2002","Hollybrook Ridge","1,280","0.04","3","2.1","Public Water","Sewer - Public","Conventional","Individuals"
"501","2323743","N000-0976-022","CLOSD","3011 Barton Avenue, Richmond City VA 23222","23222","Richmond City","Single Family Residence","11/08/2023","$545,000","$545,000","11","Resale (occupied at least once)","1915","Brookland Park","2,390","0.14","4","3.0","Public Water","Sewer - Public","Conventional","Individuals"
"501","2324861","796-61-99-03-200-000","CLOSD","3512 Maurer Court, Chesterfield VA 23834","23834","Chesterfield","Single Family Residence","11/08/2023","$280,000","$280,000","6","Resale (occupied at least once)","1994","Branders Estate","1,258","0.28","3","2.0","Public Water","Sewer - Public","Conventional","Individuals"
"501","2324094","741-764-3190","CLOSD","4804 Coachmans Landing Court, Henrico VA 23059","23059","Henrico","Single Family Residence","11/08/2023","$599,900","$610,000","6","Resale (occupied at least once)","2005","Parsons Walk @ Twin Hickory","3,431","0.14","4","2.1","Public Water","Sewer - Public","Conventional","Individuals"
"501","2325091","S007-1583-012","CLOSD","2109 Wright Avenue, Richmond City VA 23224","23224","Richmond City","Single Family Residence","11/08/2023","$229,500","$260,000","6","Resale (occupied at least once)","1955","Southmont Village","1,014","0.16","3","1.0","Public Water","Sewer - Public","FHA New","Corporate"
"501","2324915","730-70-41-93-100-000","CLOSD","13312 Ridgemoor Lane, Chesterfield VA 23114","23114","Chesterfield","Townhouse","11/08/2023","$349,900","$345,900","3","Resale (occupied at least once)","2005","The Grove","1,906","0.04","4","2.2","Public Water","Sewer - Public","Cash","Individuals"
"501","2324814","781-744-7506","CLOSD","2111 Barclay Road, Henrico VA 23228","23228","Henrico","Single Family Residence","11/08/2023","$325,000","$355,000","5","Resale (occupied at least once)","1945","Bryan Parkway","1,320","0.14","3","1.0","Public Water","Sewer - Public","Cash","Individuals"
"501","2324388","C001-1262-022","CLOSD","10230 Glendye Road, Richmond City VA 23235","23235","Richmond City","Single Family Residence","11/08/2023","$435,000","$437,000","8","Resale (occupied at least once)","1965","Staffordshire","2,513","0.45","4","2.1","Public Water","Sewer - Public","Conventional","Individuals"
"501","2324219","8724-31-9308","CLOSD","7107 Bonniefield Drive, Hanover VA 23111","23111","Hanover","Single Family Residence","11/08/2023","$329,000","$340,000","6","Resale (occupied at least once)","1970","High Point Farms","1,404","0.52","3","2.0","Community Well","Septic - Conventional","Cash","Individuals"
"501","2324047","744-747-4522","CLOSD","1719 Foxfire Circle, Henrico VA 23238","23238","Henrico","Townhouse","11/08/2023","$322,500","$315,000","15","Resale (occupied at least once)","1980","Foxfire","1,754","0.11","3","2.0","Public Water","Sewer - Public","Cash","Individuals"
"501","2323986","W020-0190-010","CLOSD","107 Tuckahoe Boulevard, Richmond City VA 23226","23226","Richmond City","Single Family Residence","11/08/2023","$1,195,000","$1,195,000","5","Resale (occupied at least once)","1938","Tuckahoe Terrace","3,496","0.22","5","3.1","Public Water","Sewer - Public","Conventional","Estate"
"501","2323985","745-758-0231","CLOSD","11300 Markham Court, Henrico VA 23233","23233","Henrico","Single Family Residence","11/08/2023","$599,000","$627,000","5","Resale (occupied at least once)","1989","Church Run","2,519","0.36","5","2.1","Public Water","Sewer - Public","Conventional","Individuals"
"501","2323657","752-751-9749","CLOSD","1918 Barribee Lane, Henrico VA 23229","23229","Henrico","Single Family Residence","11/08/2023","$439,950","$440,000","5","Resale (occupied at least once)","1965","Three Chopt Estates","2,574","0.27","5","3.1","Public Water","Sewer - Public","Conventional","Individuals"
"501","2323535","46-22-0-B-0","CLOSD","1720 Old Orchard Lane, Goochland VA 23103","23103","Goochland","Single Family Residence","11/08/2023","$999,995","$1,123,000","6","Resale (occupied at least once)","1980","None","3,690","10.03","4","3.1","Well","Septic - Conventional","Conventional","Individuals"
"501","2323367","W000-1874-002","CLOSD","4115 Park Avenue, Richmond City VA 23221","23221","Richmond City","Single Family Residence","11/08/2023","$900,000","$987,000","4","Resale (occupied at least once)","1938","Monument Avenue Gardens","3,028","0.14","4","3.1","Public Water","Sewer - Public","VA New","Individuals"
"501","2322937","C004-0632-016","CLOSD","2637 Rettig Road, Richmond City VA 23225","23225","Richmond City","Single Family Residence","11/08/2023","$339,950","$360,000","12","Resale (occupied at least once)","1953","Granite Hills","1,544","0.42","3","1.0","Public Water","Sewer - Public","Cash","Individuals"
"501","2322928","783-752-5727","CLOSD","7413 Fairway Avenue, Henrico VA 23228","23228","Henrico","Single Family Residence","11/08/2023","$369,900","$410,000","6","Resale (occupied at least once)","2019","Lakeside Hills","1,392","0.30","3","2.0","Public Water","Sewer - Public","Conventional","Individuals"
"501","2322558","704-66-94-37-400-000","CLOSD","7636 Nicklaus Circle, Chesterfield VA 23120","23120","Chesterfield","Single Family Residence","11/08/2023","$499,000","$517,000","4","Resale (occupied at least once)","2014","Magnolia Green","2,548","0.15","4","2.1","Public Water","Sewer - Public","Conventional","Individuals"
"501","2322305","719-68-81-29-700-000","CLOSD","14706 Yarcombe Road, Chesterfield VA 23112","23112","Chesterfield","Single Family Residence","11/08/2023","$634,000","$634,000","5","Resale (occupied at least once)","2012","Rountrey","3,200","0.24","5","3.1","Public Water","Sewer - Public","Conventional","Individuals"
"501","2322301","762-70-06-12-900-000","CLOSD","1449 Avondale Woods Drive, Chesterfield VA 23235","23235","Chesterfield","Townhouse","11/08/2023","$375,000","$367,500","19","Resale (occupied at least once)","2021","The Townes At Notting Place","1,528","0.08","2","2.0","Public Water","Sewer - Public","Conventional","Individuals"
"501","2320548","794-64-89-30-900-000","CLOSD","3467 Ellenbrook Drive, Chesterfield VA 23831","23831","Chesterfield","Single Family Residence","11/08/2023","$429,995","$429,995","26","Resale (occupied at least once)","2008","Rossington","3,083","0.29","5","3.0","Public Water","Sewer - Public","VA New","Individuals"
"501","2319087","C001-0340-017","CLOSD","8662 Cherokee Road, Richmond City VA 23235","23235","Richmond City","Single Family Residence","11/08/2023","$649,900","$649,000","52","Resale (occupied at least once)","1959","Southampton","3,119","0.36","4","3.1","Public Water","Sewer - Public","Conventional","Individuals"
"501","2317829","711-68-52-93-200-000","CLOSD","4415 Lake Summer Court, Chesterfield VA 23120","23120","Chesterfield","Single Family Residence","11/08/2023","$675,000","$675,000","51","Resale (occupied at least once)","2003","Summer Lake","3,921","1.51","6","3.1","Public Water","Sewer - Public","Conventional","Individuals"
"501","2314245","58-54-8-47-0","CLOSD","7033 Bisque Terrace, Goochland VA 23238","23238","Goochland","Single Family Residence","11/08/2023","$849,990","$849,990","71","New (never occupied)","2023","Mosaic at West Creek","2,614","0.18","3","2.1","Public Water","Sewer - Public","Conventional","Corporate"
"501","BRTVACF2000496","790643188700000","CLOSD","4600 Laurel Spring Court, Chesterfield VA 23831","23831","Chesterfield","Single Family Residence","11/08/2023","$435,000","$420,000","332","Resale (occupied at least once)","1989","STONEY GLEN SOUTH","2,869","0.47","4","3.0","Community Well","","",""
"501","2321714","757-741-2375","CLOSD","1117 Beverly Drive, Henrico VA 23229","23229","Henrico","Single Family Residence","11/09/2023","$474,900","$475,000","38","Resale (occupied at least once)","1950","Beverly Hills","2,076","","3","2.0","Public Water","Sewer - Public","FHA New","Individuals"
"501","2322487","8733-17-4295","CLOSD","6248 Madonna Road, Hanover VA 23111","23111","Hanover","Single Family Residence","11/09/2023","$350,000","$358,000","32","Resale (occupied at least once)","1974","Hanover Farms","1,787","0.41","4","1.2","Public Water","Septic - Conventional","FHA New","Individuals"
"501","2321003","810-703-0082","CLOSD","6345 Blossom View Lane, Henrico VA 23231","23231","Henrico","Single Family Residence","11/09/2023","$339,950","$340,000","18","Resale (occupied at least once)","2002","Darbytown Meadows","1,920","0.21","4","2.1","Public Water","Sewer - Public","FHA New","Individuals"
"501","2323135","E000-0882-002","CLOSD","3307 M Street, Richmond City VA 23223","23223","Richmond City","Single Family Residence","11/09/2023","$699,900","$699,900","13","Resale (occupied at least once)","2016","None","2,132","0.11","3","2.1","Well","Sewer - Public","Conventional","Individuals"
"501","2322607","749-744-9162","CLOSD","9140 Farmington Drive, Henrico VA 23229","23229","Henrico","Single Family Residence","11/09/2023","$355,000","$355,000","16","Resale (occupied at least once)","1958","Farmington","2,228","0.32","4","2.0","Public Water","Sewer - Public","Conventional","Corporate"
"501","2322548","790643188700000","CLOSD","4600 Laurel Spring Court, Chesterfield VA 23831","23831","Chesterfield","Single Family Residence","11/09/2023","$435,000","$420,000","6","Resale (occupied at least once)","1989","Laurel Spring","2,869","0.47","4","2.1","Public Water","Community - Sewer/Septic","VA New","Individuals"
"501","2320419","N000-1243-006","CLOSD","3211 Edgewood Avenue, Richmond City VA 23222","23222","Richmond City","Single Family Residence","11/09/2023","$470,000","$470,000","38","Resale (occupied at least once)","1930","Edgewood","1,822","0.15","3","2.2","Public Water","Sewer - Public","FHA New","Individuals"
"501","2307596","802-737-7009","CLOSD","2119 Blossom Trail Avenue #UnitD-5, Henrico VA 23223","23223","Henrico","Townhouse","11/09/2023","$342,855","$340,355","81","New (never occupied)","2023","Reserve at Springdale Park","1,606","","3","2.1","Public Water","Sewer - Public","Conventional","Corporate"
"501","2324191","779-67-30-83-100-000","CLOSD","4912 Baxter Bridge Drive, Chesterfield VA 23237","23237","Chesterfield","Single Family Residence","11/09/2023","$375,000","$390,000","7","Resale (occupied at least once)","2006","Bendahl Valley Section A","2,059","0.34","4","2.0","Public Water","Sewer - Public","VHDA/FHA","Individuals"
"501","2313783","Not Yet Assigned","CLOSD","12237 Downrigger Drive, Chesterfield VA 23836","23836","Chesterfield","Single Family Residence","11/09/2023","$469,060","$479,530","0","New (never occupied)","2023","Twin Rivers","2,002","","4","3.0","Public Water","Sewer - Public","VA New","Corporate"
"501","2322694","823-64-60-29-900-000","CLOSD","1609 Cobbs Avenue, Chesterfield VA 23836","23836","Chesterfield","Single Family Residence","11/09/2023","$286,300","$285,000","22","Resale (occupied at least once)","1977","Bermuda Gardens","1,250","0.27","3","2.0","Public Water","Sewer - Public","Conventional","Individuals"
"501","2322592","7707636901","CLOSD","10166 Purcell Road, Henrico VA 23228","23228","Henrico","Townhouse","11/09/2023","$250,000","$255,000","9","Resale (occupied at least once)","1973","Laurel Square","1,312","0.05","3","1.2","Public Water","Sewer - Public","FHA New","Individuals"
"501","2322258","764-65-94-69-800-000","CLOSD","10201 Kimlynn Trail, Chesterfield VA 23838","23838","Chesterfield","Single Family Residence","11/09/2023","$985,000","$980,000","14","Resale (occupied at least once)","2014","Kimlynn","3,509","5.40","5","3.1","Public Water","Septic - Engineered","Conventional","Individuals"
"501","2313529","748-764-5640","CLOSD","4316 Dominion Forest Circle, Henrico VA 23060","23060","Henrico","Townhouse","11/09/2023","$509,550","$500,000","64","New (never occupied)","2023","Innsbrook Dominion Residences","2,082","","2","2.1","Public Water","Sewer - Public","Cash","Corporate"
"501","2309033","824659714300000","CLOSD","12212 Downrigger Drive, Chesterfield VA 23836","23836","Chesterfield","Single Family Residence","11/09/2023","$516,205","$551,375","69","New (never occupied)","2023","Meadowville Landing","2,641","","4","3.0","Public Water","Sewer - Public","VA New","Corporate"
"501","2231858","Not Yet Assigned","CLOSD","12439 Wescott Avenue, Chesterfield VA 23112","23112","Chesterfield","Condominium","11/09/2023","$291,045","$291,045","64","New (never occupied)","2022","Wescott","1,322","","1","1.1","Public Water","Sewer - Public","Conventional","Corporate"
"501","2314954","794-754-2775","CLOSD","8305 Wallingford Lane, Henrico VA 23227","23227","Henrico","Single Family Residence","11/09/2023","$419,000","$419,000","92","Resale (occupied at least once)","1979","Chickahominy Bluffs","3,067","0.48","5","4.0","Public Water","Sewer - Public","VA New","Corporate"
"501","2323371","763-775-0266","CLOSD","11400 Friars Walk Court, Henrico VA 23059","23059","Henrico","Townhouse","11/09/2023","$315,000","$317,500","3","Resale (occupied at least once)","2003","The Townes At Hunton Park","1,648","0.07","3","2.1","Public Water","Sewer - Public","Conventional","Individuals"
"501","2325512","N000-1140-038","CLOSD","3217 Woodrow Avenue, Richmond City VA 23222","23222","Richmond City","Single Family Residence","11/09/2023","$199,000","$207,500","8","Resale (occupied at least once)","1924","North Richmond Terrace","1,536","0.16","4","2.0","Public Water","Sewer - Public","Cash","Individuals"
"501","2325106","777-766-0696","CLOSD","2549 Mountain Ash Circle, Henrico VA 23060","23060","Henrico","Townhouse","11/09/2023","$279,993","$300,000","3","Resale (occupied at least once)","1999","Mountain Laurel Townhouses","1,408","0.04","3","2.1","Public Water","Sewer - Public","Conventional","Corporate"
"501","2324633","C001-1266-022","CLOSD","9941 Maplested Lane, Richmond City VA 23235","23235","Richmond City","Single Family Residence","11/09/2023","$400,000","$400,000","5","Resale (occupied at least once)","1965","Staffordshire","1,879","0.45","3","2.0","Public Water","Sewer - Public","Cash","Individuals"
"501","2324420","810-704-0318","CLOSD","6321 Blossom View Lane, Henrico VA 23231","23231","Henrico","Single Family Residence","11/09/2023","$245,000","$275,000","4","Resale (occupied at least once)","2002","Darbytown Meadows","1,736","0.21","3","2.1","Public Water","Sewer - Public","Conventional","Individuals"
"501","2324399","N000-0985-015","CLOSD","3015 Veranda Avenue, Richmond City VA 23222","23222","Richmond City","Single Family Residence","11/09/2023","$219,950","$227,500","5","Resale (occupied at least once)","2006","Highland Terrace Annex","1,121","0.09","3","2.0","Public Water","Sewer - Public","Conventional","Other"
"501","2324051","827-715-5138","CLOSD","17 Casey Street, Henrico VA 23150","23150","Henrico","Single Family Residence","11/09/2023","$155,000","$159,750","3","Resale (occupied at least once)","1957","Sandston","1,008","0.32","2","1.1","Public Water","Sewer - Public","Cash","Individuals"
"501","2323996","748-757-5200","CLOSD","10800 Blackthorn Lane, Henrico VA 23233","23233","Henrico","Townhouse","11/09/2023","$394,999","$395,500","3","Resale (occupied at least once)","2005","Three Chopt Village","1,913","0.12","3","2.1","Public Water","Sewer - Public","Cash","Individuals"
"501","2323860","725-67-93-89-500-000","CLOSD","13800 Beechwood Point Road, Chesterfield VA 23112","23112","Chesterfield","Single Family Residence","11/09/2023","$1,250,000","$1,250,000","0","Resale (occupied at least once)","1994","Woodlake","5,135","0.83","5","4.3","Public Water","Sewer - Public","Conventional","Individuals"
"501","2323843","N000-1111-005","CLOSD","1409 Wentbridge Road, Richmond City VA 23227","23227","Richmond City","Single Family Residence","11/09/2023","$349,900","$377,500","1","Resale (occupied at least once)","1940","Sherwood Park","1,657","","4","1.1","Public Water","Sewer - Public","Conventional","Individuals"
"501","2323697","784-764-4815","CLOSD","1060 Telegraph Station Lane, Henrico VA 23060","23060","Henrico","Single Family Residence","11/09/2023","$370,000","$365,000","5","Resale (occupied at least once)","1998","Telegraph Station","1,867","0.33","4","2.1","Public Water","Sewer - Public","VHDA ","Individuals"
"501","2323617","738-779-1539","CLOSD","12444 Grace Hill Lane, Henrico VA 23059","23059","Henrico","Single Family Residence","11/09/2023","$425,000","$442,000","5","Resale (occupied at least once)","1993","Maybrook At Wyndham","1,594","0.18","3","2.1","Public Water","Sewer - Public","Conventional","Estate"
"501","2323331","744-71-46-85-600-000","CLOSD","2025 Orangewood Road, Chesterfield VA 23235","23235","Chesterfield","Single Family Residence","11/09/2023","$379,950","$395,000","5","Resale (occupied at least once)","1976","Greenfield","2,173","0.25","4","2.1","Public Water","Sewer - Public","Conventional","Individuals"
"501","2323261","785-67-32-29-300-000","CLOSD","3900 Sherwood Forest Terrace, Chesterfield VA 23237","23237","Chesterfield","Single Family Residence","11/09/2023","$350,000","$355,000","5","Resale (occupied at least once)","1999","None","2,010","0.28","4","2.1","Public Water","Sewer - Public","FHA New","Individuals"
"501","2322714","38-57","CLOSD","7343 Church Lane, Charles City County VA 23030","23030","Charles City County","Single Family Residence","11/09/2023","$90,000","$85,000","8","Resale (occupied at least once)","1967","None","816","1.00","3","1.0","Well","Septic - Conventional","Cash","Individuals"
"501","2322430","733-70-46-09-700-000","CLOSD","341 Rossmere Drive, Chesterfield VA 23114","23114","Chesterfield","Single Family Residence","11/09/2023","$419,900","$380,000","10","Resale (occupied at least once)","1986","Stonehenge West","2,407","0.35","4","2.1","Public Water","Sewer - Public","Conventional","Individuals"
"501","2322399","S000-2451-004","CLOSD","3407 East Broad Rock Road, Richmond City VA 23224","23224","Richmond City","Single Family Residence","11/09/2023","$249,999","$230,000","42","Resale (occupied at least once)","2021","Weisigers Addition","1,269","0.11","3","2.0","Public Water","Sewer - Public","Cash","Corporate"
"501","2322291","8017280821","CLOSD","2405 Cleo Road, Henrico VA 23223","23223","Henrico","Single Family Residence","11/09/2023","$160,000","$160,000","5","Resale (occupied at least once)","1960","Central Gardens","1,136","0.34","3","1.0","Public Water","Sewer - Public","Cash","Individuals"
"501","2321966","7768-33-9461","CLOSD","12646 Greenwood Road, Hanover VA 23059","23059","Hanover","Single Family Residence","11/09/2023","$599,900","$599,900","27","Resale (occupied at least once)","1987","None","2,725","8.40","3","2.1","Well","Septic - Conventional","Cash","Individuals"
"501","2321779","708-69-84-82-000-000","CLOSD","1912 Tulip Hill Drive, Chesterfield VA 23112","23112","Chesterfield","Single Family Residence","11/09/2023","$985,000","$985,000","28","Resale (occupied at least once)","2018","Hallsley","4,006","0.35","4","4.2","Public Water","Sewer - Public","Conventional","Individuals"
"501","2321493","732-71-17-98-300-000","CLOSD","1701 Ducatus Drive, Chesterfield VA 23113","23113","Chesterfield","Single Family Residence","11/09/2023","$750,000","$770,000","39","Resale (occupied at least once)","1985","Glamorgan","3,937","2.08","4","3.0","Public Water","Sewer - Public","Conventional","Individuals"
"501","2320951","TBD","CLOSD","7764 Baron Berkley Lane, New Kent VA 23124","23124","New Kent","Townhouse","11/09/2023","$305,999","$305,999","0","New (never occupied)","2023","Townhomes at Four Seasons","1,630","","3","2.1","Public Water","Sewer - Public","Cash","Corporate"
"501","2313498","728705869100000","CLOSD","13817 Randolph Pond Lane, Chesterfield VA 23114","23114","Chesterfield","Townhouse","11/09/2023","$462,360","$458,860","99","New (never occupied)","2023","Randolph Pond","2,139","","3","3.1","Public Water","Sewer - Public","Conventional","Corporate"
"501","2310155","790-64-19-23-200-000","CLOSD","14325 Botsford Avenue, Chesterfield VA 23831","23831","Chesterfield","Single Family Residence","11/09/2023","$569,650","$565,830","0","New (never occupied)","2023","Wellspring","3,285","0.30","5","2.2","Public Water","Sewer - Public","FHA New","Corporate"
"501","2305381","730663104600000","CLOSD","9406 Kinnerton Drive, Chesterfield VA 23112","23112","Chesterfield","Single Family Residence","11/09/2023","$541,950","$562,125","0","New (never occupied)","2023","Collington East","2,850","","4","3.0","Public Water","Sewer - Public","Conventional","Corporate"
"501","2302361","6880-90-9087","CLOSD","19514 Vontay Road, Hanover VA 23102","23102","Hanover","Single Family Residence","11/09/2023","$499,950","$511,586","29","New (never occupied)","2023","None","2,311","10.24","4","2.1","Well","Septic - Conventional","Conventional","Corporate"
"501","2223319","TBD","CLOSD","Blair Estates Court, Goochland VA 23238","23238","Goochland","Single Family Residence","11/09/2023","$1,250,000","$1,289,108","14","New (never occupied)","2022","Blair Estates","4,048","0.50","3","4.1","Public Water","Sewer - Public","Cash","Corporate"
"501","REIN10506129","46AÂ Â 2Â 2Â Â 26","CLOSD","3951 Moores Lane, New Kent VA 23089","23089","New Kent","Single Family Residence","11/09/2023","$309,000","$309,000","4","Resale (occupied at least once)","1984","LANEXA - 016","1,456","","3","2.0","Well","Septic","",""
"501","2321993","820-686-2398","CLOSD","2917 Goldeneye Lane, Henrico VA 23231","23231","Henrico","Single Family Residence","11/10/2023","$436,350","$436,350","8","New (never occupied)","2023","Four Mile Run","2,448","","4","3.1","Public Water","Sewer - Public","FHA New","Corporate"
"501","2322141","7796933938","CLOSD","9032 Pelot Place, Hanover VA 23116","23116","Hanover","Single Family Residence","11/10/2023","$430,000","$440,000","12","Resale (occupied at least once)","1993","Craney Island Farms","2,303","","4","2.1","Public Water","Sewer - Public","Conventional","Individuals"
"501","2324803","C005-0227-007","CLOSD","6273 Nicolet Road, Richmond City VA 23225","23225","Richmond City","Single Family Residence","11/10/2023","$349,900","$384,000","5","Resale (occupied at least once)","1959","Forest Hill Farms","2,530","0.35","4","2.0","Public Water","Sewer - Public","Other","Individuals"
"501","2324343","8715-86-1181","CLOSD","8306 WETHERDEN Drive, Hanover VA 23111","23111","Hanover","Single Family Residence","11/10/2023","$464,950","$464,950","6","Resale (occupied at least once)","1997","Brooks Hollow","2,585","0.36","3","2.1","Public Water","Sewer - Public","Conventional","Estate"
"501","2322032","45-18-0-26-0","CLOSD","1683 Fox Downs Lane, Goochland VA 23129","23129","Goochland","Single Family Residence","11/10/2023","$799,000","$750,000","38","Resale (occupied at least once)","1998","Fox Downs","3,855","5.01","5","3.1","Well","Septic - Conventional","Cash","Individuals"
"501","2323492","TBD","CLOSD","809 Birchwood Hill Place #UnitB, Henrico VA 23060","23060","Henrico","Condominium","11/10/2023","$379,985","$369,985","18","New (never occupied)","2023","Retreat at One","2,345","","3","2.1","Public Water","Sewer - Public","VA New","Corporate"
"501","2320999","775678925100000","CLOSD","7000 O'Malley, Chesterfield VA 23234","23234","Chesterfield","Single Family Residence","11/10/2023","$350,000","$350,000","14","Resale (occupied at least once)","1991","Stonebridge","1,935","","3","2.0","Public Water","Sewer - Public","Conventional","Individuals"
"501","2318821","13-24-0-27-0","CLOSD","4883 Oakdale Drive, Goochland VA 23065","23065","Goochland","Single Family Residence","11/10/2023","$499,950","$499,950","29","New (never occupied)","2022","None","2,365","4.72","3","2.1","Well","Septic - Conventional","Conventional","Corporate"
"501","2316559","767-68-84-72-900-000","CLOSD","6600 Gills Gate Place, Chesterfield VA 23832","23832","Chesterfield","Single Family Residence","11/10/2023","$345,000","$350,000","19","Resale (occupied at least once)","2001","Gills Gate","2,650","0.49","4","2.1","Public Water","Sewer - Public","Conventional","Individuals"
"501","2324185","744-751-6235","CLOSD","2004 Boulder Run Drive, Henrico VA 23238","23238","Henrico","Single Family Residence","11/10/2023","$339,950","$345,000","8","Resale (occupied at least once)","1982","Stony Run","1,870","0.16","3","2.0","Public Water","Sewer - Public","Conventional","Individuals"
"501","2323249","778-66-49-18-100-000","CLOSD","9601 Ladue Road, Chesterfield VA 23237","23237","Chesterfield","Single Family Residence","11/10/2023","$300,000","$300,000","23","Resale (occupied at least once)","1986","Salem Woods","1,776","0.28","3","2.1","Public Water","Sewer - Public","FHA New","Individuals"
"501","2321218","8727-65-6070","CLOSD","10254 Ansley Hollow Court, Hanover VA 23116","23116","Hanover","Single Family Residence","11/10/2023","$569,950","$565,000","33","Resale (occupied at least once)","2003","Pollard Creek","2,716","3.40","4","2.1","Well","Septic - Conventional","Conventional","Individuals"
"501","2325455","730-66-79-29-600-000","CLOSD","7537 Secretariat Drive, Chesterfield VA 23112","23112","Chesterfield","Single Family Residence","11/10/2023","$275,000","$285,000","2","Resale (occupied at least once)","1993","Deer Run","2,236","0.31","4","2.1","Public Water","Sewer - Public","Cash","Estate"
"501","2324776","C005-0129-006","CLOSD","5931 Fairlee Road, Richmond City VA 23225","23225","Richmond City","Single Family Residence","11/10/2023","$365,000","$433,777","7","Resale (occupied at least once)","1958","Shirley Hills","1,461","0.33","3","2.0","Public Water","Sewer - Public","Conventional","Individuals"
"501","2324706","S0002921014","CLOSD","4000 Forest Hill Avenue, Richmond City VA 23225","23225","Richmond City","Single Family Residence","11/10/2023","$450,000","$463,000","6","Resale (occupied at least once)","1926","Forest Hill Terrace","1,821","0.35","3","1.1","Public Water","Sewer - Public","Cash","Individuals"
"501","2324349","713-70-36-20-100-000","CLOSD","920 Old Hundred Road, Chesterfield VA 23114","23114","Chesterfield","Single Family Residence","11/10/2023","$449,900","$467,000","4","Resale (occupied at least once)","1948","None","1,706","2.03","3","2.0","Well","Septic - Conventional","Conventional","Individuals"
"501","2324220","778-65-53-99-100-000","CLOSD","6304 Arbor Banks Terrace, Chesterfield VA 23831","23831","Chesterfield","Single Family Residence","11/10/2023","$379,900","$375,000","7","Resale (occupied at least once)","1995","Arbor Landing","1,934","0.26","3","2.0","Public Water","Sewer - Public","Conventional","Individuals"
"501","2324188","029-1-7","CLOSD","2508 Liberty Hill Road, Powhatan VA 23139","23139","Powhatan","Single Family Residence","11/10/2023","$425,000","$440,000","3","Resale (occupied at least once)","1978","Liberty Hill Estates","1,748","2.38","3","2.0","Well","Septic - Conventional","Conventional","Individuals"
"501","2324138","751-71-58-19-000-000","CLOSD","9623 Groundhog Drive, Chesterfield VA 23235","23235","Chesterfield","Townhouse","11/10/2023","$245,000","$230,000","3","Resale (occupied at least once)","1981","Edgehill Townhouses","1,258","0.04","2","1.1","Public Water","Sewer - Public","Conventional","Individuals"
"501","2324125","N0001038026","CLOSD","3112 Garland Avenue, Richmond City VA 23222","23222","Richmond City","Single Family Residence","11/10/2023","$459,950","$450,000","7","New (never occupied)","2023","Brookland Park","2,240","","3","2.1","Public Water","Sewer - Public","Conventional","Corporate"
"501","2323665","757-759-7958","CLOSD","9202 Philmont Drive, Henrico VA 23294","23294","Henrico","Single Family Residence","11/10/2023","$339,950","$340,000","9","Resale (occupied at least once)","1961","Huntington","1,362","0.27","3","1.1","Public Water","Sewer - Public","Conventional","Individuals"
"501","2323506","W000-0902-031","CLOSD","2018 Floyd Avenue, Richmond City VA 23220","23220","Richmond City","Single Family Residence","11/10/2023","$500,000","$640,000","3","Resale (occupied at least once)","1910","None","2,263","0.09","3","2.0","Public Water","Sewer - Public","Conventional","Individuals"
"501","2323475","725-72-11-89-100-000","CLOSD","2907 Royal Crest Drive, Chesterfield VA 23113","23113","Chesterfield","Single Family Residence","11/10/2023","$812,000","$817,000","5","Resale (occupied at least once)","2014","Queens Grant","3,758","0.92","5","4.0","Public Water","Sewer - Public","Cash","Individuals"
"501","2323323","739-745-6884","CLOSD","1610 Stoneycreek Drive, Henrico VA 23238","23238","Henrico","Single Family Residence","11/10/2023","$575,000","$575,000","12","Resale (occupied at least once)","1974","Kingsley","2,951","0.42","4","2.1","Public Water","Sewer - Public","Conventional","Individuals"
"501","2322856","764-69-73-76-000-000","CLOSD","2201 McKesson Drive, Chesterfield VA 23235","23235","Chesterfield","Single Family Residence","11/10/2023","$359,950","$360,000","7","Resale (occupied at least once)","1972","Forestdale","2,238","0.30","4","2.1","Public Water","Sewer - Public","Conventional","Estate"
"501","2322675","7759-38-2527","CLOSD","12386 Elm Ridge Lane, Hanover VA 23005","23005","Hanover","Single Family Residence","11/10/2023","$450,000","$430,000","9","Resale (occupied at least once)","2014","None","1,862","1.43","3","2.1","Well","Septic - Conventional","Conventional","Individuals"
"501","2322609","740-759-0935","CLOSD","11704 Triple Notch Terrace, Henrico VA 23233","23233","Henrico","Townhouse","11/10/2023","$555,000","$535,000","27","Resale (occupied at least once)","2012","Three Notch Place","2,640","0.07","4","3.1","Public Water","Sewer - Public","Conventional","Individuals"
"501","2322539","752-68-86-23-700-000","CLOSD","9006 Amberhill Loop, Chesterfield VA 23236","23236","Chesterfield","Single Family Residence","11/10/2023","$429,000","$450,000","13","Resale (occupied at least once)","2005","Amberleigh","1,879","0.09","3","2.1","Public Water","Sewer - Public","Conventional","Individuals"
"501","2321103","768-760-9151.052","CLOSD","9397 London Tower Court #Unit504, Henrico VA 23060","23060","Henrico","Condominium","11/10/2023","$217,000","$213,500","12","Resale (occupied at least once)","1986","Laurel Lakes Condo","1,040","","2","2.0","Public Water","Sewer - Public","Conventional","Individuals"
"501","2320556","716-68-45-96-400-000","CLOSD","15243 Heron Pointe Way, Chesterfield VA 23120","23120","Chesterfield","Single Family Residence","11/10/2023","$775,000","$780,000","13","Resale (occupied at least once)","2012","Heron Pointe At Swift Creek","2,677","0.18","3","2.1","Public Water","Sewer - Public","Conventional","Individuals"
"501","2319766","C005-0934-031","CLOSD","520 Tarpley Road, Richmond City VA 23225","23225","Richmond City","Single Family Residence","11/10/2023","$244,500","$245,000","4","Resale (occupied at least once)","1969","Westover South","1,581","0.32","3","1.1","Public Water","Sewer - Public","FHA New","Individuals"
"501","2313912","724-68-88-61-200-000","CLOSD","2704 Meeting Gate Court, Chesterfield VA 23112","23112","Chesterfield","Single Family Residence","11/10/2023","$449,950","$450,000","105","Resale (occupied at least once)","1981","Huntgate Woods","2,762","0.40","4","3.0","Public Water","Sewer - Public","Conventional","Individuals"
"501","2303935","W0200113014","CLOSD","511 Libbie Avenue #Unit2, Richmond City VA 23226","23226","Richmond City","Townhouse","11/10/2023","$1,295,000","$1,305,494","181","New (never occupied)","2023","None","3,033","","4","4.1","Public Water","Sewer - Public","Cash","Corporate"
"501","2322697","8725-84-0073","CLOSD","6093 Perryville Terrace, Hanover VA 23111","23111","Hanover","Single Family Residence","11/11/2023","$429,995","$425,000","13","Resale (occupied at least once)","1987","Battlefield Green","2,656","0.36","4","2.1","Public Water","Sewer - Public","Cash","Individuals"
"501","2323979","822-64-51-55-800-000","CLOSD","14235 Bermuda Avenue, Chesterfield VA 23836","23836","Chesterfield","Single Family Residence","11/11/2023","$184,900","$175,000","15","Resale (occupied at least once)","1953","Morrisdale","1,010","0.33","3","1.0","Public Water","Sewer - Public","Conventional","Individuals"
"501","2324613","791-66-10-74-400-000","CLOSD","11113 Timonium Drive, Chesterfield VA 23831","23831","Chesterfield","Single Family Residence","11/12/2023","$239,000","$244,000","4","Resale (occupied at least once)","1985","Mineola","1,152","0.32","3","1.1","Public Water","Sewer - Public","Conventional","Individuals"
"501","2230918","7797-70-2877","CLOSD","10116 Peach Blossom Road, Hanover VA 23116","23116","Hanover","Single Family Residence","11/13/2023","$684,990","$681,000","288","New (never occupied)","2022","Honey Meadows","2,745","0.25","4","4.1","Public Water","Sewer - Public","Conventional","Corporate"
"501","2322246","747682838700000","CLOSD","10633 Braden Parke Dr, Chesterfield VA 23832","23832","Chesterfield","Townhouse","11/13/2023","$375,000","$365,000","43","Resale (occupied at least once)","2019","Braden Townes","1,721","0.10","3","2.1","Public Water","Sewer - Public","Cash","Individuals"
"501","BRTVARC2000402","N0000656020","CLOSD","2418 3Rd Avenue, Richmond City VA 23222","23222","Richmond City","Single Family Residence","11/13/2023","$349,500","$330,000","33","Resale (occupied at least once)","1929","CHESTNUT HILLS","1,917","0.10","4","3.0","Public Water","Public Sewer On Site","",""
"501","2324131","731-749-6001","CLOSD","2192 Kingsbrook Drive, Henrico VA 23238","23238","Henrico","Townhouse","11/13/2023","$267,500","$257,000","9","Resale (occupied at least once)","1975","Windsor Park","1,380","0.07","3","1.2","Public Water","Sewer - Public","Conventional","Individuals"
"501","2324720","0156-09-000036-000004-1","CLOSD","1926 Beaver Road, Henrico VA 23075","23075","Henrico","Townhouse","11/13/2023","$149,000","$152,000","4","Resale (occupied at least once)","1982","Fairlawn Townhouses","1,007","0.04","3","1.1","Public Water","Community - Sewer/Septic","Conventional","Individuals"
"501","2318572","766-768-9662","CLOSD","10598 Lambeth Road, Henrico VA 23060","23060","Henrico","Single Family Residence","11/13/2023","$815,000","$825,000","2","Resale (occupied at least once)","1992","Forest Lodge Acres","3,820","4.00","4","3.1","Well","Septic - Conventional","Conventional","Individuals"
"501","2302468","761643624300000","CLOSD","8537 Mckibben Place, Chesterfield VA 23838","23838","Chesterfield","Single Family Residence","11/13/2023","$836,755","$828,140","0","New (never occupied)","2023","Lake Margaret","6,047","","5","5.1","Public Water","Septic - Conventional","Cash","Corporate"
"501","2314779","824-724-1270","CLOSD","113 North Juniper Avenue, Henrico VA 23075","23075","Henrico","Single Family Residence","11/13/2023","$299,900","$290,000","104","New (never occupied)","2023","None","1,500","","3","2.1","Public Water","Sewer - Public","Conventional","Corporate"
"501","2310025","715-66-28-66-400-000","CLOSD","8700 Freebridge Road, Chesterfield VA 23832","23832","Chesterfield","Single Family Residence","11/13/2023","$569,950","$612,231","0","New (never occupied)","2023","Harpers Mill","3,220","","5","3.0","Public Water","Sewer - Public","Conventional","Corporate"
"501","2231531","761-65-65-94-700-000","CLOSD","8406 Cypress Pond Lane, Chesterfield VA 23838","23838","Chesterfield","Single Family Residence","11/13/2023","$689,003","$658,984","37","New (never occupied)","2022","The Highlands","3,066","1.42","3","3.0","Public Water","Septic - Conventional","Conventional","Corporate"
"501","2324666","785-67-81-78-300-000","CLOSD","3819 Laroux Avenue, Chesterfield VA 23237","23237","Chesterfield","Single Family Residence","11/13/2023","$442,500","$452,500","3","Resale (occupied at least once)","2017","Silver Mews Section A","2,462","0.23","4","3.0","Public Water","Sewer - Public","VA New","Individuals"
"501","2302895","706685621900000","CLOSD","4700 Clear Bark Circle, Chesterfield VA 23120","23120","Chesterfield","Single Family Residence","11/13/2023","$1,049,975","$1,061,975","191","New (never occupied)","2023","Summer Lake","4,514","","6","4.1","Public Water","Sewer - Public","Conventional","Corporate"
"501","2309061","774677729500000","CLOSD","5604 ADDISON GATE Drive #Unit34B, Chesterfield VA 23234","23234","Chesterfield","Townhouse","11/13/2023","$345,235","$360,695","36","New (never occupied)","2023","Austin Woods","1,564","","3","2.1","Public Water","Sewer - Public","VA New","Corporate"
"501","2324533","790-64-94-70-500-000","CLOSD","12924 South Chester Road, Chesterfield VA 23831","23831","Chesterfield","Single Family Residence","11/13/2023","$359,000","$348,000","5","Resale (occupied at least once)","1967","Victoria Hills","2,509","0.41","4","3.1","Public Water","Septic - Conventional","VA New","Individuals"
"501","2309701","835-717-9275","CLOSD","212 Silver Meadows Court, Henrico VA 23150","23150","Henrico","Single Family Residence","11/13/2023","$397,650","$382,000","159","New (never occupied)","2023","Silver Meadows","1,719","1.30","3","2.1","Public Water","Septic - Engineered","VA New","Corporate"
"501","2323894","744-71-88-28-200-000","CLOSD","2756 Woodmont Drive, Chesterfield VA 23113","23113","Chesterfield","Single Family Residence","11/13/2023","$420,000","$395,000","9","Resale (occupied at least once)","1982","Ramsgate","1,938","0.34","4","2.1","Public Water","Sewer - Public","Conventional","Individuals"
"501","2323272","780-66-14-82-200-000","CLOSD","10479 Brynmore Drive, Chesterfield VA 23237","23237","Chesterfield","Single Family Residence","11/13/2023","$384,900","$390,000","11","Resale (occupied at least once)","2006","Brynmore","2,414","0.36","4","2.1","Public Water","Sewer - Public","Conventional","Individuals"
"501","2320146","7778-65-2502","CLOSD","11627 Brookvale Place, Hanover VA 23059","23059","Hanover","Single Family Residence","11/13/2023","$498,100","$483,210","46","New (never occupied)","2023","None","2,166","0.16","3","2.1","Public Water","Sewer - Public","VA New","Corporate"
"501","2318230","769-67-70-91-500-000","CLOSD","6536 Greyhaven Drive, Chesterfield VA 23234","23234","Chesterfield","Single Family Residence","11/13/2023","$438,500","$435,000","63","Resale (occupied at least once)","2020","Watermark","2,382","0.25","4","2.1","Public Water","Sewer - Public","Cash","Individuals"
"501","2322640","739-66-05-92-800-000","CLOSD","12401 Donegal Drive, Chesterfield VA 23832","23832","Chesterfield","Single Family Residence","11/13/2023","$375,000","$400,500","4","Resale (occupied at least once)","1976","Donegal Glen","1,824","1.94","4","2.0","Well","Septic - Conventional","Conventional","Individuals"
"501","2323398","718-67-60-90-400-000","CLOSD","15002 Lansgate Court, Chesterfield VA 23112","23112","Chesterfield","Single Family Residence","11/13/2023","$399,500","$399,500","9","Resale (occupied at least once)","1989","Lansgate","2,292","0.34","5","2.1","Public Water","Sewer - Public","Conventional","Other"
"501","2323036","E000-1411-034","CLOSD","1214 North 38th Street, Richmond City VA 23223","23223","Richmond City","Single Family Residence","11/13/2023","$315,000","$315,000","7","Resale (occupied at least once)","1925","Mccarthy Vineyard","1,241","0.08","3","2.0","Public Water","Sewer - Public","Conventional","Individuals"
"501","2324425","759-70-01-75-900-000","CLOSD","1201 Stone River Road, Chesterfield VA 23235","23235","Chesterfield","Single Family Residence","11/13/2023","$379,950","$372,500","20","Resale (occupied at least once)","1981","Stone Mill","1,900","0.55","4","2.1","Public Water","Sewer - Public","Conventional","Individuals"
"501","2325830","785-751-6552","CLOSD","5627 Chamberlayne Avenue, Henrico VA 23227","23227","Henrico","Single Family Residence","11/13/2023","$199,950","$200,000","2","Resale (occupied at least once)","1974","Club Court","1,456","0.30","3","2.0","Public Water","Sewer - Public","Cash","Individuals"
"501","2325668","W0002032017","CLOSD","4512 Cutshaw Avenue, Richmond City VA 23230","23230","Richmond City","Single Family Residence","11/13/2023","$799,500","$799,500","6","Resale (occupied at least once)","1946","Monument Avenue Park","2,344","0.20","4","3.1","Public Water","Sewer - Public","Conventional","Partnership"
"501","2324254","W000-1704-205","CLOSD","703 North Hamilton Street #UnitUH, Richmond City VA 23221","23221","Richmond City","Condominium","11/13/2023","$275,000","$285,000","2","Resale (occupied at least once)","1962","Mount Vernon Condominiums","880","8.50","2","1.1","Public Water","Sewer - Public","Conventional","Individuals"
"501","2323945","7797-57-4387","CLOSD","9226 Totopotomoy Trail, Hanover VA 23005","23005","Hanover","Single Family Residence","11/13/2023","$326,200","$330,000","10","Resale (occupied at least once)","1971","Totopotomoy","2,368","0.41","4","3.0","Public Water","Sewer - Public","Private","Individuals"
"501","2323903","S000-0456-023","CLOSD","1803 Fairfax Avenue, Richmond City VA 23224","23224","Richmond City","Single Family Residence","11/13/2023","$275,000","$275,000","8","Resale (occupied at least once)","2020","Mason Park","1,203","0.11","3","2.0","Public Water","Sewer - Public","Conventional","Individuals"
"501","2323738","761-68-57-10-000-000","CLOSD","7817 Valencia Road, Chesterfield VA 23832","23832","Chesterfield","Single Family Residence","11/13/2023","$285,000","$301,000","4","Resale (occupied at least once)","1980","Glen Wood","1,155","0.27","3","1.1","Public Water","Sewer - Public","Conventional","Individuals"
"501","2323478","S007-1283-006","CLOSD","1701 Presson Boulevard, Richmond City VA 23224","23224","Richmond City","Single Family Residence","11/13/2023","$249,999","$255,000","6","Resale (occupied at least once)","1950","Southside Gardens","1,181","0.24","4","2.0","Public Water","Sewer - Public","VHDA/FHA","Partnership"
"501","2323464","753-735-6430","CLOSD","116 Charnwood Road, Henrico VA 23229","23229","Henrico","Single Family Residence","11/13/2023","$850,000","$915,000","4","Resale (occupied at least once)","1964","Roslyn Hills","2,721","1.10","4","2.1","Public Water","Sewer - Public","Conventional","Individuals"
"501","2323295","C001-0442-002","CLOSD","4330 Uppingham Road, Richmond City VA 23235","23235","Richmond City","Single Family Residence","11/13/2023","$650,000","$660,000","2","Resale (occupied at least once)","1989","Huguenot Farms","2,671","0.59","4","2.1","Public Water","Sewer - Public","Conventional","Individuals"
"501","2322439","8724-23-7398","CLOSD","7191 Lereve Drive, Hanover VA 23111","23111","Hanover","Single Family Residence","11/13/2023","$339,000","$339,000","30","Resale (occupied at least once)","1988","Lereve Manor","1,568","0.42","3","2.1","Public Water","Sewer - Public","Conventional","Corporate"
"501","2322432","709-67-66-31-700-000","CLOSD","16713 Thornapple Run, Chesterfield VA 23120","23120","Chesterfield","Single Family Residence","11/13/2023","$399,950","$399,950","17","Resale (occupied at least once)","2018","Wynwood at Foxcreek","2,148","0.09","3","2.1","Public Water","Sewer - Public","Conventional","Individuals"
"501","2321806","N000-0656-020","CLOSD","2418 3rd Avenue, Richmond City VA 23222","23222","Richmond City","Single Family Residence","11/13/2023","$348,900","$330,000","35","Resale (occupied at least once)","1929","Chestnut Hills","1,917","0.19","4","2.1","Public Water","Sewer - Public","Conventional","Corporate"
"501","2321695","7779-59-7079, 59-8056, 59-9045","CLOSD","505 South James Street, Hanover VA 23005","23005","Hanover","Single Family Residence","11/13/2023","$625,000","$685,000","7","Resale (occupied at least once)","1957","None","2,650","0.67","3","2.0","Public Water","Sewer - Public","Conventional","Estate, Individuals"
"501","2320200","63-38-0-22-0","CLOSD","427 Regina Lane, Goochland VA 23238","23238","Goochland","Single Family Residence","11/13/2023","$1,195,000","$1,110,000","12","Resale (occupied at least once)","2004","Creekmore Park","4,418","0.65","5","4.1","Public Water","Sewer - Public","Conventional","Individuals"
"501","2320116","767-738-8523","CLOSD","6204 Dustin Drive, Henrico VA 23226","23226","Henrico","Single Family Residence","11/13/2023","$435,000","$427,000","7","Resale (occupied at least once)","1947","Westview Manor","1,440","0.24","3","1.1","Public Water","Sewer - Public","Cash","Individuals"
"501","2319941","7840-12-3677","CLOSD","14828 Tates Way, Hanover VA 23059","23059","Hanover","Single Family Residence","11/13/2023","$774,950","$760,000","57","Resale (occupied at least once)","2005","Mountain Run","3,945","0.93","5","3.0","Community Well","Community - Sewer/Septic","Conventional","Individuals"
"501","2317082","757-70-13-67-600-000","CLOSD","8440 Scottingham Drive, Chesterfield VA 23236","23236","Chesterfield","Single Family Residence","11/13/2023","$300,000","$305,000","6","Resale (occupied at least once)","1983","Solar I","1,362","0.25","3","2.0","Public Water","Sewer - Public","Assumption","Individuals"
"501","2317068","784-67-65-92-200-000","CLOSD","3731 Pennyweight Court, Chesterfield VA 23237","23237","Chesterfield","Single Family Residence","11/13/2023","$473,000","$445,000","69","Resale (occupied at least once)","2018","Silverleaf","3,476","0.18","4","3.1","Public Water","Sewer - Public","Conventional","Individuals"
"501","2313512","728705849200000","CLOSD","13821 Randolph Pond Lane, Chesterfield VA 23114","23114","Chesterfield","Townhouse","11/13/2023","$419,895","$423,000","137","New (never occupied)","2023","Randolph Pond","2,076","","2","2.1","Public Water","Sewer - Public","Conventional","Corporate"
"501","2310252","729705319500000","CLOSD","13748 Randolph Pond Lane, Chesterfield VA 23114","23114","Chesterfield","Townhouse","11/13/2023","$459,950","$466,420","0","New (never occupied)","2023","Randolph Pond","2,304","","3","2.1","Public Water","Sewer - Public","Conventional","Corporate"
"501","2301835","780-774-5492","CLOSD","10836 Harvest Mill Place, Henrico VA 23059","23059","Henrico","Single Family Residence","11/13/2023","$810,075","$861,911","0","New (never occupied)","2023","River Mill","3,558","","5","4.0","Public Water","Sewer - Public","Conventional","Corporate"
"501","2301581","762657520600000","CLOSD","8536 Waterfowl Flyway, Chesterfield VA 23838","23838","Chesterfield","Single Family Residence","11/13/2023","$584,950","$728,613","0","New (never occupied)","2023","The Highlands","2,896","","3","3.0","Public Water","Septic - Conventional","Conventional","Corporate"
"501","BRTVACF2000466","784676592200000","CLOSD","3731 Pennyweight Court, Chesterfield VA 23224","23224","Chesterfield","Single Family Residence","11/13/2023","$473,000","$445,000","69","Resale (occupied at least once)","2018","NONE AVAILABLE","3,476","0.18","4","4.0","Public Water","Public Sewer On Site","",""
"501","REIN10502841","3183","CLOSD","17350 Wedgewood Drive, New Kent VA 23089","23089","New Kent","Single Family Residence","11/13/2023","$370,000","$350,000","31","Resale (occupied at least once)","1976","ALL OTHERS AREA 140","1,867","0.46","3","2.0","Public Water","Septic","",""
"501","2313719","N000-1072-022","CLOSD","3214 3rd Avenue, Richmond City VA 23222","23222","Richmond City","Single Family Residence","11/14/2023","$314,950","$307,500","34","New (never occupied)","2023","Highland Park","1,576","0.06","3","2.1","Public Water","Sewer - Public","Cash","Corporate"
"501","2318286","705-68-28-50-600-000","CLOSD","4807 Melbrook Way, Chesterfield VA 23120","23120","Chesterfield","Single Family Residence","11/14/2023","$625,621","$625,621","60","New (never occupied)","2023","Westerleigh","3,230","","5","4.0","Public Water","Sewer - Public","Conventional","Corporate"
"501","2309392","TBD","CLOSD","13285 Coalfield Station Lane, Chesterfield VA 23114","23114","Chesterfield","Condominium","11/14/2023","$402,185","$398,500","13","New (never occupied)","2023","Coalfield Station","2,350","","3","2.1","Public Water","Sewer - Public","Conventional","Corporate"
"501","2323309","19B4 3CG   6","CLOSD","6941 Forest Drive, New Kent VA 23141","23141","New Kent","Single Family Residence","11/14/2023","$349,900","$359,900","15","Resale (occupied at least once)","1986","Five Lakes Forest","1,672","0.50","3","2.1","Public Water","Septic - Conventional","VA New","Individuals"
"501","2318790","724-67-21-74-600-000","CLOSD","6625 Southshore Drive, Chesterfield VA 23112","23112","Chesterfield","Single Family Residence","11/14/2023","$449,950","$455,000","36","Resale (occupied at least once)","2002","St Clair","2,377","0.22","4","2.1","Public Water","Sewer - Public","FHA New","Individuals"
"501","2323662","N000-0991-022","CLOSD","3117 2nd Avenue, Richmond City VA 23222","23222","Richmond City","Single Family Residence","11/14/2023","$318,500","$323,000","6","Resale (occupied at least once)","1920","Highland Park","1,752","0.12","4","2.1","Public Water","Sewer - Public","Conventional","Individuals"
"501","2325709","W000-1441-002","CLOSD","902 South Belmont Avenue, Richmond City VA 23221","23221","Richmond City","Single Family Residence","11/14/2023","$460,000","$480,000","2","Resale (occupied at least once)","1951","None","1,535","0.16","4","2.0","Public Water","Sewer - Public","Conventional","Individuals"
"501","2321225","795-738-2507","CLOSD","615 Ratcliffe Avenue, Henrico VA 23222","23222","Henrico","Single Family Residence","11/14/2023","$249,000","$257,500","16","Resale (occupied at least once)","1951","New Providence Park","1,430","0.19","4","2.0","Public Water","Sewer - Public","Conventional","Individuals"
"501","2323906","787-64-46-77-400-000","CLOSD","14018 Old Hampstead Court, Chesterfield VA 23831","23831","Chesterfield","Single Family Residence","11/14/2023","$399,000","$425,000","4","Resale (occupied at least once)","1996","Stoney Glen West","2,250","0.38","4","2.1","Public Water","Sewer - Public","FHA New","Individuals"
"501","2321295","773-746-6188","CLOSD","6106 Staples Mill Road, Henrico VA 23229","23229","Henrico","Single Family Residence","11/14/2023","$319,950","$312,000","41","Resale (occupied at least once)","1980","Davista Park","1,728","0.22","3","1.1","Public Water","Sewer - Public","FHA New","Estate"
"501","BRTVAHN2000348","805-735-0858","CLOSD","2805 Skelton Street, Henrico VA 23223","23223","Henrico","Single Family Residence","11/14/2023","$220,000","$223,000","4","Resale (occupied at least once)","1948","GLENWOOD FARMS","712","0.00","2","1.0","Public Water","Public Sewer On Site","",""
"501","2322097","805-735-0858","CLOSD","2805 Skelton Street, Henrico VA 23223","23223","Henrico","Single Family Residence","11/14/2023","$220,000","$223,000","4","Resale (occupied at least once)","1948","Glenwood Farms","712","0.24","2","1.0","Public Water","Sewer - Public","VHDA/FHA","Corporate"
"501","2305314","8 42C","CLOSD","2120 Quaker Road, New Kent VA 23141","23141","New Kent","Single Family Residence","11/14/2023","$449,000","$449,000","174","Resale (occupied at least once)","1986","None","3,384","5.00","5","3.1","Well","Septic - Conventional","VA New","Individuals"
"501","BRTVAHN2000354","747-746-3559.017","CLOSD","1503 Largo Road #Unit101, Henrico VA 23238","23238","Henrico","Condominium","11/14/2023","$199,900","$210,000","5","Resale (occupied at least once)","1977","REGENCY WOODS CONDOMINIU","1,127","0.00","2","2.0","Public Water","Public Sewer On Site","",""
"501","2322774","747-746-3559.017","CLOSD","1503 Largo Road #Unit101, Henrico VA 23238","23238","Henrico","Condominium","11/14/2023","$199,900","$210,000","5","Resale (occupied at least once)","1977","Regency Woods Condominiums","1,127","0.03","2","2.0","Public Water","Sewer - Public","Conventional","Individuals"
"501","2324938","794-63-37-40-300-000","CLOSD","3809 Mooring Way, Chesterfield VA 23831","23831","Chesterfield","Single Family Residence","11/14/2023","$257,000","$257,000","3","Resale (occupied at least once)","1984","Somerset","1,120","0.31","3","2.0","Public Water","Sewer - Public","Conventional","Individuals"
"501","2324097","768-760-9151.058","CLOSD","9397 London Tower Court #Unit510, Henrico VA 23060","23060","Henrico","Condominium","11/14/2023","$217,000","$217,000","6","Resale (occupied at least once)","1986","Laurel Lakes Condo","1,050","22.49","2","2.0","Public Water","Sewer - Public","Conventional","Individuals"
"501","2322234","735-746-2481","CLOSD","1517 Wood Grove Circle, Henrico VA 23238","23238","Henrico","Single Family Residence","11/14/2023","$435,000","$420,000","31","Resale (occupied at least once)","1985","Chatsworth","1,988","0.25","4","2.1","Public Water","Sewer - Public","Conventional","Individuals"
"501","2325889","746-755-1103","CLOSD","10100 Cedar Knoll Lane, Henrico VA 23233","23233","Henrico","Single Family Residence","11/14/2023","$509,950","$500,000","8","Resale (occupied at least once)","1986","Cedar Chase","2,348","0.30","4","3.0","Public Water","Sewer - Public","Cash","Individuals"
"501","2325201","724-66-45-69-000-000","CLOSD","9009 Royal Birkdale Drive, Chesterfield VA 23832","23832","Chesterfield","Single Family Residence","11/14/2023","$584,990","$585,000","6","Resale (occupied at least once)","1994","Birkdale","3,368","0.47","5","3.1","Public Water","Sewer - Public","Cash","Individuals"
"501","2324982","747-738-6173.083","CLOSD","9008 Wood Sorrel Drive #Unit83B, Henrico VA 23229","23229","Henrico","Condominium","11/14/2023","$575,000","$575,000","5","Resale (occupied at least once)","1982","Mooreland Commons","2,140","0.06","3","2.2","Public Water","Sewer - Public","Cash","Individuals"
"501","2324952","W000-0438-058","CLOSD","321 Randolph Street, Richmond City VA 23220","23220","Richmond City","Single Family Residence","11/14/2023","$410,000","$430,000","3","Resale (occupied at least once)","1915","None","1,906","0.05","3","3.0","Public Water","Sewer - Public","Conventional","Individuals"
"501","2324926","C006-0892-026","CLOSD","5816 Shallow Way, Richmond City VA 23224","23224","Richmond City","Single Family Residence","11/14/2023","$165,000","$182,700","3","Resale (occupied at least once)","1987","Glendale","1,050","0.17","3","1.0","Public Water","Sewer - Public","Cash","Individuals"
"501","2324827","746-71-41-15-500-000","CLOSD","2125 Greenfield Drive, Chesterfield VA 23235","23235","Chesterfield","Single Family Residence","11/14/2023","$299,950","$287,500","5","Resale (occupied at least once)","1967","Greenfield","1,724","0.23","3","1.2","Public Water","Sewer - Public","Conventional","Individuals"
"501","2324619","W000-0528-036","CLOSD","1400 Grove Avenue #Unit5, Richmond City VA 23220","23220","Richmond City","Condominium","11/14/2023","$399,000","$399,000","3","Resale (occupied at least once)","1881","None","1,402","0.03","2","1.1","Public Water","Sewer - Public","Conventional","Individuals"
"501","2324294","C009-0551-013","CLOSD","4316 Warwick Road, Richmond City VA 23234","23234","Richmond City","Single Family Residence","11/14/2023","$195,000","$212,000","3","Resale (occupied at least once)","1968","Wendell Farms","912","0.25","3","1.0","Public Water","Community - Sewer/Septic","FHA New","Corporate, Individuals"
"501","2324180","W019-0275-030","CLOSD","4614 Grove Avenue, Richmond City VA 23226","23226","Richmond City","Single Family Residence","11/14/2023","$750,000","$800,000","4","Resale (occupied at least once)","1952","Colonial Place","2,685","0.24","4","2.1","Public Water","Sewer - Public","Conventional","Corporate"
"501","2324003","726-71-20-87-600-000","CLOSD","1920 Winterfield Road, Chesterfield VA 23113","23113","Chesterfield","Single Family Residence","11/14/2023","$565,000","$635,000","6","Resale (occupied at least once)","1984","Salisbury","2,954","0.74","4","2.1","Public Water","Sewer - Public","Conventional","Individuals"
"501","2322824","E000-1763-037","CLOSD","3510 East Richmond Road #UnitU30, Richmond City VA 23223","23223","Richmond City","Condominium","11/14/2023","$115,000","$100,000","33","Resale (occupied at least once)","1966","Villas Of Oakwood South","560","0.01","1","1.0","Public Water","Sewer - Public","Cash","Individuals"
"501","2322377","751-754-5410","CLOSD","2909 Grand Oaks Place, Henrico VA 23233","23233","Henrico","Single Family Residence","11/14/2023","$389,950","$411,000","6","Resale (occupied at least once)","1999","Rolling Oaks","1,710","0.23","3","2.1","Public Water","Sewer - Public","Conventional","Individuals"
"501","2321951","764-757-8973.008","CLOSD","7608 Roscommon Court #Unit2308, Henrico VA 23228","23228","Henrico","Condominium","11/14/2023","$215,900","$215,900","8","Resale (occupied at least once)","1989","Shannon Green Condo","912","0.02","2","2.0","Public Water","None","Conventional","Individuals"
"501","2321722","753-69-44-64-400-000","CLOSD","9349 Cardiff Loop Road, Chesterfield VA 23236","23236","Chesterfield","Single Family Residence","11/14/2023","$879,900","$860,000","20","Resale (occupied at least once)","1975","Bexley","4,952","0.86","5","3.2","Public Water","Sewer - Public","Cash","Partnership"
"501","2321589","C004-0457-034","CLOSD","7212 South Drive, Richmond City VA 23225","23225","Richmond City","Single Family Residence","11/14/2023","$445,000","$490,000","7","Resale (occupied at least once)","1957","Stratford Hills","1,555","0.34","3","1.1","Public Water","Sewer - Public","Conventional","Individuals"
"501","2321506","738-71-21-90-600-000","CLOSD","1621 Charrington Drive, Chesterfield VA 23113","23113","Chesterfield","Single Family Residence","11/14/2023","$290,000","$330,000","3","Resale (occupied at least once)","1971","Olde Coach Village","2,132","0.37","4","2.1","Public Water","Sewer - Public","Conventional","Estate"
"501","2320812","7768-67-3376","CLOSD","11373 Farrington Farm Lane, Hanover VA 23005","23005","Hanover","Single Family Residence","11/14/2023","$450,000","$435,000","19","Resale (occupied at least once)","1988","Farrington","2,353","5.34","3","2.1","Well","Septic - Conventional","Cash","Individuals"
"501","2320455","7797-55-8810","CLOSD","9209 Abingdon Manor Court, Hanover VA 23116","23116","Hanover","Single Family Residence","11/14/2023","$425,000","$450,000","18","Resale (occupied at least once)","1991","Kings Charter","2,326","0.25","4","2.1","Public Water","Sewer - Public","Conventional","Individuals"
"501","2313063","779-774-4302","CLOSD","10699 Skippers Street, Henrico VA 23059","23059","Henrico","Single Family Residence","11/14/2023","$564,900","$581,235","0","New (never occupied)","2023","River Mill","2,421","","4","2.1","Public Water","Sewer - Public","Conventional","Corporate"
"501","2310301","7725-01-8281","CLOSD","9236 Cerulean Place, Goochland VA 23238","23238","Goochland","Townhouse","11/14/2023","$588,270","$588,270","0","New (never occupied)","2023","Mosaic at West Creek","2,152","","2","2.1","Public Water","Sewer - Public","Cash","Corporate"
"501","2322112","711-68-50-88-800-000","CLOSD","4220 Hobblebush Terrace, Chesterfield VA 23120","23120","Chesterfield","Single Family Residence","11/15/2023","$625,000","$625,000","19","Resale (occupied at least once)","1987","Hunters Ridge","3,338","3.50","4","3.0","Public Water","Septic - Conventional","Cash","Individuals"
"501","2312157","W000-0952-002","CLOSD","2037 Monument Avenue, Richmond City VA 23220","23220","Richmond City","Single Family Residence","11/15/2023","$2,750,000","$2,200,000","140","Resale (occupied at least once)","1915","None","6,626","0.25","5","4.2","Public Water","Sewer - Public","Cash","Individuals"
"501","2325555","772-741-2936","CLOSD","5408 Westbourne Drive, Henrico VA 23230","23230","Henrico","Single Family Residence","11/15/2023","$265,000","$275,000","5","Resale (occupied at least once)","1956","Westbourne","1,516","0.18","4","2.0","Public Water","Sewer - Public","Conventional","Estate"
"501","2323183","W000-1244-018","CLOSD","8 North Arthur Ashe Boulevard, Richmond City VA 23220","23220","Richmond City","Single Family Residence","11/15/2023","$1,495,000","$1,495,000","9","Resale (occupied at least once)","1921","None","4,128","0.10","4","5.1","Public Water","Sewer - Public","Conventional","Partnership"
"501","2305157","698673497700000","CLOSD","18325 Cherry Oak Trail, Chesterfield VA 23120","23120","Chesterfield","Single Family Residence","11/15/2023","$619,990","$926,075","29","New (never occupied)","2023","Magnolia Green","3,765","","4","3.1","Public Water","Sewer - Public","Conventional","Corporate"
"501","2319097","20-21-0-42-0","CLOSD","3005 Willow Trace Lane, Goochland VA 23153","23153","Goochland","Single Family Residence","11/15/2023","$575,000","$550,000","85","Resale (occupied at least once)","2002","Mill Forest","2,886","3.00","4","2.1","Well","Septic - Conventional","Conventional","Individuals"
"501","2306987","7796-44-6799","CLOSD","9523 Halifax Green Drive, Hanover VA 23116","23116","Hanover","Single Family Residence","11/15/2023","$693,775","$715,215","3","New (never occupied)","2023","Giles Farm","3,656","0.25","5","4.0","Public Water","Sewer - Public","Conventional","Corporate"
"501","BRTVAHA2000506","8706-77-1523","CLOSD","9377 Kenna Way, Hanover VA 23116","23116","Hanover","Single Family Residence","11/15/2023","$575,000","$560,000","13","Resale (occupied at least once)","1995","NONE AVAILABLE","3,625","0.41","5","4.0","Public Water","Public Sewer On Site","",""
"501","2319780","111236","CLOSD","5812 Pilmour, New Kent VA 23140","23140","New Kent","Single Family Residence","11/15/2023","$400,000","$400,000","60","Resale (occupied at least once)","2017","Oakmont Villas","2,384","","4","2.1","Public Water","Sewer - Public","VA New","Individuals"
"501","2318807","755621941200000","CLOSD","10319 Westland Way, Chesterfield VA 23803","23803","Chesterfield","Single Family Residence","11/15/2023","$467,990","$467,070","19","New (never occupied)","2023","None","2,804","","4","2.1","Public Water","Sewer - Public","VA New","Corporate"
"501","2310867","713-67-03-39-600-000","CLOSD","7056 Leire Drive, Chesterfield VA 23832","23832","Chesterfield","Townhouse","11/15/2023","$442,750","$466,385","52","New (never occupied)","2023","Cosby Village Townhomes","2,198","","3","2.1","Public Water","Sewer - Public","Conventional","Corporate"
"501","2309628","785-761-4114","CLOSD","633 Brookwood Glen Terrace, Henrico VA 23060","23060","Henrico","Townhouse","11/15/2023","$394,940","$391,775","3","New (never occupied)","2023","Retreat at One","1,877","","3","2.1","Public Water","Sewer - Public","Conventional","Corporate"
"501","2323019","C009-0699-062","CLOSD","2909 Springview Drive, Richmond City VA 23234","23234","Richmond City","Single Family Residence","11/15/2023","$195,000","$205,000","10","Resale (occupied at least once)","1950","Cullenwood","1,037","0.22","3","1.0","Public Water","Sewer - Public","Conventional","Individuals"
"501","2324858","727-71-57-32-400-000","CLOSD","2420 Oakengate Lane, Chesterfield VA 23113","23113","Chesterfield","Single Family Residence","11/15/2023","$639,000","$643,000","8","Resale (occupied at least once)","1975","Salisbury","3,322","0.84","4","2.1","Public Water","Sewer - Public","Conventional","Individuals"
"501","2325010","742-69-37-82-700-000","CLOSD","2730 Providence Creek Road, Chesterfield VA 23236","23236","Chesterfield","Single Family Residence","11/15/2023","$329,900","$330,000","10","Resale (occupied at least once)","1994","Providence Creek","1,444","","3","2.0","Public Water","Sewer - Public","Conventional","Individuals"
"501","2323356","W019-0278-011","CLOSD","4517 Hanover Avenue, Richmond City VA 23221","23221","Richmond City","Single Family Residence","11/15/2023","$899,950","$899,950","7","Resale (occupied at least once)","2023","Colonial Place","2,358","0.08","3","2.1","Public Water","Sewer - Public","Conventional","Corporate"
"501","2320307","714-67-77-55-400-000","CLOSD","5500 Foxvale Court, Chesterfield VA 23112","23112","Chesterfield","Single Family Residence","11/15/2023","$475,000","$465,000","12","Resale (occupied at least once)","1995","Foxcroft","2,565","0.37","4","2.1","Public Water","Sewer - Public","Conventional","Individuals"
"501","2324758","821-685-5185","CLOSD","8260 Sunday Drive, Henrico VA 23231","23231","Henrico","Single Family Residence","11/15/2023","$329,000","$325,000","7","Resale (occupied at least once)","1988","None","1,785","1.86","3","2.0","Well","Septic - Conventional","Conventional","Individuals"
"501","2309721","7777-96-0452","CLOSD","10357 Burroughs Town Lane #UnitW 13-8, Hanover VA 23059","23059","Hanover","Townhouse","11/15/2023","$482,690","$508,800","17","New (never occupied)","2023","Chickahominy Falls","2,003","","3","3.0","Public Water","Sewer - Public","Conventional","Corporate"
"501","2322838","764-65-01-46-000-000","CLOSD","8401 Shagreen Court, Chesterfield VA 23838","23838","Chesterfield","Single Family Residence","11/15/2023","$555,000","$556,000","4","Resale (occupied at least once)","2004","The Highlands","3,771","1.62","4","3.1","Public Water","Septic - Conventional","Conventional","Individuals"
"501","2325232","746-746-2254","CLOSD","1539 Heritage Hill Circle, Henrico VA 23238","23238","Henrico","Townhouse","11/15/2023","$254,999","$267,000","3","Resale (occupied at least once)","1978","Heritage Hill Raintree","1,280","0.04","3","1.1","Public Water","Sewer - Public","Conventional","Individuals"
"501","2323056","758-69-70-89-700-000","CLOSD","1812 Stone River Road, Chesterfield VA 23235","23235","Chesterfield","Single Family Residence","11/15/2023","$285,000","$280,000","37","Resale (occupied at least once)","1998","Stonemill","1,416","0.21","4","2.0","Public Water","Sewer - Public","Cash","Individuals"
"501","2324556","19A  1 D   1","CLOSD","8648 Black Creek Road, New Kent VA 23141","23141","New Kent","Single Family Residence","11/15/2023","$343,950","$343,950","8","Resale (occupied at least once)","2017","Orapax Farms","1,525","0.84","3","2.0","Well","Septic - Conventional","Conventional","Individuals"
"501","2319649","S000-0767-003","CLOSD","2410 Halifax Avenue, Richmond City VA 23224","23224","Richmond City","Single Family Residence","11/15/2023","$169,995","$157,000","8","Resale (occupied at least once)","1934","Mason Park","1,261","0.11","3","1.1","Public Water","Sewer - Public","Other","Individuals"
"501","BRTVAPN2000042","053C 10     9","CLOSD","2320 Westwood Pine, Powhatan VA 23139","23139","Powhatan","Single Family Residence","11/15/2023","$999,000","$979,000","46","Resale (occupied at least once)","2004","NONE AVAILABLE","5,905","7.21","4","6.0","Well","Septic","",""
"501","2323004","767-766-1186","CLOSD","3233 Lakewood Road, Henrico VA 23060","23060","Henrico","Single Family Residence","11/15/2023","$685,000","$690,000","3","Resale (occupied at least once)","2021","Laurel Glen","2,839","0.69","4","3.0","Public Water","Sewer - Public","Conventional","Individuals"
"501","2309020","713-67-03-49-300-000","CLOSD","7060 Leire Drive, Chesterfield VA 23832","23832","Chesterfield","Townhouse","11/15/2023","$435,950","$434,345","0","New (never occupied)","2023","Cosby Village Townhomes","2,304","","3","2.1","Public Water","Sewer - Public","Conventional","Corporate"
"501","2324834","7880-82-2882","CLOSD","10829 Providence Woods Lane, Hanover VA 23005","23005","Hanover","Single Family Residence","11/15/2023","$490,000","$500,000","5","Resale (occupied at least once)","2016","Providence","2,186","0.17","4","3.0","Public Water","Sewer - Public","Conventional","Individuals"
"501","2325488","773-744-0897","CLOSD","5409 Forest Brook Drive, Henrico VA 23230","23230","Henrico","Single Family Residence","11/15/2023","$349,000","$356,500","5","Resale (occupied at least once)","1957","Rosemont","1,936","0.28","3","2.1","Public Water","Sewer - Public","VA New","Individuals"
"501","2325439","727-70-28-56-500-000","CLOSD","13926 Krim Point Way, Chesterfield VA 23114","23114","Chesterfield","Single Family Residence","11/15/2023","$419,950","$400,000","3","Resale (occupied at least once)","2001","Krim Point","2,072","0.14","3","2.0","Public Water","Sewer - Public","Cash","Estate"
"501","2325399","W000-0936-019","CLOSD","2104 Maplewood Avenue, Richmond City VA 23220","23220","Richmond City","Single Family Residence","11/15/2023","$599,950","$650,000","4","Resale (occupied at least once)","1923","None","1,504","0.05","3","2.1","Public Water","Sewer - Public","Cash","Individuals"
"501","2325353","786-68-93-10-600-020","CLOSD","5202 Castlewood Road #UnitB, Chesterfield VA 23234","23234","Chesterfield","Condominium","11/15/2023","$124,950","$124,950","2","Resale (occupied at least once)","1968","Tree Top Condominium","861","7.09","2","1.0","Public Water","Sewer - Public","Cash","Individuals"
"501","2325178","777-753-0306","CLOSD","2426 Swartwout Avenue, Henrico VA 23228","23228","Henrico","Single Family Residence","11/15/2023","$269,950","$271,950","4","Resale (occupied at least once)","1949","Woodland Hills","975","0.21","3","1.0","Public Water","Sewer - Public","Conventional","Estate, Individuals"
"501","2325058","769-761-0038","CLOSD","9460 Tracey Lynne Circle, Henrico VA 23060","23060","Henrico","Townhouse","11/15/2023","$267,950","$268,001","3","Resale (occupied at least once)","1988","Laurel Lakes Ths","1,220","0.04","2","2.1","Public Water","Sewer - Public","Conventional","Corporate"
"501","2325049","S007-1134-050","CLOSD","1319 Minefee Street, Richmond City VA 23224","23224","Richmond City","Townhouse","11/15/2023","$99,000","$99,000","3","Resale (occupied at least once)","1971","Stegge Court","896","0.04","2","1.0","Public Water","Sewer - Public","Cash","Individuals"
"501","2324886","C009-0093-010","CLOSD","1015 Bundy Avenue, Richmond City VA 23224","23224","Richmond City","Single Family Residence","11/15/2023","$205,000","$209,000","5","Resale (occupied at least once)","1950","Mcguire Homes","926","0.17","3","1.0","Public Water","Sewer - Public","FHA New","Individuals"
"501","2324869","W000-0660-013","CLOSD","1609 Floyd Avenue, Richmond City VA 23220","23220","Richmond City","Single Family Residence","11/15/2023","$499,000","$500,000","6","Resale (occupied at least once)","1909","None","1,756","0.05","2","2.0","Public Water","Sewer - Public","Conventional","Individuals"
"501","2324337","722-70-73-30-500-000","CLOSD","14416 Wallingham Court, Chesterfield VA 23114","23114","Chesterfield","Single Family Residence","11/15/2023","$447,000","$450,000","3","Resale (occupied at least once)","1975","Otterdale","1,934","0.39","4","2.1","Public Water","Septic - Conventional","Conventional","Individuals"
"501","2324306","W000-0836-011","CLOSD","1205 Georgia Avenue, Richmond City VA 23220","23220","Richmond City","Single Family Residence","11/15/2023","$265,000","$272,700","5","Resale (occupied at least once)","1960","Skyview Terrace","956","","3","1.0","Public Water","Sewer - Public","Cash","Individuals"
"501","2324247","725-69-91-85-700-000","CLOSD","1025 Jeffries Way, Chesterfield VA 23114","23114","Chesterfield","Single Family Residence","11/15/2023","$450,000","$450,000","5","Resale (occupied at least once)","2004","Leland Village At Charter Colony","2,595","0.18","4","2.1","Public Water","Sewer - Public","VA New","Individuals"
"501","2324210","C001-0426-016","CLOSD","4003 Collingbourne Road, Richmond City VA 23235","23235","Richmond City","Single Family Residence","11/15/2023","$495,000","$475,000","9","Resale (occupied at least once)","1959","Stratford Hills","2,324","0.33","4","3.0","Public Water","Sewer - Public","Cash","Corporate"
"501","2324179","W020-0189-008","CLOSD","119 Matoaka Road, Richmond City VA 23226","23226","Richmond City","Single Family Residence","11/15/2023","$899,000","$975,000","4","Resale (occupied at least once)","1939","Tuckahoe Terrace","3,158","0.24","5","3.1","Public Water","Sewer - Public","Cash","Individuals"
"501","2324060","726-69-68-87-200-000","CLOSD","14353 Colonyhouse Boulevard, Chesterfield VA 23114","23114","Chesterfield","Townhouse","11/15/2023","$435,000","$420,000","18","Resale (occupied at least once)","2020","Centerpointe Townes","2,133","0.04","3","2.2","Public Water","Sewer - Public","Cash","Individuals"
"501","2324028","737-779-9854","CLOSD","12301 Maybrook Lane, Henrico VA 23059","23059","Henrico","Single Family Residence","11/15/2023","$435,000","$466,000","5","Resale (occupied at least once)","1993","Maybrook At Wyndham","1,620","0.21","4","2.1","Public Water","Sewer - Public","Cash","Individuals"
"501","2323857","S007-1529-010","CLOSD","2301 Royall Avenue, Richmond City VA 23224","23224","Richmond City","Single Family Residence","11/15/2023","$265,000","$265,000","10","Resale (occupied at least once)","1930","Melrose","1,479","","3","2.1","Public Water","Sewer - Public","FHA New","Partnership"
"501","2323813","727-68-61-45-800-000","CLOSD","3103 Sterlings Bridge Terrace, Chesterfield VA 23112","23112","Chesterfield","Single Family Residence","11/15/2023","$375,000","$400,000","6","Resale (occupied at least once)","1979","Brandermill","1,930","0.27","3","2.1","Public Water","Sewer - Public","Conventional","Individuals"
"501","2323781","738-64-76-09-200-000","CLOSD","12041 Trailbrook Drive, Chesterfield VA 23838","23838","Chesterfield","Single Family Residence","11/15/2023","$475,000","$475,000","3","Resale (occupied at least once)","1984","Deerwood","3,186","1.43","3","2.1","Well","Septic - Conventional","Conventional","Individuals"
"501","2323773","46A  1    20","CLOSD","17350 Wedgewood Drive, New Kent VA 23089","23089","New Kent","Single Family Residence","11/15/2023","$370,000","$350,000","50","Resale (occupied at least once)","1976","Wedgewood","1,867","0.48","3","2.0","Public Water","Septic - Conventional","Conventional","Individuals"
"501","2323673","20B 2 9","CLOSD","3844 Elliot Field Trace, New Kent VA 23141","23141","New Kent","Single Family Residence","11/15/2023","$409,950","$405,000","6","Resale (occupied at least once)","2022","Kingsfield","1,719","0.57","4","2.1","Well","Septic - Conventional","Conventional","Individuals"
"501","2323558","784-69-28-42-800-000","CLOSD","3137 Grahamwood Drive, Chesterfield VA 23234","23234","Chesterfield","Single Family Residence","11/15/2023","$299,950","$305,000","6","Resale (occupied at least once)","1966","Falling Creek Court","2,322","0.63","3","2.0","Public Water","Sewer - Public","Conventional","Individuals"
"501","2323355","746-757-2818","CLOSD","11109 Woodbaron Court, Henrico VA 23233","23233","Henrico","Single Family Residence","11/15/2023","$440,000","$477,000","8","Resale (occupied at least once)","1993","Barony Woods","2,068","0.25","4","2.1","Public Water","Sewer - Public","Conventional","Individuals"
"501","2323215","781-65-31-94-300-047","CLOSD","5710 Magnolia Shore Lane, Chesterfield VA 23831","23831","Chesterfield","Condominium","11/15/2023","$370,000","$370,000","20","Resale (occupied at least once)","2015","Villas At Magnolia Lakes","1,550","26.28","2","2.0","Public Water","Sewer - Public","Cash","Individuals"
"501","2323097","7797-88-7689","CLOSD","9063 Aldingham Place, Hanover VA 23116","23116","Hanover","Single Family Residence","11/15/2023","$495,000","$510,000","4","Resale (occupied at least once)","1995","Ash Creek","2,540","0.35","4","2.1","Public Water","Sewer - Public","Conventional","Individuals"
"501","2322412","6789-96-9568","CLOSD","20004 Sterling Creek Lane, Hanover VA 23146","23146","Hanover","Single Family Residence","11/15/2023","$449,950","$481,000","4","Resale (occupied at least once)","1989","Sterling Ridge","2,098","2.50","4","2.1","Well","Septic - Conventional","Conventional","Individuals"
"501","2322385","763-765-3636.028","CLOSD","3605 Corrotoman Road, Henrico VA 23060","23060","Henrico","Condominium","11/15/2023","$532,500","$540,000","9","Resale (occupied at least once)","2006","The Carriage Homes @ Crossridge","2,503","","3","2.1","Public Water","Sewer - Public","Conventional","Individuals"
"501","2321819","053C-10-9","CLOSD","2320 Westwood Pine Drive, Powhatan VA 23120","23120","Powhatan","Single Family Residence","11/15/2023","$999,000","$979,000","44","Resale (occupied at least once)","2004","Genito West","5,905","7.20","4","3.3","Well","Other - See Remarks","VA New","Individuals"
"501","2321785","795-61-85-15-900-000","CLOSD","3708 Julep Drive, Chesterfield VA 23834","23834","Chesterfield","Single Family Residence","11/15/2023","$245,000","$250,000","3","Resale (occupied at least once)","1980","Colonial Pine Estates","1,194","0.27","3","1.1","Public Water","Sewer - Public","FHA New","Individuals"
"501","2321725","64-23-0-85-0","CLOSD","88 West Square Drive, Goochland VA 23238","23238","Goochland","Single Family Residence","11/15/2023","$1,069,000","$1,102,500","4","Resale (occupied at least once)","1998","Randolph Square","3,823","0.31","4","3.1","Public Water","Sewer - Public","Cash","Individuals"
"501","2321621","8706-47-7207","CLOSD","9372 Cedar Lane, Hanover VA 23116","23116","Hanover","Single Family Residence","11/15/2023","$399,000","$395,000","7","Resale (occupied at least once)","1965","Laurel Grove Estates","1,500","0.59","3","2.0","Well","Septic - Conventional","Cash","Individuals"
"501","2321171","7796-93-0554","CLOSD","9048 Jeans Grove Lane, Hanover VA 23116","23116","Hanover","Single Family Residence","11/15/2023","$415,000","$405,000","3","Resale (occupied at least once)","1991","Craney Island Farms","2,265","0.23","4","3.1","Public Water","Sewer - Public","Assumption","Individuals"
"501","2320270","848-709-4628","CLOSD","5858 Elko Road, Henrico VA 23150","23150","Henrico","Single Family Residence","11/15/2023","$309,950","$291,000","5","Resale (occupied at least once)","1968","Acreage","1,300","1.04","3","1.1","Public Water","Septic - Conventional","Cash","Estate"
"501","2320174","729705289600000","CLOSD","13752 Randolph Pond Lane, Chesterfield VA 23114","23114","Chesterfield","Townhouse","11/15/2023","$466,750","$466,750","25","New (never occupied)","2023","Randolph Pond","2,163","","3","2.1","Public Water","Sewer - Public","Conventional","Corporate"
"501","2319902","118923","CLOSD","8492 Warrior Road, New Kent VA 23141","23141","New Kent","Single Family Residence","11/15/2023","$424,950","$424,950","39","New (never occupied)","2023","Dispatch Station","2,072","","3","2.1","Public Water","Other - See Remarks","FHA New","Corporate"
"501","2318517","8756-02-5170","CLOSD","3453 Bronco Lane, Hanover VA 23111","23111","Hanover","Single Family Residence","11/15/2023","$855,000","$855,000","57","Resale (occupied at least once)","1989","Spring Run Meadows","3,398","10.00","4","2.1","Well","Septic - Conventional","Conventional","Individuals"
"501","2311632","Not Yet Assigned","CLOSD","4103 Next Level Trace, Chesterfield VA 23112","23112","Chesterfield","Condominium","11/15/2023","$313,250","$313,250","150","New (never occupied)","2023","Wescott","1,509","","2","2.0","Public Water","Sewer - Public","Cash","Corporate"
"501","2310577","7-25-B-1","CLOSD","5080 Charbelee Drive, Charles City County VA 23030","23030","Charles City County","Single Family Residence","11/15/2023","$575,000","$545,000","116","Resale (occupied at least once)","2007","None","5,600","5.00","6","4.1","Well","Other - See Remarks","FHA New","Individuals"
"501","2306900","W000-1323-026","CLOSD","21 South Tow Path Lane, Richmond City VA 23221","23221","Richmond City","Single Family Residence","11/15/2023","$3,195,000","$3,000,050","199","Resale (occupied at least once)","2009","Kanawha Trace","6,158","0.84","5","4.1","Public Water","Sewer - Public","Cash","Individuals"
"501","2303831","730-66-42-64-100-000","CLOSD","9230 Kinnerton Drive, Chesterfield VA 23112","23112","Chesterfield","Single Family Residence","11/15/2023","$512,950","$567,448","0","New (never occupied)","2023","Collington East","2,278","","3","2.0","Public Water","Sewer - Public","Conventional","Corporate"
"501","2302114","W0000081034","CLOSD","5 East Main Street #Unit14, Richmond City VA 23219","23219","Richmond City","Townhouse","11/15/2023","$799,900","$802,655","237","New (never occupied)","2023","None","2,350","","3","3.1","Public Water","Sewer - Public","Conventional","Corporate"
"501","2300592","7872-64-8195","CLOSD","11160 Old Ridge Road, Hanover VA 23047","23047","Hanover","Single Family Residence","11/15/2023","$562,949","$610,456","44","New (never occupied)","2023","None","2,572","5.09","4","2.1","Well","Septic - Conventional, Septic - Engineered","Conventional","Corporate"
"501","REIN10501989","053C-10-9","CLOSD","2320 Westwood Pine Drive, Powhatan VA 23120","23120","Powhatan","Single Family Residence","11/15/2023","$999,000","$979,000","43","Resale (occupied at least once)","2004","ALL OTHERS AREA 144","5,905","7.20","4","6.0","Well","Septic","",""
"501","2312561","E012-0227-018","CLOSD","1900 Rogers Street, Richmond City VA 23223","23223","Richmond City","Single Family Residence","11/16/2023","$179,950","$175,000","141","Resale (occupied at least once)","1949","Mechanicsville Gardens","779","0.21","3","1.0","Public Water","Sewer - Public","Conventional","Corporate"
"501","2305901","762657380900000","CLOSD","8542 Waterfowl Flyway, Chesterfield VA 23838","23838","Chesterfield","Single Family Residence","11/16/2023","$606,950","$691,128","0","New (never occupied)","2023","The Highlands","3,197","","5","4.0","Public Water","Septic - Conventional","Conventional","Corporate"
"501","2322374","761-753-8611","CLOSD","2308 Larkwood Road, Henrico VA 23294","23294","Henrico","Single Family Residence","11/16/2023","$385,000","$388,500","33","Resale (occupied at least once)","1956","Skipwith Heights","1,992","0.28","4","3.0","Public Water","Sewer - Public","Conventional","Individuals"
"501","2316389","774677729900000","CLOSD","5612 ADDISON GATE Drive #Unit34D, Chesterfield VA 23234","23234","Chesterfield","Townhouse","11/16/2023","$355,550","$370,000","20","New (never occupied)","2023","Austin Woods","1,564","","3","2.1","Public Water","Sewer - Public","VA New","Corporate"
"501","2323818","8724-36-6189","CLOSD","6318 Little Sorrel Drive, Hanover VA 23111","23111","Hanover","Single Family Residence","11/16/2023","$475,000","$475,000","15","Resale (occupied at least once)","2002","Travellers Run","2,935","0.32","4","2.1","Public Water","Sewer - Public","Conventional","Individuals"
"501","2309396","TBD","CLOSD","13281 Coalfield Station Lane, Chesterfield VA 23114","23114","Chesterfield","Condominium","11/16/2023","$442,085","$443,185","102","New (never occupied)","2023","Coalfield Station","2,350","","3","2.1","Public Water","Sewer - Public","Conventional","Corporate"
"501","2316891","802-737-6611","CLOSD","2115 Blossom Trail Avenue #UnitD-7, Henrico VA 23223","23223","Henrico","Townhouse","11/16/2023","$344,355","$344,355","0","New (never occupied)","2023","Reserve at Springdale Park","1,606","","3","2.1","Public Water","Sewer - Public","Conventional","Corporate"
"501","2322886","738-69-46-99-400-000","CLOSD","11700 Winbury Terrace, Chesterfield VA 23114","23114","Chesterfield","Single Family Residence","11/16/2023","$410,000","$406,000","21","Resale (occupied at least once)","1997","Westbury","2,053","0.25","4","2.1","Public Water","Sewer - Public","Conventional","Individuals"
"501","2325191","807-64-11-17-600-000","CLOSD","15018 Creek Edge Place, Chesterfield VA 23834","23834","Chesterfield","Single Family Residence","11/16/2023","$414,900","$420,000","5","Resale (occupied at least once)","1998","Southcreek","2,469","0.69","5","3.0","Public Water","Sewer - Public","VA New","Individuals"
"501","2323101","752-766-1246.776","CLOSD","4148 San Marco Drive, Henrico VA 23060","23060","Henrico","Condominium","11/16/2023","$337,500","$337,500","10","Resale (occupied at least once)","2006","Villas At Innsbrook","1,427","0.03","2","2.0","Public Water","Sewer - Public","VA New","Individuals"
"501","2324608","8706-87-5371","CLOSD","8093 Crown Colony Parkway, Hanover VA 23116","23116","Hanover","Single Family Residence","11/16/2023","$525,000","$520,000","2","Resale (occupied at least once)","1994","Crown Colony","3,419","0.40","4","3.1","Public Water","Sewer - Public","Conventional","Individuals"
"501","2324190","7709-97-9138","CLOSD","12520 Toms Half Acre Drive, Hanover VA 23146","23146","Hanover","Single Family Residence","11/16/2023","$350,000","$345,000","5","Resale (occupied at least once)","2010","None","1,024","3.12","1","2.1","Well","Septic - Conventional","FHA New","Individuals"
"501","2326102","758-760-2475","CLOSD","4137 English Holly Circle, Henrico VA 23294","23294","Henrico","Single Family Residence","11/16/2023","$359,950","$345,000","4","Resale (occupied at least once)","2001","Park West","1,316","0.16","2","2.0","Public Water","Sewer - Public","Cash","Individuals"
"501","2324394","E010-0045-009","CLOSD","1318 Garber Street, Richmond City VA 23231","23231","Richmond City","Single Family Residence","11/16/2023","$249,000","$250,000","3","Resale (occupied at least once)","1942","Waverly Place","930","0.15","2","1.0","Public Water","Sewer - Public","Conventional","Individuals"
"501","2324342","747-71-60-46-000-000","CLOSD","2328 Francine Road, Chesterfield VA 23235","23235","Chesterfield","Single Family Residence","11/16/2023","$339,950","$345,000","6","Resale (occupied at least once)","1962","Woodmont","1,886","0.37","3","2.0","Public Water","Sewer - Public","FHA New","Individuals"
"501","2310985","713-67-03-39-900-000","CLOSD","7052 Leire Drive, Chesterfield VA 23832","23832","Chesterfield","Townhouse","11/16/2023","$429,900","$454,695","64","New (never occupied)","2023","Cosby Village Townhomes","2,163","","3","2.1","Public Water","Sewer - Public","Conventional","Corporate"
"501","2306682","K19-4054-0260","CLOSD","11850 Knockholt Lane, New Kent VA 23124","23124","New Kent","Townhouse","11/16/2023","$337,790","$337,790","0","New (never occupied)","2023","Maidstone Village","1,743","","3","2.1","Public Water","Sewer - Public","FHA New","Corporate"
"501","2323620","758-68-53-19-500-000","CLOSD","4700 Boones Trail Court, Chesterfield VA 23832","23832","Chesterfield","Single Family Residence","11/16/2023","$260,000","$275,000","4","Resale (occupied at least once)","1986","Cabin Creek","1,428","0.26","4","2.0","Public Water","Sewer - Public","Conventional","Individuals"
"501","2321221","8715-32-7092","CLOSD","7325 Beechbark Lane, Hanover VA 23111","23111","Hanover","Townhouse","11/16/2023","$439,900","$439,900","28","Resale (occupied at least once)","2018","Cherry Grove Section 1 - Hanover","1,973","0.10","2","2.0","Public Water","Sewer - Public","Conventional","Individuals"
"501","2323694","745-769-7176","CLOSD","11419 Willows Green Way, Henrico VA 23059","23059","Henrico","Single Family Residence","11/16/2023","$750,000","$727,000","9","Resale (occupied at least once)","2005","Willows Bend","4,000","0.17","5","5.1","Public Water","Sewer - Public","Conventional","Individuals"
"501","2324690","W000-1513-030","CLOSD","3316 Floyd Avenue, Richmond City VA 23221","23221","Richmond City","Single Family Residence","11/16/2023","$769,000","$850,000","6","Resale (occupied at least once)","1915","None","2,174","0.09","5","2.0","Public Water","Sewer - Public","Conventional","Individuals"
"501","2320456","757-69-67-98-800-000","CLOSD","8400 Evening Star Place, Chesterfield VA 23235","23235","Chesterfield","Single Family Residence","11/16/2023","$420,000","$420,000","12","Resale (occupied at least once)","2019","Twilight Bluff","2,200","0.36","5","2.1","Public Water","Sewer - Public","Conventional","Individuals"
"501","2321491","8724-46-1818","CLOSD","6309 Broad Sky Circle, Hanover VA 23111","23111","Hanover","Single Family Residence","11/16/2023","$545,000","$530,000","58","Resale (occupied at least once)","2017","Adams Farm","2,795","0.19","5","3.0","Public Water","Sewer - Public","Cash","Individuals"
"501","2326071","44-26-0-30","CLOSD","1004 The Preserve Dr, Goochland VA 23102","23102","Goochland","Single Family Residence","11/16/2023","$794,950","$784,975","13","New (never occupied)","2023","The Preserve At Deerfield","3,892","2.00","5","5.0","Well","Septic - Conventional","Cash","Corporate"
"501","2325428","775-66-89-09-100-000","CLOSD","8918 Huntingcreek Place, Chesterfield VA 23237","23237","Chesterfield","Single Family Residence","11/16/2023","$245,000","$245,000","0","Resale (occupied at least once)","1979","Huntingcreek Hills","1,056","0.25","3","1.0","Public Water","Sewer - Public","Conventional","Individuals"
"501","2325412","791-65-48-67-700-000","CLOSD","12201 Petersburg Street, Chesterfield VA 23831","23831","Chesterfield","Single Family Residence","11/16/2023","$209,900","$251,000","0","Resale (occupied at least once)","1985","East Chester","1,296","1.11","4","2.0","Well","Sewer - Public","Cash","Individuals"
"501","2325158","742-68-25-97-700-000","CLOSD","4206 Frederick Farms Drive, Chesterfield VA 23112","23112","Chesterfield","Single Family Residence","11/16/2023","$270,000","$275,000","3","Resale (occupied at least once)","1985","Frederick Farms","1,188","0.29","3","2.0","Public Water","Sewer - Public","FHA New","Individuals"
"501","2325133","757-742-5863","CLOSD","1303 Beverly Drive, Henrico VA 23229","23229","Henrico","Single Family Residence","11/16/2023","$575,000","$580,000","0","Resale (occupied at least once)","1958","Beverly Hills","2,090","0.24","4","3.0","Public Water","Sewer - Public","Conventional","Individuals"
"501","2325063","7-1-0-14-0","CLOSD","4895 Old Fredericksburg Road, Goochland VA 23117","23117","Goochland","Single Family Residence","11/16/2023","$650,000","$632,125","8","Resale (occupied at least once)","2000","None","1,700","68.60","3","2.0","Well","Septic - Conventional","Cash","Individuals"
"501","2325000","7872-83-3689","CLOSD","15181 Breedens Road, Hanover VA 23047","23047","Hanover","Single Family Residence","11/16/2023","$375,000","$385,000","5","Resale (occupied at least once)","1985","None","2,136","2.00","3","2.1","Well","Septic - Conventional","Conventional","Individuals"
"501","2324974","757-760-1585","CLOSD","9345 Gildenfield Court, Henrico VA 23294","23294","Henrico","Townhouse","11/16/2023","$209,000","$205,000","4","Resale (occupied at least once)","1980","Pheasant Run Townhouses","1,120","0.04","3","1.1","Public Water","Sewer - Public","Cash","Individuals"
"501","2324883","20        54","CLOSD","7801 James Field Manor, New Kent VA 23141","23141","New Kent","Single Family Residence","11/16/2023","$524,900","$524,900","7","Resale (occupied at least once)","1975","None","1,904","2.84","3","2.0","Well","Septic - Conventional","FHA New","Individuals"
"501","2324795","C008-0427-020","CLOSD","4631 Haworth Road, Richmond City VA 23234","23234","Richmond City","Single Family Residence","11/16/2023","$165,000","$175,000","4","Resale (occupied at least once)","1982","British Camp Farm","1,056","0.38","3","1.0","Public Water","Sewer - Public","Cash","Individuals"
"501","2324655","7796-93-8868","CLOSD","8083 Rutland Village Drive, Hanover VA 23116","23116","Hanover","Townhouse","11/16/2023","$349,950","$355,000","7","Resale (occupied at least once)","2017","Rutland","1,912","0.03","3","3.1","Public Water","Sewer - Public","Conventional","Individuals"
"501","2324646","750-742-0547","CLOSD","9106 Gayton Road, Henrico VA 23229","23229","Henrico","Single Family Residence","11/16/2023","$499,750","$510,000","2","Resale (occupied at least once)","1953","Saint Andrews Terrace","2,468","0.44","4","2.1","Public Water","Septic - Conventional","Conventional","Individuals"
"501","2324618","W022-0213-006","CLOSD","307 Charmian Road, Richmond City VA 23226","23226","Richmond City","Single Family Residence","11/16/2023","$1,250,000","$1,463,500","6","Resale (occupied at least once)","1951","Hillcrest","3,562","0.53","4","3.0","Public Water","Sewer - Public","Conventional","Individuals"
"501","2324339","754-71-96-40-700-000","CLOSD","2600 McRae Road, Chesterfield VA 23235","23235","Chesterfield","Single Family Residence","11/16/2023","$469,990","$471,000","5","Resale (occupied at least once)","1955","Bon Air","2,103","0.56","3","2.1","Public Water","Sewer - Public","Conventional","Individuals"
"501","2324153","8704-29-4915","CLOSD","8382 Mary Mundie Lane, Hanover VA 23111","23111","Hanover","Single Family Residence","11/16/2023","$375,000","$385,000","6","Resale (occupied at least once)","1999","Berry Pointe","1,874","0.38","4","2.1","Public Water","Sewer - Public","Conventional","Individuals"
"501","2324114","30A 1 119","CLOSD","6260 Lakeside Drive, New Kent VA 23141","23141","New Kent","Single Family Residence","11/16/2023","$300,000","$305,000","7","Resale (occupied at least once)","2019","Woodhaven Shores","1,370","0.28","3","2.1","Public Water","Septic - Aerobic","Conventional","Individuals"
"501","2323927","731-750-1265.017","CLOSD","2416 Wanstead Court, Henrico VA 23238","23238","Henrico","Condominium","11/16/2023","$449,900","$440,000","13","Resale (occupied at least once)","2003","Villas Of Autumn Run","1,709","0.52","3","2.0","Public Water","Sewer - Public","Conventional","Individuals"
"501","2323732","743-759-4485","CLOSD","426 Geese Landing, Henrico VA 23060","23060","Henrico","Townhouse","11/16/2023","$589,000","$595,000","4","Resale (occupied at least once)","2009","West Broad Village","2,892","0.04","4","3.1","Public Water","Sewer - Public","Conventional","Individuals"
"501","2323204","C005-0307-024","CLOSD","5524 Devonshire Court, Richmond City VA 23225","23225","Richmond City","Single Family Residence","11/16/2023","$775,000","$754,000","32","Resale (occupied at least once)","1996","Westover Hills","2,714","0.24","4","2.1","Public Water","Sewer - Public","Conventional","Individuals"
"501","2322969","N000-1149-008","CLOSD","517 Bancroft Avenue, Richmond City VA 23222","23222","Richmond City","Single Family Residence","11/16/2023","$424,950","$440,000","4","Resale (occupied at least once)","1926","Providence Park","2,198","0.17","4","2.1","Public Water","Sewer - Public","Conventional","Individuals"
"501","2322457","774-744-3490.148","CLOSD","29 Rock Garden Lane, Henrico VA 23228","23228","Henrico","Condominium","11/16/2023","$169,950","$165,000","28","Resale (occupied at least once)","1962","Hamlet Condominium","923","0.02","2","1.1","Public Water","Community - Sewer/Septic","Cash","Individuals"
"501","2321765","W000-0849-053","CLOSD","1917 West Cary Street, Richmond City VA 23220","23220","Richmond City","Condominium","11/16/2023","$349,950","$340,000","30","Resale (occupied at least once)","2006","Lofts at Cary Place Condo","1,167","0.75","2","2.0","Public Water","Sewer - Public","Conventional","Individuals"
"501","2321340","7870-55-0125","CLOSD","623 Chapman Street, Hanover VA 23005","23005","Hanover","Single Family Residence","11/16/2023","$695,000","$680,000","11","Resale (occupied at least once)","2019","Lauradell","2,626","0.63","3","2.1","Public Water","Sewer - Public","Cash","Individuals"
"501","2321135","823-728-2000","CLOSD","708 Wales Court, Henrico VA 23075","23075","Henrico","Single Family Residence","11/16/2023","$294,100","$308,000","2","Resale (occupied at least once)","1974","Confederate Hills Estates","3,108","0.70","4","2.2","Public Water","Sewer - Public","Conventional","Estate"
"501","2316609","782-67-11-79-000-000","CLOSD","4401 Kingsland Road, Chesterfield VA 23237","23237","Chesterfield","Single Family Residence","11/16/2023","$405,000","$406,500","64","Resale (occupied at least once)","1944","None","2,418","1.50","3","2.1","Well","Septic - Conventional","Conventional","Individuals"
"501","2312460","7725-01-8441","CLOSD","9238 Cerulean Place, Goochland VA 23238","23238","Goochland","Townhouse","11/16/2023","$550,645","$550,645","134","New (never occupied)","2023","Mosaic at West Creek","2,124","","4","3.0","Public Water","Sewer - Public","Cash","Corporate"
"501","2308710","737678105300000","CLOSD","3631 Rainy Day Drive, Chesterfield VA 23112","23112","Chesterfield","Townhouse","11/16/2023","$397,230","$397,230","0","New (never occupied)","2023","Wescott","1,829","","3","2.1","Public Water","Sewer - Public","Conventional","Corporate"
"501","2308648","711679211800000","CLOSD","5407 Swift Fox Court, Chesterfield VA 23120","23120","Chesterfield","Single Family Residence","11/16/2023","$581,950","$609,434","0","New (never occupied)","2023","Foxfield","3,220","","5","3.1","Public Water","Sewer - Public","Conventional","Corporate"
"501","BRTVACF2000548","791654867700000","CLOSD","12201 Petersburg Street, Chesterfield VA 23831","23831","Chesterfield","Single Family Residence","11/16/2023","$209,900","$251,000","2","Resale (occupied at least once)","1985","NONE AVAILABLE","1,296","1.11","4","2.0","","Public Sewer On Site","",""
"501","REIN10505292","30A  1   119","CLOSD","6260 Lakeside Drive, New Kent VA 23141","23141","New Kent","Single Family Residence","11/16/2023","$300,000","$305,000","6","Resale (occupied at least once)","2019","WOODHAVEN SHORES","1,370","0.28","3","3.0","Public Water","Septic","",""
"501","REIN10479440","K19-4054-0260","CLOSD","11850 Knockholt Lane, New Kent VA 23124","23124","New Kent","Townhouse","11/16/2023","$337,790","$337,790","0","New (never occupied)","2023","MAIDSTONE VILLAGE","1,743","","3","3.0","Public Water","Public Sewer On Site","",""
"501","2325013","791-65-86-28-100-000","CLOSD","3621 Wood Dale Road, Chesterfield VA 23831","23831","Chesterfield","Single Family Residence","11/17/2023","$299,900","$305,000","7","Resale (occupied at least once)","1973","Trueheart Heights","1,708","0.43","3","2.0","Public Water","Septic - Conventional","FHA New","Individuals"
"501","BRTVAHN2000396","739-744-5869","CLOSD","1512 Helmsdale Drive, Henrico VA 23238","23238","Henrico","Single Family Residence","11/17/2023","$615,000","$628,000","0","Resale (occupied at least once)","1982","KINGSLEY","3,144","0.00","0","0.0","Public Water","Public Sewer On Site, Septic - Shared","",""
"501","2319751","779-67-09-41-100-000","CLOSD","8603 Kingsland Park Court, Chesterfield VA 23237","23237","Chesterfield","Single Family Residence","11/17/2023","$469,990","$479,670","15","New (never occupied)","2024","Kingsland Park","2,423","0.30","4","2.1","Public Water","Sewer - Public","FHA New","Corporate"
"501","2325239","7797-89-5044","CLOSD","9069 Auburn Grove Court, Hanover VA 23116","23116","Hanover","Single Family Residence","11/17/2023","$515,000","$531,000","11","Resale (occupied at least once)","1999","Ash Creek","3,141","0.44","5","2.1","Public Water","Sewer - Public","FHA New","Individuals"
"501","2321551","756-735-0428","CLOSD","8302 University Place, Henrico VA 23229","23229","Henrico","Single Family Residence","11/17/2023","$724,000","$721,000","28","Resale (occupied at least once)","1971","River Road Hills","2,592","0.35","5","3.0","Public Water","Sewer - Public","Conventional","Individuals"
"501","2322407","741-70-09-21-200-000","CLOSD","11312 McCauliff Court, Chesterfield VA 23236","23236","Chesterfield","Single Family Residence","11/17/2023","$470,000","$455,000","23","Resale (occupied at least once)","1998","Monacan Hills","2,446","0.30","4","2.1","Public Water","Sewer - Public","Conventional","Individuals"
"501","2307729","706-68-25-81-400-000","CLOSD","17101 Melbrook Court, Chesterfield VA 23120","23120","Chesterfield","Single Family Residence","11/17/2023","$608,950","$699,949","0","New (never occupied)","2023","Westerleigh","3,449","","5","4.0","Public Water","Sewer - Public","Conventional","Corporate"
"501","2312709","E000-1097-010","CLOSD","3220 Kuhn Street, Richmond City VA 23223","23223","Richmond City","Single Family Residence","11/17/2023","$385,000","$395,386","13","New (never occupied)","2023","Armstrong","1,923","","3","2.1","Public Water","Sewer - Public","Conventional","Corporate"
"501","2312404","785-761-4712","CLOSD","637 Brookwood Glen Terrace, Henrico VA 23060","23060","Henrico","Townhouse","11/17/2023","$399,430","$394,430","39","New (never occupied)","2023","Retreat at One","1,877","","3","2.1","Public Water","Sewer - Public","Conventional","Corporate"
"501","2305756","797-66-13-97-800-000","CLOSD","11366 Elokomin Avenue, Chesterfield VA 23831","23831","Chesterfield","Single Family Residence","11/17/2023","$499,995","$493,640","44","New (never occupied)","2023","Rolling Ridge","2,169","0.39","5","3.1","Public Water","Sewer - Public","Conventional","Corporate"
"501","2325079","E0000515019","CLOSD","1115 North 21st Street, Richmond City VA 23223","23223","Richmond City","Single Family Residence","11/17/2023","$449,990","$449,990","5","Resale (occupied at least once)","1955","Fairmount Park","1,906","0.09","3","2.1","Public Water","Sewer - Public","Conventional","Individuals"
"501","2323507","784-62-84-58-100-000","CLOSD","17401 Creekbed Road, Chesterfield VA 23838","23838","Chesterfield","Single Family Residence","11/17/2023","$425,000","$425,000","15","Resale (occupied at least once)","2011","Swift Creek Estates","2,406","1.51","4","2.1","Public Water","Septic - Conventional","Conventional","Individuals"
"501","2322122","53-622-07-39-00000","CLOSD","10402 Chesdin Ridge Court, Chesterfield VA 23083","23083","Chesterfield","Single Family Residence","11/17/2023","$459,900","$455,000","37","Resale (occupied at least once)","2011","Chesdin Ridge","2,628","","5","3.0","Public Water","Sewer - Public","Conventional","Corporate"
"501","2321414","C005-0863-030","CLOSD","628 Tarpley Road, Richmond City VA 23225","23225","Richmond City","Single Family Residence","11/17/2023","$284,500","$277,500","34","Resale (occupied at least once)","1969","Westover South","1,582","0.33","4","2.1","Public Water","Sewer - Public","Conventional","Individuals"
"501","2325893","C005-0749-037","CLOSD","713 Goodwood Road, Richmond City VA 23225","23225","Richmond City","Single Family Residence","11/17/2023","$199,950","$185,000","2","Resale (occupied at least once)","1977","Goodwood","1,248","0.19","3","1.1","Public Water","Sewer - Public","Cash","Individuals"
"501","2323352","749-68-30-58-100-000","CLOSD","10205 Sarah Street, Chesterfield VA 23112","23112","Chesterfield","Townhouse","11/17/2023","$270,000","$280,000","4","Resale (occupied at least once)","2006","Rockwood Terrace Townhouse","1,740","0.04","4","3.1","Public Water","Sewer - Public","Conventional","Individuals"
"501","2311219","779-773-7885","CLOSD","10727 Skippers Street, Henrico VA 23059","23059","Henrico","Single Family Residence","11/17/2023","$571,825","$595,380","0","New (never occupied)","2023","River Mill","2,369","","3","2.1","Public Water","Sewer - Public","Conventional","Corporate"
"501","2309707","7777-96-0410","CLOSD","10363 Burroughs Town Lane #UnitW 14-8, Hanover VA 23059","23059","Hanover","Townhouse","11/17/2023","$483,810","$536,178","18","New (never occupied)","2023","Chickahominy Falls","2,030","","3","3.0","Public Water","Sewer - Public","Conventional","Corporate"
"501","2325391","S000-0861-040","CLOSD","1821 Joplin Avenue, Richmond City VA 23224","23224","Richmond City","Single Family Residence","11/17/2023","$209,900","$209,900","7","Resale (occupied at least once)","1940","Oak Grove","1,008","0.11","3","1.0","Public Water","Sewer - Public","VA New","Corporate"
"501","2324784","803-703-3942","CLOSD","6416 Gilchrist Avenue, Henrico VA 23231","23231","Henrico","Single Family Residence","11/17/2023","$299,950","$300,000","11","Resale (occupied at least once)","1976","New Market Farms","1,520","0.31","3","1.1","Public Water","Sewer - Public","VA New","Individuals"
"501","2324935","824-723-9387","CLOSD","119 North New Avenue, Henrico VA 23075","23075","Henrico","Single Family Residence","11/17/2023","$225,000","$240,000","2","Resale (occupied at least once)","1937","Highland Springs","1,866","0.17","3","1.1","Public Water","Sewer - Public","Conventional","Individuals"
"501","2325650","734-751-7468","CLOSD","12515 Eagle Ridge Road, Henrico VA 23233","23233","Henrico","Single Family Residence","11/17/2023","$489,900","$500,000","3","Resale (occupied at least once)","1988","Bennington Ridge","2,132","0.29","4","2.1","Public Water","Sewer - Public","Conventional","Individuals"
"501","2323030","777-747-8754","CLOSD","2714 Kenwood Avenue, Henrico VA 23228","23228","Henrico","Single Family Residence","11/17/2023","$375,000","$375,000","7","Resale (occupied at least once)","1940","Hermitage Park","1,640","0.17","2","2.0","Public Water","Sewer - Public","Conventional","Individuals"
"501","2325545","8704-87-2331","CLOSD","7368 Luck Avenue, Hanover VA 23111","23111","Hanover","Single Family Residence","11/17/2023","$325,000","$322,500","9","Resale (occupied at least once)","1989","None","1,456","0.46","3","2.1","Public Water","Sewer - Public","Cash","Individuals"
"501","2324050","E000-0768-028","CLOSD","1417 Mechanicsville Turnpike, Richmond City VA 23223","23223","Richmond City","Single Family Residence","11/17/2023","$265,000","$240,000","15","Resale (occupied at least once)","1915","East End","1,440","0.09","3","2.1","Public Water","Sewer - Public","FHA New","Individuals"
"501","2321076","805-726-7119","CLOSD","3100 Stone Dale Court, Henrico VA 23223","23223","Henrico","Single Family Residence","11/17/2023","$334,900","$330,000","14","Resale (occupied at least once)","2004","Stony Run","2,094","0.26","4","2.1","Public Water","Sewer - Public","Conventional","Individuals"
"501","2309402","TBD","CLOSD","13279 Coalfield Station Lane, Chesterfield VA 23114","23114","Chesterfield","Condominium","11/17/2023","$353,140","$332,640","4","New (never occupied)","2023","Coalfield Station","1,573","","3","2.1","Public Water","Sewer - Public","Conventional","Corporate"
"501","2326240","C001-0525-016","CLOSD","4149 Traylor Drive, Richmond City VA 23235","23235","Richmond City","Single Family Residence","11/17/2023","$425,000","$425,000","3","Resale (occupied at least once)","1968","Traylor Estates","2,932","0.63","3","3.0","Public Water","Sewer - Public","Cash","Individuals"
"501","2326145","751-760-0359","CLOSD","4013 Bush Lake Place, Henrico VA 23060","23060","Henrico","Townhouse","11/17/2023","$314,950","$315,000","5","Resale (occupied at least once)","1985","Lexington Village Townhouses","1,532","","3","3.0","Public Water","Sewer - Public","Cash","Individuals"
"501","2326027","793-61-31-59-100-000","CLOSD","20524 Southlawn Avenue, Chesterfield VA 23803","23803","Chesterfield","Single Family Residence","11/17/2023","$259,900","$260,000","2","Resale (occupied at least once)","1947","Fieldcrest","1,523","0.36","4","2.0","Public Water","Sewer - Public","Conventional","Individuals"
"501","2325963","784-66-78-79-700-000","CLOSD","9548 Alfaree Road, Chesterfield VA 23237","23237","Chesterfield","Single Family Residence","11/17/2023","$339,900","$330,000","6","Resale (occupied at least once)","1977","Kendale Acres","2,720","0.28","4","2.1","Public Water","Sewer - Public","Conventional","Individuals"
"501","2325714","748-747-4188","CLOSD","9628 Della Drive, Henrico VA 23238","23238","Henrico","Single Family Residence","11/17/2023","$400,000","$420,000","2","Resale (occupied at least once)","1977","Rainbrook","1,808","0.30","3","3.0","Public Water","Sewer - Public","Cash","Individuals"
"501","2325514","19-1-0-8-D","CLOSD","3350 Forest Grove Road, Goochland VA 23153","23153","Goochland","Single Family Residence","11/17/2023","$265,000","$300,000","6","Resale (occupied at least once)","1994","Sandy Hook","1,010","2.50","3","2.0","Well","Septic - Conventional","Cash","Individuals"
"501","2325392","733-750-2310","CLOSD","12313 Poplar Forest Drive, Henrico VA 23238","23238","Henrico","Single Family Residence","11/17/2023","$329,950","$357,000","6","Resale (occupied at least once)","1984","Heritage Oaks","1,592","0.24","3","2.1","Public Water","Sewer - Public","Conventional","Individuals"
"501","2325365","58-41-6-2-0","CLOSD","604 Fairstead Road, Goochland VA 23103","23103","Goochland","Single Family Residence","11/17/2023","$899,900","$910,000","8","Resale (occupied at least once)","2007","Kinloch","4,461","0.35","4","3.2","Public Water","Sewer - Public","Cash","Individuals"
"501","2325350","739-744-5869","CLOSD","1512 Helmsdale Drive, Henrico VA 23238","23238","Henrico","Single Family Residence","11/17/2023","$615,000","$628,000","7","Resale (occupied at least once)","1982","Kingsley","3,144","0.54","4","2.1","Public Water","Sewer - Public","Conventional","Individuals"
"501","2325297","709-69-95-44-400-000","CLOSD","16518 Saville Chase Road, Chesterfield VA 23112","23112","Chesterfield","Single Family Residence","11/17/2023","$949,000","$940,000","8","Resale (occupied at least once)","2019","Hallsley","4,895","0.50","4","4.1","Public Water","Sewer - Public","Conventional","Individuals"
"501","2325034","8724-35-7791","CLOSD","7317 Highlander Place, Hanover VA 23111","23111","Hanover","Single Family Residence","11/17/2023","$445,000","$450,000","4","Resale (occupied at least once)","2002","Travellers Run","2,236","0.66","4","2.1","Public Water","Sewer - Public","Conventional","Individuals"
"501","2324968","734-780-2794.079","CLOSD","12484 Donahue Road, Henrico VA 23059","23059","Henrico","Single Family Residence","11/17/2023","$799,995","$802,850","13","Resale (occupied at least once)","2021","Dominion Park At Wyndham","3,252","0.15","5","4.1","Public Water","Sewer - Public","Conventional","Individuals"
"501","2324914","W000-1998-011","CLOSD","4401 Augusta Avenue, Richmond City VA 23230","23230","Richmond City","Single Family Residence","11/17/2023","$625,000","$560,000","5","Resale (occupied at least once)","1949","Monument Avenue Park","2,726","0.26","5","2.1","Public Water","Sewer - Public","Other","Estate"
"501","2324889","014-86C","CLOSD","4540 Powhatan Lakes Road, Powhatan VA 23139","23139","Powhatan","Single Family Residence","11/17/2023","$359,950","$359,950","4","Resale (occupied at least once)","1990","None","1,958","4.07","3","2.0","Well","Septic - Conventional","VA New","Corporate"
"501","2324830","756-767-5790","CLOSD","5329 Linsey Lakes Drive, Henrico VA 23060","23060","Henrico","Single Family Residence","11/17/2023","$475,000","$470,000","8","Resale (occupied at least once)","1995","Linsey Lakes","2,301","0.17","4","2.1","Public Water","Sewer - Public","Conventional","Individuals"
"501","2324759","793-66-07-58-600-000","CLOSD","3315 Walnut Cove Court, Chesterfield VA 23831","23831","Chesterfield","Single Family Residence","11/17/2023","$265,000","$235,000","14","Resale (occupied at least once)","1991","Cameron Run","1,252","0.26","3","2.0","Public Water","Sewer - Public","Conventional","Individuals"
"501","2324741","791-61-05-75-700-000","CLOSD","4313 River Road, Chesterfield VA 23803","23803","Chesterfield","Single Family Residence","11/17/2023","$200,000","$205,000","7","Resale (occupied at least once)","1946","None","875","0.87","2","1.0","Public Water","Sewer - Public","Conventional","Individuals"
"501","2324674","8177287985","CLOSD","5906 3rd, Henrico VA 23223","23223","Henrico","Single Family Residence","11/17/2023","$249,999","$249,999","-4","Resale (occupied at least once)","1937","Bungalow City","1,200","","3","2.0","Public Water","Sewer - Public","Other","Corporate"
"501","2324671","753-761-6984","CLOSD","4317 Boscastle Court, Henrico VA 23060","23060","Henrico","Single Family Residence","11/17/2023","$495,000","$495,000","6","Resale (occupied at least once)","1998","Woodberry","2,196","0.33","4","2.1","Public Water","Sewer - Public","Conventional","Individuals"
"501","2324629","796-63-47-66-300-000","CLOSD","16001 Meridian Avenue, Chesterfield VA 23831","23831","Chesterfield","Single Family Residence","11/17/2023","$205,000","$250,000","2","Resale (occupied at least once)","1960","Timsberry Gardens","1,040","0.35","2","1.1","Public Water","Sewer - Public","Conventional","Individuals"
"501","2324620","E000-0254-006","CLOSD","512 North 22nd Street, Richmond City VA 23223","23223","Richmond City","Single Family Residence","11/17/2023","$499,950","$515,000","7","Resale (occupied at least once)","1890","None","1,974","0.04","3","1.1","Public Water","Sewer - Public","Conventional","Individuals"
"501","2324609","760-69-72-31-600-000","CLOSD","2141 Lake Surrey Drive, Chesterfield VA 23235","23235","Chesterfield","Single Family Residence","11/17/2023","$449,950","$479,500","5","Resale (occupied at least once)","1973","Surreywood","2,422","0.42","4","2.1","Public Water","Sewer - Public","Conventional","Individuals"
"1001","2324597","751-71-50-20-900-121","CLOSD","10352 Iron Mill Road, Chesterfield VA 23235","23235","Chesterfield","Condominium","11/17/2023","$154,300","$165,000","2","Resale (occupied at least once)","1973","Edgehill Condo","960","18.14","2","1.1","Public Water","Sewer - Public","Conventional","Individuals"
"1001","2324509","712-67-25-55-200-214","CLOSD","6700 Liege Hill, Chesterfield VA 23120","23120","Chesterfield","Condominium","11/17/2023","$519,900","$522,500","14","Resale (occupied at least once)","2021","Greenwich Walk At Foxcreek","2,609","","3","3.0","Public Water","Sewer - Public","Cash","Individuals"
"1001","2324424","757-737-8898","CLOSD","802 Lindsay Court, Henrico VA 23229","23229","Henrico","Single Family Residence","11/17/2023","$899,000","$950,000","7","Resale (occupied at least once)","1975","Lindsay Court","3,519","0.26","5","3.1","Public Water","Sewer - Public","Conventional","Individuals"
"1001","2324326","806-709-2653","CLOSD","5901 Edgelawn Street, Henrico VA 23231","23231","Henrico","Single Family Residence","11/17/2023","$215,000","$225,000","5","Resale (occupied at least once)","1935","Edgehill Lawn","936","0.34","3","1.0","Public Water","Sewer - Public","VA New","Partnership"
"1001","2324310","W019-0157-007","CLOSD","4610 Bromley Lane, Richmond City VA 23226","23226","Richmond City","Single Family Residence","11/17/2023","$495,000","$501,000","7","Resale (occupied at least once)","1951","None","1,539","0.19","3","2.0","Public Water","Sewer - Public","Conventional","Individuals"
"1001","2324290","773-66-27-52-600-000","CLOSD","9814 Nott Lane, Chesterfield VA 23832","23832","Chesterfield","Single Family Residence","11/17/2023","$325,000","$325,000","9","Resale (occupied at least once)","1985","Courthouse Woods","1,339","0.26","3","2.0","Public Water","Sewer - Public","Conventional","Corporate, Individuals"
"1001","2324214","764-764-1014","CLOSD","3473 Fitchetts Lane, Henrico VA 23060","23060","Henrico","Single Family Residence","11/17/2023","$525,000","$525,000","2","Resale (occupied at least once)","2002","The Cottages At Crossridge","2,230","0.19","3","3.0","Public Water","Sewer - Public","Conventional","Individuals"
"1001","2324157","828-713-3561","CLOSD","202 Wootton Road, Henrico VA 23150","23150","Henrico","Single Family Residence","11/17/2023","$249,900","$250,000","15","Resale (occupied at least once)","1954","Sandston","1,235","0.64","3","1.0","Public Water","Sewer - Public","FHA New","Individuals"
"1001","2324012","W000-1039-043","CLOSD","101 North Stafford Avenue #UnitU2, Richmond City VA 23220","23220","Richmond City","Condominium","11/17/2023","$339,950","$350,000","6","Resale (occupied at least once)","1914","None","1,140","0.03","2","2.0","Public Water","Sewer - Public","Conventional","Individuals"
"1001","2324000","771-749-5731","CLOSD","7300 Birch Point Drive #Unit7300, Henrico VA 23228","23228","Henrico","Townhouse","11/17/2023","$389,900","$405,000","6","Resale (occupied at least once)","2007","Glenside Woods","2,134","0.09","3","2.1","Public Water","Sewer - Public","Conventional","Individuals"
"1001","2323896","7748-44-4962","CLOSD","11252 Cauthorne Road, Hanover VA 23059","23059","Hanover","Single Family Residence","11/17/2023","$515,000","$487,500","6","Resale (occupied at least once)","1954","None","2,848","3.05","3","2.1","Well","Septic - Conventional","Cash","Individuals"
"1001","2323820","842-693-2876","CLOSD","7405 Wellington Woods Road, Henrico VA 23231","23231","Henrico","Single Family Residence","11/17/2023","$545,000","$535,000","17","Resale (occupied at least once)","2006","Wellington Woods","3,692","1.11","4","4.0","Well","Septic - Engineered","Conventional","Individuals"
"1001","2323756","782-769-2567.042","CLOSD","1530 Patriot Circle, Henrico VA 23059","23059","Henrico","Condominium","11/17/2023","$299,000","$310,000","8","Resale (occupied at least once)","1998","The Villas At Virginia Center","1,160","10.20","2","2.0","Public Water","Sewer - Public","Conventional","Individuals"
"1001","2323736","775-765-5593","CLOSD","10490 Marions Way, Henrico VA 23060","23060","Henrico","Townhouse","11/17/2023","$399,900","$399,900","17","Resale (occupied at least once)","2016","Townes At Woodman","2,071","0.07","3","3.1","Public Water","Sewer - Public","Conventional","Individuals"
"1001","2323508","799-708-2946","CLOSD","5905 Old Osborne Turnpike, Henrico VA 23231","23231","Henrico","Single Family Residence","11/17/2023","$379,950","$380,000","21","Resale (occupied at least once)","1954","None","1,993","1.37","3","2.0","Well","Septic - Conventional","Conventional","Individuals"
"1001","2323473","8724-58-1920","CLOSD","8117 Stony River Place, Hanover VA 23111","23111","Hanover","Townhouse","11/17/2023","$339,900","$330,000","19","Resale (occupied at least once)","2018","Village At Pebble Lake","1,532","0.04","3","2.1","Public Water","Sewer - Public","Cash","Individuals"
"1001","2323243","757-732-8067","CLOSD","105 Culpeper Road, Henrico VA 23229","23229","Henrico","Single Family Residence","11/17/2023","$1,395,000","$1,550,000","5","Resale (occupied at least once)","2015","Westham Ridge","4,302","0.63","5","4.1","Public Water","Sewer - Public","Conventional","Individuals"
"1001","2323163","W000-0613-068","CLOSD","413 Stuart Circle #UnitU5-E, Richmond City VA 23220","23220","Richmond City","Condominium","11/17/2023","$499,500","$499,950","22","Resale (occupied at least once)","1913","One Monument Avenue","1,311","","2","2.0","Public Water","Sewer - Public","Cash","Individuals"
"1001","2323050","744-759-3369","CLOSD","218 Geese Landing, Henrico VA 23060","23060","Henrico","Townhouse","11/17/2023","$600,000","$600,000","7","Resale (occupied at least once)","2014","West Broad Village","2,892","0.04","4","3.1","Public Water","Sewer - Public","Conventional","Individuals"
"1001","2322958","777-745-3366","CLOSD","2909 Greenway Avenue, Henrico VA 23228","23228","Henrico","Single Family Residence","11/17/2023","$350,000","$370,000","7","Resale (occupied at least once)","2010","Bryan Park Gardens","1,320","0.23","3","2.0","Public Water","Sewer - Public","Cash","Individuals"
"1001","2322897","034A-5-2R","CLOSD","2120 Walnut Tree Terrace, Powhatan VA 23139","23139","Powhatan","Single Family Residence","11/17/2023","$399,900","$399,900","7","Resale (occupied at least once)","2019","Walnut Creek","1,832","3.92","3","2.1","Well","Septic - Conventional","Conventional","Individuals"
"1001","2322736","7797-62-0878","CLOSD","9194 Ivy Banks Drive, Hanover VA 23116","23116","Hanover","Single Family Residence","11/17/2023","$489,900","$489,900","28","Resale (occupied at least once)","1991","Kings Charter","2,854","0.47","4","2.1","Public Water","Sewer - Public","Conventional","Individuals"
"1001","2322657","N017-0181-034","CLOSD","1404 Lorraine Avenue, Richmond City VA 23227","23227","Richmond City","Single Family Residence","11/17/2023","$554,000","$621,000","8","Resale (occupied at least once)","1930","Bellevue Court","2,067","0.16","4","2.0","Public Water","Sewer - Public","Conventional","Individuals"
"1001","2322616","S000-3055-008","CLOSD","1000 West 43rd Street, Richmond City VA 23225","23225","Richmond City","Single Family Residence","11/17/2023","$550,000","$591,000","7","Resale (occupied at least once)","1918","Forest Hill Terrace","2,000","0.50","3","3.0","Public Water","Sewer - Public","Conventional","Individuals"
"1001","2322564","717-68-87-68-800-000","CLOSD","14918 Litton Drive, Chesterfield VA 23112","23112","Chesterfield","Single Family Residence","11/17/2023","$724,900","$715,000","28","Resale (occupied at least once)","2017","Rountrey","3,650","0.21","4","3.1","Public Water","Sewer - Public","Cash","Other"
"1001","2322509","733-750-2332","CLOSD","12401 Poplar Forest Drive, Henrico VA 23238","23238","Henrico","Single Family Residence","11/17/2023","$325,000","$315,000","3","Resale (occupied at least once)","1982","Heritage Oaks","1,556","0.22","3","2.0","Public Water","Sewer - Public","Conventional","Estate"
"1001","2322247","763-68-71-16-000-000","CLOSD","4424 Litchfield Drive, Chesterfield VA 23832","23832","Chesterfield","Single Family Residence","11/17/2023","$485,000","$485,000","7","Resale (occupied at least once)","1989","Creekwood","3,250","0.55","4","3.1","Public Water","Sewer - Public","Conventional","Other"
"1001","2321829","763-764-1268.026","CLOSD","3421 Coles Point Way #UnitF, Henrico VA 23060","23060","Henrico","Condominium","11/17/2023","$462,500","$462,500","7","Resale (occupied at least once)","2010","Southall @ Crossridge","1,983","","3","2.0","Public Water","Sewer - Public","Cash","Individuals"
"1001","2321511","S0000295010","CLOSD","1904 Bainbridge Street, Richmond City VA 23224","23224","Richmond City","Single Family Residence","11/17/2023","$234,950","$185,000","39","Resale (occupied at least once)","1920","Swansboro","1,368","","3","1.1","Public Water","Sewer - Public","Conventional","Individuals"
"1001","2321117","731-754-2123","CLOSD","2675 Chancer Drive, Henrico VA 23233","23233","Henrico","Townhouse","11/17/2023","$309,300","$305,000","47","Resale (occupied at least once)","1987","Cedar Hill Townhouses","1,900","0.05","3","2.0","Public Water","Sewer - Public","Conventional","Corporate"
"1001","2320756","S000-0458-001","CLOSD","2118 Edwards Avenue, Richmond City VA 23224","23224","Richmond City","Single Family Residence","11/17/2023","$320,000","$320,000","44","Resale (occupied at least once)","1921","Mason Park","1,840","0.22","4","2.1","Public Water","Sewer - Public","Conventional","Individuals"
"1001","2320463","7787-07-2654","CLOSD","14404 Orchard Vista Lane, Hanover VA 23059","23059","Hanover","Condominium","11/17/2023","$499,950","$512,500","6","Resale (occupied at least once)","2019","Chickahominy Falls","1,957","0.22","3","2.0","Public Water","Sewer - Public","Conventional","Individuals"
"1001","2319785","C005-0340-046","CLOSD","5520 Riverside Heights Way, Richmond City VA 23225","23225","Richmond City","Townhouse","11/17/2023","$384,900","$384,900","40","Resale (occupied at least once)","2016","Riverside Heights","1,584","0.07","3","2.1","Public Water","Sewer - Public","Conventional","Other"
"1001","2318759","67-25-0-51-0","CLOSD","65 West Square Drive, Goochland VA 23238","23238","Goochland","Single Family Residence","11/17/2023","$985,000","$945,000","44","Resale (occupied at least once)","1999","Randolph Square","4,339","0.37","4","3.1","Public Water","Sewer - Public","Conventional","Individuals"
"1001","2316080","729705269700000","CLOSD","13756 Randolph Pond Lane, Chesterfield VA 23114","23114","Chesterfield","Townhouse","11/17/2023","$454,950","$469,130","0","New (never occupied)","2023","Randolph Pond","2,198","","2","2.1","Public Water","Sewer - Public","Conventional","Corporate"
"1001","2314080","7719-88-2049","CLOSD","12419 Walnut Hill Drive, Hanover VA 23146","23146","Hanover","Single Family Residence","11/17/2023","$2,250,000","$2,040,000","40","Resale (occupied at least once)","2012","Walnut Hill","7,304","16.85","6","7.2","Well","Septic - Conventional","Cash","Individuals"
"1001","2313689","785-754-4727","CLOSD","7702 Hawthorne Avenue, Henrico VA 23227","23227","Henrico","Single Family Residence","11/17/2023","$499,990","$475,000","194","New (never occupied)","2023","Vaughan Heights","2,212","0.16","3","2.1","Public Water","Sewer - Public","Cash","Corporate"
"1001","2309827","57-1-0-11-B","CLOSD","1450 Millers Lane, Goochland VA 23103","23103","Goochland","Single Family Residence","11/17/2023","$724,900","$610,000","166","Resale (occupied at least once)","1940","None","3,826","2.95","5","4.0","Well","Septic - Conventional","Conventional","Individuals"
"1001","2307865","24-4J","CLOSD","5368 Anderson Highway, Powhatan VA 23139","23139","Powhatan","Single Family Residence","11/17/2023","$509,950","$500,000","116","New (never occupied)","2023","None","1,920","10.53","3","2.0","Well","Septic - Conventional","Conventional","Corporate"
"1001","2306483","696670899700000","CLOSD","18560 Palisades Ridge, Chesterfield VA 23120","23120","Chesterfield","Townhouse","11/17/2023","$422,805","$422,805","188","New (never occupied)","2023","Magnolia Green","1,836","","3","2.1","Public Water","Sewer - Public","Cash","Corporate"
"1001","2305725","744-760-7007","CLOSD","1712 Old Brick Road #Unit13B, Henrico VA 23060","23060","Henrico","Condominium","11/17/2023","$619,900","$626,098","183","New (never occupied)","2022","West Broad Village","2,487","","3","2.1","Public Water","Sewer - Public","Conventional","Corporate"
"1001","2305546","780-774-1261","CLOSD","10713 River Fall Path, Henrico VA 23059","23059","Henrico","Single Family Residence","11/17/2023","$836,695","$890,530","2","New (never occupied)","2023","River Mill","3,633","0.31","5","4.1","Public Water","Sewer - Public","Conventional","Corporate"
"1001","BRTVAPN2000044","034A  5     2R","CLOSD","2120 Walnut Tree Terrace, Powhatan VA 23139","23139","Powhatan","Single Family Residence","11/17/2023","$399,900","$399,900","8","Resale (occupied at least once)","2019","NONE AVAILABLE","1,832","3.92","3","3.0","Well","Septic","",""
"1001","BRTVAHN2000364","817-728-7985","CLOSD","5906 3Rd Street, Henrico VA 23223","23223","Henrico","Single Family Residence","11/17/2023","$249,999","$249,999","7","Resale (occupied at least once)","1937","BUNGALOW CITY","1,200","0.00","3","2.0","Public Water","Public Sewer On Site","",""
"1001","2324682","740-780-8770.024","CLOSD","12013 Club Commons Drive, Henrico VA 23059","23059","Henrico","Condominium","11/20/2023","$699,950","$720,000","9","Resale (occupied at least once)","1999","Club Commons","2,939","0.25","4","2.1","Public Water","Sewer - Public","Conventional","Individuals"
"1001","2324076","738-758-0764","CLOSD","12105 Mcintyre Court, Henrico VA 23233","23233","Henrico","Single Family Residence","11/20/2023","$595,000","$650,000","2","Resale (occupied at least once)","1993","Sherbrooke","3,024","0.28","5","3.1","Public Water","Sewer - Public","Conventional","Individuals"
"1001","2318256","727-69-80-07-600-000","CLOSD","1342 Gravatt Way, Chesterfield VA 23114","23114","Chesterfield","Single Family Residence","11/20/2023","$699,995","$680,000","77","Resale (occupied at least once)","2005","Hartley Village At Charter Colony","4,484","0.39","6","5.0","Public Water","Sewer - Public","Conventional","Individuals"
"1001","2302329","7717-72-4282","CLOSD","2152 Ellis Farm Drive, Goochland VA 23103","23103","Goochland","Single Family Residence","11/20/2023","$719,950","$791,581","0","New (never occupied)","2023","Tuckahoe Bridge","3,458","0.35","4","4.0","Public Water","Sewer - Public","Conventional","Corporate"
"1001","2321684","C003-0057-016","CLOSD","3100 Archdale Road, Richmond City VA 23235","23235","Richmond City","Single Family Residence","11/20/2023","$449,950","$449,950","8","Resale (occupied at least once)","1960","Oxford","3,092","0.47","4","2.1","Public Water","Sewer - Public","Conventional","Individuals"
"1001","2321381","8706-77-1523","CLOSD","9377 Kenna Way, Hanover VA 23116","23116","Hanover","Single Family Residence","11/20/2023","$575,000","$560,000","13","Resale (occupied at least once)","1995","Crown Colony","3,625","0.41","5","3.1","Public Water","Sewer - Public","Conventional","Individuals"
"1001","2323255","8724-85-9546","CLOSD","7285 Pamela Louise Road, Hanover VA 23111","23111","Hanover","Single Family Residence","11/20/2023","$324,950","$331,000","6","Resale (occupied at least once)","1987","Gardner Estates","1,560","0.85","3","2.0","Public Water","Septic - Conventional","Cash","Individuals"
"1001","2324888","726-70-73-87-500-000","CLOSD","14221 Martinet Crossing, Chesterfield VA 23114","23114","Chesterfield","Townhouse","11/20/2023","$365,000","$365,000","22","Resale (occupied at least once)","2017","Crofton Village At Charter Colony","1,757","0.04","3","2.1","Public Water","Sewer - Public","Cash","Individuals"
"1001","2324738","8724-98-4334","CLOSD","6134 Pond Grass Road, Hanover VA 23111","23111","Hanover","Single Family Residence","11/20/2023","$430,000","$430,000","5","Resale (occupied at least once)","2002","Pebble Creek","2,175","0.26","4","2.1","Public Water","Sewer - Public","Conventional","Individuals"
"1001","2323495","714-66-11-19-300-000","CLOSD","8912 Blooming Place, Chesterfield VA 23832","23832","Chesterfield","Single Family Residence","11/20/2023","$474,900","$475,000","23","Resale (occupied at least once)","2019","Harpers Mill","2,081","0.18","3","2.0","Public Water","Sewer - Public","Conventional","Individuals"
"1001","2324891","811-701-2654","CLOSD","6626 Willson Road, Henrico VA 23231","23231","Henrico","Single Family Residence","11/20/2023","$265,000","$270,000","13","Resale (occupied at least once)","1963","None","1,125","1.00","3","1.0","Well","Septic - Conventional","VA New","Partnership"
"1001","2316529","799-64-71-77-300-000","CLOSD","13737 Nile Road, Chesterfield VA 23831","23831","Chesterfield","Single Family Residence","11/20/2023","$354,900","$359,000","65","Resale (occupied at least once)","2003","Forest Lake","2,171","0.40","4","2.1","Public Water","Sewer - Public","VA New","Corporate, REO"
"1001","2325062","730-66-80-41-000-000","CLOSD","7720 Secretariat Court, Chesterfield VA 23112","23112","Chesterfield","Single Family Residence","11/20/2023","$340,000","$330,000","7","Resale (occupied at least once)","1993","Deer Run","2,530","0.38","4","3.1","Public Water","Sewer - Public","Conventional","Individuals"
"1001","2325001","729-68-40-67-200-000","CLOSD","3711 Muirfield Green Drive, Chesterfield VA 23112","23112","Chesterfield","Single Family Residence","11/20/2023","$360,000","$360,000","11","Resale (occupied at least once)","1988","Muirfield Green","1,736","0.21","3","3.0","Public Water","Sewer - Public","FHA New","Individuals"
"1001","2324434","723-66-66-33-600-000","CLOSD","14508 Leamington Drive, Chesterfield VA 23832","23832","Chesterfield","Single Family Residence","11/20/2023","$500,000","$505,000","10","Resale (occupied at least once)","1990","Birkdale","3,257","0.43","4","2.1","Public Water","Sewer - Public","Conventional","Individuals"
"1001","2323672","796-61-52-46-800-000","CLOSD","3406 Dupuy Road, Chesterfield VA 23834","23834","Chesterfield","Single Family Residence","11/20/2023","$289,900","$290,000","21","Resale (occupied at least once)","1971","College Park","1,662","","4","1.1","Public Water","Sewer - Public","FHA New","Other"
"1001","2322688","41A1 4AA   7","CLOSD","9258 Minitree Glen Lane, New Kent VA 23140","23140","New Kent","Single Family Residence","11/20/2023","$419,000","$395,000","21","Resale (occupied at least once)","1998","Minitree Glen","1,970","0.63","4","2.1","Community Well","Septic - Conventional","Conventional","Individuals"
"1001","2324520","728-65-33-25-400-000","CLOSD","13601 Brandy Oaks Terrace, Chesterfield VA 23832","23832","Chesterfield","Single Family Residence","11/20/2023","$555,000","$550,000","13","Resale (occupied at least once)","1994","Brandy Oaks","2,937","3.21","4","2.1","Public Water","Septic - Conventional","VA New","Individuals"
"1001","2324243","801-707-1275","CLOSD","1107 Greenview Drive, Henrico VA 23231","23231","Henrico","Single Family Residence","11/20/2023","$499,000","$540,000","5","Resale (occupied at least once)","1840","Acreage","2,924","3.03","4","2.0","Public Water","Septic - Conventional","Conventional","Individuals"
"1001","2319493","745-770-4859.021","CLOSD","5080 Park Commons Loop, Henrico VA 23059","23059","Henrico","Condominium","11/20/2023","$589,950","$589,950","51","Resale (occupied at least once)","2005","Park Commons At Twin Hickory","2,881","0.17","4","3.0","Public Water","Sewer - Public","Conventional","Individuals"
"1001","2309412","768-69-31-52-000-000","CLOSD","6551 South Stevens Hollow Drive, Chesterfield VA 23832","23832","Chesterfield","Single Family Residence","11/20/2023","$259,950","$275,000","11","Resale (occupied at least once)","1980","Stevens Hollow","1,524","0.17","4","2.0","Public Water","Sewer - Public","FHA New","Individuals"
"1001","2324071","829-694-5729","CLOSD","7345 Creekridge Road, Henrico VA 23231","23231","Henrico","Single Family Residence","11/20/2023","$339,950","$340,000","5","Resale (occupied at least once)","1978","Turner Woods South","1,560","0.94","3","1.1","Well","Septic - Conventional","Conventional","Individuals"
"1001","2324930","823-66-18-95-400-000","CLOSD","1619 Anchor Landing Drive, Chesterfield VA 23836","23836","Chesterfield","Single Family Residence","11/20/2023","$645,000","$636,500","3","Resale (occupied at least once)","2007","Meadowville Landing","4,126","0.56","5","4.1","Public Water","Sewer - Public","Cash","Corporate"
"1001","2325592","749-71-39-05-000-000","CLOSD","1686 Winding Way, Chesterfield VA 23235","23235","Chesterfield","Single Family Residence","11/20/2023","$380,000","$400,000","2","Resale (occupied at least once)","1972","Edgehill","2,442","0.31","4","2.1","Public Water","Sewer - Public","Conventional","Individuals"
"1001","2322371","803-696-2841","CLOSD","1560 Village Field Drive, Henrico VA 23231","23231","Henrico","Single Family Residence","11/20/2023","$475,000","$470,000","38","Resale (occupied at least once)","2008","Village At Osborne","3,818","0.20","5","3.1","Public Water","Sewer - Public","Conventional","Individuals"
"1001","2326896","775-746-8253","CLOSD","3009 Maplewood Road, Henrico VA 23228","23228","Henrico","Single Family Residence","11/20/2023","$189,400","$201,000","4","Resale (occupied at least once)","1951","Pinehurst Gardens","981","0.26","3","1.0","Public Water","Sewer - Public","Cash","Individuals"
"1001","2326455","771-762-0484","CLOSD","2741 Maurice Walk Court, Henrico VA 23060","23060","Henrico","Single Family Residence","11/20/2023","$320,000","$329,000","9","Resale (occupied at least once)","1994","Maurice Walk","1,201","0.35","3","2.0","Public Water","Sewer - Public","Cash","Individuals"
"1001","2326414","744-753-1952","CLOSD","10103 Spinning Wheel Way, Henrico VA 23233","23233","Henrico","Single Family Residence","11/20/2023","$325,000","$325,000","4","Resale (occupied at least once)","1980","Stonegate","1,710","0.22","4","3.0","Public Water","Sewer - Public","Cash","Individuals"
"1001","2326279","7537625443","CLOSD","4412 Joseph Drive, Henrico VA 23060","23060","Henrico","Single Family Residence","11/20/2023","$419,900","$427,000","4","Resale (occupied at least once)","1994","Greensprings","1,723","0.28","3","2.1","Public Water","Sewer - Public","Conventional","Individuals"
"1001","2326259","773-769-0228","CLOSD","10904 Robin Spring Lane, Henrico VA 23060","23060","Henrico","Single Family Residence","11/20/2023","$275,000","$291,000","4","Resale (occupied at least once)","1992","Robins Nest","1,088","0.56","3","2.0","Public Water","Sewer - Public","Cash","Individuals"
"1001","2326108","10A  1DA  32","CLOSD","5900 Buckhunt Lane, New Kent VA 23124","23124","New Kent","Single Family Residence","11/20/2023","$345,950","$350,000","4","Resale (occupied at least once)","2003","Deerlake","1,796","0.63","3","2.0","Community Well","Septic - Engineered","VA New","Individuals"
"1001","2326023","733-70-24-42-300-000","CLOSD","713 Watch Hill Road, Chesterfield VA 23114","23114","Chesterfield","Single Family Residence","11/20/2023","$399,950","$400,000","4","Resale (occupied at least once)","1982","Walton Park","2,023","0.24","3","2.0","Public Water","Sewer - Public","Conventional","Individuals"
"1001","2325819","759-757-0369","CLOSD","9106 Huron Avenue, Henrico VA 23294","23294","Henrico","Single Family Residence","11/20/2023","$299,900","$290,000","14","Resale (occupied at least once)","1960","Huntington","1,204","0.28","3","1.1","Public Water","Sewer - Public","Cash","Individuals"
"1001","2325364","803-692-3854","CLOSD","1335 Burning Tree Road, Henrico VA 23231","23231","Henrico","Single Family Residence","11/20/2023","$195,000","$205,000","3","Resale (occupied at least once)","1950","Media Park","1,273","0.95","2","1.0","Well","Septic - Conventional","Conventional","Individuals"
"1001","2325294","751-744-4733","CLOSD","1309 Blue Jay Lane, Henrico VA 23229","23229","Henrico","Single Family Residence","11/20/2023","$314,950","$315,000","4","Resale (occupied at least once)","1957","Greenbrier Hills","1,088","0.46","3","1.1","Public Water","Sewer - Public","Conventional","Individuals"
"1001","2325203","730-66-65-63-900-000","CLOSD","8130 Preakness Court, Chesterfield VA 23112","23112","Chesterfield","Single Family Residence","11/20/2023","$356,000","$360,000","2","Resale (occupied at least once)","1995","Deer Run","1,721","0.29","3","2.1","Public Water","Sewer - Public","Conventional","Individuals"
"1001","2324880","734-754-1605","CLOSD","12704 Kira Court, Henrico VA 23233","23233","Henrico","Single Family Residence","11/20/2023","$649,000","$662,500","13","Resale (occupied at least once)","1983","Pine Run","2,984","0.43","4","2.1","Public Water","Sewer - Public","Cash","Individuals"
"1001","2324812","747-774-3864","CLOSD","11412 Maple Hill Place, Henrico VA 23059","23059","Henrico","Single Family Residence","11/20/2023","$650,000","$655,000","6","Resale (occupied at least once)","1999","Wyndham Forest","3,220","0.30","5","3.1","Public Water","Sewer - Public","Conventional","Individuals"
"1001","2324768","709-67-68-39-800-000","CLOSD","16600 Gossamer Drive, Chesterfield VA 23120","23120","Chesterfield","Single Family Residence","11/20/2023","$449,000","$447,000","11","Resale (occupied at least once)","2016","Wynwood at Foxcreek","2,148","0.13","3","2.1","Public Water","Sewer - Public","Conventional","Individuals"
"1001","2324680","762679681500000","CLOSD","7931 Southford Terrace, Chesterfield VA 23832","23832","Chesterfield","Single Family Residence","11/20/2023","$325,000","$340,000","5","Resale (occupied at least once)","1997","Five Forks Village","1,583","","3","2.1","Public Water","Sewer - Public","FHA New","Individuals"
"1001","2324549","W000-0399-033","CLOSD","21 South Morris Street, Richmond City VA 23220","23220","Richmond City","Single Family Residence","11/20/2023","$599,000","$579,000","18","Resale (occupied at least once)","1900","None","2,132","0.05","5","2.0","Public Water","Sewer - Public","Conventional","Individuals"
"1001","2324500","825-724-8685","CLOSD","234 North New Avenue, Henrico VA 23075","23075","Henrico","Single Family Residence","11/20/2023","$245,000","$240,000","10","Resale (occupied at least once)","1972","Highland Springs","1,095","0.13","3","1.0","Public Water","Sewer - Public","VHDA/FHA","Individuals"
"1001","2324322","725-70-72-66-900-019","CLOSD","14415 Tanager Wood Trail, Chesterfield VA 23114","23114","Chesterfield","Condominium","11/20/2023","$425,000","$425,000","11","Resale (occupied at least once)","2005","Midlothian Wood Condo","1,876","23.61","3","2.0","Public Water","Sewer - Public","Cash","Individuals"
"1001","2324303","761-746-2045","CLOSD","7506 Century Drive, Henrico VA 23229","23229","Henrico","Single Family Residence","11/20/2023","$349,950","$375,000","2","Resale (occupied at least once)","1967","Westgate","2,175","0.42","5","2.1","Public Water","Sewer - Public","Conventional","Estate"
"1001","2323724","737-746-5559","CLOSD","11510 Fairfield Green Place, Henrico VA 23238","23238","Henrico","Single Family Residence","11/20/2023","$569,000","$600,000","2","Resale (occupied at least once)","1996","Fairfield Green","2,640","","4","2.1","Public Water","Sewer - Public","Conventional","Individuals"
"1001","2323582","811-721-7884","CLOSD","304 Glinhurst Road, Henrico VA 23223","23223","Henrico","Single Family Residence","11/20/2023","$199,950","$215,000","4","Resale (occupied at least once)","1962","Hechler Village","1,028","0.28","3","1.0","Public Water","Sewer - Public","VA New","Individuals"
"1001","2323269","33B9 1    28","CLOSD","5684 Saint Leger Drive, New Kent VA 23140","23140","New Kent","Single Family Residence","11/20/2023","$599,000","$595,000","20","Resale (occupied at least once)","2021","Brickshire","3,542","1.07","5","3.0","Public Water","Sewer - Public","Conventional","Individuals"
"1001","2323160","7871-80-8045","CLOSD","14041 Stanley Park Drive, Hanover VA 23005","23005","Hanover","Single Family Residence","11/20/2023","$454,975","$455,000","23","Resale (occupied at least once)","2015","Ashland Park","2,216","0.17","3","2.1","Public Water","Sewer - Public","Conventional","Individuals"
"1001","2323003","718-68-63-98-900-000","CLOSD","14925 Bayfront Place, Chesterfield VA 23112","23112","Chesterfield","Single Family Residence","11/20/2023","$500,000","$500,000","4","Resale (occupied at least once)","2011","Edgewater At The Reservoir","2,715","","4","2.1","Public Water","Sewer - Public","Cash","Individuals"
"1001","2322579","809-716-6696","CLOSD","3002 Gay Avenue, Henrico VA 23231","23231","Henrico","Single Family Residence","11/20/2023","$259,950","$259,950","38","Resale (occupied at least once)","1955","Knowles Acres","1,361","0.35","3","1.0","Public Water","Sewer - Public","Conventional","Corporate"
"1001","2321447","E000-1763-125","CLOSD","3520 East Richmond Road #UnitU105, Richmond City VA 23223","23223","Richmond City","Condominium","11/20/2023","$140,000","$140,000","15","Resale (occupied at least once)","1975","Villas Of Oakwood North Condo","780","0.02","2","1.0","Public Water","Sewer - Public","VA New","Individuals"
"1001","2320843","777-67-53-63-600-000","CLOSD","7713 Mary Page Lane, Chesterfield VA 23237","23237","Chesterfield","Single Family Residence","11/20/2023","$415,000","$400,000","46","Resale (occupied at least once)","2018","Windermere","2,487","0.44","4","2.1","Public Water","Sewer - Public","FHA New","Individuals"
"1001","2315047","828-64-83-92-800-000","CLOSD","2409 Burgess Road, Chesterfield VA 23836","23836","Chesterfield","Single Family Residence","11/20/2023","$465,000","$440,000","108","Resale (occupied at least once)","1955","None","1,589","27.78","3","2.0","Well","Septic - Conventional","Cash","Individuals"
"1001","2312074","7777-95-5949","CLOSD","10413 Meadow Woods Court, Hanover VA 23059","23059","Hanover","Single Family Residence","11/20/2023","$755,000","$755,000","128","New (never occupied)","2023","Chickahominy Falls","2,860","","4","3.1","Public Water","Sewer - Public","Conventional","Corporate"
"1001","2310684","779-773-9595","CLOSD","10738 Skippers Street, Henrico VA 23059","23059","Henrico","Single Family Residence","11/20/2023","$628,290","$628,290","110","New (never occupied)","2023","River Mill","2,653","","4","3.0","Public Water","Sewer - Public","Cash","Corporate"
"1001","2309046","728706431700000","CLOSD","312 Randolph View Drive, Chesterfield VA 23114","23114","Chesterfield","Single Family Residence","11/20/2023","$599,950","$677,656","0","New (never occupied)","2023","Randolph Pond","3,245","","4","4.1","Public Water","Sewer - Public","Conventional","Corporate"
"1001","REIN10504300","33B9Â 1Â Â Â Â 28","CLOSD","5684 Saint Leger Drive, New Kent VA 23140","23140","New Kent","Single Family Residence","11/20/2023","$599,000","$595,000","19","Resale (occupied at least once)","2021","BRICKSHIRE","3,542","1.07","5","3.0","Public Water","Public Sewer On Site","",""
"1001","2320245","724-67-46-98-100-000","CLOSD","14004 Bayport Landing Terrace, Chesterfield VA 23112","23112","Chesterfield","Single Family Residence","11/21/2023","$659,950","$710,000","5","Resale (occupied at least once)","1989","Bayport Landing","2,623","0.15","4","2.1","Public Water","Sewer - Public","Cash","Estate"
"1001","2323420","775649254800000","CLOSD","12413 Lewis Road, Chesterfield VA 23831","23831","Chesterfield","Single Family Residence","11/21/2023","$200,000","$200,000","15","Resale (occupied at least once)","1977","None","1,288","1.00","3","2.0","Public Water","Septic - Conventional","Conventional","Individuals"
"1001","2319290","N000-1263-004","CLOSD","3206 Delaware Avenue, Richmond City VA 23222","23222","Richmond City","Single Family Residence","11/21/2023","$319,950","$319,950","59","New (never occupied)","2023","None","1,613","0.08","3","2.1","Public Water","Sewer - Public","Conventional","Corporate"
"1001","2325763","E000-1570-026","CLOSD","800 Louisiana Street, Richmond City VA 23231","23231","Richmond City","Single Family Residence","11/21/2023","$320,000","$310,000","8","Resale (occupied at least once)","2006","Fulton Villages","1,813","0.14","3","2.1","Public Water","Sewer - Public","Conventional","Individuals"
"1001","BRTVAGO2000156","31-15-0-5-0","CLOSD","2382 Pony Farm Road, Goochland VA 23102","23102","Goochland","","11/21/2023","$299,950","$302,825","16","Resale (occupied at least once)","1990","NONE AVAILABLE","1,694","3.54","3","3.0","Well","Septic","",""
"1001","2323839","745-734-0823","CLOSD","9011 Norwick Road, Henrico VA 23229","23229","Henrico","Single Family Residence","11/21/2023","$1,250,000","$1,265,000","17","Resale (occupied at least once)","1983","Mooreland West","4,732","0.90","5","3.1","Public Water","Sewer - Public","Cash","Individuals"
"1001","2304182","714662504300000","CLOSD","9219 WIDTHBY Road, Chesterfield VA 23832","23832","Chesterfield","Single Family Residence","11/21/2023","$474,990","$543,445","69","New (never occupied)","2023","Harpers Mill","2,324","","3","3.0","Public Water","Sewer - Public","Conventional","Corporate"
"1001","2314973","768676199900000","CLOSD","6324 Whisperwood Drive, Chesterfield VA 23234","23234","Chesterfield","Single Family Residence","11/21/2023","$513,505","$528,825","17","New (never occupied)","2023","Watermark","3,052","","5","3.0","Public Water","Sewer - Public","FHA New","Corporate"
"1001","2325090","C0050603068","CLOSD","1180 Grand Brook Drive, Richmond City VA 23225","23225","Richmond City","Townhouse","11/21/2023","$280,000","$290,000","7","Resale (occupied at least once)","2007","Grandview","1,390","","3","2.1","Public Water","Sewer - Public","Conventional","Individuals"
"1001","2308459","K20-0012-0215","CLOSD","11854 Knockholt Lane, New Kent VA 23124","23124","New Kent","Townhouse","11/21/2023","$341,935","$341,935","25","New (never occupied)","2023","Maidstone Village","1,914","","3","2.1","Public Water","Sewer - Public","VA New","Corporate"
"1001","2325405","726-65-94-85-400-000","CLOSD","13918 Collington Mews, Chesterfield VA 23112","23112","Chesterfield","Single Family Residence","11/21/2023","$549,900","$550,000","13","Resale (occupied at least once)","2016","Collington","3,307","0.45","4","3.0","Public Water","Sewer - Public","Conventional","Individuals"
"1001","2306571","713-67-03-86-800-000","CLOSD","7221 Leire Lane, Chesterfield VA 23832","23832","Chesterfield","Townhouse","11/21/2023","$372,950","$381,680","0","New (never occupied)","2023","Cosby Village Townhomes","2,359","","3","3.1","Public Water","Sewer - Public","Conventional","Corporate"
"1001","2326952","756-762-3055","CLOSD","9407 Emmett Road, Henrico VA 23060","23060","Henrico","Single Family Residence","11/21/2023","$399,900","$391,000","9","Resale (occupied at least once)","1977","Broad Meadows","2,238","0.21","4","3.0","Public Water","Sewer - Public","Cash","Individuals"
"1001","2325653","789-68-53-03-900-000","CLOSD","2737 Gainford Circle, Chesterfield VA 23234","23234","Chesterfield","Single Family Residence","11/21/2023","$260,000","$265,000","3","Resale (occupied at least once)","1968","Falling Creek Hills","1,352","0.44","3","1.1","Public Water","Sewer - Public","FHA New","Individuals"
"1001","2322716","30A  8   298","CLOSD","5708 Lakeview Road, New Kent VA 23141","23141","New Kent","Single Family Residence","11/21/2023","$260,000","$260,000","8","Resale (occupied at least once)","1985","Woodhaven Shores","1,323","0.29","3","1.0","Community Well","Septic - Conventional","Conventional","Individuals"
"1001","2316885","809-64-25-37-600-000","CLOSD","1312 Pleasant Creek Court, Chesterfield VA 23834","23834","Chesterfield","Single Family Residence","11/21/2023","$465,000","$423,000","106","Resale (occupied at least once)","2005","Southcreek","3,235","0.43","5","3.1","Public Water","Sewer - Public","Conventional","Individuals"
"1001","2325736","N000-1054-020","CLOSD","3103 Veranda Avenue, Richmond City VA 23222","23222","Richmond City","Single Family Residence","11/21/2023","$249,990","$256,000","2","New (never occupied)","2023","Highland Terrace Annex","1,335","","3","1.1","Public Water","Sewer - Public","Conventional","Individuals"
"1001","2324258","TBD","CLOSD","577 Rivanna Hill Road, Henrico VA 23060","23060","Henrico","Townhouse","11/21/2023","$409,940","$397,440","8","New (never occupied)","2023","Retreat at One","2,174","","4","3.1","Public Water","Sewer - Public","Conventional","Corporate"
"1001","2322981","822-724-3358","CLOSD","6 South Grove Avenue, Henrico VA 23075","23075","Henrico","Single Family Residence","11/21/2023","$269,750","$278,500","24","Resale (occupied at least once)","1977","None","1,126","0.13","4","2.0","Public Water","Sewer - Public","Conventional","Individuals"
"1001","2324454","824-722-6071","CLOSD","6 North Quince Avenue, Henrico VA 23075","23075","Henrico","Single Family Residence","11/21/2023","$199,000","$192,000","25","Resale (occupied at least once)","1957","Highland Springs","1,026","0.13","3","1.0","Public Water","Sewer - Public","FHA New","Individuals"
"1001","2323766","E010-0045-005","CLOSD","1311 Williamsburg Road, Richmond City VA 23231","23231","Richmond City","Single Family Residence","11/21/2023","$225,000","$225,000","10","Resale (occupied at least once)","1942","Waverly","1,438","0.14","3","2.0","Public Water","Sewer - Public","FHA New","Individuals"
"1001","BRTVAHN2000336","822-720-6912","CLOSD","512 Sherilyn Drive, Henrico VA 23075","23075","Henrico","Single Family Residence","11/21/2023","$249,999","$254,000","44","Resale (occupied at least once)","1959","HIGHLAND SPRINGS","1,110","0.27","3","1.0","Public Water","Public Sewer On Site","",""
"1001","2318204","822-720-6912","CLOSD","512 Sherilyn Drive, Henrico VA 23075","23075","Henrico","Single Family Residence","11/21/2023","$249,999","$254,000","73","Resale (occupied at least once)","1959","Highland Springs","1,110","0.27","3","1.0","Public Water","Sewer - Public","VHDA/FHA","Individuals"
"1001","2325407","820-721-9151","CLOSD","427 South Kalmia Avenue, Henrico VA 23075","23075","Henrico","Single Family Residence","11/21/2023","$249,950","$264,700","7","Resale (occupied at least once)","1966","Highland Springs","1,372","1.13","3","2.0","Public Water","Sewer - Public","Conventional","Other"
"1001","2324751","813-716-6486","CLOSD","4510 Mizar Road, Henrico VA 23231","23231","Henrico","Single Family Residence","11/21/2023","$284,950","$300,000","5","Resale (occupied at least once)","1963","Lawndale Farms","1,920","0.37","4","2.0","Public Water","Sewer - Public","Conventional","Individuals"
"1001","2324253","015-7-5","CLOSD","4390 Three Bridge Road, Powhatan VA 23139","23139","Powhatan","Single Family Residence","11/21/2023","$364,900","$350,000","9","Resale (occupied at least once)","1992","Pine Wood Estates","1,541","2.00","3","2.0","Well","Septic - Conventional","Cash","Individuals"
"1001","2323708","758-69-52-73-600-000","CLOSD","2401 Den Bark Circle, Chesterfield VA 23235","23235","Chesterfield","Single Family Residence","11/21/2023","$289,950","$305,000","6","Resale (occupied at least once)","1985","Foxberry","1,596","0.25","4","2.0","Public Water","Sewer - Public","VHDA ","Individuals"
"1001","2307816","737678145300000","CLOSD","3625 Rainy Day Drive, Chesterfield VA 23112","23112","Chesterfield","Townhouse","11/21/2023","$383,050","$383,050","0","New (never occupied)","2023","Wescott","1,675","","3","2.1","Public Water","Sewer - Public","Conventional","Corporate"
"1001","2325823","S006-0290-035","CLOSD","5112 Boscobel Avenue, Richmond City VA 23225","23225","Richmond City","Single Family Residence","11/21/2023","$300,000","$321,500","9","Resale (occupied at least once)","1942","Westover Court","1,377","0.19","3","1.0","Public Water","Sewer - Public","Conventional","Individuals"
"1001","2326344","788-68-44-45-100-000","CLOSD","2939 Parkdale Road, Chesterfield VA 23234","23234","Chesterfield","Single Family Residence","11/21/2023","$324,900","$324,900","7","Resale (occupied at least once)","1980","Falling Creek Hills","1,672","0.36","2","2.1","Public Water","Sewer - Public","Conventional","Other"
"1001","2325920","771-69-43-04-000-000","CLOSD","6027 Newington Drive, Chesterfield VA 23224","23224","Chesterfield","Townhouse","11/21/2023","$240,000","$240,000","3","Resale (occupied at least once)","1976","Newberry Towne","1,827","0.05","2","2.1","Public Water","Sewer - Public","Conventional","Individuals"
"1001","2325691","786-751-0137","CLOSD","5611 Hawthorne Avenue, Henrico VA 23227","23227","Henrico","Single Family Residence","11/21/2023","$299,995","$305,000","5","Resale (occupied at least once)","1972","Club Court","1,300","0.16","3","1.1","Public Water","Sewer - Public","Conventional","Individuals"
"1001","2320709","779-762-3225","CLOSD","6000 Phelps Street, Henrico VA 23060","23060","Henrico","Single Family Residence","11/21/2023","$289,000","$293,000","8","Resale (occupied at least once)","1954","Randolph Ridge","995","0.23","3","2.0","Public Water","Sewer - Public","FHA New","Individuals"
"1001","2325220","7830-55-4944","CLOSD","15347 Mountain Road, Hanover VA 23192","23192","Hanover","Single Family Residence","11/21/2023","$279,950","$285,000","5","Resale (occupied at least once)","1948","None","1,687","7.18","3","2.0","Well","Septic - Conventional","Conventional","Individuals"
"1001","2325102","816-728-1381","CLOSD","414 Westover Pines Drive, Henrico VA 23223","23223","Henrico","Townhouse","11/21/2023","$195,000","$195,000","10","Resale (occupied at least once)","2006","Westover Pines Townhouses","1,320","0.06","2","2.1","Public Water","Sewer - Public","Conventional","Individuals"
"1001","2321970","810-716-8413","CLOSD","4608 Chipoax Avenue, Henrico VA 23231","23231","Henrico","Single Family Residence","11/21/2023","$222,500","$225,000","49","Resale (occupied at least once)","1948","Gilbert Gardens","846","0.21","2","1.0","Public Water","Sewer - Public","Conventional","Individuals"
"1001","2324688","757-68-84-15-300-000","CLOSD","8711 Lyndale Drive, Chesterfield VA 23235","23235","Chesterfield","Single Family Residence","11/21/2023","$364,500","$358,000","6","Resale (occupied at least once)","1963","Longwood Acres","2,421","0.66","4","3.0","Public Water","Septic - Conventional","Conventional","Individuals"
"1001","2325523","8714-20-5420","CLOSD","7091 Mill Valley Road, Hanover VA 23111","23111","Hanover","Single Family Residence","11/21/2023","$340,000","$340,000","2","Resale (occupied at least once)","1989","Mill Valley","1,810","0.20","4","2.1","Public Water","Sewer - Public","Conventional","Individuals"
"1001","2324731","766-68-91-45-600-000","CLOSD","6938 Windy Creek Terrace, Chesterfield VA 23832","23832","Chesterfield","Single Family Residence","11/21/2023","$399,000","$400,000","3","Resale (occupied at least once)","2015","Windy Creek","2,142","0.30","3","2.1","Public Water","Sewer - Public","Conventional","Individuals"
"1001","2326174","TBD","CLOSD","579 Rivanna Hill Road, Henrico VA 23060","23060","Henrico","Townhouse","11/21/2023","$404,215","$379,215","6","New (never occupied)","2023","Retreat at One","2,174","","3","3.1","Public Water","Sewer - Public","Cash","Corporate"
"1001","2326297","761-743-0570","CLOSD","7515 Woodley Road, Henrico VA 23229","23229","Henrico","Single Family Residence","11/21/2023","$405,000","$383,000","11","Resale (occupied at least once)","1955","Tuckahoe Hills","1,665","0.26","3","2.0","Public Water","Sewer - Public","Cash","Individuals"
"1001","2325804","738-71-34-37-200-043","CLOSD","11811 South Briar Patch Drive #Unit11811, Chesterfield VA 23113","23113","Chesterfield","Condominium","11/21/2023","$255,000","$250,000","6","Resale (occupied at least once)","1974","Briarwood Hearth","1,614","","3","2.1","Public Water","Sewer - Public","Cash","Individuals"
"1001","2325663","737-66-88-59-600-000","CLOSD","12200 Penny Bridge Drive, Chesterfield VA 23112","23112","Chesterfield","Single Family Residence","11/21/2023","$499,990","$499,990","5","Resale (occupied at least once)","2005","Bayhill Pointe","3,238","0.41","4","3.1","Public Water","Sewer - Public","Conventional","Individuals"
"1001","2325626","719-72-19-34-200-000","CLOSD","2825 Founders Bridge Road, Chesterfield VA 23113","23113","Chesterfield","Single Family Residence","11/21/2023","$809,000","$825,000","6","Resale (occupied at least once)","2002","Founders Bridge","3,437","0.54","4","3.1","Public Water","Sewer - Public","Cash","Individuals"
"1001","2325605","736-778-4664","CLOSD","12301 Melcroft Place, Henrico VA 23059","23059","Henrico","Single Family Residence","11/21/2023","$595,000","$651,000","3","Resale (occupied at least once)","1998","Glen Abbey At Wyndham","2,911","0.23","5","2.1","Public Water","Sewer - Public","Conventional","Individuals"
"1001","2325328","723-70-75-60-100-000","CLOSD","14213 Aldengate Road, Chesterfield VA 23114","23114","Chesterfield","Single Family Residence","11/21/2023","$345,000","$363,000","3","Resale (occupied at least once)","1977","Otterdale","1,680","0.51","3","2.1","Public Water","Septic - Conventional","Conventional","Individuals"
"1001","2325179","748-739-5560","CLOSD","803 Farnwood Drive, Henrico VA 23229","23229","Henrico","Single Family Residence","11/21/2023","$389,000","$444,000","6","Resale (occupied at least once)","1968","Westriver Hills","2,269","0.34","4","2.1","Public Water","Sewer - Public","Conventional","Individuals"
"1001","2325094","C001-1100-051","CLOSD","3156 Lake Village Drive, Richmond City VA 23235","23235","Richmond City","Condominium","11/21/2023","$275,000","$285,000","7","Resale (occupied at least once)","1987","Summerhill At Stony Point Condo","1,030","0.03","2","2.0","Public Water","Sewer - Public","Cash","Estate, Individuals"
"1001","2325005","758-748-4871","CLOSD","8002 Anoka Road, Henrico VA 23229","23229","Henrico","Single Family Residence","11/21/2023","$319,950","$337,500","5","Resale (occupied at least once)","1958","West Lawn","1,738","0.29","3","1.2","Public Water","Sewer - Public","Conventional","Individuals"
"1001","2324904","754-70-95-72-600-000","CLOSD","9100 Whitaker Circle, Chesterfield VA 23235","23235","Chesterfield","Single Family Residence","11/21/2023","$450,000","$455,000","4","Resale (occupied at least once)","1972","Brighton Green","2,548","0.49","4","2.1","Public Water","Sewer - Public","Conventional","Individuals"
"1001","2324628","758-71-87-72-800-000","CLOSD","8134 Bendemeer Road, Chesterfield VA 23235","23235","Chesterfield","Single Family Residence","11/21/2023","$450,000","$476,000","4","Resale (occupied at least once)","2003","Forest Hill Manor","2,134","0.37","4","3.0","Public Water","Sewer - Public","Cash","Other"
"1001","2324492","756-68-88-27-900-000","CLOSD","8841 Kentwood Road, Chesterfield VA 23235","23235","Chesterfield","Single Family Residence","11/21/2023","$260,000","$290,000","6","Resale (occupied at least once)","1952","Lyndale","1,482","0.59","2","1.0","Public Water","Septic - Conventional","Cash","Estate"
"1001","2324452","823-726-0458","CLOSD","129 North Beech Avenue, Henrico VA 23075","23075","Henrico","Single Family Residence","11/21/2023","$249,500","$239,500","35","Resale (occupied at least once)","1966","Highland Springs","1,150","0.13","3","1.0","Public Water","Sewer - Public","Cash","Corporate"
"1001","2324393","816-690-7159","CLOSD","7707 Lampworth Terrace, Henrico VA 23231","23231","Henrico","Single Family Residence","11/21/2023","$389,000","$390,000","17","Resale (occupied at least once)","1979","Varina Meadows","1,983","1.02","3","2.0","Well","Septic - Conventional","Conventional","Individuals"
"1001","2324261","764699500900000","CLOSD","2001 Apple Orchard Court, Chesterfield VA 23235","23235","Chesterfield","Single Family Residence","11/21/2023","$335,000","$335,000","9","Resale (occupied at least once)","1989","Woodfield","1,678","0.25","3","2.0","Public Water","Sewer - Public","FHA New","Other"
"1001","2324224","794-62-00-85-200-000","CLOSD","4106 Fallen Pine Court, Chesterfield VA 23834","23834","Chesterfield","Single Family Residence","11/21/2023","$320,000","$310,000","19","Resale (occupied at least once)","2016","Forest View","1,643","0.28","4","2.1","Public Water","Sewer - Public","FHA New","Individuals"
"1001","2324096","N000-1152-001","CLOSD","601 Bancroft Avenue, Richmond City VA 23222","23222","Richmond City","Single Family Residence","11/21/2023","$354,950","$354,950","8","Resale (occupied at least once)","1928","Highland Park","1,550","0.14","3","2.0","Public Water","Sewer - Public","Conventional","Individuals, Partnership"
"1001","2323981","31-15-0-5-0","CLOSD","2382 Pony Farm Road, Goochland VA 23102","23102","Goochland","Single Family Residence","11/21/2023","$299,950","$302,825","15","Resale (occupied at least once)","1990","None","1,694","3.54","3","2.1","Well","Septic - Conventional","Conventional","Individuals"
"1001","2323733","761-746-3010","CLOSD","7507 Century Drive, Henrico VA 23229","23229","Henrico","Single Family Residence","11/21/2023","$400,000","$400,000","8","Resale (occupied at least once)","1957","Westgate","1,771","0.30","4","2.0","Public Water","Sewer - Public","Conventional","Individuals"
"1001","2323449","731-754-1415","CLOSD","2665 Chancer Drive #Unit2665, Henrico VA 23233","23233","Henrico","Townhouse","11/21/2023","$289,000","$250,000","7","Resale (occupied at least once)","1987","Cedar Hill Townhouses","1,700","0.04","3","2.0","Public Water","Sewer - Public","Cash","Individuals"
"1001","2322801","744-69-43-64-300-000","CLOSD","1612 Lady Sarah Court, Chesterfield VA 23236","23236","Chesterfield","Single Family Residence","11/21/2023","$478,000","$492,000","4","Resale (occupied at least once)","2002","Wedgewood","3,525","1.04","3","3.0","Public Water","Sewer - Public","Conventional","Individuals"
"1001","2322646","763-762-6530","CLOSD","9713 Wares Wharf Circle, Henrico VA 23060","23060","Henrico","Single Family Residence","11/21/2023","$500,000","$500,000","6","Resale (occupied at least once)","2006","The Cottages At Crossridge","2,174","0.30","3","3.0","Public Water","Sewer - Public","Conventional","Individuals"
"1001","2322553","759-70-86-00-700-000","CLOSD","313 Buford Road, Chesterfield VA 23235","23235","Chesterfield","Single Family Residence","11/21/2023","$399,950","$400,000","24","Resale (occupied at least once)","1956","Rock Creek Park","3,120","0.97","5","3.0","Public Water","Septic - Conventional","Conventional","Individuals"
"1001","2318277","7843-33-2089","CLOSD","16227 Chiswell Lane, Hanover VA 23015","23015","Hanover","Single Family Residence","11/21/2023","$799,000","$787,000","28","Resale (occupied at least once)","2006","None","3,900","14.65","6","4.1","Well","Septic - Conventional","Cash","Individuals"
"1001","2317552","729705239800000","CLOSD","13760 Randolph Pond Lane, Chesterfield VA 23114","23114","Chesterfield","Townhouse","11/21/2023","$460,400","$471,535","8","New (never occupied)","2023","Randolph Pond","2,163","","3","2.1","Public Water","Sewer - Public","Conventional","Corporate"
"1001","2314734","763-69-17-21-400-000","CLOSD","3712 Malbon Way, Chesterfield VA 23832","23832","Chesterfield","Single Family Residence","11/21/2023","$385,000","$375,000","94","Resale (occupied at least once)","1987","Old Creek West","2,276","0.24","5","3.0","Public Water","Sewer - Public","Conventional","Individuals"
"1001","2313768","8727-21-7586","CLOSD","10077 Pebblebrook Drive, Hanover VA 23116","23116","Hanover","Single Family Residence","11/21/2023","$799,950","$784,950","119","Resale (occupied at least once)","1975","Pebblebrook","4,222","5.24","5","3.0","Community Well","Septic - Conventional","Cash","Individuals"
"1001","2307765","773-741-3138","CLOSD","4987 Bethlehem Road #UnitY-2, Henrico VA 23230","23230","Henrico","Townhouse","11/21/2023","$494,900","$555,589","6","New (never occupied)","2023","Libbie Mill Townhomes","1,802","","2","2.1","Public Water","Sewer - Public","Conventional","Other"
"1001","2307537","696671840500000","CLOSD","18604 Palisades Ridge, Chesterfield VA 23120","23120","Chesterfield","Townhouse","11/21/2023","$368,200","$371,885","0","New (never occupied)","2023","Magnolia Green","1,652","","3","2.1","Public Water","Sewer - Public","Conventional","Corporate"
"1001","2307533","696671830700000","CLOSD","18608 Palisades Ridge, Chesterfield VA 23120","23120","Chesterfield","Townhouse","11/21/2023","$370,200","$373,885","0","New (never occupied)","2023","Magnolia Green","1,652","","3","2.1","Public Water","Sewer - Public","Conventional","Corporate"
"1001","2302747","780-774-1537","CLOSD","10720 River Fall Path, Henrico VA 23059","23059","Henrico","Single Family Residence","11/21/2023","$763,945","$896,220","0","New (never occupied)","2023","River Mill","3,655","","5","4.0","Public Water","Sewer - Public","Conventional","Corporate"
"1001","2302009","730664661700000","CLOSD","9200 Kinnerton Drive, Chesterfield VA 23112","23112","Chesterfield","Single Family Residence","11/21/2023","$556,950","$620,641","0","New (never occupied)","2023","Collington East","2,947","","4","3.0","Public Water","Sewer - Public","Conventional","Corporate"
"1001","BRTVAHA2000482","7843-33-2089","CLOSD","16227 Chiswell Lane, Hanover VA 23015","23015","Hanover","Single Family Residence","11/21/2023","$799,000","$787,000","28","Resale (occupied at least once)","2006","NONE","3,900","14.65","6","5.0","Well","","",""
"1001","REIN10481858","K20-0012-0215","CLOSD","11854 Knockholt Lane, New Kent VA 23124","23124","New Kent","Townhouse","11/21/2023","$341,935","$341,935","63","New (never occupied)","2023","MAIDSTONE VILLAGE","1,914","","3","3.0","Public Water","Public Sewer On Site","",""
"1001","2317759","765-69-16-85-200-000","CLOSD","7040 Manning Road, Chesterfield VA 23832","23832","Chesterfield","Single Family Residence","11/22/2023","$324,999","$316,900","74","Resale (occupied at least once)","1981","Belmont Hills West","1,485","","4","2.0","Public Water","Community - Sewer/Septic","Conventional","Individuals"
"1001","BRTVAHA2000504","7779-59-7079 & 8056 & 69-9045","CLOSD","505 South James Street, Hanover VA 23005","23005","Hanover","Single Family Residence","11/22/2023","$625,000","$625,000","73","Resale (occupied at least once)","1957","NONE AVAILABLE","2,650","0.67","3","2.0","Public Water","Public Sewer On Site","",""
"1001","2322540","715-66-1312-900-000","CLOSD","15455 Holcomb Bridge Drive, Chesterfield VA 23832","23832","Chesterfield","Single Family Residence","11/22/2023","$659,515","$659,515","17","New (never occupied)","2023","Harpers Mill","3,798","0.28","4","4.1","Public Water","Sewer - Public","Conventional","Corporate"
"1001","2303502","8737-77-5476","CLOSD","5085 Napa Grove Court, Hanover VA 23116","23116","Hanover","Single Family Residence","11/22/2023","$888,788","$937,120","0","New (never occupied)","2023","None","3,678","1.73","4","3.1","Well","Septic - Engineered","Conventional","Corporate"
"1001","2309735","to be determined","CLOSD","14477 Hancock Towns Drive #UnitF 4-2, Chesterfield VA 23832","23832","Chesterfield","Condominium","11/22/2023","$403,270","$403,430","0","New (never occupied)","2023","Hancock Village","2,515","","3","2.1","Public Water","Sewer - Public","Conventional","Corporate"
"1001","2321184","705-67-22-45-300-000","CLOSD","17418 Stafford Park Court, Chesterfield VA 23120","23120","Chesterfield","Single Family Residence","11/22/2023","$489,999","$499,000","51","Resale (occupied at least once)","2016","Magnolia Green","2,588","0.19","3","2.1","Public Water","Community - Sewer/Septic","Conventional","Individuals"
"1001","2324845","S008-0854-001","CLOSD","3424 Danbury Road, Richmond City VA 23234","23234","Richmond City","Single Family Residence","11/22/2023","$290,000","$295,000","9","Resale (occupied at least once)","1948","Davee Gardens","1,524","0.19","4","2.0","Public Water","Sewer - Public","FHA New","Corporate"
"1001","2308976","713-67-13-30-500-000","CLOSD","7044 Leire Drive, Chesterfield VA 23832","23832","Chesterfield","Townhouse","11/22/2023","$437,950","$458,274","0","New (never occupied)","2023","Cosby Village Townhomes","2,304","","4","3.1","Public Water","Sewer - Public","Conventional","Corporate"
"1001","2325221","781-66-34-86-000-000","CLOSD","9716 Telstar Drive, Chesterfield VA 23237","23237","Chesterfield","Single Family Residence","11/22/2023","$239,900","$240,000","3","Resale (occupied at least once)","1953","Centralia Gardens","1,064","0.59","3","1.0","Public Water","Sewer - Public","FHA New","Individuals"
"1001","2324791","C006-0927-054","CLOSD","5856 Warwick Road, Richmond City VA 23224","23224","Richmond City","Single Family Residence","11/22/2023","$250,000","$248,000","4","Resale (occupied at least once)","1985","Trenholm Manor","1,526","0.20","3","1.1","Public Water","Sewer - Public","FHA New","Individuals"
"1001","2316748","to be determined","CLOSD","14475 Hancock Towns Drive #UnitF 5-2, Chesterfield VA 23832","23832","Chesterfield","Condominium","11/22/2023","$355,270","$356,310","49","New (never occupied)","2023","Hancock Village","1,506","","2","2.1","Public Water","Sewer - Public","Conventional","Corporate"
"1001","2315860","802-737-7108","CLOSD","2121 Blossom Trail Avenue #UnitD-4, Henrico VA 23223","23223","Henrico","Townhouse","11/22/2023","$333,040","$333,040","75","New (never occupied)","2023","Reserve at Springdale Park","1,606","","3","2.1","Public Water","Sewer - Public","Conventional","Corporate"
"1001","2324844","E012-0281-031","CLOSD","1704 Rogers Street, Richmond City VA 23223","23223","Richmond City","Single Family Residence","11/22/2023","$244,900","$245,000","4","Resale (occupied at least once)","1952","Chelsea Place","1,401","0.14","4","2.0","Public Water","Sewer - Public","Conventional","Individuals"
"1001","2323731","742-740-2482","CLOSD","431 Dellbrooks Place, Henrico VA 23238","23238","Henrico","Single Family Residence","11/22/2023","$795,000","$770,000","13","Resale (occupied at least once)","1989","Riverlake Colony","3,403","0.56","5","3.1","Public Water","Sewer - Public","Conventional","Individuals"
"1001","2325586","737-69-94-35-800-000","CLOSD","12030 Mountain Laurel Drive, Chesterfield VA 23236","23236","Chesterfield","Single Family Residence","11/22/2023","$399,950","$412,000","4","Resale (occupied at least once)","1981","Smoketree","1,914","0.20","4","2.1","Public Water","Sewer - Public","Conventional","Corporate"
"1001","2322164","747-70-38-39-400-000","CLOSD","10224 Redbridge Road, Chesterfield VA 23236","23236","Chesterfield","Single Family Residence","11/22/2023","$329,990","$315,000","7","Resale (occupied at least once)","1979","Shenandoah Hills","1,544","0.33","3","2.0","Public Water","Sewer - Public","Conventional","Individuals"
"1001","2318733","to be determined","CLOSD","5507 Grandin Avenue #Unit5-2, Chesterfield VA 23120","23120","Chesterfield","Single Family Residence","11/22/2023","$582,678","$582,644","0","New (never occupied)","2023","Woolridge Landing","2,067","","3","2.0","Public Water","Sewer - Public","Conventional","Corporate"
"1001","2312529","7725-01-8421","CLOSD","9240 Cerulean Place, Goochland VA 23238","23238","Goochland","Townhouse","11/22/2023","$552,125","$552,125","0","New (never occupied)","2023","Mosaic at West Creek","1,942","","3","2.1","Public Water","Sewer - Public","Conventional","Corporate"
"1001","2321196","771-64-16-67-700-000","CLOSD","7412 Fowlis Place, Chesterfield VA 23838","23838","Chesterfield","Single Family Residence","11/22/2023","$889,950","$870,000","21","Resale (occupied at least once)","2018","The Highlands","4,785","1.04","4","4.0","Public Water","Septic - Conventional","Cash","Individuals"
"1001","2326642","782-767-0108","CLOSD","1318 Magnolia Pointe Boulevard, Henrico VA 23059","23059","Henrico","Townhouse","11/22/2023","$300,000","$290,500","9","Resale (occupied at least once)","2004","Magnolia Pointe","1,376","0.04","3","2.1","Public Water","Sewer - Public","Cash","Individuals"
"1001","2326416","760-766-4286","CLOSD","5112 Castle Point Lane, Henrico VA 23060","23060","Henrico","Single Family Residence","11/22/2023","$379,000","$394,000","2","Resale (occupied at least once)","1989","Castle Point","1,560","0.25","3","2.0","Public Water","Sewer - Public","Cash","Individuals"
"1001","2325996","747-746-3559.271","CLOSD","1501 Thistle Road #Unit103, Henrico VA 23238","23238","Henrico","Condominium","11/22/2023","$232,500","$238,100","4","Resale (occupied at least once)","1981","Regency Woods Condominiums","1,411","0.03","3","2.0","Public Water","Sewer - Public","Conventional","Individuals"
"1001","2325992","30A  5   842","CLOSD","6606 Davis Road, New Kent VA 23141","23141","New Kent","Single Family Residence","11/22/2023","$259,950","$280,000","13","Resale (occupied at least once)","1976","Woodhaven Shores","1,152","0.11","3","1.1","Community Well","Septic - Conventional","FHA New","Individuals"
"1001","2325903","799-736-9334","CLOSD","1609 Savannah Avenue, Henrico VA 23222","23222","Henrico","Single Family Residence","11/22/2023","$159,900","$140,000","14","Resale (occupied at least once)","1950","Laburnum Heights","999","0.21","2","1.0","Public Water","Sewer - Public","Cash","Individuals"
"1001","2325886","787-756-9503","CLOSD","8300 Cornith Drive, Henrico VA 23227","23227","Henrico","Single Family Residence","11/22/2023","$285,000","$267,000","7","Resale (occupied at least once)","1956","Chamberlayne Farms","2,064","0.44","3","2.1","Public Water","Sewer - Public","Cash","Individuals"
"1001","2325621","N016-0132-022","CLOSD","3521 Griffin Avenue, Richmond City VA 23222","23222","Richmond City","Single Family Residence","11/22/2023","$185,000","$192,000","3","Resale (occupied at least once)","1956","North Manor","875","0.14","3","1.0","Public Water","Sewer - Public","Conventional","Estate"
"1001","2325425","E000-1102-024","CLOSD","1406 Melton Avenue, Richmond City VA 23223","23223","Richmond City","Single Family Residence","11/22/2023","$200,000","$218,500","3","Resale (occupied at least once)","1920","East End","1,032","0.07","3","1.0","Public Water","Sewer - Public","Conventional","Individuals"
"1001","2325400","744-69-91-83-400-047","CLOSD","508 Pumpkin Place, Chesterfield VA 23236","23236","Chesterfield","Condominium","11/22/2023","$419,900","$410,000","7","Resale (occupied at least once)","2008","Harvest Glen","1,876","33.65","3","2.0","Public Water","Sewer - Public","Cash","Individuals"
"1001","2325238","768-762-7404","CLOSD","9005 Bush Drive, Henrico VA 23060","23060","Henrico","Single Family Residence","11/22/2023","$339,950","$347,000","3","Resale (occupied at least once)","1986","Laurel Lakes","1,524","0.27","3","2.0","Public Water","Sewer - Public","Conventional","Other"
"1001","2324995","W000-1996-004","CLOSD","4411 West Grace Street, Richmond City VA 23230","23230","Richmond City","Single Family Residence","11/22/2023","$1,195,000","$1,195,000","8","New (never occupied)","2023","None","3,045","0.15","4","3.0","Public Water","Sewer - Public","Cash","Corporate"
"1001","2324723","E000-0162-049","CLOSD","215 North 19th Street #UnitU21, Richmond City VA 23223","23223","Richmond City","Condominium","11/22/2023","$275,000","$275,000","18","Resale (occupied at least once)","1976","Shockoe Valley Lofts","1,174","0.03","1","1.0","Public Water","Sewer - Public","Cash","Individuals"
"1001","2324543","W000170419","CLOSD","701 North Hamilton Street #UnitL, Richmond City VA 23221","23221","Richmond City","Condominium","11/22/2023","$235,000","$252,000","3","Resale (occupied at least once)","1962","Mount Vernon Condominiums","828","","2","1.1","Public Water","Sewer - Public","Conventional","Individuals"
"1001","2322940","19G111 2  18","CLOSD","7570 Winding Jasmine Road, New Kent VA 23141","23141","New Kent","Single Family Residence","11/22/2023","$529,950","$530,000","2","Resale (occupied at least once)","2019","Patriots Landing","3,288","0.41","5","3.1","Public Water","Sewer - Public","Conventional","Individuals"
"1001","2322816","765-748-5855.108","CLOSD","2747 St Elias Drive #UnitB, Henrico VA 23294","23294","Henrico","Condominium","11/22/2023","$389,999","$374,000","24","Resale (occupied at least once)","2022","West Broad Landing","2,452","","3","2.1","Public Water","Sewer - Public","Conventional","Individuals"
"1001","2319220","C007-0174-032","CLOSD","1100 Hodges Road, Richmond City VA 23225","23225","Richmond City","Single Family Residence","11/22/2023","$405,000","$400,000","35","Resale (occupied at least once)","2022","None","2,500","0.30","4","2.1","Public Water","Sewer - Public","FHA New","Individuals"
"1001","2318739","to be determined","CLOSD","16112 Bay Ridge Court #Unit32-2, Chesterfield VA 23120","23120","Chesterfield","Single Family Residence","11/22/2023","$582,678","$560,321","0","New (never occupied)","2023","Woolridge Landing","1,735","","2","2.0","Public Water","Sewer - Public","Conventional","Corporate"
"1001","2316404","801-726-8986","CLOSD","2011 Poplar Street, Henrico VA 23223","23223","Henrico","Single Family Residence","11/22/2023","$300,000","$300,000","36","Resale (occupied at least once)","1967","Roosevelt Park","2,061","0.35","5","2.1","Public Water","Sewer - Public","Conventional","Individuals"
"1001","2307781","696670739400000","CLOSD","18601 Palisades Ridge, Chesterfield VA 23120","23120","Chesterfield","Townhouse","11/22/2023","$455,460","$440,460","82","New (never occupied)","2023","Magnolia Green","2,106","","3","2.1","Public Water","Sewer - Public","Cash","Corporate"
"1001","2304923","730-62-25-81-400-000","CLOSD","13549 Chesdin Landing Drive, Chesterfield VA 23838","23838","Chesterfield","Single Family Residence","11/22/2023","$3,500,000","$2,500,000","183","Resale (occupied at least once)","2020","Chesdin Landing","10,221","3.50","7","5.3","Public Water","Septic - Conventional","Conventional","Individuals"
"1001","2304388","58-54-8-34-0","CLOSD","7119 Montage Row, Goochland VA 23238","23238","Goochland","Single Family Residence","11/22/2023","$789,420","$855,498","0","New (never occupied)","2022","Mosaic at West Creek","2,819","","3","2.1","Public Water","Sewer - Public","Cash","Corporate"
"1001","2304128","58-54-8-33-0","CLOSD","7117 Montage Row, Goochland VA 23238","23238","Goochland","Single Family Residence","11/22/2023","$903,483","$930,826","0","New (never occupied)","2022","Mosaic at West Creek","3,001","","4","3.1","Public Water","Sewer - Public","Cash","Corporate"
"1001","2321096","E000-0297-002","CLOSD","322 North 24th Street, Richmond City VA 23223","23223","Richmond City","Single Family Residence","11/23/2023","$675,000","$675,000","43","Resale (occupied at least once)","1910","None","2,470","0.05","3","3.0","Public Water","Sewer - Public","Cash","Individuals"
"1001","2320493","7797-12-1732","CLOSD","10263 Slidingrock Drive, Hanover VA 23116","23116","Hanover","Single Family Residence","11/23/2023","$475,500","$527,500","7","Resale (occupied at least once)","1997","Green Ridge","2,625","0.41","4","2.1","Public Water","Sewer - Public","Assumption","Individuals"
"1001","2310158","789-64-14-13-800-000","CLOSD","14200 Botsford Avenue, Chesterfield VA 23831","23831","Chesterfield","Single Family Residence","11/24/2023","$515,950","$514,950","0","New (never occupied)","2023","Wellspring","2,983","0.33","4","3.1","Public Water","Sewer - Public","FHA New","Corporate"
"1001","2322420","C004-0462-005","CLOSD","7104 Shawnee Road, Richmond City VA 23225","23225","Richmond City","Single Family Residence","11/24/2023","$385,000","$380,000","11","Resale (occupied at least once)","1958","Cherokee Hills","1,270","0.37","3","1.1","Public Water","Septic - Conventional","Conventional","Individuals"
"1001","2324648","821-64-57-66-600-000","CLOSD","14232 Central Avenue, Chesterfield VA 23836","23836","Chesterfield","Single Family Residence","11/24/2023","$170,000","$170,000","4","Resale (occupied at least once)","1955","Morrisdale","864","0.26","3","1.0","Public Water","Sewer - Public","VHDA/FHA","Individuals"
"1001","2325616","C009-0699-063","CLOSD","2901 Springview Drive, Richmond City VA 23234","23234","Richmond City","Single Family Residence","11/27/2023","$229,900","$240,900","8","Resale (occupied at least once)","1950","Cullenwood","1,137","0.48","3","1.0","Public Water","Sewer - Public","FHA New","Individuals"
"1001","2325039","751-735-8945","CLOSD","305 Berwickshire Drive, Henrico VA 23229","23229","Henrico","Single Family Residence","11/27/2023","$695,000","$684,000","5","Resale (occupied at least once)","1972","Sleepy Hollow","4,007","1.06","5","3.1","Public Water","Sewer - Public","Conventional","Individuals"
"1001","2325087","E000-0552-020","CLOSD","1208 North 19th Street, Richmond City VA 23223","23223","Richmond City","Single Family Residence","11/27/2023","$205,000","$205,000","5","New (never occupied)","2023","Fairmount Park","1,346","0.05","2","2.1","Public Water","Sewer - Public","Conventional","Corporate"
"1001","2320135","E000-2039-001","CLOSD","5304 Wingfield Street, Richmond City VA 23231","23231","Richmond City","Single Family Residence","11/27/2023","$370,000","$375,000","70","Resale (occupied at least once)","1915","Fulton Community Hills","1,698","0.15","3","2.0","Public Water","Sewer - Public","FHA New","Individuals"
"1001","2325477","756-68-51-23-900-000","CLOSD","4524 Burgess House Lane, Chesterfield VA 23236","23236","Chesterfield","Single Family Residence","11/27/2023","$345,000","$348,500","10","Resale (occupied at least once)","1988","Fernbrook","1,938","0.31","4","2.1","Public Water","Sewer - Public","FHA New","Individuals"
"1001","2324171","779-67-37-43-900-000","CLOSD","8225 Finworth Lane, Chesterfield VA 23237","23237","Chesterfield","Single Family Residence","11/27/2023","$449,900","$460,000","12","Resale (occupied at least once)","2006","Bendahl Valley Section A","3,244","0.29","5","2.1","Public Water","Sewer - Public","Conventional","Individuals"
"1001","2319612","783-68-29-15-000-000","CLOSD","3921 Bryanwood Road, Chesterfield VA 23234","23234","Chesterfield","Single Family Residence","11/27/2023","$324,000","$330,000","64","Resale (occupied at least once)","1969","Meadowdale","1,986","0.26","4","2.0","Public Water","Sewer - Public","Conventional","Corporate"
"1001","2325418","S000-1233-022","CLOSD","102 West 30th Street, Richmond City VA 23225","23225","Richmond City","Single Family Residence","11/27/2023","$304,950","$307,500","6","Resale (occupied at least once)","1929","Fonticello Park","1,352","0.17","2","1.0","Public Water","Sewer - Public","Conventional","Individuals"
"1001","2319504","783-66-65-83-900-000","CLOSD","9355 Lost Forest Drive, Chesterfield VA 23237","23237","Chesterfield","Single Family Residence","11/27/2023","$250,000","$262,000","6","Resale (occupied at least once)","1982","Lost Forest","1,688","0.21","3","2.0","Public Water","Sewer - Public","Conventional","Individuals"
"1001","2324992","8725-63-9432","CLOSD","6149 Winding Hills Drive, Hanover VA 23111","23111","Hanover","Single Family Residence","11/27/2023","$330,000","$325,000","9","Resale (occupied at least once)","1995","Battlefield Green","1,596","0.14","3","2.1","Public Water","Sewer - Public","VA Assumption","Individuals"
"1001","2319723","807-704-8866","CLOSD","6205 Varina Station Drive, Henrico VA 23231","23231","Henrico","Single Family Residence","11/27/2023","$275,000","$285,000","4","Resale (occupied at least once)","1996","Varina Station","2,127","0.25","4","2.1","Public Water","Sewer - Public","FHA New","Individuals"
"1001","2325396","C003-0049-010","CLOSD","7454 Laneview Drive, Richmond City VA 23225","23225","Richmond City","Single Family Residence","11/27/2023","$315,000","$315,000","7","Resale (occupied at least once)","1984","Oxford","1,344","0.24","3","3.0","Public Water","Sewer - Public","Conventional","Individuals"
"1001","2324634","813-726-1389","CLOSD","191 East Cedar Fork Road, Henrico VA 23223","23223","Henrico","Single Family Residence","11/27/2023","$250,000","$250,000","18","Resale (occupied at least once)","1995","Cedar Fork Estates","1,052","0.16","3","1.1","Public Water","Sewer - Public","Conventional","Individuals"
"1001","2323921","758-66-08-93-500-000","CLOSD","9041 Beach Road, Chesterfield VA 23838","23838","Chesterfield","Single Family Residence","11/27/2023","$329,900","$329,900","10","Resale (occupied at least once)","1986","None","1,248","0.75","3","2.0","Well","Septic - Conventional","VA New","Individuals"
"1001","2325212","W000-1080-021","CLOSD","2408 Floyd Avenue, Richmond City VA 23220","23220","Richmond City","Single Family Residence","11/27/2023","$775,000","$800,000","5","Resale (occupied at least once)","1910","None","1,881","0.06","3","3.0","Public Water","Sewer - Public","Conventional","Individuals"
"1001","2316745","to be determined","CLOSD","14463 Hancock Towns Drive #UnitF 11-2, Chesterfield VA 23832","23832","Chesterfield","Condominium","11/27/2023","$357,570","$357,570","0","New (never occupied)","2023","Hancock Village","1,506","","2","2.1","Public Water","Sewer - Public","Conventional","Corporate"
"1001","2325357","835-690-8265","CLOSD","7736 Yester Oaks Lane, Henrico VA 23231","23231","Henrico","Single Family Residence","11/27/2023","$214,950","$220,000","3","Resale (occupied at least once)","1943","None","750","1.00","2","1.0","Well","Septic - Conventional","Conventional","Individuals"
"1001","2326239","811-715-1191","CLOSD","4612 Eastover Avenue, Henrico VA 23231","23231","Henrico","Single Family Residence","11/27/2023","$224,990","$227,000","0","Resale (occupied at least once)","1948","Gilbert Gardens","846","","2","1.0","Public Water","Sewer - Public","Conventional","Individuals"
"1001","2323196","783-68-63-69-400-000","CLOSD","3708 Applewood Road, Chesterfield VA 23234","23234","Chesterfield","Single Family Residence","11/27/2023","$325,000","$325,000","27","Resale (occupied at least once)","1973","Meadowbrook Manor","1,920","0.37","4","3.0","Public Water","Sewer - Public","Conventional","Individuals"
"1001","2323784","739-766-1635","CLOSD","4610 Manor Glen Way, Henrico VA 23059","23059","Henrico","Single Family Residence","11/27/2023","$639,900","$650,000","5","Resale (occupied at least once)","2015","Short Pump Manor At Bacova","2,852","0.16","3","3.1","Public Water","Sewer - Public","Conventional","Individuals"
"1001","2324679","S007-1030-021","CLOSD","2105 Keswick Avenue, Richmond City VA 23224","23224","Richmond City","Single Family Residence","11/27/2023","$165,000","$166,150","10","Resale (occupied at least once)","1961","Richmond Summit","1,043","0.16","3","1.0","Public Water","Sewer - Public","VA New","Individuals"
"1001","2327382","51A1 9 14","CLOSD","13916 Beech Drive, New Kent VA 23089","23089","New Kent","Single Family Residence","11/27/2023","$106,000","$155,000","3","Resale (occupied at least once)","1965","Chickahominy Shores","1,222","0.36","3","1.0","Well","Septic - Conventional","Cash","Individuals"
"1001","2326379","C001-1262-020","CLOSD","10220 Glendye Road, Richmond City VA 23235","23235","Richmond City","Single Family Residence","11/27/2023","$460,000","$470,000","2","Resale (occupied at least once)","1965","Staffordshire","2,501","0.44","5","2.1","Public Water","Sewer - Public","Conventional","Individuals"
"1001","2326352","W000-0161-041","CLOSD","605 South Laurel Street, Richmond City VA 23220","23220","Richmond City","Single Family Residence","11/27/2023","$350,000","$350,000","9","Resale (occupied at least once)","1910","None","1,080","0.06","3","1.1","Public Water","Sewer - Public","Cash","Individuals"
"1001","2326185","758-741-0699","CLOSD","1201 Santa Rosa Road, Henrico VA 23229","23229","Henrico","Single Family Residence","11/27/2023","$400,000","$435,000","5","Resale (occupied at least once)","1952","West Forest Heights","1,428","0.28","4","2.0","Public Water","Sewer - Public","Conventional","Individuals"
"1001","2325990","C004-0348-014","CLOSD","6700 Buckhill Road, Richmond City VA 23225","23225","Richmond City","Single Family Residence","11/27/2023","$599,500","$638,000","7","Resale (occupied at least once)","1965","Windsorview","2,911","0.50","4","3.0","Public Water","Sewer - Public","Cash","Individuals"
"1001","2325511","S006-0271-013","CLOSD","1507 Westover Hills Boulevard, Richmond City VA 23225","23225","Richmond City","Single Family Residence","11/27/2023","$449,950","$449,950","6","Resale (occupied at least once)","1947","Westover Hills","1,521","","3","1.0","Public Water","Sewer - Public","Conventional","Individuals"
"1001","2324948","771-68-44-46-000-000","CLOSD","5454 Bison Ford Drive, Chesterfield VA 23234","23234","Chesterfield","Single Family Residence","11/27/2023","$360,000","$365,000","4","Resale (occupied at least once)","2018","Jessup Meadows","1,641","0.22","3","2.0","Public Water","Sewer - Public","Cash","Individuals"
"1001","2324836","W019-0246-036","CLOSD","4628 Stuart Avenue, Richmond City VA 23226","23226","Richmond City","Single Family Residence","11/27/2023","$1,149,950","$1,169,950","10","Resale (occupied at least once)","1938","Colonial Place","3,422","0.19","4","3.1","Public Water","Sewer - Public","Cash","Corporate"
"1001","2324766","785-60-74-33-400-000","CLOSD","21736 Beverley Street, Chesterfield VA 23803","23803","Chesterfield","Single Family Residence","11/27/2023","$265,000","$281,500","4","Resale (occupied at least once)","2009","Riverview Estates","1,268","0.48","3","2.0","Public Water","Sewer - Public","Conventional","Individuals"
"1001","2324677","W022-0473-014","CLOSD","1202 Loch Lomond Court, Richmond City VA 23221","23221","Richmond City","Single Family Residence","11/27/2023","$1,595,000","$1,700,000","7","Resale (occupied at least once)","1963","Windsor Hills","4,585","1.01","3","4.1","Public Water","Sewer - Public","Cash","Individuals"
"1001","2324587","N000-0062-056","CLOSD","112 East Clay Street #UnitU2C, Richmond City VA 23219","23219","Richmond City","Condominium","11/27/2023","$312,500","$297,000","17","Resale (occupied at least once)","1963","None","1,148","0.03","2","1.1","Public Water","Sewer - Public","Cash","Individuals"
"1001","2324410","8377216128","CLOSD","2461 Challis Court, Henrico VA 23150","23150","Henrico","Single Family Residence","11/27/2023","$324,950","$325,000","2","Resale (occupied at least once)","1966","Hickory Hills","1,685","","3","2.0","Well","Septic - Conventional","Conventional","Individuals"
"1001","2324325","C008-1053-020","CLOSD","3010 Hey Road, Richmond City VA 23224","23224","Richmond City","Single Family Residence","11/27/2023","$350,000","$350,000","3","Resale (occupied at least once)","1926","None","2,108","0.56","3","2.1","Public Water","Sewer - Public","FHA New","Individuals"
"1001","2324236","752-68-73-39-500-000","CLOSD","9408 Amberleigh Circle, Chesterfield VA 23236","23236","Chesterfield","Townhouse","11/27/2023","$449,000","$453,000","5","Resale (occupied at least once)","2004","Amberleigh","2,043","0.12","3","2.1","Public Water","Sewer - Public","Cash","Individuals"
"1001","2322587","W0000440079","CLOSD","1264 Parkwood Avenue, Richmond City VA 23220","23220","Richmond City","Single Family Residence","11/27/2023","$399,000","$375,000","28","Resale (occupied at least once)","1900","None","1,568","","4","2.1","Public Water","Sewer - Public","Conventional","Partnership"
"1001","2322346","W000-1789-010","CLOSD","3911 Wythe Avenue, Richmond City VA 23221","23221","Richmond City","Single Family Residence","11/27/2023","$749,950","$780,000","5","Resale (occupied at least once)","1960","Monument Annex","2,366","0.14","4","2.1","Public Water","Sewer - Public","Conventional","Individuals"
"1001","2322242","804-696-0450","CLOSD","1409 Neblett Court, Henrico VA 23231","23231","Henrico","Single Family Residence","11/27/2023","$320,000","$320,000","25","Resale (occupied at least once)","2018","Village At Olde Colony","2,086","0.30","4","2.1","Public Water","Sewer - Public","Conventional","Corporate, REO"
"1001","2320874","7796-53-7288","CLOSD","9205 Ida Springs Place, Hanover VA 23116","23116","Hanover","Single Family Residence","11/27/2023","$685,000","$660,000","41","Resale (occupied at least once)","2021","Giles Farm","3,010","0.39","5","4.0","Public Water","Sewer - Public","Conventional","Individuals"
"1001","2320532","772-745-1575","CLOSD","3308 Listerbrook Court, Henrico VA 23230","23230","Henrico","Single Family Residence","11/27/2023","$399,950","$385,000","5","Resale (occupied at least once)","1977","Rosemont","2,396","2.66","4","2.1","Public Water","Sewer - Public","Conventional","Estate"
"1001","2319201","730-66-22-51-900-000","CLOSD","13031 Fieldfare Drive, Chesterfield VA 23112","23112","Chesterfield","Single Family Residence","11/27/2023","$554,950","$554,950","85","New (never occupied)","2023","Collington East","2,930","","5","2.1","Public Water","Sewer - Public","Conventional","Corporate"
"1001","2319010","745-738-3110","CLOSD","302 Coalport Road, Henrico VA 23229","23229","Henrico","Single Family Residence","11/27/2023","$525,000","$525,000","27","Resale (occupied at least once)","1964","Brandon","2,656","0.38","4","2.1","Public Water","Sewer - Public","Conventional","Individuals"
"1001","2315244","727-69-71-60-600-000","CLOSD","2201 Cantina Lane, Chesterfield VA 23114","23114","Chesterfield","Townhouse","11/27/2023","$465,000","$450,000","104","Resale (occupied at least once)","2021","Centerpointe Townes","2,247","0.04","3","3.0","Public Water","Sewer - Public","Cash","Individuals"
"1001","2309987","729705209900000","CLOSD","13764 Randolph Pond Lane, Chesterfield VA 23114","23114","Chesterfield","Townhouse","11/27/2023","$469,950","$504,765","0","New (never occupied)","2023","Randolph Pond","2,304","","4","2.1","Public Water","Sewer - Public","Conventional","Corporate"
"1001","2307004","118905","CLOSD","8519 Scouts Road, New Kent VA 23141","23141","New Kent","Single Family Residence","11/27/2023","$548,720","$562,854","0","New (never occupied)","2023","Dispatch Station","2,316","2.77","5","3.0","Public Water","Septic - Engineered","Conventional","Corporate"
"1001","BRTVAHN2000340","729-751-4066","CLOSD","12329 Ridgefield Pkwy, Henrico VA 23233","23233","Henrico","Single Family Residence","11/27/2023","$359,900","$360,000","10","Resale (occupied at least once)","1978","TUCKAHOE VLG WEST","1,500","0.48","3","2.0","Public Water","Public Sewer On Site","",""
"1001","2325505","E012-0281-022","CLOSD","1800 Rogers Street, Richmond City VA 23223","23223","Richmond City","Single Family Residence","11/28/2023","$199,950","$215,000","7","Resale (occupied at least once)","1949","Mechanicsville Gardens","1,004","0.16","3","1.0","Public Water","Sewer - Public","FHA New Assumption","Individuals"
"1001","BRTVACF2000538","731725663100000","CLOSD","13324 Edmonton Drive, Chesterfield VA 23113","23113","Chesterfield","Single Family Residence","11/28/2023","$1,050,000","$1,035,000","11","Resale (occupied at least once)","2015","NONE AVAILABLE","4,729","0.55","5","5.0","Public Water","Public Sewer On Site","",""
"1001","2325279","731-72-56-63-100-000","CLOSD","13324 Edmonton Drive, Chesterfield VA 23113","23113","Chesterfield","Single Family Residence","11/28/2023","$1,050,000","$1,035,000","10","Resale (occupied at least once)","2015","Tarrington","4,729","0.55","5","4.1","Public Water","Sewer - Public","Conventional","Individuals"
"1001","2323266","748-71-19-58-400-000","CLOSD","1444 Bargrove Road, Chesterfield VA 23235","23235","Chesterfield","Single Family Residence","11/28/2023","$347,000","$347,000","21","Resale (occupied at least once)","1970","Bon Air Terrace Add Resub","1,622","0.32","4","1.1","Public Water","None","Conventional","Individuals"
"1001","2302160","016B-5-1","CLOSD","3514 Outerbridge Terrace, Powhatan VA 23139","23139","Powhatan","Single Family Residence","11/28/2023","$673,950","$768,333","0","New (never occupied)","2023","Tilmans Farm","3,060","2.05","4","2.0","Community Well","Septic - Conventional","Conventional","Corporate"
"1001","2323007","739-758-8095","CLOSD","3317 Aprilbud Place, Henrico VA 23233","23233","Henrico","Single Family Residence","11/28/2023","$599,950","$663,000","5","Resale (occupied at least once)","1998","Wythe Trace","2,805","0.31","5","2.1","Public Water","Sewer - Public","Conventional","Individuals"
"1001","2325546","796-738-3001","CLOSD","715 Ratcliffe Avenue, Henrico VA 23222","23222","Henrico","Single Family Residence","11/28/2023","$299,950","$310,000","7","Resale (occupied at least once)","1940","Highland Park Annex","1,444","0.16","4","2.1","Public Water","Community - Sewer/Septic","Conventional","Individuals"
"1001","2325197","720-66-92-74-900-000","CLOSD","14613 Helmsman Court, Chesterfield VA 23832","23832","Chesterfield","Single Family Residence","11/28/2023","$315,000","$320,000","7","Resale (occupied at least once)","1986","Ashbrook","1,296","0.16","4","2.0","Public Water","Sewer - Public","FHA New","Individuals"
"1001","2324917","732-70-95-78-700-000","CLOSD","1413 Oldbury Road, Chesterfield VA 23113","23113","Chesterfield","Single Family Residence","11/28/2023","$295,000","$300,000","6","Resale (occupied at least once)","1985","Buckingham","1,056","0.22","3","2.0","Public Water","Sewer - Public","FHA New","Individuals"
"1001","2324831","753-755-3142.303","CLOSD","3206 Matilda Cove #Unit303, Henrico VA 23294","23294","Henrico","Condominium","11/28/2023","$244,990","$245,000","11","Resale (occupied at least once)","1991","Pemberton Oaks Condo","946","0.02","2","2.0","Public Water","Sewer - Public","Conventional","Individuals"
"1001","2323500","C005-0544-026","CLOSD","6006 Jahnke Road, Richmond City VA 23225","23225","Richmond City","Single Family Residence","11/28/2023","$299,990","$300,000","25","Resale (occupied at least once)","1963","Claremont","1,476","0.26","3","1.1","Public Water","Sewer - Public","Conventional","Individuals"
"1001","2324850","7797-68-4695","CLOSD","10947 Emerald Rock Lane, Hanover VA 23116","23116","Hanover","Single Family Residence","11/28/2023","$518,000","$518,000","27","Resale (occupied at least once)","2000","Milestone","2,346","0.38","4","2.1","Public Water","Sewer - Public","Cash","Individuals"
"1001","2323878","736-779-3288","CLOSD","6107 Bradford Landing Drive, Henrico VA 23059","23059","Henrico","Single Family Residence","11/28/2023","$875,000","$889,000","5","Resale (occupied at least once)","1998","Bradford At Wyndham","4,956","0.52","5","6.0","Public Water","Sewer - Public","Conventional","Individuals"
"1001","2322061","785-64-38-65-100-000","CLOSD","5255 Beachmere Terrace, Chesterfield VA 23831","23831","Chesterfield","Single Family Residence","11/28/2023","$514,995","$510,000","44","Resale (occupied at least once)","2011","Stoney Glen","3,547","0.87","5","3.1","Public Water","Sewer - Public","Conventional","Individuals"
"1001","2317487","58-54-5-5-0","CLOSD","10049 Potters Wheel Way #Unit5-5, Goochland VA 23238","23238","Goochland","Single Family Residence","11/28/2023","$673,102","$673,102","0","New (never occupied)","2023","Mosaic at West Creek","2,269","","3","2.1","Public Water","Sewer - Public","Conventional","Corporate"
"1001","2319936","785-761-2417","CLOSD","615 Brookwood Glen Terrace, Henrico VA 23060","23060","Henrico","Townhouse","11/28/2023","$397,940","$382,940","16","New (never occupied)","2023","Retreat at One","1,877","","3","2.1","Public Water","Sewer - Public","Cash","Corporate"
"1001","2311524","TBD","CLOSD","1520 Moore Street #UnitA, Richmond City VA 23220","23220","Richmond City","Condominium","11/28/2023","$449,500","$424,500","131","New (never occupied)","2023","Carver Square","1,574","","2","2.1","Public Water","Sewer - Public","Cash","Corporate"
"1001","2327803","W020-0147-002","CLOSD","5304 Bewdley Road, Richmond City VA 23226","23226","Richmond City","Single Family Residence","11/28/2023","$985,000","$1,135,000","5","Resale (occupied at least once)","1945","Glen Burnie","2,854","0.17","3","2.1","Public Water","Sewer - Public","Cash","Individuals"
"1001","2327416","S000-2001-013","CLOSD","3157 Decatur Street, Richmond City VA 23224","23224","Richmond City","Single Family Residence","11/28/2023","$79,950","$127,000","7","Resale (occupied at least once)","1924","Weisigers Addition","912","0.12","3","1.0","Public Water","Sewer - Public","Cash","Individuals"
"1001","2326618","738-71-34-37-200-218","CLOSD","11629 E Briar Patch Drive, Chesterfield VA 23113","23113","Chesterfield","Condominium","11/28/2023","$255,000","$255,000","7","Resale (occupied at least once)","1974","Briarwood Hearth","1,396","","3","2.1","Public Water","Sewer - Public","Conventional","Individuals"
"1001","2326233","759-762-9479","CLOSD","4712 Kellywood Drive, Henrico VA 23060","23060","Henrico","Single Family Residence","11/28/2023","$360,000","$370,000","4","Resale (occupied at least once)","1983","Dunncroft","1,728","0.22","3","2.1","Public Water","Sewer - Public","Conventional","Individuals"
"1001","2326154","W019-0306-023","CLOSD","27 West Locke Lane #UnitU4, Richmond City VA 23226","23226","Richmond City","Condominium","11/28/2023","$369,900","$369,900","5","Resale (occupied at least once)","1930","Lock Lane Condominium","905","","2","2.0","Public Water","Sewer - Public","Conventional","Individuals"
"1001","2326013","771-737-3965","CLOSD","1506 Treboy Avenue, Henrico VA 23226","23226","Henrico","Single Family Residence","11/28/2023","$414,950","$375,000","8","Resale (occupied at least once)","1957","Monumental Floral Gardens","1,996","0.29","3","2.1","Public Water","Sewer - Public","Conventional","Individuals"
"1001","2325929","C005-0832-026","CLOSD","5259 Sheridan Lane, Richmond City VA 23225","23225","Richmond City","Single Family Residence","11/28/2023","$324,990","$327,500","3","Resale (occupied at least once)","1950","Forest View Heights","1,178","0.34","2","2.0","Public Water","Sewer - Public","Conventional","Individuals"
"1001","2325923","N000-2041-003","CLOSD","1417 Nottoway Avenue, Richmond City VA 23227","23227","Richmond City","Single Family Residence","11/28/2023","$399,950","$465,000","5","Resale (occupied at least once)","1930","Brookdale","1,064","0.12","2","1.0","Public Water","Sewer - Public","Conventional","Individuals"
"1001","2325896","S000-0027-069","CLOSD","815 Porter Street #UnitU304, Richmond City VA 23224","23224","Richmond City","Condominium","11/28/2023","$190,000","$191,000","11","Resale (occupied at least once)","1895","Manchester","602","0.01","1","1.0","Public Water","Sewer - Public","Cash","Individuals"
"1001","2325429","756-738-1961","CLOSD","709 Spottswood Road, Henrico VA 23229","23229","Henrico","Single Family Residence","11/28/2023","$775,000","$847,500","7","Resale (occupied at least once)","1947","Spottswood Park","2,562","0.30","5","3.0","Public Water","Sewer - Public","Conventional","Individuals"
"1001","2325382","W020-0152-023","CLOSD","316 Lexington Road, Richmond City VA 23226","23226","Richmond City","Single Family Residence","11/28/2023","$599,500","$765,000","8","Resale (occupied at least once)","1928","Stonewall Court","1,921","0.19","4","2.0","Public Water","Sewer - Public","Cash","Estate"
"1001","2325180","749-766-5486","CLOSD","11200 Cedar Post Place, Henrico VA 23060","23060","Henrico","Single Family Residence","11/28/2023","$550,000","$565,000","7","Resale (occupied at least once)","1993","Cedars At Innsbrook","2,535","0.28","4","2.1","Public Water","Sewer - Public","Conventional","Individuals"
"1001","2325011","N000-1115-024","CLOSD","1209 Rennie Avenue, Richmond City VA 23227","23227","Richmond City","Single Family Residence","11/28/2023","$589,000","$585,000","7","Resale (occupied at least once)","1951","Sherwood Park","1,916","0.26","4","3.0","Public Water","Sewer - Public","Conventional","Individuals"
"1001","2324959","806-732-1823","CLOSD","3309 Croydon Road, Henrico VA 23223","23223","Henrico","Single Family Residence","11/28/2023","$239,000","$245,000","3","Resale (occupied at least once)","1956","Mayfair Place","1,075","0.29","3","2.0","Public Water","Sewer - Public","VA New","Individuals"
"1001","2324806","769-763-5006","CLOSD","10409 Attems Way, Henrico VA 23060","23060","Henrico","Single Family Residence","11/28/2023","$550,000","$575,000","7","Resale (occupied at least once)","1994","Tall Oaks","2,700","0.34","4","2.1","Public Water","Sewer - Public","Conventional","Individuals"
"1001","2324496","W000-0893-010","CLOSD","2007 Idlewood Avenue, Richmond City VA 23220","23220","Richmond City","Single Family Residence","11/28/2023","$489,950","$475,000","6","Resale (occupied at least once)","2005","None","1,942","0.07","3","2.1","Public Water","Sewer - Public","Conventional","Individuals"
"1001","2324462","797-713-7915.302","CLOSD","251 Rocketts Way #Unit302, Henrico VA 23231","23231","Henrico","Condominium","11/28/2023","$339,950","$339,950","8","Resale (occupied at least once)","2007","Village Of Rocketts Landing","1,111","0.03","2","2.0","Public Water","Sewer - Public","Conventional","Individuals"
"1001","2324448","W000-0998-002","CLOSD","2223 Grove Avenue, Richmond City VA 23220","23220","Richmond City","Single Family Residence","11/28/2023","$1,250,000","$1,212,500","20","Resale (occupied at least once)","1914","None","2,814","0.09","3","3.1","Public Water","Sewer - Public","Cash","Individuals"
"1001","2324287","780-66-08-05-400-000","CLOSD","5630 Turkey Oak Road, Chesterfield VA 23237","23237","Chesterfield","Single Family Residence","11/28/2023","$474,900","$485,000","2","Resale (occupied at least once)","1983","Autumn Oaks","3,439","2.32","4","2.2","Public Water, Well","Septic - Conventional","Conventional","Individuals"
"1001","2324108","776-762-4213","CLOSD","9740 Willow Glen Lane, Henrico VA 23228","23228","Henrico","Single Family Residence","11/28/2023","$358,450","$375,000","3","Resale (occupied at least once)","2002","Cedar Grove","1,450","0.23","3","2.1","Public Water","Sewer - Public","Conventional","Individuals"
"1001","2324106","7797-48-1858","CLOSD","9551 Plateau Place, Hanover VA 23116","23116","Hanover","Single Family Residence","11/28/2023","$579,950","$609,000","8","Resale (occupied at least once)","2003","Milestone","3,208","0.35","5","4.0","Public Water","Sewer - Public","Conventional","Individuals"
"1001","2323305","7778-64-9344","CLOSD","11454 Armedon Drive, Hanover VA 23059","23059","Hanover","Single Family Residence","11/28/2023","$450,000","$450,000","6","Resale (occupied at least once)","2014","Cedarlea Park","2,218","0.16","4","2.1","Public Water","Sewer - Public","Conventional","Individuals"
"1001","2323171","772-740-6713","CLOSD","5415 Libbie Mill West Boulevard #Unit5415, Henrico VA 23230","23230","Henrico","Townhouse","11/28/2023","$530,000","$530,000","3","Resale (occupied at least once)","2017","Libbie Mill Townhomes","2,035","0.03","3","2.1","Public Water","Sewer - Public","Conventional","Individuals"
"1001","2323141","33-1-0-9-0","CLOSD","2547 Oilville Road, Goochland VA 23146","23146","Goochland","Single Family Residence","11/28/2023","$350,000","$340,000","21","Resale (occupied at least once)","1961","None","1,260","3.00","3","2.0","Well","Septic - Conventional","Conventional","Individuals"
"1001","2322760","738-71-34-37-200-119","CLOSD","11741 North Briar Patch Drive, Chesterfield VA 23113","23113","Chesterfield","Condominium","11/28/2023","$225,000","$220,000","5","Resale (occupied at least once)","1974","Briarwood Hearth","1,164","25.94","2","1.1","Public Water","Sewer - Public","Conventional","Individuals"
"1001","2322589","776-746-4615","CLOSD","6200 Impala Drive, Henrico VA 23228","23228","Henrico","Single Family Residence","11/28/2023","$315,000","$330,000","6","Resale (occupied at least once)","1955","West Hermitage Park","1,206","0.23","3","1.0","Public Water","Sewer - Public","Conventional","Corporate"
"1001","2322372","1-1-0-9-A","CLOSD","5696 Broad Street Road, Goochland VA 23084","23084","Goochland","Single Family Residence","11/28/2023","$399,900","$365,000","49","Resale (occupied at least once)","1967","None","2,012","1.85","3","2.0","Well","Septic - Conventional","Cash","Individuals"
"1001","2322338","7758-18-9416","CLOSD","13429 Greenwood Road, Hanover VA 23059","23059","Hanover","Single Family Residence","11/28/2023","$925,000","$925,000","23","Resale (occupied at least once)","1965","None","5,951","16.37","4","3.1","Well","Septic - Conventional","Cash","Estate"
"1001","2320845","762-759-6998","CLOSD","4301 WALTON FARMS Drive, Henrico VA 23294","23294","Henrico","Single Family Residence","11/28/2023","$365,000","$365,000","69","Resale (occupied at least once)","1981","Walton Farms","1,588","0.36","4","2.0","Public Water","Sewer - Public","Cash","Individuals"
"1001","2311223","779-774-3424","CLOSD","10690 Skippers Street, Henrico VA 23059","23059","Henrico","Single Family Residence","11/28/2023","$695,000","$695,000","8","New (never occupied)","2023","River Mill","3,225","","4","3.1","Public Water","Sewer - Public","Cash","Corporate"
"1001","2325465","775-747-7499","CLOSD","2927 Putney Road, Henrico VA 23228","23228","Henrico","Single Family Residence","11/29/2023","$439,950","$435,000","10","New (never occupied)","2023","Ruthland","1,951","0.18","4","2.1","Public Water","Sewer - Public","Conventional","Corporate"
"1001","2323949","C006-0494-001","CLOSD","830 Shelby Drive, Richmond City VA 23224","23224","Richmond City","Single Family Residence","11/29/2023","$375,000","$355,000","25","Resale (occupied at least once)","1954","Woodstock","2,258","0.46","3","2.1","Public Water","Septic - Conventional","FHA New","Individuals"
"1001","2326354","828-716-5687","CLOSD","206 Garland Avenue, Henrico VA 23150","23150","Henrico","Single Family Residence","11/29/2023","$219,900","$221,000","5","Resale (occupied at least once)","1947","Sandston","1,038","0.26","3","1.0","Public Water","Sewer - Public","FHA New","Individuals"
"1001","2319336","716-66-1085-200-000","CLOSD","15406 Holcomb Bridge Drive, Chesterfield VA 23832","23832","Chesterfield","Single Family Residence","11/29/2023","$763,240","$680,000","48","New (never occupied)","2023","Harpers Mill","3,580","0.30","5","4.1","Public Water","Sewer - Public","Conventional","Corporate"
"1001","2323589","785-761-3016","CLOSD","619 Brookwood Glen Terrace, Henrico VA 23060","23060","Henrico","Townhouse","11/29/2023","$404,680","$404,680","13","New (never occupied)","2023","Retreat at One","1,877","","3","2.1","Public Water","Sewer - Public","Cash","Corporate"
"1001","2323693","788656034100000","CLOSD","4407 Village Creek Drive, Chesterfield VA 23831","23831","Chesterfield","Single Family Residence","11/29/2023","$399,900","$425,000","34","Resale (occupied at least once)","2006","Chester Village Green","3,398","","4","2.1","Public Water","Sewer - Public","FHA New","Individuals"
"1001","2308454","K20-0030-0227","CLOSD","11858 Knockholt Lane #Unit155, New Kent VA 23124","23124","New Kent","Townhouse","11/29/2023","$340,140","$340,140","45","New (never occupied)","2023","Maidstone Village","1,829","","3","2.1","Public Water","Sewer - Public","VA New","Corporate"
"1001","2325801","732-67-47-13-900-000","CLOSD","13373 Diamond Ridge Drive, Chesterfield VA 23112","23112","Chesterfield","Townhouse","11/29/2023","$320,000","$335,000","16","Resale (occupied at least once)","2013","Springridge At Swift Creek","1,972","0.04","4","3.0","Public Water","Sewer - Public","Conventional","Individuals"
"1001","2311525","761-64-38-86-200-000","CLOSD","8612 Mckibben Drive, Chesterfield VA 23838","23838","Chesterfield","Single Family Residence","11/29/2023","$586,460","$586,400","0","New (never occupied)","2022","Lake Margaret","3,082","1.50","5","4.0","Public Water","Septic - Conventional","Conventional","Corporate"
"1001","2302169","118925","CLOSD","8476 Warrior Road, New Kent VA 23141","23141","New Kent","Single Family Residence","11/29/2023","$410,173","$411,073","2","New (never occupied)","2023","Dispatch Station","1,728","0.60","3","2.1","Public Water","Septic - Engineered","Conventional","Corporate"
"1001","2310299","118885","CLOSD","1410 Tutelo Road, New Kent VA 23141","23141","New Kent","Single Family Residence","11/29/2023","$675,495","$677,598","0","New (never occupied)","2023","Dispatch Station","2,972","5.25","5","3.1","Public Water","Other - See Remarks","Conventional","Corporate"
"1001","2326039","S006-0213-024","CLOSD","5206 Sylvan Court, Richmond City VA 23225","23225","Richmond City","Single Family Residence","11/29/2023","$610,000","$610,000","4","Resale (occupied at least once)","1994","Westover Hills","2,286","0.26","4","2.1","Public Water","Sewer - Public","Conventional","Individuals"
"1001","2320678","726-66-00-50-000-000","CLOSD","13407 Prince James Drive, Chesterfield VA 23832","23832","Chesterfield","Single Family Residence","11/29/2023","$509,998","$505,000","53","Resale (occupied at least once)","2006","The Woods At Summerford","3,218","0.48","5","2.1","Public Water","Sewer - Public","Conventional","Individuals"
"1001","2325524","724-68-50-19-400-000","CLOSD","14218 Regatta Pointe Road, Chesterfield VA 23112","23112","Chesterfield","Single Family Residence","11/29/2023","$340,000","$346,000","3","Resale (occupied at least once)","1983","Regatta Pointe","1,792","0.19","3","2.1","Public Water","Sewer - Public","FHA New","Individuals"
"1001","2326014","804-706-5170","CLOSD","1403 Etna Circle, Henrico VA 23231","23231","Henrico","Single Family Residence","11/29/2023","$254,950","$255,000","4","Resale (occupied at least once)","1974","Oakland Village","1,196","0.32","3","2.0","Public Water","Sewer - Public","Conventional","Individuals"
"1001","2321696","7787-37-9178","CLOSD","10521 Stony Bluff Drive #Unit101, Hanover VA 23005","23005","Hanover","Condominium","11/29/2023","$239,950","$244,950","51","Resale (occupied at least once)","2019","Stony Run","963","","1","1.0","Public Water","Sewer - Public","Conventional","Individuals"
"1001","2307830","779-773-8880","CLOSD","10735 Skippers Street, Henrico VA 23059","23059","Henrico","Single Family Residence","11/29/2023","$659,950","$703,225","0","New (never occupied)","2023","River Mill","3,225","","4","4.0","Public Water","Sewer - Public","Conventional","Corporate"
"1001","2325788","E000-1082-004","CLOSD","1807 North 23rd Street, Richmond City VA 23223","23223","Richmond City","Single Family Residence","11/29/2023","$175,000","$180,000","3","Resale (occupied at least once)","1925","Peter Paul Tract","976","0.10","2","1.0","Public Water","Sewer - Public","Cash","Individuals"
"1001","BRTVACF2000468","755684140000000","CLOSD","5007 Cane Mill Lane, Chesterfield VA 23236","23236","Chesterfield","Single Family Residence","11/29/2023","$355,900","$350,000","95","Resale (occupied at least once)","2000","NONE AVAILABLE","1,884","0.30","4","3.0","Public Water","Public Sewer On Site","",""
"1001","2321243","C008-0615-024","CLOSD","5436 Snead Road, Richmond City VA 23224","23224","Richmond City","Single Family Residence","11/29/2023","$224,990","$224,990","18","Resale (occupied at least once)","1934","Piney Knolls","1,348","0.58","2","1.0","Public Water","Sewer - Public","Conventional","Individuals"
"1001","2322470","794-65-68-86-100-000","CLOSD","12173 Warfield Estates Drive, Chesterfield VA 23831","23831","Chesterfield","Single Family Residence","11/29/2023","$324,950","$324,000","31","Resale (occupied at least once)","2001","Warfield Estates","1,726","0.22","3","2.1","Public Water","Sewer - Public","FHA New","Individuals"
"1001","2322712","726-70-01-32-000-000","CLOSD","972 Gorham Court, Chesterfield VA 23114","23114","Chesterfield","Single Family Residence","11/29/2023","$434,950","$442,000","15","Resale (occupied at least once)","2007","Hawthorne Village","2,636","0.12","4","2.1","Public Water","Sewer - Public","Conventional","Individuals"
"1001","2322171","795-61-35-68-200-000","CLOSD","3413 North Street, Chesterfield VA 23803","23803","Chesterfield","Single Family Residence","11/29/2023","$275,000","$275,000","26","Resale (occupied at least once)","1965","Laurel Branch Farms","2,717","0.35","4","2.1","Public Water","Sewer - Public","Conventional","Individuals"
"1001","2327383","C008-0534-004","CLOSD","5501 Burtwood Lane, Richmond City VA 23224","23224","Richmond City","Single Family Residence","11/29/2023","$250,000","$250,000","3","Resale (occupied at least once)","1967","Brinkwood","1,376","0.21","3","1.0","Public Water","Sewer - Public","Cash","Individuals"
"1001","2327077","827-720-9407","CLOSD","1943 Repp Circle, Henrico VA 23075","23075","Henrico","Townhouse","11/29/2023","$165,000","$165,000","7","Resale (occupied at least once)","1974","Fairlawn Townhouses","1,007","","3","1.0","Public Water","Sewer - Public","Cash","Individuals"
"1001","2327052","721-67-61-56-200-000","CLOSD","5813 Mill Spring Road, Chesterfield VA 23112","23112","Chesterfield","Single Family Residence","11/29/2023","$240,003","$260,000","3","Resale (occupied at least once)","1985","Mill Spring","1,457","0.22","3","2.1","Public Water","Sewer - Public","Cash","Individuals"
"1001","2326717","820-727-4869","CLOSD","100 A P Hill Avenue, Henrico VA 23075","23075","Henrico","Single Family Residence","11/29/2023","$249,950","$260,000","2","Resale (occupied at least once)","1937","Beechwood Park","1,608","1.55","3","2.0","Public Water","Sewer - Public","Conventional","Individuals"
"1001","2326139","775-66-24-57-000-000","CLOSD","6010 Simplicity Court, Chesterfield VA 23832","23832","Chesterfield","Single Family Residence","11/29/2023","$209,900","$220,000","4","Resale (occupied at least once)","1982","Courthouse Green South","1,050","0.22","3","1.1","Public Water","Sewer - Public","Cash","Individuals"
"1001","2326025","720-67-57-08-700-000","CLOSD","14611 Mill Spring Drive, Chesterfield VA 23112","23112","Chesterfield","Single Family Residence","11/29/2023","$345,000","$331,000","20","Resale (occupied at least once)","1986","Woodlake","1,682","0.18","3","2.1","Public Water","Sewer - Public","Cash","Individuals"
"1001","2325895","763-68-35-58-500-000","CLOSD","7404 Pennbrook Court, Chesterfield VA 23832","23832","Chesterfield","Single Family Residence","11/29/2023","$324,900","$335,000","4","Resale (occupied at least once)","1985","Pennwood","1,500","0.25","4","2.0","Public Water","Sewer - Public","Conventional","Individuals"
"1001","2325862","8716-23-6229","CLOSD","9178 Pembridge Drive, Hanover VA 23116","23116","Hanover","Single Family Residence","11/29/2023","$359,950","$365,000","6","Resale (occupied at least once)","1972","Avondale","1,797","0.42","3","2.0","Community Well","Septic - Conventional","Cash","Individuals"
"1001","2325844","728-66-56-79-200-000","CLOSD","14006 Palomino Way, Chesterfield VA 23112","23112","Chesterfield","Single Family Residence","11/29/2023","$389,950","$422,500","3","Resale (occupied at least once)","1996","Antler Ridge","2,128","0.44","4","2.1","Public Water","Sewer - Public","Conventional","Individuals"
"1001","2325837","810-731-2749","CLOSD","1708 Harvest Grove Lane, Henrico VA 23223","23223","Henrico","Single Family Residence","11/29/2023","$300,000","$300,000","8","Resale (occupied at least once)","2002","Harvest Crest","1,532","0.23","3","2.1","Public Water","None","Conventional","Individuals"
"1001","2325771","756-68-49-43-100-000","CLOSD","4737 Fordham Road, Chesterfield VA 23236","23236","Chesterfield","Single Family Residence","11/29/2023","$299,900","$318,000","4","Resale (occupied at least once)","1986","Fernbrook","1,630","0.56","3","2.0","Public Water","Sewer - Public","Conventional","Individuals"
"1001","2325713","S008-0854-019","CLOSD","3403 Frank Road, Richmond City VA 23234","23234","Richmond City","Single Family Residence","11/29/2023","$150,000","$150,000","4","Resale (occupied at least once)","1950","Castle Heights","864","0.18","2","1.0","Public Water","Sewer - Public","Other","Other"
"1001","2325562","8774-08-7880","CLOSD","7389 Figuly Road, Hanover VA 23111","23111","Hanover","Single Family Residence","11/29/2023","$499,950","$489,000","4","Resale (occupied at least once)","2003","Westwood Farms","2,762","10.00","4","2.1","Well","Septic - Conventional","VA New","Individuals"
"1001","2325250","C007-0139-040","CLOSD","854 Green Ridge Drive, Richmond City VA 23225","23225","Richmond City","Single Family Residence","11/29/2023","$242,500","$242,500","4","Resale (occupied at least once)","1978","Green Ridge","1,120","0.26","3","1.0","Public Water","Sewer - Public","FHA New","Individuals"
"1001","2325085","770-68-77-95-000-000","CLOSD","4851 Turner Road, Chesterfield VA 23234","23234","Chesterfield","Single Family Residence","11/29/2023","$399,950","$440,000","9","Resale (occupied at least once)","1976","None","2,026","3.06","3","2.0","Public Water","Septic - Conventional","Cash","Individuals"
"1001","2324885","743-68-01-28-400-000","CLOSD","11501 Deep Hollow Court, Chesterfield VA 23112","23112","Chesterfield","Single Family Residence","11/29/2023","$335,000","$335,000","9","Resale (occupied at least once)","1986","Bailey Ridge Estates","1,266","0.41","3","2.0","Public Water","Sewer - Public","Conventional","Corporate"
"1001","2324855","7890-20-8113","CLOSD","9397 East Patrick Henry Road, Hanover VA 23005","23005","Hanover","Single Family Residence","11/29/2023","$299,950","$299,950","6","Resale (occupied at least once)","1940","None","1,166","1.00","2","2.0","Well","Septic - Conventional","Conventional","Individuals"
"1001","2324324","789-66-48-82-100-000","CLOSD","3600 Hamlin Creek Parkway, Chesterfield VA 23831","23831","Chesterfield","Single Family Residence","11/29/2023","$379,000","$395,000","2","Resale (occupied at least once)","2011","Brooks Chapel","2,356","0.29","4","2.1","Public Water","Sewer - Public","Conventional","Individuals"
"1001","2323358","804-730-8403","CLOSD","2307 Crosscreek Road, Henrico VA 23223","23223","Henrico","Single Family Residence","11/29/2023","$249,900","$261,000","30","Resale (occupied at least once)","1980","Fordham Village","1,050","0.24","3","2.0","Public Water","Sewer - Public","Conventional","Corporate"
"1001","2322828","772-749-2938","CLOSD","6902 Alder Grove Drive, Henrico VA 23228","23228","Henrico","Townhouse","11/29/2023","$379,000","$379,000","25","Resale (occupied at least once)","2009","Glenside Woods","2,106","0.07","3","2.1","Public Water","Community - Sewer/Septic","Conventional","Individuals"
"1001","2322174","E000-0552-019","CLOSD","1206 North 19th Street, Richmond City VA 23223","23223","Richmond City","Single Family Residence","11/29/2023","$205,000","$205,000","24","New (never occupied)","2023","None","1,346","0.05","2","2.1","Public Water","Sewer - Public","Conventional","Corporate"
"1001","2321228","7797-75-3984","CLOSD","9129 Pantego Lane, Hanover VA 23116","23116","Hanover","Single Family Residence","11/29/2023","$474,999","$465,000","47","Resale (occupied at least once)","1998","Ash Creek","2,523","0.35","4","2.1","Public Water","Sewer - Public","Conventional","Individuals"
"1001","2319652","767-738-9175","CLOSD","6211 Monument Avenue, Henrico VA 23226","23226","Henrico","Single Family Residence","11/29/2023","$460,000","$430,000","33","Resale (occupied at least once)","1947","Westview Manor","2,536","0.39","3","2.1","Public Water","Sewer - Public","Cash","Individuals"
"1001","2314437","818-727-8616","CLOSD","25 Barker Avenue, Henrico VA 23223","23223","Henrico","Single Family Residence","11/29/2023","$235,000","$245,000","1","Resale (occupied at least once)","1998","Robin Park","1,056","0.46","3","2.0","Public Water","Sewer - Public","FHA New","Individuals"
"1001","2310579","751-687-588-100-00","CLOSD","4112 Ambergrove Avenue, Chesterfield VA 23236","23236","Chesterfield","Townhouse","11/29/2023","$483,075","$483,075","158","New (never occupied)","2023","Amberleigh","1,615","0.10","3","2.1","Public Water","Sewer - Public","Conventional","Corporate"
"1001","2305243","8735-15-5270","CLOSD","5448 Mechanicsville Turnpike, Hanover VA 23111","23111","Hanover","Single Family Residence","11/29/2023","$375,000","$303,000","238","Resale (occupied at least once)","1903","None","1,590","9.28","3","1.0","Well","Septic - Conventional","Cash","Individuals"
"1001","2304944","712-69-42-14-300-000","CLOSD","15936 West Millington Drive, Chesterfield VA 23112","23112","Chesterfield","Single Family Residence","11/29/2023","$885,000","$865,000","174","New (never occupied)","2023","Newmarket","3,859","","5","5.1","Public Water","Sewer - Public","Conventional","Corporate"
"1001","REIN10481852","K20-0030-0227","CLOSD","11858 Knockholt Lane #Unit155, New Kent VA 23124","23124","New Kent","Townhouse","11/29/2023","$340,140","$340,140","212","New (never occupied)","2023","MAIDSTONE VILLAGE","1,829","","3","3.0","Public Water","Public Sewer On Site","",""
"1001","2325506","E000-0794-003","CLOSD","1516 North 31st Street, Richmond City VA 23223","23223","Richmond City","Single Family Residence","11/30/2023","$235,000","$237,000","8","Resale (occupied at least once)","1954","None","672","0.13","2","1.0","Public Water","Sewer - Public","Conventional","Individuals"
"1001","2325214","809-671-5813","CLOSD","945 Kingsland Road, Henrico VA 23231","23231","Henrico","Single Family Residence","11/30/2023","$465,000","$450,000","7","Resale (occupied at least once)","1977","Newstead Farms","2,699","1.11","3","2.1","Well","Septic - Conventional","Cash","Estate"
"1001","2325247","738-747-4176","CLOSD","1712 Cloister Drive, Henrico VA 23238","23238","Henrico","Single Family Residence","11/30/2023","$599,999","$575,000","15","Resale (occupied at least once)","1979","Sussex","2,858","0.42","4","2.1","Public Water","Sewer - Public","Conventional","Individuals"
"1001","2319312","716-66-1184-700-000","CLOSD","15118 Scranton Drive, Chesterfield VA 23832","23832","Chesterfield","Single Family Residence","11/30/2023","$549,000","$549,000","68","New (never occupied)","2023","Harpers Mill","2,525","0.30","4","4.1","Public Water","Sewer - Public","Conventional","Corporate"
"1001","2324412","715-66-1563-500-000","CLOSD","15442 Holcomb Bridge Drive, Chesterfield VA 23832","23832","Chesterfield","Single Family Residence","11/30/2023","$599,000","$599,000","33","New (never occupied)","2023","Harpers Mill","3,005","0.28","4","3.1","Public Water","Sewer - Public","Conventional","Corporate"
"1001","2303401","7890-64-3425","CLOSD","9561 Seven Sisters Drive, Hanover VA 23005","23005","Hanover","Single Family Residence","11/30/2023","$1,310,929","$1,310,929","0","New (never occupied)","2023","Hickory Hill","4,266","0.94","4","3.1","Well","Septic - Conventional","Conventional","Corporate"
"1001","2320278","707-68-16-61-900-000","CLOSD","5213 Cabretta Drive, Chesterfield VA 23120","23120","Chesterfield","Single Family Residence","11/30/2023","$625,000","$618,000","46","Resale (occupied at least once)","2012","Westerleigh","4,780","0.29","6","4.0","Public Water","Sewer - Public","Conventional","Individuals"
"1001","2224922","7717-72-7391","CLOSD","2160 Ellis Farm Drive, Goochland VA 23103","23103","Goochland","Single Family Residence","11/30/2023","$689,950","$728,252","177","New (never occupied)","2023","Tuckahoe Bridge","2,964","0.36","4","2.1","Public Water","Sewer - Public","Conventional","Corporate"
"1001","2326389","822-64-74-00-700-000","CLOSD","14101 State Avenue, Chesterfield VA 23836","23836","Chesterfield","Single Family Residence","11/30/2023","$250,000","$238,000","17","Resale (occupied at least once)","1967","Morrisdale","996","1.13","3","1.0","Well","Septic - Conventional","Conventional","Individuals"
"1001","2307605","784-65-52-53-300-000","CLOSD","11436 Dunmore Mill Court #Unit26-4, Chesterfield VA 23831","23831","Chesterfield","Townhouse","11/30/2023","$353,430","$353,430","39","New (never occupied)","2023","Iron Mill Section 1","1,855","","3","2.1","Public Water","Sewer - Public","Conventional","Corporate"
"1001","2304555","779-773-3106","CLOSD","10691 Skippers Street, Henrico VA 23059","23059","Henrico","Single Family Residence","11/30/2023","$665,950","$665,950","24","New (never occupied)","2023","River Mill","3,115","","5","4.0","Public Water","Sewer - Public","Conventional","Corporate"
"1001","2325244","715-66-1984-700-000","CLOSD","15412 Holcomb Bridge Drive, Chesterfield VA 23832","23832","Chesterfield","Single Family Residence","11/30/2023","$589,000","$589,000","19","New (never occupied)","2023","Harpers Mill","4,561","0.27","4","4.1","Public Water","Sewer - Public","Cash","Corporate"
"1001","2316617","785-761-2218","CLOSD","613 Brookwood Glen Terrace, Henrico VA 23060","23060","Henrico","Townhouse","11/30/2023","$427,680","$422,680","11","New (never occupied)","2023","Retreat at One","2,045","","3","2.1","Public Water","Sewer - Public","Conventional","Corporate"
"1001","2308450","K20-0051-0243","CLOSD","11862 Knockholt Lane, New Kent VA 23124","23124","New Kent","Townhouse","11/30/2023","$341,915","$341,915","35","New (never occupied)","2023","Maidstone Village","1,914","","3","2.1","Public Water","Sewer - Public","USDA","Corporate"
"1001","2320189","727-66-02-33-500-000","CLOSD","14400 Pembrooke Dock Lane, Chesterfield VA 23112","23112","Chesterfield","Single Family Residence","11/30/2023","$550,000","$535,000","72","Resale (occupied at least once)","2012","Collington","2,912","0.30","4","3.1","Public Water","Sewer - Public","Conventional","Individuals"
"1001","2324291","770-69-21-99-600-000","CLOSD","5905 Belston Court, Chesterfield VA 23234","23234","Chesterfield","Townhouse","11/30/2023","$275,000","$285,000","27","Resale (occupied at least once)","2012","Belfair Townhouses","1,440","0.05","3","2.1","Public Water","Sewer - Public","Conventional","Individuals"
"1001","2324865","731-754-1197","CLOSD","2615 Wetherburn Court, Henrico VA 23233","23233","Henrico","Townhouse","11/30/2023","$375,000","$375,000","10","Resale (occupied at least once)","1984","Berkeley Pointe","1,384","0.06","3","3.0","Public Water","Sewer - Public","Conventional","Individuals"
"1001","2325815","744-69-13-63-700-000","CLOSD","2312 Sleepy Hill Road, Chesterfield VA 23236","23236","Chesterfield","Single Family Residence","11/30/2023","$450,000","$450,000","5","Resale (occupied at least once)","1989","Brandon","2,503","0.61","3","2.2","Public Water","Sewer - Public","Conventional","Individuals"
"1001","2325479","792680486000000","CLOSD","2517 Gwynn Avenue, Chesterfield VA 23237","23237","Chesterfield","Single Family Residence","11/30/2023","$315,000","$320,000","5","Resale (occupied at least once)","1958","Patterson Park","1,794","1.97","3","1.0","Public Water","Sewer - Public","Conventional","Individuals"
"1001","2325797","802-738-8179","CLOSD","2104 Springdale Road, Henrico VA 23222","23222","Henrico","Single Family Residence","11/30/2023","$399,900","$375,000","14","Resale (occupied at least once)","1939","Henrico Heights","1,780","1.31","4","2.0","Public Water","Sewer - Public","Conventional","Other"
"1001","2325770","760678239900000","CLOSD","9219 Alcove Grove Road, Chesterfield VA 23832","23832","Chesterfield","Single Family Residence","11/30/2023","$364,900","$365,000","7","Resale (occupied at least once)","2005","Five Forks Village","1,940","0.27","4","2.0","Public Water","Sewer - Public","Conventional","Individuals"
"1001","2325431","744-747-1054","CLOSD","1727 Foxcreek Circle, Henrico VA 23238","23238","Henrico","Townhouse","11/30/2023","$239,900","$250,000","6","Resale (occupied at least once)","1980","Foxfire","1,562","0.10","3","2.0","Public Water","Sewer - Public","Conventional","Estate"
"1001","2323835","796-65-75-63-700-000","CLOSD","12124 Perdue Springs Loop, Chesterfield VA 23831","23831","Chesterfield","Townhouse","11/30/2023","$260,000","$256,000","25","Resale (occupied at least once)","2012","Westchester Townhouses","1,360","0.07","3","2.1","Public Water","Sewer - Public","Conventional","Individuals"
"1001","2322550","731706067900087","CLOSD","13268 Coalfield Station Lane, Chesterfield VA 23114","23114","Chesterfield","Condominium","11/30/2023","$429,985","$429,985","8","New (never occupied)","2023","Coalfield Station","1,974","","3","2.1","Public Water","Sewer - Public","Conventional","Corporate"
"1001","2323842","797-62-01-01-000-000","CLOSD","19015 Branders Bridge Road, Chesterfield VA 23834","23834","Chesterfield","Single Family Residence","11/30/2023","$289,000","$289,000","15","Resale (occupied at least once)","1952","None","1,485","0.56","4","2.0","Public Water","Septic - Conventional","FHA New","Individuals"
"1001","2327012","825-728-7103","CLOSD","1708 Ivy Cliffs Court, Henrico VA 23075","23075","Henrico","Single Family Residence","11/30/2023","$290,000","$290,000","9","Resale (occupied at least once)","2005","Ivy Springs","1,300","0.27","3","2.1","Public Water","Sewer - Public","Conventional","Individuals"
"1001","2322885","7870-89-5511","CLOSD","11223 Hill Ridge Court, Hanover VA 23005","23005","Hanover","Single Family Residence","11/30/2023","$399,975","$393,000","42","Resale (occupied at least once)","2014","Ashland Park","1,744","0.28","3","2.1","Public Water","Sewer - Public","Conventional","Individuals"
"1001","2326074","799-63-57-71-500-000","CLOSD","16117 Tipton Court, Chesterfield VA 23834","23834","Chesterfield","Single Family Residence","11/30/2023","$289,900","$295,000","2","Resale (occupied at least once)","1991","Wendover Hills","1,320","0.27","4","2.0","Public Water","Sewer - Public","VA New","Corporate"
"1001","2324037","015-5-9","CLOSD","4030 Solomans Path, Powhatan VA 23139","23139","Powhatan","Single Family Residence","11/30/2023","$595,000","$595,000","26","Resale (occupied at least once)","1990","Newtonwood","2,774","10.10","4","2.1","Well","Septic - Conventional","VA New","Individuals"
"1001","2323670","8704-67-0493","CLOSD","7380 Ford Avenue, Hanover VA 23111","23111","Hanover","Single Family Residence","11/30/2023","$329,000","$325,000","35","Resale (occupied at least once)","1960","Windy Hill Estates","2,264","0.44","3","2.0","Public Water","Sewer - Public","Conventional","Individuals"
"1001","2322299","S007-1229-015","CLOSD","1406 Lynhaven Avenue, Richmond City VA 23224","23224","Richmond City","Single Family Residence","11/30/2023","$174,500","$177,000","25","Resale (occupied at least once)","1939","Powhatan Heights","792","0.23","2","1.1","Public Water","Community - Sewer/Septic","Conventional","Individuals"
"1001","2320297","8725-84-5111","CLOSD","6079 Perryville Terrace, Hanover VA 23111","23111","Hanover","Single Family Residence","11/30/2023","$449,900","$440,000","71","Resale (occupied at least once)","1988","Battlefield Green","2,775","0.36","4","2.1","Public Water","Sewer - Public","Conventional","Individuals"
"1001","2307801","696671670400000","CLOSD","18617 Palisades Ridge, Chesterfield VA 23120","23120","Chesterfield","Townhouse","11/30/2023","$433,015","$486,785","13","New (never occupied)","2023","Magnolia Green","2,106","","3","2.1","Public Water","Sewer - Public","Cash","Corporate"
"1001","2324699","751-751-6744","CLOSD","2100 Rainbow Drive, Henrico VA 23229","23229","Henrico","Single Family Residence","11/30/2023","$295,000","$323,000","5","Resale (occupied at least once)","1955","Roxbury","1,128","0.37","3","1.0","Public Water","Sewer - Public","Cash","Individuals"
"1001","2324528","C005-0529-056","CLOSD","1318 Boulder Creek Road, Richmond City VA 23225","23225","Richmond City","Townhouse","11/30/2023","$359,900","$366,000","8","Resale (occupied at least once)","2008","Boulder Parke Townehomes","2,832","0.10","3","3.1","Public Water","Sewer - Public","Conventional","Individuals"
"1001","2326742","21E  1 B  10","CLOSD","5811 Plaster Lane, New Kent VA 23141","23141","New Kent","Single Family Residence","11/30/2023","$337,500","$325,000","5","Resale (occupied at least once)","1994","Quinton Estates","1,352","0.62","3","2.0","Community Well","Septic - Conventional","Conventional","Individuals"
"1001","2307512","779-773-4899","CLOSD","10703 Skippers Street, Henrico VA 23059","23059","Henrico","Single Family Residence","11/30/2023","$654,625","$701,720","0","New (never occupied)","2023","River Mill","3,225","","4","4.0","Public Water","Sewer - Public","Conventional","Corporate"
"1001","2326308","C005-0856-010","CLOSD","630 Labrook Drive, Richmond City VA 23225","23225","Richmond City","Single Family Residence","11/30/2023","$249,990","$264,000","6","Resale (occupied at least once)","1962","Keaneland Farms","1,141","0.26","3","2.0","Public Water","Sewer - Public","Conventional","Individuals"
"1001","2325019","731-750-1265.029","CLOSD","2439 Wanstead Court, Henrico VA 23238","23238","Henrico","Condominium","11/30/2023","$348,950","$345,000","22","Resale (occupied at least once)","2003","Villas Of Autumn Run","1,295","0.48","2","2.0","Public Water","Sewer - Public","Conventional","Individuals"
"1001","2324644","W019-0152-004","CLOSD","4806 Bromley Lane, Richmond City VA 23226","23226","Richmond City","Single Family Residence","11/30/2023","$779,950","$805,000","5","Resale (occupied at least once)","1946","Colonial Place","2,456","0.16","4","3.0","Public Water","Sewer - Public","Cash","Individuals"
"1001","2327348","N000-0353-013","CLOSD","801 West Leigh Street, Richmond City VA 23220","23220","Richmond City","Townhouse","11/30/2023","$225,000","$225,000","3","Resale (occupied at least once)","1994","George Washington Carver Est","1,655","0.06","3","2.0","Public Water","Sewer - Public","Cash","Individuals"
"1001","2326785","801-733-1163","CLOSD","3203 Hargrove Avenue, Henrico VA 23222","23222","Henrico","Single Family Residence","11/30/2023","$249,995","$242,000","2","Resale (occupied at least once)","1985","Brentwood","792","0.28","2","1.0","Public Water","Sewer - Public","Conventional","Corporate"
"1001","2326407","763-765-3636.058","CLOSD","3504 Corrotoman Road, Henrico VA 23060","23060","Henrico","Condominium","11/30/2023","$524,500","$575,000","6","Resale (occupied at least once)","2007","The Carriage Homes @ Crossridge","2,567","0.08","3","2.1","Public Water","Sewer - Public","Cash","Individuals"
"1001","2326241","808-721-8663","CLOSD","4306 2nd Street, Henrico VA 23223","23223","Henrico","Single Family Residence","11/30/2023","$249,900","$257,500","3","Resale (occupied at least once)","1937","Windsor Place","1,158","0.10","2","1.0","Public Water","Sewer - Public","Conventional","Individuals"
"1001","2326101","W019-0273-012","CLOSD","4704 Grove Avenue, Richmond City VA 23226","23226","Richmond City","Single Family Residence","11/30/2023","$699,990","$710,000","7","New (never occupied)","2023","Colonial Place Annex","1,804","0.08","3","2.1","Public Water","Sewer - Public","Conventional","Individuals"
"1001","2326091","761-745-7764","CLOSD","1711 Skipwith Road, Henrico VA 23229","23229","Henrico","Single Family Residence","11/30/2023","$275,000","$275,000","3","Resale (occupied at least once)","1953","Berkeley Park","864","0.22","2","1.0","Public Water","Sewer - Public","FHA New","Individuals"
"1001","2326070","7758-91-8691","CLOSD","13005 Winns Church Road, Hanover VA 23059","23059","Hanover","Single Family Residence","11/30/2023","$298,000","$298,000","3","Resale (occupied at least once)","1962","Hanover","1,100","1.00","3","1.0","Well","Septic - Conventional","Conventional","Corporate"
"1001","2325972","C003-0027-012","CLOSD","3100 Cottingham Road, Richmond City VA 23225","23225","Richmond City","Single Family Residence","11/30/2023","$464,900","$435,000","7","Resale (occupied at least once)","1960","Stratford Hills","2,586","0.44","4","3.0","Public Water","Sewer - Public","Conventional","Individuals"
"1001","2325897","783-66-47-77-800-000","CLOSD","10008 Brittonwood Drive, Chesterfield VA 23237","23237","Chesterfield","Single Family Residence","11/30/2023","$329,950","$325,000","18","Resale (occupied at least once)","1989","Brittonwood","1,797","0.36","4","2.0","Public Water","Sewer - Public","Cash","Corporate"
"1001","2325892","722-68-79-32-200-000","CLOSD","2908 Cove Ridge Trace, Chesterfield VA 23112","23112","Chesterfield","Single Family Residence","11/30/2023","$575,000","$625,000","3","Resale (occupied at least once)","1988","Brandermill","2,031","0.17","3","2.1","Public Water","Sewer - Public","Cash","Individuals"
"1001","2325851","8737-14-6092","CLOSD","10211 Summer Plains Court, Hanover VA 23116","23116","Hanover","Single Family Residence","11/30/2023","$539,950","$545,000","3","Resale (occupied at least once)","1990","Summer Plains","2,400","2.05","4","2.1","Well","Septic - Conventional","Conventional","Individuals"
"1001","2325732","33   2     3","CLOSD","9270 Bailey Lane, New Kent VA 23140","23140","New Kent","Single Family Residence","11/30/2023","$475,000","$475,000","9","Resale (occupied at least once)","2001","None","1,920","5.38","3","2.0","Well","Septic - Conventional","Cash","Individuals"
"1001","2325537","33B13 51O  56","CLOSD","5156 Brandon Pines Drive, New Kent VA 23140","23140","New Kent","Single Family Residence","11/30/2023","$625,000","$630,000","10","Resale (occupied at least once)","2018","Brickshire","3,580","0.47","5","3.1","Public Water","Sewer - Public","VA New","Individuals"
"1001","2325404","788-753-3859","CLOSD","504 Brookside Boulevard, Henrico VA 23227","23227","Henrico","Single Family Residence","11/30/2023","$300,000","$326,000","5","Resale (occupied at least once)","1956","Chamberlayne Farms","1,494","0.54","4","2.0","Public Water","Sewer - Public","Conventional","Individuals"
"1001","2325320","789-765-1324","CLOSD","576 Virginia Center Parkway, Henrico VA 23059","23059","Henrico","Single Family Residence","11/30/2023","$499,950","$499,950","10","Resale (occupied at least once)","1998","Cross Point","2,779","0.18","4","3.1","Public Water","Sewer - Public","Conventional","Individuals"
"1001","2325146","W019-0257-008","CLOSD","4803 Stuart Avenue, Richmond City VA 23226","23226","Richmond City","Single Family Residence","11/30/2023","$559,500","$600,000","8","Resale (occupied at least once)","1952","Edgewood","1,523","0.16","3","2.0","Public Water","Sewer - Public","Conventional","Estate"
"1001","2324966","728-68-41-35-300-000","CLOSD","3702 Nuttree Woods Drive, Chesterfield VA 23112","23112","Chesterfield","Single Family Residence","11/30/2023","$415,000","$415,000","19","Resale (occupied at least once)","1978","Brandermill","2,026","0.37","4","2.1","Public Water","Sewer - Public","Conventional","Individuals"
"1001","2324754","8715-86-5976","CLOSD","8366 Ryegate Place, Hanover VA 23111","23111","Hanover","Single Family Residence","11/30/2023","$435,000","$430,000","23","Resale (occupied at least once)","1999","Brooks Hollow","2,234","0.36","3","2.0","Public Water","Sewer - Public","Conventional","Corporate"
"1001","2324659","759-765-7675","CLOSD","4981 Francistown Road, Henrico VA 23060","23060","Henrico","Single Family Residence","11/30/2023","$394,500","$408,000","6","Resale (occupied at least once)","1975","Acreage","2,056","1.92","3","2.0","Public Water","Septic - Conventional","Cash","Individuals"
"1001","2324584","806-714-1175","CLOSD","2325 Carlisle Avenue, Henrico VA 23231","23231","Henrico","Single Family Residence","11/30/2023","$262,000","$226,000","20","Resale (occupied at least once)","1948","Kemp Heights","1,050","0.22","2","1.0","Public Water","Sewer - Public","Conventional","Individuals"
"1001","2324525","W022-0220-011","CLOSD","4600 Sulgrave Road, Richmond City VA 23221","23221","Richmond City","Single Family Residence","11/30/2023","$1,500,000","$2,025,000","7","Resale (occupied at least once)","1984","Windsor Farms","4,400","0.68","5","4.1","Public Water","Sewer - Public","Cash","Individuals"
"1001","2324513","8724-75-6045","CLOSD","7317 Creighton Road, Hanover VA 23111","23111","Hanover","Single Family Residence","11/30/2023","$485,000","$483,500","6","Resale (occupied at least once)","1977","None","2,652","1.75","4","3.0","Well","Septic - Conventional","Cash","Individuals"
"1001","2324463","797-712-4214.014","CLOSD","5234 Old Main Street #UnitA, Henrico VA 23231","23231","Henrico","Townhouse","11/30/2023","$499,000","$505,000","28","Resale (occupied at least once)","2021","Village Of Rocketts Landing","1,974","","2","2.1","Public Water","Sewer - Public","Conventional","Individuals"
"1001","2324459","768-769-0694","CLOSD","3300 Trillium Court, Henrico VA 23060","23060","Henrico","Single Family Residence","11/30/2023","$539,500","$551,000","5","Resale (occupied at least once)","1998","Sheppards Way","2,776","0.38","5","2.1","Public Water","Sewer - Public","Conventional","Individuals"
"1001","2324184","E012-0281-008","CLOSD","1717 Mechanicsville Turnpike, Richmond City VA 23223","23223","Richmond City","Single Family Residence","11/30/2023","$135,000","$135,000","37","Resale (occupied at least once)","1949","Steinbach Gardens","840","0.12","3","1.0","Public Water","Sewer - Public","Cash","Individuals"
"1001","2324102","E000-0001-030","CLOSD","1101 Haxall Point #UnitU305, Richmond City VA 23219","23219","Richmond City","Condominium","11/30/2023","$259,950","$250,000","30","Resale (occupied at least once)","2005","Riverside On The James","693","0.02","1","1.0","Public Water","Sewer - Public","Conventional","Individuals"
"1001","2324074","W000-1170-024","CLOSD","2614 West Grace Street, Richmond City VA 23220","23220","Richmond City","Single Family Residence","11/30/2023","$899,999","$895,000","23","Resale (occupied at least once)","1911","None","3,018","0.08","3","2.1","Public Water","Sewer - Public","Cash","Individuals"
"1001","2323987","W000-0530-042","CLOSD","1406 Park Avenue, Richmond City VA 23220","23220","Richmond City","Single Family Residence","11/30/2023","$785,000","$785,000","4","Resale (occupied at least once)","1910","None","2,688","0.07","3","2.2","Public Water","Sewer - Public","Conventional","Other"
"1001","2323793","827-64-59-47-700-000","CLOSD","2330 Hubert Lane, Chesterfield VA 23836","23836","Chesterfield","Single Family Residence","11/30/2023","$95,000","$188,650","27","Resale (occupied at least once)","1954","Popular Hills","2,016","1.03","3","1.0","Well","Septic - Conventional","Cash","Individuals"
"1001","2323642","S007-1180-005","CLOSD","2102 Harwood Street, Richmond City VA 23224","23224","Richmond City","Single Family Residence","11/30/2023","$75,000","$100,000","30","Resale (occupied at least once)","1941","Richmond Summit","720","0.15","2","1.0","Public Water","Sewer - Public","Other","Individuals"
"1001","2323429","748-732-7671","CLOSD","210 Herndon Road, Henrico VA 23229","23229","Henrico","Single Family Residence","11/30/2023","$1,999,950","$1,850,000","23","Resale (occupied at least once)","1972","None","7,291","2.92","6","5.1","Public Water","Septic - Conventional","Cash","Individuals"
"1001","2323368","62-38-0-43-0","CLOSD","408 Powhatan Hill Place, Goochland VA 23103","23103","Goochland","Single Family Residence","11/30/2023","$645,000","$660,000","15","Resale (occupied at least once)","2005","The Parke At Manakin Woods","2,931","0.26","4","2.1","Community Well","Sewer - Public","Conventional","Individuals"
"1001","2322862","8704-79-1458","CLOSD","7511 Shadow Lands Ct, Hanover VA 23111","23111","Hanover","Single Family Residence","11/30/2023","$465,000","$454,000","26","Resale (occupied at least once)","2014","The Villas At Rose Hill","1,538","","3","2.0","Public Water","Sewer - Public","Cash","Individuals"
"1001","2322296","735-66-89-27-300-000","CLOSD","13106 Beech Hill Drive, Chesterfield VA 23112","23112","Chesterfield","Single Family Residence","11/30/2023","$435,000","$437,500","5","Resale (occupied at least once)","2019","Bayhill Pointe","2,144","0.35","4","2.1","Public Water","Sewer - Public","VA New","Individuals"
"1001","2322253","740-771-6010","CLOSD","1877 Grey Oaks Park Lane, Henrico VA 23059","23059","Henrico","Single Family Residence","11/30/2023","$1,150,000","$1,085,000","9","Resale (occupied at least once)","2016","Estates At Grey Oaks Sec. Iv","4,780","0.33","6","5.0","Public Water","Sewer - Public","Conventional","Individuals"
"1001","2321890","64-15-B-1-0","CLOSD","33 Dahlgren Road, Goochland VA 23238","23238","Goochland","Single Family Residence","11/30/2023","$1,065,000","$1,015,000","33","Resale (occupied at least once)","1988","Lower Tuckahoe","4,122","0.68","5","4.0","Public Water","Sewer - Public","Cash","Individuals"
"1001","2321843","743-751-5053","CLOSD","2105 Raintree Drive, Henrico VA 23238","23238","Henrico","Single Family Residence","11/30/2023","$580,000","$560,000","54","Resale (occupied at least once)","1979","Raintree","3,048","0.32","4","2.1","Public Water","Sewer - Public","Conventional","Individuals"
"1001","2321456","739-69-79-20-800-000","CLOSD","11801 Explorer Court, Chesterfield VA 23114","23114","Chesterfield","Single Family Residence","11/30/2023","$420,000","$440,000","2","Resale (occupied at least once)","2000","St James Woods","2,254","0.32","4","2.1","Public Water","Sewer - Public","Conventional","Individuals"
"1001","2321245","C006-0158-002","CLOSD","701 East Belt Boulevard, Richmond City VA 23224","23224","Richmond City","Single Family Residence","11/30/2023","$175,000","$185,000","30","Resale (occupied at least once)","1944","Woodstock","1,301","0.48","3","1.0","Public Water","Other - See Remarks","Cash","Partnership"
"1001","2320962","772-765-7388","CLOSD","10437 Park Tree Place, Henrico VA 23060","23060","Henrico","Single Family Residence","11/30/2023","$399,900","$399,900","31","Resale (occupied at least once)","1999","Mountain Glen","2,094","0.20","4","3.0","Public Water","Sewer - Public","FHA New","Individuals"
"1001","2320862","758-765-2574","CLOSD","5123 Fairlake Lane, Henrico VA 23060","23060","Henrico","Single Family Residence","11/30/2023","$379,500","$370,000","53","Resale (occupied at least once)","1987","Reids Pointe","1,426","0.18","3","2.1","Public Water","Sewer - Public","Cash","Individuals"
"1001","2320046","7777-87-5557","CLOSD","11310 Pine Willow Circle #UnitU-15, Hanover VA 23059","23059","Hanover","Single Family Residence","11/30/2023","$598,012","$600,799","17","New (never occupied)","2023","Chickahominy Falls","1,973","0.28","2","2.0","Public Water","Sewer - Public","Cash","Partnership"
"1001","2317882","820-686-4466","CLOSD","2788 Sanctuary Commons Court, Henrico VA 23231","23231","Henrico","Single Family Residence","11/30/2023","$436,350","$431,350","62","New (never occupied)","2023","Four Mile Run","2,448","","4","3.1","Public Water","Sewer - Public","Conventional","Corporate"
"1001","2315965","7870-18-8104","CLOSD","13105 Cabell Farm Parkway, Hanover VA 23005","23005","Hanover","Single Family Residence","11/30/2023","$794,990","$794,990","102","New (never occupied)","2022","Lakeview Homes","3,690","","5","4.0","Well","Septic - Conventional","Cash","Corporate"
"1001","2313679","728705799400000","CLOSD","13833 Randolph Pond Lane, Chesterfield VA 23114","23114","Chesterfield","Townhouse","11/30/2023","$423,285","$423,285","135","New (never occupied)","2023","Randolph Pond","2,156","","3","2.1","Public Water","Sewer - Public","Conventional","Corporate"
"1001","2311080","7725-01-7481","CLOSD","9242 Cerulean Place, Goochland VA 23238","23238","Goochland","Townhouse","11/30/2023","$637,945","$637,945","0","New (never occupied)","2023","Mosaic at West Creek","2,253","","3","3.0","Public Water","Sewer - Public","Conventional","Corporate"
"1001","2307228","775656993100000","CLOSD","6500 Bolles Landing Court, Chesterfield VA 23831","23831","Chesterfield","Townhouse","11/30/2023","$359,950","$359,950","204","New (never occupied)","2023","IronBridge Townhomes","1,743","","3","2.1","Public Water","Sewer - Public","Conventional","Corporate"
"1001","2306307","TBD","CLOSD","1606 Reed Marsh Place, Goochland VA 23063","23063","Goochland","Single Family Residence","11/30/2023","$649,030","$677,134","0","New (never occupied)","2022","Reed Marsh","2,997","","4","3.1","Public Water","Sewer - Public","Conventional","Corporate"
"1001","2303115","8717526106","CLOSD","7316 Arbor Crest Court, Hanover VA 23116","23116","Hanover","Single Family Residence","11/30/2023","$997,562","$1,015,136","17","New (never occupied)","2023","Arboridge","4,032","1.76","5","3.1","Well","Septic - Engineered","Conventional","Corporate"
"1001","2205497","TBD","CLOSD","1420 Ewing Park Loop #Unit203, Chesterfield VA 23113","23113","Chesterfield","Condominium","11/30/2023","$289,000","$289,000","601","New (never occupied)","2022","Promenade at Winterfield","960","","2","2.0","Public Water","Sewer - Public","Conventional","Corporate"
"1001","REIN10502106","(743) 751-5053","CLOSD","2105 Raintree Drive, Henrico VA 23238","23238","Henrico","Single Family Residence","11/30/2023","$580,000","$560,000","53","Resale (occupied at least once)","1979","ALL OTHERS AREA 150","3,048","0.32","4","3.0","Public Water","Public Sewer On Site","",""
"1001","REIN10481846","K20-0051-0243","CLOSD","11862 Knockholt Lane, New Kent VA 23124","23124","New Kent","Townhouse","11/30/2023","$341,915","$341,915","48","New (never occupied)","2023","MAIDSTONE VILLAGE","1,914","","3","3.0","Public Water","Public Sewer On Site","",""
